node,spread_mean,spread_std,spread_cv,spread_resid,spread_ignition,betweenness
0,56.62475,104.93907513319313,1.8532368819852296,0.15161293130591846,0.01275,14046.0981477686
1,3.95825,27.16041105947644,6.861721988120114,0.03128240366688462,0.0005,0.0
2,18.59575,63.456615237828906,3.412425701454844,0.029644892924195698,0.00425,586.9004500079906
3,178.08275,116.38581020314143,0.6535490394389205,-0.013460729869578802,0.045,195890.93391885757
4,166.082,120.5433882596357,0.7258064586146344,0.0017826304640347068,0.04125,118542.39770146742
5,200.20175,103.70352044157177,0.5179950746762791,-0.06356726437254467,0.045,111384.83339261371
6,4.53125,28.754551457028047,6.345832045688948,0.030118797874722825,0.0005,0.0
7,176.7915,116.90621580383737,0.661266043920875,-0.011523161239560764,0.04275,57309.52648965141
8,173.96725,117.63790565395647,0.6762071921810368,-0.008813480065279045,0.0415,222711.99083242813
9,176.43125,117.06534221119526,0.6635181817914642,-0.010932425067334162,0.043,72748.84892818604
10,29.41325,79.57409744183984,2.705382691196649,0.03144742042038695,0.007,447.67763671929384
11,18.16475,61.77405293358579,3.40076537984755,0.017974085613349233,0.00425,32882.051429871426
12,1.70775,11.48881360920425,6.727456366098228,-0.024967318861605747,0.0,0.0
13,3.77825,23.450353018700493,6.206670553483886,-0.0017834786607353603,0.0005,4108.450049971742
14,4.6835,27.74400404033361,5.923775817301934,0.014581339500719936,0.001,3643.5688655606946
15,83.5045,118.87720103948337,1.4236023332812409,0.010289795416997372,0.023,28654.725440692677
16,2.607,18.390679848127395,7.054345933305482,0.012530333105810865,0.00025,511.3261724012278
17,94.80175,122.58860647934267,1.2931048897234774,0.00908934416589613,0.027,95311.93200899428
18,2.94025,19.434906967611393,6.609950503396444,-0.023939070456133305,0.00075,3267.3653033494297
19,1.88725,13.589323193732495,7.200595148354746,0.015516820120713204,0.0,0.0
20,62.905,108.8298279786588,1.7300664172746014,-0.02806083296065509,0.01725,35486.28145711245
21,9.95775,41.21746820049376,4.139235088297433,-0.03386406703366451,0.00175,60283.913390067966
22,12.94975,52.06230254007158,4.020332634998481,-0.004810551140576269,0.00375,18277.24807799276
23,8.11525,37.05524578582041,4.566124985160089,-0.03757736688663749,0.002,38888.898010380726
24,2.45675,17.97145995128652,7.315135830380185,0.002515908424680191,0.0005,338.11643936492356
25,3.36,22.784680937449078,6.781155040907464,0.019995359199105556,0.00075,1239.1830239991532
26,1.7455,12.555641791051396,7.193149121198164,0.013596414400735446,0.0,0.0
27,5.425,29.258099461448687,5.393198057409896,-0.005364247784485743,0.002,15063.370982088794
28,2.90525,19.651153004113976,6.7640144580032615,-0.019133499432153922,0.001,2516.104633882788
29,6.08,32.13452593300911,5.285283870560709,-0.004114394213516226,0.002,11248.49606657426
30,91.90525,121.71388926555399,1.3243409844982086,0.005979376080050169,0.024,18224.831792572288
31,90.0865,119.99765988278412,1.332027105979077,-0.00018798728424673783,0.02425,94885.36215182989
32,11.42925,46.557382786304444,4.073529128009663,-0.016057557761407493,0.003,32750.150338979514
33,9.58075,43.256014034178314,4.514888086441909,-0.012898881111429228,0.00275,31876.870577821486
34,2.32025,16.435075840012626,7.083321124884225,0.0007296059343462336,0.0,530.5757380756432
35,2.7775,20.16083104753204,7.258625039615496,0.029805489589598055,0.00075,822.5436376024182
36,91.68975,122.16858960473024,1.3324127244837098,0.00759879603961755,0.0265,22245.61339736825
37,1.4545,9.903128179365053,6.808613392481989,0.031032988692464847,0.00025,0.0
38,16.4895,55.02812384002691,3.337161456686189,-0.032247304302080115,0.00575,143468.612388306
39,9.49775,42.86466306612526,4.513138697704747,-0.016845964240511657,0.0035,33572.701910419084
40,1.4115,8.616596148265021,6.104566877977344,0.02367530224823744,0.0,0.0
41,3.95775,25.096552037452117,6.341116047615973,-0.003039876051770918,0.00175,4742.7471527860525
42,1.96825,14.028344184102304,7.127318269580746,-0.007761615646502573,0.0,296.939168328088
43,13.396,52.29032657732586,3.903428379913844,-0.002912568510448299,0.00425,27602.42591761603
44,3.09375,18.77630417140403,6.069108419039686,-0.038911424407946926,0.00075,17646.74200392148
45,3.514,23.441708180518866,6.670947120238721,-0.0019436083486077393,0.001,2618.5731092528595
46,1.1655,3.9277813860567847,3.3700397992765208,0.7660933220721153,0.0,0.0
47,2.01525,13.630130687309583,6.763493704160567,-0.020268008439225715,0.00025,1889.299420191067
48,1.3855,5.092236489806521,3.675378195457612,-0.20475187157479635,0.00025,1304.4298081741156
49,13.16025,51.16386913940177,3.887758145886421,-0.012370543238437781,0.00425,43383.982255646515
50,4.52675,25.928890475255965,5.727926321368745,-0.014803866296186463,0.0,7146.70508618446
51,10.6495,47.70146231644039,4.479220838202769,0.029586314213980724,0.003,5909.033284209593
52,1.26025,5.908912653753432,4.688682923033867,-0.07035725444375274,0.0,0.0
53,4.6015,27.12504635544327,5.894826981515434,0.004782689504996718,0.00025,5156.756745514195
54,3.9135,25.458643981727445,6.505338950230598,0.0031813330340944024,0.001,3773.2051189743243
55,5.9515,30.64745445165212,5.149534478980445,-0.024691883278662674,0.00175,28373.40951024636
56,4.147,22.581748710932708,5.44532160861652,-0.04889636454766033,0.00075,14756.835911771997
57,7.8385,37.81393117751412,4.824128491103416,0.01865282490898368,0.002,27804.203990966555
58,4.112,25.755937142230305,6.263603390620211,0.008223421693949629,0.001,3311.128162989918
59,3.277,21.608875650452507,6.594103036451787,-0.0030154218408038336,0.001,2413.9843038621316
60,5.8595,30.730698880979396,5.244594057680587,-0.023513854403247603,0.0015,30634.511663486268
61,8.6825,40.71509699768481,4.689328764490045,0.0033284086171001537,0.00175,29253.50200474797
62,12.0555,50.38515739552118,4.179433237569672,0.01825650325450101,0.0045,36096.245186636996
63,7.06475,32.586692538061335,4.612575468071953,-0.04595872155221237,0.00125,64404.08471848207
64,19.408,64.1395471326123,3.3047994194462227,0.0342938789145788,0.006,36446.63913144109
65,4.52425,24.162023151594624,5.340558800153533,-0.045454503417252434,0.001,29174.63574725864
66,4.55275,26.2034419977726,5.755519630503016,-0.010229456982765006,0.001,24786.4681803183
67,12.05625,48.365348005151525,4.011641099442325,0.00048820070285460204,0.002,19568.273814613047
68,7.71475,36.102066730909755,4.67961589564273,-0.001466939904323672,0.00125,25326.321316436322
69,4.05425,25.70188618907023,6.3394921845150725,0.007311061325300683,0.00075,4911.416046380711
70,1.177,4.634980233015035,3.9379611155607774,-0.04300735000342537,0.0,0.0
71,4.47975,27.02689777311317,6.033126351495769,0.0032083994190570397,0.00175,5352.091468082487
72,1.11125,0.6111193043923995,0.5499386316242064,-0.04192798290532701,0.0,0.0
73,19.847,64.53507406787597,3.2516286626631716,-0.05952848813809819,0.0045,43738.66329710832
74,1.2245,5.850184263250047,4.77761066823197,0.05811430893572922,0.0,0.0
75,8.8345,40.00021392478429,4.527728102867654,-0.004364751174645631,0.002,45355.921417769285
76,8.25125,37.7154641691823,4.570878857043756,-0.02990760815101945,0.00125,42327.57232313751
77,6.05975,31.27263459250098,5.160713658566935,-0.015921821214345044,0.001,31595.99065144973
78,6.3165,32.08123484464539,5.078957467687072,-0.004835215103707435,0.0015,26881.279814406815
79,2.0895,14.365813025929791,6.875239543397842,-0.029097795931403603,0.0,534.5127306349149
80,2.9485,20.701243516291,7.020940653312192,0.003474897637808505,0.001,2266.371467683824
81,5.57775,28.694996177712063,5.144546847333076,-0.01380418849049514,0.00125,32930.26042457398
82,3.03675,19.73297359749031,6.498056671602967,-0.01732900171199092,0.00075,3930.330933869771
83,61.33975,107.7356652336093,1.7563760079493198,-0.03244927803322817,0.0165,51272.84254075684
84,1.18725,4.079503404154251,3.4360946760616984,-0.09844793647091366,0.0,0.0
85,3.05725,20.38975006993658,6.669310677876059,-0.003109634128217742,0.00025,1163.7693278907593
86,4.27975,25.342958712955788,5.921597923466508,0.0012033812355354279,0.00075,12215.32070532965
87,3.75225,20.739259850879215,5.52715300176673,-0.05513961048243754,0.0005,21543.09295466838
88,1.27125,6.00855216439685,4.726491378089951,-0.06309498874290731,0.0,0.0
89,5.3445,28.057167014957628,5.249727198981687,-0.023566542350140995,0.00125,26520.64562357806
90,1.30875,7.577451938611719,5.789839112597302,0.037658365777033076,0.0,0.0
91,4.879,28.75401810859392,5.89342449448533,0.030110742369825694,0.0005,3769.6556992813894
92,8.9435,39.17485130787032,4.3802595525096795,-0.013419708420320697,0.001,36674.915758654664
93,1.892,11.071584394080588,5.851788791797351,-0.07347123259085042,0.0,1540.6090786875252
94,4.07675,25.973361609846137,6.371095016826183,0.011874227131169812,0.00075,1963.550913905023
95,3.459,22.304118171805303,6.4481405527046265,0.010737465234321508,0.00025,2175.3972028226567
96,12.754,50.495662556146804,3.9592020194563906,-0.018079847745440247,0.0035,32183.60843502527
97,2.232,15.426557317420723,6.9115400167655565,0.0018410114964937385,0.0005,1102.9312931757227
98,11.16175,47.706839893045164,4.274136214576134,-0.005465466522803775,0.00175,15725.775747655445
99,1.867,12.937683599247142,6.929664488080955,-0.0058244814953187785,0.00025,384.15023331268446
100,2.54625,16.555055977166063,6.501740197217893,-0.0331367974311183,0.0,2670.8335074761762
101,85.2955,119.79509545876239,1.4044714604963027,-0.000921726152904423,0.0205,21330.086131288666
102,15.3315,55.10069082400256,3.5939530263837565,-0.03167496643816459,0.004,46081.25819360475
103,5.88525,31.79591683721952,5.402645059635447,-0.008714939137145494,0.00125,6672.494659834402
104,2.20475,15.49336433839115,7.027265829863317,0.003717728134550846,0.00075,6545.568169815347
105,16.8035,59.3873395748239,3.534224392229232,0.0008618599694099061,0.0035,27038.270452465033
106,8.345,40.16122141975367,4.812608917885401,-0.002620152656896746,0.00225,12978.687515944568
107,4.437,26.424356049829523,5.955455499172757,-0.006583387002266905,0.00075,6207.632342818443
108,26.8175,74.77157475169098,2.7881635033724614,0.004412226371116379,0.00725,56103.609986518575
109,10.707,46.56809313064532,4.349312891626536,0.019143076231480594,0.00375,12570.16684100942
110,12.37025,48.9863969047319,3.960016725994373,-0.031258425739394635,0.0025,54207.28699182302
111,17.64325,60.43576838232878,3.4254328642585006,0.008462037829368718,0.0045,28625.889202530772
112,17.78575,61.46747847166756,3.4559958658851926,0.01581338750741068,0.0055,40453.07410526133
113,83.4395,117.6470167275236,1.4099679016236148,0.0057721432202164635,0.02025,66364.98830230378
114,8.27,41.26360104490152,4.989552726106592,0.009140060704078357,0.00175,6866.645882226165
115,4.69375,26.716800103856883,5.691994695894942,-0.0018033584794490132,0.001,9547.312402684085
116,15.995,57.84962938433553,3.6167320652913744,-0.010531429310023821,0.0045,31074.669362727524
117,6.76725,34.52754140126841,5.1021524845791735,-0.020833349836051562,0.0015,16395.22108881849
118,3.114,20.57658506563324,6.607766559291342,0.0008517634424931586,0.0005,1925.106272077444
119,14.14725,56.09204174144655,3.9648724481045114,0.027567325828768308,0.00475,1947.9402760556975
120,86.18925,120.04058009546152,1.392755826224982,-3.267859902855719e-05,0.022,11051.394710515706
121,160.48625,122.67266996738407,0.764381185100805,0.009387053701983561,0.03975,34283.69978399725
122,179.65575,116.05755288145924,0.645999657018822,-0.014687355025310822,0.044,148635.58130735377
123,206.0485,99.23809599984483,0.48162493781728494,-0.08268234085547332,0.04825,179019.36250544453
124,197.55625,105.34694504657058,0.5332503782926158,-0.05673881805079173,0.04725,153013.33041814057
125,171.33875,119.02490802609407,0.6946759447357592,-0.0037229095276027913,0.044,214240.0023575685
126,181.261,114.92272920280764,0.6340179586497241,-0.018954832947545963,0.04475,111230.27248690714
127,201.7735,102.63083829918033,0.5086437926644496,-0.068082887801733,0.0475,178882.6156001074
128,153.4235,124.64223429236316,0.8124064064003439,0.01630446132401575,0.03925,29476.122902724714
129,152.387,124.1633414693774,0.8147895914308793,0.014632627671198772,0.03925,143595.2648500009
130,12.05775,48.44254932478029,4.017544676642017,0.0011808738244210026,0.00325,33589.578971250274
131,12.49825,49.470479369213265,3.958192496486569,-0.0269878040184528,0.00425,33466.501665163676
132,83.21325,118.79061232619229,1.427544439451557,0.00997334531373184,0.02175,104277.33436288581
133,29.49825,77.24604348926997,2.618665293340112,0.018551943305242347,0.009,100718.86392384264
134,4.09375,26.38308127724888,6.444722144060795,0.018671580553751177,0.001,1939.1188716456045
135,9.7195,44.58941997653099,4.587624875408302,0.0002864444584063097,0.0015,30284.799649847497
136,9.94525,43.929309105506334,4.417114613057121,-0.006191005594203602,0.003,22207.661550829136
137,2.3895,16.33107362488564,6.834515013553313,-0.0020273698200830026,0.00025,708.6461019176111
138,4.42575,23.190513942595807,5.239905991661483,-0.06327742606674591,0.001,19138.414162594698
139,1.7495,11.44143681401476,6.539832417270512,-0.026761935982609453,0.00025,1649.62100982151
140,2.59525,18.509945487709828,7.132239856549399,0.015337688755836743,0.0005,1104.2296447684707
141,75.0415,115.02704065901501,1.5328457008324063,-0.004008828979185086,0.019,35944.01399335867
142,17.65575,62.40481016733008,3.534531819227735,0.022386056139063415,0.0035,113.8484969534066
143,193.6135,108.06758194906129,0.5581613986063022,-0.04566533000103945,0.045,127044.9748948121
144,192.72375,109.14583885550731,0.566333100385953,-0.04135358103742526,0.0465,103312.00032006134
145,205.1545,100.0392227642379,0.4876287030712848,-0.07919045517968826,0.04675,113779.75213565746
146,174.5815,117.96751858715349,0.6757160328394102,-0.007598319829442701,0.04475,136472.99096969122
147,193.98875,107.91921405675708,0.5563168691831721,-0.04626199024366562,0.0465,81785.39859715356
148,188.494,111.3063508517595,0.5905034157679263,-0.032840819324007064,0.04525,100665.76635397732
149,197.884,105.46781693532049,0.5329779918301656,-0.05624080738436543,0.04625,121970.76202842173
150,8.42075,42.72278699440899,5.073513284969747,0.024232510719505607,0.003,98.65730552022558
151,9.15975,40.86933209038139,4.4618392522046335,0.004970475129594698,0.00175,27899.01626356621
152,17.334,59.55978749182638,3.436009431857989,0.002121129244575526,0.006,30904.093836852982
153,2.533,18.07614720493401,7.13626024671694,0.0050384184046741165,0.0005,278.2659573015208
154,1.53,9.780926164180839,6.392762198811005,-0.02607214392328816,0.0,0.0
155,75.8325,115.7750508933265,1.5267207449751294,-0.0011937950912987993,0.02025,15010.08637826564
156,4.8175,28.346491399177797,5.8840667149305235,0.023911512002442015,0.002,6755.3373490784015
157,3.017,19.930291395982707,6.605996485244517,-0.013007888055059702,0.0005,3560.9556971997026
158,10.60775,42.80166919243822,4.034943243613228,-0.01748467249253416,0.00275,88374.39532508353
159,3.84675,24.086340576934827,6.261478020909814,0.009837959337602342,0.00025,3477.5286270017573
160,10.27775,45.0515761773827,4.383408448092501,0.004764611252451756,0.0025,21003.47287937828
161,1.75475,11.240693516646727,6.405866087275525,-0.03444939579388295,0.0,378.6567501327883
162,14.355,54.52877517265959,3.798591095274092,0.015291819938950901,0.0045,34231.177400747685
163,7.6275,37.26949822072208,4.8862010122218384,0.012354541124786067,0.00125,12013.051059426321
164,4.987,28.333417136513162,5.681455210850845,-0.0193114041924507,0.00125,10928.943398556195
165,17.341,60.162468364005086,3.4693771042042028,0.006493636030903138,0.00525,40296.94365565776
166,1.8905,14.083486638576924,7.449609435904217,0.031029178654917722,0.00025,0.0
167,81.364,117.7435195163497,1.447120587930162,0.006128237663877822,0.02075,20889.374451464544
168,2.503,18.16758118879789,7.258322488532916,0.007229658690983687,0.0005,385.18050259185134
169,7.2935,35.37380647168288,4.850045447546841,-0.010317209042252085,0.00125,39764.388465168784
170,2.529,18.65041872263549,7.374621875300708,0.01862113565816692,0.00075,545.1562466555189
171,3.13075,21.27848321425836,6.796608868245105,0.015419130566935335,0.0,2254.0245043892182
172,83.03125,118.60903127086172,1.428486639317868,0.009308983189746378,0.02075,13372.003954462705
173,75.748,115.94432615566802,1.5306585804993929,-0.0005592747816796084,0.0215,17685.93964897671
174,187.2085,112.08900041374906,0.5987388415256202,-0.02979776784806898,0.04375,104443.16602940884
175,151.68925,124.32943793294362,0.8196324916429056,0.015213206217639552,0.0375,132143.98303579594
176,183.667,113.5120053335272,0.6180315752613545,-0.0243189679775071,0.0435,117565.68275483749
177,191.275,109.80859418478687,0.5740875398498856,-0.03872443252081759,0.046,105612.33678945765
178,16.51825,57.78970132586197,3.4985365475072707,-0.010981560373154897,0.005,44035.347021072586
179,190.541,110.21552832823134,0.5784347113126904,-0.037117977260484825,0.0455,127209.5022224871
180,110.5695,125.40243463507039,1.1341503274869686,0.01894520413700107,0.028,93809.55945537293
181,5.8745,31.663431478177525,5.389978973219427,-0.010528312437899867,0.0015,30689.848927716917
182,3.67425,23.100401383385492,6.287106588660405,-0.008313337490347461,0.00025,6248.930109555551
183,32.92625,83.54252898658784,2.537262184019979,0.05258331704817221,0.0105,13114.925351013788
184,3.51425,22.555686349215158,6.4183499606502545,-0.018676816751590053,0.0005,6489.932110798868
185,1.22775,4.925235468848764,4.011594761839759,-0.016628237972922455,0.0,0.0
186,1.4725,10.275316991938555,6.978143967360649,0.047055817065616234,0.00025,0.0
187,4.66925,28.317756413062945,6.064733396811682,0.02347104213091611,0.00075,8142.668665853309
188,1.77325,12.626428280011634,7.120500933321097,0.01603801371593927,0.0005,393.51586394062167
189,1.17625,3.8698746646345024,3.2900103418784292,-0.121358336778284,0.0,0.0
190,5.271,29.04709094510315,5.5107362825086605,-0.008507715243530445,0.001,17929.27531189445
191,4.39925,23.878659866850974,5.427893360652605,-0.05057785014776517,0.00125,47226.840372306506
192,7.055,36.87627882507936,5.226970776056607,0.007748085530152604,0.001,11621.16860263365
193,5.866,31.91774161116963,5.441142449909586,-0.007054136952771017,0.00125,19222.747761846455
194,2.478,13.046458083216658,5.264914480716972,-0.13657482772172824,0.00025,21426.47414861881
195,68.3455,111.71129523517655,1.6345084202350784,-0.01671168840457593,0.01775,13335.989801740074
196,29.78525,79.49113058950728,2.668808574361715,0.030994372952220184,0.006,31713.40774508075
197,3.3575,18.381108781572728,5.474641483714885,-0.07327588690591536,0.0005,23341.29404117514
198,8.14075,38.14944015819361,4.686231631998724,-0.024938896075111572,0.00325,38354.641084003284
199,6.065,31.751091445050957,5.235134615836926,-0.009327632770504746,0.00125,15731.222410356826
200,2.39825,13.826747328020362,5.765348620043933,-0.07432207999264495,0.0,5899.453179890525
201,3.99275,22.613967925241045,5.663757541854873,-0.0482771629773715,0.0005,16277.968677504048
202,6.31875,31.98200057106547,5.061444205114219,-0.006180664849445794,0.00225,34854.48325773125
203,2.687,16.56825753630862,6.166080214480321,-0.05542610396750791,0.0,13717.780142919592
204,1.85725,11.700623854613342,6.299972461765159,-0.04947198932793562,0.0005,1732.518587119438
205,1.29525,4.276230697091036,3.3014712967311612,-0.2108036978865211,0.0,203.83692994148993
206,1.83225,11.221568109458177,6.124474339996277,-0.06762745766925948,0.0,1687.1947666438875
207,1.19025,4.680548239304357,3.93240767847457,-0.038758510748007846,0.0,0.0
208,6.0275,30.753279252726838,5.1021616346290894,-0.02319485971266988,0.0015,33161.81454662969
209,4.85875,26.947956258761646,5.5462734774914635,0.0019380342041330767,0.001,18624.99810395312
210,1.48875,9.96780882344185,6.695421543873619,0.03386028828218979,0.0005,0.0
211,10.894,46.059989629407916,4.2280144693783654,-0.02072228046939184,0.002,33290.615202172776
212,2.53025,17.079754519345713,6.7502240961745725,-0.01958582653741825,0.0,1571.1619296728593
213,3.8125,25.304504010764717,6.637246953643205,0.031264965620498186,0.0015,1016.4254984222213
214,4.18725,26.57549155943134,6.346764955383926,0.021827371468223777,0.002,4333.091060838507
215,4.8505,27.061554494945792,5.579126790010471,0.0037649405838118266,0.001,9134.744041291224
216,1.487,8.368741838531642,5.627936676887453,-0.04207924078846148,0.00025,396.6666329523024
217,1.4105,8.657957600234125,6.138218787829936,0.025755018453055167,0.00025,0.0
218,6.497,33.65505395426021,5.180091419772235,0.015963999589138522,0.0015,17906.202658782237
219,21.8195,67.3697045341766,3.087591582491652,-0.04085965832031824,0.0065,48610.72996074041
220,1.65125,11.160208824334367,6.758642739945112,-0.002607448762010023,0.00075,401.9363421164345
221,3.2685,21.504046450690115,6.579178966097634,-0.005127402680971782,0.0005,1800.9246902109414
222,15.7675,57.53885316597745,3.6492058453132996,-0.012870808771585418,0.00375,19092.570062099905
223,2.27675,14.971562923141674,6.575848434453355,-0.03977496662928348,0.0,1173.3889090490661
224,4.062,23.988362102884278,5.905554432024687,-0.02265333896059185,0.0,5642.549836356754
225,7.2295,36.30910240531112,5.0223531925183105,0.0010165083547082343,0.00175,17935.052112211444
226,17.93925,62.435988200661555,3.480412403008016,0.022602979585420346,0.00425,21988.900401505703
227,5.33,29.56782311975318,5.547433981191966,-0.0007910082067352775,0.00075,12963.86857158565
228,15.09075,56.09057454310523,3.7168844850723275,-0.02394212171639909,0.0025,32939.38310327065
229,16.465,57.81863906869426,3.5116088107315067,-0.01076414522386071,0.00275,36228.682190680454
230,4.6935,28.065227096765103,5.979594566265069,0.019580761230417965,0.00075,4338.580721497187
231,4.36775,26.53963258905425,6.076270983699674,-0.004692893283076538,0.0005,4703.367534961382
232,2.03275,14.341098082470978,7.055023038972317,0.001814377705914083,0.0,403.0401568843144
233,1.8215,13.395558890897382,7.3541360916263425,0.009279830569173697,0.0,0.0
234,1.93725,13.494400214414371,6.9657505300887195,-0.024614442125528546,0.0,547.1226415372969
235,4.45725,27.360095324057905,6.13833536913072,0.008529806614969715,0.00075,2961.891306969509
236,11.86325,49.39301030312083,4.163531098402278,0.009619379136299289,0.004,31301.083382893394
237,1.745,12.938308427156892,7.414503396651514,0.026634997262047433,0.00025,0.0
238,148.767,124.9909752621134,0.8401794434391592,0.01751789264251924,0.03825,95759.41060411774
239,1.851,14.001993177874295,7.564556011817555,0.028508854284230223,0.0005,0.0
240,3.7235,24.013750494314724,6.449241437978978,0.00852713037432773,0.0005,2798.2315749906697
241,5.26075,29.68997529631465,5.643677288659346,0.0009994765156839946,0.0025,14800.214672095402
242,1.355,7.7901955550998,5.749221811881771,-0.020112076419263825,0.0,0.0
243,19.77675,64.89309044678357,3.281281830775207,-0.057125843629613815,0.006,31580.705361443193
244,10.039,44.00829650804931,4.383733091747118,-0.005410820551629447,0.00275,27577.946301368065
245,1.68625,12.540559291528274,7.436951396013802,0.04803713611319549,0.00075,0.0
246,91.975,121.52543142330602,1.3212876479837568,0.005306407440727856,0.02075,23237.15751159099
247,166.65075,120.75913616235904,0.7246240185679276,0.0025592336000945792,0.03975,119661.4167373326
248,157.12525,123.01962656246113,0.7829398938901363,0.010613640265687785,0.03975,180492.65717300455
249,200.29025,103.63323051296885,0.5174152536779442,-0.06386172764694775,0.04675,137049.4581086395
250,132.573,126.56938066938132,0.9547146151130419,0.02296789092976015,0.03425,89913.08372699383
251,187.9245,111.68704176660175,0.5943186852517993,-0.03135797606749113,0.0445,195746.80979360652
252,137.6475,126.71481525398366,0.9205747670969953,0.023466630650032627,0.0375,161456.60317525876
253,15.4155,56.14183231854853,3.6419079704549664,-0.023545427549359177,0.005,48288.174306185734
254,2.08875,15.916900149372402,7.6202992935355605,0.015430486218078965,0.00025,0.0
255,8.07225,36.59335046510589,4.533228091932966,-0.043024890107220104,0.0015,47154.85210870189
256,8.82475,42.23557148082736,4.786036032842557,0.019251309752463586,0.0035,6547.097514526945
257,12.18875,48.12805523665708,3.948563653915051,-0.0016478032980768997,0.00325,80868.04180606222
258,11.8315,50.75441961571063,4.289770495348065,0.02142774960365368,0.002,484.59761253252606
259,1.70275,12.50001820203726,7.341076612560423,0.01166814290723206,0.00025,0.0
260,6.1015,32.64087245140051,5.349647209932068,0.002675466862507747,0.00125,10526.229999593405
261,22.147,69.02973031177747,3.116888531709824,-0.03028812430381378,0.00875,12817.00680623183
262,8.582,39.43696989689576,4.595312269505448,-0.010523526219009982,0.00225,36475.149110619255
263,64.79925,109.96614518891451,1.6970280549375882,-0.023549774334036044,0.0165,40960.06610084935
264,193.555,108.35311289607036,0.559805289948957,-0.04451937132332118,0.04775,174402.0014373082
265,91.84525,121.3246871925417,1.3209685551788657,0.004588416178883836,0.02625,21596.144072772353
266,188.723,110.64212891648819,0.5862673278640557,-0.03544024043959215,0.0445,166374.25746862867
267,8.73775,40.11910842295306,4.591469019250157,-0.0030757921352191353,0.0015,31439.4003551207
268,5.91925,32.48013961338261,5.48720523941084,0.0005315958091320905,0.0015,5479.577566304875
269,4.5895,29.66371476641852,6.463387028307771,0.043637736953369366,0.00125,943.0361203248575
270,3.181,17.498608211007255,5.500977117575371,-0.09464408464584295,0.0005,27740.194672333666
271,2.29225,14.600107216050844,6.369334590926314,-0.050686061506654,0.0005,3197.274081348324
272,2.019,11.977499911335064,5.932392229487402,-0.07640185204559868,0.00025,1205.928998741946
273,1.24425,6.252228764899134,5.024897540606095,0.08697962384969593,0.0,0.0
274,2.89925,16.98938666498332,5.8599246925871595,-0.08234383585974347,0.0005,7383.437122028244
275,2.729,18.398170620215005,6.741726134193845,-0.00992829847755572,0.0005,2657.5500652816377
276,5.489,29.074261936922735,5.296823089255372,-0.00810166094198439,0.001,21658.26400617926
277,1.2795,7.611199796391181,5.948573502455006,0.03958829777951478,0.00025,0.0
278,1.19725,4.37951338299907,3.6579773505943374,-0.06762937852916107,0.0,0.0
279,19.5255,64.09838141774793,3.282803585964402,0.034015052772806254,0.00525,47584.00132995052
280,17.0675,60.091194709960774,3.520796526143886,0.005978828290501337,0.00575,33068.82059922096
281,7.41725,37.00146523510773,4.988569245354778,0.009219917671556832,0.00225,17043.88999701457
282,8.093,39.86415230077852,4.925757111179849,-0.0058445317693389676,0.0035,5071.9398330504955
283,5.147,28.004275581823496,5.44089286610132,-0.024386016958766854,0.0015,13314.940083813852
284,6.49375,32.82626009425143,5.055054489971346,0.005135114700490329,0.0015,26600.20195394221
285,22.81175,69.44076840744746,3.044078968402138,-0.02770978302861926,0.00875,36577.59393153738
286,2.94625,21.425501720344663,7.272126167278629,0.018409464058620317,0.0015,515.86855194124
287,2.268,17.54674180687142,7.736658645005036,0.0291543791151454,0.0005,0.0
288,7.1465,34.03853982324042,4.7629664623578565,-0.027028082972295753,0.00125,41452.19037667164
289,15.4765,55.6554159905599,3.596124187675502,-0.02732457709638858,0.00475,48927.78594678435
290,7.2615,36.95299715516575,5.088893087539179,0.008650664052488377,0.0025,11797.200326098033
291,3.11925,22.402042145986997,7.181868124064117,0.03776607343823746,0.00125,465.3074529762394
292,7.8435,40.53043531467062,5.167391510763132,0.04878226375168393,0.00275,3640.062036544582
293,2.75325,19.41583395297566,7.051969110315322,0.013453108629641664,0.00075,505.06045439543175
294,2.52575,17.438172478856565,6.904156182859176,-0.010566482086964202,0.00025,1702.3741312436832
295,3.47925,22.448909947410737,6.452226757896311,0.013547665626169048,0.00075,5010.623966977157
296,5.899,31.224294037408335,5.293150370810024,-0.016593663526468294,0.0015,15345.88395421088
297,2.4075,15.415669121501537,6.403185512565539,-0.027079726402069237,0.0005,3963.642196481437
298,76.59575,115.75251614192149,1.5112133002408292,-0.0012783355055785428,0.0195,42851.933452645884
299,25.79825,74.36403061426807,2.8825222879175167,0.00203862001250088,0.006,18819.690320376303
300,4.7495,25.510359549819952,5.371167396530151,-0.021871219825972954,0.001,26378.273786776597
301,2.62275,17.024361652053653,6.491034849701135,-0.02099661446904344,0.001,8950.308088762946
302,2.0925,11.94209349943666,5.707093667592192,-0.10934753850703283,0.0,3996.5339124950415
303,15.103,54.64365354932176,3.6180661821705464,-0.03529228111740035,0.00375,43004.07775019256
304,1.17525,4.378450655772685,3.7255483137823315,-0.06773477667201921,0.0,0.0
305,3.3475,18.502806063082758,5.52735057896423,-0.07040999537358728,0.001,25590.97339772701
306,1.28175,5.919934826042102,4.618634543430546,-0.06954789917948911,0.0,0.0
307,13.4305,51.50754242323759,3.835117264676489,-0.009463093814617629,0.004,45202.28721538144
308,4.14875,24.23656279635265,5.841895220573101,-0.01818290614679574,0.0005,7922.157789367154
309,7.7065,37.683933943649876,4.889889566424431,0.017157229317386058,0.0015,12582.880275541409
310,10.76275,47.582317951975824,4.421018601377512,-0.006600521630615308,0.003,26317.748283823552
311,74.424,115.12357527194789,1.54686089530189,-0.0036445071024138187,0.01975,54936.12847241721
312,2.465,17.478805799111132,7.090793427631292,-0.009555693891409422,0.00025,1654.7148589328206
313,2.189,15.871602185632828,7.25061771842523,0.014192763924540719,0.00025,746.3560686335992
314,86.49075,119.84119447172831,1.3855955055509208,-0.0007546350399092461,0.02075,31555.844644749162
315,4.15375,26.217788885621395,6.31183602422423,0.01594212723298516,0.00125,2382.85925799554
316,2.121,15.875889580350826,7.485096454667999,0.014310064018218327,0.00025,419.6467718644742
317,1.3915,8.860719826230808,6.367746910694077,0.03580856828837009,0.0,0.0
318,3.35525,22.73858632950972,6.777017011999022,0.019115868691642834,0.00075,2665.694327369122
319,1.4555,9.591168718114849,6.589604066035623,0.017132119120012668,0.0,0.0
320,1.62625,11.927243005780078,7.3342001572821385,0.0262602979203177,0.00025,0.0
321,5.97975,30.371655359888187,5.079084470067843,-0.02861782843611138,0.0015,28800.11025508149
322,6.79125,35.384589735295556,5.2103205941904,-0.01018483996179853,0.0015,7321.708507187699
323,2.93375,20.967421613774604,7.146969446535869,0.009023491575738118,0.0005,589.6787237968136
324,3.0485,20.6976628164031,6.789458033919336,0.0033997711021436228,0.001,2729.082563509379
325,11.24,45.28380014573545,4.028807842147282,-0.02810325129077218,0.00525,74400.4051019294
326,19.11275,63.165010029766584,3.304862462480103,0.027644559152172565,0.00675,78645.13797827085
327,16.63975,58.239423310541,3.500017927585511,-0.007614944361730602,0.00525,43525.98754630345
328,1.6755,11.670979080101723,6.965669400239763,0.016827520855568157,0.0,0.0
329,2.705,18.762222156372125,6.936126490340897,-0.0014186665871760429,0.00025,1535.2401065248348
330,3.61075,21.52645073991215,5.961767150844603,-0.038960433898489244,0.0005,7065.467946390852
331,8.254,38.890713620367976,4.711741412692994,-0.016581152901457674,0.00175,24667.194525467923
332,1.59925,11.05423893749008,6.912139401275648,0.027076723256694857,0.00025,0.0
333,1.2935,5.790011987008528,4.476236557408989,-0.07918536183417235,0.0,0.0
334,10.893,46.24792718265515,4.2456556671858205,-0.018953843743373833,0.002,18707.53384881641
335,11.0295,46.22820450193657,4.191323677586161,-0.01913909049576823,0.003,33692.10020876845
336,3.85175,24.843159371935663,6.449836923978883,0.02327396184731123,0.001,2534.3324562098205
337,4.9175,28.65879490455496,5.827919655222157,0.028670124925272544,0.001,4084.378459782576
338,4.29475,25.979137809747158,6.049045418184332,0.011970798875811317,0.0015,7387.312776870179
339,65.61075,110.36446807460655,1.6821095334927059,-0.021979501214292263,0.0155,28550.421029844663
340,14.371,54.34749093971921,3.7817473341951993,0.013845576095535828,0.004,12930.04505978843
341,12.30025,48.60864943749758,3.9518423964958096,-0.034620368091403675,0.003,36025.03678754406
342,4.24725,25.039166467793017,5.895383240400969,-0.004034067333777758,0.001,4271.1543228759165
343,83.575,119.0268151328942,1.4241916258796792,-0.003715950989779948,0.02075,17089.105121078854
344,4.836,29.13646061782957,6.024909143471788,0.03584899471817593,0.001,3536.5129089101983
345,77.12625,116.21682278574004,1.506838758344144,0.0004602225602585719,0.01975,26059.47927862991
346,20.392,65.06319344133975,3.1906234523999486,-0.055988925400340506,0.0045,35443.85109169931
347,6.8795,35.83824876816238,5.209426378103406,-0.004652224769008395,0.0015,5617.414775876595
348,16.00925,57.837573952212665,3.612759745285548,-0.010621942478565849,0.00275,18121.54147284544
349,10.7685,46.36559446224602,4.305668799019921,-0.01785028398630928,0.0035,20546.837366627624
350,17.08425,59.740454320402534,3.496814570168578,0.0034365107643956616,0.00475,45246.29131015147
351,71.98625,112.95995329628849,1.569187911528778,-0.011884271520825607,0.0185,72332.99388925591
352,185.431,112.95404770623895,0.6091432808227262,-0.02645896561260308,0.04425,155819.35663495457
353,198.96775,104.52733231426929,0.5253481145274512,-0.060130897356358126,0.0465,125250.67784563907
354,7.13175,38.04198588546644,5.334172662455419,0.021264175571498622,0.001,1426.412918713607
355,18.7085,62.66814064349547,3.3497148698984667,0.024214799139949283,0.0055,32538.390143269444
356,12.044,48.2434961702682,4.005604132370325,-0.0006073430439683669,0.0035,44007.20884156591
357,5.7975,34.038766916022254,5.871283642263433,0.020887527456197263,0.002,559.8918910135925
358,5.50175,33.12592381571662,6.02097947302524,0.04855763899393106,0.00125,0.0
359,12.423,50.319917473338826,4.050544753548968,-0.0195940025412924,0.00325,16708.128489302995
360,3.944,23.10330722431694,5.857836517321739,-0.03897978149281722,0.0005,16529.147010142013
361,1.275,5.3072042173022735,4.162513111609627,-0.11699902539628215,0.00025,324.05011741075504
362,1.24425,6.039636681151447,4.854037919350168,0.07195557776356298,0.0,0.0
363,6.0555,30.337740759301685,5.009948106564559,-0.029103055645222087,0.001,30871.435747532094
364,10.1745,44.69339911811567,4.392687514680394,0.0012980072270771803,0.002,22012.955720143524
365,2.798,17.137710502874064,6.124985883800595,-0.0407501382818225,0.00025,3919.4833095145254
366,89.62625,121.31230040476056,1.3535353805917414,0.004544074105238938,0.0225,430.7347211064053
367,210.48825,95.58418512520265,0.4541069875644016,-0.09897472202648516,0.0465,131959.86818022552
368,167.908,120.37801606891588,0.7169284135890839,0.0011864174262616878,0.0435,75914.1836813358
369,186.04275,112.62888057075838,0.6053924733468967,-0.027710996442430247,0.044,110401.64858284056
370,15.86975,58.22591647432283,3.6689876320876404,-0.007715677240279106,0.0035,27433.14940058062
371,84.8315,119.35117210702553,1.4069204494441985,-0.0025340756614462556,0.0195,9193.50272630034
372,4.28625,24.744522298550155,5.773000244631124,-0.009174860800037932,0.00025,16340.923096857203
373,2.1825,16.140703960208267,7.395511551069079,0.021494466474749174,0.00025,428.42946363643756
374,1.41375,9.089621347534804,6.429440387292522,0.04688535570012842,0.0,0.0
375,2.4205,18.497776127967924,7.6421301912695405,0.015052068039728805,0.0005,0.0
376,4.96225,29.480978731450577,5.94105067891593,0.04095409791614668,0.00125,6061.6530449234615
377,71.03875,113.84113360012866,1.6025216322095852,-0.008509563979705703,0.01875,9425.051220759831
378,86.0105,119.63700574251999,1.3909581474647863,-0.0014952290461458517,0.02225,15816.901680588575
379,1.83975,12.112111531394403,6.583563816493764,-0.03446114616434848,0.0,1186.2639545494528
380,10.521,45.513019211313946,4.325921415389597,0.009190267806670205,0.002,33376.766533117036
381,12.3805,49.08970533159051,3.965082616339446,-0.030343497529779828,0.00275,43490.293934143665
382,10.58725,45.656122347549996,4.312368400439207,0.01055364476488796,0.00225,28235.127110645688
383,4.60875,29.170368544770902,6.329344951401335,0.036354116585887386,0.0015,1180.5141816255782
384,1.74675,11.821592614808193,6.767764485363213,-0.01256651350265603,0.0,0.0
385,11.99075,48.0821446859112,4.009936383121256,-0.0020622853463325708,0.0025,44285.418026200576
386,8.33525,38.59154291076684,4.629920267630466,-0.019934922908351194,0.00125,28637.461079370983
387,11.8375,47.85967228061327,4.043055736482641,-0.004076395860876936,0.00225,44059.416776612954
388,2.722,18.585036101437176,6.827713483261269,-0.005539531511100426,0.00075,1095.3353240823178
389,7.718,36.315240260375425,4.705265646589197,0.0010899172557365944,0.001,32056.64715918735
390,177.54175,116.82996433740477,0.6580422032417996,-0.011806519958467376,0.0455,143845.3920630354
391,88.55375,120.9803090165087,1.3661793997036682,0.003353925395922275,0.023,41813.05164406707
392,17.1995,60.26758453087611,3.504031194562406,0.0072517754110115185,0.005,33829.007471457124
393,11.36675,50.23978257691651,4.419889816958807,0.01700163491925899,0.0035,643.189286793694
394,11.14625,49.813117726276715,4.469047233488995,0.013297608090965474,0.00175,0.0
395,11.463,50.687650769049476,4.421848623314096,0.020856047039905734,0.00225,0.0
396,11.4565,49.092821614096586,4.285150055784627,0.00697187761502871,0.00275,2701.146277075919
397,11.63,49.825628428671905,4.284232882946853,0.013406668657325316,0.00125,1429.269620373033
398,28.029,77.09180530777188,2.7504301012441355,0.01768391496423627,0.006,31525.699477213955
399,11.699,50.31983625251696,4.301208329986919,0.017693102872668343,0.00375,19349.541130053734
400,3.0435,20.49506329960739,6.734044126698667,-0.0008722725309149304,0.0005,2086.293786788182
401,86.18875,119.50910731036372,1.3865975235789325,-0.001959761694544593,0.01875,14699.227606996435
402,3.68,24.803515952398772,6.740085856630101,0.02258038380223759,0.0015,1175.6469461448796
403,1.55325,11.067397447415754,7.125316238477871,0.027593382044981407,0.00025,0.0
404,9.772,46.45353052917137,4.753738285834156,0.018073347950031238,0.00225,1059.83377648672
405,2.0575,14.778051003020053,7.182527826498203,0.01484913273128119,0.0,202.0149361363872
406,4.3755,26.3764275202724,6.028208780773032,-0.007371826120853742,0.00025,6248.988342231896
407,5.12325,27.721339751298128,5.410889523505222,-0.028796144154239478,0.00075,10595.118446530098
408,1.34975,7.810901195244404,5.78692438988287,-0.01895929201150104,0.0,0.0
409,81.41,118.06404482174035,1.4502400788814687,0.007308882208192369,0.021,23534.913506317058
410,4.36425,24.880480934266124,5.700975181134473,-0.03272902862383953,0.00075,22616.369026710014
411,10.53275,45.20544558474265,4.291893910397821,0.00624537580646467,0.00375,34268.33233895561
412,9.99775,40.653836578417,4.066298575021079,-0.03984384153872811,0.003,65141.798542799705
413,3.0195,19.162813548792265,6.346353220331931,-0.03006226251499111,0.0,9057.000619458946
414,2.35125,16.215952414695813,6.896736805824908,-0.0050996452885960775,0.00025,1711.7993257176129
415,16.42975,58.784508754899775,3.577930811783489,-0.003569117008139333,0.004,24831.231610326053
416,8.3955,38.78939589705561,4.620260365321376,-0.017714049169977653,0.0025,50949.50223585929
417,1.19825,4.653155907819511,3.8832930588938126,-0.041307632163691155,0.0,0.0
418,5.2985,28.616238747082182,5.400818863278698,-0.014997809221475311,0.0015,35898.39570279718
419,1.26,4.074929602191394,3.2340711128503123,-0.2317447143371132,0.0,368.81948957723273
420,3.856,25.247883632236917,6.547687663961856,0.030292116289857507,0.00075,1545.6786875427504
421,84.84075,120.00439847501772,1.4144664972317869,-0.0001635997148765611,0.02075,2174.0280365603685
422,180.76475,114.84160202568778,0.6353097162233664,-0.019261521863370046,0.04325,160425.02153796516
423,164.42725,121.22354967037623,0.7372473216597385,0.004226232797106988,0.04175,72316.45034715671
424,177.6355,116.06077143210946,0.6533647352703117,-0.014675311178351969,0.04375,276142.65754298255
425,82.24425,118.84396730199863,1.4450124756684952,0.010168365516603384,0.02,5944.835332610679
426,80.28325,117.73319113789185,1.4664726594637345,0.0060901399873674045,0.0195,5665.329418718245
427,199.878,103.98058042863855,0.5202202364874501,-0.06240852670880015,0.04775,153796.82409290434
428,9.33225,43.03971380223786,4.611933221060073,-0.015076003809045613,0.00225,11240.698037414431
429,2.4955,17.01200552060098,6.817072939531549,-0.02131193601414738,0.0005,624.768368383429
430,4.7995,26.117672809005004,5.441748684030629,-0.011653322621049345,0.0005,16179.051791948406
431,5.082,27.73409582116847,5.457319130493599,-0.02859634801898303,0.001,16197.966029815601
432,4.99675,28.287961956199826,5.661272218181784,-0.020008700462558204,0.001,8249.74247581178
433,8.71625,41.8204671638894,4.797988488614874,0.014961814726855094,0.00175,6860.800434984175
434,87.6205,120.62220528929247,1.3766436540454854,0.0020665001634796454,0.02275,16058.758365098165
435,17.0775,60.884905655541345,3.565211866815479,0.011677627126680301,0.0035,18474.860500978004
436,2.60525,18.362004608451937,7.048077769293518,0.011852641064021396,0.00025,960.7105198797161
437,6.893,35.414730011330654,5.137781809274721,-0.009815069280308952,0.002,9610.199118279997
438,6.9265,34.24628884747888,4.944241514109417,-0.024385489149294726,0.00125,22509.21122291916
439,9.68275,44.747493639132976,4.6213620757670055,0.0018233363940678426,0.00375,29987.480192273964
440,19.3885,62.69202613000373,3.2334644830700534,0.024380295651012185,0.0045,37605.53395219686
441,1.441,9.620819042044182,6.6764878848328815,0.01847263447465397,0.00025,0.0
442,5.71125,31.313511579498073,5.482777251827196,0.024121413549008652,0.0025,16590.806366051842
443,4.12725,25.316126955134788,6.133897136140235,0.0007433300799561948,0.001,3512.984902476221
444,1.5015,10.769261441621682,7.172335292455332,0.0674465086990289,0.0005,0.0
445,1.6005,11.703787609620347,7.312582074114556,0.051874307611737835,0.00025,0.0
446,1.72475,11.089464887692905,6.429607124332747,-0.04033191234475275,0.00025,609.6750356348584
447,1.4285,8.910681108055229,6.237788665071913,-0.014828510020486463,0.0,0.0
448,34.69575,85.25987915594251,2.45735800943754,0.06142041178365387,0.011,44428.62767338796
449,75.26675,115.65292254872341,1.536573886194414,-0.0016521638034285857,0.0205,16496.092135262686
450,5.04,27.695986476685192,5.495235412040713,-0.029193521248380705,0.002,23417.367299064146
451,4.96125,28.00757673427195,5.645266159591222,0.018687734970918024,0.00125,14883.50350667979
452,3.25175,19.342786970585376,5.948423762769393,-0.051128543378402336,0.0005,8026.439729775765
453,3.90425,23.093525275819548,5.914970935728897,-0.03916370086946097,0.00025,7389.119678156945
454,2.0795,14.924555783718837,7.176992442278835,-0.012526592031324446,0.0005,313.4240637912572
455,10.24075,45.522602806507784,4.445241101140813,0.00928170679357665,0.0035,20930.846290896396
456,2.18875,14.571829260236937,6.657603317069988,-0.02291393170929945,0.001,2797.782685779177
457,1.26525,6.67997364886175,5.279568187205493,-0.017090075402938165,0.0,0.0
458,7.131,32.997796178505006,4.627372904011359,-0.040514068877097964,0.002,43078.46788505327
459,16.70775,59.598094123413766,3.567092763742201,0.002400361454250488,0.0045,25163.712001519474
460,1.91075,11.309321802274745,5.918786760316497,-0.0642444455097595,0.00025,1420.0535277081904
461,1.288,5.594182667729933,4.343309524635041,-0.09412818132507628,0.0,0.0
462,3.25875,19.704501142602407,6.046644002332921,-0.04308214783164255,0.0005,9200.476988916449
463,2.96725,18.43985315786492,6.21445889556489,-0.046764078203923365,0.00025,4139.117532755826
464,4.23375,26.40806614326117,6.237511932273085,0.019082664259280735,0.0005,1626.608707427476
465,3.196,22.577389544180196,7.064264563260386,0.016026134076042586,0.0005,218.77301294520305
466,5.1955,29.56802067625897,5.691082797855639,-0.0007881064911319235,0.00125,9203.6074551731
467,1.84,12.31055593573506,6.690519530290794,-0.027403341635984457,0.0,794.5061342819574
468,10.01025,45.59370945122672,4.554702375188104,0.009959548750344771,0.00225,3351.835399621483
469,8.584,38.613659470120396,4.498329388411044,-0.01968610288968753,0.002,42480.07367958063
470,4.6985,26.79205201664881,5.702256468372632,-0.000581821827886575,0.00025,5273.006224478799
471,1.432,8.504584527741336,5.938955675797023,-0.03508630961538706,0.0,0.0
472,16.4205,57.87756156562917,3.5247137155159205,-0.0103217846735415,0.00275,31300.825091783212
473,8.4335,38.966975556822625,4.620498672771995,-0.01573036605885636,0.0025,42606.44398168405
474,5.12425,30.026841571187358,5.859753441223078,0.005899292810125134,0.001,2479.982131623467
475,5.53775,30.10875635491791,5.4370017344441175,0.007082457584090207,0.00175,31666.350447853256
476,8.907,41.28556013146536,4.6351813328242235,0.009371115997950596,0.00275,13115.186404314716
477,6.4325,33.02581747519622,5.134211811145934,0.0077672847963079494,0.00125,18919.08578879316
478,16.50725,57.69728062469991,3.495269086292381,-0.011676665716092938,0.00425,49258.141600801166
479,10.41775,45.49057136328626,4.366640720240576,0.008976013035727703,0.002,26523.543110065493
480,10.552,45.017073763546186,4.2662124491609354,0.004431882635240525,0.0015,26016.01565491742
481,59.93775,106.69847710343176,1.7801548623935959,-0.03665055484042101,0.017,8063.27789523998
482,2.03275,15.145148441591106,7.450571118726407,0.025505505963539843,0.0,0.0
483,7.08575,36.92348484190946,5.210949418467976,0.00830367851309255,0.001,2299.9704270658144
484,10.57525,45.18413702835598,4.272630626070871,0.00604061352391061,0.0015,21629.38080019333
485,86.89925,119.59850981649012,1.3762893214439724,-0.0016349956552614842,0.02125,18637.96472917953
486,3.1285,21.338974335858474,6.820832455124972,0.016652004579976065,0.001,1237.0512327102572
487,4.1495,24.19811019241422,5.831572524982341,-0.018872484755809715,0.0,9162.071535451583
488,1.92525,14.727046000759184,7.649420075709225,0.013347615004108082,0.00025,0.0
489,6.08775,31.60025623291679,5.190794009760058,-0.011395687405192811,0.00175,22538.141495517575
490,13.95375,52.30434061289022,3.7484074612839002,-0.0027961912894154395,0.0035,41750.45857273799
491,14.687,54.746075788165406,3.727519288361504,0.017019071576351186,0.00525,28307.216405480733
492,2.61275,16.868666972195957,6.456288191444247,-0.024986686687338944,0.0005,2797.0933991704987
493,3.73975,23.948933333020225,6.403886177691082,0.007353311464574741,0.00125,4425.4850970248135
494,14.171,52.659923337216036,3.7160343897548542,0.00014629980183933355,0.00375,46043.698878700554
495,2.794,18.399964773768428,6.5855278359944265,-0.009885948995430383,0.001,4023.778916894684
496,13.77475,53.19105502357638,3.8614896839199537,0.0045046817466898315,0.00425,42308.71014862264
497,1.36275,8.57613257535047,6.293254504017957,0.021631049801303925,0.0005,0.0
498,2.7105,16.55618363494856,6.108165886348851,-0.05574270577466511,0.00025,5986.835277378053
499,15.283,56.26174772493533,3.6813287787041378,-0.022618791244249703,0.00275,23066.472461998615
500,4.1825,25.27581671237587,6.043231730394709,5.12625913426934e-05,0.00125,6823.999187374252
501,1.9365,14.40919407768846,7.440843830461378,0.003871662557171085,0.00025,0.0
502,2.00775,14.226147959266408,7.085617212933087,-0.0016807070892326248,0.0,1048.3301596459978
503,20.731,64.838839886209,3.127627219439921,-0.057489065242220194,0.0065,92172.86650830509
504,89.18925,120.4759812159668,1.3507903835492148,0.0015397080139942787,0.02275,7992.897648900091
505,90.53575,121.42707216844745,1.341205790734019,0.004954759416265997,0.02375,26001.545965582125
506,1.75225,11.149414661735602,6.3629132040151815,-0.03799043474763142,0.0,0.0
507,67.26475,111.09596183309908,1.6516223108403596,-0.019110502374897642,0.01725,41629.577348598024
508,4.235,24.314657629584485,5.741359534730693,-0.016785776101845507,0.00075,23357.86745384948
509,10.68875,45.957773038553185,4.2996396247038415,0.013413597470605554,0.002,27502.241844348548
510,6.139,32.0176195397198,5.215445437322007,-0.005697251882054388,0.0015,20012.462026816756
511,1.242,5.575814597626681,4.489383733998938,0.03725308819437567,0.0,0.0
512,1.34075,6.5323661401782545,4.8721731420311425,-0.02679430565563401,0.0,621.7404922837762
513,14.605,55.16454710059899,3.777100109592536,0.020326134264745388,0.003,18391.145999205375
514,2.38425,14.803475526355792,6.208860449347086,-0.04467841651118243,0.00075,7899.4141638779765
515,1.276,6.817473394584792,5.342847487919116,-0.008241372910000488,0.0,0.0
516,3.963,22.717837838117642,5.732484945273187,-0.04628693963709174,0.0005,25486.967870408705
517,1.2585,6.959833875308587,5.530261323248778,0.13354363719838735,0.00025,0.0
518,4.08625,24.040035186339473,5.883153303478611,-0.021718835836066264,0.0005,15377.319600377352
519,1.0915,0.4584542453438166,0.42002221286652924,-0.16675798688318938,0.0,0.0
520,16.04275,58.58829720669389,3.6520108589047315,-0.005021134302125363,0.00375,12103.826995280157
521,7.7395,35.889680369700415,4.637209169804304,-0.004029413966021744,0.00225,37100.049930467074
522,4.647,25.84911865487503,5.562538983188085,-0.016142059455623414,0.0005,18470.133026290736
523,2.86525,20.133962266445135,7.0269478287916005,0.029226309793338068,0.0005,952.761182623359
524,3.1305,20.2737447436699,6.47620020561249,-0.005587562303112303,0.00025,3674.6702960373646
525,1.23875,6.104020249253833,4.927564277904204,0.07656072932696456,0.0,0.0
526,2.23125,14.636763035095443,6.559893797241655,-0.02098296384323617,0.0005,1179.8164705325487
527,7.16825,32.5200527428093,4.536679488411997,-0.04684776324320894,0.0015,50697.28586980461
528,10.6355,45.32323563771863,4.261504925741021,0.007375528111961627,0.00225,29400.724276587534
529,6.26525,32.25399157361159,5.148077343060787,-0.002502823392029674,0.001,15287.157506408841
530,1.44925,9.467091997821917,6.532407795633547,0.011477185849996463,0.0,0.0
531,21.98725,67.74451946406333,3.081081966324271,-0.03845013445935508,0.00725,64594.92393457625
532,9.30475,40.687986623834995,4.372818896137456,0.003039134902228291,0.002,31342.967692361715
533,8.93375,41.53495695314701,4.649218631945937,0.011986699543210078,0.0025,15951.708677688071
534,9.05425,40.19856699105745,4.439745643323019,-0.0022164936371527055,0.001,23833.918027933967
535,2.595,17.77296949333883,6.8489285138107245,-0.0023074555521502838,0.0,1374.2483134302142
536,2.07575,13.562337416041036,6.533704644606063,-0.022433483416328004,0.00025,1725.9085150044928
537,2.45625,13.729337551932494,5.589552183992873,-0.11441786819463573,0.0005,31388.143938915462
538,3.96,24.09942106200647,6.085712389395574,-0.020647325137847394,0.00075,12897.606295279627
539,1.189,4.78011415897604,4.020281042031993,-0.029616967751793122,0.0,0.0
540,2.567,17.414270734265664,6.783899779612646,-0.011162158972374048,0.0005,3889.4865502509224
541,4.463,24.141630756514687,5.409283163010237,-0.045821196388306173,0.0005,26278.622528724034
542,1.29425,3.4075019743099526,2.632800443739581,-0.3094287085409795,0.0,1166.1791756451573
543,1.2055,5.724985905301774,4.749055085277291,0.04871918546179299,0.00025,0.0
544,3.6055,20.349530598981875,5.644024573285779,-0.06337846773601474,0.00075,38156.27790601555
545,1.08925,0.47205947457591,0.4333802842101538,-0.15405726692728638,0.0,0.0
546,1.09475,0.43625682516652514,0.39849904102902506,-0.18831175110241744,0.0,0.0
547,5.421,27.531241368903586,5.078627812009516,-0.031784565783699925,0.001,43696.83020159129
548,13.556,51.68824607873316,3.8129423191747684,-0.007942127081518313,0.003,44630.18498221112
549,4.14725,25.912486018721125,6.248112850375822,0.010855145950173783,0.00075,2865.5205114880196
550,3.60075,23.189669890598026,6.4402332543492395,-0.006638297159534012,0.001,8026.852086451952
551,13.923,52.66476018402923,3.7825727346138924,0.0001861881891012107,0.00325,44345.05309456724
552,7.001,36.19852320565809,5.170478960956733,-0.00030815158415875565,0.0025,11755.725645077293
553,44.28575,93.44622328429878,2.1100743079726274,0.10123745267995465,0.009,42201.51099769987
554,32.562,80.67769443033588,2.4776639773458595,0.03742917767647458,0.012,148265.08528038414
555,1.48025,9.346386931572471,6.3140597409711,0.0059043448342605,0.00025,0.0
556,2.23875,16.86936253346793,7.535170310873446,0.040670665965861774,0.0,0.0
557,81.15775,118.20868491035064,1.4565298435497613,0.007840610099631107,0.02275,16809.165830180224
558,122.63525,126.76318840231568,1.0336602926345866,0.0236323901348392,0.033,156974.69810824972
559,172.13575,118.48798957217441,0.6883403916512079,-0.005686433372686928,0.04175,144221.7481990551
560,3.32675,18.763208652499554,5.640101796798543,-0.06434048409196103,0.0005,24718.393768184113
561,2.5125,17.39215241111269,6.922249715865747,-0.011714118416593422,0.00075,2237.366197037973
562,3.422,22.806708497460168,6.664730712291107,0.020415019517668442,0.00075,2645.4796684425382
563,5.78275,29.990888879648896,5.186267585430616,-0.0340969538350826,0.00075,27775.01764600527
564,1.7,11.542608368648226,6.789769628616604,0.012024190904599719,0.0,499.93442765131226
565,1.17575,3.946739936521234,3.356784976841364,-0.11281672606677862,0.0,0.0
566,2.77475,18.2127960215402,6.563761067317849,-0.014326316923364946,0.00075,4923.544913162418
567,1.87425,11.587601350744075,6.1825270645559955,-0.05368746171453931,0.0,1582.2057121816406
568,4.14,25.499705071621612,6.159349051116332,0.0038812226087248103,0.00075,6992.958181067714
569,1.263,5.337598101053703,4.22612676251283,-0.1145189545648092,0.0,0.0
570,3.105,21.936972961091826,7.065047652525548,0.028655163431466235,0.0015,2823.1666140817665
571,7.65475,36.331109807194935,4.746217682771473,0.0012796599397733033,0.0025,33652.16487559177
572,10.28325,43.543599193167,4.2344199735654575,-0.010021054817130448,0.00175,35192.34703904539
573,5.91225,31.857475961399672,5.388384449473495,-0.007874927470786552,0.001,11652.464645233844
574,69.8445,112.48871608993453,1.6105594010972164,-0.013699815759725897,0.017,11560.953984264526
575,2.97,20.985058807954132,7.065676366314523,0.009388654087355786,0.00075,1344.5255147018647
576,15.36725,55.814287472913485,3.632028337725584,-0.026086625389466933,0.004,43058.474509051564
577,4.232,23.409937682436784,5.5316487907459315,-0.03325367722439876,0.001,25423.199619053918
578,12.4065,52.51042843115552,4.232493324560152,-0.0010883610205445482,0.00325,6441.3396376349465
579,6.92,34.20849536721576,4.943424186013838,-0.024865032012109767,0.00125,23025.47771588701
580,14.3455,54.53017068218893,3.801203909392418,0.015302934333708995,0.0035,25906.91638104097
581,4.52425,26.522486167507495,5.862294560978613,-0.004973567960071312,0.001,7596.19710875984
582,14.09725,52.07538529743174,3.6940102003888513,-0.004701430811952179,0.00475,49978.866755054216
583,8.068,38.426553657679236,4.7628351087852305,-0.021795629287519214,0.002,24563.02103071145
584,11.84375,48.669189519033594,4.10927193828252,0.0032079977461332287,0.0045,43176.29868359791
585,2.4955,15.32847742944733,6.142447377057636,-0.06656843226269982,0.00025,4564.50619209726
586,85.88825,118.80846613286323,1.3832912666501325,-0.004513375089179483,0.0245,113547.2177932894
587,3.64825,22.988848246996426,6.301335776604242,-0.010415650136595955,0.00075,5218.484291014584
588,1.6865,1.8091533956528534,1.0727265909592962,-0.7928043780854501,0.0,62925.0
589,1.082,0.4072068938065648,0.3763464822611504,-0.21823886381213253,0.0,0.0
590,1.0835,0.40628686571720923,0.3749763412249278,-0.21922120273749396,0.0,0.0
591,1.09775,0.4524888109456496,0.4121965938926437,-0.17244614106335138,0.0,0.0
592,1.09025,0.4143040543639002,0.38000830485108944,-0.21073480228022834,0.0,0.0
593,1.092,0.4838331568122505,0.44307065642147475,-0.14335835858818569,0.0,0.0
594,1.093,0.43691958605808723,0.3997434456158163,-0.18765247206188967,0.0,0.0
595,1.0785,0.38324204964637465,0.35534728757197465,-0.24458083140490167,0.0,0.0
596,1.09675,0.4206348427290937,0.38352846385146455,-0.2041487415412866,0.0,0.0
597,1.09775,0.43444461445707633,0.3957591568727637,-0.1901195676783347,0.0,0.0
598,1.07975,0.3865582676952867,0.3580071939757228,-0.2408390192070317,0.0,0.0
599,8.49675,40.376002090644214,4.751934809267568,-0.00030375094210355336,0.00225,21225.946401912162
600,2.3885,16.632550260920464,6.963596508654161,0.005916737939700267,0.0005,1125.1949168206238
601,1.831,13.930145413376325,7.607943972351898,0.02627464250888134,0.00025,0.0
602,2.69825,18.471626814842182,6.845780344609351,-0.008197794682211601,0.0005,1875.660792139871
603,1.839,13.296758249475177,7.230428629404664,0.00606476541651646,0.0005,298.4991763813393
604,5.71775,30.539429417144998,5.341162068496349,0.013250558939700063,0.0015,17843.81591568154
605,87.09225,120.02923391485112,1.378185015484743,-7.372985450393443e-05,0.02125,53036.75745405823
606,11.21925,47.34290883745736,4.21979266327583,-0.008791178030944646,0.003,26804.938650441472
607,4.70575,26.30985973199552,5.591002439992673,-0.00846926684072935,0.001,22122.731193882377
608,1.439,7.790536060697509,5.4138541075034805,-0.07317206944208354,0.00025,193.91506423594285
609,2.65075,15.083854119596731,5.6904099291131685,-0.09619061699696996,0.0,4949.464563940923
610,3.8835,21.286749615131342,5.481331174232352,-0.043823511765941126,0.0005,21869.283484995438
611,13.27925,51.81140197660351,3.9016813431935926,-0.00690857859884253,0.00325,27259.65650733829
612,5.41225,29.600791402434037,5.469221008348476,-0.0003070372757449924,0.001,17087.69971662697
613,19.68625,65.20607539949594,3.3122649260014447,0.04145605154539389,0.00525,17990.07398118007
614,3.956,23.44947832060187,5.927572881850827,-0.03252074939445726,0.00075,12996.055800346703
615,1.323,7.0491555273246815,5.328159884599155,0.0062722679456110875,0.00025,0.0
616,2.0785,14.911452833523686,7.174141368065281,-0.012908046494972458,0.0005,537.395701040093
617,2.85575,16.412336309413213,5.74711942901627,-0.059532532934589266,0.00025,30799.790953431122
618,1.25125,6.449226431742954,5.154226918475887,0.10045238890917829,0.0,0.0
619,1.506,6.597108795610035,4.380550329090329,-0.1970984781034545,0.0,3080.495253725689
620,8.867,40.800005773501795,4.6013314281607975,0.004233159390526264,0.00175,26019.65183550121
621,5.52975,30.166083820920022,5.4552346527275235,0.007908573740708968,0.00075,16022.323904230254
622,1.24575,6.594143433335738,5.2933120074940705,0.11010315318572195,0.00025,0.0
623,1.76525,10.710687286212577,6.0675186439385795,-0.055425162854801924,0.0,2508.8012235923925
624,1.097,0.49865134441894643,0.45455911068272237,-0.13025699130514984,0.0,0.0
625,1.0965,0.5072002198498675,0.46256289999987915,-0.12287455246676265,0.0,0.0
626,3.036,20.474667445449523,6.743961609173097,-0.0013046799441507329,0.0005,5393.9565210686915
627,3.39425,22.771527233601123,6.708853865684945,0.019744566545991882,0.0,3304.9711827075175
628,75.77775,115.30258681646801,1.5215889468408341,-0.0029697248561819656,0.01825,13370.116354395688
629,34.2425,84.4008623779552,2.4647984924568944,0.05702258313899988,0.00975,47893.79667161618
630,12.16275,51.60377408496837,4.242771913010492,0.02863534896269626,0.00225,71.81055161262371
631,10.609,47.3789859650644,4.465923834957527,0.02664038285833792,0.003,4820.851980108139
632,2.122,14.43735520468782,6.803654667619143,-0.02694036400553146,0.00025,1067.5222917184249
633,5.5025,30.711110152869846,5.581301254497019,0.015685155988356847,0.001,6976.357180514456
634,19.8275,65.21953036119729,3.2893471371175025,-0.054946633802199996,0.00525,29184.72990173478
635,21.31825,67.36284142640332,3.159867316801488,-0.040903903158356014,0.00425,27874.35731371418
636,5.66975,31.36641751897232,5.5322399610163275,0.02485455933780001,0.001,22711.3095402917
637,14.06725,52.58310064132548,3.7379801056585675,-0.0004877313685833773,0.0045,55770.12985238328
638,1.955,13.782995601172317,7.050125627198116,-0.015424410813065226,0.0,470.00076292136936
639,1.14275,2.9257498937212914,2.560271182429483,0.6381832123388296,0.0,0.0
640,1.552,9.024946449403654,5.815042815337406,-0.06100749072305267,0.0,629.8680275830341
641,1.29875,7.147920790720027,5.503692620381156,0.012314906572125195,0.0,0.0
642,1.68075,9.764305651387273,5.809493173516152,-0.06063840409599375,0.0,1579.7102145537146
643,2.651,18.308467958836694,6.906249701560428,-0.012050936229658582,0.0,1108.9061488320624
644,1.15925,4.047404700385443,3.4913993533624703,0.7791226461209984,0.0,0.0
645,3.88325,22.775629557993362,5.8650948452954,-0.014462473110818275,0.0005,13950.124490578513
646,69.874,113.00854992915038,1.6173190303854135,-0.011697473365196664,0.019,5825.425509987993
647,3.96125,22.397068013501237,5.654040520921738,-0.05246276599522859,0.001,17696.691443646334
648,2.872,18.21333432918988,6.341690226041045,-0.014313480860923544,0.001,4935.243893203231
649,3.78525,23.1713694141635,6.12148983928763,-0.006981162481956016,0.0005,6158.485034704101
650,1.40275,7.395283293508627,5.271989515956961,-0.04270562089082164,0.0,369.7183737618373
651,4.29675,24.828165435392563,5.778359326326307,-0.007709304304615916,0.0005,9437.454430326183
652,25.37075,73.93187252383927,2.9140594000508173,-0.0004925949611491731,0.00925,49402.64221078881
653,1.24275,6.384513524203325,5.137407784512835,0.0960725749273359,0.00025,0.0
654,6.74375,33.60515455314311,4.983155448102778,0.015319605555512261,0.00225,29958.92296900138
655,10.15725,44.62947422869759,4.39385406765587,0.0006763919469143787,0.002,23439.65435484922
656,5.27125,29.761428209845242,5.645990649247378,0.0020434088427214725,0.00225,24694.021053467615
657,1.602,9.838459982319687,6.141360787964848,-0.05735264626439085,0.0,740.0581071519193
658,14.167,56.25445984153626,3.97080961682334,0.028823036202971553,0.005,4737.812121898064
659,36.7475,86.53981759142545,2.354985171547056,0.06789167448234501,0.008,60553.742273563235
660,2.456,15.75079635753298,6.413190699321246,-0.054764934455515224,0.00075,3336.13565476422
661,2.2315,13.626823926821068,6.1065758130499965,-0.052033361226896835,0.0,2375.209330284662
662,1.3,7.112464185266358,5.471126296358737,0.010155267845232352,0.0,0.0
663,1.31125,8.29783628178092,6.328187822139882,0.07710003716902225,0.00025,0.0
664,4.87,28.150394511938803,5.780368482944312,0.02089668608149564,0.001,11334.852312222574
665,92.502,121.94645230718102,1.318311520909613,0.006808406160952352,0.027,26753.65856739951
666,110.82575,126.09531868505694,1.1377799715775163,0.021338199516682366,0.027,21906.77854984562
667,148.63225,124.4953183095965,0.8376063627483032,0.01579225585881394,0.03825,142221.62244566716
668,4.745,26.492422258247306,5.583229137670665,-0.005466130964835392,0.0005,23017.6370582448
669,3.265,22.765870205453446,6.972701441180228,0.019636663316588754,0.001,1298.1599547056005
670,1.3525,8.378382485496129,6.194737512381611,0.011499746458725979,0.00025,0.0
671,1.52325,8.269616440713506,5.428929224167737,-0.09896675768890784,0.0,595.833898869484
672,2.31175,16.4237022755714,7.10444566911275,0.00042895711190449326,0.0,479.4296161813386
673,1.44375,7.760212056399624,5.375038653783289,-0.07486582260805408,0.0,555.9498428436809
674,1.69075,9.023440034433305,5.336945163053855,-0.09490763318262907,0.0,1435.840961188953
675,1.89925,13.501524811315115,7.1088718237804995,0.012701811413975861,0.0005,643.5811063591628
676,3.506,23.95887040049503,6.833676668709364,0.007533474748890878,0.00075,1734.2237517945655
677,3.16,20.10824421403676,6.363368422163531,-0.03427344108935082,0.00025,2967.7568772761424
678,2.124,14.773123748764988,6.955331331810258,-0.01695566987197683,0.0005,1479.3747197911998
679,8.325,39.14572737851474,4.702189474896666,-0.013742697923350367,0.00175,38169.036076663426
680,38.261,89.39985717335153,2.3365792105107426,0.08201252398494652,0.009,29400.505549766698
681,2.759,18.516239677184615,6.711214091041905,-0.007150146836017557,0.00025,1794.989368313028
682,6.62675,33.95046528342049,5.123245223287507,0.01975943901914845,0.0015,22766.592098077464
683,1.706,12.040839233722998,7.057936244855216,-0.004585744662430669,0.00025,808.2081241912788
684,5.1715,27.65061892493065,5.346730914614841,-0.029905502828978525,0.001,26437.8555106487
685,3.3035,19.936856756127042,6.0350709114960015,-0.03799090364558455,0.00075,8178.387706372324
686,5.679,28.229287666722,4.970820156140518,-0.020910440355229598,0.0005,39807.65455143307
687,1.81625,13.598574051773236,7.4871708475007495,0.01581236314993162,0.00025,0.0
688,1.45775,9.78307937706858,6.711081719820668,0.025736165672684552,0.00025,0.0
689,5.6405,31.831196427663603,5.6433288587294745,0.031242602873631453,0.00225,8113.592789704755
690,7.379,36.20647851243707,4.9066917620866075,-0.0002127176840722722,0.00175,18577.5327063648
691,5.6685,31.802302658197426,5.610355942171196,0.030848206661472588,0.00075,5361.548158469209
692,1.60275,9.971047983385283,6.22121228100782,-0.05153896354058307,0.0,182.76986601780223
693,13.59175,51.64811675103442,3.7999607667176356,-0.008279432285241084,0.00275,59981.08332258126
694,42.46275,93.26540474027783,2.1964051960901694,0.10039627828417874,0.01175,13534.360560712686
695,41.0345,91.32795305109015,2.2256382568592317,0.09127942286538748,0.0125,32504.35605102169
696,14.53975,56.94365254204113,3.9164120801280027,0.03411139797713392,0.00425,110.17999695276191
697,95.72275,122.36764622500573,1.2783548970856533,0.00830584226181097,0.02475,99964.20601463114
698,50.347,100.10205640457195,1.9882427235897264,0.1311186983416459,0.01325,2960.48612027406
699,19.779,64.56242123370909,3.264190365221148,-0.05934449195185265,0.00525,29123.700169050986
700,30.76775,80.38069777055323,2.6124984040286736,0.035827470929918226,0.0075,37358.84636083289
701,6.43175,33.031948464211666,5.135763744581438,0.007847900744116565,0.00075,13605.616941889615
702,2.22175,16.53753153964812,7.443470930414367,0.032042679831880694,0.00025,0.0
703,17.32225,59.79414469555082,3.451869398926284,0.0038266477693840173,0.0045,35313.615634354326
704,10.71925,46.101147039711435,4.30078102849653,0.014766352593997167,0.004,24415.080910864897
705,26.4325,75.49947341784306,2.8563122450711456,0.008619621613472406,0.007,25848.891685331622
706,5.97775,31.23963401867738,5.225985365509995,-0.016380354195502322,0.0015,26146.90055889125
707,6.599,32.76839393241951,4.965660544388469,0.004368864411812945,0.00275,32996.13488644251
708,3.07225,21.906334741643867,7.130388067912399,0.028048183141669236,0.00075,332.5495599026593
709,3.51925,19.479180913471826,5.535037554442517,-0.08236217244215349,0.0005,17490.961051400158
710,4.321,23.99246482944485,5.552525996168677,-0.022579067980941225,0.00125,18767.914666899553
711,3.813,22.51532291443952,5.9048840583371405,-0.019454683587343036,0.001,8539.395848099712
712,4.9905,27.818426913989803,5.5742765081634715,-0.02727779200765701,0.00075,10264.214400596948
713,1.1845,4.036153166456369,3.407474180207994,-0.10308759757958275,0.0,0.0
714,2.681,16.749473878865707,6.247472539673893,-0.05070177068608683,0.0005,4730.562047889577
715,7.41175,35.47673690818975,4.786553365694978,-0.009055337222743765,0.00125,28763.63198695538
716,87.7505,120.83909868785402,1.3770758991442102,0.0028467132240339588,0.02125,10814.522024355841
717,165.6685,121.39174641125398,0.7327388514488511,0.00482839539212554,0.04225,95954.54553075181
718,115.52025,126.68826334335292,1.0966758065651079,0.02337561874617622,0.0325,51983.366444517844
719,8.964,42.57490880454037,4.749543597115168,0.022726661221573075,0.0025,13412.031144617133
720,81.756,118.46770915962028,1.4490399378592431,0.008791214806046721,0.023,15288.554416701703
721,2.2805,14.51335519856728,6.3641110276550235,-0.05327428227278541,0.00025,2383.453898438851
722,2.469,17.389497912804007,7.0431340270571114,-0.011780408196358616,0.0,904.2232431108903
723,1.58525,11.08052015562581,6.98976196538452,0.028108023695028406,0.0,0.0
724,6.35975,31.86630972298707,5.010623015525306,-0.0077545186188885395,0.0015,14377.308690093352
725,7.5065,36.66092556954753,4.883890703996207,0.005204420764193252,0.0025,23614.419804441357
726,16.098,57.610933432055475,3.5787634135951967,-0.012327098412663329,0.00575,30040.21329218007
727,3.2005,21.120305788012278,6.599064454932754,-0.012947390379240087,0.00025,1290.0560377632821
728,9.25225,42.891071692663914,4.635745001774046,0.02593983266685629,0.00175,25034.581544538658
729,1.38975,9.047475290918731,6.510145918991712,0.0448669695016104,0.0,0.0
730,3.636,23.887238309158082,6.5696474997684495,0.006233078705121908,0.00125,2663.0219474567207
731,19.89775,64.46177258630686,3.2396513468259913,-0.060022057294444764,0.00575,32429.668056484355
732,16.038,57.36198353691077,3.576629476051301,-0.014207849767883696,0.00525,45185.64919870932
733,2.2345,16.22221624270113,7.259886436653,0.023682180632190963,0.0005,275.28667508235236
734,8.16925,40.04032856277973,4.901346948958562,-0.003929432601278204,0.0025,24753.52198613199
735,1.57275,11.318159418414956,7.196413554865653,0.037323682391987134,0.00025,0.0
736,32.93925,82.67092402929498,2.509799829361475,0.048028490874675756,0.0105,40457.30404875646
737,5.65075,30.565770741513383,5.409152898555657,0.01362499163931119,0.001,10926.93585657746
738,5.4355,30.438256546908267,5.599900017828768,0.01180941341615771,0.00125,7634.877422864535
739,4.35575,26.090167997811715,5.989822188558048,-0.012110923956311526,0.00075,10724.267435175703
740,42.799,92.90932210781452,2.1708292742310458,0.09873499037932154,0.01375,63055.653544336215
741,11.1365,46.86710999464137,4.208423651474105,-0.013177942228362882,0.0025,22164.776020101093
742,13.366,53.35966039377814,3.9921936550784185,0.005879134142030562,0.005,19283.43195334453
743,2.092,15.420910709869911,7.3713722322513915,0.00168201688948022,0.00025,0.0
744,4.392,26.432205760687918,6.018261785220382,-0.006454393135900016,0.00075,4766.223738057524
745,3.62075,25.272981627374016,6.980040496409312,0.030723618071766712,0.0005,0.0
746,1.909,14.108454242768062,7.390494626908361,0.03179842654793319,0.0,0.0
747,8.31625,38.89473532557474,4.676955998866646,-0.016536244646652598,0.00175,26000.365358806794
748,4.92175,28.033740378112174,5.6958887343144555,0.019093247459107676,0.00075,5597.436447756929
749,5.902,32.65767944920079,5.533324203524363,0.0028990303673865903,0.00125,10537.009689863064
750,10.304,44.4455277304006,4.3134246632764555,-0.0011173113588218708,0.0015,31436.10032043068
751,88.68275,120.53913274562856,1.3592173533818985,0.0017672984006109616,0.022,39061.776876272
752,51.7135,100.84932356870853,1.9501546708056605,0.13434868861958216,0.01325,4345.13625535643
753,112.67825,126.20090290449977,1.1200112080592286,0.021701697996906244,0.0285,15183.756304014805
754,147.6245,125.73910322676105,0.8517495620764917,0.020109594547540688,0.03975,35460.93013843894
755,26.33625,75.94589278292243,2.883701847564571,0.011179990851233335,0.0065,448.13218150363303
756,36.056,86.06566788677817,2.386999885921294,0.06550564233833622,0.0095,59879.23931660525
757,3.90275,25.335592858740764,6.491728360448597,0.0010771365121404752,0.00125,3387.5466321370395
758,3.647,24.00766508837852,6.58285305412079,0.008417060389912745,0.00025,2062.8566001638646
759,19.76025,64.55642611681462,3.266984279895984,-0.05938482140399581,0.0055,33775.43890750037
760,8.0355,38.01662209664227,4.731083578699804,-0.02645353942120021,0.00275,32478.105993158948
761,3.12575,22.379960960659655,7.159869138817774,0.03733778809799082,0.0005,0.0
762,117.9255,126.36583806950259,1.071573477063931,0.022268917908274677,0.02875,92138.72484941762
763,5.11075,30.021605697225123,5.87420744454828,0.00582355692422154,0.00125,4889.386243525937
764,5.49375,29.658875116156864,5.3986575865587,0.0005443156230580115,0.001,23581.20268637115
765,2.85125,19.30102991750619,6.769322198160874,0.010877543346233143,0.00025,3043.5408491051535
766,14.05175,54.012604198377375,3.843834696630482,0.011161194420081566,0.00425,20698.444000755702
767,7.57725,36.7588606447,4.851213915958956,0.006363037266442273,0.001,28841.96426032662
768,1.58175,9.974752671631263,6.30614994255177,-0.01754998840020694,0.0,0.0
769,11.07425,45.747004645615995,4.130934794285482,-0.023683453069756055,0.0035,48312.279166366556
770,2.18475,13.474457602791377,6.167505482454,-0.056916713394848495,0.0,2294.87034799713
771,12.17525,49.33012165668321,4.0516721756582585,0.00906607019493122,0.00375,30435.22001657635
772,1.3685,7.681794076910681,5.6132949045748495,-0.026197775192243422,0.0,0.0
773,1.76425,11.693325249959926,6.627929856856979,-0.017304472748984612,0.00025,425.9570856902074
774,4.30275,27.023899889335134,6.280611211280027,0.029094088551000707,0.0015,1848.0311062337726
775,1.61325,12.171121907598426,7.544473520904029,0.03505084265369307,0.0,0.0
776,12.7335,52.79564208062703,4.146200344023798,0.0012641532534363176,0.00275,7046.508589241286
777,16.8205,59.57600695667028,3.5418689668363177,0.00223938126374823,0.0035,33055.154379304055
778,11.497,50.11894320630703,4.359306184770552,0.015955788695036777,0.004,3450.88731719213
779,3.47575,22.201669767668786,6.3875911005304715,0.008738046406229882,0.00075,5445.813195942113
780,1.9805,13.71951806894145,6.927300211533174,-0.017429172360058587,0.0,424.04221650537403
781,2.83125,18.47632585477353,6.525854606542528,-0.00808732755340058,0.0005,1843.465400096869
782,3.112,21.831413345272978,7.015235650794659,0.02656031592085495,0.0005,419.06228726416805
783,1.6495,11.754028630527568,7.125813052759969,0.019906974492374996,0.0,0.0
784,2.0475,14.729001311015793,7.193651433951548,0.01340527246555312,0.0,946.0063464561383
785,3.13025,22.856648738067086,7.301860470590874,0.04649101757139107,0.00125,316.2284582313213
786,13.0505,50.9803462000276,3.9063902685742002,-0.01393114234573889,0.00175,26536.99725552827
787,2.98975,16.73229324829196,5.596552637609151,-0.08896606914522343,0.0005,18620.612297491694
788,4.58875,24.448866235524108,5.328001358872047,-0.04032907510302297,0.001,27749.839033199292
789,3.4025,21.922058249842266,6.442926744994053,0.0032337352225575433,0.00075,3726.437696264271
790,2.21025,15.925779495856325,7.205419973241184,0.01567269267330129,0.0005,748.820117752859
791,1.48475,8.29113702551067,5.584197356801259,-0.046125318928071146,0.0,866.5930096622362
792,2.83475,20.10907845219539,7.093774919197598,0.028689227882940704,0.00075,1166.9694333354882
793,1.67875,9.683180749880625,5.768089798886448,-0.06426173111170685,0.0,694.2773745099712
794,1.10025,0.5525181051912607,0.5021750558429999,-0.08570747181837862,0.0,0.0
795,3.67975,23.920613262878906,6.500608264930745,0.006839446074194733,0.00025,2894.7585103083807
796,2.09,13.189480300514095,6.3107561246478925,-0.0662003220690548,0.00025,4565.37977620152
797,3.84725,22.390941382655182,5.81998606346226,-0.021860510564490676,0.00075,9823.726084925045
798,3.1745,19.68889186484898,6.202202509008972,-0.043426318416202925,0.00025,7765.255222287987
799,2.999,20.997183607090204,7.0013950006969665,0.00963950936341873,0.0005,654.4879219309805
800,2.264,15.924657066187292,7.0338591281745995,-0.012972017872488362,0.00025,430.1112734765771
801,13.5625,52.547834517495765,3.8744947109674297,-0.0007790991477951703,0.0035,26687.802912788982
802,5.71,31.52617761430558,5.521221999002729,0.027060958260265222,0.00275,13265.0143436638
803,6.828,34.48413700422604,5.050400850062396,-0.02137964266784187,0.00075,15464.904380093953
804,11.39,44.05695919958025,3.868038560103621,-0.040031597362985005,0.00225,85333.83077692724
805,7.33075,35.32372143137583,4.81856855456479,-0.01093255333830867,0.00125,26995.641635826465
806,1.853,11.984189426033357,6.467452469526906,-0.039072342421641926,0.0,726.2711524957323
807,1.41275,6.6359925057698925,4.697216425956392,-0.08975454931104954,0.0,0.0
808,11.57525,49.878515455188754,4.30906593422939,0.013867402685822316,0.003,3896.0312164157203
809,4.594,28.664133898358692,6.239471897770721,0.028751024335089914,0.001,2130.6299816981536
810,9.15875,40.30516933479224,4.400728192689203,-0.0010663150537679744,0.0005,17294.155029920363
811,13.48475,51.82911181609628,3.8435352391476503,-0.006760156223065028,0.00225,30560.863901300447
812,2.439,17.48771666223222,7.1700355318705284,-0.00933434281078438,0.0005,418.15078332047256
813,9.3765,41.09825439575986,4.3831125042137105,-0.03512200250764419,0.00275,37049.379976514334
814,7.08675,34.271750212867204,4.836032061645635,-0.024062720688594608,0.00175,27694.743581334944
815,6.30125,33.68346986985038,5.345521899599346,0.016330532009831034,0.00175,9135.693757521793
816,15.317,55.516943753785114,3.6245311584373647,-0.028406460391232846,0.00325,31728.43016608929
817,2.397,15.623137060235397,6.517787676360199,-0.021273863745582045,0.0,1791.0466419590189
818,12.0515,50.63124755086665,4.201240306257864,0.020372512193889802,0.00225,6793.405146771988
819,11.69025,51.02206010728985,4.364496918995732,0.023711873732835897,0.004,1395.8765271134732
820,94.45075,122.22575775343796,1.294068683980148,0.007801974322958483,0.02625,29031.317338147408
821,14.01075,53.14386796341632,3.79307802675919,0.004119237706025292,0.00325,27949.728321297087
822,16.172,59.29449278996157,3.6664910208979453,0.0001823481393203874,0.00475,4992.709352623122
823,22.6775,67.55779013187062,2.9790669223622808,-0.03964886595638806,0.00575,79077.26041616598
824,13.49475,53.88116338182895,3.9927500236631985,0.0101030415565031,0.0025,9307.023865281983
825,8.526,40.63834018107984,4.766401616359353,0.0025088963027461997,0.00175,21388.522937557933
826,11.43075,49.31307280250143,4.314071500339123,0.008915948873166712,0.00225,3961.8669246779077
827,1.57525,10.931752523763524,6.939693714498349,0.022237667075111878,0.0,0.0
828,6.29975,31.67436212840853,5.027876047209576,-0.0103784139063674,0.00125,27707.612180081105
829,3.67375,23.579870939338896,6.418474566679523,0.0006085601478118541,0.0015,1950.3475754074143
830,62.0045,108.302436880287,1.7466867224199374,-0.0301705470042406,0.01775,18897.001299656633
831,2.406,16.61259036212098,6.904651023325427,0.005395249698888938,0.00025,1736.50925492886
832,2.43375,16.815314437660966,6.909220107924383,-0.02636245818174543,0.0,895.9766977747184
833,4.048,24.837198263983016,6.135671507900943,-0.007551330724484329,0.001,3821.998916699033
834,2.69825,18.36262490592941,6.805383083824483,-0.010768177602031193,0.0005,2490.9047780027713
835,5.937,31.88912447943681,5.3712522283033195,-0.00744369575715198,0.00175,15939.832448433448
836,7.71975,38.29497795105212,4.9606500147093,0.02414281927951234,0.002,11404.514875669462
837,8.67225,39.81889270172512,4.591529614774149,-0.0063378863150951315,0.00225,23542.375575897036
838,3.339,21.657316057967773,6.486168331227246,-0.00204295767678353,0.00075,3947.510685698056
839,3.29475,21.8111623747689,6.61997492215461,0.001031218730606076,0.00075,1758.105176630133
840,8.82075,41.2876226777965,4.680738336059462,0.009392811964122671,0.00225,13879.543407116053
841,1.61325,10.15659704592972,6.295736585110627,-0.04353154720265695,0.0,297.1174485106132
842,3.296,21.074188343886185,6.393867822781003,-0.013896735069385935,0.0005,3499.4809141835117
843,2.37475,16.296677816796468,6.862481447224536,-0.002943026862156639,0.0,889.3296845324885
844,2.42825,17.661337226995627,7.27327796849403,-0.005043867925132783,0.00025,413.16861946502087
845,71.55125,113.44784694709607,1.585546680835011,-0.010012517561281076,0.018,12047.167959992581
846,6.07875,31.648324640502498,5.206386944767016,-0.010735566722664514,0.00225,24299.14687875493
847,1.69575,10.975440629503355,6.4723223526483,-0.00985780491926902,0.00025,594.7674815790203
848,5.06775,29.754108736175766,5.871266091692717,0.0019365860799864798,0.001,3340.046611442374
849,5.101,29.730805222778592,5.828426822736442,0.0015963119794950575,0.001,7425.609617688794
850,1.53525,10.261631581194925,6.6840134057612275,-0.005235706053083655,0.00075,329.70208669560213
851,2.3765,13.638575821456191,5.738933650938856,-0.08027308411547218,0.00025,5047.146115498155
852,35.03325,84.51589423612657,2.4124480097086787,0.05761408998498774,0.0105,85046.43506017064
853,5.61475,33.78323784404489,6.016873029795608,0.05709091104160091,0.0025,859.0085776773598
854,1.5185,8.889989636041891,5.854454814647278,-0.06755086970067636,0.0,349.67436663956306
855,65.41875,109.92287140468976,1.6802961139534118,-0.023720711166022035,0.01825,39472.60290460114
856,183.94125,113.79175910208694,0.6186309982240903,-0.023249952867936408,0.04475,80737.2252419888
857,7.70675,41.02618726432986,5.323409642758603,0.05406215350588317,0.0025,79.44830204198624
858,24.66875,72.00314324108808,2.9187998273559903,-0.011972845343533267,0.0065,43211.63906133334
859,6.625,33.00779080101228,4.982308045435816,0.007530166591684484,0.00125,38221.96639548581
860,4.139,24.372067586062634,5.888395164547628,-0.01576156103088988,0.00075,7254.045309106802
861,1.33625,7.1969184270916635,5.385907148431554,0.015281755560185073,0.0,0.0
862,3.91275,24.069315952683564,6.15150877328824,-0.021190186975990066,0.00125,5525.475596045707
863,5.22075,27.38837436212763,5.246061267466865,-0.03404410426821025,0.00075,28710.071846458257
864,15.5365,56.12949579164645,3.61275034864007,-0.023640869291630784,0.00375,35888.895535240146
865,1.21025,4.95779082454726,4.096501404294369,-0.013767036948934552,0.0,0.0
866,8.87725,39.94740456175226,4.499975168182969,-0.004938497303110578,0.002,42402.1243328436
867,13.083,51.51520712509351,3.937568380730223,-0.009398472403479019,0.00225,23249.480940346475
868,3.2415,18.320510037168876,5.651861803846638,-0.07471003205088,0.0005,36075.52886994221
869,9.72575,42.58841955634861,4.378934226804988,-0.019653854750471655,0.001,30665.231629311485
870,17.128,59.689381983568865,3.48490086312289,0.0030650719999587572,0.005,36396.6033191651
871,3.35075,21.868797075030837,6.52653796165958,0.0021773025242435295,0.0005,1233.7294360218689
872,2.742,17.52110679425886,6.389900362603523,-0.031141403828226943,0.00025,3726.376331288247
873,17.82725,61.35935258764547,3.4418854611701453,0.015048758370489246,0.00475,40279.794242886244
874,31.15275,80.98891417034878,2.599735630734005,0.03910127538275532,0.00875,35934.38637861666
875,1.892,12.675744736549273,6.699653666252259,-0.0147075226245581,0.00025,523.3036703493145
876,3.053,20.86877014564701,6.835496280919426,0.006975319127583424,0.0005,1400.098830503262
877,2.12775,14.720737242534454,6.918452469761229,-0.018498444791422486,0.00025,427.28605723529466
878,7.68825,36.859438635058225,4.794255992593662,0.007549712150752397,0.002,33466.1228561179
879,1.494,9.893757406006184,6.622327580994768,0.030621845692489602,0.0,0.0
880,2.32125,17.60991413114858,7.586392732858839,0.030715131731584355,0.00025,532.9093903247945
881,16.1545,57.395872685240406,3.552934023661544,-0.013951346709560442,0.00475,40222.68592314481
882,1.8805,11.126170395374896,5.916602177811696,-0.0713353006318751,0.0005,4173.783862656238
883,5.09125,29.259877965434818,5.747091179068955,-0.00533784924846592,0.003,14035.255128621593
884,2.662,17.49955183936562,6.57383615302991,-0.03167601394209396,0.0005,4798.55968649931
885,1.63925,10.162501096907008,6.199482139336286,-0.04327916426573264,0.0,472.210368127057
886,16.207,58.06709565579697,3.5828404797801547,-0.008901905831594892,0.0045,33328.01930593072
887,9.71875,44.579249385857224,4.586932412692705,0.00018737308147431797,0.00425,19152.07288599859
888,1.8465,13.615497904806825,7.373678800328635,0.016352520238091417,0.00025,0.0
889,6.13475,32.390436513450744,5.279829905611597,-0.0006694906761994801,0.0015,19347.934140285834
890,2.0515,15.264062226318138,7.4404397886025535,0.0289020994716096,0.00025,0.0
891,3.635,24.267591639901156,6.676091235186013,0.013093814716988561,0.0005,216.76384323248402
892,10.92625,42.91558280798989,3.9277503999990753,-0.05143110154893327,0.00325,106055.86051006099
893,3.15275,20.440202247151962,6.483293076568698,-0.0020363478727603024,0.0005,4686.149868990016
894,9.784,42.55704547463184,4.349657141724432,-0.01997390916971975,0.00175,28143.317446415207
895,1.9825,13.951535940131187,7.0373447365100565,-0.01014600615597705,0.00025,360.74737692899566
896,4.00275,23.078851808261536,5.76574899962814,-0.03943973630916808,0.0005,24808.44417508724
897,1.99975,14.331838693537703,7.166815198668686,0.001533883127300184,0.0,740.594465654056
898,8.29425,38.28975311014435,4.616421389534238,-0.023344499101291882,0.003,37662.43470501637
899,1.21925,6.054819951795608,4.9660200547841775,0.07304599700639369,0.0,0.0
900,11.27575,49.09393308244794,4.353939479187455,0.006981709991571217,0.00175,3853.6284240795317
901,2.9675,19.529254765554278,6.581046256294618,-0.021835865547588318,0.001,4019.4014281639984
902,8.98275,41.692613505784635,4.641408644990079,0.013632054618827771,0.003,23989.961651015277
903,1.196,5.659248251551893,4.73181291935777,0.04370350900780562,0.00025,0.0
904,10.0725,44.309886992310396,4.399095258606145,-0.00244473617271046,0.00225,27283.276952492997
905,1.29575,7.855552772710602,6.0625527861937885,0.05331192582952293,0.00025,0.0
906,14.019,53.26795009784877,3.7996968469825783,0.00513206150120693,0.00325,27922.632491605793
907,9.7195,43.426210733780046,4.467946986344981,-0.01119344305515968,0.00225,17238.33073352292
908,17.13725,59.421849108517044,3.4674086629136553,0.0011141519115325238,0.00575,33886.87951159454
909,71.8835,114.15531869758297,1.5880601069450286,-0.007312624824593605,0.01925,29210.880163613027
910,10.67975,44.89934495882911,4.204156928657422,0.003294626499085185,0.00275,35718.29980752609
911,6.78125,35.597249746081104,5.249364017855278,-0.007582558978079801,0.00125,3576.3458246438217
912,1.778,12.147040942176524,6.831856547905806,-0.000772007203258207,0.0,0.0
913,2.96925,19.79530924245694,6.666770815006126,-0.015959245824224366,0.001,2467.947737723018
914,11.5215,50.083501545237,4.346960165363624,0.015648568277166985,0.00525,4895.867363037366
915,9.4925,45.66754126106646,4.810907691447612,0.010662251252175459,0.00225,0.0
916,11.13275,49.399212523956265,4.437287509730863,0.009673909547921467,0.0035,1071.1298561908018
917,10.13875,46.8689467876199,4.622753967463435,0.021939815827168196,0.00175,0.0
918,19.63425,63.42546550366097,3.2303482691552245,0.029431653074177166,0.0055,51847.63758719614
919,83.70525,120.07537589535833,1.4345023268595258,9.319078713554418e-05,0.02425,30529.216403987448
920,9.884,46.59685998906159,4.714372722487008,0.019411273398989737,0.002,0.0
921,11.119,48.18768361534981,4.3338145170743605,-0.0011100660715712696,0.00225,18511.081206767034
922,12.64575,50.49931486800623,3.9933823512252125,-0.018048436700497605,0.002,64200.9314107324
923,11.27825,47.69220548007177,4.228688447238869,-0.00559870988651312,0.00375,31220.926209383266
924,100.7255,123.88577428832478,1.2299345675953437,0.013660675442828563,0.02525,51827.507615939816
925,3.53375,23.253333961446916,6.5803562678307514,-0.005447634640305621,0.00075,2462.5995882109883
926,15.3665,55.714250395875325,3.625695532221086,-0.026865718579871967,0.004,38961.01152977362
927,1.6555,11.798182869821838,7.126658332722343,0.021535353631501053,0.00025,0.0
928,4.00925,24.24605395153106,6.047528578046034,-0.018012867619586537,0.00075,8415.103519886088
929,12.2555,50.96458149432528,4.158506914799501,-0.014065460450715106,0.00175,19258.886251976848
930,81.32275,118.33549089152685,1.4551339064594697,0.008306241037157935,0.02025,16380.686196709998
931,3.74675,25.539580693171057,6.816462452304279,0.0352808991970357,0.00025,270.1688545312194
932,3.058,21.044211810202775,6.881691239438449,0.010611127808610954,0.0005,1602.2979080984014
933,4.16075,26.057756256108767,6.262754613016588,0.013283082555385128,0.0005,1940.4721327952973
934,1.819,13.6723982028814,7.516436615107971,0.018163691109612135,0.0,0.0
935,1.9255,13.552596355200421,7.038481617865709,-0.022745524683966734,0.00025,454.43139722338475
936,1.373,8.401518754329174,6.119095960909814,0.012697364979818548,0.0,0.0
937,85.86,119.3640894342248,1.3902176733545866,-0.0024870746955856227,0.02025,32393.39907853465
938,7.075,34.55454932740123,4.884035240622082,-0.020493771408096828,0.0015,35764.93770920945
939,1.4165,8.345504155526044,5.891637243576451,0.00979214152423824,0.0,0.0
940,13.3265,52.31796718310587,3.9258595417480864,-0.0026830616058890477,0.0015,24767.814834554483
941,1.8205,11.17291314953543,6.13727720380963,-0.06951458455692006,0.0005,7806.780007701978
942,12.05175,49.76667310937706,4.129414658400403,0.012892492913940679,0.00425,25779.560104241657
943,2.6595,19.205787547477183,7.221578322044438,0.008729179870928583,0.00025,423.2831886364422
944,6.544,33.84244216546629,5.171522335798638,0.01837540385924985,0.00125,11619.995278525781
945,5.529,28.73227357669806,5.1966492271112426,-0.013240366772262036,0.0015,33435.114494706
946,51.913,101.003105585098,1.9456225913566545,0.13501042644790906,0.013,16076.52588321826
947,39.7765,91.02858396418473,2.288501601804702,0.08985348594617193,0.009,228.5517392966089
948,6.49,35.193870945635325,5.422784429219618,0.03538074561860105,0.00125,5637.797155996088
949,6.5305,33.4083163097104,5.115736361643121,0.012768297357346636,0.0005,26135.776264479136
950,4.88725,27.651739404792018,5.657934299410101,0.013134655815260965,0.0005,21762.912107423137
951,1.94125,13.784168428393329,7.100666286358444,-0.015387457255559456,0.00025,349.02787866874115
952,4.678,26.624293967302012,5.691383917764432,-0.0033096997206265577,0.001,24280.16922253272
953,1.879,14.12877434762625,7.519305134447179,0.03242348158169439,0.0005,652.6442634785269
954,1.3455,7.818338145209519,5.810730691348584,-0.018545986346977017,0.0,0.0
955,13.232,49.54087454378092,3.744020143877035,-0.02637025381212843,0.005,71276.74951397818
956,1.15775,0.7286958809556497,0.6294069366924204,0.03449232903921709,0.0,707.8347185487107
957,1.935,13.289542053133191,6.867980389216119,-0.03125801259675409,0.0,607.5959267131113
958,18.0905,61.261231985539574,3.3863758318199926,0.014353716093546076,0.0045,44272.53278013652
959,1.85075,12.134734747177047,6.5566579749707135,-0.03365071989154167,0.0,565.4148857018873
960,13.9385,54.330853832509774,3.897898183628782,0.013712607491211282,0.0025,7101.576242345174
961,14.32425,54.61632400344618,3.8128574971426903,0.015988543521582965,0.00425,29258.631468109168
962,13.88075,52.611339250126704,3.790237505187162,-0.0002545655798547042,0.0045,50807.9303002993
963,8.18425,37.48881372791331,4.580604664802921,-0.03252536705356279,0.002,47522.25601768911
964,8.40025,40.00294500208341,4.762113627818626,-0.0043351000504392445,0.0015,21422.82076020207
965,11.11575,46.59425509748517,4.191732910283622,-0.015713743256779544,0.00275,26201.503633775053
966,2.093,16.08217989351978,7.6837935468321925,0.019916910146523303,0.0005,0.0
967,20.36625,66.59254277038575,3.269749844492027,-0.04589870266125007,0.00625,28103.819507138523
968,5.91275,30.308361661992855,5.125933222610944,-0.029523830611236868,0.001,32937.34584366994
969,3.5895,22.81955680536321,6.357307927389109,-0.013625658150209219,0.00075,5067.757108466811
970,3.08775,19.795517562478416,6.410984555899414,-0.01595467546067808,0.0005,5893.202462558992
971,1.326,7.127652127889946,5.375303263868737,0.011081670696015955,0.0,0.0
972,3.49075,22.38908734731189,6.413832943439631,-0.02189647290494201,0.00075,9449.031517591118
973,1.64825,10.700217081858654,6.4918653613582,-0.020887181171401092,0.00025,806.6484724008668
974,1.39025,8.210012546519248,5.9054217202080554,0.002683384606059991,0.0,0.0
975,12.29275,50.224457901309094,4.0856974965983275,-0.020418664839499945,0.00375,18055.50213966069
976,3.392,21.96441314629679,6.475357649262025,0.004072011936889552,0.00075,3443.0434795036936
977,7.86075,36.40760549489582,4.631568933612673,0.00219311207230799,0.00225,36469.98060013562
978,15.293,58.09431459572516,3.7987520169832707,-0.008698378074746493,0.005,19789.156568650473
979,22.272,66.60020580188333,2.990310964524216,-0.045848729786098774,0.0035,81819.86990044959
980,2.9265,21.00324693578261,7.176916772862672,0.009764901897606482,0.00025,257.10221802128297
981,29.85575,79.88171388991975,2.675588919719644,0.03312307326191277,0.00925,30161.01950658868
982,7.90425,37.75568771623994,4.776631270043324,-0.029444679846698518,0.00225,29081.78311972156
983,20.9815,66.79863900030503,3.183692252713344,-0.04455668701329252,0.00425,16805.61008467797
984,15.11475,56.354059547155614,3.7284149289373367,-0.021906803736367886,0.0035,25104.83298227403
985,1.95675,14.871404409294241,7.600053358525229,0.017583955521286665,0.0,0.0
986,81.5265,117.91741782750663,1.4463691907233431,0.006769184708449227,0.01975,18995.135512647368
987,1.571,10.953673116296862,6.972420825141223,0.023107652033813597,0.0,0.0
988,11.473,47.777944221036726,4.164381087861651,-0.004818657226837386,0.003,27042.246851631317
989,37.86275,86.90526476398553,2.2952708074290835,0.06972178604477564,0.01175,119498.35463814731
990,73.02275,113.9337876111707,1.5602505741179387,-0.008156240376499202,0.01775,20691.362571387017
991,5.306,30.97168344300683,5.837105812854661,0.019354452030827973,0.001,1523.9135420267473
992,62.27325,108.12312766990131,1.7362692274757028,-0.030890175654437968,0.014,5219.902348991715
993,9.50075,46.02991079297681,4.844871277844045,0.014094754638618756,0.00375,5.674607802237241
994,1.15925,4.777247634490003,4.1209813538839795,0.8511237684651505,0.0,0.0
995,2.0875,13.768759509651142,6.595812938755039,-0.0475331911831296,0.0005,7410.725068986485
996,4.4115,25.540619580623737,5.789554478210073,-0.021356371093853133,0.00075,11841.835245277814
997,4.6985,24.334299605378433,5.179163478850364,-0.042368948731522416,0.001,25616.469692077582
998,12.416,50.1744288689775,4.0411105725658425,-0.02085148506637391,0.0035,33020.14228302213
999,8.01225,39.57980849179999,4.939911821498329,-0.008953376627848009,0.00125,19905.508301647023
1000,1.80275,12.720683801847944,7.056266149964189,-0.013170549941837972,0.00025,311.1482275745059
1001,7.47175,33.30738728044219,4.457775926716256,-0.03645843770909729,0.00125,55578.90855950355
1002,9.52025,41.64858630401254,4.374736619732942,-0.029345114036043674,0.001,33905.85599547084
1003,3.88575,25.30917492770913,6.513330741223478,0.03134512392958344,0.00025,2578.938618087962
1004,8.24925,39.17410212125801,4.748807724491076,-0.013428014022307977,0.0015,24571.65234707716
1005,14.2535,54.07780820341207,3.7940020488590216,0.01168515843113882,0.00275,28924.04096105608
1006,2.1825,16.416640041968606,7.521942745460987,0.02885627013901071,0.00025,275.94394586773905
1007,3.548,22.791414132070322,6.423735662928501,-0.014161591019733244,0.0005,3667.547802182502
1008,1.494,10.29237325580496,6.889138725438394,0.04777611602849097,0.0,0.0
1009,3.23025,18.30784064806111,5.667623449597124,-0.07501046851034832,0.00025,37059.0851149435
1010,9.5405,42.175645294577336,4.420695487089496,-0.02388364249174657,0.0015,41554.93018165339
1011,1.2295,4.08748169740938,3.324507277274811,-0.09759941531045047,0.0,6297.0
1012,1.1075,0.6380011844642959,0.5760733042567006,-0.023232500588896837,0.0,0.0
1013,3.4175,21.009963074386796,6.147758032007841,-0.015222303049569952,0.00075,20904.935831301464
1014,1.1225,0.7460783526058485,0.6646577751499764,0.04473045356953148,0.0,0.0
1015,5.28975,28.03423397394918,5.299727581445094,-0.023921666078291492,0.0005,30514.09261902946
1016,2.90875,18.313977554888787,6.296167616635595,-0.04973885892519925,0.00025,5433.334724736596
1017,4.0215,24.598969797102672,6.116864303643585,-0.011737015559025066,0.001,18327.876484188884
1018,4.2585,26.17933377932453,6.147548145902203,0.015304655455343097,0.0005,5619.310935217103
1019,16.15025,57.13882555919461,3.5379530074887144,-0.015900700705638426,0.00375,43781.055087547895
1020,3.061,20.334912248742093,6.643225171101631,-0.004279233883385913,0.00075,5863.618027256858
1021,17.7085,61.07605995007173,3.448968571593965,0.01303900243021805,0.0025,26309.944130036092
1022,20.49225,63.427054067916735,3.0951727637480873,-0.06704976034534615,0.0065,90120.5642372912
1023,7.805,36.25943548464891,4.645667582914659,0.00042203384628147766,0.0015,25036.972063727742
1024,3.331,21.4681195972018,6.44494734230015,-0.00585358612911735,0.00025,1700.91058830792
1025,6.39425,31.414137405708534,4.9128728788690665,-0.013961152531985599,0.002,41052.23156484222
1026,40.81225,91.48022003472609,2.241489259590591,0.0920028995562352,0.01325,53709.384758033375
1027,9.06675,40.26178768167568,4.440597532928081,-0.0015340108705861333,0.003,40437.1372905274
1028,19.657,64.26698929060018,3.2694200178358948,0.035155944751579904,0.007,30543.173675629714
1029,83.862,118.78057990488442,1.4163814350347526,-0.004615322844683245,0.019,34012.10865197378
1030,7.622,35.930403065734126,4.714038712376558,-0.0035369153994648794,0.002,53284.28293290815
1031,7.0675,37.903880009570855,5.3631241612410125,0.019684664027932453,0.00125,1175.353767438981
1032,2.9725,20.13559297056009,6.773958947202721,-0.008557112901146358,0.0005,1360.308142289895
1033,7.47375,36.31565113786192,4.85909364614309,0.0010948309177249982,0.00175,22711.072495248394
1034,6.1115,31.319559327185818,5.1246926821869945,-0.015270648731639413,0.00075,18874.66674697753
1035,1.32375,6.747133976120744,5.096985062225302,-0.012745490762588907,0.0,0.0
1036,13.193,53.2537908750226,4.036518674677678,0.005016605776929417,0.00325,11393.781258458079
1037,3.21,21.188821145485747,6.600878861522039,-0.011540797057932872,0.001,1816.0296409302475
1038,2.61775,19.218297809123733,7.341532922977264,0.0316474679907508,0.00125,1037.5544270795428
1039,12.07,48.76863946276092,4.040483799731642,0.004094523590054466,0.00425,38650.369877191675
1040,10.53525,45.384570034724455,4.307877841980442,0.007962846789392852,0.0025,26084.22879630152
1041,10.86075,46.76374740603413,4.305756730063221,-0.014136810305596548,0.00325,19028.53808568989
1042,4.61475,29.12391428076347,6.311049196763307,0.035661944598789574,0.001,1770.2381811977598
1043,3.294,21.612943895637148,6.561306586410792,-0.0029336660767711464,0.00075,1701.0830237673317
1044,4.8555,27.275567984960926,5.617458137155993,0.007186003538175889,0.001,9528.198668102565
1045,1.6745,11.806307508033305,7.0506464664277715,0.02183432095725646,0.0,0.0
1046,70.3905,113.57732811664276,1.6135320549881413,-0.009517127888959642,0.0215,6430.823197687309
1047,10.744,44.81046148350395,4.170742878211462,0.002434037963044311,0.00225,36176.33190832569
1048,8.83225,39.357087735581466,4.456065864936054,-0.01140411023230814,0.00225,51926.865363239034
1049,3.63325,22.88433236090582,6.298584562280554,-0.012394616955088367,0.00075,6468.517195579405
1050,10.94275,47.55879973564907,4.346146968143206,-0.006815230728662414,0.003,10370.04583804494
1051,1.4755,7.884855260917692,5.343853108043167,-0.06794568603583662,0.00025,2211.3786814934833
1052,2.71325,15.554163668913858,5.732668817438076,-0.08285627604763857,0.0,15905.366224387191
1053,1.81525,13.383773712492186,7.372964447041556,0.008897577706053372,0.00025,0.0
1054,5.9765,32.4398525545114,5.427901372795348,-7.419955398324518e-06,0.00125,14085.067557430262
1055,6.14275,31.84606593311573,5.184333715862721,-0.008030501626561826,0.00075,20129.72549095799
1056,11.5035,47.87717664776131,4.16196606665461,-0.003917584489259607,0.0035,22561.366502232653
1057,8.90875,42.21156686895054,4.738214325124237,0.019004408058389766,0.003,20651.39244082832
1058,2.62925,18.567982845054374,7.062083424951744,-0.005938214357106064,0.001,1992.1027929807074
1059,85.66225,119.70956005946186,1.397459908646596,-0.0012319293380786966,0.022,14526.13963812894
1060,4.598,28.920217681540482,6.289738512731727,0.03261375801397093,0.001,2154.7121396945295
1061,7.57075,36.84687120254384,4.867004088438244,0.007401611759955129,0.00275,20198.769023249362
1062,2.49025,17.86191946514273,7.172741477820592,-0.00013932407866246166,0.0005,587.3456832649186
1063,3.21175,18.810778114709134,5.8568624938769,-0.06324083149931536,0.00075,25033.52524863506
1064,14.61675,55.46086319445514,3.7943361687416934,0.022652701947229348,0.003,20202.48168634661
1065,1.45775,9.669828919651778,6.633393187893518,0.020679378928381675,0.00025,0.0
1066,3.30125,22.453296775117856,6.80145301783199,0.013632524487743325,0.00075,2168.5498862595964
1067,14.872,56.12425143286745,3.773820026416585,0.027816638851616782,0.00325,28861.626841281006
1068,16.56675,59.72690239879378,3.6052274826863315,0.003337981342455665,0.00575,26923.84354110573
1069,12.2055,52.76860715638898,4.323346618851254,0.03832951467756063,0.0045,326.83693811738993
1070,12.93825,52.65609749201201,4.069800590652678,0.00011474632216224023,0.002,5084.626170557141
1071,10.94675,48.268995104617645,4.409436143569337,-0.0003778588270806349,0.0015,2434.304508279046
1072,10.198,47.82272523876401,4.689421968892332,0.03068894272434375,0.003,597.03975423531
1073,11.2075,49.76090313308386,4.439964589166528,0.012842137646340346,0.00225,0.0
1074,9.92125,46.3606824438194,4.672867072578495,0.017204441706408113,0.00175,0.0
1075,7.328,38.144969205242745,5.205372435213256,0.022438264093435745,0.00125,17842.98678160917
1076,1.61975,10.405322081483341,6.424029684508931,-0.03302424203977794,0.0,255.6922127293279
1077,3.77,23.56160833531609,6.249763484168724,0.0002720688594135545,0.0005,5862.958158301923
1078,2.52,19.006233430832815,7.542156123346355,0.02682860789116348,0.001,347.75041544310545
1079,2.27125,16.673202222596263,7.340980615342327,0.006976911038053313,0.0,255.6922127293279
1080,2.11375,15.006085651799651,7.099271745381266,-0.010160584642562753,0.0,670.9387255350805
1081,5.446,30.26648474839382,5.557562384941943,0.009351623736090664,0.00175,28723.994047673536
1082,85.9035,120.09507439721922,1.3980230653840557,0.000164431446997515,0.02275,19703.899687874236
1083,1.435,9.860709071656506,6.871574265962722,0.029168734048049205,0.00025,0.0
1084,18.9165,62.39248138344312,3.298310014190951,0.02230024782124551,0.0055,75381.27836770905
1085,4.056,23.951080926951757,5.90509884786779,-0.023328816656077445,0.00075,8844.05419772621
1086,22.87975,70.19390704387398,3.0679490398222873,-0.023024884744244467,0.00725,29780.156922597645
1087,7.4815,36.383837121047485,4.863174112283297,0.0019094942842263762,0.002,22489.731021005693
1088,4.192,27.143826790509998,6.4751495206369265,0.03101714051219906,0.00075,948.5817126839851
1089,10.0015,44.01605787764019,4.400945645917131,-0.005334234474569488,0.00325,35864.29162543788
1090,5.59675,29.02576033678157,5.186181326087742,-0.00882675471556671,0.00175,30429.46779778955
1091,18.2605,62.62361830126303,3.4294580269578065,0.023906146623140945,0.00475,14660.136138295644
1092,2.875,20.01015933517659,6.9600554209309875,0.0265476062519443,0.00025,267.356799120151
1093,2.84525,19.9609346516024,7.0155292686415605,0.025477932288847427,0.00025,95.13919851391377
1094,87.365,120.01935234050406,1.3737692707663718,-0.00010948522620468637,0.0205,26494.035289977484
1095,3.43625,22.06457902044219,6.4211215774295205,0.006048053600566927,0.0,3068.533982764244
1096,2.402,16.857993474491455,7.018315351578457,0.011763774841859753,0.0,252.57046995224508
1097,15.02875,56.310972774861675,3.7468833252839837,-0.02223898041935235,0.00325,12894.463318388964
1098,1.70825,5.42475703923537,3.1756224435740497,-0.3508622104685547,0.0,17088.354024999713
1099,1.08025,0.38903441292977015,0.3601336847301737,-0.23806596605106822,0.0,0.0
1100,3.18875,19.430350178638474,6.093406563273531,-0.04916696453691238,0.00025,12075.759292558729
1101,1.0735,0.3848828181354995,0.35853080403865817,-0.24272546175192106,0.0,0.0
1102,1.784,11.880641035224151,6.659552149789322,-0.010402628310776985,0.00025,1041.8053120821185
1103,3.8975,23.590201740437465,6.052649580612563,-0.02992227989166829,0.0005,14194.983016476603
1104,1.562,10.077898938357782,6.451919934928157,-0.013082125454081828,0.00025,1622.577356912318
1105,1.622,10.813526209672395,6.666785579329466,-0.016312432526817577,0.00025,779.4835286449086
1106,1.67525,10.809023831343263,6.452185543258178,-0.016493295384189643,0.0,742.6114736373557
1107,2.05675,13.389281072910983,6.509921513509655,-0.02801076982905304,0.0005,1791.9293955066264
1108,6.632,35.74196340419755,5.389318969269835,0.04209211426792825,0.0025,20461.907278763105
1109,1.76125,12.313108933181747,6.991119337505605,0.0051252191565878125,0.0,676.233754096935
1110,1.133,3.6129730684850667,3.18885531199035,0.7298107387105035,0.0,0.0
1111,4.25,25.465901280575327,5.991976771900077,0.003305116362870786,0.00125,11394.855810821673
1112,1.49975,10.92013334467883,7.281302446860363,0.07348852992178989,0.0005,0.0
1113,80.66275,118.25342692997387,1.4660227543689481,0.008004959578811643,0.023,16304.057766316466
1114,2.449,18.574543127977687,7.584541906075006,0.016850689373297145,0.00025,313.5405132451934
1115,4.9475,27.539859380789846,5.5664192785830915,0.011373918866785404,0.00225,16440.9985172188
1116,1.724,11.794642953502251,6.841440228249565,-0.013557704011484262,0.00025,837.4824360618225
1117,24.1305,72.52002315353704,3.0053261703461196,-0.008866366894574984,0.00725,22682.83959175172
1118,6.78875,35.00181288396062,5.155855331829956,-0.014908465746466204,0.00175,22223.196166818005
1119,2.28375,17.786366257436086,7.788228246277432,0.035045124528715776,0.0005,0.0
1120,6.1395,33.138098514297496,5.3975239863665605,0.00924129315222233,0.00125,6911.144072539285
1121,2.7015,20.64199410740596,7.6409380371667455,0.04004870917781367,0.0005,0.0
1122,8.31125,40.23528417894846,4.841062918207064,-0.0018199920904096167,0.00175,8173.776868152237
1123,7.3035,37.38106771891289,5.1182402572619825,0.01365269748516651,0.00275,10891.61039311727
1124,7.9055,38.04298078288177,4.812216910110906,-0.026152527267338632,0.00175,35809.38797889224
1125,1.486,9.63153651417602,6.481518515596245,0.018956163825026184,0.0,0.0
1126,2.1135,14.45414640638057,6.838962103799654,-0.02643555624864158,0.00025,1707.182357564631
1127,4.65,28.034469548588174,6.02891818249208,0.019104543511345717,0.00025,2488.2732284795034
1128,1.2815,7.09262533082926,5.534627647935435,0.008942194094261224,0.0,0.0
1129,63.831,108.75845272556894,1.7038500528829086,-0.028345755288023522,0.01725,41114.12933853876
1130,3.22525,22.78015026836,7.063064961897528,0.01990899238772359,0.00175,1466.605521974616
1131,1.656,11.679287882459287,7.052710073948845,0.01713659373882037,0.0005,481.4409418064615
1132,1.39425,7.71110771764072,5.530649250594026,-0.02454366630838989,0.00025,312.11777204991796
1133,2.27275,15.980087554111192,7.031168212126803,-0.011462952086664924,0.0,6826.6458483128345
1134,3.226,21.696315505786494,6.725454279537041,-0.0012616044686359906,0.0,270.68467707687637
1135,79.31975,117.02560727519013,1.4753653065622385,0.0034721278002534106,0.018,19616.93499492034
1136,23.77975,70.96923909809124,2.984440084445431,-0.01825415204201497,0.0055,13828.194259385831
1137,14.5905,52.90704205041737,3.626129471259886,0.002179558769842105,0.0025,55658.58487414381
1138,11.08075,47.12095420849285,4.25250585100222,-0.01083203989859638,0.00475,16617.226366476614
1139,17.13,59.47763442882806,3.4721327745959174,0.001521676954354012,0.00475,33701.26074040283
1140,4.16375,25.740504644088336,6.182048548565196,0.007963122195452588,0.0,1813.2084278736518
1141,15.9515,57.375932647424484,3.596898890225025,-0.014102252212082167,0.003,18282.058918546365
1142,4.21375,27.532636496630932,6.5339985752906395,0.037193866147558374,0.001,749.4815315824435
1143,23.8185,69.81654993918958,2.9311900388013346,-0.025365917101828783,0.0075,60708.303122787605
1144,81.80825,117.9882654743043,1.4422538738367376,0.00703004101809368,0.01925,17692.4211869668
1145,1.165,3.660003265842326,3.1416337045856877,0.7354274873293005,0.0,0.0
1146,1.72075,8.429414759981796,4.8986864797220955,-0.15944507916427753,0.0,10512.708603678924
1147,1.09375,0.4604497160225493,0.42098259750633077,-0.16487177612935833,0.0,0.0
1148,1.26475,6.806374888461594,5.3815970653975835,-0.008948958745188973,0.00025,0.0
1149,1.1755,3.6975150647987363,3.145482828412366,-0.14114528421481953,0.0,0.0
1150,2.7605,18.11026325481741,6.560501088504767,-0.016778177199611166,0.0,5323.1858178513285
1151,1.85125,13.299618167389228,7.184128652202149,0.00615816510029954,0.0005,863.2861582449159
1152,3.6455,23.81284511872032,6.532120455004887,0.004878423703625234,0.00025,3209.587656974685
1153,1.752,11.561916600584423,6.599267466086999,-0.022212670143988644,0.0,946.5844895964107
1154,5.58025,29.70863865511486,5.323890265689684,0.0012723917730694811,0.00125,16974.338493588974
1155,7.224,35.553408208057945,4.921568135113226,-0.008117765285337919,0.00125,20766.064023572526
1156,3.18475,21.335684200244742,6.699327796607188,-0.008541017643934223,0.00025,1396.4157692389945
1157,6.05675,32.35235228097066,5.341536679072219,-0.0011804286271075437,0.00175,15803.023461591863
1158,23.33925,70.62145217151942,3.025866391230199,-0.020387657366368384,0.00675,20995.082485457406
1159,1.15075,3.1259346289271757,2.7164324387809478,0.6669259060108665,0.0,0.0
1160,3.461,22.66118622977039,6.547583423799593,0.017635047670396364,0.001,4303.333002081536
1161,87.03175,119.96191461116646,1.3783695560662226,-0.00031737553112343164,0.01875,835.1886019824593
1162,5.47575,28.861984780656883,5.270873356281219,-0.011284166381070104,0.00075,35679.440150811504
1163,3.2575,17.15634806186051,5.266722352067693,-0.10322274370346207,0.00025,42152.51376377173
1164,1.2625,6.119064837752756,4.846784029903173,-0.05517976966298899,0.0,0.0
1165,9.76925,43.50014448343845,4.452761929875727,-0.0104546791402238,0.0025,28230.581366630624
1166,1.33675,7.238539117089679,5.415028327727457,0.01778610099317457,0.0,0.0
1167,2.70375,15.881610193021384,5.873919627562232,-0.07380840830770707,0.00025,11759.999584447876
1168,11.965,48.777608477376106,4.076691055359474,0.004174387114253664,0.00325,40397.81657195376
1169,2.35575,17.031477027549162,7.229747225957407,0.01621020653956262,0.00025,416.94533261753384
1170,1.09875,0.6152991839515496,0.5599992572937881,-0.038967646489017294,0.0,0.0
1171,3.1515,19.929045121627507,6.323669719697765,-0.013035046062335631,0.0005,3464.2132687562257
1172,7.4605,37.92458316517221,5.0833835755207035,0.019921811560208003,0.002,11442.660055207642
1173,10.7875,44.721570281712104,4.145684383009233,-0.033529072046344366,0.002,61045.39516753826
1174,3.4355,20.447869536754876,5.951934081430614,-0.02699952660680638,0.0005,9680.13330632017
1175,3.68375,24.34478184412955,6.608695444622884,0.01447302356960356,0.00025,1366.4136430165431
1176,80.6085,117.74169611697094,1.4606610483630253,0.0061215120417501545,0.023,14794.506778725594
1177,3.696,22.522009107172387,6.093617182676511,-0.01932573382500946,0.00075,4116.656030693902
1178,3.0975,21.324297764962676,6.884357631949209,0.016353201713206644,0.00025,779.4895919455448
1179,2.14775,15.107348474566379,7.03403490842341,-0.007239758626438775,0.001,965.8281870060756
1180,2.3705,16.93648254095918,7.1446878468505295,0.013781112215732527,0.0005,811.0576301126073
1181,2.10025,10.41826929107015,4.960490080261945,-0.1686324267609265,0.00025,48237.211804917286
1182,1.0985,0.5953035751502309,0.5419240556670286,-0.05331549483385342,0.0,0.0
1183,1.08575,0.42596044191276566,0.3923190807393651,-0.19868471666613025,0.0,0.0
1184,4.63275,28.660665307551184,6.186533982526833,0.0286984680289053,0.0005,15740.812858761909
1185,1.1445,2.9294650008658283,2.5596024472396923,0.6387343281486215,0.0,0.0
1186,1.15325,3.9009702420945778,3.38258854723137,0.7631186517921091,0.0,0.0
1187,1.0895,0.44781679844691263,0.4110296452013884,-0.1769536048407236,0.0,0.0
1188,1.21075,5.323900864742355,4.397192537470456,0.017174723635241085,0.0,0.0
1189,1.16225,0.528199475739557,0.45446287437260224,-0.10525601977341381,0.0,599.6815921967352
1190,1.0925,0.4410128944750632,0.4036731299542912,-0.18360269789533024,0.0,0.0
1191,6.387,33.08000608676902,5.1792713459791795,0.008479289245876265,0.00175,60212.20852302937
1192,6.72225,33.57764091519619,4.99500032209397,0.014963888836011296,0.00125,16703.5196999187
1193,26.203,74.9947321047343,2.862066637588608,0.005706457106745111,0.006,30345.26750249883
1194,3.82,23.15154635277374,6.060614228474801,-0.007352859580853188,0.0,5327.663138795272
1195,5.07675,29.902038265151806,5.889996211188616,0.004090433187246889,0.00225,8451.794754125494
1196,2.86325,19.62441919891449,6.853896515817513,0.018093871738572798,0.00025,641.575787081323
1197,3.28525,21.5031853264184,6.545372597646572,-0.005144794245321993,0.0005,1811.5802785759815
1198,12.36675,49.31048697253828,3.98734404532624,-0.028394631231332568,0.00325,19986.93836817638
1199,82.85375,118.3667860294696,1.4286231586315596,0.008421079863170977,0.0225,49992.93611235686
1200,4.7925,27.33129513348056,5.702930648613575,0.008072412319560351,0.00025,22693.365296633237
1201,1.36975,8.25621439926021,6.027533782997051,0.0051205260862611235,0.0,0.0
1202,2.09575,13.947122014617305,6.654955035007662,-0.041943405342450335,0.00025,1335.5019225077613
1203,4.3625,25.10207406332334,5.754057091879276,-0.02887819291911331,0.0015,12126.584592506097
1204,4.28725,24.09704140114658,5.620628934899196,-0.02069021100657209,0.0005,27793.89699021502
1205,7.6965,37.72779790066746,4.90194216860488,0.017662452474835222,0.001,20317.54237958554
1206,1.2395,6.270483991875992,5.058881800626052,0.08824582712560658,0.0,0.0
1207,7.4365,37.424832962627505,5.032586964651046,0.014160866114642179,0.00225,28636.534566317074
1208,9.305,43.24672871890106,4.647687127232785,0.029526196863841614,0.002,5911.985355899722
1209,6.54425,32.331963765099815,4.940514767177265,-0.0014542081387851624,0.00225,30594.154577737172
1210,1.356,7.1895191978722846,5.302005308165401,-0.05496058847415497,0.0,0.0
1211,3.6295,22.75192612254117,6.268611688260413,-0.014914694715747467,0.0005,3305.457634665127
1212,20.64975,64.89526118036984,3.1426657068666612,-0.05711131632255628,0.005,44615.714224477786
1213,6.27125,33.50596716849812,5.342789263463922,0.014035867060742113,0.00125,8221.372009450326
1214,1.61625,9.652837938014105,5.972366860333553,-0.065624754884958,0.0,395.5393158468529
1215,1.642,10.226239777894842,6.227917038912815,-0.040563798193504974,0.00025,688.8424058600623
1216,3.8765,23.75576418120365,6.128147602528995,0.0038361418943062553,0.001,3227.533480358195
1217,10.16775,43.125874718144,4.241437360098743,-0.014207461657868015,0.00275,45861.223980213406
1218,4.08275,24.803532132320584,6.075202285792807,-0.00814040414596473,0.00075,11214.739572824239
1219,8.93525,41.53857148082571,4.6488426715341715,0.012024491832911322,0.0015,17039.060892809175
1220,1.58025,9.777548775256154,6.1873429996874885,-0.026222133264722225,0.0,303.20429628816754
1221,4.15975,25.374321547304405,6.09996311011585,0.0017405041869533733,0.00075,5902.717423605563
1222,7.141,36.42723369731374,5.101139013767503,0.0024271874214316647,0.00225,21230.320552081892
1223,12.09975,49.27159143328022,4.072116484495979,0.008550473553909255,0.004,35417.48498453348
1224,4.525,26.26014611190225,5.803347207050221,-0.00929066135919343,0.0005,5091.4525588985
1225,1.3775,8.31951304610619,6.039573899169648,0.008437470909112399,0.00025,0.0
1226,1.497,9.694043770334197,6.475647141171808,0.021765564701410445,0.0,0.0
1227,9.23625,40.99009005611237,4.437958051818906,0.0062518073166670796,0.00225,32864.19772109117
1228,35.553,85.87116894169925,2.415300226189049,0.06452307390014722,0.009,42171.06228585052
1229,10.4005,45.204280289471725,4.346356453004349,0.006234180521862642,0.00275,27905.786601510394
1230,10.3535,44.73349761870069,4.320615986738851,0.0016874774947310822,0.002,18009.45126438068
1231,2.30675,16.792785768030353,7.279846436774836,0.010080641007971458,0.00025,449.70559198242506
1232,7.7785,38.0164734136756,4.887378468043401,0.02097282267699807,0.0015,26477.139278556457
1233,4.16625,24.7816190572423,5.94818339207736,-0.008524258101403337,0.00075,7769.821138555655
1234,7.88875,36.88179008735221,4.675238800488317,-0.03961507343002735,0.00075,27303.060252249074
1235,81.61025,118.07536912131923,1.4468203334914331,0.007350536252641593,0.021,48705.38170140253
1236,1.50725,10.09672884754539,6.698775151796576,-0.01227143113879281,0.00025,0.0
1237,4.352,25.491018889228474,5.857311325649925,-0.022200604749712527,0.00075,25269.615245189354
1238,1.20275,4.613779814701243,3.8360256202047336,-0.04499837166824716,0.0,0.0
1239,3.585,21.18021306210915,5.908009222345648,-0.04600253900243967,0.0,10827.67327489389
1240,5.861,30.569311403757936,5.215715987674106,-0.025800635512082115,0.0005,32578.234449199805
1241,1.56075,9.751952859999168,6.2482478680116404,-0.027360531092573415,0.0,439.2342856424485
1242,1.28975,7.222488215394012,5.599913328469868,0.01682201721982346,0.0,0.0
1243,11.45,47.88720910847749,4.182289005107205,-0.003826589443231221,0.0045,26656.991891250622
1244,1.323,7.61739306910785,5.757666718902381,0.0399415417512744,0.0,0.0
1245,185.34975,112.78595698472724,0.60850342115232,-0.02710573521291071,0.04425,113100.802388733
1246,72.16775,113.08518990115923,1.5669767992096086,-0.011403043999425932,0.0155,36683.3601728218
1247,6.12425,32.08209979442282,5.238535297289108,-0.004823506145075651,0.001,13841.844552189797
1248,1.92825,11.058262667833844,5.734869787545103,-0.11108112680263926,0.0,2013.9022805708662
1249,2.74375,17.476625648234048,6.36961299252266,-0.03224535687438057,0.0,1660.3061439202008
1250,5.978,30.07042689493135,5.030181815813207,-0.03294669793788496,0.002,27700.91198963919
1251,10.0465,43.58225775528113,4.338053825240743,-0.009635653699842761,0.00225,23080.64891224883
1252,4.2505,26.746487496461096,6.292550875534901,0.024612821212091296,0.001,4711.545297044359
1253,2.684,17.327282033708254,6.4557682688927915,-0.035972496158284795,0.00025,2799.1766897909497
1254,4.53475,26.829624477895816,5.916450626362162,2.679454997878139e-05,0.00125,6576.867029163593
1255,56.32025,103.87492088918736,1.8443618572216451,0.14718640505930147,0.01275,53418.39121020398
1256,2.597,17.102535343591452,6.5854968592959,-0.019006954392364772,0.0005,2340.4935969714106
1257,3.24025,22.533918307877045,6.9543764548652245,0.015189123366722068,0.0005,356.2469637745767
1258,64.56675,110.02633545229416,1.7040711426902262,-0.023312127121493553,0.01775,27621.00889991075
1259,85.8455,119.36569721728283,1.3904712211738859,-0.0024812249746939408,0.022,13220.32202699659
1260,4.38425,25.730713541259124,5.868897426300764,-0.0181359696957204,0.00025,14372.064271191233
1261,2.597,17.393424729073676,6.69750663422167,-0.011682348889372474,0.0005,1818.752282662621
1262,1.7255,12.028770618007691,6.971179726460557,-0.005021259295271863,0.00025,329.10664029835056
1263,1.168,4.523095245255111,3.8725130524444444,0.8273817474264638,0.0,0.0
1264,3.31075,21.13160714765114,6.382725106894552,-0.012715063939787274,0.00025,4060.8926400988084
1265,2.22475,14.723957897642293,6.618252791388828,-0.018403438696751317,0.0005,1912.0096349063738
1266,2.5265,17.655543812265506,6.988143206912926,-0.005186352085522872,0.00025,1191.4691388964966
1267,18.80625,62.68539363824237,3.3332213300494447,0.02433434711289051,0.00425,38799.94938775199
1268,2.017,14.690802085539072,7.2834913661572,0.012277479601900732,0.0,0.0
1269,2.6275,19.003645134081395,7.232595674246012,0.004133971433197825,0.0005,449.24111033728593
1270,1.83175,13.964211103225052,7.623426288098841,0.027335398183221393,0.00025,0.0
1271,2.5125,18.85836029956733,7.505815044603912,0.023436477930579347,0.00025,432.1314937138189
1272,3.5585,22.51898874202594,6.328225022348163,-0.019383979777854332,0.00075,4190.914347877081
1273,9.0895,39.80205447756634,4.378904722764326,-0.006521575361892351,0.00175,39245.717679561436
1274,3.02825,20.82125916331158,6.875673792887503,0.005985453361943005,0.0005,1311.7663326537272
1275,10.7715,46.25556920167065,4.294255136394249,-0.018882086743340132,0.0015,36949.81779201989
1276,4.40425,25.783677616766802,5.854272036502651,-0.017242937153940652,0.0015,27313.17405305741
1277,1.57125,10.503737694929884,6.684956369088231,0.004891743407744231,0.0,0.0
1278,7.9825,37.59537267752097,4.709724106172374,-0.0312926708735235,0.002,29236.700635970537
1279,5.97925,31.3164812828243,5.237526660170472,-0.015313332709404381,0.00175,32278.183910217256
1280,2.64175,17.993425126263304,6.811176351381964,-0.019589099513767305,0.00075,2476.8131562979484
1281,11.188,47.421538952138064,4.238607342879698,-0.008070472459380973,0.003,12894.251265871648
1282,1.70675,12.631038762609972,7.400637915693554,0.016196565416331632,0.00025,0.0
1283,2.10525,16.456970571997804,7.817109878635699,0.02992188691212405,0.00025,0.0
1284,90.78575,121.74718658473313,1.3410385064256576,0.006098169953126842,0.02275,17153.85989224082
1285,1.489,10.07091032671338,6.763539507530812,0.038329317338149704,0.00025,0.0
1286,13.77575,53.86207610878165,3.909919685591104,0.009949166520167863,0.003,18084.590758412243
1287,22.27075,68.21719607912455,3.0630848121021765,-0.03543043627647591,0.005,56072.19421894838
1288,5.65425,29.90729540625714,5.289347907548683,0.004166780714910612,0.0005,18979.085711971475
1289,9.818,43.14586037288895,4.394567159593496,-0.014006244892746489,0.003,32596.517539313867
1290,89.3385,120.6591006612974,1.3505834624635225,0.0021993198739109765,0.0195,13742.395454010859
1291,4.0355,25.26789180638315,6.261402999971045,-8.492618749089687e-05,0.001,3577.0604375408693
1292,2.3145,15.541282849821458,6.714747396768831,-0.023555241916749292,0.0,1081.3720964496858
1293,1.31425,7.808248146817605,5.941219818769341,0.050688782116641073,0.00025,0.0
1294,26.62375,75.96562959758539,2.853303144657886,0.01129284061552216,0.0065,23852.50561299249
1295,2.94475,20.940960541355274,7.111286371119882,0.00847506194552361,0.00075,170.62548535844422
1296,3.0,22.26675665904283,7.422252219680943,0.0351354264687056,0.0005,0.0
1297,29.9765,78.76951254626815,2.627708790094512,0.02703385693338345,0.00975,43401.88769231014
1298,2.4735,18.453818943741755,7.460610043962706,0.014018804305514054,0.00025,0.0
1299,3.6225,23.70769932958227,6.544568482976472,0.002956547131337972,0.001,2323.540565106344
1300,3.97775,23.949763103748676,6.020932211362875,-0.023352712825631228,0.0005,6731.619906984853
1301,8.09675,38.300419318429036,4.730344807290461,-0.023223536442926296,0.00175,17976.841183182976
1302,1.50875,9.946992465176372,6.592869902353851,-0.018760335405485495,0.00025,0.0
1303,3.175,21.510486983389416,6.774956530201392,-0.004997349528726769,0.001,2012.3362497770795
1304,1.666,10.891813526703213,6.537703197300849,-0.013179572351414981,0.00025,0.0
1305,41.297,91.7936833942171,2.2227688063107998,0.09348849611423105,0.0125,42961.89100128222
1306,3.68525,23.67749645543421,6.424936288022308,0.002402916693006407,0.001,2887.3551982480453
1307,7.16875,37.26697573331618,5.198531924438177,0.012325146056751501,0.00225,25996.32301443916
1308,6.1425,33.813799505664136,5.504892064414186,0.018007681693932298,0.00125,16180.106204025222
1309,2.09925,14.133518264117063,6.732651310761969,-0.0361777211718064,0.0,1999.7554739288043
1310,91.8515,121.8001304009623,1.3260548864304045,0.006286989176314872,0.0235,29055.044365895046
1311,3.99575,24.911400530813232,6.234474261606264,-0.006255790359234847,0.001,5949.300965961498
1312,1.52025,10.213798037708047,6.718498955900705,-0.007264858277437725,0.0,0.0
1313,7.541,35.81801294757818,4.749769652244819,-0.004897515417437326,0.00225,33546.10278163772
1314,1.38625,8.61978167336761,6.218057113340025,0.02383582970987541,0.00025,0.0
1315,1.33975,7.827524351406899,5.84252610666684,0.05175960270159463,0.0,0.0
1316,6.1795,33.54965982940314,5.429186799806318,0.014601829532967514,0.00125,6103.462207381134
1317,179.055,115.97029254161622,0.6476797215471013,-0.015014011386751847,0.044,279401.2149584108
1318,11.148,46.67056493559781,4.186451824147633,-0.015003058370645084,0.002,28270.07473466714
1319,83.097,119.07540186298851,1.432968721650463,0.011013280201897402,0.0185,5101.497728064345
1320,2.215,16.37645633464457,7.3934340111262165,0.027791925931465844,0.00025,0.0
1321,5.67775,31.49459290549841,5.547020017700394,0.02662563937149831,0.001,9384.30041791274
1322,3.763,23.646260114537164,6.283885228418061,0.0018295990428547348,0.00025,3680.6240417238732
1323,11.18825,46.9654261105969,4.1977455018074235,-0.01226784933224545,0.003,29338.977654907067
1324,2.06725,14.59143429982918,7.058379150963444,0.00932995564260053,0.0,0.0
1325,5.14575,30.6524126218049,5.956840620279824,0.01485430337542959,0.00125,5310.789322564255
1326,9.566,43.19355350936284,4.515320249776588,-0.013526443903356666,0.0015,13544.646652758387
1327,3.4495,22.343080652928453,6.477193985484404,0.011495461045659017,0.0015,5299.915025751442
1328,6.5485,32.699831306780055,4.9934842035244795,0.003459220664571383,0.001,17550.588550325887
1329,1.5705,10.9648112852721,6.98173275088959,0.02354903709057221,0.0,0.0
1330,3.038,20.178859050703213,6.642152419586312,-0.007624929719592943,0.001,7316.179797575763
1331,16.76925,58.72248365795881,3.5017954683697132,-0.004027594572573179,0.00275,31853.08508242071
1332,6.811,35.57100087185847,5.2225812467858574,-0.007902919297435806,0.0005,10108.569741218775
1333,10.97125,45.99540539844107,4.192357789535475,-0.021331665279925804,0.0025,33329.13957835158
1334,5.222,31.015676827247592,5.939424899894215,0.01997090309893612,0.00075,757.2414867282776
1335,5.07325,28.5755231722648,5.6325872315113195,-0.015616169344142783,0.00075,10500.924614618007
1336,3.16425,20.921465026670948,6.611824295384672,-0.017055499417540032,0.00025,1782.5413211431974
1337,28.52675,76.92775347201466,2.696688317877594,0.01675874890710105,0.00625,56114.17075602696
1338,7.35575,35.739222360611535,4.858678225960852,-0.0058539059438962315,0.0025,26925.884132458286
1339,11.41675,48.20620840794023,4.222410791857598,-0.0009431423146692985,0.00325,18297.061115640252
1340,1.5685,9.853379116831192,6.282039602697604,-0.02286693142321239,0.00025,980.9764223110578
1341,11.99475,48.64147120120499,4.055230096601012,0.0029605857417942527,0.0035,35211.917749116765
1342,7.9255,38.43551446179673,4.849601219077248,-0.02169436665187896,0.0015,19680.37338924723
1343,11.7815,48.860404137943135,4.147214203449742,0.004910938507824092,0.00225,28247.664096051976
1344,3.8965,22.422064467701194,5.754411514872627,-0.021257266661877106,0.00075,19021.19104817233
1345,2.97975,20.613989766200532,6.918026601627831,0.0016405195880528911,0.0005,903.0946149492919
1346,8.744,40.89720784359673,4.677173815598894,0.005266593475292458,0.002,14297.987349443665
1347,3.705,23.043463830473197,6.219558388791686,-0.009385101959056064,0.0005,4638.816153875102
1348,2.0845,14.475695015664934,6.944444718476822,-0.02578858112706439,0.0005,536.5176757119659
1349,9.626,45.3817529396449,4.714497500482537,0.007935888578277872,0.0035,1375.364457117872
1350,9.65075,45.643806959059944,4.729560599855963,0.01043648135990427,0.00225,578.3954792386364
1351,2.5845,17.41998058784568,6.740174342366291,-0.011019784279055367,0.0,817.1568550158329
1352,65.03475,109.9109259598373,1.69003380438669,-0.0237679090113998,0.01425,20269.799681695615
1353,5.51725,32.706163420965936,5.927982857576861,0.043019242706774596,0.00075,586.0503191355348
1354,11.35625,48.32627332115293,4.255478113034931,0.00013718951214936048,0.00375,22830.40803110653
1355,4.6225,29.80973245078186,6.448833412824632,0.045770278615764326,0.00075,0.0
1356,4.709,25.801487325095167,5.47918609579426,-0.016943057978703102,0.001,21713.256900476466
1357,1.19225,4.436294637986611,3.720943290406048,-0.0620348540871728,0.0,0.0
1358,2.642,17.40015883208672,6.585979875884451,-0.03414972793429527,0.0005,2582.9304742420836
1359,7.38225,35.68380540847077,4.833730286629519,-0.006527842126665684,0.00175,27833.288696154657
1360,8.1285,40.468740003604886,4.978623362687443,0.0006926176647956694,0.00275,7594.72244973681
1361,6.77575,33.976154236488796,5.014375417701183,-0.027824785039379574,0.002,34903.45177192113
1362,9.0065,40.32226344071282,4.477018091457593,-0.0008821624463972721,0.00275,40132.98972534855
1363,1.43575,8.94264304630703,6.228551660321803,-0.013273515765845345,0.00025,0.0
1364,2.93975,19.69911504918254,6.700949077024421,-0.018074819892758054,0.0005,2370.419057694268
1365,13.9015,53.557781010107966,3.8526620156175926,0.007488652435309939,0.003,26298.1453970075
1366,6.37875,33.388972795124715,5.234406865784788,0.012516766734095741,0.00125,13794.11132849963
1367,3.6085,22.650529560527787,6.276993088687207,-0.016854503473432203,0.00125,6491.991253411897
1368,1.51875,9.632956290735716,6.3426872696202246,-0.032692534678460894,0.0,0.0
1369,5.27275,28.2746568766603,5.362411811039836,-0.02021301641719786,0.0015,19317.000823107464
1370,4.67325,25.404179331743425,5.436083952654667,-0.023682629716445414,0.0015,19441.63691334842
1371,2.723,19.161160155758537,7.036783017171699,0.007718860319011034,0.00075,1458.9633246355327
1372,1.90975,12.23321371582113,6.405662372468192,-0.030140444451505877,0.00025,482.29430650572704
1373,1.39325,8.885513070337065,6.377543922725329,0.03702207384442602,0.00025,0.0
1374,4.54225,27.22055206183625,5.9927463397735155,0.006309129370753563,0.0015,5425.951832169209
1375,2.1965,13.346925595646136,6.076451443499265,-0.061046766194194246,0.00025,2734.5801176932914
1376,6.66225,34.27922754814969,5.145292888761258,0.02394473537677233,0.00175,16924.61971717061
1377,18.7695,62.220082806326346,3.3149568612017553,0.021098574474981868,0.00475,51095.03612692572
1378,3.21625,21.55762437583702,6.702720365592544,-0.004046691746925735,0.00125,2582.4345413622996
1379,8.473,39.74793385273491,4.691128744569209,-0.0071125067458222,0.002,21726.300941891324
1380,9.6845,43.2184673343431,4.462643123996397,-0.01327601724034877,0.00225,22553.85304934973
1381,1.8635,11.858120487892519,6.363359532005645,-0.0436651486253361,0.0,241.09165397526831
1382,26.304,71.40771211386999,2.714709250071092,-0.015579182370020428,0.00575,117616.69171306316
1383,11.4935,46.10432040318955,4.011338617756954,-0.020304491589731022,0.0015,43169.33148572126
1384,4.21975,25.73486993983465,6.09867170800039,0.007868042907770434,0.00025,4154.75599415278
1385,9.33275,41.30119216870306,4.42540432013105,-0.032982790732992484,0.00175,32971.78022127239
1386,1.44025,8.92187367625062,6.194670144940544,-0.014283341781534786,0.00025,0.0
1387,11.168,47.8105609508465,4.281031603764909,-0.004522277106687955,0.00425,15292.634119971899
1388,79.0195,116.53943744445469,1.4748187149305514,0.0016641416784572982,0.0175,13212.6108371013
1389,30.15375,79.83935866310196,2.647742276270844,0.03289273869899145,0.00675,25646.65256171164
1390,12.23975,49.000801417654316,4.003415218256444,0.006157066743003092,0.00225,42439.8673949408
1391,2.4985,18.636129535958382,7.458927170685764,0.018288269489622255,0.0,0.0
1392,2.85225,20.036498827360397,7.0248045673978075,0.027118894758197953,0.0005,1323.9901250685273
1393,79.5785,117.12566304181908,1.4718254684596854,0.0038432867516062785,0.01725,3933.6055811045735
1394,88.49,121.19959461744853,1.3696417066046844,0.004140403142808502,0.026,4479.271936594282
1395,3.00775,22.38568671450398,7.442668677417997,0.037448885041384994,0.00025,0.0
1396,29.31375,78.45939574157153,2.6765390215025895,0.02532065809298567,0.0065,41567.76957124799
1397,13.80925,53.30156309710484,3.8598448936115166,0.0054060224144842906,0.00575,31683.397800401173
1398,7.42875,37.38660004471156,5.032690566341788,0.013716967473590858,0.00175,14834.12681775346
1399,4.391,25.047793655165478,5.704348361458774,-0.02981832265490314,0.00075,17645.06547905353
1400,5.934,30.836567050611627,5.19659033545865,-0.02202026827426562,0.001,44065.33707769393
1401,14.0065,53.83961026659103,3.84390177893057,0.009767984743641156,0.00475,18400.329718588717
1402,15.45775,55.03378411744981,3.5602713278096623,-0.03220263440131976,0.00375,56777.10284054246
1403,11.0065,47.839770261307315,4.346501636424596,-0.004257030921193561,0.00425,28712.047140124447
1404,8.5105,40.229000520404654,4.726984374643634,-0.0018878223892182522,0.00175,31558.911328451908
1405,1.93325,14.057300464939575,7.271330901300699,-0.006866100688809107,0.00075,693.0131169501486
1406,1.8345,13.698905969317003,7.467378560543474,0.019004877208544046,0.0,0.0
1407,2.06275,14.398338114956815,6.980166338604686,0.003544339487513426,0.0005,1982.7682689593462
1408,3.383,21.621451912295317,6.391206595416883,-0.002762738061461434,0.001,5151.642022308176
1409,72.24725,113.82417846546636,1.5754811216408426,-0.008574251229340302,0.01625,19123.373440631898
1410,1.38525,8.558366891437997,6.178211074851468,0.020730464258061687,0.00025,0.0
1411,26.65125,75.32613510658186,2.826364058217977,0.007621383900884293,0.00775,22772.517719659474
1412,100.73775,123.83801289707887,1.2293108878953407,0.013493210629224262,0.02375,60394.970127111075
1413,9.87075,43.609672038566494,4.41807076854003,-0.009362557958605189,0.00225,18749.42130233598
1414,68.0275,111.98123143097774,1.646117106037672,-0.015663536649541676,0.02025,16073.105222739341
1415,12.27925,49.134140985572316,4.001395930987016,-0.029950555054726324,0.00425,41966.193634541
1416,2.6145,19.728486841323186,7.545797223684523,0.04302632551086316,0.00075,0.0
1417,88.18925,119.86913942747846,1.359226203051715,-0.000653376659121907,0.0195,13974.57576043478
1418,12.05975,51.421121271960956,4.263862955033144,0.02709542617744276,0.003,190.2718504014271
1419,6.1805,33.4999026956819,5.420257696898616,0.013957254034979938,0.003,20655.43824917739
1420,1.683,11.683220249950448,6.941901515122073,0.0172827942673488,0.0005,227.5594143825712
1421,1.91225,13.52951632137944,7.075181760428521,0.013601263465909064,0.00025,382.60094344977574
1422,1.884,12.95538515448789,6.8765313983481375,-0.005230678649242204,0.0,234.181841992466
1423,2.20775,16.071097037150093,7.279400764194358,0.019617517735225576,0.001,1378.6608013546952
1424,14.59225,53.61601588357072,3.6742802435245228,0.007960616430638945,0.00575,59332.82120258103
1425,4.952,27.986157332698657,5.651485729543348,0.018355471780484356,0.001,13597.281686345921
1426,19.923,65.24164075896796,3.27468959288099,-0.05479942641851676,0.00475,22605.00362752171
1427,4.717,28.66965117026289,6.077941736328787,0.02883460928409276,0.00075,2544.7378865407645
1428,12.235,51.774437931336124,4.231666361367889,0.030069276530713562,0.002,305.2960215670636
1429,7.375,35.75329284817514,4.847904115006799,-0.005682958393159909,0.001,21166.5338125136
1430,83.09825,118.51846798601025,1.4262450531269943,0.00897725332366539,0.02,31643.060268194648
1431,85.32425,119.40630250622056,1.399441571490175,-0.002333513742957205,0.02125,19293.23389060846
1432,3.0655,22.52459875641039,7.34777320385268,0.040135526866623916,0.0005,0.0
1433,74.002,114.93657424869163,1.5531549721452345,-0.004350527076456334,0.01875,9534.637392050741
1434,22.0945,68.7915920773399,3.1135165800239832,-0.03178894032092949,0.00575,27885.85920814269
1435,3.149,21.235301587412813,6.743506378981522,0.014536896778754027,0.0005,1258.0423387694211
1436,2.40475,17.933106995697365,7.4573685396392,0.03861343310719967,0.0,0.0
1437,5.247,30.769443944767147,5.864197435633152,0.016509288168155223,0.0015,2773.08602053005
1438,10.53425,45.61748092101201,4.330396651020434,0.010185920500260348,0.00175,29933.09988536531
1439,3.274,20.643121338950987,6.305168399190894,-0.022872226842344245,0.00025,4022.619674461654
1440,7.724,37.9834438868091,4.917587245832354,0.020595334314625235,0.0015,17234.48675226252
1441,9.447,42.14688340726081,4.461403980868086,-0.024179912767968492,0.0015,30951.675238972985
1442,4.17525,26.630374230292205,6.378150824571511,0.022723334693592445,0.00075,929.5512086248285
1443,1.8805,13.652703718667137,7.2601455563239226,0.017537658143747636,0.0,582.356672443295
1444,2.39275,15.244789219175326,6.371241968101693,-0.031920682543227,0.0005,14313.537087347071
1445,4.33125,25.932000320022546,5.987186221073027,0.01118208346550631,0.001,34146.162689963785
1446,1.29325,7.1217226968650476,5.506841443545368,0.010720234583170174,0.0,0.0
1447,4.34375,25.62081560929748,5.898317262572082,0.005939016070839909,0.0005,12709.011206014928
1448,1.28,6.865849180636202,5.363944672372033,-0.00517056545713912,0.0,0.0
1449,1.2945,7.54009171003569,5.824713565110614,0.03551180354152694,0.00025,0.0
1450,1.29575,7.526648958775556,5.808720014490107,0.03473683643067804,0.0,0.0
1451,14.952,56.350625943826614,3.7687684553121064,-0.0219332657236897,0.00375,23548.29709913197
1452,1.71825,12.487688037648578,7.267678182830541,0.011239538317580955,0.0,0.0
1453,9.718,44.685838719280085,4.598254653146746,0.0012245351415558492,0.004,15369.966133712964
1454,26.51925,74.0997761376066,2.7941882269523686,0.0004925949611491731,0.00725,57979.59163035179
1455,1.7085,12.491178292450375,7.311195956950761,0.011360904787194981,0.00025,0.0
1456,6.372,32.99287420697247,5.177789423567557,0.007333859642662199,0.00175,14678.12784047756
1457,11.21875,47.19497049207084,4.2067940271483755,-0.010150397424540936,0.003,14188.132864117988
1458,87.39775,120.77823641093264,1.3819375946283816,0.0026279197209002625,0.024,60482.972465510305
1459,7.367,36.029534313333954,4.890665713768692,-0.002340355685296558,0.00225,23106.59630167046
1460,1.83275,13.39463069555737,7.308487625457574,0.009249736708646372,0.00025,6297.0
1461,1.0635,0.3098253507009784,0.2913261407625561,-0.33693703562875515,0.0,0.0
1462,2.1685,12.520634940961708,5.773869006668992,-0.0888016524470443,0.0005,50747.83923815484
1463,1.08175,0.40262571249994894,0.37219848624908614,-0.2231524792182979,0.0,0.0
1464,1.1705,4.5615931189602765,3.897132096506003,-0.049938691490490794,0.0,0.0
1465,1.09775,0.5174571266969781,0.4713797555882287,-0.11417961292892875,0.0,0.0
1466,10.377,44.19987305631713,4.259407637690771,-0.0035243565425573387,0.0035,88600.92716026207
1467,1.0925,0.46690282668066013,0.42737100840335024,-0.15882748238384242,0.0,0.0
1468,1.07725,0.3838219213604523,0.3562979079697863,-0.24392421046290114,0.0,0.0
1469,1.14125,3.891090282092648,3.409498604243284,0.7620173219458135,0.0,0.0
1470,1.091,0.43158494690106824,0.39558656911188655,-0.19298769691760514,0.0,0.0
1471,2.3915,17.05411793335032,7.131138588062019,0.0167871553598562,0.00025,8435.59158382668
1472,1.094,0.47667683518427906,0.435719227773564,-0.14982993833153346,0.0,0.0
1473,80.8635,117.83027141174394,1.4571502768460918,0.0064481023739464405,0.01975,6191.927938151582
1474,1.671,10.974418821382606,6.567575596279237,-0.009898239404029008,0.0,0.0
1475,9.1555,43.83003636516793,4.787290302568722,0.0353447658269328,0.0015,741.6934141758298
1476,10.647,44.18395009912073,4.149896693821802,-0.0036808388551325955,0.004,57707.055230024256
1477,74.9435,115.04528309339985,1.5350935450492684,-0.003939958560724932,0.02125,28058.703785192556
1478,3.4655,21.033328552026525,6.069348882420004,-0.014739586370731361,0.00075,18992.930614590925
1479,1.30975,7.646072229755329,5.837810444554555,0.041573571651214114,0.0,0.0
1480,2.609,17.905621235186302,6.863020787729514,0.0009219424581070612,0.00075,3651.425410017749
1481,5.86625,33.06607328120562,5.636662822280949,0.00829633235044347,0.00125,9950.283976190954
1482,2.878,19.10100332658001,6.636901781299517,-0.03146535629773717,0.0005,2904.6497358587358
1483,1.16925,4.844065511548131,4.142882626938748,0.8571560223569283,0.0,0.0
1484,11.308,48.491803428517045,4.288274091662278,0.0016222196775124154,0.00275,17523.829888599572
1485,82.56425,118.63501143600949,1.4368811130242143,0.00940410079336651,0.01825,9473.078607358244
1486,4.71675,28.59988650002747,6.063473048185184,0.02777651007341797,0.00025,1520.2597102836542
1487,83.1025,118.80938056810895,1.4296727603635142,0.01004195595481061,0.0205,28052.854072716833
1488,1.565,10.030699314214491,6.409392533044404,-0.015120912414929855,0.0,0.0
1489,7.54925,39.23150968641876,5.196742681248967,0.03463601621553192,0.0015,1040.5705118819867
1490,8.38775,42.24193408434676,5.036146056373492,0.019316729383068276,0.0025,1231.8534466293866
1491,5.73825,31.446231146209318,5.480108246627338,0.025958242665331754,0.001,8283.429791221213
1492,5.176,29.318030471497945,5.664225361572246,-0.004475567836835559,0.00125,11578.856995686525
1493,2.949,19.720347918596865,6.687130525126099,-0.01760696375169646,0.00025,1696.0557731237698
1494,87.98375,120.21251077934639,1.3663035592293622,0.0005889039142745744,0.0205,919.8889286420437
1495,1.6505,11.8716293593555,7.192747264074826,0.024230559422290687,0.00025,6296.999999999999
1496,1.1425,4.8032240724718,4.204134855555186,0.8534788615473943,0.0,0.0
1497,15.853,58.769016839956436,3.707122742695795,-0.0036835849184622127,0.00325,27546.147698507477
1498,2.0405,14.886563142328978,7.295546749487369,0.01802641548886652,0.00025,616.5339763250976
1499,2.29125,17.64812419237176,7.702400083959307,0.03165644475000362,0.00025,0.0
1500,2.23025,16.630420248956852,7.45675159688683,0.034475218302028265,0.0,417.36932682510576
1501,2.30725,16.5273148294382,7.163209374553343,0.00316019351441299,0.00075,1417.4261991614942
1502,1.799,13.614842635337226,7.568005911805018,0.04877012348792609,0.00025,0.0
1503,4.3945,27.138699250318716,6.1756057003797284,0.005001228677526726,0.00075,5033.952089629741
1504,68.83725,111.59565027243414,1.6211520691549146,-0.017161508481194687,0.01775,48342.8578617453
1505,2.90825,20.789513772770807,7.148461711603476,0.005322795610609443,0.001,1622.776408489297
1506,5.39375,29.141851739692253,5.402892558923245,-0.007093215351540172,0.0015,29035.008997354907
1507,2.4105,14.077376633564253,5.840023494529871,-0.06652037643897413,0.00025,4746.880825798477
1508,1.25425,6.012998085314305,4.794098533238433,0.0700358292206319,0.0,0.0
1509,13.24175,51.039465746649675,3.8544350819679933,-0.013427802940290556,0.00375,39021.71446671792
1510,1.225,5.7332445022980485,4.680199593712692,0.04934522693543009,0.0,0.0
1511,6.89025,33.23013339393697,4.822776153831423,-0.03746691988128892,0.0015,27646.329541756142
1512,4.48625,26.153390045847257,5.8296773576700485,-0.011059808717316377,0.001,7176.371159043199
1513,1.677,10.729466499450973,6.398012223882512,-0.019701641637013045,0.0,451.90460869247056
1514,1.313,7.781623829083125,5.926598498920888,0.04920540809847895,0.00025,0.0
1515,2.52325,18.397216469644466,7.291079548060821,0.012684667491257073,0.00025,462.6255124787087
1516,4.537,28.155129351988545,6.205671005507725,0.02096972740213454,0.0005,3896.7829171984185
1517,3.33775,22.028367783026866,6.599765645427867,0.0053347266279790695,0.00075,2340.1797959315904
1518,4.6335,29.562089862512423,6.38007766537443,0.04214733328279752,0.0,176.97248995506428
1519,9.82775,44.30944494873995,4.508605219784788,-0.002449068795834508,0.00225,15906.237288201475
1520,4.34,25.782582985347865,5.940687323812872,0.008672489444984777,0.0015,23141.897099020112
1521,1.1655,3.5133595992893287,3.0144655506557947,0.7176686173756022,0.0,0.0
1522,8.559,38.66547262989842,4.517522214031828,-0.019103741982108513,0.0025,28813.384727386485
1523,1.23325,5.792558404601345,4.696986340645729,0.05381518500811455,0.0,0.0
1524,9.5965,42.86993871772405,4.467247300341171,-0.01679251589333286,0.00225,17457.59761674101
1525,1.3175,7.924922387551325,6.015121356775199,0.05713019298447397,0.00025,0.0
1526,2.27175,15.173709576206992,6.679304314386263,-0.033950339109121375,0.0,1710.4180672739756
1527,12.46075,50.99762885639629,4.092661264883437,-0.01378393874885897,0.00275,17744.58766943083
1528,3.42125,22.00487109767986,6.431822023435838,0.00487123668187639,0.00025,2808.6235771036804
1529,12.304,48.907668867147045,3.974940577628986,-0.031956959596289636,0.0035,37277.82296876592
1530,2.58925,16.769118500127487,6.476438544029154,-0.0275572172802514,0.00025,2873.9810351585443
1531,26.904,75.2143143442162,2.7956554543642658,0.006976199843492736,0.00725,49448.60945675949
1532,3.034,22.177326314292543,7.309599971751004,0.0333876501592103,0.001,0.0
1533,11.0355,45.08332692184091,4.085299888708342,-0.030030159018388014,0.002,29641.390178542228
1534,35.60625,85.1940503643997,2.392671240706328,0.061084965338750186,0.01175,89556.0369990982
1535,19.99475,65.56791906443355,3.279256758120684,-0.05263290033760315,0.0055,19296.78737050302
1536,4.67725,28.875907551914917,6.173693420688421,0.03194784318036015,0.0015,2251.48436412177
1537,90.872,121.87868648600906,1.3412127661546909,0.006567001003961348,0.0225,15357.00493090919
1538,4.01675,23.318853137867144,5.805403158739564,-0.03494674757772254,0.0005,11836.119030447273
1539,6.841,34.277521148910814,5.0106009573031445,-0.023989597061303325,0.0015,15792.286847352016
1540,13.20525,51.09443984312991,3.8692519901652687,-0.012960280447798178,0.00425,44444.565640546236
1541,42.98125,92.31266059032106,2.1477425758981195,0.09593696719481382,0.0125,103215.82047306368
1542,3.19825,21.657105173328738,6.771548557282495,-0.002047186570184323,0.00075,947.990925037592
1543,1.687,12.05737849177936,7.147230878351725,0.030973124269551233,0.00025,0.0
1544,5.574,31.008319899274518,5.563028327821048,0.019867876096289372,0.00125,14188.273010106335
1545,3.01025,20.663963675592264,6.864534067134711,0.002692093219107905,0.001,1359.2228829302098
1546,8.82425,40.89614878792282,4.634518376963801,0.005255347035381552,0.00225,28146.573363346863
1547,8.567,39.167378414733996,4.571889624691724,-0.013502561213106556,0.0025,35787.234102757335
1548,12.965,51.38568280269588,3.963415565190581,-0.01049179099843811,0.00325,40064.2316022294
1549,4.91825,27.46583623299124,5.584473386466984,0.010205026675895734,0.0015,18290.846151189668
1550,75.76375,115.84702874676961,1.5290561613802063,-0.0009238762163419345,0.02,11405.108682174252
1551,1.355,7.6641150607827,5.656173476592399,-0.02719842005174733,0.0,0.0
1552,1.88,13.538590153920715,7.20137774144719,0.013892433855207997,0.00075,376.00103570949057
1553,1.889,12.551815247863717,6.6446877966456945,-0.018974469255111925,0.0,331.8828708364354
1554,1.94775,13.833975012759835,7.10254140046712,-0.013821041450058358,0.0005,461.30353812601425
1555,2.135,14.672187746662674,6.872219085087904,-0.019933129998077614,0.00075,546.5119099273845
1556,25.4565,72.49238507749318,2.8476964656371924,-0.00903191223249511,0.00575,56550.9803244474
1557,27.27475,76.15418325571049,2.792112970997369,0.012369463754446475,0.0055,32561.02762244007
1558,3.09,22.51073262403554,7.285026739170078,0.039868093063809784,0.00025,0.0
1559,76.72625,116.19691364930011,1.5144349378380948,0.0003858170776127601,0.0195,17576.509186376985
1560,2.9165,21.446934990928806,7.35365506289347,0.018843698855303348,0.0,0.0
1561,89.886,121.03630426751175,1.3465534595767057,0.0035548903514048824,0.02275,27749.518452869073
1562,11.88725,50.39590731702404,4.239492508109448,0.018349152238129163,0.0035,21752.164251571226
1563,2.85225,19.687161197503922,6.902326653520526,0.019480156728018727,0.00025,942.6245538472581
1564,89.599,121.03628854515573,1.3508665112909264,0.0035548339374806837,0.024,27156.68361532113
1565,4.26,26.00104639439346,6.1035320174632535,0.012336891383073478,0.0005,2805.018262673879
1566,3.555,20.400944209304576,5.738662224839543,-0.06228259539535719,0.00075,15658.022100778962
1567,1.944,14.65962448862647,7.540959099087691,0.011354817482711388,0.0,0.0
1568,4.07925,24.74822393798232,6.066856392224629,-0.009109897681010226,0.00025,5801.632529145744
1569,5.217,28.67491889689378,5.49643835478125,-0.01410816149152283,0.00125,23537.2869843149
1570,2.3135,15.971333338896775,6.903537211539562,-0.011700932580169798,0.0005,1625.4772015047038
1571,4.33925,24.99119443698814,5.759335008812154,-0.004866921395690005,0.001,8740.32079503882
1572,17.90725,62.19404852842102,3.4731211396736525,0.020916817896716067,0.005,15091.166844476164
1573,11.07525,43.822850181007134,3.9568271760011857,-0.04234549622464945,0.00175,48323.00639903506
1574,3.287,21.87063584302122,6.653676861278132,0.0022138172542671697,0.0005,1026.458843652569
1575,14.73,54.634332864801195,3.7090517898710926,0.01613172159312737,0.004,32026.431204413013
1576,1.47825,10.085779973651974,6.822783679115152,0.03897007796784713,0.00025,0.0
1577,1.47025,7.384459865106915,5.022587903490504,-0.09642067718315417,0.0,6545.376244460818
1578,1.07025,0.3344292125765274,0.3124776571609693,-0.3037497793018657,0.0,0.0
1579,12.289,50.8943812076503,4.141458312934356,-0.01466408429586874,0.00275,16230.840395952235
1580,1.7905,13.155260353514183,7.347255154154808,0.03385694505089076,0.00025,0.0
1581,3.839,24.533162209792746,6.390508520394047,0.017820666764369664,0.0005,2470.0216856326965
1582,5.29025,29.922731282410535,5.656203635444551,0.004390872742159102,0.0005,14416.299406629978
1583,5.723,31.653645276884443,5.530953219794591,0.02881337145351237,0.0005,9654.768266948802
1584,2.657,19.06915727529136,7.176950423519518,0.005628560100424895,0.00025,257.05351588074075
1585,9.345,42.254980130588855,4.521667215686341,-0.023067476758769967,0.0015,18293.134114441236
1586,80.941,117.66430317245865,1.453704589422649,0.005835951520333005,0.01725,6011.11960111704
1587,6.4895,32.1400627824358,4.9526254383906005,-0.004039570765956402,0.001,22762.2266509068
1588,2.395,17.785529406347905,7.426108311627518,0.03502469043022005,0.0005,344.8168586837662
1589,8.4865,40.47930287492993,4.769846565124602,0.0008059594230995781,0.002,24382.76942295266
1590,7.04025,33.449863277386044,4.751232310981292,-0.03460465755163411,0.00175,39636.50846182715
1591,17.06125,59.950196037533814,3.513822025791417,0.0049585972990024985,0.005,24365.597142513365
1592,4.27675,25.003048765088373,5.846273166560676,-0.004660966907839237,0.0005,6479.494405983328
1593,1.64875,11.291401479636775,6.848461852698575,0.0024680798068559273,0.0,0.0
1594,3.2615,22.7803391922383,6.984620325690113,0.019912594131199945,0.00075,2589.951335767364
1595,1.37775,6.974863232836843,5.062502800099324,-0.06812474007048774,0.0,375.6343206917155
1596,24.18875,72.30443005853114,2.9891759623184804,-0.010159393846661313,0.00475,10990.048520854976
1597,3.81125,25.90656115572325,6.797392235020859,0.041476904862677966,0.001,876.0637682467533
1598,4.2815,26.958875217416747,6.296595870002744,0.028047833711233983,0.00125,4621.313738348695
1599,4.13475,26.240983970640983,6.346449959644714,0.016326181130523088,0.00075,2902.777877602685
1600,86.04,119.46766730326127,1.3885131020834642,-0.0021103802358162227,0.01975,28962.90826387487
1601,83.216,119.09175057603198,1.4311160182661027,0.011072903502587383,0.02075,9411.978814831484
1602,86.391,119.97305115004185,1.3887216394073671,-0.000277060128412554,0.02125,20690.903298774945
1603,81.35725,118.4622807075109,1.4560752816437492,0.00877131401764819,0.0205,2621.0034937295854
1604,4.50575,28.30741589029448,6.282509213847746,0.023312426029787003,0.00075,1847.554685062343
1605,7.21625,35.904021510516856,4.975440361755324,-0.0038559090974747967,0.00225,12721.98920746345
1606,9.556,44.669477325699006,4.674495324999897,0.0010654922699633307,0.00175,871.7017230731822
1607,5.18725,29.904401946058677,5.764981820050832,0.00412476171680809,0.00125,2155.527140860196
1608,10.4585,45.183095907528816,4.320227174788815,0.006030606511068237,0.0025,12615.315130261992
1609,5.40575,31.86756191353644,5.895123139904072,0.031738478522494784,0.00175,1926.0965630121107
1610,3.71275,20.91297624876467,5.632745606023748,-0.051517019355654226,0.00075,21254.364698399757
1611,1.335,5.783306723593761,4.3320649614934545,-0.07968859851146282,0.0,599.5938865141995
1612,2.0695,12.651963792113431,6.113536502591655,-0.05261008799639311,0.00025,4514.330670408499
1613,1.405,8.153041949067589,5.802876832076576,-0.00034075933788213497,0.0,0.0
1614,2.0475,13.574878013384486,6.629977051714035,-0.0220320927410107,0.0,1610.5757554413058
1615,3.59725,22.316351568397803,6.203725503759206,-0.023309668974982323,0.00025,6825.768563997238
1616,2.64725,12.180451891845902,4.601171741182699,-0.1890395397438669,0.0,37188.1464098464
1617,1.3175,5.111871140457198,3.87997809522368,-0.13328492704248696,0.00025,885.8815980714799
1618,3.509,21.14416439403507,6.025695182113157,-0.0467423368376938,0.00025,10150.972968916974
1619,2.68525,18.669770285628307,6.952712144354644,-0.003563966173468991,0.0,1970.678709786466
1620,8.347,37.52723230257027,4.495894609149428,-0.0320805295203217,0.001,40728.04314505335
1621,1.1815,4.924796559786895,4.1682577738357125,-0.01666694155950965,0.0,0.0
1622,1.157,3.8054528466191715,3.2890690117711077,0.7523523593773698,0.0,0.0
1623,1.11675,1.1092461603544388,0.9932806450453896,0.2169739484959795,0.0,0.0
1624,1.90575,12.531565224234452,6.575660618777096,-0.019675688569707583,0.0005,1965.8059675271022
1625,4.72575,27.006959860519785,5.714851581340483,0.0028878994143501924,0.00125,10434.524749718357
1626,9.214,41.97929572202623,4.556033831346454,0.0166080830834463,0.003,23625.988637821978
1627,3.494,21.976355567996546,6.289741147108341,-0.029977190408630783,0.0005,7662.814008248178
1628,3.25825,22.100162018134775,6.78283189384939,0.006747865374749473,0.0,1617.408772012531
1629,2.939,19.293414367589005,6.564618702820349,-0.02711244470571539,0.0,2699.080358797461
1630,3.1355,21.941137006164492,6.997651732152605,0.028737592770571085,0.00025,309.88412982614983
1631,4.16575,25.633806778354,6.153467389630679,0.006159171557026832,0.0005,5328.205498609547
1632,2.1975,16.065367028313997,7.310747225626393,0.01946264623224514,0.0005,293.4819867560264
1633,5.99275,32.678022595127786,5.452926051500194,0.0031694771837431635,0.002,29363.737914815076
1634,1.3335,8.799240558627893,6.5986055932717615,0.10258036617291233,0.0005,0.0
1635,2.5345,18.151726668426377,7.161857040215576,0.006850492261105234,0.001,1889.198966888717
1636,9.12775,40.73145213143872,4.462375955896986,0.00350282839329763,0.00275,45388.29308747226
1637,5.9895,30.49817903549522,5.091940735536392,-0.026812381983750244,0.00125,38621.221071496366
1638,1.78775,12.323764389571977,6.893449525701008,0.00550088421281103,0.0005,649.3330766294719
1639,1.3985,8.518294317791625,6.091022036318645,0.018692205216454316,0.0,0.0
1640,1.261,6.76992148841032,5.368692695012149,-0.011281192529139172,0.0,0.0
1641,9.76275,44.96781614176566,4.606060397097709,0.003956418021344055,0.00275,19979.750226562606
1642,1.76925,11.751405376361584,6.642026495046818,-0.015152694559900981,0.0,298.0258846137768
1643,1.43975,9.181772496312654,6.377338076966594,-0.0018128838846073192,0.0,0.0
1644,25.96975,74.17582050792903,2.8562392979496924,0.0009380580589681831,0.00625,31443.689592127055
1645,2.85875,20.072681100668696,7.021488797785289,0.027902444356130207,0.001,3266.799445750309
1646,1.54025,10.657404703127849,6.9192694063482225,0.011199333571856318,0.0,0.0
1647,78.01325,116.15890967769919,1.4889638577767135,0.00024375121442465897,0.02075,35555.86846898542
1648,1.10875,0.5740259697552789,0.517723535292247,-0.0691224446432869,0.0,0.0
1649,3.165,19.210870344282846,6.069785258857139,-0.054100551247170614,0.001,12584.797085463086
1650,11.41075,47.51903880761689,4.164409772154932,-0.007178468953488171,0.00275,18053.73403363573
1651,17.28525,60.02911173756863,3.4728518093500886,0.005529906779589311,0.00525,45194.84902517883
1652,2.71075,18.204407008912334,6.71563479070823,-0.014526403786394804,0.0005,2056.358299711931
1653,17.91775,61.780921047592614,3.4480289683466174,0.01802236831571591,0.00425,7649.02047594225
1654,6.40775,32.108109919740755,5.010824379812064,-0.0044715504631194225,0.0015,21049.34518066835
1655,6.45925,34.81416157110457,5.389814850192293,0.03066964898503577,0.00125,2762.1993295978964
1656,3.882,23.511407285999326,6.056519136012191,-0.0006542387791153015,0.001,5523.650678419554
1657,3.94775,23.39438702495897,5.926005199153687,-0.03354226444463149,0.00075,23656.368716550678
1658,5.99175,30.010328836864222,5.008608309235903,-0.03381553733175924,0.0015,29252.213484416876
1659,14.878,55.98058210123488,3.762641625301444,-0.024794600218870366,0.00225,29223.416463806207
1660,1.218,5.135520362373037,4.216354977317764,0.0015292192045187614,0.0,0.0
1661,2.0345,13.157662815739473,6.467270983405983,-0.03558927558530556,0.0005,1866.0050741973828
1662,1.36475,8.50601525459353,6.232654518844866,0.01806572103606041,0.00025,0.0
1663,13.04975,52.57035462581426,4.0284568383160035,-0.0005930160540144058,0.002,12640.969937076718
1664,1.56925,8.896318933139707,5.669153374631006,-0.06724178039085771,0.0,793.7727193728637
1665,64.54725,109.70035692519363,1.699535718798146,-0.024600735054110867,0.017,15313.554400272398
1666,9.17175,42.10114462258875,4.590306606982174,0.01786683819864643,0.004,25002.82699967486
1667,7.346,39.70024321497076,5.404334769258203,0.039794162854189574,0.002,32.6167522631675
1668,3.897,24.148512970153412,6.196693089595436,-0.019763542128291123,0.0005,2226.4898749993954
1669,21.752,67.51972470549681,3.1040697271743665,-0.039893638079756544,0.00525,24391.58329009074
1670,16.0465,56.19826864859606,3.5022134826034375,-0.023109074215698078,0.00275,45964.89673612573
1671,6.706,35.46066734753004,5.287901483377578,0.03866061294625367,0.001,7894.335139874495
1672,2.22975,15.342614310832845,6.880867501214416,-0.0005286379332298807,0.0,991.5802571150746
1673,9.4245,42.87528859778189,4.549343582978608,-0.016738322243989856,0.002,21496.699594329984
1674,10.66525,46.53068846126898,4.362831481800144,0.018794099755013782,0.003,25453.2753119601
1675,32.34175,79.54901299390569,2.459638485669628,0.0313104945221967,0.013,222709.03302777582
1676,89.7495,120.69498361372514,1.3447983956871643,0.0023284560217029515,0.02275,15152.757907800806
1677,3.3685,21.543241064400913,6.395499796467541,-0.004336551031943525,0.0,2389.465531625981
1678,1.839,13.980198156146471,7.602065337763171,0.027832319736202926,0.00025,0.0
1679,5.8285,32.01853969922922,5.49344423080196,-0.005684770802546035,0.001,4271.237107046483
1680,1.72925,11.838432394446889,6.845992421250188,-0.011948304130043663,0.0,149.2805266122447
1681,1.3375,7.62768897896276,5.702945031000195,0.040528151584122374,0.0,0.0
1682,1.8885,13.716727193511772,7.263292133180711,0.019569493781337544,0.0005,420.33216066158315
1683,4.5965,23.514344959082184,5.115706506925309,-0.05725491446551634,0.0005,27945.8823823102
1684,1.214,4.117820189223625,3.391944142688324,-0.09438785775685143,0.0,0.0
1685,3.329,18.027201779560805,5.415200294250767,-0.081719272326642,0.0005,13500.226882453035
1686,8.54175,38.949570269690376,4.559905203230061,-0.015924394687898413,0.00175,31904.943068179266
1687,4.98,28.31338043890149,5.68541775881556,-0.019618635243231042,0.00075,6292.624111970629
1688,3.8415,25.486962825501923,6.63463824690926,0.03438522192390847,0.00025,416.7567926233629
1689,2.274,15.103839097688782,6.641969699951091,-0.03595475614168331,0.00025,10230.30324313774
1690,5.19525,28.721783765169654,5.528469999551447,-0.013398951475392717,0.00125,25126.71547328591
1691,1.11,0.6016564614665133,0.54203284816803,-0.0487054004374699,0.0,0.0
1692,12.255,49.99103170382367,4.079235553147586,-0.022441823000643346,0.00125,36880.0595196908
1693,2.07275,13.127529868471521,6.333387947640343,-0.03658501327016572,0.00025,1839.513090192592
1694,1.33225,8.048978596791827,6.041642782354534,0.06387594787314321,0.00025,0.0
1695,2.4635,17.946690187111606,7.28503762415734,0.0019169146812352267,0.00025,752.8558646856811
1696,9.53,43.59449758920286,4.574448855110479,-0.009513701641738592,0.00325,33442.28391330602
1697,10.43225,45.19142591445356,4.3318963708168,0.006110666155732414,0.002,22314.861591506717
1698,4.217,23.09029452877023,5.47552632885232,-0.03922446221939557,0.0005,19837.758548141574
1699,9.6185,44.04256344263637,4.578943020495543,-0.005072789977878189,0.00225,19250.926507774657
1700,4.12275,25.196962201097595,6.111688121059389,-0.0013057503459916742,0.001,3909.779735104746
1701,5.48275,28.853757766915177,5.2626433390023575,-0.011407978240263406,0.00125,19248.892790922495
1702,82.4935,117.91004262694537,1.4293252514070245,0.0067420207055675085,0.01875,4918.093079283343
1703,2.589,18.966483882831827,7.325795242499741,0.025919375322009275,0.0005,773.6441634462298
1704,85.68225,119.63737735529232,1.3962912663392046,-0.0014938800561341559,0.02125,34605.15799403368
1705,11.016,48.09556153908529,4.3659732697063625,-0.0019411166147311754,0.0035,26496.590045561068
1706,5.103,30.99015954294402,6.072929559659812,0.019613452347827964,0.002,1580.4962232241812
1707,21.3005,67.1218782244962,3.1511879169266543,-0.04246020042676424,0.006,26748.902501624616
1708,1.40125,7.706821472682687,5.499961800308786,-0.02478513746295763,0.0,319.01679780346876
1709,3.28075,20.446184021664337,6.232167651196933,-0.027035326917105973,0.00075,6513.281445204773
1710,1.22875,5.5978350615969585,4.5557152078103424,0.03896486163704482,0.0,0.0
1711,3.134,17.613293304355558,5.620068061377013,-0.06668096929535228,0.00025,26072.528944485515
1712,6.20525,32.35081554233315,5.213458852154732,-0.0012010581305144097,0.0005,21455.789673673233
1713,1.65925,11.053220474513958,6.661576299239994,-0.006790936923307456,0.00025,600.2223594661486
1714,2.6545,18.037266020419302,6.7949768394874,-0.018532230094724822,0.00025,1069.9626647172363
1715,11.43025,47.30949885707971,4.1389732383001,-0.009097768662382988,0.00225,28612.616394156852
1716,2.5365,16.454964576528372,6.487271664312387,-0.035770499287231416,0.0005,2755.2651559995143
1717,2.656,18.41387878022806,6.932936287736468,-0.009557660724988759,0.0005,1310.9387615360345
1718,3.08125,19.803552550259834,6.427116446331793,-0.01577843137749202,0.0005,5504.049171717869
1719,8.09375,38.67248183334356,4.7780672535405175,-0.01902502103821435,0.00175,28063.231574148605
1720,4.9315,30.90355262977519,6.266562431263346,0.06142060864793519,0.00075,0.0
1721,74.67725,115.06590121683838,1.540842776305212,-0.003862132380417105,0.01825,7905.18952550945
1722,12.1675,48.85207851405901,4.014964332365647,0.0048369301023083455,0.00275,32426.103392417863
1723,2.68925,20.133654050963052,7.486717133387767,0.029219661459249924,0.0005,0.0
1724,12.78025,52.3616930270753,4.097078932499388,-0.002320242433208719,0.0035,6921.931379287786
1725,2.15275,15.430762928275362,7.1679307528860114,0.0019593933640031924,0.00025,0.0
1726,4.6465,27.033483683388177,5.818031568575956,0.003314215339249804,0.001,6478.417665200703
1727,13.699,52.93102419498968,3.863860442002313,0.0023763747850944483,0.002,17753.085380897657
1728,5.46875,29.93429536413438,5.473699723727429,0.004558679839330226,0.00075,11771.427228955119
1729,3.672,22.9880301109533,6.2603567840286765,-0.010431106252004607,0.0,6641.358339423791
1730,84.467,119.53110403659817,1.415121929707438,-0.0018798332440410626,0.022,3779.8333355675372
1731,15.889,57.71396628612626,3.6323221276434174,-0.011551088860650927,0.00375,30038.114400980186
1732,11.6415,47.54552683513464,4.084140947054472,-0.00693645229023665,0.003,41498.26098439857
1733,14.52925,54.66730533880147,3.7625689790458194,0.01639374445358488,0.00325,18720.91640566603
1734,1.795,13.248617152899996,7.380845210529246,0.0369280479043006,0.0,0.0
1735,13.84425,53.829117449655925,3.8881931090276414,0.0096833367199185,0.0025,9994.48767877944
1736,2.8935,19.34836550104143,6.686837912922561,-0.025877253666326983,0.0005,2012.8942089057816
1737,90.2275,121.51753318541266,1.3467904262604267,0.0052781806525912245,0.02025,20879.305928492264
1738,10.30175,44.4307575896754,4.3129330055257995,-0.0012616601161947738,0.00125,29946.696272524336
1739,6.40025,33.10061876579,5.171769659902348,0.008749820781819517,0.002,9524.38765626921
1740,8.23075,39.91438079046162,4.849422080668423,-0.005297668899321817,0.0015,20593.567984508136
1741,4.1545,23.166372179303075,5.576211861668812,-0.03779590560410018,0.00025,23719.696141829238
1742,2.47975,18.032661593856293,7.2719675748992,0.0039923816789242395,0.001,1289.6534763850088
1743,1.4,8.620851452724523,6.157751037660374,0.023889725557987185,0.00025,0.0
1744,12.00725,49.63575953477138,4.133815780863343,0.011748555599392141,0.00175,17463.748044816006
1745,1.8335,11.169241950169912,6.091759994638622,-0.06965730862571706,0.0,1597.7664711653224
1746,10.6395,46.38727718481821,4.359911385386363,0.017453502701954005,0.00225,10095.10965266637
1747,13.64825,50.769414072734996,3.7198478979162157,-0.015731771456243715,0.0045,65285.62541514238
1748,6.43,31.34568930586014,4.874912800289291,-0.014908466933729159,0.00125,32088.48663383426
1749,16.10525,58.82535404064306,3.652557646770032,-0.0032674606248801474,0.0035,11446.092272367196
1750,7.3885,36.11503345783325,4.8880061525117755,-0.0013109829911543969,0.00175,21722.792590930898
1751,3.294,21.01462508865919,6.379667604328837,-0.015125945789696171,0.001,13179.987930148696
1752,2.9135,19.071561259168465,6.545928010697946,-0.0321352892764053,0.0005,3560.949120240333
1753,5.0965,30.962693032744422,6.0752855945736135,0.019228367429138027,0.00075,953.8547141532655
1754,2.01375,14.109458889164964,7.00655934905771,-0.005257669883336646,0.0,751.9266612164471
1755,1.856,12.451426565091909,6.708742761364174,-0.02246189585171643,0.00075,1725.6855654134044
1756,14.8895,56.30498958985055,3.7815231935156017,-0.02228512777151126,0.00325,25656.22069849108
1757,1.15625,4.609137335146737,3.9862809385052858,0.83556566308852,0.0,0.0
1758,1.76175,12.287096081663474,6.974369849106556,0.004206751844888945,0.00025,699.9738541173359
1759,2.02625,13.666263301490147,6.744608662055594,-0.0191182445453435,0.00025,1336.3560188262359
1760,6.014,31.97723314891338,5.317132216314164,-0.0062454081247156346,0.001,13630.645856451943
1761,3.10175,22.149673788788345,7.141024837201046,0.032845797980307845,0.00075,168.08394154839849
1762,4.24725,26.228593218338133,6.175429564621374,0.01612106282234982,0.00125,3739.3302168970886
1763,7.594,36.20455574184161,4.7675211669530695,-0.00023578181147687616,0.0015,30211.13485319353
1764,14.5095,53.897895650376604,3.7146625073487445,0.010237886525898743,0.004,47953.441399940115
1765,4.9355,25.899421513977675,5.247578059766523,-0.015297735695306791,0.00075,31249.215946322085
1766,3.5535,23.45477924469455,6.6004725607695365,-0.001701513833526791,0.00075,1311.8231824382829
1767,1.2365,4.775957515781326,3.862480805322545,-0.029994781434652618,0.0,0.0
1768,7.612,37.96614693484539,4.987670380300235,0.02039751966308634,0.00175,7518.59040034427
1769,1.164,3.428052199933859,2.9450620274345867,0.7069934408393332,0.0,0.0
1770,5.1815,26.896894216240277,5.190947450784575,-0.04190822480012946,0.00025,28538.440955385784
1771,1.84375,12.256748871977743,6.64772820175064,-0.029305719485350323,0.0005,752.1019414248376
1772,1.21425,5.086926001185332,4.189356393811267,-0.0025998162798440694,0.00025,0.0
1773,3.06975,21.188572954388903,6.902377377437545,0.013580171543471131,0.001,1643.5167589829327
1774,3.251,20.090617392872893,6.179826943362933,-0.0346543091711613,0.00025,8763.477643532973
1775,2.11875,14.650676059989646,6.914773361647031,-0.020570339825612072,0.00025,490.899883387305
1776,1.75925,12.836392900000016,7.29651436691773,0.02320049913321287,0.00025,0.0
1777,1.50875,8.912591206153346,5.90726840507264,-0.06644813717639375,0.0,478.18745406765584
1778,6.56625,32.80676274578101,4.996270739886694,0.0048770863258968955,0.0015,23392.263287238115
1779,1.884,14.24374476976706,7.560374081617336,0.03594317562120741,0.00025,0.0
1780,6.43775,32.581075896356474,5.060941461901514,0.0018791299904421521,0.00125,26009.713933425213
1781,1.72825,12.516711587103806,7.242419549893711,0.012247742731497757,0.00025,0.0
1782,75.57325,115.44847648244662,1.5276367826240982,-0.002420569550568352,0.01825,10687.964413256377
1783,18.1005,62.175604952527834,3.4350214056256916,0.02078800925133506,0.005,17456.1295869392
1784,82.1,118.16339385322227,1.439261800891867,0.007674180489720683,0.02175,29086.608196861034
1785,22.87675,67.36636116112791,2.9447522555051706,-0.04088121169518932,0.008,117402.41775958892
1786,3.541,22.920561883148938,6.472906490581456,-0.011707603694474544,0.0005,1098.7431636506378
1787,4.67925,27.635164103208304,5.905896052403335,0.012874248312846781,0.001,3709.100432580489
1788,3.22325,22.008918818615125,6.828176163380167,0.004951116322996718,0.00025,1369.8134412238328
1789,2.70025,18.80530004453375,6.9642811015771695,-0.0004226734407366539,0.00025,610.0781147503201
1790,11.9085,47.16158586758281,3.9603296693607764,-0.010457715948233082,0.00225,51045.740811791446
1791,4.28225,25.380043766567827,5.926801043042285,0.0018384318527020493,0.0005,11965.624846568538
1792,4.443,23.733985685491803,5.341882891175288,-0.05321712344507601,0.001,26944.592170245796
1793,1.2825,6.215975654580265,4.8467646429475755,-0.04835551983506048,0.0,0.0
1794,2.711,19.240244950531142,7.097102526938821,0.009507656246337204,0.0005,1063.783708456919
1795,7.57275,36.41833029029178,4.809128822461032,0.0023210258284021013,0.00175,47452.41589180548
1796,3.1765,18.484852452550122,5.8192515197702255,-0.07083160381866493,0.00025,9127.543931446085
1797,7.94525,38.607912338810685,4.859244496876837,-0.019750746676668873,0.00125,17144.691114356294
1798,7.6685,38.45354049296517,5.014480079932864,0.02593732779545288,0.0015,10369.967264169416
1799,3.93075,25.265263462349953,6.427593579431394,-0.00013010346981645604,0.001,2063.89270461467
1800,1.98575,13.511742623906205,6.804352322249128,-0.024056664302490205,0.0,799.5522220145031
1801,2.73975,18.303668375669986,6.680780500290168,-0.012164801887626808,0.0005,2339.968715395314
1802,1.92725,12.249243586018178,6.355814547162111,-0.0666587573387667,0.0,1028.5384461372582
1803,15.87925,56.55095642078502,3.5613115493984298,-0.02039205593397586,0.0035,39218.34743214301
1804,75.02125,115.79174076869671,1.5434525653557722,-0.001131192671172343,0.01975,7549.052559647176
1805,2.319,16.204409422165938,6.987671160916748,-0.0054088989728966475,0.0005,457.9362530335869
1806,5.5785,30.25415948744194,5.4233502711198245,0.00917473226505594,0.00075,10373.60081418307
1807,1.67075,9.793841139643177,5.8619429236230305,-0.059326714449963514,0.0,375.30383966899774
1808,1.99875,15.145580067676397,7.577525987580436,0.0255178828746494,0.0005,0.0
1809,9.862,43.028831335297966,4.363093828361181,-0.015185827795477058,0.00225,22249.270946653945
1810,5.10025,29.587988478486512,5.801281991762465,-0.0004949188073644084,0.002,7773.148860982997
1811,77.7535,116.93772849613788,1.5039545293284273,0.003145877787722462,0.01975,5401.067561445068
1812,12.196,48.55431458033458,3.9811671515525235,0.002181711445004453,0.003,43296.421386101625
1813,9.00675,41.57695714309574,4.616199754972186,0.01242563666756058,0.0025,24728.776586337925
1814,29.89675,79.04408947832762,2.6439024134170976,0.028545100137386648,0.00575,11833.241233340004
1815,3.3875,20.244068250350058,5.976108708590423,-0.03134979936230198,0.00075,6175.726629502577
1816,4.37975,24.14800864497691,5.513558683709552,-0.045706476882599656,0.0005,27443.708851039013
1817,7.8515,38.01419100059026,4.841646946518533,0.020946747950009392,0.00225,19615.149687617257
1818,7.085,35.41591939843873,4.998718334289165,-0.009800483948613214,0.00175,25079.48703497969
1819,5.27725,28.119931811417494,5.328519932051257,-0.022596096503991525,0.00075,31105.36709487423
1820,2.38125,16.17081544807076,6.790893626486407,-0.006310185859365047,0.00025,1268.5907292776371
1821,1.22525,4.628376378869389,3.7774955142782196,-0.04362656785733754,0.0,0.0
1822,5.939,32.65976797393129,5.499203228478075,0.0029268034908587204,0.0015,5175.011772562878
1823,1.484,10.109787136680339,6.8125250247172096,0.04000259993501498,0.0,0.0
1824,1.5855,9.533016802268737,6.012624914707497,-0.037221765888543756,0.00025,713.2990184519201
1825,14.24375,54.03528281488606,3.793613536806393,0.01134350614174151,0.003,33250.53817953194
1826,2.30025,17.285797628035837,7.514747365736697,0.02264731767995687,0.00025,0.0
1827,2.93225,19.445942921636064,6.631747948379594,-0.023692529854381084,0.0,2196.943423561581
1828,2.54125,18.637519623649776,7.333996900600011,0.01832066274478361,0.0005,395.23389455921404
1829,4.12725,25.148631590112686,6.0933143352384,-0.002139576010757427,0.00025,6594.055521554141
1830,4.07825,22.60974186151317,5.543981330598461,-0.04835833085020558,0.0005,18216.106053285723
1831,2.7725,18.671044312622982,6.734371257934349,-0.003534330885661241,0.00025,1557.7570457285842
1832,3.72425,21.934493211278188,5.889640386998238,-0.03080525894001318,0.00075,14796.803917431434
1833,1.16475,3.6195141467004306,3.10754595123454,0.7305962927985057,0.0,0.0
1834,9.212,41.976023544854264,4.556667775168722,0.01657422963609534,0.003,22080.871974371243
1835,2.054,13.921190102985841,6.777599855397197,-0.011091664274077262,0.0,824.2488923398805
1836,2.2065,15.407488615162324,6.982772995768104,0.00130384986407317,0.00075,1087.8204503457334
1837,9.43875,42.64425965658115,4.517998639288162,-0.019084799522042006,0.003,23010.151138808684
1838,1.9775,12.764843479544288,6.455040950464873,-0.04875253443696437,0.0,1331.9064118947415
1839,3.22425,23.315367540066404,7.231253017001288,0.02999467382841159,0.00075,0.0
1840,35.273,85.45082171479062,2.4225561113256773,0.062391942376958776,0.00875,54454.6163589714
1841,6.03975,32.192006014697384,5.330022933846167,-0.003338251362819733,0.00075,15633.009682221875
1842,11.148,47.93285392735764,4.2996819095225725,-0.0034128286119710083,0.0025,18151.12329502664
1843,9.6415,42.84482929828756,4.443792905490593,-0.01704696172266673,0.0035,36257.66707234789
1844,5.9465,32.63229771964604,5.487647812939719,0.0025613630524299325,0.001,7193.846061222241
1845,8.92425,41.50722496588506,4.6510603093688605,0.011696633718601968,0.00175,20826.126530090314
1846,17.96825,61.17537370972596,3.4046372746219555,0.013744620777453642,0.004,21594.58024814137
1847,4.9045,29.030778085836197,5.919212577395494,0.0342708764507762,0.001,4321.35789165934
1848,6.07825,29.672668295056265,4.881778191923048,-0.03872968982874192,0.001,39302.28917378022
1849,1.38875,8.181678214284679,5.891397454030372,0.0011819584781956882,0.0,0.0
1850,2.895,19.64767117868391,6.7867603380600725,-0.019210455300764595,0.0005,516.1563495786755
1851,1.62375,11.14732037870117,6.865170364096179,-0.0031092866294564203,0.0,0.0
1852,8.54975,39.69850145398341,4.643235352376784,-0.007652951907208605,0.002,32869.03761576548
1853,6.514,33.310564426704126,5.113688121999405,0.011495700056748825,0.0015,21059.150436127406
1854,3.82025,21.317822410499193,5.580216585432679,-0.04319002360649349,0.00025,16329.406448177526
1855,6.86975,35.51216078089774,5.1693527102001875,-0.008621906243464705,0.00125,21923.5764286389
1856,1.224,5.649495835983969,4.615601173189518,0.042954456542996344,0.0,0.0
1857,16.65175,58.07477199027931,3.487607728333617,-0.008844496909569566,0.0045,40258.02574693227
1858,3.13725,20.523796407883413,6.541970326841474,-0.00026383862991452567,0.0005,3448.4859231569817
1859,4.68075,27.49872495964316,5.874854448462994,0.010724757713367561,0.00075,5627.003517512011
1860,6.643,32.16847453157241,4.8424619195502645,-0.0036558249309726065,0.00125,54431.3764519672
1861,2.7515,18.10659299612939,6.58062620248206,-0.01686620102419578,0.00075,2547.5642783161616
1862,19.21225,64.26567294533902,3.345036263078974,0.03514704924637102,0.0055,11463.92771185815
1863,3.953,25.451821934980465,6.438609141153672,0.003064941356199391,0.00075,3627.917150930734
1864,61.03075,106.50266432730545,1.7450656321166864,-0.037448303215487755,0.01475,50455.97935035424
1865,25.5885,72.03245682648284,2.8150324101249717,-0.011796073371166171,0.0055,53060.359835420735
1866,86.01525,119.34991042190578,1.3875436090914783,-0.0025386666995732554,0.022,41710.0798640525
1867,2.323,18.011809384937703,7.75368462545747,0.04051523572195115,0.00025,0.0
1868,5.88625,31.69884091045391,5.385235236433028,-0.01004290930868379,0.00075,26109.685477194653
1869,1.39275,7.9883321663661455,5.735654041548122,-0.00920432103686375,0.00025,275.2880565431346
1870,8.25425,37.529344783348755,4.546669265329831,-0.03205608292866824,0.00175,51209.52861105705
1871,3.78675,24.255161361051854,6.4052713701860045,0.012871304603815137,0.00075,3325.3259200051016
1872,1.24075,5.909993353876187,4.763242678924994,0.06253175615777173,0.0,0.0
1873,1.1195,0.729625135401428,0.6517419699878768,0.0350458013243726,0.0,0.0
1874,1.45875,9.068123077657134,6.216365434555019,-0.007222005623696126,0.0,0.0
1875,10.7005,46.084739888195536,4.306783784701232,0.014611762001449868,0.00175,16704.421549797786
1876,5.065,31.205275472335224,6.160962580915148,0.022617661052726,0.00125,135.71830560752667
1877,1.418,8.65670321933569,6.104868278798088,0.025692092507346387,0.0,0.0
1878,5.96775,30.839252176507156,5.1676514895072945,-0.02198245328048065,0.00075,23980.511972564767
1879,12.89875,50.15351774574808,3.8882463607518623,-0.02103252306957981,0.0035,45751.943220235975
1880,8.4685,39.338669149738884,4.64529363520563,-0.011607401760556968,0.003,41498.69698358927
1881,12.95925,51.73077041364643,3.991802798282804,-0.007584976420708989,0.0035,13361.799778235329
1882,87.349,120.02885040786052,1.3741296455352725,-7.5117476756148e-05,0.02075,9797.439631425183
1883,87.5555,120.78773049738817,1.3795561729119037,0.0026620572230759976,0.02225,2266.919820992477
1884,7.42125,38.520173278099925,5.190523601563069,0.026689227546901506,0.00125,3016.3460390703876
1885,7.65175,39.94214961374064,5.220001909855999,0.042432429573156405,0.001,274.99626501382926
1886,9.843,43.008758286218054,4.369476611421117,-0.01538847444438729,0.00225,38066.342323495446
1887,8.95375,41.25924371865726,4.608040621935754,0.009094197943265492,0.002,22612.945593718236
1888,14.99225,50.980765486111395,3.4004746109564206,-0.06542565808564982,0.00425,214461.72787142053
1889,8.6355,39.221476525051955,4.541888312784662,-0.012903126139320653,0.0025,23514.85710002113
1890,2.68875,16.92051859207797,6.293079904073628,-0.04628927108791481,0.00025,4927.566449708108
1891,3.48425,22.888692076956872,6.569187652136578,-0.0123118869780936,0.0005,1869.534536958738
1892,3.1275,20.037729946412377,6.406948024432415,-0.010673017305087074,0.0005,4168.702990132832
1893,11.89275,52.28141241357669,4.396074281690668,0.03430119547730026,0.00325,851.5426704390179
1894,20.72875,65.9955758172043,3.183770165456397,-0.04980947850315576,0.005,31232.332654061425
1895,11.1,49.934460671871165,4.498600060528934,0.01435424723011236,0.00275,0.0
1896,10.954,48.31126554536373,4.410376624553928,2.2979505525100308e-06,0.002,1904.1891927423278
1897,12.0445,51.157773595024636,4.24739703557845,0.024865519249086532,0.00325,627.5276982641004
1898,11.092,48.61360258805294,4.382762584570226,0.0027116900334278604,0.00425,7191.950230630762
1899,14.36775,56.14866140863908,3.907964810679409,0.02800548436528061,0.00575,9003.609027105518
1900,11.00825,49.06791820616372,4.457376804320734,0.006751516340293584,0.002,0.0
1901,16.237,58.04012831760265,3.574559852041797,-0.009103646360378637,0.0035,25491.410496752975
1902,87.88325,119.55388702343853,1.3603717093238874,-0.0017970633014181558,0.01875,16310.91277789209
1903,11.443,50.829889537727745,4.442007300334505,0.022073049591122995,0.0035,0.0
1904,11.1795,50.009394263764655,4.473312246859399,0.015005477895317254,0.0035,1393.7821194284854
1905,76.4035,115.83767858384819,1.516130525222643,-0.000958930098064581,0.01925,764.366350280899
1906,4.08225,27.28341219647518,6.683425120087006,0.03324474954038181,0.0005,0.0
1907,9.5545,44.638376716889915,4.671974118676007,0.0007630144312464893,0.00125,1820.760999227467
1908,9.1045,41.912512981639615,4.603494204145161,0.015916635796493717,0.002,18857.235318207157
1909,11.95875,51.24564447303657,4.285200750332315,0.025610842940948952,0.00275,762.8844905603826
1910,7.9605,39.18897655873307,4.922929031936822,-0.013263143363746899,0.0015,5931.847584618808
1911,4.10375,26.310055885491284,6.411222877975336,0.017467835751653338,0.00175,3258.566272024384
1912,1.69025,10.908508322678976,6.453783950704911,-0.012514402429958826,0.0,384.72098202546067
1913,4.58325,25.246285135952007,5.5083805456721775,-0.026390316637081135,0.00075,16173.275025792313
1914,2.22425,12.732261761363922,5.724294373997492,-0.08152244697180078,0.00025,3720.4085039589154
1915,8.3575,39.04590682081625,4.6719601341090335,-0.014851551610410851,0.0015,22033.67346046273
1916,1.5835,9.137773387188966,5.770617863712641,-0.05561174083156095,0.0,634.6025092640581
1917,1.798,12.322993144524993,6.853722549791431,0.005473704372400245,0.0,0.0
1918,9.62175,41.93142303806299,4.357983011205133,-0.026405777160346533,0.00175,35417.53539706022
1919,2.3925,16.71495711025905,6.986397956221128,0.008063160002982794,0.00025,598.6930391212238
1920,7.35725,35.330874460024724,4.802184846243464,-0.01084461791549507,0.00175,43101.86419741974
1921,17.3035,58.829929694900855,3.399886132568605,-0.003233680902743341,0.0045,39136.131328561765
1922,3.281,20.719347524486867,6.314948955954546,-0.021271517303416143,0.00125,8960.467906480728
1923,2.076,14.393367092312467,6.9332211427324015,-0.028265603734243472,0.0,457.7298830563112
1924,15.1155,54.93273214591874,3.6341988122072535,-0.033000810563769134,0.0045,44013.222895101884
1925,1.42625,9.357507770524096,6.560916929377105,0.006420784820357461,0.00025,0.0
1926,5.1045,28.319517625122607,5.547951341977198,-0.019524508111765204,0.00075,14454.740633884692
1927,84.87225,119.3815476462636,1.4066028371613055,-0.0024235593555057555,0.0215,26461.429974926166
1928,6.9145,34.74861229263791,5.0254699967659135,-0.01806153907525765,0.00175,26256.408746501173
1929,4.765,28.809247962972726,6.0460121643174665,0.03094412205761099,0.0015,2524.75256818849
1930,3.994,22.651727068477495,5.671438925507635,-0.04755261466965943,0.00075,12673.387988185534
1931,3.32375,23.520538681596307,7.0765065608413105,0.0337996718216067,0.00075,389.7553333765828
1932,77.4345,115.92732419871498,1.4971017337067456,-0.0006229639484076621,0.01875,20741.69624598958
1933,3.0775,20.919832781379977,6.797671090619001,0.008036672243702414,0.00125,980.3646243809848
1934,3.25225,18.809095285362968,5.783410034703042,-0.06327968561728325,0.0005,10035.041606620347
1935,1.80075,12.972841750876073,7.204132584132208,0.027792617877868464,0.0005,1010.6400991431603
1936,1.39475,8.770898163879814,6.288509169299024,0.031383632380468374,0.0,0.0
1937,3.379,22.535812048962793,6.669373201823851,0.015225619760095954,0.00125,4692.378540858615
1938,7.8825,37.05282609640501,4.700643970365368,-0.03760572702972875,0.00275,36009.05420725005
1939,3.73,20.929933481234052,5.611242220169987,-0.05116501549452268,0.0005,23826.989196554012
1940,7.46625,36.11910863296061,4.837650578665409,-0.0012619805105751336,0.0025,30420.619973010234
1941,13.02325,51.30298440139349,3.93933806088292,-0.011191293058210539,0.00225,23385.149009046494
1942,2.004,12.88487442691039,6.429578057340514,-0.04468783798970444,0.0005,1825.5598822579427
1943,11.86075,48.09914491311507,4.055320693304814,-0.001908760581309954,0.003,37173.039364685355
1944,13.603,52.80224342040361,3.8816616496657805,0.001318452171038098,0.004,31661.935683483876
1945,16.03925,55.44675639869554,3.456941964162635,-0.028955865017034954,0.005,91563.62939170671
1946,75.8045,115.79485909183545,1.527545978033434,-0.0011194970848746877,0.019,25611.53865136851
1947,4.541,28.01164011612849,6.168606059486564,0.018750738505079134,0.00075,1449.0358901948614
1948,4.145,25.53571015506091,6.160605586263188,0.004494005382527977,0.001,5815.428731935171
1949,2.133,15.867317162598242,7.438967258602083,0.014075497054195418,0.0005,547.4354330880761
1950,5.199,30.018047401395847,5.773811771763002,0.005772079336804348,0.00125,5789.112330300628
1951,1.341,7.024425573572522,5.238199532865416,0.0047459906705641375,0.0,0.0
1952,9.0285,42.822396326651194,4.743024458841579,0.025243901453865236,0.00275,9976.97402596011
1953,5.8265,30.577101522779813,5.247936415134268,-0.025689976339746234,0.001,22118.3984972584
1954,20.58625,63.8487174939239,3.101522496517039,-0.06417212280468654,0.00425,63838.98729710296
1955,3.4455,22.90158619861522,6.646810680195972,0.02221797110534629,0.0005,2428.281758586783
1956,13.70425,53.21377367152785,3.8830124721548316,0.004690135427928954,0.00425,21501.633785212656
1957,1.88875,14.502860292944602,7.678549460195686,0.04377265597066837,0.0005,0.0
1958,1.508,10.013041558403348,6.639947983026093,-0.015886105693387886,0.00025,0.0
1959,3.73375,23.576213020597653,6.314352332265859,0.0005411833092638929,0.001,5370.242122991846
1960,1.346,7.474439832703397,5.553075655797471,-0.03808178591836875,0.0,0.0
1961,1.52025,10.426973212783036,6.858722718489087,0.0017061334560972696,0.0005,0.0
1962,1.28425,5.9865191505903566,4.661490481285075,-0.06469044854906614,0.0,0.0
1963,1.43525,8.91062047372722,6.208410014789912,-0.01483146526524759,0.0,0.0
1964,1.502,10.372554819010036,6.905828774307614,0.051146327149140025,0.00025,0.0
1965,1.5455,8.160611413654074,5.28024031941383,-0.10472942595604273,0.0,592.0208865161687
1966,11.28425,46.385809929095714,4.110668403225355,-0.017660972225510774,0.00275,41656.25308819612
1967,13.83325,52.62043492770176,3.8039097773626414,-0.00017948934702083363,0.0025,34163.57727571106
1968,2.259,17.514439982539418,7.753182816529181,0.028354148928031453,0.00075,0.0
1969,6.097,32.15566960540463,5.274015024668629,-0.0038287338417375416,0.00175,23518.5523759188
1970,12.45,49.685452207263445,3.9907993740773855,-0.025104675856224556,0.002,35736.57609478522
1971,13.87625,53.61713471663052,3.863949894000938,0.007969678983055672,0.00375,13318.856108832348
1972,12.4305,49.43997115125431,3.9773115442865783,-0.02725571405349414,0.00425,50559.1121433387
1973,3.65075,24.358768684817797,6.672264242913866,0.014722467720232668,0.00075,2312.938309507798
1974,3.2725,21.74601034653249,6.645075736144382,-0.0002680018423701913,0.0005,2125.2152179772415
1975,1.19925,2.996964278436023,2.4990321271094627,-0.23237366982254848,0.0,0.0
1976,2.2325,15.92444161376397,7.133008561596403,0.015636207224205778,0.00025,465.507838517827
1977,1.87675,12.671412731524974,6.751785124030891,-0.014855970504626503,0.0,654.1794381481077
1978,7.455,36.774944923732185,4.93292353101706,0.006553026447240873,0.00125,19405.771884537477
1979,4.64075,25.342548226750132,5.460873399073455,-0.024737517913564044,0.001,29497.630461097557
1980,3.275,21.472171258040806,6.55638817039414,-0.005771629816521573,0.00075,4075.0790563444716
1981,1.99825,11.749181152401132,5.879735344627115,-0.08476042842423492,0.0005,2268.32676319764
1982,2.76575,15.712561792623815,5.681121501445833,-0.0784559419181623,0.0005,9527.15113711842
1983,2.75575,17.47174597498354,6.340105588309369,-0.03236663377980009,0.0005,3548.1913253226976
1984,1.42075,7.376606470339498,5.192051008509237,-0.09688279641709019,0.0,504.82625269663174
1985,4.38225,24.553560928632514,5.602957596812714,-0.03847331410029531,0.0005,27642.199392625982
1986,2.76775,19.127395908906784,6.91081055330387,0.006952906655490532,0.00075,2388.3189741945353
1987,8.38575,39.675496004250476,4.731299645738363,-0.007904700350588767,0.0015,22943.767376993674
1988,3.34175,22.031688672544853,6.592859631194689,0.005400193815787047,0.00125,1975.932650449235
1989,1.5315,10.353492476049468,6.760360741788747,-0.001365252139873041,0.00025,0.0
1990,61.5205,107.77872537361347,1.7519156276950525,-0.03227573248585225,0.01575,20561.450898889692
1991,1.7045,9.022972528957105,5.293618380144973,-0.1298928673728138,0.0,1568.249570315039
1992,25.16225,71.64718246118376,2.8474076229742473,-0.014125184618035469,0.00975,97713.11797730239
1993,1.85725,12.731845797520993,6.855213782485391,-0.012789637434130752,0.0,634.4599393106589
1994,10.18375,44.875699917085,4.406598739863508,0.003065856657633592,0.0025,21336.929665815453
1995,2.032,14.758096976120909,7.262843000059502,0.014262331426075914,0.0,564.6311850909719
1996,1.24225,3.700201049869096,2.9786283355758467,-0.140829914301265,0.0,6297.0
1997,22.035,68.3009006401604,3.0996551232203498,-0.034897870493667105,0.00475,17868.19767463968
1998,4.14575,27.83923962239609,6.715127449169895,0.04200343432096143,0.0015,0.0
1999,114.58,125.92863695522696,1.0990455311156133,0.020763738522528552,0.0295,107639.14938821855
2000,2.75025,16.611151601465856,6.03986968510712,-0.05430319872800049,0.0005,6739.094263597528
2001,4.40925,24.812268671095993,5.627321805544252,-0.03392132441486306,0.001,24395.06676696033
2002,3.107,20.644032915681855,6.644362058475009,0.0022730063383491483,0.00025,2291.083929874753
2003,3.7765,23.86274094380899,6.318745119504565,0.00578746295021948,0.0005,4383.392502061896
2004,3.3575,21.41666085295564,6.378752301699372,-0.006895832779939104,0.0,3465.6812263025517
2005,5.0495,25.93276261400236,5.135709003664196,-0.05776157515228686,0.00175,40616.73213184612
2006,4.01125,26.138676918414614,6.516342017678931,0.014629665956944038,0.001,2210.674133100534
2007,1.1675,3.302600572675366,2.8287799337690505,0.6908020662822953,0.0,0.0
2008,2.86725,19.424210471100398,6.7745088398641204,0.013640434659232037,0.00075,2223.814999514644
2009,3.784,23.873087883247745,6.308955571682808,0.0059757332236651806,0.00075,2590.822266116455
2010,1.2505,5.952025403306038,4.759716436070403,0.0656095397802211,0.00025,0.0
2011,3.8425,23.7477826974596,6.180294781381809,0.0036902027125895742,0.001,6666.736563650752
2012,5.94275,32.10023486996905,5.401579213321956,-0.004578081497019104,0.00075,25100.02088384737
2013,5.6325,29.817414597904456,5.293815285912908,0.002859624311396969,0.002,19901.36556812169
2014,2.44625,17.268617843592956,7.0592203755106615,-0.014809872364137666,0.001,1391.2855329848303
2015,9.836,43.355247933564456,4.407812925331888,-0.011903704438096296,0.00275,38082.46158055102
2016,131.0045,127.59361666048629,0.9739636169787014,0.02646818366867576,0.037,72874.67312543336
2017,2.1715,16.403089742127,7.55380600604513,0.028497655316619852,0.0,0.0
2018,92.8335,121.60096001314722,1.3098823163313589,0.005576239528107152,0.02,16407.458687737937
2019,2.149,15.547402658719495,7.234715057570728,0.00522984077278732,0.0005,468.6550033229329
2020,4.6215,28.667502405573163,6.203073115995491,0.028802058081603743,0.0005,917.4316132722706
2021,21.31175,66.89650848623874,3.138949569427135,-0.04392084964628107,0.00725,43229.381553989326
2022,7.1165,33.45279061677834,4.70073640367854,-0.034566652262709274,0.0015,30862.771455212165
2023,1.13175,4.05955809670032,3.586974240512763,0.7804247754244322,0.0,0.0
2024,4.612,28.652690976155164,6.212638980085681,0.028577616333277378,0.0015,5426.21442329969
2025,2.63,17.071041418547917,6.490890273212136,-0.04244292451152254,0.00025,1696.2225798073237
2026,1.77525,13.268901739625775,7.4743848695258555,0.0375924755105701,0.00025,0.0
2027,1.672,11.655637239973943,6.971074904290636,0.016256252620259426,0.0,0.0
2028,2.759,18.98199141290239,6.880025883618119,0.003638832033455275,0.0,384.84694725958565
2029,1.7645,11.800396268262435,6.687671447017532,-0.013345910940997241,0.00025,817.8906968950635
2030,84.055,118.95469318088058,1.4152006802793478,-0.003979182927122071,0.01975,29251.269907351063
2031,1.8145,12.11165813651062,6.674928705709903,-0.03447740349331685,0.00025,462.47202422544143
2032,7.187,39.01436352345486,5.428462991993163,0.0322255217427847,0.0025,1475.6198054020688
2033,9.9795,42.45890094335144,4.254612049035667,-0.020976630402494312,0.00175,41090.96177535592
2034,3.60975,22.430163463420165,6.2137719962380125,-0.021100424990897704,0.0015,8168.068744485016
2035,73.79525,114.77120690713865,1.5552655070229948,-0.00497582706384847,0.01825,21457.601095821545
2036,72.436,114.09331586548484,1.5750913339428576,-0.0075485735614302385,0.02075,30086.706435284486
2037,11.44525,46.84597249201025,4.0930492992298335,-0.013373857263190514,0.00325,48291.854042347
2038,4.28675,27.27618965449568,6.362906550299337,0.03312976665784895,0.001,1554.916400958728
2039,3.031,20.860281082279496,6.882309825892278,0.006798619522899951,0.00075,677.6583703400685
2040,5.65,32.47486958077849,5.747764527571413,0.039937055896266616,0.001,2361.8903601232337
2041,26.34575,75.22192028431814,2.8551823457035064,0.007020115032235985,0.00725,24632.840188871185
2042,2.63225,19.05474431100269,7.2389569041704585,0.005300184939635688,0.00075,591.208902004153
2043,2.2435,17.167990351907264,7.652324649836088,0.019677354007293202,0.0005,0.0
2044,89.5185,120.4763474517875,1.34582625325254,0.0015410282269749942,0.01825,15117.95809523406
2045,79.50675,117.13752069309828,1.4733028414958262,0.0038872519401706995,0.01825,14325.457612502525
2046,9.773,43.29891649963669,4.43046316378151,-0.012468349761693087,0.00375,29075.31214736323
2047,7.5465,35.86394977513448,4.752395120272243,-0.00434088686829881,0.00125,31088.6595093493
2048,12.17025,49.36779374959372,4.05643218089963,0.00939760268576384,0.004,35066.30638346738
2049,3.88625,23.733144049390447,6.106952473307287,0.003422411634530498,0.0005,5288.614681551439
2050,71.89075,113.7298440770757,1.5819816051032394,-0.008934331936514717,0.01625,16445.37644910178
2051,50.77375,100.44887284062096,1.978362300216568,0.13262076681993462,0.0145,26294.014343099167
2052,5.50525,31.420395967558868,5.70735134054927,0.025601294100612515,0.00025,2558.3457038004613
2053,11.6705,47.83427075972601,4.098733624071463,-0.0043069588466186914,0.00275,42660.211903844975
2054,64.29575,109.47007219379198,1.7026019945920527,-0.025513371173137678,0.01675,14110.120700017214
2055,10.64525,48.11822672723241,4.520159388199658,0.03336423557956514,0.003,518.6322912308747
2056,12.88625,53.83803901098773,4.177944631757705,0.00975531010516617,0.005,4710.6375757053665
2057,14.70125,56.286477419737146,3.8286865007898747,0.029070147312050487,0.00325,6434.6133202535075
2058,18.80225,63.915259798003326,3.3993410255689254,0.03277254826370468,0.0035,2518.8904021808257
2059,13.328,54.52541307654433,4.091042397699905,0.015265041695686765,0.0045,2181.4756034897164
2060,12.624,52.72472473280005,4.176546635994934,0.0006803983177841033,0.00325,3390.1669030000744
2061,18.93975,65.04018508857881,3.434057212401368,0.04034975820045639,0.0045,163.45494618250896
2062,29.752,79.67687931435516,2.678034394808926,0.03200801486294891,0.00625,441.9481151302946
2063,2.543,17.467825629798867,6.868983731733726,-0.009828603004798708,0.0,1186.1168379104681
2064,89.3975,120.4605772915785,1.3474714314335245,0.0014841760564361373,0.01975,17489.165565449195
2065,4.35075,26.385332495161396,6.064548065313199,-0.007225228225280489,0.0005,8618.801682291081
2066,6.58075,33.07346282026167,5.025789282416391,0.008393376758020876,0.0015,24848.70296174082
2067,8.84025,38.55275358051173,4.361047886712676,-0.020371662739353757,0.00175,52849.87772467589
2068,12.43825,51.56129681039541,4.145381931573606,-0.009010091025201117,0.00325,25595.6669392883
2069,18.132,63.58261368637497,3.5066519791735584,0.030506366176793698,0.0045,1491.0740970571035
2070,10.96775,49.30889424536333,4.495807640159862,0.008879147248482155,0.00375,0.0
2071,10.5215,48.03632385864329,4.565539500892771,0.03262438557213443,0.00275,0.0
2072,10.57175,48.328493280395044,4.571475231668838,0.03525787692760218,0.0035,803.7067431284657
2073,23.10025,70.50546400848137,3.052151557168488,-0.021101525873934213,0.00675,38663.002245684234
2074,11.57775,50.548360399940584,4.365991699591077,0.019660956949714148,0.00175,463.902191420082
2075,34.3645,85.07614017547334,2.475698473001887,0.060483477169459565,0.00775,10826.616110912415
2076,9.243,43.33047234289472,4.687923005830869,0.030366358123192994,0.00075,6806.706433696298
2077,18.76925,62.85313941022302,3.3487294063547037,0.02549496456989342,0.0055,31922.931748534484
2078,16.7145,59.53622116121866,3.561950471818999,0.0019492556848990095,0.0035,23210.106379849058
2079,11.08275,48.70934255818501,4.395059218892874,0.003566151518867855,0.003,2082.1359740960897
2080,10.40475,48.15990834325173,4.628646372402194,0.03374027312852035,0.00225,418.49362145272755
2081,10.2365,47.33104292804211,4.623752545112305,0.026200695563417087,0.0025,521.6995178642243
2082,82.38975,118.6202260765259,1.4397449449297501,0.009349971745575836,0.0245,10828.617910715466
2083,3.333,22.23253657189402,6.670428014369643,0.009341423219257017,0.00025,1634.34690610869
2084,18.5845,61.63882052569589,3.3166789811776423,0.01702230950796957,0.006,52522.55693290581
2085,17.07825,59.90896759281543,3.507910212862291,0.004659825203444656,0.00625,25724.058971999293
2086,18.30375,62.013078390048925,3.387998546202222,0.019651280402224636,0.006,20484.59562242289
2087,6.66875,34.8330426269679,5.223324105262291,0.03090511970261156,0.003,10447.688802176717
2088,4.4375,25.307848892268353,5.703177215159066,-0.025332566825551517,0.001,10810.359252990056
2089,7.92275,37.0398335546333,4.675123354218333,-0.03775803872380923,0.001,32407.3384188557
2090,27.735,77.15136329459482,2.7817329473443237,0.018019303643687756,0.00775,18730.424890681967
2091,19.59725,63.36862345078211,3.2335467196051546,0.0290422628153304,0.00425,42628.40970773618
2092,7.85525,37.87351182768823,4.82142666722106,0.019336572487610226,0.00325,19831.72707873743
2093,2.26375,15.5080079479967,6.850583301158123,-0.024486091634047025,0.0005,1723.463680661894
2094,71.945,114.3171556592426,1.588952055865489,-0.006697365490883733,0.0195,12216.60945793565
2095,3.16775,21.074490349077678,6.652826248623685,-0.013890511425264984,0.00025,732.0250990290983
2096,51.3235,100.6327585121835,1.9607540115577367,0.13341507661526797,0.0105,844.8865341999121
2097,2.48675,16.800190059460892,6.7558821994413965,-0.026753256090983335,0.00025,1128.8946282106851
2098,1.41575,8.621628909827,6.089796157391489,0.023928889915162177,0.0,0.0
2099,1.52425,10.721060918785325,7.033663059724668,0.013785639379784609,0.00025,0.0
2100,5.2595,28.735528399493532,5.463547561458985,-0.013191172213481206,0.00075,34051.04607544569
2101,1.495,8.460932090671848,5.659486348275483,-0.037321202286666355,0.0,455.1543369758924
2102,1.5895,10.529539759737267,6.6244352058743425,0.00595726446243483,0.0005,0.0
2103,2.911,19.91171007345959,6.840161481779317,-0.0134129764605464,0.00075,601.6788915694348
2104,2.13575,13.882074770634409,6.499859426728039,-0.04397362639328195,0.0,926.0807221022108
2105,1.405,7.754515337984173,5.519227998565247,-0.022105776878066807,0.0,0.0
2106,1.85525,12.388812215241867,6.6777050075417685,-0.024651337302902254,0.00025,753.6690658721805
2107,1.59825,10.34993368187955,6.475791448071047,-0.0015145573489390163,0.0,0.0
2108,1.70275,12.255220930179588,7.197310779726671,0.0030786423696218534,0.00025,0.0
2109,3.442,23.72344486913978,6.8923430764496745,0.03753016077695115,0.001,694.0888121517382
2110,6.502,32.337353356536866,4.973447148037045,-0.0013818192554500008,0.00175,23798.281804811428
2111,2.94825,19.337865968160774,6.559099794169685,-0.02611299072994977,0.0005,2417.6732398351573
2112,10.5495,43.72768662294346,4.145000864774961,-0.008188876620894625,0.00275,47656.37063937001
2113,22.236,67.79454498027309,3.0488642282907485,-0.03812955077051461,0.00425,43525.07278771282
2114,3.9905,22.44247815987551,5.62397648411866,-0.05158312360729367,0.00075,27574.729735260757
2115,2.317,16.72028417748167,7.216350529771976,0.00820154787338434,0.00025,571.3987947988543
2116,1.34675,6.849798856433187,5.08616956111616,-0.07598261753011037,0.0,0.0
2117,5.77175,31.096766779900783,5.387753589448743,-0.01837105501517944,0.002,19899.14248832385
2118,3.05825,21.643797504830513,7.077183848550809,0.022811925587831627,0.00025,482.7730254791746
2119,1.28725,6.268178359977332,4.8694335676654354,-0.04472347892846196,0.00025,0.0
2120,10.58675,48.78688363116782,4.608296562322509,0.03935769890542318,0.00275,0.0
2121,2.31875,17.74347362134985,7.652171912172442,0.03399653864825014,0.0005,0.0
2122,2.45975,17.840486279111587,7.252967284932041,-0.0006607632000388275,0.0005,302.53204107698457
2123,4.5595,27.169735154710178,5.958928644524658,0.005497605479143575,0.001,5573.914371213377
2124,2.4955,16.683466793986987,6.6854204744488035,-0.02978114970884782,0.0,1206.519784386175
2125,9.22675,41.44958807425451,4.492328075893951,0.01109315373667874,0.002,27935.54649744787
2126,1.5625,10.649598454252123,6.815743010721359,0.010881108532160733,0.00025,0.0
2127,2.2725,15.568408318912889,6.850784738795551,-0.02279789305931712,0.00025,728.7215631789728
2128,9.0085,43.65816574948096,4.846330215849582,0.033638420189193496,0.00225,3321.786178232067
2129,7.5975,40.144668292913906,5.283931331742535,0.04462886925246634,0.00125,1783.4234606692414
2130,7.66975,40.27398271040921,5.251016357822512,0.04602557475928992,0.00125,0.0
2131,9.3845,43.11110995672026,4.593863280592495,-0.0143561740577689,0.0025,24136.354142915767
2132,14.694,54.73521124319755,3.7250041679051002,0.016932875805889314,0.002,21673.11438048677
2133,1.096,0.47046714532867057,0.42925834427798404,-0.15552468535084757,0.0,0.0
2134,1.64375,10.327971857444812,6.283176795403688,-0.03626472388754731,0.00025,7098.707666995121
2135,1.16175,4.509841638616744,3.881938143849145,0.8261073064704583,0.0,0.0
2136,2.1665,14.480856381802411,6.683986329011036,-0.02563375931658296,0.0,3544.1115994816696
2137,1.63975,10.315937891493206,6.291165050460867,-0.036771050999391264,0.00025,933.6569386026011
2138,2.01275,14.216455758770724,7.0631999795159475,-0.001976690494790656,0.0005,920.2287636380953
2139,1.34225,6.383635534564887,4.755921426384718,-0.03679674111107589,0.0,1037.357231754776
2140,2.7175,20.71568194918176,7.623066034657502,0.04159629405114518,0.00025,0.0
2141,12.0905,49.705990394722846,4.1111608613972,0.012362615247813569,0.0035,21515.42357936577
2142,3.29125,23.35686856718632,7.096655850265499,0.030767024730150805,0.00025,0.0
2143,5.5485,29.49367927250273,5.315613097684551,-0.0018814064979739697,0.00025,28451.599046914034
2144,74.11825,115.09987298919158,1.5529221614000812,-0.003733931274657376,0.02,9396.124336350802
2145,2.54525,18.920120115205222,7.4335016659287785,0.024856438221974475,0.001,434.1021597853218
2146,10.45225,45.03482823189147,4.308625246419811,0.0046031320494233086,0.003,37216.768359026915
2147,6.26375,34.32415654998994,5.479809467170615,0.024513582544381407,0.002,8609.774938600724
2148,2.06525,14.940140373707889,7.23405901160048,0.019586649656692767,0.0005,362.01848468431604
2149,3.7065,23.736337358105494,6.403976084744501,0.003480842285758623,0.001,5630.279937964869
2150,2.59225,18.31265486677362,7.064386099632991,0.010683859472781165,0.0005,1147.9325061722557
2151,13.8005,53.40620989701376,3.869874997066321,0.006257835568179049,0.003,25883.097474121947
2152,1.63675,8.612162433032905,5.261745796873625,-0.11516755733580952,0.0,1276.3651150335468
2153,2.319,16.36279848600396,7.055971749031462,-0.0011845246287554012,0.00025,1360.5464439901737
2154,4.38825,23.976962602077126,5.463900780966701,-0.04879363365199407,0.0,22617.032766340384
2155,1.75125,10.428689410861127,5.954997522261886,-0.06701276909123588,0.00025,1169.553774703625
2156,4.7265,25.932264041721897,5.486568082454649,-0.014747364611401359,0.0005,25742.693809228298
2157,1.91875,12.761126910563457,6.6507501814011505,-0.01179197964379175,0.00025,836.7485985979251
2158,1.91025,13.277999520082602,6.950922402870097,0.005451641181370315,0.00075,581.5976406155074
2159,2.076,14.161297948630889,6.821434464658424,-0.03532494535032171,0.0,325.58185259457116
2160,4.29875,25.97893809884626,6.043370305052925,0.01196746028635376,0.0005,2909.612846357193
2161,3.0045,19.583522623358263,6.518063778784577,-0.0206307224774247,0.00025,4100.794727561291
2162,6.043,30.070878195171773,4.976150619753727,-0.03294018004793209,0.001,29633.011441560782
2163,2.754,19.499180457384032,7.080312439137266,0.01531341796503205,0.0005,1034.8568915948506
2164,3.166,20.55529309006575,6.492512030974653,-0.02472391857167411,0.00025,1800.4522989341124
2165,3.0305,19.60853623867309,6.470396382997225,-0.020076361369888218,0.0,2375.9789974707246
2166,2.0015,14.376044846074809,7.182635446452565,0.002871390523892181,0.0005,0.0
2167,3.132,21.032027066848194,6.715206598610534,0.010359595490539997,0.001,1124.9325735079494
2168,4.053,25.434286243753373,6.275422216568806,0.0027656198120560305,0.00075,2774.191322872396
2169,2.09525,15.315705016176555,7.309726770636704,-0.0012910124820455504,0.0005,241.46170860003497
2170,5.3355,29.75803798902473,5.5773663178755,0.0019939341316594916,0.00125,15936.425409850426
2171,4.4575,28.420100620508368,6.375793745487015,0.025037811659372577,0.00075,1217.6235715735422
2172,7.50025,40.19420845763583,5.359049159379465,0.045164476016427146,0.0025,204.06225357958812
2173,2.8335,19.440351323082908,6.860896884800744,0.014001168604432346,0.00025,1125.1986548336902
2174,76.50675,116.09310210570924,1.5174230000060027,-2.359602253143578e-06,0.01925,35117.87157765368
2175,2.73875,18.11763120768398,6.615292088611221,-0.01660152540328297,0.00075,4123.489399158472
2176,70.16725,113.02163620298549,1.6107462698479063,-0.011647185422520856,0.0175,7953.666116246089
2177,5.24175,30.52184795745802,5.822835495294133,0.013000464887784835,0.00125,5451.607234133537
2178,1.2905,6.6758708467802705,5.173088606571306,-0.017356898569523715,0.0,0.0
2179,16.22675,58.07312163386411,3.5788510720793822,-0.008856838772378861,0.00375,33966.37584628589
2180,10.0,46.90096401041536,4.690096401041536,0.022236390786192217,0.00225,0.0
2181,8.9845,44.75513954149674,4.981372312482246,0.04441585039266349,0.00325,0.0
2182,11.11125,48.0153854795334,4.32133067652455,-0.0026656964758455803,0.0015,19876.28955601197
2183,9.35525,45.12826927336569,4.823844287791955,0.00550329950921169,0.002,0.0
2184,4.34075,26.491047229834706,6.102873289140058,0.020445192107603427,0.0005,3743.1028800225026
2185,1.7985,12.094625572622556,6.724840462953882,-0.0026500745568147632,0.0005,576.8088427431776
2186,2.5975,18.732357541291048,7.211687215126486,0.02052498750338283,0.0005,795.5359440287714
2187,2.835,19.286919694907983,6.803146276863486,0.010559931648928433,0.0,1228.1684286779016
2188,2.6425,18.739983737923158,7.09176300394443,-0.0019337308784821428,0.0005,2353.1704468448193
2189,3.00925,21.004570036735025,6.980001673750943,0.009792259445998042,0.00075,1034.0544984643846
2190,1.673,11.483010749971934,6.863724297652082,0.009776001651360833,0.0,0.0
2191,78.80625,117.30085499937073,1.488471472749569,0.004492402007324259,0.02075,40479.29627096606
2192,14.335,55.668865002195425,3.883422741694832,0.024278444118686515,0.00275,5931.253922897762
2193,4.866,26.91809224151074,5.53187263491795,0.001456477468880113,0.001,13930.051734475757
2194,8.647,42.12426265676462,4.871546508241543,0.018105246898621363,0.002,2719.0326117873383
2195,5.20625,31.30943597596071,6.013817234278168,0.024064884362878125,0.002,2956.1553454620675
2196,3.253,20.59548577986514,6.331228336878309,-0.023875552177511583,0.00075,4658.361063066997
2197,10.63475,45.01107465555462,4.232452540544406,0.004374003415314576,0.002,28435.092684796076
2198,5.88325,31.88545577547861,5.4197009774323055,-0.007493662307466176,0.00175,11290.938685666892
2199,7.60375,35.63685216521742,4.686746955806993,-0.007099669086541915,0.0025,31400.378237846482
2200,4.5115,28.364343844877453,6.287120435526422,0.024184941899165535,0.001,2018.9219755356926
2201,1.97225,13.330919258984819,6.759244141962134,-0.029907930309386765,0.00025,414.95686246237875
2202,3.06,19.79013169051894,6.4673632975552096,-0.016072852352092548,0.00025,2021.2402473535437
2203,9.033,42.0281929572378,4.652739173833478,0.017113652340776664,0.0025,22002.045077484698
2204,12.0225,51.91555932545675,4.31819998548195,0.03125142104239309,0.00375,0.0
2205,15.04625,56.34059528090427,3.744494161728289,-0.022010578961068283,0.00325,12793.828623957976
2206,13.3145,54.583027732795465,4.099517648638361,0.015723699695501914,0.004,0.0
2207,12.657,52.16225240673601,4.121217698248874,-0.003977586415744083,0.00225,3081.797989602901
2208,11.624,51.367609267129176,4.419099214309116,0.02664323710201222,0.003,0.0
2209,10.642,47.5136688036274,4.464731141103871,0.027873187505110142,0.00175,2661.10584832342
2210,9.152,44.26973399894203,4.837164991143141,0.03967984731065721,0.002,620.8578762267095
2211,10.59575,48.472370734457115,4.574699359125792,0.036548882561046936,0.0045,1517.553444727009
2212,18.3935,62.33803947463688,3.3891341764556437,0.021921129351802016,0.00475,17039.2070876357
2213,11.65225,49.75361972365832,4.269872318535761,0.012778566130589697,0.0025,6538.687699273316
2214,10.182,46.80590319760464,4.5969262617957805,0.021355251509189044,0.00225,1559.3556663586082
2215,85.7145,119.73882551759927,1.3969494719983115,-0.0011257701170666046,0.02275,14449.0722006724
2216,6.5425,34.44381349127816,5.2646256769244415,0.0260249373724164,0.00125,16971.704370697964
2217,3.24175,21.963797691650683,6.7752904115526125,0.004059842601895847,0.0005,1375.0309831229106
2218,4.44875,25.934774465361027,5.829676755349486,-0.014705323917891588,0.00025,11544.689480596084
2219,14.24375,53.678521606485816,3.768566677067894,0.008466623432585862,0.00325,30406.506795690424
2220,5.462,29.51166363613958,5.403087447114533,-0.0016166674169053596,0.001,13377.280682542698
2221,5.3105,27.683716997482456,5.213015158173892,-0.029385958797391476,0.00125,22199.31767530641
2222,88.5855,120.98313898940602,1.365721692482472,0.0033640842990410036,0.0225,8416.497238909744
2223,20.05875,65.32599536061402,3.256733114506837,-0.05423826525785169,0.0055,21868.169546313136
2224,18.73525,62.38260217962357,3.3296914735391074,0.022231476339137357,0.006,31483.856532041056
2225,12.5875,52.392018234113294,4.1622258775859615,-0.0020687941496393414,0.00375,5275.658707446808
2226,21.522,67.43159327008918,3.133147164301142,-0.04046087969095691,0.00375,32033.29276172196
2227,3.0765,20.570523434239334,6.686339487807357,0.0007238063062215971,0.00025,2862.351285706225
2228,1.9605,11.193469667212115,5.709497407402252,-0.10580330163966178,0.00025,2606.7573888249967
2229,9.17825,42.1212479257109,4.589246090018348,0.018074164386270075,0.00175,38723.86300892496
2230,1.8525,13.021929058672617,7.029381408190346,-0.0030056823800501675,0.0005,1442.2225911619573
2231,1.61325,11.447573374804936,7.095969858859405,0.008433666135027718,0.0,0.0
2232,4.738,27.238517584664045,5.74894841381681,0.0065956685188623965,0.0005,7534.5297336305475
2233,3.641,23.69176954104519,6.506940274936882,0.002664635863771636,0.00025,1831.8127303925605
2234,5.20925,29.741571994662262,5.709376972627972,0.0017535597602917896,0.002,6045.510314430871
2235,20.65825,65.56359968258556,3.1737247677119584,-0.052661511059425514,0.00425,40147.20543689194
2236,1.5605,9.78144973609408,6.268151064462724,-0.02604889680913247,0.0,543.6762589819857
2237,1.4365,8.75908945964365,6.097521378102089,-0.0222804496401513,0.0,0.0
2238,1.636,9.667826576727546,5.909429447877473,-0.06495091839393996,0.0,632.8683932271406
2239,24.03225,71.51642720226901,2.9758523318569425,-0.014918491008531598,0.00625,27507.97291874322
2240,1.411,8.518815736673076,6.037431422163768,0.01871878828627327,0.0,0.0
2241,87.9295,120.64971661085478,1.3721187611763377,0.0021655420669226544,0.0235,3285.9209039176703
2242,12.54525,50.39638778139613,4.017168871197954,-0.018934513710431977,0.00375,29187.3716761079
2243,1.63825,10.453573850079206,6.380939325548119,-0.03101497805088016,0.00025,6297.0
2244,2.615,17.427096744014232,6.664281737672746,-0.01084240886418808,0.00025,1033.2231081565722
2245,1.595,9.382536064185894,5.882467751840686,-0.04413188195962359,0.00025,598.3723280011901
2246,17.46975,60.278146526537036,3.45042983022293,0.007327879581684682,0.00325,41607.802499084115
2247,2.43275,14.728092429576666,6.054092047919706,-0.08392094996920219,0.0005,4458.307670156168
2248,2.6045,19.954413657286494,7.661514170584179,0.047971519960145814,0.0005,0.0
2249,3.05525,21.325158569973368,6.9798407887974365,0.016370732668970822,0.0,236.57163743829472
2250,81.25525,118.2662898981323,1.4554910593239487,0.008052197214409418,0.02225,6601.875635982994
2251,10.715,45.428159817739775,4.239678937726531,0.008379766393407317,0.00325,25625.960973488138
2252,11.038,46.72354147891706,4.232971686801691,-0.014510362979367475,0.00175,16009.31065721835
2253,4.59075,26.951388809803365,5.870802986397291,0.0019933498290776175,0.00075,6470.467779004177
2254,1.12325,0.7973194887194048,0.7098326184904561,0.07357839400670706,0.0,0.0
2255,2.864,19.016819235967496,6.639950850547311,0.004434937772086034,0.0,2995.1412720607154
2256,1.12525,0.7524652739476582,0.668709419193653,0.04843247657622124,0.0,0.0
2257,2.24875,15.676281762266601,6.971109177216944,-0.01979904575321445,0.0005,1500.6556274197249
2258,10.69425,46.212202488652416,4.3212195795546595,0.01581128904521467,0.00375,21029.47270126555
2259,89.07125,121.24987652190266,1.3612683837029642,0.004320540916296078,0.0235,17763.678653072304
2260,6.68975,34.74458650653908,5.1937047732036445,0.029800855985429697,0.00125,6002.552257578584
2261,1.8145,13.996930673082105,7.713932583677104,0.02835180411105065,0.0005,0.0
2262,3.26675,23.194440927946292,7.100157933097511,0.027736316701965302,0.001,2060.136489717492
2263,3.93975,24.668345136032887,6.261398600427156,-0.010513918792636634,0.0005,5360.412486610113
2264,3.5155,23.04164684049907,6.554301476461121,-0.009419347671320022,0.0015,2455.686498753346
2265,12.086,49.88498503490787,4.127501657695505,0.013923729955061637,0.0035,28595.263987897495
2266,2.58575,18.701566353744834,7.232550073961069,0.019810531498400286,0.00025,429.1310737623969
2267,7.194,34.18936372832985,4.7524831426647,-0.025107985973665592,0.00275,53988.631755296534
2268,1.54925,9.83477275417595,6.348086334791641,-0.0236877949647053,0.00025,0.0
2269,3.25475,22.29136780700495,6.848872511561548,0.010489125605123828,0.0015,1834.4340314654182
2270,4.85425,27.530074158695903,5.671334224379853,0.011219581727399897,0.001,12624.725655616174
2271,2.5275,17.421412691140716,6.89274488274608,-0.010984082230407699,0.0,515.4005852299028
2272,4.2625,26.177727405239473,6.141402323809847,0.015278006159701096,0.0005,2349.3854972387644
2273,9.57775,42.57964550686599,4.445683538082116,-0.01974333714706966,0.00275,36852.6435631386
2274,3.9675,23.476024464997696,5.917082410837478,-0.03202938139316247,0.001,10003.074176832743
2275,1.77725,12.613342401565685,7.097112056022329,0.015587682737829622,0.0,0.0
2276,11.773,48.37234170329637,4.10875237435627,0.0005509957629155071,0.00325,39430.18200491571
2277,12.1595,48.76078304581265,4.010097705153391,0.0040245549908812794,0.00275,41052.00141424039
2278,2.10275,15.487257866599778,7.365239741576402,0.003546523888252162,0.00025,0.0
2279,17.13325,60.15004157365835,3.5107198910690234,0.006403921561521031,0.00425,29542.865118357622
2280,2.3395,17.86640819766165,7.636848983826308,0.03699514563615858,0.0005,0.0
2281,2.07775,15.576965860007878,7.49703566839508,0.006054862430037389,0.0005,0.0
2282,2.12325,15.060287596959286,7.093035486616878,-0.008594740235799092,0.0,6297.0
2283,17.52,59.15684646024313,3.376532332205658,-0.0008269957606661382,0.0035,49661.99396467762
2284,69.2735,112.22805345253668,1.6200719388010811,-0.014707345336296918,0.018,18830.549770682814
2285,6.0835,33.26518707173806,5.468100118638623,0.010903678563237484,0.00075,6983.989980847291
2286,10.0235,43.59874608764687,4.349652924392365,-0.009471379568278149,0.0025,44330.54532389329
2287,2.815,19.80550023250776,7.035701681175048,0.022082875403151236,0.0005,391.81135261456933
2288,74.42025,114.85417280268945,1.5433188252214882,-0.0046619973622945565,0.0175,4971.352771767604
2289,4.65125,27.657519014311585,5.946255095793944,0.013225420096062424,0.00225,6214.966519502691
2290,24.3915,71.65717630132288,2.937792932018239,-0.014064610471234085,0.00725,45715.6136665937
2291,15.45025,56.704293216252935,3.6701214036182543,-0.019216068683094445,0.004,23420.217172207347
2292,2.507,18.13364713149488,7.233205876144746,0.006417709409382022,0.00025,326.7881997314913
2293,6.75725,33.60228564901069,4.97277526345935,-0.03263018514482341,0.001,19181.05174645871
2294,2.63275,18.459701177955047,7.011566300619142,-0.008478274088437932,0.00025,6558.731894608786
2295,1.46375,9.080903128979488,6.203862086407848,-0.00661036876539467,0.0,0.0
2296,5.01775,29.469069232805133,5.872964821444897,-0.002243940651542875,0.0015,8593.57278773999
2297,15.4855,56.65195628385393,3.658387283836746,-0.01961709893340635,0.00375,32617.795815687587
2298,5.8095,29.752848901482334,5.121413013423243,-0.037557734826899836,0.001,21836.62259917287
2299,2.065,16.002993437158484,7.749633625742607,0.049433198772782516,0.0,0.0
2300,2.69725,18.345605270627797,6.8015961704060794,-0.011170895694927241,0.0,1899.5098385140532
2301,2.88925,20.12295251055211,6.964766811647351,-0.008829834239931778,0.0,410.5286822170902
2302,5.40175,29.14716514940281,5.395874512778787,-0.007014038016016855,0.0015,17575.720763708825
2303,3.668,23.70332757092311,6.462193994253846,0.0028764547650095285,0.0005,2974.273532181921
2304,3.278,22.210921801262895,6.775754057737307,0.008918990911041869,0.00075,435.4790616723151
2305,3.4405,22.858184177575747,6.643855305210216,0.0213941355074736,0.0005,831.3455701843823
2306,2.91975,20.517944742386184,7.027295056900825,-0.00038768064935057467,0.00075,2058.4469842320054
2307,7.2965,34.59410030184227,4.741191023345751,-0.019996964256580263,0.0015,34355.05565807972
2308,2.878,20.466419681606407,7.111334149272553,-0.001479661051146941,0.0005,1724.7886067406205
2309,3.2835,21.372232471836153,6.508978977260896,-0.007797702690320207,0.00025,2034.1977641127382
2310,88.4035,120.31875098341717,1.361017957246231,0.0009725508219280421,0.022,15775.564481635174
2311,88.06525,120.49133800016817,1.368205256899494,0.0015950629614547296,0.0215,19919.966573265177
2312,5.291,27.598998988845533,5.216216025107831,-0.03071702916228647,0.00075,35187.049802565416
2313,17.57125,61.07208342017504,3.475682345887461,0.013010725537189405,0.0045,21427.841516117445
2314,1.16675,3.9901660107943413,3.4198980165368256,0.772936979288958,0.0,0.0
2315,3.37575,21.797932227618517,6.457211650038811,0.0007677058037338647,0.0,2804.4234230683915
2316,4.23675,23.551387780852767,5.558833488134247,-0.03063743152099141,0.0,22159.969396876095
2317,2.605,17.157463963022348,6.586358527071918,-0.017614355604250065,0.00075,2999.7381065564127
2318,1.798,12.35865607964813,6.873557330171374,0.0067287442257326635,0.00025,536.0470257587807
2319,2.03125,14.333305074060432,7.056396344152828,0.001578316253127987,0.0005,461.55700039910914
2320,10.2815,43.84856248336956,4.264802070064637,-0.006990018413337795,0.0015,37222.64197398082
2321,1.54025,10.75498941825824,6.982625819352859,0.015157863054801268,0.0005,0.0
2322,16.00975,56.676509345719275,3.540124570697186,-0.019428915684130743,0.00375,43449.20175477389
2323,4.3675,23.242267413026312,5.321641079113065,-0.062309305903421874,0.0005,33025.572093624374
2324,3.2825,21.019411211114253,6.403476378100305,-0.015027045623835056,0.00075,3705.1962379073066
2325,3.35025,22.29566884284451,6.654926898841731,0.010572913014098795,0.001,3516.236350431271
2326,1.8325,13.569173680390128,7.404733249871829,0.014872393876962153,0.00025,0.0
2327,5.194,28.453053580670673,5.478061913875755,-0.017481478023510633,0.00125,21836.324901777753
2328,7.2225,37.298918162247254,5.164266966043233,0.012697230953671035,0.003,7186.760995935687
2329,2.83,20.29783487284127,7.172379813724831,0.032746774548178204,0.0005,1563.9156387423357
2330,9.94,42.922907566921644,4.318199956430749,-0.016256245496943045,0.00125,22975.416195492005
2331,20.06725,65.48023856743508,3.263039956517962,-0.053214047946042786,0.00525,20616.450004781385
2332,3.18525,21.87718183882015,6.868277792581477,0.0023437844172433664,0.00125,1390.7412867247333
2333,2.196,16.451891994161247,7.491754095701842,0.029787844093511984,0.0005,255.00525192248355
2334,6.67025,33.87343896631033,5.078286266078532,0.018772998641402916,0.003,21817.931472766995
2335,11.12975,44.693627006669004,4.015690110439947,-0.033800516071982534,0.00325,57252.564419244496
2336,70.7105,112.54331250255282,1.5916067981778212,-0.013489082013553144,0.019,40369.829887748354
2337,1.7225,11.868559703155091,6.890310422731548,-0.01084448371147273,0.00025,0.0
2338,1.5905,10.43163527466456,6.558714413495479,0.0019002698755397063,0.0,0.0
2339,4.15325,25.696621247225885,6.187111598681969,0.0072220885005014335,0.0005,2587.759965983546
2340,1.55925,11.189941605557378,7.176489726187191,0.03237569580861943,0.00025,0.0
2341,7.22125,35.21125184513645,4.876060494393139,-0.012317538964953245,0.00175,27739.589800381204
2342,4.686,26.959350987206882,5.753169224756057,0.0021216333491496098,0.00075,4656.775498187401
2343,10.975,45.297177986971725,4.127305511341388,-0.027974969993954435,0.0025,38658.71330129162
2344,1.76475,13.207706777373552,7.484180069343279,0.03558491614102821,0.00025,0.0
2345,9.081,39.78402482351163,4.381018040250152,-0.006718347949995707,0.0035,52029.55256140845
2346,4.00425,24.473198938922472,6.1118059409183925,-0.013963194295350867,0.001,4682.428656385126
2347,2.438,16.73311552846099,6.863460019877353,-0.02849064147713487,0.00025,1427.1901709585547
2348,77.40875,115.97919195562267,1.4982697945080197,-0.00042869703980308316,0.0175,22331.447057843634
2349,2.939,17.142396111282373,5.832730898701046,-0.07845001034286314,0.0005,7819.3427207710865
2350,9.5385,43.02662943410876,4.510838122777036,-0.015208052382454484,0.0015,16769.272187239985
2351,6.4745,34.201736643734364,5.2825294067085276,0.022961867014843707,0.0015,8972.891220650803
2352,6.69775,32.49661370686342,4.851870211169933,0.0007518163551207824,0.00125,27357.945961641475
2353,2.6205,18.532170409453425,7.071997866610733,0.015858834041327263,0.0,393.94256377333596
2354,6.942,33.704957232364336,4.855222879914194,-0.03130522412205239,0.00175,30249.508996769764
2355,2.16325,15.380010910965094,7.109677989582846,0.0005286379332298807,0.00025,554.9838606542326
2356,8.62875,38.246864304080844,4.432491879366171,-0.023831230142922433,0.00175,39698.9198748666
2357,4.7475,26.995479857435086,5.6862516813975965,0.0027032521245957675,0.0005,6321.957388307095
2358,18.76125,62.58127797133605,3.335666758416206,0.0236124173378236,0.00725,64778.93631949104
2359,5.6535,30.86208928262509,5.4589350460113355,0.01781496359775403,0.00125,18533.104285934987
2360,15.442,56.600176952088695,3.665339784489619,-0.020014221336077886,0.0035,49580.40658608232
2361,1.48125,9.428752503960702,6.365402534319461,0.009714824451383164,0.0,0.0
2362,9.117,43.01233341968966,4.717816542688347,0.027165938519680077,0.002,11466.342941780053
2363,1.451,9.372863043937542,6.459588589894929,0.007132859564804139,0.0,0.0
2364,7.2265,37.11739650124666,5.136289559433566,0.010578501682257047,0.00225,10502.069838874577
2365,1.23275,4.785321542285926,3.8818264386825603,-0.029144111495019498,0.0,0.0
2366,1.871,11.92668941828033,6.374499956322998,-0.04116109745034047,0.0,1294.0044019154104
2367,1.25175,6.174658171784459,4.932820588603522,0.08155768378030115,0.0,0.0
2368,2.33875,16.819504224800802,7.1916640191558745,0.010771083747032284,0.00025,1297.411105109273
2369,1.31825,6.746098457523403,5.1174651678539,-0.012812149365829861,0.0,0.0
2370,1.26975,6.376531186702827,5.021879257100081,-0.037280336578159434,0.00025,0.0
2371,2.645,16.890168573718036,6.385697003296044,-0.047068956456330024,0.00025,3870.153617999304
2372,89.94275,120.72024609356843,1.3421898495828561,0.0024193480142957746,0.019,11103.910922789843
2373,8.5905,39.33867298916089,4.579322855382212,-0.011607359373771997,0.0025,28187.48755407993
2374,7.14325,34.98259817368123,4.897294393123751,-0.015146942936722585,0.00225,24274.765239973698
2375,12.999,49.137232481123476,3.7800778891548177,-0.029923230322980388,0.004,75651.89848444551
2376,3.5045,23.008592494590918,6.565442286942764,-0.01004281120608086,0.00075,2951.5371304273226
2377,3.09,22.340303764565814,7.229871768467901,0.03656753747216168,0.00075,618.5751314199596
2378,3.92825,25.31529810247164,6.444421333283686,0.000729111000104421,0.00025,917.3323899142389
2379,19.75125,65.27110733548726,3.3046570386931085,-0.05460332033712301,0.00725,26311.990755170296
2380,1.79225,12.690187159771815,7.080589850618952,0.01822552478044992,0.0,0.0
2381,5.71425,30.280287661987682,5.29908346011947,0.009549636910805237,0.00125,15148.47682013021
2382,14.009,52.62827997344433,3.756747803086896,-0.00011474632216224023,0.00475,44432.18803406338
2383,9.23975,41.835533017916994,4.527777593324169,0.015118241458371484,0.00225,19032.685498087016
2384,2.43625,17.083292881099226,7.012126375002248,-0.01949586436443007,0.00025,691.6462217213352
2385,2.51525,18.46936779709057,7.342955092770329,0.01438457888807565,0.00075,379.64182028307835
2386,10.06275,45.044428762924106,4.476353756470558,0.004695705141291695,0.0035,15537.815514651138
2387,1.33175,7.738873592365989,5.811055823064381,0.046812928224180705,0.0,0.0
2388,1.32775,7.403312244904229,5.575832984299928,0.027561242058809166,0.0,0.0
2389,15.011,55.455258546192944,3.6943080771562817,-0.028889275861706976,0.00375,33154.16918225082
2390,8.46475,38.01833907424141,4.4913717563119295,-0.026433925446641693,0.00225,33702.38741956176
2391,1.25675,6.063870221897645,4.8250409563538055,0.07369466167879801,0.0,0.0
2392,16.8795,60.482026244369955,3.5831645631902576,0.008794322010885258,0.005,15696.64518610742
2393,13.81225,55.024153008393256,3.9837211901314595,0.019219443424931093,0.00225,1450.481420842409
2394,22.2275,68.73274904619967,3.092239300245177,-0.032160586606574615,0.005,24164.61086183895
2395,14.635,55.56925193342187,3.79701072315831,0.023500627685803854,0.00225,15847.011520740354
2396,13.39925,53.953837709549425,4.026631170367701,0.010688418548463918,0.004,16621.834178680856
2397,23.38225,70.38234546799286,3.010075825380058,-0.021860565517800135,0.0065,45869.193313832926
2398,12.244,51.96688467933997,4.24427349553577,-0.005607240283678205,0.00425,1120.5120662030085
2399,10.70125,48.47156250349665,4.529523420487948,0.03654164105073243,0.0025,0.0
2400,10.50225,48.026697115734095,4.572991227187897,0.03253734185238133,0.00125,0.0
2401,11.69725,49.88468415120734,4.264650593191335,0.013921110478984478,0.0025,5986.172671659933
2402,10.097,46.75854661364439,4.630934595785321,0.02091562502940003,0.00125,0.0
2403,10.67425,48.2407652281237,4.519358758519211,0.03446880968034427,0.00175,515.2413244059596
2404,10.454,47.92535439512654,4.58440351971748,0.03161995446954746,0.0035,0.0
2405,72.084,113.6725046067689,1.5769450170186017,-0.009153346526481698,0.02025,18164.79174026792
2406,12.25375,51.33331411687789,4.18919221600554,-0.010934619178771365,0.0015,701.239207837233
2407,11.7935,50.15225488367875,4.252533589153241,0.016244347692501382,0.00225,2174.0550559687954
2408,11.73675,50.44565036103298,4.298093625665792,0.01877760915164317,0.00225,1634.9617999506581
2409,23.68875,70.57912387256698,2.9794363937551362,-0.020648037992695656,0.00625,47400.01230994348
2410,13.13375,53.14155969934755,4.046183283475592,0.0041003740410801015,0.003,3098.1260849185214
2411,12.95325,53.09043428896347,4.098618824539283,0.003682355240990587,0.00375,3489.3666546736454
2412,18.7445,62.271812759996834,3.3221378409665148,0.021459498125778964,0.00525,29426.255885100567
2413,9.60775,45.462469125227244,4.731853881005152,0.008707640538426098,0.00125,0.0
2414,2.0175,13.926007222793343,6.902605810554321,-0.010941412272236217,0.0005,1742.8647747176085
2415,1.84575,12.161103159048166,6.588705490477132,-0.03270803494997776,0.0,344.79054800852816
2416,3.03025,20.68143528333671,6.82499308088003,0.0030591388143184073,0.00075,1939.2082173209885
2417,2.3385,16.027309081973254,6.853670764153627,-0.010181494298015403,0.0005,1260.5170441522405
2418,7.857,37.195052345436274,4.734001825815995,0.011486169708776472,0.00275,34481.71490303325
2419,1.59175,9.444118793325591,5.933167138888388,-0.041290683134139416,0.00025,435.8641439364993
2420,3.3425,20.295631843280454,6.071991576149725,-0.030245015858659796,0.00025,6976.358567718052
2421,2.653,16.978682514111004,6.399804943125143,-0.04479895306573356,0.00025,1912.0659061159329
2422,15.081,55.80867845727748,3.700595348934254,-0.026130271686111595,0.00325,31836.079295872834
2423,6.217,30.180277057721323,4.854475962316442,-0.03136306922426435,0.00175,42685.67671069236
2424,1.46125,9.88146797241293,6.762339074362997,0.030082055750253578,0.0005,0.0
2425,2.023,11.949107342875987,5.906627455697472,-0.07743256580001034,0.0,1744.2215013067805
2426,9.21225,40.872341956655184,4.436738251421226,0.005002458039898405,0.0025,22831.52575073786
2427,4.09325,25.81257690970004,6.306132513210784,0.009177428176860403,0.0005,4015.6821248882407
2428,3.34825,19.83570860270545,5.92420177785573,-0.04019987252622137,0.00075,13579.561819435516
2429,1.78225,11.813836236344011,6.628607791468095,-0.012851556140019316,0.0,630.8301228435267
2430,1.74525,11.91806874154248,6.828860473595462,-0.009036616465782688,0.0,286.35543395124665
2431,3.4385,22.122625757188008,6.433801296259418,0.007189080379212953,0.0005,2365.66281286374
2432,1.55675,10.77834971798377,6.923622751234155,0.016100146384121272,0.0005,0.0
2433,1.38775,8.211501514752443,5.917133139796392,0.0027621411307952037,0.0,0.0
2434,1.4885,10.39999556379385,6.986896582998892,0.05229374244013851,0.0005,0.0
2435,1.33775,7.197890478767796,5.380594639333056,0.015340409576708902,0.0,0.0
2436,1.741,13.402325342310762,7.6980616555489725,0.04193765375046277,0.00075,0.0
2437,2.29,16.82733460169641,7.348181048775725,0.010973223957345235,0.0005,0.0
2438,5.0515,30.496817239105933,6.037180488786684,0.012644157406028977,0.002,14033.551888039477
2439,1.39975,8.763483873431843,6.26074932911723,0.03101635560802929,0.0,0.0
2440,1.92375,13.088803044158857,6.8037962542736095,-0.0007810747919700933,0.0,525.2411878770246
2441,4.69925,25.88416112001163,5.508147283079562,-0.015553705048753086,0.0005,8695.296995921366
2442,10.80125,45.86378331638727,4.246155150226804,-0.02257623936887332,0.00325,29263.35986666619
2443,4.274,26.54300391372821,6.2103425160805354,0.02129613627820337,0.00125,2741.725221147614
2444,1.41775,9.391846817008814,6.624473156063349,0.06109056432567195,0.00025,0.0
2445,1.85225,13.08157872211782,7.062534065119622,-0.0010208483883684671,0.00025,272.74323729744054
2446,3.1065,19.660920520131423,6.328962021609986,-0.018917688969093405,0.00025,5761.093986760369
2447,3.567,22.888337204676944,6.4166911142912655,-0.012318620445746387,0.0005,3931.8159008392363
2448,1.7155,10.642597237939253,6.203787372742205,-0.05819487562959935,0.00025,1042.3340783327267
2449,8.14875,37.19939612689367,4.565043243061043,-0.03589117529716468,0.00225,47499.57578780439
2450,9.58125,42.573730504499686,4.443442192250457,-0.019803671875123552,0.00275,31024.40494132299
2451,72.5575,113.88991800025816,1.5696505254488944,-0.00832349540491606,0.018,23202.61272138751
2452,7.7345,40.93399452444058,5.29239052614139,0.05308512260579401,0.0025,730.4877022566002
2453,1.42525,8.86563942014799,6.220410047463947,-0.01702934774111231,0.0,0.0
2454,2.89225,18.79563669917122,6.498621038696937,-0.03846449456205847,0.00075,3881.713519427861
2455,1.37825,8.39751787816665,6.092884366527589,0.012490500918381442,0.00025,0.0
2456,1.41225,8.433716964242887,5.9718300330981675,0.014358585787926481,0.0,0.0
2457,16.19825,58.364064611257035,3.603109262497926,-0.006686480716259657,0.004,20861.79339434986
2458,10.0075,44.772654504706885,4.473910017957221,0.002067465243113853,0.0025,23531.100179876998
2459,24.3265,72.13794680050263,2.965405907158968,-0.01116052376269705,0.0065,27830.937186860265
2460,1.777,11.870951978473284,6.680333133637189,-0.010756954364842919,0.00025,241.45551727783175
2461,27.27775,76.70303738394902,2.8119268408849343,0.015488261056350483,0.0075,20708.131821736137
2462,4.6625,25.762211019808785,5.525407189235128,-0.017604666300131466,0.00075,21871.881380231112
2463,80.97925,117.55128410841111,1.451622287294722,0.005418601971262316,0.022,39198.85441358633
2464,2.02425,15.049311691339767,7.434512383025697,0.022748608745815968,0.00025,0.0
2465,1.12825,0.6858713745197392,0.6079072674670856,0.008188691963466221,0.0,0.0
2466,2.022,14.136635990195114,6.991412458058909,-0.004421953037941684,0.00025,461.80819471230654
2467,1.20425,3.9361027887735545,3.268509685508453,-0.11398880510855713,0.0,0.0
2468,2.07075,14.56331923032147,7.032871776081841,0.008492341061646203,0.0,538.6300190442362
2469,3.40225,18.121107542646033,5.326212812887364,-0.07946285440652545,0.0005,20913.32313636783
2470,4.431,27.76189690438916,6.2653795767071,0.014861337564409771,0.00175,4927.481930188305
2471,1.95775,14.470878222023332,7.39158637314434,0.005726860422639035,0.00025,0.0
2472,7.332,34.24962094876064,4.671252175226492,-0.02434323514594605,0.0015,34558.50596722624
2473,4.2735,25.08904268332475,5.870841858739849,-0.0031698444661198977,0.0005,5115.733264512837
2474,4.692,27.75883236365587,5.916204681086076,0.01481339463754483,0.00075,2652.769528225981
2475,3.038,19.011336452980682,6.2578461003886385,-0.03350888868065405,0.0005,4828.943984174785
2476,2.0695,14.931674670884018,7.215112186945647,0.019340490652642872,0.00025,0.0
2477,3.29225,21.111389405440775,6.412450271225081,-0.013130775667902661,0.001,3593.352166167317
2478,2.8355,18.852010219664386,6.648566467876701,0.0006547259576601405,0.0005,2446.5013949926088
2479,3.45175,21.99971974491297,6.373497427366689,0.004769556195891811,0.001,6650.936998558977
2480,1.12425,0.7361707847748978,0.6548105712918816,0.03892459271771448,0.0,0.0
2481,1.09775,0.531757114580733,0.48440638996195223,-0.1023406763840593,0.0,0.0
2482,1.422,9.09137389341223,6.39337123306064,-0.006109892604692191,0.0,0.0
2483,4.59825,24.303909499126583,5.285469363154805,-0.04291166020919235,0.0005,25679.376257775515
2484,20.528,65.44383041765613,3.1880275924423294,-0.05345559037709413,0.005,37725.08194767987
2485,2.34625,16.841430146512053,7.178020307517125,0.011336861752570648,0.0005,1740.2655982658364
2486,1.7425,13.180596563943732,7.564187411158526,0.03469256470139381,0.0005,0.0
2487,2.42825,15.609428737268896,6.428262632459136,-0.05868044163615882,0.0,2608.113932576737
2488,83.39425,118.98682398907977,1.426798897874611,0.010690096769542023,0.024,25292.843037545732
2489,4.56875,29.67059755932431,6.494248439797387,0.04373849345918579,0.0,0.0
2490,16.7575,59.38461776383459,3.5437635544582777,0.0008419551447336193,0.0035,20862.39554833684
2491,3.32825,19.40453905588826,5.830252852366336,-0.04974426139824972,0.00025,7992.244823498979
2492,14.0315,54.44676409374638,3.880323849463449,0.01463815094147436,0.003,13297.451606407034
2493,3.4095,23.389721664010455,6.860161802026823,0.031377461595925915,0.00025,247.14978199067914
2494,1.9335,14.273664985841302,7.3822937604558065,-0.0002325290538596203,0.0,0.0
2495,5.69625,32.066845129769845,5.629465899454877,0.034445874600416815,0.00175,6152.729990955413
2496,5.4355,28.864132141484358,5.3102993545183255,-0.011251855634802022,0.00125,25499.4860285631
2497,4.72575,28.904920178753912,6.116472555415313,0.03238397486263134,0.00175,4707.440109923656
2498,8.423,38.26326685474725,4.542712436750238,-0.023645018532909345,0.00225,57653.55773361833
2499,85.03425,118.96296954921935,1.3990006326770608,-0.003948967590774899,0.019,6267.737816197774
2500,2.38975,14.514010784919728,6.073443157200431,-0.05325466509253629,0.0,1701.3983303693792
2501,20.22625,65.71392273215557,3.248942474860914,-0.05166690820184461,0.006,18888.1268520206
2502,3.90225,21.812109869788916,5.589623901541141,-0.06395625821968354,0.0005,20424.21720727589
2503,5.99525,33.56829508697547,5.599148507064003,0.014842992713536951,0.00175,10565.357145002381
2504,10.5705,45.92555736139452,4.34469110840495,0.013109057107664857,0.00375,26470.354520862355
2505,1.249,0.9845005385105596,0.7882310156209444,-0.7158392783065739,0.0,545.1685528388016
2506,1.24825,6.220715092460463,4.983549042628049,0.08478507486056974,0.0,0.0
2507,1.109,0.5871159819780701,0.5294102632804961,-0.05933008305065035,0.0,0.0
2508,14.342,54.754054988050044,3.81774194589667,0.01708236506214833,0.00375,27768.252384116615
2509,1.5115,9.049438702770948,5.987058354463081,-0.05983048172298311,0.00025,935.2182075104812
2510,1.23425,5.790229583285692,4.691293970658855,0.05364054756134218,0.0,0.0
2511,1.122,0.6802438407811792,0.6062779329600527,0.004610632592727426,0.0,0.0
2512,1.4185,9.140910611733542,6.44406810837754,0.04932902582898968,0.0,0.0
2513,1.81325,11.704619770351027,6.455050197353386,-0.04932369741526044,0.0,583.6591846733456
2514,3.33275,21.539928494946118,6.463109592662551,-0.00440333491310585,0.0005,3078.4510997414386
2515,4.42225,26.337888602382456,5.955766544718742,-0.008006843079858328,0.00075,5861.3592179013785
2516,1.8455,14.217881937605823,7.704081244977417,0.03515389618184028,0.00025,0.0
2517,2.7845,18.32779410510686,6.582077250891313,-0.011592743227027746,0.00025,2289.4986521736037
2518,1.2115,5.356532540759464,4.421405316351188,0.019828511246306246,0.0,0.0
2519,1.47725,9.042700096971087,6.121306547281156,-0.00844128399345001,0.0,0.0
2520,1.2935,7.429445262886628,5.743676275907713,0.029091562667439952,0.00025,0.0
2521,13.6635,51.958653688998645,3.80273383020446,-0.005676033262755897,0.0045,49818.712672963506
2522,13.4935,50.48513786290237,3.741441276385102,-0.01817037616663253,0.00275,84327.05516365262
2523,3.6285,25.16515068407575,6.935414271482914,0.028866671636446517,0.00125,816.9671012725123
2524,1.18275,4.169556179881054,3.5253064298296803,-0.08896540651381157,0.0,0.0
2525,1.66525,10.05417644829816,6.037637861160883,-0.047933267025009885,0.0,342.6428943679059
2526,3.48275,21.428053873618637,6.152624757337919,-0.04095013398693448,0.001,10911.685572602493
2527,14.7765,55.727811234483696,3.7713809924192936,0.024738063322167658,0.0055,15664.680966685994
2528,4.36775,24.956205901353428,5.713744124859121,-0.03140923941850016,0.0005,18822.172712430096
2529,3.0955,20.96979525003063,6.774283718310654,0.009072653499500705,0.0,741.283835156171
2530,24.04725,70.61497104702013,2.93650920778967,-0.020427515591950884,0.00725,28726.112477795545
2531,1.71575,11.265796975042234,6.566106352931507,-0.033480582110289925,0.0,360.75583428936363
2532,1.24125,5.135819564407371,4.1376189844168145,0.00155452102364817,0.0,0.0
2533,3.04225,21.083360547135033,6.930186719413274,0.011418299186689351,0.001,1184.3310095589613
2534,3.214,20.303540638041685,6.317218617934563,-0.030075813101222648,0.00025,2221.5472262111793
2535,4.70125,27.865742827768578,5.927305041801346,0.01648282515940025,0.0005,5146.663736452947
2536,5.6405,30.748197063497297,5.451324716514014,0.016209296051786115,0.001,10068.35070566222
2537,2.33475,16.26323509150041,6.965728703929932,-0.0038351666049265543,0.0005,977.9056083038921
2538,2.36225,15.141345383502275,6.409713359509905,-0.03487764045570252,0.00025,1067.438708757394
2539,3.083,19.57918402568856,6.350692191271021,-0.020726948157214542,0.0,1836.4790850455447
2540,1.78275,13.250262065283827,7.432484681129618,0.036981965382587134,0.00025,0.0
2541,2.75875,19.17933810615078,6.952184179846228,0.008130674692693463,0.00025,1961.5486484416322
2542,24.099,71.63276842603597,2.972437380224738,-0.014212565105102826,0.007,19490.40999788455
2543,2.5825,18.570457970316912,7.190884015611583,0.01675516311757086,0.0,269.1868463170768
2544,53.3655,101.68195373161686,1.9053874456646498,0.13791958124679105,0.01125,31969.80620324128
2545,7.34125,36.42751761302658,4.962032026293421,0.002430572321529434,0.00175,15905.39122279369
2546,77.9645,116.38873366473672,1.492842686924648,0.0011021673259836717,0.01925,29389.19275260073
2547,84.3885,119.48322529975498,1.415870945682824,-0.00205382675771304,0.02225,2610.2986705982366
2548,3.09675,21.88837967344048,7.068177823021063,0.027692076813132793,0.0005,1022.0348632761358
2549,4.77625,28.16065413920435,5.895975742309207,0.021054939201046396,0.00025,6301.180091227006
2550,6.53675,33.696313000311385,5.154903124689087,0.016496092079024915,0.00125,15666.075299054115
2551,3.35725,22.323153971567496,6.649237909469803,0.011107962596121457,0.0005,946.7491050246365
2552,5.528,29.403713380968522,5.31905090104351,-0.0032081790045570546,0.00125,26985.45797108176
2553,3.66425,23.562126716222963,6.4302726932449925,0.00028162370336382025,0.0005,4406.420292645058
2554,3.02975,20.91795293823661,6.904184483286281,0.007997645058562597,0.001,2156.712628907952
2555,2.058,14.622605484242092,7.105250478251746,0.010256734590143202,0.0,690.2059799541323
2556,5.0545,30.418495212004498,6.018101733505688,0.011527366190259514,0.00175,1916.3385386174152
2557,3.772,22.837686090681213,6.054529716511457,-0.01328076439452719,0.00075,11667.845248526484
2558,1.3705,7.93775671997047,5.791869186406764,-0.011962651884057762,0.0,0.0
2559,2.30575,15.068312129933839,6.53510230074112,-0.0369774988071907,0.0005,1934.0205743900756
2560,4.3945,22.655014503869616,5.155311071537062,-0.07342345498820402,0.0005,30529.57836035817
2561,12.731,49.901770366104415,3.919705472162785,-0.023217969348192646,0.002,28790.788820110225
2562,1.94025,13.373271515798177,6.8925507103714345,-0.028530366240353766,0.00025,404.17362225032485
2563,1.61075,10.944093280483905,6.794408369072734,-0.011099983702680394,0.0,0.0
2564,3.128,19.580857195029104,6.25986483217043,-0.02068983643875466,0.00075,5248.704814428795
2565,1.4715,8.628429764450193,5.863696747842469,-0.0288076433170098,0.0,0.0
2566,2.31325,14.808509291091935,6.401603497716172,-0.04453076438433978,0.00025,3203.3969058373664
2567,6.5195,32.386151908784484,4.9675821625560985,-0.0007269429197254151,0.002,30022.44650910402
2568,2.75625,18.639841653343392,6.762754341349076,-0.004260721886792718,0.00075,2818.641993077136
2569,3.608,22.780322029504806,6.313836482678715,-0.014373004471920359,0.00025,3852.9450588535997
2570,6.0655,34.68047568298912,5.717661476051293,0.028998754152620876,0.001,276.628458444725
2571,2.10925,15.695011875973421,7.441039173153216,0.009333643022909177,0.00025,0.0
2572,3.012,21.79674587025855,7.23663541509248,0.02587012424007784,0.00125,535.7928363785346
2573,14.2515,54.124519523534,3.7978121266908045,0.012060131322347178,0.00375,28205.15657325602
2574,6.2675,34.00575012421248,5.425727981525725,0.02046606773417481,0.002,9389.99314140119
2575,13.197,52.41593315502575,3.9718067102391266,-0.0018706008211746283,0.004,21802.71768311374
2576,15.40825,57.04257222197229,3.7020798742214263,-0.0166329093479336,0.00425,25714.62198201037
2577,15.53925,57.93211537597678,3.7281152807231224,-0.009912623346458815,0.00575,16317.459053367085
2578,9.46575,45.24335384566778,4.779690341036662,0.006609412689341232,0.002,0.0
2579,21.0285,66.74841215625541,3.1741879904061348,-0.04488336202488963,0.00475,34204.97250954509
2580,2.09825,13.752340842822516,6.554195564314317,-0.04805137811304938,0.0,1167.5906984578382
2581,3.1595,18.27246645933786,5.783341180356974,-0.05072436314443962,0.0,9478.52769810949
2582,1.28525,6.676265840190323,5.194527010457361,-0.01733120328757065,0.0,0.0
2583,3.81625,24.24449287562433,6.35296243055993,0.012680240791130837,0.00125,5880.230792424174
2584,1.38625,7.86896060943046,5.676436868840729,-0.01574306488439836,0.0,0.0
2585,1.7715,11.227479762861138,6.337837856540298,-0.03496022156903922,0.0,544.6705453876613
2586,2.45025,16.881195710898485,6.889580945168242,-0.024664246126039346,0.00025,1523.6180464765825
2587,1.37875,6.921110740406502,5.019844598662921,-0.0714846380281734,0.0,825.4056014029253
2588,3.3915,21.733080993093527,6.408102902283216,-0.0005262936716436961,0.0005,8095.852363895619
2589,9.632,44.14731953873999,4.583401114902408,-0.004041038617222048,0.0025,16188.912420781004
2590,4.142,26.539026281666683,6.40729750885241,0.021231049707390648,0.001,1831.4935290949222
2591,8.78775,39.0713941829358,4.446120358787607,-0.014568156741992855,0.00225,44650.8179094728
2592,5.57475,31.324147442360623,5.618933125675703,0.024268899795078847,0.0015,7081.821001827226
2593,7.18125,35.58756829556915,4.955623087285521,-0.007700690924631326,0.0005,7966.000592462922
2594,11.50625,47.563331764812716,4.1336953190494485,-0.006773847399083044,0.00225,17842.435894414037
2595,22.96725,70.14585723875246,3.054168750666817,-0.02332227395738551,0.0055,25965.467917604372
2596,6.0515,34.96246474771635,5.777487358128787,0.03251574993981521,0.0015,0.0
2597,19.74675,64.41622836721166,3.2621179873757282,-0.060329008111693394,0.0045,17185.64395173522
2598,8.49275,42.081161503407536,4.954951164629541,0.01766065333738509,0.00225,945.1153875967251
2599,7.29925,38.98480669729948,5.340933205096343,0.031896380622951304,0.00225,886.7150585012291
2600,3.49225,23.72902666807371,6.794767461686223,0.003347060846178307,0.001,1366.2119498779505
2601,1.53725,10.172240709782896,6.6171674807499725,-0.009035495861733578,0.00025,0.0
2602,1.7925,12.1624596651449,6.785193676510404,-0.00022108949340582384,0.00025,313.30579707501556
2603,2.01025,15.001113401621962,7.462312350017143,0.02135546577718439,0.0005,0.0
2604,85.66625,119.7007202423784,1.397291468254749,-0.0012640005070969629,0.0225,15770.057323563908
2605,8.65025,40.83283917542695,4.720423013835085,0.004582513037481473,0.00175,19584.491931731336
2606,1.60775,10.591455738998665,6.587750420773544,-0.025324114078184357,0.0,0.0
2607,1.905,14.303745113817932,7.508527618802064,0.037768755159699685,0.0,0.0
2608,1.8565,13.943888114652188,7.510847355051003,0.02670288191730008,0.00025,0.0
2609,3.40525,22.254231848039296,6.53527108084261,0.009765016111924707,0.0,310.87608591164445
2610,12.9015,48.58450793568705,3.765803041172503,-0.034836114169011445,0.003,57801.06813900677
2611,2.62075,17.799160709651225,6.79162862144471,-0.0016679266451455899,0.0,1038.26099095726
2612,26.0445,72.43903556245282,2.78135635402687,-0.009351641397343124,0.00675,93715.54896588347
2613,11.2485,47.347731726820015,4.209248497739256,-0.008746938088615375,0.003,24513.951217418715
2614,4.5855,29.291170733187332,6.3877812088512345,0.038148930720081964,0.00075,301.3741720133478
2615,6.61125,34.48638791139619,5.216318837042343,0.026561417397207965,0.002,14700.523702685246
2616,3.143,23.164956395409003,7.370332928860644,0.05230995052824161,0.00125,0.0
2617,3.5005,24.301546062653276,6.942307116884238,0.01370104068546607,0.0005,266.33626435053606
2618,2.7495,20.60129493717014,7.492742293933494,0.039191579147775046,0.0005,0.0
2619,84.07375,119.2979015249831,1.418967293893553,-0.0027279596758358338,0.023,29950.81159075906
2620,10.44975,45.2433554816761,4.329611280813043,0.006609428393512529,0.00225,27720.688594909065
2621,1.36825,7.261978106480681,5.307493591434812,-0.05060550094015448,0.0,0.0
2622,2.56425,18.37856944626602,7.167229968320569,0.0122442526993225,0.001,495.92421451817063
2623,5.46,30.180649726347447,5.52759152497206,0.00811822526953443,0.00125,12410.183914489106
2624,7.98625,40.55559455858094,5.078177437292965,0.0016237075307270477,0.0015,4204.490230822359
2625,84.91375,120.05726236883538,1.4138730461066127,2.7671958137354125e-05,0.0215,14770.235896817674
2626,7.23225,38.27461360287145,5.292213848093118,0.02391181049204305,0.0025,2447.158926995953
2627,58.92,105.83350737276312,1.796223818275002,0.15529888811502945,0.01275,29431.011339654404
2628,7.6165,38.35669741791129,5.036000448750908,0.024842202027422156,0.002,4763.581535854013
2629,1.78525,12.080526363400072,6.766854145581892,-0.0031566450615188035,0.00025,376.3300735214776
2630,1.376,8.497245129669876,6.17532349539962,0.017617710817827592,0.0,0.0
2631,1.28725,4.700666070130458,3.651711843177672,-0.16970542417101653,0.0,584.6636610511055
2632,14.0375,53.57081343197003,3.8162645365606434,0.007594318134704681,0.0035,37618.86858238593
2633,10.339,44.157400829441976,4.270954718003867,-0.003941876331828853,0.0025,36537.035943174626
2634,3.0595,20.490593594536595,6.697366757488673,-0.0009669968029055731,0.00025,2383.5584061650975
2635,3.358,22.802134117886474,6.790391339453983,0.020327903612079812,0.0005,1091.4262457168031
2636,24.875,72.91644586113104,2.9313144064776298,-0.006498809129280136,0.0055,30606.92325772998
2637,9.5125,42.44494359825755,4.462017723864132,-0.02111941776491877,0.00225,24886.5169604821
2638,2.285,15.97662630679696,6.991958996410048,-0.011557029382690764,0.0,300.9706784800512
2639,2.5355,17.11586918606527,6.750490706395296,-0.018668492410770954,0.0,1346.911466481182
2640,2.52075,16.917509271978897,6.71129991946004,-0.023731027810615313,0.00075,7783.383183452615
2641,4.28425,26.161681144903174,6.106478647348585,0.015011713408956684,0.0015,5826.747375823477
2642,1.4405,7.673798377947284,5.327176937137997,-0.07972902728586562,0.0005,345.035131700024
2643,3.2605,22.1654001992181,6.798159852543506,0.00802798477900124,0.00075,2726.765513663277
2644,10.466,42.12834607940177,4.025257603611864,-0.024370969128830078,0.0015,62044.931947812736
2645,1.6985,12.153148666317977,7.155224413493069,0.03440904080340812,0.0,0.0
2646,3.639,21.66513382155477,5.953595444230495,-0.03617148764024014,0.0,7337.89756987298
2647,2.2275,14.884761764408452,6.6822723970408315,-0.013686117621779292,0.0,1230.5450206380733
2648,5.1025,28.804008600850498,5.645077628780108,-0.012157427794902587,0.00125,10464.362626602957
2649,2.66225,19.020978532756562,7.144700359754554,0.004529914861047368,0.00125,668.0109195345702
2650,4.01025,24.47296215023023,6.10260261834804,-0.013967396300988533,0.0005,4863.1326741829635
2651,8.314,38.9865026752556,4.689259402845273,-0.015512787057825772,0.003,24327.74315796254
2652,11.4145,46.97065839902193,4.114999202682721,-0.012219468478286588,0.0015,24028.778774339007
2653,2.9495,20.82496985813901,7.060508512676389,0.006062844968804493,0.0005,303.3059401451873
2654,2.63175,19.062764468586295,7.243379678383698,0.005482941386500961,0.0005,363.1258442493081
2655,16.65825,58.242823708727336,3.4963350717348667,-0.007589588151547533,0.004,33664.17888169966
2656,5.67425,31.083648196983063,5.478018803715568,0.0209216252712221,0.00125,7306.5039982054095
2657,5.461,30.23011650632522,5.535637521758876,0.008829461220444479,0.001,11090.363839398597
2658,2.457,17.11845236441771,6.967217079535088,-0.018602952329615174,0.00025,856.420059695201
2659,2.092,14.074091658576178,6.727577274654005,-0.03800763055574663,0.00025,2156.0067471807356
2660,2.9075,19.105619590188155,6.571150331964971,-0.031360410208879586,0.0005,2957.1312448032945
2661,17.0705,58.49561918738897,3.426708016015288,-0.005708667859656069,0.0035,48309.90783151816
2662,3.6205,23.173470438910222,6.400627106452209,-0.006941785349254159,0.00075,3669.882445402777
2663,1.2935,6.833193315187321,5.282716130798083,-0.00724111732736854,0.0,0.0
2664,18.99025,62.842210661288,3.3091829049795556,0.025419443950143394,0.00325,46342.14167060365
2665,2.1475,15.19998367189605,7.077990068403283,-0.00458488421383052,0.00025,577.0534240278015
2666,2.55625,18.849420710005276,7.373856512471502,0.023230556797801505,0.0005,243.70405570373563
2667,2.0605,13.27086540950436,6.440604421016432,-0.031868783694054326,0.0,1019.9992323070632
2668,79.4225,117.0427624665936,1.4736726049493984,0.0035357878751631766,0.02225,44532.276413798114
2669,2.0845,13.266625817823744,6.364416319416525,-0.06366752549783294,0.0,1305.310516309829
2670,2.70975,17.925103410317263,6.615039546200669,-0.02124127075928417,0.00025,3229.0465915775844
2671,2.928,19.74157411244375,6.742340885397456,-0.017139757935350053,0.0005,1425.2060315025262
2672,1.71425,11.979585742259166,6.988237271260998,-0.006800702227042876,0.00025,0.0
2673,1.38625,7.995000997356844,5.767358699626218,-0.008841913942122748,0.0,0.0
2674,2.733,18.167724886646905,6.647539292589427,-0.015402395808600478,0.0005,1958.0816971640447
2675,3.39925,22.260373547969134,6.548613237616867,0.009884855718823582,0.0005,2133.1763916036275
2676,3.7775,19.7003939079916,5.215193622234706,-0.07745795364016317,0.0,29905.1843583217
2677,52.02425,101.19054325107837,1.9450649120569419,0.13581562649076973,0.0125,12481.068390159971
2678,11.23775,47.527859717220856,4.229303883537261,-0.007097858803408075,0.00225,17995.57033457653
2679,10.92075,46.84707708700084,4.289730749902785,-0.013363617026346253,0.003,22429.671722701554
2680,1.72875,12.057944349804647,6.974949732352652,-0.0039692273391926935,0.0005,266.3571679479761
2681,8.60325,39.294329750297706,4.567382064951932,-0.01209717981349856,0.00325,33575.964445422534
2682,2.07825,14.3974806407128,6.927694281589221,-0.02814150239481572,0.0005,1676.9540515617998
2683,1.52,10.822309392876772,7.119940390050508,0.01786782120285335,0.00025,0.0
2684,1.914,12.898476525317575,6.739015948441784,-0.007142589824718826,0.00025,440.05707399794807
2685,2.4465,16.73111234437418,6.838795154046261,-0.028542635612453626,0.00025,657.5275722188547
2686,1.371,8.150764856253396,5.945123892234425,-0.0004620719690024977,0.0,0.0
2687,3.74025,23.229543320052905,6.210692686331904,-0.005892191680868075,0.00075,4703.740296150752
2688,10.8885,45.22415144276816,4.153386733045705,-0.02867568953177191,0.002,57123.784334792246
2689,1.6285,10.98486024210753,6.745385472586754,-0.009485233882973176,0.00025,559.8567911772859
2690,1.31875,7.012556054899368,5.317578051108525,0.004011521134641205,0.0,0.0
2691,7.87825,36.022317093292216,4.572375475935926,-0.0024273596633512806,0.002,49062.600369256295
2692,2.99525,19.324999128986622,6.451881855934103,-0.026402053500912404,0.0,3944.84773176442
2693,65.1265,109.9950941084737,1.6889452697208311,-0.02343546004726127,0.01625,24758.85376704167
2694,1.4025,8.244694505976204,5.878570057737043,0.00451413198677153,0.0,0.0
2695,3.856,23.856614355606457,6.186881316287982,0.005675946629549289,0.00075,6296.498735273495
2696,6.78225,33.76658674685129,4.978670315433859,-0.030511841788427585,0.0015,29018.159384337458
2697,90.34775,121.31067920904589,1.342708359743833,0.004538270233288344,0.02075,10441.25306535589
2698,2.0555,13.965034024083991,6.793983957228894,-0.009726030217578119,0.00025,710.5103167862053
2699,1.61825,11.023991973747952,6.81229227483266,-0.007940881377857867,0.0,0.0
2700,6.99575,35.52297428936787,5.077793558856144,-0.008489683024905936,0.00125,27497.387061803154
2701,1.68875,12.331479626749836,7.302134494004344,0.04073542000479491,0.0005,0.0
2702,3.26425,22.15502501061114,6.787171635325462,0.007824652467919524,0.001,1034.0195579336994
2703,3.40525,22.151279697470276,6.5050377204229575,0.007751228658614329,0.00025,2920.064087041534
2704,2.48425,16.831832329915706,6.775418065780701,-0.025936054713734613,0.0,1507.9794905772003
2705,2.1485,15.249674943961068,7.09782403721716,-0.003167419099599611,0.00025,342.29339894166907
2706,4.12025,25.010381239196107,6.0701125512277425,-0.004533622989766339,0.00025,2536.6842198423697
2707,7.24375,35.32469100199033,4.876575116754489,-0.010920632924156015,0.002,31243.169947573744
2708,8.985,42.49248966487466,4.729269856969912,0.021885112299091736,0.0025,16703.943491552356
2709,2.184,16.783133270953833,7.684584831022817,0.03844503758663875,0.00075,0.0
2710,81.07275,118.07698124872901,1.4564324171651881,0.007356465798014522,0.02175,10207.389155633819
2711,2.0565,14.119743253238862,6.865909678209998,-0.004941228579593782,0.0,759.5895776492409
2712,1.57375,11.173149545011412,7.0996978840422,0.031723487171056775,0.00025,0.0
2713,10.9445,46.97215681261514,4.2918504100338195,-0.01220561424677924,0.003,14695.862672966825
2714,22.9005,69.88775768629728,3.051800514674233,-0.024923194399267157,0.0055,23728.20112217988
2715,6.01225,34.99616097171502,5.820809342877462,0.032934113940673804,0.002,62.40381927104806
2716,10.768,45.599917918002134,4.234762065193363,-0.025082055399827885,0.0015,22998.849532509943
2717,15.49775,56.07041972314352,3.6179716231803662,-0.02409820319988798,0.00425,38585.42523287974
2718,4.1105,25.618096366931063,6.232355277200113,0.005892920167931193,0.001,4339.387350388139
2719,8.863,40.50743689880943,4.570397935102046,0.0011076989881257937,0.00225,33458.43854745666
2720,2.722,18.715094968899404,6.875494110543499,-0.002510905297146371,0.00075,1046.0869468166861
2721,10.40475,43.84635165068776,4.214070655295683,-0.007011915975900118,0.00375,41346.074548045595
2722,4.11275,27.18150558742101,6.609082873362351,0.031619573870297124,0.00175,912.3647626660627
2723,1.7755,13.316228078271946,7.499987653208643,0.03913872257238715,0.00025,0.0
2724,4.0615,24.922369447440555,6.1362475556913845,-0.006064605143156987,0.00025,4417.629185763574
2725,2.197,16.20571958713448,7.376294759733492,0.023240314264989292,0.0,0.0
2726,76.89325,116.29377848864614,1.5124055556065863,0.0007477056957396755,0.02175,10829.09875194652
2727,2.75475,18.176336188484445,6.5981799395532965,-0.015196593769455813,0.0,1788.7708619350883
2728,2.56125,18.5256726888565,7.233059126932748,0.015706535688634338,0.0,394.04842061117273
2729,1.502,9.790503536073741,6.518311275681585,0.02606561700079768,0.0,0.0
2730,17.3235,60.84563579747441,3.5123177070150033,0.011397423275590013,0.00525,25552.19122441292
2731,84.7505,118.94735544808057,1.403500338618422,-0.0040059732543520354,0.021,25567.881320210185
2732,2.05375,14.54182681506281,7.080621699361076,0.007850939776000487,0.0005,565.3379110491958
2733,4.94975,25.31248516866437,5.11389164476274,-0.025253013448500505,0.001,26137.514037537312
2734,1.81225,12.35526863743868,6.8176403020768,-0.025828814838134484,0.0005,404.22970791098095
2735,2.3375,16.973497537474824,7.261389320844844,0.014729235162543208,0.0005,365.84766300650324
2736,1.46375,9.434322315189721,6.4453098652022005,0.00997129783925843,0.0,0.0
2737,1.756,11.714148254027238,6.670927251723939,-0.016531786354866185,0.0,540.4671377924345
2738,2.27575,15.320277075167896,6.73196839510838,-0.029775486740313495,0.0005,1486.904804861709
2739,1.2205,4.411546802006817,3.614540599759785,-0.06446434532672773,0.0,0.0
2740,1.40725,8.544509909871952,6.071778226947559,0.020026721605089892,0.0,0.0
2741,15.824,57.18656835219241,3.6139135712962847,-0.015537974069927518,0.0045,21788.994612999737
2742,4.3955,25.937796206848738,5.900988785541744,-0.014654725860447027,0.0015,7134.0012279238335
2743,2.09525,15.479279035451372,7.3877957453532375,0.0033227234402115613,0.00075,543.23536088074
2744,5.82225,32.11697417168975,5.516247871817552,-0.004351669086970267,0.001,6575.331871573688
2745,2.93375,20.30482534819261,6.921116437389898,-0.0049222782555238265,0.00075,1154.8487356289736
2746,11.76825,49.44419808348124,4.201491137890616,0.010069221314196852,0.00325,20731.286621711275
2747,3.29475,23.111878161792507,7.014759287288112,0.026187647213569587,0.00075,0.0
2748,83.4215,118.46862260271851,1.4201209832323625,0.008794563412772849,0.02025,20153.487916379436
2749,85.97125,120.2115453163478,1.3982761134256836,0.0005854159500531253,0.023,16688.936264052787
2750,5.3185,30.891554343905156,5.8083208317956485,0.018229401151312885,0.0015,3177.9174955828385
2751,2.09875,14.923091941879086,7.110466678679732,-0.012569190928211516,0.0,375.6860467740574
2752,1.4455,9.550357693983026,6.6069579342670535,0.015280226114634643,0.00025,0.0
2753,4.353,26.54793003507593,6.098766376079928,-0.004557135117799094,0.00025,6111.667166568861
2754,2.22425,15.843838510354285,7.1232273846709155,0.01343240154039993,0.00025,542.9568068065512
2755,7.81725,39.58471409313143,5.063764635022729,0.03852850799788565,0.001,9510.360959052541
2756,5.273,30.893625151780984,5.858832761574243,0.018258513001152332,0.00175,4377.558697256614
2757,1.823,13.614239158945653,7.468041228165471,0.016312368077919137,0.0005,0.0
2758,1.4945,9.779641102567298,6.543754501550551,0.02558350554955857,0.00025,0.0
2759,18.26625,61.384414736402206,3.3605373153439926,0.01522610917694145,0.00475,30809.202963290772
2760,3.18225,21.28421455879559,6.688416861904499,-0.009589963924160783,0.0005,599.1977136092889
2761,1.70925,12.303335216593222,7.198089932188517,0.004780354449134272,0.00025,0.0
2762,2.68675,16.771820054021596,6.242419299905684,-0.0501227463788001,0.00025,3392.8063852808177
2763,1.72125,11.432747936031921,6.642119352814479,-0.02709187403151536,0.0,947.3727355683659
2764,2.29175,15.922484520822398,6.947740600337034,-0.013031271194331673,0.00025,171.88788085825
2765,84.1395,118.83140269018257,1.4123141056243806,-0.004429540500666018,0.022,30233.27338594299
2766,3.837,25.099231539152036,6.541368657584581,0.02772756135443344,0.00075,2372.676631802079
2767,2.596,18.112006934594515,6.97689019052177,0.005899124797793087,0.0005,955.8050614330103
2768,82.569,118.57843796613118,1.4361132866588087,0.00919694941710203,0.01975,14046.327021745843
2769,2.169,15.676363611948517,7.227461324088758,0.008817322715555909,0.0,0.0
2770,2.38625,17.280356293083308,7.24163700076828,0.022510586137941324,0.0005,541.3538608628166
2771,12.56775,50.09804750215703,3.9862383881090113,-0.021513122511599647,0.00275,33075.53759603477
2772,1.504,9.21684444673929,6.128221041714953,-0.05186986643368252,0.0,146.2664874469109
2773,1.44875,9.885509813032705,6.82347528078185,0.03025965994664792,0.00025,0.0
2774,3.54775,20.898765742021347,5.8907098138316805,-0.051812225659312316,0.0,10191.880937207292
2775,6.849,35.37914809644245,5.165593239369609,-0.010251633316798792,0.002,12614.327720395377
2776,2.81075,18.62074427800529,6.624831193811364,-0.004705904658190985,0.0,1640.472565616683
2777,90.0445,121.31861180850525,1.3473184015515134,0.0045666681580329715,0.021,30347.31374634945
2778,2.34475,16.005309741535168,6.826019721307247,-0.01077802333690192,0.00025,1900.9651265376706
2779,3.4025,21.67391135347609,6.369995989265567,-0.0017102994047819564,0.00075,4302.086379826557
2780,2.2775,16.455460774385028,7.2252297582371146,0.001267941063946454,0.0005,314.16051616833437
2781,2.905,20.985031996448637,7.223763165731029,0.009388099211792511,0.001,408.7441172047166
2782,3.411,22.382019964793756,6.561717960948037,0.012251686624207503,0.00075,2311.041249904771
2783,7.29975,37.63863130586904,5.156153471813287,0.016634817795391887,0.00175,5829.1295697047335
2784,2.54925,18.166441019977835,7.126190456007781,0.0072024021970946706,0.0005,265.57658185280013
2785,10.51775,44.346181694653524,4.216318290000573,-0.0020891465314374358,0.0025,25905.843028847117
2786,2.0905,13.980903982541413,6.687827784042772,-0.04089275253840108,0.00025,1845.582250536468
2787,6.2675,32.86122956999956,5.24311600638206,0.005597517872381941,0.00125,13391.487931948068
2788,87.61625,120.52086875677993,1.375553835695775,0.0017014894771874012,0.025,16052.88643319867
2789,6.54175,35.156354322509216,5.374151308519771,0.03491754130373881,0.00125,7206.774617994059
2790,3.0695,20.722391853524844,6.7510642950072794,0.00391834529169377,0.00025,2128.4264223307596
2791,2.1315,14.714800001521295,6.903495191893641,-0.018673641936514995,0.0005,1242.8250802942475
2792,17.628,60.99392330937704,3.460059184784266,0.012454559076550131,0.005,30596.447784501088
2793,2.27,14.399824260548586,6.343534916541227,-0.05668491467198011,0.00025,2268.56529165515
2794,87.90925,120.12380049889812,1.366452341464614,0.0002682999503416106,0.023,20374.178500371207
2795,77.863,116.96637984696126,1.5022074649957138,0.003252272871691275,0.01975,27793.230318531652
2796,31.391,81.19534648040192,2.586580436443628,0.040206838415787205,0.0095,41928.10395707936
2797,2.3115,15.670445381820395,6.779340420428464,-0.019960766486592174,0.0,1110.0790916582
2798,1.78925,13.401818407278,7.490187736357692,0.04192122650775776,0.00025,0.0
2799,1.6005,11.700090716772037,7.310272237908176,0.051737104695608105,0.0005,0.0
2800,2.7505,19.08552629817998,6.938929757564071,0.006001199896382481,0.0005,1846.6163729125863
2801,6.60025,33.38373209108865,5.0579496369211245,0.012448594900928311,0.00075,22578.621333585153
2802,14.99075,55.7547245690035,3.719275190967997,-0.026550335562719685,0.002,19905.413630353087
2803,4.36475,26.905198008144527,6.164201387970566,0.0012483930325524195,0.001,3639.355559126192
2804,2.06425,14.498091964294865,7.023418657766678,0.006542821880785921,0.0005,729.5834955687187
2805,59.29675,106.3979925686719,1.7943309299189567,0.15760913314337643,0.01325,22260.01484565962
2806,15.15725,55.374489667752165,3.6533335313300346,-0.02952227349982306,0.003,23929.85275763689
2807,1.6835,11.750121024313813,6.979578868021273,0.019762570048339256,0.0,0.0
2808,1.76075,12.830166122392262,7.286761960750965,0.022989777064408745,0.00025,0.0
2809,1.57525,10.78714179217605,6.84789194869135,0.01645426300751862,0.0,0.0
2810,1.8885,14.520719010095284,7.68902250997897,0.0443071140545781,0.0005,0.0
2811,1.97225,15.236355094531028,7.725367014592991,0.028113057300290123,0.0005,0.0
2812,2.0085,15.138732544561448,7.537332608693775,0.025321488022153726,0.00025,0.0
2813,1.303,6.86855044724224,5.271335723132955,-0.00499973233329476,0.0,0.0
2814,1.9535,14.942561955349133,7.64912308950557,0.019657036834866526,0.0005,0.0
2815,1.83625,13.29581252105898,7.2407420128299425,0.006033875237732911,0.0,0.0
2816,3.306,22.19221682531751,6.712709263556415,0.008553094779867543,0.0005,1656.2451039951748
2817,83.6175,118.50497268421996,1.417226928384847,-0.005624189567728699,0.022,13204.296788157018
2818,2.837,19.51124299348424,6.87742086481644,0.015581997107200873,0.00025,1426.1884883693049
2819,42.61775,92.53292235938294,2.1712296486647684,0.09697197722455608,0.00775,29950.62518133833
2820,74.60375,114.97605885341898,1.5411565618808567,-0.004201357838642394,0.018,11771.662541898193
2821,6.8395,33.547341113327356,4.904940582400374,-0.033340899861610485,0.002,40024.29610339666
2822,1.35675,8.077703371654602,5.953715401993442,-0.004372535178787107,0.0,0.0
2823,2.21275,13.68851092231429,6.186198586516456,-0.05007179879758983,0.00025,2585.489473566182
2824,14.886,55.3258912495826,3.716639207952613,-0.029903591540850316,0.0015,37866.8003588399
2825,1.2995,7.154515813395831,5.505591237703602,0.012715423244690216,0.0,0.0
2826,9.31575,42.14182050168572,4.523717414237793,0.018286227786492137,0.00225,29635.695047809688
2827,53.95025,103.16405614630341,1.9122071935960152,0.14420410817194385,0.01525,29313.017948874745
2828,1.516,9.64458389458171,6.361862727296643,-0.03216862916438379,0.0,0.0
2829,7.2335,35.73520293677137,4.940236806078851,-0.005902751767805636,0.0015,28081.764169482765
2830,1.4925,10.011818160340255,6.7080858695747105,0.03577354152705714,0.0,0.0
2831,2.2315,15.963148601648724,7.1535507961679246,0.016690550897856538,0.00075,1166.6330306340813
2832,1.36175,7.893697774404491,5.796730511771243,-0.014379941633959281,0.0,0.0
2833,9.6155,43.23821279275287,4.49672016980426,-0.013077644048907544,0.0025,19420.805259198645
2834,1.168,0.7618537295808948,0.6522720287507662,0.05381761234712358,0.0,606.1013967751777
2835,4.293,27.014210943468704,6.292618435469067,0.028938351953051944,0.001,1412.8176322154443
2836,3.32625,22.551218377286737,6.779772529811871,0.015522418354930512,0.001,1074.831244681858
2837,3.96375,23.81851730018253,6.009086673019875,-0.02573921161564141,0.0,4422.68315588425
2838,2.4305,17.270516420604178,7.105746315821509,-0.014762127014531279,0.00075,634.3322711870263
2839,3.234,20.933986766750564,6.473094238327324,-0.01679564687505719,0.001,5627.912913106234
2840,2.42125,16.132323496720822,6.662807845832038,-0.04437052878801184,0.00025,928.1612313474432
2841,1.93175,12.808165528816113,6.630343227030472,-0.04728109672422098,0.00025,789.737377178734
2842,3.68125,23.965083553890153,6.510039675080517,0.00764608391517152,0.001,2498.3694502279704
2843,1.4505,8.916413256256076,6.147130821272718,-0.014549222732496703,0.0,0.0
2844,1.62225,10.01447089687399,6.173198272075198,-0.049651760961128666,0.0,460.5535181647358
2845,7.73025,35.614934940769004,4.607216447174284,-0.007366849190323377,0.00175,42108.21590469565
2846,3.752,24.841664055941724,6.620912594867198,0.023247820766785665,0.0015,2373.110375237346
2847,1.59875,9.486160722273906,5.933485987348808,-0.03936164582067425,0.00025,517.9488667092496
2848,2.325,16.40748842507911,7.056984268851229,0.0,0.0005,1264.9742079061234
2849,1.70775,12.083949908819125,7.075947831251134,-0.0030335861648773665,0.00025,0.0
2850,27.35475,73.22800002344977,2.676975663219359,-0.004647127970071718,0.004,116682.26120894848
2851,2.59475,16.93181012136613,6.5254109726818115,-0.02336406147532455,0.0005,3481.345367188422
2852,2.308,15.817622618343252,6.853389349368827,-0.015900896750489446,0.0005,3082.7891364171564
2853,1.74175,12.319131348711107,7.072847049640366,0.005337583265926815,0.0,0.0
2854,1.9665,14.982973674308822,7.619106877350024,0.020829988085201423,0.0,0.0
2855,2.9675,19.767679024951526,6.661391415316437,-0.016565855864203893,0.00025,3093.3726912623297
2856,3.15575,21.040785883734266,6.6674438354540975,0.010540420381000448,0.00025,1014.5677238494543
2857,11.32825,46.94453055654932,4.144023177149985,-0.0124611158247665,0.005,33241.0063539145
2858,94.61375,122.75201047215577,1.2974013869247945,0.009667849786162197,0.02375,20895.420258167356
2859,80.64025,117.86042210900328,1.4615582430486425,0.006559216489833819,0.0225,8495.938789987918
2860,12.26675,48.5808256269091,3.960366488834378,-0.03486903139010389,0.00425,40340.43665076389
2861,1.13575,2.7479464587096643,2.419499413347712,0.6109542810398167,0.0,0.0
2862,12.39425,52.069738153224236,4.201120531958306,-0.004748529005107471,0.00375,3082.679995067575
2863,1.5555,10.652830161398983,6.848492549918985,0.011012878727671982,0.0005,0.0
2864,7.1915,34.65927212213218,4.8194774556256945,-0.019179566654352165,0.002,34869.184095625016
2865,2.28325,15.87042806792762,6.9508061175638325,-0.01445346555164706,0.00025,1418.4050123115842
2866,12.1605,48.862266832700335,4.0181133039513455,0.004927494708070856,0.0035,41203.81088623785
2867,4.25275,24.135596101760093,5.67529154118161,-0.019995905318099805,0.00075,10556.772552014134
2868,9.7425,43.13476956976192,4.427484687684057,-0.014117896247811235,0.0015,24908.509780473352
2869,9.701,42.62738993409224,4.3941232794652345,-0.01925663687991941,0.003,33961.23227327571
2870,2.06525,14.761790882376493,7.1477016740716595,0.014371020396679812,0.0005,331.5132662080077
2871,87.86125,120.42149032573283,1.3705870372403401,0.0013432336118781585,0.02025,10925.218502777598
2872,1.99175,13.761759642015663,6.9093810177058685,-0.016094060016733636,0.0005,1812.2369842739997
2873,23.7015,71.13876284167908,3.001445598028778,-0.01721799277849212,0.006,28426.510646441846
2874,2.22375,15.701905088025097,7.061002850151814,0.009524342256733043,0.0,283.03753546458046
2875,1.73,12.802834769867811,7.400482525935151,0.02206363812870582,0.0,0.0
2876,2.45725,18.217879822410893,7.413930134260206,0.008430381855296654,0.0005,382.6976276525826
2877,77.552,116.52233545404466,1.5025058728858656,0.001600404927589949,0.02025,8362.77861710252
2878,4.602,28.229644422239033,6.134212173454809,0.022117608310467052,0.0005,1843.867173510781
2879,72.07625,114.04970745197012,1.5823479641625378,-0.007714600059276044,0.01725,37951.79192860058
2880,1.88775,14.877600131873457,7.881128397231337,0.05485187448024198,0.0,0.0
2881,11.16575,47.39535163680816,4.244708294275634,-0.008310366570275729,0.00325,18902.190295668657
2882,4.2635,26.3714036502159,6.18538844850848,0.018479311438738266,0.00075,1910.1717750534842
2883,85.33775,119.67080241301569,1.4023196347808056,-0.0013725610252928178,0.02125,29550.177580556745
2884,87.12075,120.32652154610116,1.3811465299151024,0.0010005980173759532,0.0225,38711.34807305686
2885,20.65825,66.27088662860287,3.2079622731162063,-0.04800151998268509,0.00575,43263.89243568392
2886,5.60875,29.76812403796526,5.307443554796571,0.0021411069139063432,0.00175,32969.251986440206
2887,3.60375,23.520630113747735,6.52670970898307,-0.0004839113397159256,0.00075,1818.9977358799201
2888,5.27625,27.82630071875208,5.273878364132116,-0.027154885485219493,0.001,21952.77344139358
2889,4.93975,28.51982582439387,5.773536277016826,0.026559069333628837,0.0005,5210.44411086966
2890,10.64825,45.3054816617664,4.254734971640072,0.007205373350506639,0.001,34941.897295286144
2891,4.30325,27.309215253224266,6.346183757212401,0.033655285780175515,0.00125,714.1369007384628
2892,2.98075,21.105040514561452,7.080446369055255,0.011864653673372638,0.0005,703.6517743990017
2893,3.1615,22.17201653727808,7.013131911206098,0.00815760167338464,0.0,0.0
2894,4.24225,26.733307546403466,6.301681312134708,0.024398759819631355,0.00075,1569.6894548449297
2895,6.97025,34.710568575438344,4.979816875354305,-0.018537276850927764,0.00175,25411.676330998638
2896,19.72,64.05125479497028,3.2480352330106634,-0.06279665877329776,0.00625,39783.326901691034
2897,1.9895,15.717479108857894,7.900215686784566,0.041614863412196446,0.0005,0.0
2898,32.396,82.88015422277516,2.558345296418544,0.049126249558172574,0.0105,27986.065303147447
2899,85.46075,119.30515449639991,1.3960227881969196,-0.0027015566153116843,0.0215,18825.251105318846
2900,1.22375,5.182798596108279,4.235177606625765,0.005509096120623669,0.00025,0.0
2901,16.93975,60.15371756900685,3.551039275609549,0.006430462120307068,0.00525,19959.158305183177
2902,21.52575,67.61583625354024,3.1411605288336175,-0.03927587734077376,0.00525,24485.190439778824
2903,2.87525,19.31464344222603,6.717552714451275,0.01118375470528088,0.00075,2702.685456418509
2904,10.414,44.49115046407998,4.272244139051275,-0.0006717425872750926,0.00225,41311.09784740439
2905,9.697,43.92235745461636,4.529478957885569,-0.006259736530021653,0.00275,27139.237047391027
2906,2.154,15.696173943643632,7.2869888317751315,0.009365797244791807,0.0005,337.71969850703005
2907,2.32675,16.081437671952692,6.911545147503037,-0.008717234706057342,0.0005,1175.25965182062
2908,1.9005,14.24114820952234,7.493369223637116,0.035863998789463336,0.00025,0.0
2909,5.9135,32.87628674755676,5.55953103027932,0.005796468170683466,0.00175,7775.720181356503
2910,1.80775,12.199036603806679,6.74818785994008,-0.03135547300127839,0.0,586.6915362352617
2911,1.153,4.180964137047676,3.626161437161904,0.7932224567406017,0.0,0.0
2912,3.87225,25.191666974591808,6.50569229119809,0.0293240428624868,0.00075,4048.7724716364905
2913,1.0975,0.6249731177014434,0.5694515878828642,-0.032192648380727995,0.0,0.0
2914,3.86975,22.168821554150657,5.728747736714428,-0.02619025598866509,0.0005,12629.470625021253
2915,1.178,4.664038412532469,3.95928557939938,-0.04029311776529232,0.0,0.0
2916,3.2845,21.684386385213344,6.60203573914244,-0.0015004549779007448,0.00075,2954.214598717566
2917,1.23125,5.709853241854021,4.637444257343367,0.047569709551566586,0.0,0.0
2918,1.34125,7.737006123394136,5.768504099455087,0.046708115898363545,0.0,0.0
2919,5.26425,28.421072486410843,5.3988835040909615,-0.0179698974573248,0.0005,12895.246449468552
2920,74.559,114.5825632893264,1.5368039175596024,-0.0056902421847917495,0.017,35473.86435594859
2921,3.66225,23.29288119825731,6.360265191687436,-0.004709651936658066,0.0005,2849.576912168084
2922,1.31225,6.94808023069848,5.294783944140583,0.0,0.0,0.0
2923,1.845,12.515196064510265,6.783304100005564,-0.020243349727314897,0.00025,722.8458796655285
2924,2.014,14.103103501786245,7.0025340128034985,-0.005453335181466956,0.0005,343.91966711594597
2925,5.30225,28.02317290194622,5.285147418915785,-0.02409305333520817,0.00175,44672.63299656391
2926,3.464,22.155956887627344,6.396061457167247,0.007842919228378209,0.0,2034.7622481694034
2927,1.47975,9.360742268188615,6.325894420130843,0.006570876255027502,0.00025,0.0
2928,2.987,20.967635570930707,7.019630254747474,0.009027923209721678,0.00025,1848.0696845743964
2929,5.51275,31.876313498867297,5.782288966281311,0.03185772967302136,0.00125,4146.102651921356
2930,3.17475,19.838223237296308,6.2487513150000185,-0.04014481915098833,0.00025,3053.9420141962514
2931,2.14825,13.20976519138788,6.1490818998663475,-0.06553290769851938,0.00025,3200.6601395855664
2932,1.527,9.46288315152337,6.197042011475684,-0.040428646950813274,0.0,0.0
2933,2.52725,15.496509054807198,6.1317673577236915,-0.06183357662540656,0.00025,7129.7849069635595
2934,4.03675,22.805929646569137,5.649576923656194,-0.04460615458007622,0.00025,13981.334466951443
2935,3.22275,22.74582325519103,7.05789256231201,0.019254067997495516,0.00075,0.0
2936,16.8125,60.20755834004829,3.5811187116757344,0.006819004882881563,0.00525,17851.90901161489
2937,14.75225,56.01174161492556,3.7968270341761805,0.0269451540025456,0.0055,18273.619815428618
2938,2.58675,18.91800589846334,7.31342646118231,0.024807905550712217,0.00075,174.40661714591843
2939,7.16025,36.24196379781979,5.061550057305233,0.00021271768407205016,0.00225,11090.648870997948
2940,23.46875,70.74856085570426,3.014585815422818,-0.019606690967102214,0.0065,41612.81908886957
2941,3.876,23.68870854918398,6.111637912586166,0.0026085211122997,0.00075,3654.6117704975613
2942,2.92225,17.75554898665356,6.0759856229458675,-0.0631874316511758,0.0005,16945.851985930458
2943,1.464,8.954789280757291,6.1166593447795705,-0.012684040883515046,0.00025,0.0
2944,4.4565,24.674385789286017,5.536718453783466,-0.036341448803229204,0.0005,21606.82641673873
2945,1.54725,10.104864893264422,6.530854673300644,-0.011921613199013636,0.00025,0.0
2946,14.54025,53.62930081041383,3.6883341627835717,0.008068212186385093,0.004,51668.66037217578
2947,26.81375,75.61814654538446,2.8201257394204267,0.009301727314299457,0.00825,33719.49063432527
2948,1.94575,12.71940457532064,6.5370189260288525,-0.05030124689949966,0.0005,6941.042816917773
2949,1.61525,11.701301104979198,7.244266277653117,0.017954385275153584,0.00025,0.0
2950,4.9205,26.593372889131704,5.404607842522448,-0.0038143763037346012,0.001,15903.904652732683
2951,3.5725,22.577935790194292,6.31992604344137,-0.018248629968993013,0.00125,3703.1663631682522
2952,1.814,13.580169706314903,7.486311855741402,0.015224189762048645,0.00025,0.0
2953,3.38175,22.75961372567064,6.730128994062436,0.019517294803470753,0.001,2350.025296855013
2954,1.71525,12.528883057366537,7.304406388203782,0.012669853115612861,0.0005,0.0
2955,1.84125,14.401003286626084,7.821318825051505,0.04071174207021855,0.0005,0.0
2956,9.496,43.40335755286353,4.5706989840841965,-0.011422052059926191,0.00275,17076.783438029735
2957,1.88075,13.590758132427842,7.2262438561360325,0.01556267619821039,0.0005,0.0
2958,2.2875,16.519006118431733,7.221423439751577,0.002941807484478476,0.00075,665.7375853939548
2959,16.8905,59.04195963888309,3.4955720457584496,-0.00167124672934027,0.00425,35267.97307998753
2960,11.996,49.32769292519498,4.112011747682143,0.009044687505926019,0.0035,13756.297585935965
2961,1.79375,12.801354600486693,7.136643679713836,0.022013425299397316,0.0,0.0
2962,6.0845,32.59126274558625,5.356440586011381,0.002014895946879758,0.001,16861.473246619003
2963,3.41725,21.84673825610147,6.393075793723453,0.0017390132946206727,0.00025,1734.2760961477793
2964,4.7255,27.054669440498323,5.725250119669521,0.0036544324606344603,0.0015,9462.419330583169
2965,1.3995,7.867170574177912,5.621415201270391,-0.015841869657550856,0.0,0.0
2966,4.5955,28.739848198426817,6.253911043069702,0.02989667035433885,0.00075,2270.605431250259
2967,1.25775,6.635082593137365,5.275358849642111,0.11279109697264367,0.00025,0.0
2968,1.8375,12.786651960818036,6.958722155547231,-0.01092416313260025,0.0,419.4822980841866
2969,2.575,18.2415477280816,7.0840962050802325,0.008994232851619044,0.0005,1018.1152668106574
2970,2.3655,17.870177547002445,7.55450329613293,0.0370867608585439,0.00025,0.0
2971,5.572,30.802305295267683,5.528051919466562,0.01697286130750819,0.0015,8664.222914445909
2972,10.757,44.69444427820235,4.154917196077191,-0.03379257459809115,0.00175,33553.30079696044
2973,5.345,31.368622421428626,5.868778750501146,0.024885086997341155,0.00175,1710.9597168297955
2974,2.06025,16.016561818961808,7.774086552098924,0.04980126595242407,0.00025,0.0
2975,1.9765,15.311958129692012,7.747006389927656,0.030262704502118876,0.00025,0.0
2976,2.062,14.368829869476308,6.968394699067075,0.0026533742952183914,0.00075,1919.550858331503
2977,1.30225,7.128155272361616,5.473722612679299,0.011112326675239315,0.0,0.0
2978,1.6635,10.704667917726695,6.435027302510788,-0.020706570671952473,0.0,824.2287734250191
2979,3.34375,21.035154037083753,6.2908871886605615,-0.014701895537173604,0.00075,7653.5238544249405
2980,2.4665,15.222575651063888,6.171731462016577,-0.06957930996101469,0.0005,5391.694480618089
2981,1.3665,7.875130612919549,5.762993496465093,-0.015402670692320819,0.0,0.0
2982,5.083,29.085685573428023,5.722149434079879,-0.007931054792092995,0.00175,6347.71864103866
2983,2.8335,21.01057207180938,7.415059845353585,0.04773493689263719,0.0005,0.0
2984,82.69075,119.14657817667405,1.4408694827011976,0.011272798498156433,0.022,7110.568008100705
2985,1.10025,0.5623868839613997,0.5111446343661893,-0.07801880211473919,0.0,0.0
2986,5.8045,30.50903931820912,5.256101183255943,-0.026657758939734988,0.00175,21372.301726618858
2987,1.25025,0.8098079307596217,0.6477168012474478,-0.8006732106692698,0.0,966.4329144179887
2988,1.10175,0.621686062969263,0.5642714435845364,-0.03448285417589966,0.0,0.0
2989,7.2065,34.817839224053785,4.831449278297896,-0.017197188987490453,0.0015,28743.79403965473
2990,5.32675,28.577712572063263,5.364943459344491,-0.01558289583865391,0.0005,24406.529944773527
2991,1.5055,8.629924023255464,5.732264379445675,-0.08044515211116943,0.0,761.9613763029536
2992,1.37775,7.133742181133036,5.177820490751614,-0.058343026648415064,0.0,408.4403786190947
2993,2.765,18.67356287609898,6.753548960614459,-0.0034757522418384923,0.0005,2868.521012069584
2994,4.418,27.401459559601914,6.202231679402877,0.009185896921376058,0.001,2933.3144314965507
2995,10.902,46.538649072189095,4.268817563033306,-0.016232343917449654,0.0025,25217.25545169259
2996,1.2985,7.41425252706797,5.709859474060816,0.028202549198094395,0.0,0.0
2997,1.892,13.127087114208773,6.938206719983496,0.0004873598929675538,0.0,422.85222788167556
2998,2.01225,14.442515241436473,7.177296678562044,0.004874806171318191,0.00075,661.3361285414351
2999,2.0925,14.330920681236535,6.848707613494163,-0.030153913354614037,0.00025,816.0236589076636
3000,24.814,73.35444855481292,2.956171860837145,-0.0038978443611481506,0.00725,301.86538130700023
3001,10.75525,45.86928542362327,4.2648274492571785,-0.022524141802594988,0.0025,24709.89630612213
3002,4.471,27.049086348120284,6.049896297946831,0.003564800745238683,0.00175,6807.383191686391
3003,1.718,11.777591176190418,6.855408135151582,-0.014186027491062347,0.0,0.0
3004,7.01575,35.4669349931306,5.055330505381549,-0.009175345605035634,0.001,5719.163138739486
3005,3.68575,24.778771031085316,6.722857228809691,0.022146899010486942,0.00175,2763.7204453030304
3006,1.7745,12.265266362363883,6.911956248162234,0.0034344816282785295,0.0,0.0
3007,54.14775,103.18120958023368,1.905549345637329,0.14427631377058003,0.013,15725.354511885389
3008,14.55025,55.49332709682821,3.813908839836306,0.022906840957698238,0.00375,20250.897865420295
3009,20.7345,66.95816872376147,3.2293119546534266,-0.04352073358965525,0.005,16798.80671100023
3010,2.22425,16.77628751819732,7.542446900392187,0.03826785498825336,0.0005,0.0
3011,2.12275,16.105279489793432,7.586988335787743,0.02054026030278444,0.00025,0.0
3012,12.62275,49.79828209549417,3.945121474757416,-0.024119561672361733,0.0035,37637.705847625075
3013,2.395,16.691633462813463,6.969366790318774,0.0074567327767647296,0.00025,244.93680197535758
3014,10.43875,45.90777852902346,4.397823353277304,0.012940899241786763,0.004,21279.525070250525
3015,7.0125,34.10896068557004,4.864022914163286,-0.026130518055659024,0.00175,27632.48968707672
3016,2.29975,15.120087770944,6.5746658423498205,-0.035487794330697264,0.00025,2285.5522188856653
3017,2.37125,17.72838112495972,7.476386346846483,0.03362697306771967,0.0005,368.01680026411924
3018,2.08475,14.259168924313332,6.839750053633928,-0.03233379162373895,0.00025,934.3844962332348
3019,2.18975,13.769391561484964,6.288111227987197,-0.04751325544938734,0.00025,2853.867241487781
3020,7.1605,37.91362024919408,5.294828608224856,0.019796251255937092,0.00175,4763.1679457833325
3021,45.955,95.83871994168128,2.085490587350262,0.11221670350635615,0.01075,57720.0203354587
3022,19.26325,64.23674602065653,3.3346785210520826,0.03495152290404491,0.00425,20235.85235121484
3023,3.354,22.07974326765806,6.583107712480041,0.006346427153756107,0.00075,8886.562484795098
3024,86.48125,120.39306363275344,1.3921290873195453,0.001240701968718394,0.022,3593.169194098794
3025,20.419,65.88611905531425,3.226706452584076,-0.05053037428261553,0.00675,36014.15643379089
3026,3.4625,23.94483101805316,6.9154746622536205,0.04156418434271969,0.0005,352.23569958820127
3027,2.42,16.168486477983862,6.681192759497463,-0.00637273877787381,0.00075,4135.5765455530245
3028,1.34425,7.3990153598011705,5.504195915790345,0.027309104206995505,0.0,0.0
3029,1.1535,1.7573303054493237,1.523476641048395,0.4167994129877913,0.0,0.0
3030,73.36825,113.86167161078832,1.551920232672693,-0.0084312202393666,0.01675,20865.207840036932
3031,12.1115,49.31579442374331,4.0718155821940565,0.00893991721267473,0.0035,35198.25893863389
3032,18.9715,63.84868323887216,3.3655052704779362,0.03231993488649443,0.00425,23413.992783454072
3033,4.129,25.68327795846303,6.220217476014297,0.0069965171428298945,0.0015,3756.742719409935
3034,1.34475,7.332110023509549,5.452396373682506,-0.04643146296585399,0.0,0.0
3035,9.4855,42.89312001575744,4.521967214775968,-0.016557740916481434,0.0015,21624.62308445199
3036,15.772,56.61480217183699,3.5895766023229134,-0.019902016178813486,0.00525,38342.86700509667
3037,5.0835,28.098023106183447,5.527298732405518,-0.02293459441927226,0.00075,16736.760813078738
3038,80.66475,117.93910829641682,1.4620898012628418,0.0068490642109497735,0.02075,3212.9632615762107
3039,5.39925,29.311459190007273,5.428801998427054,-0.0045729205963038755,0.001,13886.912978846649
3040,79.56875,116.86056593823832,1.4686741457951562,0.002859209534618934,0.019,5128.739313400226
3041,86.84225,119.75859215537004,1.379036035516929,-0.001054082148047808,0.02225,3154.4224515444025
3042,1.07025,0.4938379354369397,0.46142297167665475,-0.13446953725872363,0.0,0.0
3043,14.50125,55.77221650132678,3.8460282045566263,0.025083981861715454,0.0035,24412.517508832392
3044,7.20475,34.17828062021316,4.743853793707368,-0.025248793303958905,0.001,39912.521388924535
3045,2.53275,18.50209472775525,7.3051405498984305,0.015153449153896048,0.0005,469.8808407753363
3046,4.6925,30.02980004883055,6.399531177161545,0.04896464095009634,0.00125,238.9741305762299
3047,1.71925,12.566678550434382,7.309395696050244,0.01397800367603641,0.00025,0.0
3048,2.26225,15.54444860418349,6.871233773536741,-0.0234667852782251,0.0005,1124.547658626078
3049,1.34675,6.947991298445244,5.159080229029326,-0.06980117032971556,0.00025,242.5461638088605
3050,4.367,26.317788043296368,6.026514321799031,-0.008338414635838065,0.00025,2919.6904801918085
3051,3.979,24.24439124058711,6.0930865143471,-0.018042651061886517,0.0005,5120.878720858725
3052,1.3015,5.849457392608906,4.494396767275379,-0.07474924275438177,0.0,2975.4495259120185
3053,2.91475,20.398357916482446,6.998321611281395,-0.002926328723971805,0.00025,1026.770527158353
3054,12.09025,49.33656989718483,4.080690630647409,0.009122835760447368,0.00225,23047.381653379904
3055,2.48325,17.123434890322407,6.895574303965532,-0.01847656423041233,0.00025,549.606308722037
3056,82.52425,118.48559457152477,1.435766996628564,0.008856776548289869,0.02025,35139.829833390955
3057,84.19125,119.28308047145325,1.4168108974680058,-0.0027819178892558583,0.02175,7903.336293815546
3058,4.9,26.294863661250293,5.36629870637761,-0.00871687620092354,0.00125,19255.31065105714
3059,34.649,85.5240369090603,2.4682974085561,0.06276389129462201,0.0095,21853.007768214648
3060,3.55225,22.81873010376316,6.423739912383183,-0.013641391954759774,0.00025,400.70051851288275
3061,4.1655,25.14420743515066,6.036299948421717,-0.00221598394991096,0.00075,4717.16378684223
3062,3.77,25.155601783206635,6.6725734172961895,0.02870184759061467,0.00075,797.1292081149436
3063,1.909,13.1136650503497,6.86938975921933,4.3079276196289484e-05,0.00025,559.1888896334073
3064,13.72475,52.919709101055496,3.8557867430048267,0.0022835254920658965,0.0035,29026.75168279765
3065,11.4675,47.44005779424052,4.136913694723394,-0.007900906875111913,0.00225,22555.136939899177
3066,1.3685,8.473762972536386,6.1920080179294015,0.016415875580573336,0.0,0.0
3067,2.2855,16.589614027257937,7.258636634109796,0.004794175329175587,0.00075,1461.6314857832035
3068,3.208,20.769137566803714,6.474170064464998,-0.020229129230423082,0.00075,5445.371579622822
3069,2.9605,19.6594904216999,6.6405980144232055,-0.01894927988296158,0.001,2650.32427479918
3070,1.464,9.893314581997005,6.757728539615441,0.030602407139500132,0.00025,0.0
3071,1.52575,10.139602547558539,6.645651350194028,-0.010431192527311284,0.0,0.0
3072,5.724,33.04069075869106,5.772307959240227,0.04743875851154966,0.0025,11466.752136660663
3073,1.34475,7.4246669189408285,5.521224702688849,-0.04098346084000859,0.0,0.0
3074,2.844,18.816008464699305,6.616036731610164,-0.00017544079000342272,0.0,2693.3009119531607
3075,84.7865,119.26838287886122,1.4066907217406215,-0.002835433246306529,0.022,39728.80361990634
3076,6.61025,33.5586112649944,5.076753718088484,0.014717688846344501,0.00125,17794.514361050653
3077,2.5465,16.860335271766363,6.620983809843457,-0.025201244566571024,0.0,1052.7140165464364
3078,17.523,60.5389726771375,3.4548292345567257,0.0092030365903506,0.00425,26037.549370125034
3079,16.645,59.24350954624345,3.559237581630727,-0.00019123235546181228,0.0055,36126.97848950122
3080,2.4835,16.39194624580716,6.600340747254745,-0.037436929778587036,0.0,1193.5199924445835
3081,3.234,20.924559811399263,6.4701792861469585,-0.016991261634484722,0.001,3590.2878595155144
3082,2.77725,18.807274146662163,6.771905354815794,-0.00037708540639935784,0.00075,2392.9537118674575
3083,1.7255,13.043108541298928,7.559031319211201,0.03013860587403605,0.0005,0.0
3084,8.421,39.426930893995916,4.681977306020178,-0.010634093501202146,0.002,30189.74923137823
3085,5.0835,26.846921928859246,5.281188537200599,-0.042715859853568405,0.0015,30354.07663050171
3086,90.35775,121.29953692966984,1.3424364476723893,0.004498378834407735,0.023,17295.703346117294
3087,1.94875,14.332985804012171,7.354963850679755,0.0015686423667649052,0.0005,607.140873451545
3088,1.5675,10.977206772085935,7.003002725413675,0.024039720498301387,0.0005,0.0
3089,1.83275,12.847005052626297,7.009687656595988,-0.008879112505805642,0.00025,488.50835721081336
3090,13.84825,53.289723874356405,3.8481197172463237,0.005309547190722519,0.0025,22994.66437363205
3091,3.73,23.5414772324842,6.31138799798504,-9.915214666023076e-05,0.00075,3912.8395610700727
3092,1.5975,10.624109924032197,6.650460046342534,0.009840431173396835,0.0005,594.8950425743343
3093,17.93175,60.97722646590585,3.4005173207247394,0.012335656417300056,0.00575,79905.74818238613
3094,7.59375,35.53244784207686,4.679170086199422,-0.008373877318135214,0.00125,40824.100371885586
3095,1.8955,10.645487840058726,5.616189839123569,-0.0905154392259151,0.0,2728.783992168183
3096,6.0635,31.286421620160535,5.159795764848773,-0.01573039792589337,0.002,22010.619332628903
3097,1.26625,6.686519148412014,5.280567935567237,-0.01666473203032437,0.00025,0.0
3098,3.53375,18.826018317183262,5.327490149892681,-0.09717438666775502,0.00025,23306.97742144172
3099,1.21,4.9316812924288325,4.0757696631643245,-0.016060233579868743,0.0,0.0
3100,11.8905,48.67214043026581,4.093363645789985,0.003234329099234712,0.00275,27391.129607050418
3101,1.35075,7.854848763647518,5.815175838347228,-0.01652260860094834,0.0,0.0
3102,3.03375,20.170630245944956,6.648745033686017,-0.007802068246548721,0.00025,3632.594945411926
3103,7.9555,37.97894311035979,4.773922834562227,-0.02688419026569311,0.00125,18851.616575378317
3104,2.15975,14.627550076578464,6.772797812977643,-0.02125641206413542,0.00025,885.0636328379838
3105,2.40975,17.056614170439566,7.07816751548483,0.016850719049548823,0.0005,183.04653843389366
3106,2.356,17.23789576086843,7.316594126005276,0.02144214361590313,0.0005,216.1148287510513
3107,17.6455,60.59064396657351,3.4337731413999895,0.009573557984834391,0.00575,47773.81691945729
3108,3.0485,19.374454576130155,6.355405798304134,-0.025292051295178197,0.00025,4861.542895176623
3109,1.3855,9.060155150594179,6.539267521179487,0.04547519861322458,0.0005,0.0
3110,3.3165,21.090875610284698,6.359377539660696,-0.013552981856955526,0.0,2653.6529139865297
3111,2.10825,14.576921952212691,6.914228365807039,-0.02276217714324691,0.00025,1257.5014575154128
3112,3.11975,20.69758457983346,6.634372811870651,0.003398129478400902,0.00075,2026.8766666103113
3113,10.51475,44.697989440270135,4.250979760837883,0.0013426099928635082,0.00225,44166.08646975699
3114,3.92025,26.447849858316122,6.74647021448023,0.019736435964997634,0.0005,0.0
3115,12.45575,50.368529749584546,4.04379742284363,-0.019174648672026562,0.0035,23826.08520935885
3116,7.954,41.46241270013998,5.212775044020616,0.011227504958382095,0.0025,40.640173502289954
3117,2.8425,18.42632834137165,6.482437411212542,-0.009264134909851673,0.0005,4796.197107151498
3118,10.69,46.18890834186767,4.320758497836078,0.015592319391438014,0.00375,31820.222092527067
3119,2.341,16.169742859613955,6.907194728583491,-0.006338992984083358,0.0,447.7234065511833
3120,1.897,12.197544261920322,6.429912631481456,-0.03140860469630824,0.0,863.7258953696253
3121,1.7585,11.254458825766132,6.40003345224119,-0.0339178858536584,0.00025,838.491843821911
3122,3.24225,20.110772628902968,6.202721143928744,-0.03421883624258926,0.00075,4302.032502661799
3123,2.2185,13.650873390962353,6.153199635322223,-0.05126756694786838,0.0,3921.094072847719
3124,7.61975,39.446465822098226,5.176871396318544,0.037009094456336156,0.0015,1396.522002567576
3125,4.18625,23.340410335428054,5.575493660299326,-0.034545447946514374,0.00025,12312.120364567121
3126,1.50275,8.514611975408682,5.666020279759562,-0.08628726312022983,0.00025,305.8813003493454
3127,5.29,29.084959751062577,5.498102032336971,-0.007941892583092525,0.00075,18238.155639752822
3128,1.13475,0.7985936860937902,0.7037617854979425,0.0742718866288251,0.0,0.0
3129,1.344,7.843917755907462,5.83624833028829,0.05266820672952455,0.00025,0.0
3130,6.0635,34.90246428625511,5.756158041767149,0.03176979983034278,0.002,1039.3991820183023
3131,3.45275,22.343535437156266,6.471228857332927,0.011504300841458592,0.00025,1195.474660213456
3132,3.67175,23.006310536864223,6.265761704055076,-0.010085886018116108,0.00025,2432.392658844475
3133,13.71225,53.52313174082152,3.9033077533462066,0.0072075941852129954,0.0035,15206.093313703186
3134,5.492,30.6472225342243,5.580339135874782,0.01478076210894419,0.002,8743.567328367655
3135,29.686,79.16571042077881,2.666769198301516,0.029212812436228086,0.00725,23995.45272969852
3136,61.095,107.21348402971265,1.7548651121976044,-0.0345593665105115,0.01575,61960.04868319569
3137,3.75125,24.2458416774333,6.4634033128779205,0.012704401366155249,0.0005,1360.5845365144717
3138,9.3195,41.308716056730255,4.432503466573341,0.009614631439782917,0.002,35685.42272256944
3139,6.12675,33.82642075542106,5.521103481523003,0.018169755062901638,0.00175,6909.4011753234145
3140,87.251,120.4733516430668,1.3807675745042096,0.0015302287679905824,0.02275,22712.129916575992
3141,1.4595,9.622889885706796,6.593278441731274,0.018566104603765288,0.00025,0.0
3142,2.37725,15.23366169210927,6.408102510089082,-0.03223779996043463,0.0005,1419.5842321844227
3143,1.6925,12.177849512729601,7.195184350209514,0.03529083323143101,0.00025,0.0
3144,4.3145,27.107153838005555,6.282803068259487,0.030429985657144387,0.0015,996.4051911533724
3145,8.588,42.38746784555064,4.9356623015312815,0.02081040818224822,0.00175,7957.009765155291
3146,1.3465,7.368480940997571,5.472321530633176,-0.044282471672271395,0.0,326.2945000418737
3147,7.98375,37.600604214517936,4.709641987101041,-0.031232241373243763,0.00225,37019.522214114855
3148,3.4655,24.23760869328474,6.993971632747003,0.04684217750869424,0.00125,0.0
3149,3.302,23.195868340655398,7.024793561676377,0.027763042864085374,0.00025,0.0
3150,16.33175,59.26240967289095,3.62866255440421,-5.270390331402197e-05,0.00375,26165.29315295752
3151,3.26125,20.543563662117748,6.299291272400996,-0.024971809942605283,0.00075,6474.188912142227
3152,1.3485,8.658769619456951,6.421037908384836,0.02579574848979438,0.0005,0.0
3153,1.136,2.6261622535642215,2.3117625471516035,0.591267569238072,0.0,0.0
3154,6.2675,30.254210832019186,4.827157691586628,-0.030300462512648174,0.00125,45816.02433143785
3155,1.2435,5.447166754966668,4.3805120667202795,0.027115434266545058,0.0,0.0
3156,1.069,0.3984704439148134,0.37275064912517625,-0.22765787195387538,0.0,0.0
3157,2.221,15.420606595622116,6.9430916684475985,0.0016734521267041114,0.0,98.42500495224803
3158,6.102,33.14099692856802,5.431169604812852,0.009279276933272795,0.00175,34549.80779092355
3159,3.83925,25.65699670279926,6.682814795285345,0.037272954801838454,0.00125,837.2175624912355
3160,3.5,23.638214638542912,6.75377561101226,0.0016818082138116974,0.0005,902.7214993053104
3161,15.6165,57.23013410618966,3.664722191668406,-0.015207246701129051,0.00325,25916.118499964963
3162,12.35425,52.420804478022184,4.2431393632168835,-0.0018302411391355466,0.00525,486.5756179091116
3163,12.08575,51.09762361130095,4.227923265937236,0.024354586628521968,0.004,1250.5337202683866
3164,13.9905,54.85469140412933,3.920852821852638,0.01787985347254417,0.0035,2921.154284811526
3165,10.97075,49.34730675131524,4.498079598141898,0.009217338665655328,0.00325,0.0
3166,11.47075,50.578262965513666,4.409324844976454,0.019917793758250646,0.00325,0.0
3167,8.33575,40.43252056349294,4.850495823830242,0.0003037509421037754,0.001,5870.360725417754
3168,6.801,36.181593053913204,5.320040149082959,-0.0005113198572881394,0.0025,3182.368889754798
3169,11.90225,48.06728420547829,4.03850399760367,-0.0021965310673159877,0.003,29479.4133288668
3170,2.25325,14.815734572920569,6.575273304302926,-0.044318917620925546,0.0,1065.0095601306132
3171,2.39475,16.801026488291274,7.01577471063421,0.010293709973214549,0.00025,1235.1328471572383
3172,3.874,22.974814134637306,5.930514748228525,-0.010680856929508709,0.00075,14446.547854691375
3173,2.36675,17.193287839275566,7.264513716816548,0.020316827375770785,0.0,306.7559382519703
3174,69.2295,112.7358446653863,1.6284364998358545,-0.012746752564912978,0.01725,5150.153528422996
3175,2.294,15.442398807187635,6.73164725683855,-0.026327342427368672,0.00025,831.1259705557828
3176,12.74575,51.12538076217154,4.011170842215761,-0.012697367233206247,0.003,41224.7721766604
3177,13.46075,52.24860226405236,3.881552087666167,-0.0032592458712923378,0.004,23245.071438004492
3178,1.078,0.42303751628554914,0.39242812271386746,-0.2016751019175017,0.0,0.0
3179,2.01225,13.904367400054522,6.909860802611267,-0.011616793586805008,0.00075,1079.9181097999897
3180,1.0925,0.6012770854883656,0.5503680416369479,-0.04897933227644102,0.0,0.0
3181,1.52675,11.192747823410462,7.331094038585532,0.032484594691290836,0.00025,0.0
3182,1.9015,12.61941401779568,6.636557463999832,-0.016641818510600537,0.0,630.4141292198394
3183,4.265,25.19927629678024,5.9083883462556255,-0.0012658664571842948,0.001,9084.701860018842
3184,1.34675,8.801669261165506,6.5354885919179555,0.03290460892181846,0.0005,0.0
3185,2.1505,15.298394032217603,7.113877717841247,-0.001782163020174199,0.0,295.14737964789316
3186,4.16225,25.796274670661678,6.197675456943162,0.008903057696769912,0.001,6840.245745221684
3187,2.971,20.797230349196727,7.000077532546862,0.005483965554070158,0.00075,862.5936561886459
3188,49.146,99.01789898841533,2.0147702557362823,0.12638940603878868,0.012,35379.537171245756
3189,12.41975,50.04295289270065,4.02930436544219,-0.02199099445594488,0.00175,19120.284548740376
3190,54.14275,102.73183698357585,1.897425546053273,0.14238075297801545,0.0135,12166.152795975597
3191,3.082,19.092823520304545,6.194945983226654,-0.031651378232487204,0.001,4156.393475147307
3192,3.89975,24.86574503723072,6.3762407942126345,-0.007052458559682284,0.001,3036.6595186934287
3193,2.4665,18.031463089979454,7.310546559894366,0.003963516227453834,0.00025,638.4228230396824
3194,3.424,22.63427272026636,6.610476845872185,0.0171189522245081,0.0005,2313.0045745250077
3195,5.64775,30.01404472339016,5.314336633772769,0.005714165613935451,0.00125,22254.144669197784
3196,1.868,14.062112634769292,7.527897556086344,0.030369564794568538,0.0,0.0
3197,1.7945,12.864666519625189,7.16894205607422,0.024156030322770805,0.0,0.0
3198,10.89925,46.281190418831564,4.246272947113936,-0.018641595211918327,0.003,23836.02949988996
3199,1.58725,11.569825091619263,7.289226707588132,0.04687466912608951,0.00075,0.0
3200,5.2155,27.946472247454942,5.3583495824858485,-0.025283366111620964,0.001,26774.708796361494
3201,1.36675,8.445002898518688,6.178893651742227,0.014939366765324813,0.00025,0.0
3202,4.1915,24.4717192696182,5.838415667331076,-0.013989452883069742,0.0,7194.619124305953
3203,7.19225,33.619166438588366,4.674360101301869,-0.03241206328966584,0.00125,44247.2910668528
3204,6.751,36.28408235932341,5.374623368289647,0.0007171395262177693,0.002,10067.979688506863
3205,8.3105,38.979615728744555,4.690405598790032,-0.015589511741211703,0.002,28561.070449378647
3206,24.175,72.1191074987524,2.9832102377974103,-0.011273957450627314,0.00775,20787.97600169479
3207,2.07275,14.939134910545153,7.207398340632084,0.019557420895329303,0.0005,257.9595120412287
3208,7.6935,38.5882990290514,5.015701440053474,0.027456630778394775,0.00175,27118.12533922435
3209,3.15025,20.923745499286923,6.641931751221942,0.008117892439058805,0.0005,2162.863188112209
3210,2.041,13.137787841464856,6.4369367180131585,-0.036245784075055854,0.0005,1828.7184800875352
3211,89.41575,120.63981678237836,1.349200971667501,0.0021299048735388126,0.02,38057.3837861848
3212,2.2225,16.215616864849046,7.296115574735229,0.02350546886385585,0.00025,182.5821636524302
3213,3.89,23.837689881041666,6.127940843455441,0.005331301899354601,0.00075,4136.077744614857
3214,6.49925,36.14085001348785,5.56077239889031,0.04691207117381757,0.00175,422.04364917635854
3215,2.86475,19.112594807026184,6.671644927838794,0.006616712159964289,0.00075,2193.819134199581
3216,1.62,7.431749977423335,4.587499986063786,-0.17918867926073234,0.0,2721.2531380028854
3217,2.92175,19.959627341671606,6.831394657883668,-0.012369108030724885,0.0005,2491.1389963894903
3218,14.62125,54.64584925360445,3.7374266395557463,0.016223257021240167,0.00525,59179.343313799465
3219,4.736,28.45033671883083,6.007250151780158,0.025499611234243158,0.002,6767.655403963048
3220,4.28025,25.017147606313735,5.84478654431721,-0.004416143834291342,0.00125,23293.20723587761
3221,3.85275,23.736615684813664,6.160954041869746,0.003485934690834691,0.0005,16044.199257757988
3222,3.152,21.40800017792191,6.791878229036138,0.018054563180329497,0.00125,2165.0190409150714
3223,7.33425,36.83298377963734,5.022051849832954,0.007237897235570445,0.0015,23918.50086615894
3224,1.703,11.973810338965132,7.031010181424035,-0.00701012771489129,0.00025,0.0
3225,3.9865,25.564412814509115,6.412746222126957,0.004981887101821458,0.0005,1861.8818330629115
3226,4.6525,24.766067174075456,5.323174029892629,-0.03473075299603323,0.00025,29543.035952332295
3227,4.2095,27.25910626687194,6.475616169823479,0.03285767787224558,0.00175,993.6337464593555
3228,2.817,18.187900124196087,6.456478567339754,-0.01492037987651118,0.00025,3263.048331123177
3229,1.51875,8.398945410496614,5.530169817610939,-0.09222736582680935,0.00025,730.496905887513
3230,9.43925,40.77383273370862,4.319605131097134,-0.038563841601180204,0.00175,46329.46527359176
3231,83.43775,118.99663934322366,1.426172677753459,0.010725920722058468,0.02,26681.524729697278
3232,1.701,11.683095594947009,6.868368956465026,0.017278160504756945,0.0,6297.0
3233,4.598,24.691999103048058,5.370160744464562,-0.03603154702224409,0.00075,29470.974476615054
3234,72.21,113.73618544671699,1.5750752727699349,-0.00891011713969947,0.017,11725.143761839368
3235,2.08225,15.549949683882993,7.467859135014043,0.005300982454822689,0.00075,634.9323436764053
3236,1.97725,14.705825300265895,7.437514376161788,0.012721374048613177,0.0005,705.4588640573047
3237,1.40925,8.408474299628434,5.966630689819716,0.013056764903993878,0.0005,0.0
3238,1.399,8.332175903617387,5.9558083657022065,0.009097993720814213,0.00025,0.0
3239,2.2365,15.147192053538397,6.772721687251687,-0.006095873696216669,0.0,1496.6804383535693
3240,2.34075,16.78952386059135,7.172711250920154,0.009996273469147665,0.00025,381.50754548405627
3241,4.27925,27.07508143009198,6.3270623193531526,0.029915836643685356,0.0005,2442.9972728137927
3242,10.18125,44.43280845337445,4.364180081362745,-0.001241614132729385,0.003,30323.76764647641
3243,1.48725,7.399799098230543,4.975491072940355,-0.09551948264791721,0.0,306.3897478723961
3244,4.8565,27.12229364292617,5.584740789236316,0.004738614058808821,0.00125,23997.57148103659
3245,10.7315,45.05235106333612,4.1981410859000245,0.00477208104214899,0.00275,39653.83504983381
3246,1.42,8.40090732069773,5.916131915984317,0.012665757371355557,0.00025,0.0
3247,5.23125,30.121132018667915,5.757922488634248,0.007260929857484166,0.00075,4111.878937944749
3248,2.61825,17.89045930296419,6.832983597045426,0.0005540393919700737,0.00025,1230.5440478987923
3249,2.4145,16.95598909357798,7.022567444016558,0.014281022000421695,0.00025,357.74996778283884
3250,2.49225,17.34723815497445,6.960472727444859,-0.012837110164596321,0.0005,1336.7735389751676
3251,2.421,17.04763662443037,7.041568205051785,-0.020403271304375803,0.0005,1179.3629445395738
3252,2.5055,18.346228925284475,7.322382328990011,0.011479357366598109,0.0005,331.69354184214484
3253,71.10675,113.55723519817646,1.5969965607790604,-0.009593965544230532,0.019,3116.199781749051
3254,14.85925,56.1953905575669,3.7818456892216568,0.028366771186230766,0.00375,22111.350052709633
3255,20.34575,66.20377966587716,3.2539365550976083,-0.048441516352061065,0.0065,23815.943366389918
3256,88.44075,121.00625445753604,1.3682183208253667,0.0034470542188631548,0.02425,16049.105920761078
3257,7.076,34.0124085442908,4.806728171889599,-0.02736161751025401,0.001,30604.191528212927
3258,5.32725,28.332655051602,5.318439166850063,-0.019323085583409894,0.00075,20417.274299215816
3259,1.9275,13.5189842252893,7.01374019470262,-0.023823967075101038,0.0,0.0
3260,2.94475,21.4916418662006,7.298290811172629,0.019748058415905545,0.0005,437.27190890491016
3261,1.37075,8.219804482707204,5.996574490393729,0.003201051278734157,0.0,0.0
3262,1.7175,11.035517179083744,6.425337513294756,-0.042449811335279364,0.00025,953.2888603644744
3263,1.40025,8.404505271859621,6.002146239499819,0.012851717739901791,0.0,0.0
3264,11.74575,48.01699193843992,4.088031154965832,-0.002651166454672893,0.002,30410.926181570685
3265,1.46225,9.250322537850426,6.32608824609364,0.0014174642638572488,0.0,0.0
3266,1.33575,7.444419170203638,5.57321292921852,0.029965994130294327,0.0,0.0
3267,82.0935,118.1547222600438,1.439270128086192,0.007642307985569641,0.02125,16861.683001403173
3268,2.69225,16.549426298672827,6.1470614908247105,-0.05591999741215825,0.00025,10120.820152737952
3269,2.4585,16.822292505223025,6.842502544325005,-0.026182270792959317,0.00025,1443.9912176223102
3270,2.03925,14.048364622782385,6.8889859618891185,-0.007142257617220205,0.00025,292.4453106732568
3271,6.0525,31.32470355826617,5.175498316111717,-0.015199321811217859,0.00125,28515.686463781807
3272,1.571,10.535734878372592,6.70638757375722,0.006212709118329052,0.0,6297.0
3273,4.24,24.952646325383206,5.885058095609247,-0.005537323800736571,0.00075,8426.55035191165
3274,72.4355,113.52233335248376,1.5672195726195546,-0.009727466582731381,0.0175,18225.159450792926
3275,2.72125,18.487373912647694,6.793706536572419,-0.007827715515451583,0.0,967.2456366248783
3276,1.32175,6.7141639045181325,5.079753285052493,-0.014872885746913589,0.0,0.0
3277,1.63375,9.68682453541381,5.9291963491438775,-0.06409833663187481,0.0,612.549934254887
3278,2.8285,19.499542194278476,6.89395163311949,0.015321474656455614,0.00125,897.0252078696578
3279,5.73075,31.653020912240233,5.523364465775027,0.028804804958512564,0.001,26623.619511449284
3280,4.148,26.66028485776501,6.427262501871989,0.02321085059405492,0.0015,3265.302392933342
3281,4.634,27.74971271272749,5.988285004904507,0.014670691776021094,0.002,5962.069801634036
3282,4.825,25.719316589121355,5.330428308626187,-0.018328375161464905,0.0005,19463.6027157527
3283,12.12025,50.11151645039032,4.13452828533985,0.015891429035707283,0.00375,25738.770113017858
3284,1.615,10.785376956278451,6.678251985311735,-0.01744444115209509,0.00025,0.0
3285,2.268,17.21991020089338,7.592552998630239,0.020988775797353032,0.00075,0.0
3286,4.22925,25.190153441277385,5.95617507626113,-0.0014231218922220457,0.00075,11137.948800581542
3287,1.88075,13.786027095333461,7.330068906198837,0.02175812029759272,0.0,0.0
3288,9.13125,44.84939676891021,4.91163824984643,0.04532954093847108,0.0035,694.1167356979271
3289,1.64525,12.072586271065454,7.337843045777513,0.0315205478207532,0.00025,0.0
3290,5.4555,30.167615766086865,5.529761848792386,0.007930628258739025,0.0005,7819.025182801524
3291,3.9875,23.892761660489167,5.991915149965935,-0.024387583961875903,0.0005,11651.14697633803
3292,1.50275,9.73206919057723,6.476173142956067,-0.028246936464654482,0.0,0.0
3293,10.58125,45.736001616871526,4.322362822622235,0.011312815976011636,0.00375,17694.882468640637
3294,5.1045,27.0353529166318,5.296376318274425,-0.03967831654093157,0.0005,26385.223878421897
3295,2.24675,16.256735059543754,7.235667101165574,-0.004008778575383509,0.00025,155.22611654767573
3296,2.36,16.801755109026136,7.119387758061922,0.010312543888120418,0.0,438.1074094372125
3297,2.83425,18.17039674214467,6.411007053768959,-0.01533853053162959,0.00025,3924.1217734912443
3298,2.744,19.21926921288292,7.004106856006895,0.00903392961635352,0.00025,1643.8316151658269
3299,3.82225,23.91083618276951,6.2556965616507325,0.006661900461465864,0.0005,10409.954363709172
3300,1.43175,9.159711623012713,6.397563557194142,-0.002857610701479829,0.0,0.0
3301,1.86075,11.249422065675327,6.045638621886512,-0.06655079610823789,0.00025,1504.524953032155
3302,82.419,118.37719894180353,1.436285309719889,0.008459283751397706,0.0205,38835.747826618295
3303,11.693,48.05088420485327,4.109371778401887,-0.002344732598027033,0.0025,21556.015412779983
3304,2.18725,13.869130312727178,6.34089853136458,-0.04437877687457892,0.00075,1578.8930553973034
3305,2.877,20.70259694772844,7.195897444465917,0.041321886506105576,0.00075,384.6103692080285
3306,2.852,20.500979697129978,7.1882818012377205,0.037071674977440905,0.0,0.0
3307,17.03375,59.73010993163843,3.506574297006732,0.003361303770969881,0.00525,27714.622761381313
3308,10.06175,43.906621195255916,4.363716172162488,-0.006415361035378098,0.0025,28384.519678057586
3309,3.177,19.931331754209857,6.273632909729259,-0.03811127419414251,0.00025,5354.40684309587
3310,15.2045,56.206195956193,3.696681637422671,-0.023047817112370028,0.005,23342.603936326035
3311,1.58125,10.836431862074125,6.8530794384658495,0.01843418018376375,0.00025,0.0
3312,2.8555,20.837086307625828,7.297176083917292,0.04413405002696735,0.002,1774.1260764275637
3313,8.56475,40.568161794384324,4.736642843560445,0.0017582644460183428,0.0025,32530.218553610466
3314,1.96475,13.20757803182956,6.722269007166082,-0.0339448431345466,0.00025,636.9307246531997
3315,1.68675,11.194639539802365,6.636810161436114,-0.0012696556071651877,0.0,6297.0
3316,2.3495,16.330570156317496,6.950657653252818,-0.0020407588351882833,0.001,1903.428048583914
3317,3.038,19.57887609382301,6.444659675386113,-0.020733778582910034,0.001,3770.8366826433453
3318,1.56175,10.484210347191198,6.713116918323162,0.004083601344574861,0.0005,0.0
3319,3.5615,22.78070362970525,6.396378949797908,-0.014365729532036964,0.001,4425.358914910071
3320,1.83525,11.781035847450333,6.41930845794869,-0.04649752996491752,0.0,571.8046913152639
3321,88.351,120.56086441921101,1.3645670611448768,0.0018455891186195394,0.02275,13609.962821310279
3322,1.6455,12.102497567107394,7.354905844489452,0.032595234265136996,0.00025,0.0
3323,2.498,17.196174664900806,6.883977047598401,-0.01663560330880376,0.0005,2608.904840261781
3324,8.72825,40.6497294217688,4.657259980152814,0.00263059397476173,0.001,33843.032502833594
3325,46.52675,96.22006214676533,2.0680589584865765,0.1139413320937579,0.01175,39847.57559409222
3326,3.4115,22.53859278640079,6.606651850036872,0.015279204890321862,0.0005,2251.9533666988477
3327,3.70275,23.58128307928592,6.368586342390365,0.0006345681876747111,0.001,4873.7323668585805
3328,1.9935,15.004024058048016,7.526473066490101,0.021439723483399842,0.00025,0.0
3329,2.74525,18.847736249426134,6.86558100334255,0.0005562551788307335,0.001,1659.1880107092584
3330,1.85325,12.089944421978604,6.523644636168139,-0.03525670303849515,0.0,239.31809925659047
3331,4.364,23.76376828642277,5.445409781490095,-0.05267249049490186,0.001,14749.629369306305
3332,7.4905,38.258336801718244,5.107581176385855,0.023727081561743413,0.002,6870.371549984902
3333,6.74925,34.236850248178925,5.072689594870382,-0.0245052012907927,0.00075,23531.16183541127
3334,12.424,51.88246497173092,4.17598719991395,-0.006313321186014242,0.00325,821.0423170265492
3335,16.75925,59.23007124571473,3.534171949563061,-0.0002897552455742858,0.006,30192.303040182585
3336,4.5165,27.00809299120831,5.979872244261776,0.0029061207204266193,0.001,14054.456012927858
3337,2.65575,18.515086930622612,6.971697987620301,-0.007177185104258799,0.00025,883.4975114118341
3338,1.241,6.256532989704666,5.041525374459843,0.08727850253846814,0.00025,0.0
3339,9.53225,42.94565801478749,4.505301268303652,-0.016026117180877097,0.00325,29709.33432752869
3340,1.59175,10.620488719106017,6.672209027237956,0.009692377603740976,0.00025,0.0
3341,7.552,36.92626684754125,4.889601012651119,0.008336399264819994,0.002,23277.368969983647
3342,22.33475,69.04989981602908,3.0915904505771983,-0.03016124817511323,0.00475,25561.719709469187
3343,2.02525,12.890234752536275,6.364762252826206,-0.04450720171321931,0.00025,1598.572703707366
3344,9.701,43.17227768360268,4.450291483723603,-0.013740416808725842,0.0035,34829.78084023537
3345,3.13275,22.60583737463296,7.2159723484583695,0.04169906246449551,0.00075,0.0
3346,84.9545,119.79124932817047,1.4100636143838228,-0.0009356697964317817,0.02325,11408.305124166314
3347,4.98675,30.70027200388912,6.156368778039629,0.015531863612255448,0.00025,185.8070802460493
3348,6.27675,32.08422523319994,5.111598396176356,-0.004794735093204716,0.00225,32881.11430285999
3349,2.42425,15.816172095751885,6.524150601527023,-0.05296606910082868,0.00025,2796.7858163746046
3350,2.4695,17.474993951455346,7.076328791842618,-0.009650416892693414,0.00025,1199.1707463354219
3351,1.22675,6.231174955241644,5.079417122675071,0.08551470895441737,0.0,0.0
3352,2.823,20.565891908144767,7.2851193440116075,0.03844460831410945,0.0005,511.87611500106004
3353,7.764,37.7330259760906,4.859998193726249,0.017722630039675558,0.00175,28111.430059305214
3354,81.079,117.79852240996273,1.4528857337900412,0.006331067302474125,0.02125,7440.856712657035
3355,3.72575,23.88411919508298,6.410553363774537,0.006176366310752579,0.00175,1793.0395558203004
3356,16.18575,57.9104278291081,3.5778649632613937,-0.010075236869617532,0.00325,33205.65115530185
3357,2.39925,16.56707476982908,6.9051056662828305,0.004203725740240971,0.00075,1628.759492481762
3358,2.158,15.652932299489228,7.253444068345333,0.008167701247460801,0.00075,701.9470997421744
3359,1.769,13.18856032821182,7.455376104133307,0.034954887762848275,0.0,0.0
3360,5.24075,29.679841857575198,5.66328137338648,0.0008512228480475059,0.001,6681.613574785229
3361,8.5885,39.8570484836554,4.640746170303941,-0.005921930216799209,0.0015,35734.38301386815
3362,10.5855,46.1150608745111,4.35643671763366,0.014897407684162811,0.0025,22403.351865975783
3363,3.86825,25.729504343961747,6.651458500345568,0.03849855641743072,0.0005,1162.3190839808638
3364,1.55775,11.505509946424878,7.385979744134089,0.044453747831289636,0.0,0.0
3365,1.90525,11.755501707396336,6.170057319195032,-0.04743983853093159,0.0,1406.5363072843736
3366,1.30575,7.024642577265735,5.379776049983332,0.004759407006154626,0.0,0.0
3367,9.04,42.44448472500159,4.695186363385131,0.021394200470395086,0.00375,27604.886815634167
3368,1.48675,8.131319328744045,5.469190737342556,-0.05457839483091753,0.0,651.0935872823289
3369,12.7865,52.81945561507491,4.130876754004216,0.001459998109072158,0.0025,15956.11167317556
3370,1.6165,10.50392835455952,6.497945162115385,-0.028928018898626506,0.0,371.7095520155064
3371,36.5905,87.70761920361647,2.397005211834123,0.07371302140240732,0.00875,25554.004822433624
3372,12.0165,49.39312348811298,4.110441766580366,0.009620374328957126,0.00275,19770.554364558717
3373,2.946,20.407491282004905,6.927186450103497,-0.0027319168741140043,0.00025,439.75380040733876
3374,5.9305,32.293410873527456,5.445309986262112,-0.0019723733378618213,0.001,10784.664631836064
3375,1.59875,10.665795246232634,6.671334008589607,0.011541117803801626,0.0,335.2993431055
3376,3.05825,21.617705434077845,7.068652148803349,0.022288058271464406,0.00075,1714.3091706768462
3377,1.56125,10.481851732467664,6.713756113670241,0.0039858878722216495,0.0,0.0
3378,11.833,48.935695423398684,4.135527374579454,0.005579648127445713,0.0025,22109.237241442428
3379,1.585,10.839471783123672,6.838783459384021,0.018555994800354192,0.0,0.0
3380,5.16375,28.55257866418712,5.529426998632219,-0.015965023006826673,0.001,12564.012642803316
3381,3.36675,18.848078335781025,5.598300537842437,-0.06238051405956524,0.00025,17661.78592613353
3382,1.73125,12.728021215747448,7.351925611984086,0.01951838804051964,0.00025,230.67569874590487
3383,4.0565,25.25410363064876,6.225589456587887,-0.0003219765547153308,0.0015,8147.58035515219
3384,1.5485,6.992021870851137,4.515351547207709,-0.17184934628067217,0.0,770.7706478770913
3385,1.28675,6.2620146633819935,4.866535584520687,-0.045150744435130674,0.0,0.0
3386,2.655,17.977952516740434,6.7713568801282245,-0.019962711523712207,0.0005,1077.8859887130059
3387,1.88075,12.20277658472014,6.488250211203053,-0.031222347395134964,0.0,716.2361429298188
3388,3.195,17.08399662652694,5.347103795470091,-0.10505811517387365,0.00025,14511.515926921298
3389,1.908,14.853659273002382,7.784936725892234,0.05415245001218194,0.001,0.0
3390,3.0685,21.022328422966872,6.85101138112005,0.010159280087047584,0.00125,1311.6366369922146
3391,11.8435,49.411212034503656,4.172010979398291,0.009779390751249561,0.00275,13728.044473016718
3392,12.708,51.18641663871459,4.02788925391207,-0.012179195366446294,0.002,19513.109872498662
3393,3.10875,21.396889497250285,6.882795174025021,0.017829107282610224,0.00025,837.8421597823566
3394,17.12125,60.04530712857201,3.5070632768385495,0.005647060275797866,0.0045,19107.05237960322
3395,2.37575,15.73214661280404,6.621970583101774,-0.01825412146625882,0.0005,2758.0129892736913
3396,4.70775,25.791542040903874,5.478528392736206,-0.017110490756030217,0.0005,24011.673449643327
3397,1.873,13.625776544718898,7.274840653880885,0.01668025503738635,0.0005,0.0
3398,1.44875,9.283933503252983,6.408237103194467,0.002992609527281531,0.0,0.0
3399,1.5635,10.623896862551732,6.794945227087773,0.009831721516420089,0.00025,0.0
3400,4.83975,29.619113641544505,6.119967692865231,0.04298425848095966,0.0015,1894.689451860608
3401,87.97125,120.72870527967706,1.3723654634858213,0.0024497791081481424,0.02375,17722.655414381996
3402,1.9475,11.030805202515996,5.664084827992809,-0.11216081308784642,0.0,2134.1198077294184
3403,10.40625,44.741246693922506,4.299459141758319,0.0017627027584177224,0.0025,33946.77934289473
3404,4.108,25.242021034506664,6.144601030795196,-0.0005298105208471071,0.00125,5111.38767947261
3405,10.7535,46.06615634541382,4.283829111025603,-0.020664139087084088,0.00225,30593.67959685234
3406,6.40625,32.60491498313965,5.089547704685214,0.002196780582706337,0.0015,20506.626441715012
3407,16.66925,58.23138825480653,3.493341827305159,-0.0076748663340411305,0.00375,35562.78179296211
3408,2.5415,18.15729053438005,7.144320493558941,0.006983591776696496,0.00025,315.01046255959795
3409,9.863,43.10917920040734,4.3707978505938705,-0.014375624626096428,0.00225,23886.798004813634
3410,9.54425,43.163083820421384,4.522417562450835,-0.013832912953817278,0.00225,29740.17348422683
3411,1.972,13.384804976205773,6.787426458522197,-0.028155980695566463,0.00025,427.8099052901016
3412,3.23225,22.112260127573737,6.84113547144365,0.006985542572557124,0.00075,1004.1784016286526
3413,61.50675,108.14271203358548,1.7582251059206588,-0.030811518931632698,0.01725,20371.140892638014
3414,2.90025,19.912330982805408,6.865729155350541,-0.013399434012541622,0.0005,991.3959238256999
3415,76.51175,116.166006203135,1.5182766856480865,0.00027028286581254335,0.0185,15950.774748165235
3416,3.2545,20.758792392993474,6.37848898233015,-0.020445506593677498,0.00075,5352.1151144947935
3417,4.03425,25.474640650391255,6.314591473109315,0.003454131665014515,0.00075,885.1779647409926
3418,3.1545,22.494935769719834,7.131062218963333,0.039563220936039034,0.00125,0.0
3419,4.61325,28.42320608408778,6.16121087825021,0.025085264412416652,0.00125,2807.514302190891
3420,3.578,24.705586564618855,6.904859296986824,0.020862305871773623,0.00125,801.5065813070164
3421,3.7745,24.017865521649796,6.363191289349528,0.00860154526256629,0.0015,1768.3479132694042
3422,3.1785,22.318874765379597,7.021826259361207,0.011024703134461689,0.0005,0.0
3423,2.3775,17.221153729757656,7.243387478341812,0.02102013706570216,0.00075,0.0
3424,3.40725,23.88685921062535,7.010597757906039,0.040511457655487915,0.00075,0.0
3425,2.4345,18.19036646436863,7.47191064463694,0.007773997488040418,0.0005,0.0
3426,14.25,53.962611972297246,3.786849962968228,0.010759040106415041,0.00275,23018.298969377545
3427,6.74,35.53390725266728,5.272093064193958,0.03955667290912168,0.00225,10494.059631756092
3428,3.1625,21.863647877804635,6.913406443574588,0.0020750320953060175,0.001,981.79321694023
3429,6.06225,33.10313171393029,5.460535562527163,0.008782790500400539,0.001,9813.5971060541
3430,3.06775,21.738164524327296,7.086028693448714,0.02470133485218673,0.00075,0.0
3431,19.5235,64.08829671003745,3.2826233364938386,0.03394671910532576,0.00575,30665.178051248342
3432,3.233,23.332666249886273,7.21703255486739,0.03031677677478739,0.001,0.0
3433,3.183,21.871719274579362,6.871416674388741,0.002235330880867803,0.0005,0.0
3434,2.5475,18.216550288847404,7.1507557561717,0.008398686061586114,0.00075,0.0
3435,2.7495,19.871045880025832,7.227148892535309,0.023517785530904556,0.0005,0.0
3436,2.91925,20.311188186043726,6.957673438740679,-0.004786206536507853,0.0005,1182.9236076412078
3437,3.08675,19.55755222157735,6.335968971111153,-0.02120703796625989,0.0005,2048.756326351308
3438,1.71725,10.2740786258624,5.98286715729358,-0.07349961751743095,0.00025,1185.75327980461
3439,7.15925,33.330385807728405,4.6555694811228,-0.03615866376930299,0.0015,37743.60943784763
3440,1.6775,9.82558544221771,5.857278952141705,-0.057921333164929756,0.0,533.4339482461417
3441,1.5905,11.450396833599775,7.199243529456004,0.04236841380398371,0.00025,0.0
3442,1.57475,11.591289916915393,7.360717521457623,0.04767964400286506,0.00025,0.0
3443,1.68275,12.371069609307016,7.351697881032249,0.042127480841908094,0.00025,0.0
3444,4.862,28.36271437806549,5.833548823131528,0.024159991955796656,0.00075,9022.51242097119
3445,1.593,11.587252353525233,7.273855840254384,0.04752834100046255,0.0,0.0
3446,87.483,120.33239456728006,1.3754946054351138,0.001021794993842029,0.02025,32635.23351895946
3447,1.683,12.238952528290458,7.272104889061472,0.03746448052862572,0.0,0.0
3448,1.6,10.819577894560126,6.762236184100079,0.017758193550071466,0.00025,0.0
3449,4.456,25.030285511719583,5.617209495448739,-0.030121996059443656,0.0015,23568.703316578638
3450,83.65775,119.06321273632035,1.4232179652969434,-0.0035831669451300563,0.02325,17325.874099832497
3451,2.693,18.823611053229687,6.989829577879572,0.0,0.001,1745.8060376073777
3452,1.52975,10.878795980621986,7.111486177886573,0.020128707765133314,0.00025,0.0
3453,1.59475,8.219027347571917,5.153803008353608,-0.10163169887111756,0.0,1042.9693420325798
3454,2.118,14.389904215658769,6.794100196250599,-0.02837010250461436,0.00025,1470.5537311471396
3455,3.632,23.13754335442982,6.3704689852505005,-0.00761561804661004,0.0005,3834.8037504996773
3456,1.236,5.986882719009351,4.843756245153197,0.0681455142133286,0.0,0.0
3457,88.0305,120.3919811575163,1.3676166914593952,0.0012367971329951821,0.0235,14157.260806610357
3458,5.65,30.25130220868732,5.35421278029864,0.009133714467239873,0.001,16742.17328561415
3459,2.28225,15.771945774249813,6.91070030638616,-0.01715683129945078,0.0,177.66352232481307
3460,5.339,28.648809182353318,5.365950399391893,-0.01450378494844351,0.00125,25684.82983197707
3461,19.2295,63.89961361311174,3.322999225830715,0.03266622179928236,0.00525,28848.63607881417
3462,1.46975,9.187501699829562,6.251064262513736,-0.0015419791632551583,0.0,0.0
3463,57.9935,105.71603439276339,1.82289453805622,0.1548165625868838,0.017,20394.626006367675
3464,9.3015,42.090842323501626,4.525167158361729,0.01776055179707603,0.0025,21734.247597936024
3465,2.83775,20.17320412028341,7.108872917023489,0.03007194234426591,0.00075,1162.223243008298
3466,9.35125,41.455198791155304,4.433118437765572,-0.031366376514277095,0.00175,24876.19721557498
3467,23.68875,70.89205381607353,2.992646459440601,-0.018726742481360636,0.00675,32321.384146421457
3468,4.9305,26.425674046506423,5.3596337179812235,-0.0065617257588195255,0.00025,27772.993022976956
3469,3.13625,17.75433721826909,5.661008280037972,-0.0632170720910179,0.00075,9487.859876120992
3470,1.0995,0.544218516267466,0.49496909164844566,-0.09228067163644427,0.0,0.0
3471,2.22975,15.637985854575295,7.013335958997777,0.0077528103189230535,0.0005,1825.539790461727
3472,1.235,5.8273720119914705,4.718519847766372,0.056417507445656656,0.0,0.0
3473,5.586,30.171090097466106,5.401197654397799,0.007980642024409956,0.00175,23015.925613016767
3474,1.44875,8.106805999490696,5.595724589812387,-0.055889631380681926,0.0,482.47379740185335
3475,2.86825,20.479227075817725,7.139972832151216,0.036610620969468544,0.00025,265.78800550981947
3476,2.26125,14.92532042319138,6.600473376756829,-0.04111844302717449,0.00025,2916.3094628315457
3477,12.12775,48.925252682280615,4.03415742262832,0.005486961004573354,0.00325,32351.919232949298
3478,10.90325,46.352519116490434,4.251257112924168,-0.01797277462657565,0.0035,20638.503355522058
3479,2.40375,16.81421765698167,6.994994345078177,0.010634558431217744,0.00025,2928.776340393417
3480,1.53625,11.11789493719286,7.237034946911545,0.02957044131958253,0.00025,0.0
3481,1.964,15.05222064469506,7.664063464712353,0.022832547488877086,0.0005,0.0
3482,82.74125,118.80847891502958,1.4359038437904865,0.010038660049714654,0.02275,7069.056302096368
3483,4.70225,27.805644811950543,5.913263823052909,0.015545171262549173,0.00075,6200.366683214329
3484,2.564,16.953901105370193,6.612285922531276,-0.022797805465659682,0.00025,848.7216336186552
3485,5.99775,32.81655796326969,5.471478131510931,0.005006735630138426,0.002,6554.004279700672
3486,6.007,30.3618907860335,5.054418309644332,-0.028757477801211184,0.001,28866.8094707265
3487,6.63875,33.09781132818572,4.985548684343547,0.008712984420025771,0.00225,33574.11101102815
3488,2.188,14.98909017272401,6.850589658466183,-0.010652733354269639,0.00025,621.1927530086815
3489,2.90125,19.094597386429427,6.581507069859346,-0.03161103090072559,0.00025,3417.611826667318
3490,1.99575,15.106067663610023,7.569118207997006,0.02438339731119865,0.0005,0.0
3491,1.943,15.138561523845416,7.791333774495839,0.025316581814016637,0.00025,0.0
3492,1.8175,13.306218757197836,7.321165753616417,0.006373651634184574,0.0,0.0
3493,80.1985,117.38218877798529,1.463645688859334,0.004793427697892483,0.017,12122.951311846879
3494,4.359,24.815994386571514,5.693047576639485,-0.033856117310059775,0.00075,16361.428298001278
3495,3.191,22.010534634777212,6.897691831644379,0.0049829995013745965,0.0005,2050.600194416796
3496,1.44425,7.736204117720639,5.356554694630874,-0.07621149163435226,0.0,392.30033666214644
3497,2.64025,17.35235159752104,6.5722380825759075,-0.03534460168627884,0.0005,3221.6589044095467
3498,6.6645,34.59584018042411,5.191063122578455,0.027937590620283226,0.00175,34222.955233437555
3499,1.74375,10.522821312727633,6.034592867514055,-0.06311030676628682,0.0,1391.4425122603952
3500,1.22475,4.898952681118992,3.9999613644572296,-0.018951991699587167,0.0,0.0
3501,29.5375,79.00993757945312,2.6749026687923187,0.02835741771341249,0.00675,21976.49481581699
3502,2.24875,16.116864203853098,7.16703244195802,-0.007761559864252865,0.0,264.2295937492753
3503,71.29575,114.01692307120095,1.5992106552101766,-0.007839458972007662,0.0185,7543.506771193896
3504,1.61175,9.656672551593129,5.991420847893984,-0.06545226459418763,0.0,0.0
3505,10.2825,45.09200612086361,4.385315450606721,0.005154178697789558,0.0025,15873.65774649058
3506,1.68325,11.381577417635413,6.76166785541982,0.0059226870687982824,0.0,0.0
3507,2.476,14.708501249354082,5.940428614440259,-0.08449902926829989,0.00025,6669.902904746061
3508,1.32475,7.412457323208821,5.595363142637344,0.028097381275931976,0.0,0.0
3509,3.23675,20.576601968610948,6.357179877534858,-0.024273935453588136,0.00075,8353.044003862155
3510,1.27125,5.412300498556197,4.257463519021591,-0.10848292344132926,0.0,0.0
3511,1.8675,14.420295766124061,7.721711253613956,0.04129316059852828,0.0005,0.0
3512,4.674,26.604062998760366,5.691926187154549,-0.003639831963103246,0.001,13531.7165877203
3513,75.495,115.45999189083575,1.5293726987328398,-0.002377253007354252,0.0175,13716.212715880707
3514,5.55825,30.288569730206397,5.449299641111213,0.00966840608372399,0.00125,9635.426293851755
3515,1.85125,12.782134766141176,6.904596767665726,-0.011077615289967202,0.00025,583.954298488593
3516,1.42825,8.190215005905566,5.73444075330339,-0.05144410878977668,0.0,0.0
3517,4.56225,26.98585155194284,5.915031300771076,0.002548327454139132,0.00125,9339.693477485456
3518,1.8425,14.128892389357262,7.668326941306519,0.03242710996848874,0.0005,0.0
3519,9.92025,44.95868337418462,4.532011126149505,0.0038682057457650743,0.00325,20322.782506149288
3520,18.8085,63.513012867056325,3.3768249922671307,0.030030704572891365,0.00425,19540.299085908002
3521,3.589,23.517224410227286,6.552584120988377,-0.0005468001880055695,0.0005,1749.1536894663727
3522,7.368,34.82112438845017,4.725994080951435,-0.0171562139730288,0.00175,40878.00313210436
3523,2.14575,16.670452391378987,7.769056223408592,0.03551937994399812,0.00025,0.0
3524,85.94425,119.82103701840316,1.3941716521861924,-0.0008276901117456603,0.02125,25165.451722749203
3525,1.53075,10.121124627650433,6.611873021493015,-0.011223351743380405,0.0,0.0
3526,6.0685,31.566674222673033,5.201725998627837,-0.011857463306252036,0.00125,21376.36709577945
3527,74.902,114.68816739287007,1.5311763022732379,-0.005290162483886807,0.015,3545.606740949485
3528,2.87275,19.261952474782642,6.705056992353196,0.00999736642536786,0.0,1184.0402610263086
3529,6.07375,30.12412117567335,4.959723593442823,-0.03217190564295591,0.00125,25394.802417113373
3530,1.31875,7.2050417482585445,5.463538766451976,0.015771676916539135,0.0,0.0
3531,1.46525,9.379887419873565,6.401561112351862,0.007458214275452457,0.0005,0.0
3532,1.304,6.378460252192311,4.891457248613735,-0.0371489711424845,0.0,0.0
3533,2.304,15.500440313503296,6.727621663846917,-0.024698071410595768,0.00025,426.2932327622142
3534,7.5645,37.71197274039098,4.985388689323945,0.017480246727767934,0.0005,18316.681128248376
3535,87.13475,120.04196395725613,1.377658901382699,-2.7671958137798214e-05,0.0225,12855.07769071716
3536,3.187,22.175064021690932,6.957974277279866,0.008217290187243487,0.0005,566.4251503203676
3537,8.393,39.636451822511425,4.722560684202481,-0.008332294792892103,0.00225,35510.445134572336
3538,1.72275,12.460947044178042,7.233171989074469,0.010308547879495977,0.0005,0.0
3539,1.35575,8.292821272562474,6.116777630508924,0.007041869337968909,0.0,0.0
3540,6.484,32.553520192434334,5.020592256698694,0.0015116665657517458,0.00125,15317.763748221152
3541,2.89025,17.943444394449024,6.208267241397465,-0.05861572334274867,0.00025,4723.292828472076
3542,82.631,117.85883087407473,1.4263270549076585,0.006553353035405163,0.01925,7651.151300994698
3543,1.4985,10.062271616166967,6.714895973418063,0.037956624679636675,0.0005,0.0
3544,1.61625,10.912527514361093,6.751757162791086,-0.012354418018400093,0.00025,0.0
3545,2.86525,18.617699834412438,6.497757554982091,-0.004776916489501515,0.00025,1838.5431582271092
3546,1.5115,9.93710492364682,6.574333393084234,-0.01919224890860649,0.0,0.0
3547,7.08075,34.346821621168516,4.850732142946512,-0.023112449923396783,0.0025,20082.377649170532
3548,9.31775,41.03489064808294,4.403948447649158,0.0067262152749871795,0.00175,27326.964833751925
3549,84.158,118.48628944395445,1.4079028665599758,-0.0056926649038686605,0.01825,11923.43323963243
3550,60.24475,106.8081871611379,1.7729044798283318,-0.036204231752299254,0.013,12742.217793701742
3551,81.071,118.22067920312341,1.4582363508914828,0.007884674466927866,0.02125,5492.960398680702
3552,1.43825,7.193616890583771,5.001645673967509,-0.10779210666685535,0.0,290.70619029623833
3553,4.81375,26.05660756193924,5.412954050779381,-0.012669927421646632,0.00025,28334.892476106084
3554,1.263,7.222144476726472,5.718245824803224,0.01680134742367978,0.00025,0.0
3555,10.0515,44.09400660072212,4.386808595803822,-0.004565815807805462,0.002,31142.642497652512
3556,11.7375,48.17123322770208,4.104045429410188,-0.001258351521097989,0.00175,22028.670636354902
3557,1.6215,11.444757899179987,7.058130064249144,0.008326840358362286,0.00025,0.0
3558,19.79175,64.3535292436944,3.2515330500685584,-0.06075193172389559,0.00375,22112.18724109703
3559,1.394,8.912245566088135,6.393289502215305,0.03832670824925277,0.0,0.0
3560,2.26225,16.12939906865966,7.129803986588422,-0.0074239193230785094,0.0005,873.0290657955109
3561,4.53025,25.75745419386662,5.685658450166464,-0.017684863376543403,0.00075,16662.631207657018
3562,5.953,31.329014791275323,5.262727161309478,-0.015139553779619508,0.00225,19979.017547509313
3563,2.54,17.72067734601023,6.976644624413477,-0.0035871328738845687,0.0005,703.4700536910433
3564,12.61025,48.901673676466224,3.877930546695444,-0.03201019946410155,0.002,44418.02699117629
3565,1.65725,12.224264010366793,7.376234129049204,0.03694295115099,0.0,0.0
3566,8.99925,41.75897151946023,4.640272413752283,0.014322728744062152,0.002,31764.129717299355
3567,3.224,21.611318476010847,6.703262554593935,-0.0029663287868362254,0.0005,1148.6611300103589
3568,3.3665,22.327613135467075,6.632292628981754,0.011194706471194804,0.001,1858.3377652575211
3569,17.169,59.72621488246218,3.478724147152553,0.0033329821502063872,0.0035,25635.805941115384
3570,2.3745,15.729418406312744,6.624307604258894,-0.018329441624484577,0.0,704.9649300393838
3571,12.5935,50.9774649549515,4.047918764041093,-0.013955687965612862,0.00275,23543.198851773457
3572,2.53425,16.30008435944524,6.4319164878939485,-0.03987759893282017,0.0,3580.544058610431
3573,3.6505,24.735466653727084,6.77591197198386,0.02138724450287799,0.00025,299.6469011929759
3574,1.748,10.611203768251407,6.070482704949318,-0.05947784807905587,0.00025,1114.5772659129038
3575,90.2635,120.90017485851791,1.339413770333722,0.0030661649007961422,0.02,8268.30406209564
3576,2.12075,15.866902945747555,7.481741339501381,0.014064159634088025,0.00025,0.0
3577,36.48425,87.73535846634928,2.4047461155525816,0.07385035387358752,0.01025,23298.450985855445
3578,4.121,26.68071071169245,6.4743292190469415,0.023543459162295388,0.0005,1682.0360068283928
3579,2.847,20.002902790095426,7.0259581278873995,0.026390083815340137,0.0005,2224.9703637492366
3580,3.14925,23.25237929165918,7.383465679656801,0.05394586201538387,0.00125,0.0
3581,1.442,7.5115072845216195,5.209089656395021,-0.08901231885441074,0.0,539.9027584173223
3582,1.318,7.091470104079919,5.380478075933171,0.008871451676318864,0.00025,0.0
3583,1.369,8.27087908630123,6.041547908182053,0.005891235629079228,0.0,0.0
3584,3.04775,20.583437259356185,6.753650154821158,0.0009963634588294745,0.0005,1564.6133795272071
3585,22.01125,68.78834263491245,3.125144761651994,-0.031809455157176814,0.005,21761.563891654612
3586,2.355,17.38708004922504,7.383048853174115,0.02518454704721429,0.0005,248.623630636238
3587,2.21825,16.580043467911945,7.474380014836897,0.03315765917422597,0.00025,0.0
3588,5.39525,29.642675309212088,5.494217192755125,0.00030703727574477035,0.00075,12974.346948759401
3589,1.62625,11.485644994850615,7.062656414973476,0.009875618976163736,0.0,0.0
3590,1.69325,12.047258549028356,7.114872906557423,0.030608461192922265,0.0,0.0
3591,4.03675,25.343203604314365,6.278120667446427,0.0012075778430840067,0.0005,1590.1916634227034
3592,7.354,34.625509606053015,4.708391298076287,-0.019602830615736977,0.00175,41757.036893252116
3593,4.5945,26.74836328608951,5.821822458611277,-0.0012905865510288717,0.00075,8265.359142080806
3594,3.20425,21.69711324389214,6.771354683277566,-0.0012456364630044625,0.00025,1461.9081321665687
3595,1.415,8.053694214310873,5.691656688558921,-0.00566530007324173,0.0,0.0
3596,2.518,16.663901025850752,6.617911447915311,-0.030290773506248092,0.00025,1205.4284897974865
3597,4.8135,26.906201955607173,5.589737603740972,0.0012645981059566935,0.00125,19543.232305841837
3598,2.079,14.552910561171272,6.999956979880361,-0.023478145351378377,0.0,593.2184572830917
3599,2.598,17.246731819089955,6.638464903421847,-0.0153606407057163,0.0005,2375.0803544732407
3600,2.167,15.698430532390658,7.244314966493151,0.009428229886247363,0.00025,386.13326321034515
3601,1.6405,11.392857808831947,6.944747216599784,0.006352907357668247,0.0,0.0
3602,1.3855,8.767018016476602,6.327692541664815,0.031191462841470452,0.0,0.0
3603,4.15525,26.83972317522166,6.459231857342317,0.02612409738389787,0.00075,900.7237194021462
3604,3.419,23.269858413356204,6.806042238477977,0.029146148636604474,0.00025,506.5354168920527
3605,5.902,32.34707837455869,5.480697793046203,-0.0012512307480740947,0.0005,6308.103403136663
3606,3.45275,21.220705620319418,6.1460301557655255,-0.01088777142224906,0.00075,2450.499861814886
3607,1.41725,7.309993942566579,5.157871894561001,-0.04774341912208058,0.0,521.5337325597884
3608,1.544,10.865499471708256,7.037240590484622,0.0195975706508289,0.0,0.0
3609,1.57825,11.512341657547784,7.294371397147337,0.04471154552507994,0.0005,0.0
3610,2.08825,13.34700331766987,6.391477705097508,-0.061044237211207886,0.00025,3019.7036341056
3611,11.8955,49.06227019145247,4.124439510020804,0.006701523536538412,0.00275,24564.848328993092
3612,4.1625,26.899655975921057,6.462379814035089,0.027092790950185686,0.00075,1254.3198437353915
3613,9.57725,42.785051976194346,4.467362967051539,-0.017653314667662512,0.0025,20123.15879417917
3614,7.253,36.48273205825749,5.030019586137803,0.003088349069716223,0.00125,38753.91889880006
3615,8.37525,40.275761590321544,4.80890261070673,-0.0013833037400297066,0.00275,14433.416582994856
3616,4.3285,28.310394864154418,6.540463177579858,0.04929199198022305,0.0015,1274.9367757080763
3617,8.644,41.93179978200601,4.850971747108516,0.01611643828385012,0.00175,4897.096248601947
3618,1.65425,9.86133958659322,5.961214802232564,-0.05634385525440333,0.0,681.1231800584692
3619,2.4705,16.73220312467403,6.772800293330917,-0.028514322825228255,0.00075,1242.3900156532775
3620,1.4235,8.781852195408181,6.169197186798863,-0.02115328825062368,0.0,0.0
3621,1.46675,9.23616376629277,6.297026600506404,0.0007522131762027762,0.0,0.0
3622,1.50025,9.638839491566712,6.424822190679361,0.019285336741334147,0.0,0.0
3623,1.763,11.998638374028433,6.805807359063206,-0.006110538139462385,0.0005,568.1017061891382
3624,8.022,40.076390122631,4.995810287039515,-0.0035384695721656367,0.0025,10697.470136223328
3625,3.4315,21.982654913118598,6.406135775351478,0.004432550169618077,0.00075,9917.435765103153
3626,12.193,51.58084816067145,4.2303656327951655,0.02844236279165968,0.0025,1184.8752534949267
3627,2.55775,15.50568513498763,6.0622363933096,-0.06157649023469247,0.0,3973.5023439765623
3628,2.07025,15.004985915957553,7.247910115182974,0.021467563760902753,0.00025,315.4979918329852
3629,1.74225,11.850186566797886,6.801656804016579,-0.011517314664707845,0.00025,248.70779092797903
3630,1.926,11.66921448263166,6.058782182051744,-0.08772640602075632,0.00025,1331.0112104071045
3631,1.722,11.97775365607681,6.95572221607248,-0.0068671257065193725,0.00025,0.0
3632,5.81725,29.87791031546056,5.136088412129539,-0.03573607223745512,0.001,21769.84024689568
3633,12.59125,50.57900485745634,4.016996315493405,-0.01736364237574506,0.00375,20895.720981989707
3634,3.1505,20.706388830131537,6.572413531227277,0.0035828285333212584,0.0,1718.2007016709813
3635,6.8545,36.52152495715779,5.328109265031408,0.003549898688982367,0.00125,1694.716795866513
3636,1.448,9.089799343936493,6.277485734762771,-0.00618511526954213,0.0,0.0
3637,1.9855,13.998063301544558,7.050145203497637,-0.00870007522794869,0.00025,0.0
3638,1.9395,13.890611110359933,7.161954684382538,-0.012046675638440751,0.00075,0.0
3639,1.73325,11.57940478138979,6.680747025178013,-0.021556266670498703,0.0005,0.0
3640,1.6745,10.592289596670067,6.325643234798487,-0.02528992373272554,0.0,0.0
3641,1.68125,10.702910188781708,6.366043234963098,-0.020777888593055627,0.0,0.0
3642,1.64375,10.768766295141697,6.551340711873276,-0.018113817783439012,0.00025,0.0
3643,2.0055,13.608371199069818,6.785525404672061,-0.02096188123158438,0.0,0.0
3644,2.05675,14.669622656862161,7.132428665060003,0.011650914374701893,0.00025,0.0
3645,1.7805,11.118440748646831,6.244560937178788,-0.03919861649347123,0.0,0.0
3646,2.03625,14.139303940310471,6.943795673571748,-0.004339998130739264,0.00025,0.0
3647,1.92525,12.58068880746271,6.5345741111350275,-0.05506360846856628,0.00025,0.0
3648,1.73225,11.66675139914931,6.7350275070857615,-0.01829255869763924,0.0005,0.0
3649,1.8175,12.11087784144992,6.663481618404358,-0.03450538386990054,0.0,0.0
3650,1.79075,11.377821766249292,6.353662859834869,-0.029183376248525184,0.00025,0.0
3651,1.85075,13.247390225038425,7.157849642057774,0.004449321972414655,0.0005,0.0
3652,10.98275,45.632866906134865,4.15495817587898,-0.02476836193140941,0.003,35683.218529692254
3653,1.75425,12.221444180699985,6.966763107139794,0.0018800260417422,0.0005,0.0
3654,1.9235,12.655836214868396,6.579587322520611,-0.015390161651753997,0.0,0.0
3655,1.68825,10.580219619615645,6.266974452608112,-0.025785087054724043,0.00025,0.0
3656,7.35725,35.71503203576652,4.854399678652556,-0.006147960513095629,0.001,34369.93145927939
3657,1.72375,11.091446748970412,6.434486873949478,-0.04025430404504826,0.00025,0.0
3658,27.5235,76.1857566420967,2.768025746801704,0.012549484144215306,0.00775,41562.445565384354
3659,2.5965,17.781527871174582,6.848268003533442,-0.002098376160489135,0.0005,1248.8139045897087
3660,2.202,15.67179304592549,7.1170722279407315,0.00869068231122827,0.0,0.0
3661,1.973,13.729999971770075,6.958945753558071,-0.01709749201704991,0.0,0.0
3662,1.6625,10.325344882217454,6.210733763739822,-0.03637520307748776,0.0,0.0
3663,1.73675,12.693708362629845,7.308886346699206,0.018346013692749796,0.001,0.0
3664,1.72825,11.53113800643418,6.67214697320074,-0.023370332631051705,0.0005,0.0
3665,1.92775,13.794857899362931,7.155937180320545,-0.015050797183962628,0.00075,0.0
3666,2.12,15.067808723066827,7.107456944842843,-0.00837790717742326,0.00025,0.0
3667,1.074,0.39504811827667086,0.36782878796710505,-0.23140398811602625,0.0,0.0
3668,5.06475,26.419804294359142,5.216408370474188,-0.04968076348513106,0.00075,17488.89498760552
3669,2.5195,16.220123083633244,6.437834127260665,-0.04201330553282401,0.0,1002.8523021320957
3670,4.7925,28.77330219978009,6.003818925358391,0.03040190749482985,0.001,1960.284034811138
3671,88.6355,121.0487911637723,1.3656919762823283,0.0035996926977635013,0.02425,3619.849894996572
3672,4.02675,26.144366819959593,6.492671961249045,0.014724193462483992,0.0005,1834.6077102158197
3673,8.166,40.91310810246089,5.010177333144855,0.005435408243763318,0.00225,4451.470758200549
3674,9.834,43.37011281598675,4.410220949358019,-0.011754826729948098,0.003,22407.40361484251
3675,15.9625,57.92065084405172,3.628545080285151,-0.009998576977629847,0.0025,8071.005374635984
3676,2.23575,15.934150313840272,7.126982137466297,0.01590090410784062,0.00025,277.581113224488
3677,2.91725,19.961225289702696,6.842480174720266,-0.012334340235605534,0.00025,1197.0609664448018
3678,2.899,19.624922506747616,6.769548984735294,-0.019713586001867123,0.0005,1539.4971561408342
3679,3.48175,21.772865713034644,6.253425924616829,0.00026800184237041336,0.0,8685.880201455002
3680,3.868,24.73793781607206,6.395537180990708,0.02143062992107203,0.00075,2151.9003964709605
3681,2.35825,16.35462550416075,6.935068590760416,-0.001401502651847908,0.0,1340.513153060989
3682,1.87575,11.954937978635368,6.373417554916895,-0.040133680063602295,0.0,874.7693698009031
3683,1.44625,9.14748763705191,6.324969844115409,-0.0034375804022723777,0.0,0.0
3684,1.58525,10.713492762367105,6.7582354596228384,0.01347895618440842,0.0,0.0
3685,4.15825,26.059316547680854,6.266895099544485,0.013309086549226912,0.0005,2135.792298134915
3686,1.4845,9.58152968882289,6.454381737165975,0.01669543801271689,0.0,0.0
3687,1.44275,9.226836189291323,6.395311862270887,0.00031339872831881443,0.0,0.0
3688,12.51675,50.88842331360185,4.0656259263468435,-0.014714927471671135,0.00375,27896.978281084856
3689,1.26725,5.292525875707766,4.17638656595602,-0.11820183467101575,0.0,0.0
3690,1.12075,0.6669187601636084,0.5950646978930256,-0.00398105146457145,0.0,0.0
3691,89.5945,121.17949367434984,1.3525327299594265,0.004068369464075516,0.022,4601.980619275998
3692,2.778,19.19095592192581,6.9081914765751655,0.008393667383516101,0.00075,1111.856122385896
3693,3.706,23.188024605845158,6.2568873734066806,-0.006669111028027919,0.001,3193.383783128204
3694,1.74375,11.968182622533863,6.8634739053957645,-0.007214295032186957,0.0,0.0
3695,2.2915,16.42411232354443,7.167406643484369,0.00043979993808251905,0.0,361.64806464398964
3696,4.86475,29.173656489986804,5.996948762009724,0.03640306543591021,0.00175,3846.0543717885953
3697,10.99725,45.7404174542026,4.159259583459738,-0.023745992396394744,0.00275,43870.149423496514
3698,17.81425,61.124719261225984,3.431226083681658,0.013384867187886451,0.00425,25309.77187022174
3699,2.36475,17.243463738411855,7.291875986219201,0.0215824015395234,0.0005,0.0
3700,2.9315,20.271754826875256,6.915147476334727,-0.005630191442879129,0.00125,2497.085619481233
3701,4.685,26.128211685101324,5.576992889029098,-0.011478113574806104,0.001,10601.221660332658
3702,1.36875,7.849947697737502,5.73512160565297,-0.016793673043521196,0.0,0.0
3703,7.20575,35.70180768120049,4.954627579530304,-0.006308798329587084,0.00175,27984.54035882487
3704,1.98425,13.720443308386383,6.914674717594246,-0.017399884681406297,0.0,397.5955795813655
3705,1.612,10.50181070135059,6.514770906545031,-0.0290155840258417,0.00025,346.84308217068155
3706,1.60775,8.706597564363873,5.415392669484604,-0.11043129874456037,0.0,1055.923480075421
3707,1.58275,8.137795055455204,5.141554291868712,-0.10594537611101984,0.0,1961.5059965870757
3708,2.18525,12.897752534554643,5.902186264525635,-0.07591396563296038,0.0,8503.412968795046
3709,1.179,2.8586713697975368,2.42465765037959,-0.25289100419720384,0.0,0.0
3710,1.47275,7.996858437769073,5.429881811420182,-0.06182000350238526,0.0,638.5430041212537
3711,2.33125,16.170896632901282,6.936577644139961,-0.006308005509492176,0.0005,1010.1859849122402
3712,4.40675,26.756583921219907,6.07172721874849,-0.0011571343493426145,0.00075,3661.2422852002605
3713,19.65225,64.12060653942106,3.2627615941900325,0.034165611562151366,0.00375,30045.2090995077
3714,14.06425,53.34108116332494,3.7926715724851974,0.005727891381621664,0.00275,33641.67415868205
3715,2.82125,17.6094668223641,6.24172505887961,-0.028956733918376054,0.0,5543.2506641813725
3716,1.5795,10.75721195999633,6.810517226968237,0.015247601673282318,0.0,0.0
3717,12.93725,51.92990459441743,4.013983234027125,-0.005916398008621204,0.004,23647.94169590801
3718,1.68025,11.488973368615936,6.837657115676795,0.010001453002847827,0.0,697.8340734039396
3719,2.71425,19.501953196593426,7.185024664858958,0.015375169264422839,0.001,1447.8635592423163
3720,2.40925,16.49482598448873,6.846456774717747,0.0023056316786416176,0.00025,1639.1269349189492
3721,1.5145,9.079642048282038,5.995141662781141,-0.0583833969417239,0.0,0.0
3722,2.06375,13.67118909569766,6.624440506697836,-0.018961737989035,0.0,941.7119342234656
3723,1.66825,12.2551515340399,7.34611211391572,0.038038915896178915,0.0005,0.0
3724,16.87625,59.81208328811425,3.544157220242308,0.003956919109817658,0.00675,22970.574717721604
3725,2.24575,15.174713338930975,6.75708041363953,-0.03392161085437517,0.0005,3352.5325204434153
3726,9.4275,43.50440669748899,4.614628130203021,-0.010412128353645578,0.00175,11942.308011451107
3727,2.098,15.492575672729304,7.384449796343806,0.0036956204854070585,0.0005,0.0
3728,2.11725,14.265268203112294,6.737639958962,-0.032148064336324556,0.00025,453.08665296588066
3729,2.096,14.047904466680297,6.702244497461973,-0.03881646049609344,0.0005,681.6756489372947
3730,9.62375,43.02081918860234,4.470276055446405,-0.015266702757478212,0.00175,21063.618334006376
3731,6.13075,30.309937768319156,4.943920037241635,-0.029501246860554442,0.00125,32754.781626340664
3732,82.727,118.95032268058988,1.4378657836086148,0.010556848832381949,0.022,9542.998644291036
3733,2.168,13.011306603292429,6.001525186020492,-0.07210709476516386,0.0,1902.7224534928803
3734,1.66475,11.848605605774898,7.117348314026069,0.02338747399015828,0.00025,0.0
3735,2.51625,17.01596667009928,6.762430867401602,-0.021210824765599323,0.0005,2199.05238923616
3736,4.54375,25.54192990913903,5.6213325797279845,-0.02133409074764936,0.00075,16182.131388784645
3737,1.48675,10.273933660760926,6.910330358675585,0.04699734553221091,0.00025,0.0
3738,4.1435,24.54247320458453,5.92312615049705,-0.012735609319747043,0.0005,6356.906304496047
3739,1.70125,10.94058602375283,6.430910227040606,-0.011239184486643294,0.0,325.5581087880997
3740,6.068,32.19116250985562,5.30506962917858,-0.0033496310294827136,0.00125,14575.481734965255
3741,5.5925,32.581311041873406,5.825893793808387,0.04135819620934211,0.001,1853.2593603813248
3742,1.7,10.539842127281462,6.199907133694977,-0.02744566396860071,0.00025,865.2025551232471
3743,1.5905,10.453330941950776,6.572355197705612,0.002802575570001853,0.0,0.0
3744,1.74725,12.963347543454319,7.419286045760091,0.027474661987687776,0.0005,0.0
3745,4.994,28.383972175668386,5.683614772861111,-0.018537187303470537,0.00125,14609.076892603058
3746,1.9015,12.798916001470717,6.730957665774766,-0.010507818606102726,0.00025,591.3497188113541
3747,2.29625,16.192746437735607,7.051822074136355,-0.005721591236460322,0.0,412.9429997551989
3748,1.7625,12.168652874422648,6.904200212438382,0.0,0.0,256.9628840762736
3749,1.60425,10.592199044941138,6.602586283273267,-0.025293636460171243,0.0,0.0
3750,2.63225,18.378328288371844,6.981984343573689,-0.010396935586551859,0.00025,578.7227442536134
3751,1.75575,12.555954959250798,7.151334164460088,0.013607246624768754,0.0,0.0
3752,1.782,12.903414297197909,7.24097323075079,0.025462139131493977,0.0,0.0
3753,2.46525,18.622123625128722,7.5538479363669895,0.017961754446226497,0.0005,253.73069193124635
3754,4.1565,25.62368340106003,6.1647259475664695,0.005987624844974615,0.00025,1994.391075471356
3755,76.82375,116.49093192280058,1.516340089136505,0.0014833439501815704,0.02075,4215.449221969773
3756,1.55975,9.635306934521111,6.177468783151858,-0.03258657062575443,0.00025,273.7760862233125
3757,2.31575,15.319569975804178,6.615381615374794,-0.02979553183723338,0.0,2096.0127964817284
3758,1.80575,12.099198923529931,6.700373209763218,-0.0349243903893699,0.00025,418.0689475808376
3759,1.30525,7.294578476943619,5.588644686415337,0.021135376221855795,0.0,0.0
3760,1.2615,6.684181873784588,5.298598393804667,-0.01681656632562989,0.0,0.0
3761,1.46525,8.149871013512069,5.562102722069318,-0.05358867631005926,0.0,535.4371794660389
3762,8.93275,44.003298740122915,4.926064060913259,0.03705816976123799,0.0025,42.50191077078478
3763,3.44875,22.312010888644117,6.4695935885883635,0.01089112103002865,0.0005,17976.891961099765
3764,1.87525,12.985100717655675,6.9244637875780155,-0.0042356848916877965,0.00025,364.24844103612065
3765,7.65275,35.154432522357574,4.593699326694009,-0.013018912764793944,0.0015,37951.67416763444
3766,2.5435,17.507819358351604,6.883357325870495,-0.008835393976214245,0.001,2955.1326790900066
3767,4.69925,28.541276260008726,6.073581158697393,0.02688558970987387,0.0015,1388.9630067699507
3768,1.0635,0.2558986538265834,0.24061932658823076,-0.41998598433319595,0.0,0.0
3769,10.5275,46.35412516680684,4.403146536861253,0.017143010543447135,0.003,23747.9621791169
3770,11.6145,48.91784570744264,4.211790925777488,0.005421206580218163,0.0025,12004.110371366134
3771,1.2525,6.079307793310967,4.853738757134505,0.0747988957898843,0.0,0.0
3772,1.2695,6.0903319109631795,4.797425688037164,-0.057223863215999704,0.00025,0.0
3773,1.54175,6.940878970830852,4.501948416300212,-0.17503765276125904,0.0,1447.825616264242
3774,4.02225,22.825194463861163,5.67473291413044,-0.04423944854313344,0.001,22023.196135993345
3775,2.29025,15.62808574981437,6.823746643298492,-0.02113632105755192,0.0005,1479.8766890439756
3776,3.085,20.59607546551394,6.676199502597712,0.0012629379277635522,0.0,1324.72595941928
3777,7.8725,38.96472515239329,4.949472867881015,0.031672612650858634,0.003,13699.38079536413
3778,2.455,17.873383548166387,7.280400630617673,0.00013932407866246166,0.00075,535.0038646870595
3779,19.8075,63.47159683394741,3.20442240736829,-0.06674487643755311,0.00425,53661.20176024869
3780,3.0335,22.379311565518197,7.377389670518608,0.03732518607339941,0.00125,854.5458435379654
3781,2.4055,17.850244467706574,7.42059632829207,0.036602061812124775,0.001,0.0
3782,2.71575,20.254518343219836,7.458167483464913,0.03181897946589185,0.001,0.0
3783,1.12425,0.7542905117022294,0.6709277400064304,0.049484659126648,0.0,0.0
3784,4.203,25.187147299709714,5.992659362291152,-0.001474952803247831,0.001,9279.112118392932
3785,1.32175,6.387912671176214,4.832920500227891,-0.03650585438878262,0.0,0.0
3786,1.6375,7.790909338265928,4.757807229475376,-0.15869161919060992,0.0,1830.28223717386
3787,1.4845,6.760783001746113,4.554249243345311,-0.1347424148299664,0.0,1396.2996323000707
3788,11.51075,48.82504332462403,4.241690882403321,0.004596521014333055,0.0035,18146.309765960174
3789,21.58,67.77716825107134,3.1407399560274025,-0.03824088103945189,0.006,25763.45053507792
3790,1.4745,10.218804026838695,6.9303520019251925,0.04466065885560899,0.00025,0.0
3791,1.498,10.34733119290689,6.907430702875093,0.050088938412994666,0.0,0.0
3792,3.0165,19.496262560128116,6.463206550680628,-0.022570171568765396,0.00075,4537.775374450688
3793,2.3605,15.526487294360093,6.577626475051935,-0.023968894299879473,0.00075,1058.190415473677
3794,9.24925,42.03097399693805,4.544257534063632,0.01714238900900633,0.0025,19362.275946878726
3795,9.0915,40.89962496870412,4.498666333245792,0.005292260583918074,0.00225,42256.951824948635
3796,5.63875,30.059243802397837,5.3308346357610885,0.006367691158682964,0.00275,29820.335964446887
3797,1.2295,5.059765810540484,4.115303627930446,-0.004924820195436719,0.00025,0.0
3798,1.56,10.789068588170622,6.91606960780168,0.01653182962887345,0.0,0.0
3799,8.485,38.467671042433246,4.533608844128845,-0.02133117164897569,0.0015,29630.62552033854
3800,2.54225,18.01725201799847,7.087128338282414,0.0036211023331167436,0.0005,860.5266983015573
3801,1.61725,11.278898697410872,6.974121933783195,0.0019869262695120238,0.0,0.0
3802,5.9245,33.382441441559514,5.634642829193942,0.01243180430356472,0.00175,7074.904109574927
3803,6.829,34.90538433342148,5.111346366001095,-0.016106580264700465,0.001,36339.18396794496
3804,3.29775,21.00266347170583,6.368785830249664,-0.015373218498422103,0.0005,3375.9874027385426
3805,2.15775,13.901768942563862,6.4427153018486205,-0.043357939685899405,0.00025,1649.8809284736985
3806,3.169,19.57656122605192,6.177520109199091,-0.04591118517952353,0.0,6141.751454768431
3807,1.327,7.824632721048627,5.896482834249154,0.05159913675216987,0.00025,0.0
3808,12.35025,50.34177836151252,4.07617484354669,-0.019405369453525223,0.0025,25699.546376627943
3809,1.5175,10.26357778785019,6.7634779491599275,-0.005153346180561735,0.0,0.0
3810,1.4705,9.440413661621276,6.419866481891382,0.01025161309640199,0.00025,0.0
3811,10.40625,43.39004361496687,4.1696138008376575,-0.011555291908312615,0.00275,56544.33727627437
3812,1.44575,9.365681285095254,6.478078011478647,0.00679996301387531,0.0,0.0
3813,10.67175,45.73353683059357,4.285476780340017,0.011289410521080567,0.0025,24152.097405540375
3814,1.25225,6.51388728943055,5.201746687506927,0.10478500330969565,0.0,0.0
3815,6.956,38.48292865608707,5.532335919506479,0.02626911109247776,0.002,116.2491914522043
3816,11.106,47.37884499160131,4.266058436124736,-0.008461647092940838,0.00225,34321.47613414558
3817,5.77025,29.631688682575035,5.135252143767607,-0.039329889318654665,0.00125,20623.11557007008
3818,87.0485,120.25160398021704,1.381432235825052,0.0007301138539328456,0.01875,8370.865781910297
3819,4.08425,27.01527546064548,6.614500939130925,0.028955465346740983,0.0005,223.497070401397
3820,9.6055,41.69042327199556,4.340265813543862,-0.02890907415619992,0.0025,49876.21566731139
3821,4.9235,25.44026237064728,5.1671092455869365,-0.02306621357370342,0.00075,33379.484606391015
3822,2.07325,14.070016907646036,6.786454555719781,-0.0064734090431770586,0.0005,497.39900813825824
3823,1.6925,11.700007106475315,6.912855011211413,0.017906355788483763,0.0,0.0
3824,3.86675,26.10357913483153,6.750780147367047,0.044767195177334074,0.00125,323.97724269359077
3825,4.064,27.549975576914257,6.779029423453311,0.03746728336048921,0.00175,0.0
3826,1.4515,8.68829784134067,5.98573740361052,-0.02580471116744798,0.0,0.0
3827,2.0335,12.924013899861798,6.355551462926874,-0.043370611928438496,0.00025,1680.4089152039858
3828,1.59025,11.21359849179931,7.051468946265877,0.03329287755113186,0.0005,0.0
3829,7.61475,37.279985002115275,4.895759545896487,0.012476724435122932,0.00125,24521.222154393192
3830,1.57475,10.71522825079413,6.804399587740359,0.013549302244581396,0.0,0.0
3831,9.17475,42.4046312402921,4.621884110225576,0.020986225689046734,0.00275,36960.67864510436
3832,1.74775,13.257981122831758,7.585742310302823,0.03723489381466183,0.00025,0.0
3833,1.87675,14.32001484439824,7.630219711947911,0.038262460737466863,0.0,0.0
3834,2.30525,17.834253210728956,7.736364043261666,0.03621282191352515,0.0015,379.59718205582976
3835,2.75375,18.84256807153374,6.842512236598726,0.0004371523382107334,0.0,3825.584305931454
3836,5.583,30.205681697351253,5.410295844053601,0.00847828183347854,0.00175,26960.69314716689
3837,1.956,14.65516146070591,7.492413834716723,0.011222579204266836,0.00025,306.65027381384823
3838,3.2385,20.651216330618,6.3767844158153455,-0.02270195602772551,0.00025,3145.185961854493
3839,3.671,23.60272296013287,6.429507752692147,0.0010292452558975373,0.001,2175.1163701684395
3840,2.03575,14.972675685788364,7.354869549693412,0.02053138933265508,0.00025,0.0
3841,79.627,117.60967596235436,1.477007496984118,0.005634277740481863,0.0205,11496.93342015156
3842,7.003,34.43124843390346,4.916642643710333,-0.022046234564852663,0.001,17035.387882722473
3843,2.09475,16.271861165949982,7.767925129943899,0.025009224494738858,0.00025,0.0
3844,9.87325,43.66690834211347,4.422749180068718,-0.00879293402856307,0.003,27106.592094454572
3845,1.77775,12.605378964244114,7.090636458581979,0.015313404200823166,0.00025,0.0
3846,2.96825,20.17638504702692,6.797400841245488,-0.007678179113578265,0.0005,654.3413130228964
3847,90.4055,120.7636888178074,1.3358002424388715,0.0025756063229596116,0.02275,70269.12200725255
3848,48.83375,99.4597213447735,2.036700465247365,0.12832293716407173,0.01275,5198.6332244349605
3849,2.72925,20.069395596215635,7.35344713610539,0.02783135304373019,0.00125,1727.0925614211926
3850,4.2795,26.74605985335822,6.24980952292516,0.024605877327419146,0.0015,2707.210845727394
3851,2.32975,17.87576293931718,7.672824525943633,0.037222480050614015,0.0005,0.0
3852,3.04875,21.844396715278354,7.165033772949029,0.026818518624279086,0.00025,413.904126126955
3853,3.77825,24.067434164952466,6.369995147211664,0.009496928925658121,0.0005,1370.2507847603326
3854,84.115,118.76006805084299,1.4118774065368007,-0.004690326303018466,0.02025,27766.28979999693
3855,2.52125,18.78661179226202,7.451308593857022,0.0217810101851581,0.00025,0.0
3856,5.495,29.467992222773006,5.362691942269882,-0.002259813160365276,0.00125,14586.949570253031
3857,17.23125,60.579846094850055,3.515696545221621,0.009496155374415949,0.00425,25917.206465724423
3858,4.21575,25.269850479837,5.994152992904466,-5.12625913426934e-05,0.0005,4706.713006877944
3859,4.8795,28.76213300198207,5.89448365651851,0.030233290675824698,0.001,3098.6012255485566
3860,1.44925,8.103816532850404,5.591731262963881,-0.05604981139571097,0.0,280.4343648149628
3861,6.832,33.01725777268165,4.8327367934253,-0.04025800415552494,0.00175,30559.932621398704
3862,1.395,8.589087151992706,6.15705172185857,0.022286573273608612,0.0,0.0
3863,8.439,40.34399817255519,4.780660999236306,-0.0006481296762048672,0.00125,32901.42942820887
3864,3.689,19.98422180822461,5.417246356254977,-0.07124562221221731,0.00025,23183.440480066904
3865,10.11675,44.64628699201137,4.413105690267266,0.0008399680468367254,0.00275,26789.653452998697
3866,2.47125,15.826158417634552,6.404110639407001,-0.05269194234962038,0.0005,2321.1614392556603
3867,1.233,5.967630530917476,4.8399274378892745,0.06674669083902118,0.0,0.0
3868,1.18025,4.294749254064644,3.638847069743397,-0.07611742340744876,0.0,0.0
3869,2.7925,20.543793603273553,7.3567747907873065,0.03797770263628797,0.00025,646.2857583035476
3870,1.2725,6.417829920247289,5.043481273278813,-0.03447662106146354,0.0,0.0
3871,1.17325,4.5783703220907706,3.902297312670591,-0.04834431860886268,0.0,0.0
3872,6.39925,35.063752168251035,5.479353388014382,0.03377209650367208,0.001,304.69463115467687
3873,1.21975,5.3676962449680925,4.400652793579089,0.020732695031184467,0.0,0.0
3874,1.22075,5.445772079869526,4.461005185230003,0.02700422466347463,0.0,0.0
3875,2.22475,15.979911665328688,7.182789825970868,0.017146368635008402,0.001,1714.0971599760865
3876,1.19475,4.761406324296033,3.9852741781092553,-0.031319991875735975,0.0,0.0
3877,1.82875,11.89742874070528,6.505771013372675,-0.04222789514774328,0.0,347.45038183673717
3878,1.427,8.41343375007296,5.895889103064443,-0.03976613229439496,0.0,0.0
3879,9.76375,43.95506168576549,4.501862674255844,-0.0059364847113494434,0.00225,23468.602679486536
3880,1.68725,11.319583502946124,6.708895245485923,0.0035506778059597455,0.0,241.64252071438784
3881,87.85875,120.2841754727312,1.3690631322746023,0.0008477314456682983,0.021,16491.837796070988
3882,1.80575,13.111063722501079,7.260730290738518,-4.307927619651153e-05,0.0,0.0
3883,4.25975,26.322623350694276,6.179382205691478,0.017675234689807473,0.001,2909.8321910787913
3884,8.759,39.68893702192693,4.531217835589329,-0.007757597684034501,0.00125,27690.401789746815
3885,4.16125,23.476169429237544,5.6416147622078805,-0.03202669963692406,0.00025,18473.65323077014
3886,1.0725,0.35252633760426494,0.3286958858781025,-0.28086241646305893,0.0,0.0
3887,1.96225,14.824566330224295,7.554881554452437,0.01621396924742191,0.00025,0.0
3888,77.5015,116.58393521938522,1.504279726448975,0.0018299349073660487,0.021,14949.293579187153
3889,2.1385,14.071418512528814,6.58004139000646,-0.038090125601963676,0.00025,1381.134090278384
3890,1.737,12.30921241093614,7.086478071926391,0.004987763544636481,0.00025,0.0
3891,59.72225,106.83769315230944,1.7889093788715167,-0.03608427353722332,0.0165,19843.31159889706
3892,4.6205,27.359616534305196,5.921354081658954,0.00852220658417524,0.00075,4588.397488386869
3893,2.94575,20.669908519803716,7.016857683036142,0.002817018028591356,0.0005,783.3158921508069
3894,1.63375,10.617664274036878,6.498952883878732,-0.02425078072607545,0.0,480.59157010110783
3895,4.45075,25.78856989097603,5.794207693304731,-0.01716054060145078,0.001,7582.2680215209375
3896,1.263,6.293388013079345,4.982888371400907,-0.042980316076570935,0.00025,0.0
3897,1.1785,4.369314646213914,3.7075219738768888,-0.06864191577408563,0.0,0.0
3898,13.69675,53.6797090829422,3.919156667307369,0.008476230790477546,0.00425,29995.00702024024
3899,1.1925,4.969669823493171,4.167438007122157,-0.01272770043824678,0.0,0.0
3900,1.42775,8.745936358572308,6.125677715687136,-0.02293309881068717,0.0,0.0
3901,8.7665,39.54522011392103,4.510947369408662,-0.009333067930898942,0.0025,43395.36614233022
3902,6.54,33.51531320239696,5.124665627277823,0.014156990708449113,0.00125,19059.372509338653
3903,1.84925,12.588293797122814,6.807242826617717,-0.017714137110879546,0.00025,574.0597238637679
3904,4.1275,26.4449915512283,6.4070239978748145,0.019689497779641796,0.00075,2646.354561273229
3905,1.95025,14.296183761935866,7.330436488622416,0.00045209355710951193,0.0,754.1722850216865
3906,1.90325,12.380375917736348,6.504860589904819,-0.024947175630452456,0.0005,1331.2554066203813
3907,1.9645,14.464544428061945,7.362964839939906,0.005536731400219708,0.00025,0.0
3908,88.486,120.42213947991138,1.360917427388642,0.0013455747498012371,0.0215,7079.3237180584865
3909,1.8945,14.107591069401092,7.446603889892368,0.03177185504039759,0.00025,0.0
3910,8.55875,40.08972243479275,4.684062793608033,-0.0033940157756293665,0.0015,30227.366219508258
3911,6.2085,32.16227029700584,5.18036084352192,-0.003739594047970307,0.002,21131.225794053513
3912,4.96475,31.277133375767534,6.299840551038327,0.06663914254037295,0.0005,0.0
3913,5.9025,35.424034345375254,6.001530596421051,0.03821172872362788,0.0015,0.0
3914,2.35125,15.59174939189875,6.631259709473153,-0.02214726085202967,0.00025,2139.189231027373
3915,2.24425,15.594963695394267,6.948853156018387,-0.02205773847932546,0.0005,1305.2277597231855
3916,2.21825,15.68995413003654,7.073122565101563,0.00919366828660717,0.00075,1138.0958846828507
3917,30.4625,80.5920396997479,2.645614762404527,0.03696784647205642,0.00975,26813.168616065763
3918,8.339,39.82182220065834,4.775371411519167,-0.00630593619451747,0.0015,19652.013955343282
3919,8.6215,39.066018176850946,4.531232172690477,-0.014627917353728037,0.00225,30905.801306537145
3920,2.6255,14.671590358270992,5.588112876888589,-0.0855902583200916,0.00025,4893.7061728295375
3921,1.421,8.82854715178,6.212911436861366,-0.018850170756040008,0.0,0.0
3922,1.4865,9.693415720326955,6.520965839439594,0.02173742706401327,0.0,0.0
3923,2.99625,21.0105591747747,7.012285081276495,0.009916074351172366,0.00025,1154.1774766307685
3924,4.83925,25.33129147950228,5.2345490477868015,-0.024930467306097714,0.00075,31399.261998021724
3925,2.24375,15.66868574149461,6.983258269189799,-0.020009536318877474,0.0,245.95318431473274
3926,2.3605,17.02586296645307,7.212820574646503,0.016067027079416096,0.001,458.3597153853923
3927,6.687,32.944952169769,4.92671634062644,0.006702589819951088,0.00125,21999.12833545117
3928,5.33075,28.017112522278623,5.255754353942432,-0.024186985385632687,0.00025,31318.72399212656
3929,3.54325,21.429685888897772,6.048031013588591,-0.04091705827018499,0.00025,8072.4089537244645
3930,3.76675,25.97522901858888,6.89592593577723,0.04262652176064008,0.00125,234.5645941025595
3931,16.73075,58.77642317645618,3.513077607187734,-0.0036288566180404658,0.004,18363.115544369146
3932,15.3985,56.438196420986145,3.665174946974455,-0.021258883602260026,0.0035,26782.07258400021
3933,3.5195,23.33866519476357,6.631244550295091,-0.00385684970429212,0.00025,1342.9766684803315
3934,2.299,17.66881846039646,7.685436476901461,0.03216540202453988,0.00025,0.0
3935,81.2975,117.91802304478182,1.4504507893204812,0.006771413741727628,0.02025,11447.601545593438
3936,1.46575,9.743719102734245,6.647599592518672,0.023985343783614166,0.0,0.0
3937,1.744,12.434613741677955,7.129939072063047,0.009389796755180146,0.00025,0.0
3938,1.41375,9.167609950556983,6.484604739562853,0.05059569111762241,0.0,0.0
3939,1.3855,8.230451070944278,5.940419394402222,0.003763201228679458,0.0,0.0
3940,1.47425,8.367038829370465,5.675454522211609,-0.0421676271623701,0.00025,597.6430005012015
3941,4.6595,26.128657379094484,5.607609696125009,-0.011470705460033148,0.001,21572.249135839276
3942,2.705,19.874386098838404,7.347277670550241,0.023590782025336265,0.00075,295.51090097309725
3943,69.39175,112.82110588192533,1.6258576254659283,-0.012418423266817413,0.018,5905.027592450518
3944,78.58125,117.32145575056745,1.4929955396556742,0.004568667495991718,0.022,21515.180390226345
3945,2.46425,18.66685122807788,7.575063905073707,0.019003615239774563,0.00025,0.0
3946,87.739,120.52532500471374,1.3736801764860977,0.0017175471784742768,0.02,7948.497862208748
3947,2.117,13.161216334512968,6.216918438598474,-0.06713197783120606,0.00025,3554.8746149751064
3948,1.585,10.823796175136996,6.828893485890849,0.017927481018370273,0.00025,0.0
3949,3.61675,22.99592512991476,6.358173810718119,-0.010281977575046897,0.001,2312.1541455041665
3950,1.6875,10.828418971131178,6.416840871781439,-0.015714718680973627,0.0,778.916717183179
3951,3.64925,23.265060502770012,6.375299171821611,-0.005228677285695094,0.001,3082.2945223673164
3952,2.07025,15.43348188284993,7.454888000410544,0.03369588810534618,0.0005,442.48242808497827
3953,1.37975,7.302730476034385,5.292792517509972,-0.048175163895177286,0.0,0.0
3954,5.62875,30.311080710541486,5.3850465397364395,0.009991061244944754,0.00175,18619.910997723535
3955,1.6,10.846838870305467,6.779274293940916,0.01885106439379136,0.0,0.0
3956,1.5675,10.168150843338884,6.486858592241712,-0.009210144068249715,0.0,0.0
3957,2.4945,16.489934785720326,6.610517051802095,-0.0348485128868421,0.00025,1324.6643563610478
3958,1.93525,12.913161691612105,6.672606480615996,-0.04373543930051538,0.0005,1379.040072294546
3959,1.82425,13.934055454635354,7.638237881121203,0.02639652717099672,0.0005,0.0
3960,12.629,50.285246449655844,3.9817282801216125,-0.019893339757721673,0.0025,33676.849408095404
3961,6.88125,33.19025529728831,4.823288689887493,-0.03798841154207366,0.0015,32219.662665153854
3962,2.438,17.57817977212161,7.210081940985074,-0.007093549299473034,0.00025,672.592930450072
3963,1.9355,14.787883896201372,7.640343010178957,0.015138003786554055,0.00025,0.0
3964,5.42375,28.6327547504366,5.279143535457313,-0.01474722632452985,0.0015,30859.928719791653
3965,10.11075,44.22640589265699,4.3741963645285455,-0.003263731196915254,0.00225,24472.97366004513
3966,2.67375,18.22647420726255,6.816820647877532,-0.01400027522036873,0.001,2421.93941519603
3967,1.8805,13.935916625505776,7.410750664985788,0.026454531982611273,0.0005,0.0
3968,1.68375,11.249661090724647,6.6813131941942965,0.0008596692680711282,0.0,0.0
3969,1.467,9.397499095361056,6.405929853688518,0.008272880972322705,0.0,0.0
3970,1.6315,12.101211409581884,7.417230407344091,0.03254907843693289,0.00075,0.0
3971,1.47625,9.21334126969353,6.241044043822882,-0.00032225352333170587,0.0,0.0
3972,2.0015,13.466990670132185,6.728448998317354,-0.0254974691166181,0.00025,567.3986750183848
3973,1.77525,11.65444953594963,6.564962419912479,-0.018750736800486667,0.0,637.4404936814084
3974,72.87125,114.54368702594167,1.5718638972975167,-0.005837617239407233,0.02075,9860.413269004039
3975,3.12525,21.196883955191442,6.782460268839754,0.013750485707671123,0.00075,3625.9822855731513
3976,1.4625,9.261859384584447,6.332895305698767,0.0019587715548929907,0.0,0.0
3977,74.63175,115.37997779838878,1.5459905174190447,-0.0026783246134773897,0.0185,4473.622499163917
3978,3.02125,21.129917576547665,6.9937666782118875,0.012376266445556006,0.00025,252.0015815369056
3979,23.94575,68.67209237386939,2.867819649577457,-0.032544020836730914,0.0055,116771.08471737106
3980,9.30425,41.59778570887482,4.470837059287403,0.012643148163544282,0.0025,26969.79510548247
3981,3.553,24.578409540771517,6.9176497440955576,0.018620912858089866,0.001,355.985012055225
3982,2.2965,17.455880518930368,7.601080130167807,0.026899654069797885,0.0005,0.0
3983,4.3485,23.566393263986498,5.41943043899885,-0.056294678850096425,0.00025,14476.149497846323
3984,5.2045,27.88120370661985,5.357133962267239,-0.026298840231099962,0.00175,19287.899185855782
3985,1.19575,5.663386833433355,4.736263293692958,0.044020990466949295,0.0,0.0
3986,7.2285,34.887699489130995,4.826409281196789,-0.016326671713090324,0.0015,29521.435417436292
3987,8.0265,39.71904704829418,4.948489011187214,-0.007428244934910344,0.00225,13988.152925375529
3988,1.4985,8.97224180630224,5.987482019554381,-0.011838442089473267,0.0,0.0
3989,4.99975,26.101351882230542,5.22053140301626,-0.054947358140677194,0.00125,29306.865964693727
3990,3.365,21.43104284441963,6.368809166246546,-0.006604287645559426,0.00075,8239.922430988667
3991,2.89375,19.433550284409282,6.715697722474051,-0.023969388100324007,0.00025,2737.4761708293245
3992,5.81775,33.30946434635748,5.725489123176052,0.011481357258252833,0.00225,769.6622739158031
3993,10.98575,47.07296477746792,4.284911342190376,-0.011274564153058053,0.0025,11499.707147642474
3994,1.3135,4.884586220514118,3.7187561633148976,-0.15303704470112423,0.0,463.894234498494
3995,3.84275,20.568623908999783,5.352579248975286,-0.05872762626743855,0.001,16479.59918293812
3996,8.83575,41.2668512269842,4.670441244601103,0.00917426713589986,0.0025,25983.992788397176
3997,2.6485,19.59538064150889,7.398671188034317,0.017450763533048974,0.00125,439.5957999510634
3998,2.7,17.874167713990687,6.620062116292846,-0.022477111941471506,0.0005,8151.203906045417
3999,2.79125,19.96931062353417,7.15425369405613,0.025660131943211262,0.00075,144.89732407124194
4000,78.16775,116.46050133856761,1.4898791552599073,0.0013698796567567229,0.01925,27308.469118774166
4001,88.25425,120.83682175276843,1.3691898322490808,0.002838529865579975,0.0235,14645.204342817631
4002,7.8195,37.25116551308188,4.763880748523803,0.012140860958019362,0.002,41403.06220867847
4003,12.09825,49.529076099623744,4.093904167927076,0.010814110545892763,0.00325,20933.697215647506
4004,3.06875,20.585212196569515,6.708012121081715,0.0010338116359323024,0.00075,2426.9803649453474
4005,2.3495,15.38037674269349,6.546233982844644,-0.02807513289984298,0.0,1554.5589985979905
4006,13.43475,52.17241352113831,3.883392956410675,-0.0038929948585735286,0.0035,20347.206005811953
4007,3.80225,23.986798172310113,6.308579965102272,0.008039417367856405,0.00075,5672.774711007592
4008,4.891,27.090867423809883,5.53892198401347,0.004235111410763048,0.0015,21634.83021873371
4009,1.3895,8.114816837925442,5.840098479975129,-0.002381714525564682,0.0,0.0
4010,7.29325,34.05689684180171,4.669646157995642,-0.02679393065757596,0.00175,39651.25634605753
4011,1.67075,10.695299986346784,6.401496325809837,-0.0210867993884869,0.0,542.8051535217605
4012,2.611,18.266406170853635,6.995942616182932,0.009585659378722022,0.00025,949.3586051456671
4013,1.88225,14.32512433573645,7.610638510153514,0.03841739270711786,0.0,0.0
4014,84.3775,118.78115058452475,1.4077348888569199,-0.0046132362879114375,0.021,12626.002276611596
4015,4.00925,25.410570412914335,6.33798601057912,0.002360479316385833,0.001,2180.3305273564483
4016,2.96525,20.154406279040206,6.796865788395651,-0.0081515275546451,0.0005,1110.053942325257
4017,2.43175,18.60908155757839,7.65254716051337,0.01765748827092528,0.001,511.96954020891684
4018,1.95075,14.039394594769634,7.196921489052741,-0.0074196477622097134,0.0005,349.9422620788283
4019,3.83325,21.628774708969363,5.642411715638,-0.03690094664318355,0.00125,16950.84267199789
4020,1.51775,6.779172090385209,4.466593372021221,-0.18527546568490105,0.0,113.85331728312737
4021,1.12475,0.7408269998190639,0.658659257451935,0.04166281645813272,0.0,0.0
4022,1.71775,11.411929853151188,6.643533606841035,-0.027883409031927986,0.0,499.0095076389292
4023,1.30425,6.786360999195579,5.203267011075775,-0.010227866541634878,0.0,0.0
4024,2.23525,14.38951604399867,6.437542129067741,-0.028381817876814486,0.00025,13700.59320527454
4025,1.32125,7.2101348772916305,5.457055725480894,0.016078564301159948,0.00025,0.0
4026,1.7205,10.678969512432454,6.206898873834615,-0.05671315586534709,0.0,428.61866397596816
4027,1.39525,9.206531241019768,6.5984814485001015,0.052435595011069425,0.00025,0.0
4028,2.23025,17.291514799418664,7.753173321115868,0.05140503508076444,0.0005,0.0
4029,2.88875,16.88427206302583,5.844836715889513,-0.08503919501745849,0.00025,7182.4952823024705
4030,83.502,119.11441372432313,1.4264857575186598,0.011155541836519678,0.02525,10870.825198383247
4031,6.42375,31.33466373244344,4.877939479656499,-0.015061253110321138,0.00025,27123.977286256988
4032,1.807,13.476281146458195,7.45782022493536,0.011889055360557732,0.0005,0.0
4033,2.3285,15.743015860599797,6.7610117503112726,-0.01795417356087392,0.00025,936.5844093219557
4034,16.18875,58.17790208068805,3.5937241652807077,-0.00807395392997834,0.004,20674.035289561984
4035,2.181,13.548436405440228,6.212029530233942,-0.054538828478239765,0.0,2896.1564288624
4036,1.689,9.712742318255707,5.750587518209418,-0.06293790280846079,0.00025,1322.381380464745
4037,2.2355,15.527711267418036,6.945967912063536,0.004679441263509165,0.0005,899.9018195465205
4038,1.9295,13.648703290986337,7.073699554799863,-0.019676635615583082,0.00075,121.23918293760906
4039,20.1945,65.64856131821007,3.2508139007259436,-0.05209908796692231,0.0045,12822.940844203209
4040,2.07175,15.035195915469615,7.257244317832563,0.022341063167993225,0.00025,444.7077446581278
4041,10.864,47.00308847918024,4.32649930773014,-0.011919720817106239,0.00325,27050.638044381943
4042,2.60175,18.498005054201016,7.109831864783709,0.015057442782286934,0.00025,413.8443426595171
4043,2.13775,16.662118157151294,7.794231391486981,0.03530220425356445,0.00025,0.0
4044,1.89225,14.67112641977794,7.753270667077786,0.048782451953652384,0.00025,0.0
4045,1.55675,10.165707788502004,6.5300836926301615,-0.009314502543338765,0.0,0.0
4046,1.85375,13.943886435629505,7.521988636887123,0.026702829622680113,0.00025,0.0
4047,1.95675,15.041208027357067,7.6868317502783015,0.02251468944705537,0.00025,0.0
4048,1.35375,8.364155708299444,6.1785083717816764,0.010761672906511865,0.0,0.0
4049,76.5145,116.09436362315901,1.5172857905777208,2.359602253143578e-06,0.01825,16881.284584934834
4050,2.30175,15.160232686251069,6.586394128924109,-0.03433623944977171,0.00025,904.012511489027
4051,2.34775,18.007536971625136,7.670125427164364,0.04041220855891536,0.0005,0.0
4052,2.244,17.211319571152732,7.669928507643819,0.0207720618899756,0.001,0.0
4053,2.2425,17.342660860474393,7.733628031426707,0.02407362490505771,0.0005,0.0
4054,2.712,19.186716460148425,7.0747479572818674,0.008297717069212673,0.00075,604.4991480681831
4055,4.21725,24.24457676085682,5.748906695324399,-0.018039327814032946,0.001,13527.997122500834
4056,7.51,36.922990491111385,4.916510052078746,0.008297863914013437,0.00075,18370.80300461348
4057,1.82375,11.16731226183312,6.123269231985261,-0.06973234732601008,0.0,902.4015973647671
4058,3.40125,19.22134525640353,5.651259171305705,-0.05386381253336081,0.00075,17277.095113750936
4059,2.28475,15.383150775099438,6.732968935375616,-0.0279968098291814,0.0005,1016.2785233310972
4060,14.97125,56.26667226733343,3.7583149214216203,-0.022580779485248614,0.0045,25121.57273185218
4061,2.027,13.395545198228755,6.6085570785539,-0.027807634286449945,0.0005,1558.2727628206535
4062,1.7435,12.387375408753032,7.104889824349315,0.0077367969116677315,0.0005,0.0
4063,1.6495,10.861198882273085,6.584540092314692,-0.014402003495185056,0.00025,454.0023378857437
4064,2.36025,17.158600593611435,7.2698233634621054,0.019439758591979883,0.00075,299.76488744746246
4065,4.02475,26.427736258492466,6.566305052113166,0.01940602919402923,0.00075,1451.5036578497404
4066,9.894,43.1375123905379,4.359966888067303,-0.014090281540023453,0.00075,35411.59431730059
4067,1.725,12.243481968487483,7.097670706369555,0.0026624434633022442,0.0,0.0
4068,8.1085,39.25855366998464,4.841654272674927,-0.012492769501918799,0.0025,18810.352663118072
4069,2.18575,15.82198883738048,7.238700142916839,0.012833068145085225,0.0005,707.7993869749715
4070,3.3865,21.032123176258867,6.210578230107447,-0.014764475586139802,0.00075,3833.8602357425575
4071,9.223,41.80550437501038,4.532744700749254,0.014806402321024592,0.00125,20452.500808875247
4072,2.75575,18.045096240033693,6.548161567643543,-0.018343737933404825,0.00025,2046.6691218954124
4073,2.904,18.60783025601613,6.40765504683751,-0.042825800826975735,0.0,3802.7546981132473
4074,67.6155,112.01317064233714,1.6566197194775925,-0.015539685131688241,0.0215,18663.441923845345
4075,4.16025,27.082936349255494,6.50993001604603,0.030041814226038133,0.001,1345.7172474805222
4076,5.71025,30.419247650038926,5.3271306247605485,0.011538108853315965,0.00175,29709.741776138762
4077,1.965,14.288957924902881,7.271734312927674,0.0002325290538596203,0.00025,0.0
4078,2.51375,16.20833083431507,6.447869053929416,-0.04232915833584716,0.001,4856.354738253706
4079,15.1235,56.00337348955465,3.703069626049172,-0.02461782178187666,0.004,26796.618771826896
4080,4.873,28.910444902424345,5.932781633988168,0.032466975532368325,0.001,5717.056658999736
4081,2.68525,18.45576701932401,6.8730162999065305,-0.008570841430763254,0.00025,542.0678750369991
4082,3.896,25.903009969526135,6.6486165219522935,0.04141736912290872,0.00025,117.65695083809288
4083,2.03,15.191322986281293,7.483410338069603,0.02682756911100248,0.0,0.0
4084,2.408,18.358916047784856,7.624134571339226,0.04880492933767466,0.0005,0.0
4085,2.0605,14.799209232201386,7.182338865421686,0.01547048194852696,0.0,256.3499955098932
4086,1.2495,6.642046291974801,5.315763338915407,0.11324666176865039,0.0,0.0
4087,2.40025,18.325678911418013,7.634904243898765,0.048017966369477305,0.00075,0.0
4088,1.90375,13.666059279527435,7.178494697059716,0.0179622928057801,0.0,0.0
4089,2.37725,17.309125740371005,7.281155006991694,0.023233026275873536,0.00075,458.35673041186806
4090,1.06825,0.4075947385181965,0.38155369858946553,-0.2178254163566144,0.0,0.0
4091,9.60825,41.755450678358606,4.345791447803565,-0.028232203074726847,0.002,36925.76128501653
4092,2.18725,16.14361612287906,7.380782317009514,0.021572816347288137,0.00125,463.94264343500464
4093,10.40125,44.280079378823935,4.2571882589904035,-0.0027369878367455858,0.0025,30077.75143941595
4094,3.5815,22.960589167391337,6.4108862675949565,-0.010949835735987845,0.001,3086.0878987119927
4095,3.514,22.922219810486506,6.5231132073097635,-0.011676190736193526,0.00025,717.6088878665272
4096,9.60075,44.23154368549328,4.607092538134341,-0.003213282026634623,0.003,9422.2635938949
4097,1.2005,3.6976638475505537,3.0801031633074167,-0.14112780917360923,0.0,0.0
4098,1.26675,5.327822337523565,4.205898825753752,-0.11531509033290555,0.0,0.0
4099,1.428,6.368905458490086,4.46001782807429,-0.16067460944120948,0.0,562.4350159090155
4100,2.39275,16.297097787231063,6.811032405069925,-0.002931835103059388,0.0,2084.545922641008
4101,74.32925,115.45391828019117,1.5532770514997956,-0.0024000990592600857,0.02225,27609.10693626828
4102,2.37725,16.772634341485787,7.055477691233899,0.009559172522029868,0.00025,529.0946863891317
4103,1.117,3.573794062477614,3.199457531313889,0.725075537369188,0.0,0.0
4104,2.714,16.897887106001203,6.226192743552396,-0.046870536276781616,0.0005,3473.551647208592
4105,6.6095,32.77972906247628,4.959486960053904,0.004519068086898059,0.0015,25161.725939501826
4106,1.705,12.381106491323276,7.261646035966731,0.007516956526102625,0.00025,0.0
4107,6.14525,30.571110556171483,4.974754575675763,-0.02577507592513495,0.00025,24765.148562427607
4108,1.538,10.546936307116228,6.857565869386364,0.0066741989464202955,0.0,0.0
4109,78.94325,116.94450835309021,1.4813743841695168,0.0031710567367779774,0.01925,47370.897000897676
4110,75.01325,115.31847927523623,1.5373081325663964,-0.0029098690305646713,0.01875,7443.261311538112
4111,88.38725,120.43506938978462,1.3625841893461401,0.0013922031114037559,0.01925,10313.14827132809
4112,84.542,119.36539808740699,1.4119064853848617,-0.002482313315987028,0.022,6977.337574097985
4113,5.4755,32.563445675305346,5.947118194741182,0.041119993452798376,0.00175,688.963907167975
4114,2.41875,18.006011566991663,7.444345867490092,0.0403754182484759,0.0005,393.88557589950386
4115,2.09875,14.33589473688255,6.830682423767743,-0.030003202163997544,0.00025,972.2009398600197
4116,2.3785,16.937649150330305,7.121147424986464,0.013811026016460115,0.0005,887.8134668709947
4117,1.15275,3.1287161350406048,2.714132409490874,0.6673121762861105,0.0,0.0
4118,2.42025,16.682332420595383,6.892813726100768,-0.02981068007324361,0.00025,1336.501087797429
4119,12.15625,50.8398319043692,4.182196968996952,0.022157989628765584,0.005,19492.369196501382
4120,6.707,33.04114980437422,4.926367944591355,0.007968860450540571,0.00175,28108.450863812956
4121,2.0795,14.357078782879006,6.904101362288534,-0.02936192209966859,0.0005,422.0257281326192
4122,5.7545,29.412684444837108,5.111249360472171,-0.0030756961015177,0.0005,26982.043623716185
4123,1.67375,11.128579076214713,6.648889664654048,-0.0038400536353340176,0.00025,663.0712099131972
4124,1.679,10.253620979234432,6.106980928668512,-0.03940250985506055,0.00025,502.3281475019314
4125,2.34375,17.03118026482026,7.266636912989978,0.01620263916661835,0.00025,0.0
4126,3.9845,24.799758401125374,6.2240578243507025,-0.008206484868424901,0.00075,3251.40582342313
4127,4.75425,28.585645728633295,6.012650939398075,0.027560207511516444,0.00075,4089.178576357515
4128,2.679,19.658473310336774,7.337989290905851,0.01884684665650349,0.0005,193.1974744562848
4129,2.172,13.619114731564524,6.270310649891585,-0.052279127107174306,0.0,2762.5802118297393
4130,4.21875,25.933569672270085,6.1472165149084645,0.01120836529453384,0.00075,4321.378717236067
4131,2.33575,15.289014370704441,6.545655301596678,-0.030662617681118443,0.00025,2534.603896527816
4132,1.49,8.28375247932872,5.5595654223682685,-0.04651229802309775,0.0,497.9582931389311
4133,1.10125,0.5622076634698393,0.5105177420838495,-0.07815722439566769,0.0,0.0
4134,3.48675,23.345879335719815,6.69559886304433,-0.0037226270545729356,0.00075,1352.6028018737327
4135,23.08825,70.20369008437424,3.0406674427197493,-0.022964360624184055,0.00675,33300.555286548304
4136,1.942,14.550088050096685,7.492321344025069,0.008097593109202217,0.00025,0.0
4137,10.48225,46.153696773595144,4.403033392028919,0.015261113865625564,0.00325,16803.894225657805
4138,20.027,65.75253698550353,3.2831945366506976,-0.05141178674090163,0.006,17635.292276952874
4139,2.84775,19.912174507343558,6.992248093176563,0.024415749148827937,0.00025,1143.8034066362306
4140,1.52125,10.343853114860798,6.799574767369465,-0.0017697795376110381,0.0,0.0
4141,4.14475,24.98028825169526,6.026971048119973,-0.005056489361724648,0.00125,8054.505597967563
4142,3.562,20.20822231326312,5.673279706137878,-0.06640475260900347,0.00025,18414.757072393328
4143,1.8175,12.539856687834906,6.899508493994446,-0.0193884342582058,0.00025,242.16553255443188
4144,3.231,18.22258638787771,5.639921506616437,-0.07703757440433101,0.0005,15550.39551462032
4145,1.25825,6.340670939616023,5.039277520060419,0.09307997895312126,0.00025,0.0
4146,1.847,12.177444869137583,6.593094135970538,-0.03212483536264066,0.00025,734.9745302075546
4147,1.73775,12.121477116645988,6.975386054752403,-0.0016869565581114632,0.00025,2188.8768591159564
4148,1.88475,12.481703235793448,6.6224715404130245,-0.021407154823687602,0.0005,1941.0436918075777
4149,2.38025,15.519016396182339,6.519910259923259,-0.024177914578527915,0.0,7441.360847998003
4150,17.109,60.85086544952742,3.556658217869391,0.011434749065682981,0.00625,15525.991021376723
4151,2.3415,17.22875750805373,7.3580002169778895,0.021211851870795773,0.0,386.16961219620947
4152,9.052,42.468278569670886,4.691590650648574,0.021637592283655138,0.0025,25972.219985392647
4153,1.43025,7.881571209389799,5.510624862359586,-0.0681266078801318,0.0,509.21904773448654
4154,4.0655,25.942695804723225,6.381182094385248,0.011361168468392302,0.00075,2612.9945278308633
4155,2.591,18.30838655519824,7.066146875800169,0.010582622364242011,0.0,426.7322922185347
4156,5.64525,28.364194582626183,5.02443551350714,-0.01883990368576005,0.0015,34883.72230554894
4157,10.93975,45.40999490031585,4.150917059376663,-0.026894663186120438,0.003,43373.28619997504
4158,83.886,119.1969461940846,1.4209396823556328,-0.003095635088248283,0.024,20103.61424741287
4159,3.9975,26.862620755400286,6.719855098286501,0.026494445960711932,0.0,0.0
4160,4.433,28.921689560462372,6.524179914383572,0.03263586063556234,0.001,0.0
4161,2.166,15.72315962003532,7.259076463543546,0.010111817729625994,0.0005,0.0
4162,87.168,120.30307345770863,1.3801288713485296,0.0009159585911064916,0.0215,26884.19987155666
4163,2.58275,18.113577168990236,7.0132909375627674,0.005936774660488586,0.001,1125.5385657606496
4164,2.47975,15.60047863595594,6.291149767499118,-0.058929527906923074,0.00025,3545.5725076201566
4165,11.4575,48.7034156853999,4.250789062657639,0.0035133040644872437,0.00225,16470.060380320483
4166,1.22,5.483941867361574,4.495034317509488,0.030037606059397093,0.00025,0.0
4167,1.99425,14.621069073522397,7.331612923917461,0.010211100468699552,0.00025,409.94914873532747
4168,10.60975,45.094193933577856,4.250259801934811,0.005175249659618464,0.003,26245.87988937738
4169,1.3905,6.634305785333787,4.771165613328865,-0.08986495125768101,0.0,474.1744794488551
4170,5.56675,31.760907311438874,5.705466800456079,0.030282540666193514,0.0015,8815.834166128741
4171,2.43925,16.50517841970109,6.766497251081722,-0.034447227608516595,0.00025,1519.6412755796982
4172,81.5845,118.33780173122891,1.450493681167733,0.00831472179914039,0.0225,7234.452884999444
4173,2.1335,15.249272534393471,7.147538099082948,-0.0031788794462104253,0.0,117.28175906051203
4174,4.55275,25.366347398326454,5.571653923085268,-0.024329863614611202,0.00075,19828.575057780257
4175,1.9995,14.110307400752681,7.056917929858805,-0.005231553160986779,0.00025,381.5209888788622
4176,1.91675,14.551142682821991,7.591570461887044,0.045216091824725524,0.00025,0.0
4177,81.84125,117.74066742051642,1.4386469832818587,0.00611771764129454,0.021,6443.908065906983
4178,22.12675,68.19240966281662,3.081899043592783,-0.03558826392928105,0.00525,28441.63993754904
4179,7.92875,41.458103755831104,5.228832256765708,0.011182368945780174,0.00125,0.0
4180,1.13825,0.8419110054128397,0.7396538593567668,0.09721220104054909,0.0,0.0
4181,8.88875,40.602155203748694,4.567813832512861,0.00212202182721577,0.002,40592.193366841704
4182,1.3035,6.332646631017582,4.85818690526857,-0.040279570107722096,0.0,0.0
4183,1.42425,8.414122729246687,5.907756875019615,-0.039730569216198774,0.00025,553.7679991303759
4184,1.1135,1.5659600274917385,1.4063403928978344,0.3667266865256465,0.0,0.0
4185,81.799,118.46174443770363,1.44820528903414,0.008769347994844523,0.0205,12391.164711926247
4186,1.3365,7.758112839389949,5.804798233737336,0.04789126731262228,0.0,0.0
4187,11.66825,47.966773862604065,4.110879854528662,-0.003105606537019634,0.00475,41477.52343924574
4188,1.553,10.567786453540396,6.804756248255246,0.007531904404808998,0.00025,0.0
4189,5.28075,27.851415669157536,5.274140163642955,-0.02676308474978173,0.001,20803.118179645895
4190,2.6155,18.310829619936467,7.000890697739043,0.010640570602743038,0.0005,485.0658666456226
4191,4.78575,25.737355143836165,5.3779146724831355,-0.018023884224479536,0.00025,22328.793730213736
4192,8.94,42.87212269909413,4.795539451800238,0.0257479218235801,0.00225,8598.32258983783
4193,1.67625,12.340766166040554,7.36212746669086,0.041062353596026835,0.00025,0.0
4194,62.9655,109.29977319214785,1.7358676289737691,-0.026189514921342916,0.01675,25333.632186571158
4195,77.3185,116.88884167480238,1.511783618083672,0.002964279288992344,0.01975,8726.012900152462
4196,9.1435,42.177033244211486,4.612788674381964,0.018648962809117764,0.00225,20360.871991819542
4197,3.48725,24.12180139962998,6.917141415049102,0.010476873917854679,0.0015,882.6351518557201
4198,9.68125,43.34206711882849,4.476908159465822,-0.012035758242702865,0.00175,13486.114101772702
4199,1.81575,13.240888649201576,7.29224213091096,0.004236125895785481,0.0,0.0
4200,2.45325,17.794267993678687,7.253344744187786,-0.0017873239406120955,0.0005,363.3911990180158
4201,6.5015,33.765285744094406,5.193460854278921,0.01738413781234205,0.0015,18315.984579092423
4202,6.11825,32.05588342025474,5.239387638663791,-0.005178541545321602,0.00125,25024.325465486458
4203,1.8365,11.852990808136756,6.454119688612446,-0.04385305982180432,0.00025,1155.991376178812
4204,38.1915,88.18130932107096,2.308925004806592,0.07605224199153926,0.009,28107.0884473032
4205,3.9875,23.10033008557487,5.793186228357334,-0.039035749161364874,0.001,10390.685106288694
4206,11.61275,49.373167964656844,4.251634450466672,0.009444877735717894,0.0025,30618.876155295464
4207,1.503,9.112367958574383,6.062786399583755,-0.05682087607886965,0.00025,389.0572443471991
4208,3.56725,23.409484796383452,6.562333673385227,-0.0025410078697605254,0.001,823.3737197650786
4209,63.07825,109.13282100309017,1.7301180835405259,-0.02685339412705945,0.01575,4841.625637882113
4210,2.33475,16.109937149357197,6.900069450415332,-0.007948260465207468,0.00025,0.0
4211,19.7745,64.22718608664209,3.2479802820117873,-0.061605405799725954,0.00475,27776.693102337398
4212,2.508,17.65132653179593,7.03800898396967,-0.005290101957853066,0.0,1268.8466451286135
4213,12.12775,49.50521812488961,4.081978778000009,0.010604862081853295,0.0035,31121.44976860435
4214,5.75075,29.787496507335813,5.179758554507814,0.0024236447085990154,0.00125,22644.78122101275
4215,21.675,68.81213666598454,3.17472372161405,-0.03165925776611611,0.007,32219.5468024005
4216,2.436,18.649084457092574,7.655617593223552,0.01859006477981584,0.00075,0.0
4217,2.517,18.321657451850413,7.279164661045059,0.010897308168987818,0.00025,330.4845574005369
4218,91.78875,122.13968703588857,1.3306607513000077,0.007496038765963942,0.02475,5390.760038085639
4219,2.0415,14.044129988959329,6.879319122683971,-0.007273187827696814,0.00025,456.53197077416854
4220,10.15925,44.22959929505297,4.3536283972786345,-0.0032323737546087195,0.0015,17500.992488806038
4221,2.199,15.102877978412183,6.868066383998265,-0.007368292043977487,0.0,0.0
4222,1.8825,13.886680803054828,7.3767228701486465,0.02491744556368558,0.0,0.0
4223,2.22775,16.21865102583364,7.280283257023293,0.023586723626941586,0.0005,602.6305944410346
4224,1.85025,13.65272588784167,7.378854688740263,0.017538363347826547,0.00025,0.0
4225,79.9255,117.50225591360446,1.4701472735685666,0.005237428994509408,0.02,13022.832597293367
4226,28.056,76.844948763973,2.7389844868824134,0.016291024392526943,0.00775,15267.315797601472
4227,1.99675,15.13177061873509,7.578199884179336,0.025121720875449505,0.00025,0.0
4228,6.53525,33.87680868941531,5.183705089998901,0.018816200023003216,0.00075,23810.121698821193
4229,2.78,20.58012355092512,7.402922140620547,0.03874503712139199,0.00075,244.6341962479486
4230,13.528,53.82602090189774,3.9788602085968168,0.009658352987134577,0.0035,4703.1859707806425
4231,2.5535,19.095517731901438,7.478174165616385,0.028863986794520624,0.00025,0.0
4232,64.93225,109.45839367048893,1.6857323390224264,-0.025559705195642213,0.0145,6963.811788635431
4233,9.5215,43.64179406597905,4.583499875647645,-0.009042782933475602,0.003,18653.542284914147
4234,2.0725,12.067773263443613,5.822809777294868,-0.0731408865662595,0.00025,8085.353578031419
4235,4.28625,25.993686327062527,6.064435421886854,0.012213939057624135,0.0005,2897.7124773359365
4236,1.737,12.690984842559244,7.3062664608861505,0.01825282290781538,0.00025,0.0
4237,2.80675,19.29905484258113,6.875943651048767,0.010833099705894966,0.00025,1351.2032803066386
4238,1.96175,14.631278328084614,7.45827874504122,0.010514243532048662,0.0,0.0
4239,2.54825,17.040899917698045,6.687295170292572,-0.020574925173677094,0.0,989.239060838442
4240,4.8345,25.371815898955727,5.248074443883696,-0.024236248099092528,0.00075,24411.55358765991
4241,1.8745,13.70071812604333,7.308998733552056,0.019062323957812932,0.00025,0.0
4242,10.485,45.46387044543139,4.336086833136041,0.008721026882470229,0.0015,22321.92671765068
4243,13.40425,51.963279126050956,3.8766271239383747,-0.005637373439268734,0.0035,18754.610916570033
4244,4.98225,27.26763311861653,5.472955616160677,-0.03596291771665849,0.001,12482.564429793998
4245,2.64,18.6320876090729,7.057608942830644,-0.004441422953484597,0.0005,1039.015620675912
4246,4.632,27.038987642165498,5.837432565234348,0.0034026277559664475,0.001,5123.652001046983
4247,2.3415,16.81184217328115,7.179945408191822,0.01057319772051235,0.00025,432.6887472969686
4248,3.535,24.645722304427938,6.971915786259671,0.019808687185191465,0.0005,234.8198136205768
4249,2.37375,15.074344758727536,6.350434864129557,-0.03680366294121962,0.0,3124.635994755335
4250,3.802,21.67113761553343,5.699930987778387,-0.03605115358631128,0.0015,14905.707112817483
4251,1.412,7.806439080834532,5.52863957566185,-0.01920746124957906,0.0,6297.0
4252,2.98375,19.366433606246567,6.490635477585778,-0.02547188522120125,0.00025,3085.43258262883
4253,3.74,21.231264485374204,5.676808685928932,-0.044957003057563005,0.00075,25374.380447725278
4254,2.76325,19.703331057239733,7.130491651945981,0.019836713899503255,0.00025,906.2138777997876
4255,89.84475,121.00386411689631,1.346810627408906,0.003438475141625652,0.01925,8498.438131907349
4256,1.98575,15.138340043489515,7.623487369250669,0.02531022794744242,0.00025,0.0
4257,1.56975,10.68911592402802,6.809438397214856,0.012489662672585444,0.00025,0.0
4258,90.87525,121.21235001387635,1.333832369252094,0.004186107147177154,0.0205,17477.176382744525
4259,1.3985,7.789182600979247,5.569669360728814,-0.02016855112334892,0.0,0.0
4260,2.3835,16.273494843106143,6.827562342398213,-0.0035612759180194686,0.0005,1553.9245736905925
4261,13.116,52.87430819516014,4.031283027993301,0.0019107754137892563,0.005,13709.234194383718
4262,2.49025,16.620242569025983,6.674126119476351,-0.03143009305686073,0.00075,2300.065046863919
4263,1.95975,13.494560227233476,6.885858005987231,-0.024609292413703132,0.0005,1164.4531677428843
4264,1.8065,11.795437288850668,6.529442174841222,-0.04596696143811885,0.0,538.1938667925385
4265,1.49925,10.148435698386281,6.769008303075726,0.04165969271980263,0.0,0.0
4266,1.5645,9.518192514715533,6.08385587389935,-0.037897639789751136,0.0,550.8643993401836
4267,1.38975,7.010786883130893,5.044638879748799,-0.06589367075661934,0.0,507.9756929626876
4268,2.44525,15.801769724277873,6.462230742982465,-0.053361722361606745,0.00025,2078.709221121915
4269,1.4,7.8094972348906975,5.5782123106362125,-0.01903736072899176,0.0,0.0
4270,1.499,10.331320488967586,6.892141753814267,0.04941642244157929,0.00025,0.0
4271,2.261,15.697993048362477,6.942942524706978,-0.01919797412312918,0.00025,901.4891138678013
4272,15.61075,57.37690965778803,3.6754742506149953,-0.014094857010340078,0.004,20667.147219194885
4273,82.7665,119.363048562319,1.4421661972213276,0.012061126592749272,0.02425,22079.603697980285
4274,85.2515,119.38937223765282,1.4004372033061334,-0.002395095446531048,0.02075,7519.157879165647
4275,14.21025,54.560656715739896,3.8395282782315507,0.015545666317813733,0.00325,29045.62210034774
4276,3.109,21.986904625111478,7.0720182132877065,0.029642556015572863,0.0005,0.0
4277,84.29675,119.9398977997253,1.4228294424129673,-0.0003970896412317515,0.02525,5026.397882678008
4278,8.326,38.184011427326105,4.586117154374982,-0.024545513825748433,0.0025,30633.471441705133
4279,4.46875,25.856656108317175,5.786104863399648,-0.0160154401572683,0.00025,9922.302223957207
4280,18.855,63.13149666741528,3.3482628834481716,0.027414075046769515,0.00525,27145.278195612074
4281,1.3995,8.146010626207199,5.820657825085529,-0.00071546392811217,0.0,0.0
4282,1.5555,10.477015878361017,6.735465045555138,0.003785477732697773,0.0,0.0
4283,18.0855,60.65568784431487,3.3538297445088534,0.010039521770667692,0.0025,59945.41215210907
4284,4.37125,27.111135661508435,6.202147134460037,0.004559910632179642,0.001,2027.8523815792637
4285,2.70475,19.015650821929434,7.030465226704661,0.004408253427435449,0.0005,1088.5612358134324
4286,2.318,14.855522462603235,6.408767240122189,-0.04315417618295303,0.0,2000.0476521227386
4287,1.88025,12.763664744967665,6.788280678084119,-0.011705619097054365,0.00025,372.1766591330514
4288,1.42625,7.998159386752303,5.607824285190046,-0.06174935713335972,0.0,0.0
4289,2.09925,14.135446655501823,6.733569920448647,-0.03611846963988574,0.0005,874.2492761973032
4290,5.098,27.28176074994802,5.351463466054928,-0.03573796370592852,0.0005,16735.411264929393
4291,11.68275,46.96937973931288,4.020404420133349,-0.012231291229626962,0.0025,45874.30106416969
4292,1.71575,12.143015076219141,7.077380198874627,-0.0009159682863333352,0.00025,0.0
4293,13.8205,52.164231581746975,3.7744098680761895,-0.003961108437128713,0.00325,31308.484304532387
4294,3.2045,22.97679618747488,7.170165762981707,0.023641879739738192,0.001,1624.4179650077442
4295,82.66925,119.22692489258597,1.442216118963048,0.011565567083857253,0.02375,16533.016542862817
4296,9.65775,43.83848843430337,4.539203068447969,-0.007089807467555831,0.00375,13668.67834640901
4297,2.02775,14.890933984012857,7.343574890402099,0.018153909913946054,0.0,0.0
4298,7.6845,37.52222593490127,4.882845459678739,0.015289589639370771,0.002,22684.897341382453
4299,12.87025,51.60026707128518,4.009266880696582,-0.008681973276090105,0.00325,17880.817186482003
4300,2.31525,17.76956124287235,7.675007555500422,0.03463459800614288,0.001,455.3358959267534
4301,78.5645,116.23970172369766,1.4795448545296879,0.0005457112042952517,0.02125,27991.46478571987
4302,1.83525,11.957230083732556,6.515314035544234,-0.04005042131465886,0.0,985.2660447837212
4303,1.6305,11.15551796848924,6.841777349579417,-0.002790029670788785,0.00025,0.0
4304,77.24775,116.41689350438278,1.507058697559253,0.001207230620010602,0.01975,11848.51636300782
4305,3.91475,24.070860683012672,6.148760631716629,-0.021162315542809784,0.00025,4479.592796267018
4306,6.361,32.75943336076694,5.150044546575529,0.004250089625331688,0.0025,23057.93183067632
4307,2.521,19.29137367515773,7.652270398713895,0.03329570243413804,0.001,0.0
4308,1.44875,8.90304383258171,6.145327925854502,-0.01520090005223984,0.0,0.0
4309,1.89725,12.358190549425672,6.513738595032637,-0.02572612016889586,0.0,541.1616244044393
4310,8.93825,41.268798327142285,4.617100475724251,0.0091947580355074,0.0025,25304.778074248235
4311,4.56825,29.40334982927618,6.436458124944165,0.039809011465947286,0.001,0.0
4312,4.29,28.734784181467045,6.698084890784859,0.05575400479862136,0.00075,0.0
4313,1.17025,4.871673042914441,4.1629335978760444,0.8596241478080091,0.0,0.0
4314,2.78975,19.238544002375356,6.896153419616581,0.009469260422630521,0.0,1563.8908221976499
4315,2.22,13.7162725998541,6.1785011711054505,-0.049191897850483945,0.0,2447.8150343869906
4316,1.45575,8.782928150350745,6.033266804293831,-0.021100081630817558,0.0,0.0
4317,12.21125,49.70272843356726,4.070240838044202,0.012334113688850623,0.00175,28900.32498791133
4318,3.63675,24.94849507062645,6.860107258026108,0.02511148990084111,0.0,0.0
4319,2.0805,14.768718580571846,7.098639067806704,-0.017085190585748755,0.0005,0.0
4320,1.7255,11.434720720659943,6.626902764798576,-0.027016940553488356,0.0005,387.04025101926203
4321,1.31325,6.494356673655302,4.945255414928842,-0.029328688040623607,0.0,0.0
4322,12.88725,50.81579575990302,3.943106229793247,-0.01533519183148635,0.00425,36800.61854632048
4323,1.59575,11.364401407128117,7.121667809574254,0.03909444086206393,0.0,0.0
4324,1.424,8.842413192549133,6.209559826228324,-0.01816860664062281,0.00025,0.0
4325,1.621,10.017182487418635,6.179631392608658,-0.04953418416451383,0.0,569.8184668211835
4326,2.7535,19.30713415054852,7.011851879625394,0.011014873613683918,0.0005,1273.7801591166922
4327,1.444,9.739793626919093,6.74500943692458,0.023810343255517563,0.00025,0.0
4328,71.76575,112.90229230994254,1.5732057744807593,-0.012106015962159322,0.01825,22662.559444405706
4329,1.388,8.524589324758638,6.141634960200749,0.019013029669754933,0.00025,0.0
4330,5.55575,29.14363961261475,5.2456715317670435,-0.007066571899565721,0.00075,29956.552009523115
4331,4.151,23.5255406264222,5.667439322192773,-0.03111432234840139,0.0005,8891.840653681296
4332,9.1285,40.94724846725675,4.485649172071725,0.005797658630201097,0.0005,27009.70779392442
4333,1.42625,8.274550016888867,5.801612632349775,-0.04699502613727957,0.0,0.0
4334,2.84675,18.083335317124106,6.352273756783738,-0.017424405116615915,0.00025,2751.518729610377
4335,5.2795,29.674737189347002,5.620747644539636,0.0007765216443824663,0.00175,12231.467800922492
4336,5.84225,30.20117369674009,5.169442200648738,-0.03106247043887267,0.002,23250.463521544385
4337,3.73875,23.45053262311065,6.272292242891514,-0.0017801524461793505,0.00075,1761.1553705684723
4338,10.7795,46.18386208438243,4.2844159825949655,-0.01955586872500481,0.0035,20708.730628203633
4339,1.8365,12.572700026107624,6.846011449010413,-0.018252453651046663,0.0,0.0
4340,1.664,11.589097497009801,6.964601861183775,0.013769846777671457,0.0,0.0
4341,14.7045,55.78553294691683,3.793772855038718,0.02518766374655801,0.00475,23954.833653299513
4342,6.707,32.69374360971537,4.874570390594211,0.0033783609393245317,0.00025,25760.611320503132
4343,3.48575,23.908172182577612,6.858831580743774,0.00661351131146537,0.00025,476.5605431118014
4344,2.2435,16.619348917439876,7.407777542874917,0.005571899234530386,0.0,0.0
4345,2.7835,19.392798867414108,6.967055458025546,0.012937552631022253,0.0,0.0
4346,3.623,24.57263365170989,6.782399572649707,0.018518842318131057,0.0005,655.9938908052543
4347,2.37075,16.939407614201862,7.14516824388985,0.013856112055783854,0.00025,0.0
4348,3.32825,22.701769634185588,6.8209328127951885,0.01841212019404237,0.0,1157.8804660987232
4349,2.81325,20.307891989489313,7.218658842793677,0.03296190431882473,0.00025,0.0
4350,3.3765,22.81315098171291,6.756449276384691,0.020537682560091586,0.00025,477.5502145423799
4351,88.08,120.82392646037178,1.3717521169433673,0.0027921809704687384,0.0225,17864.213205054737
4352,3.6535,24.23396911495858,6.63308310249311,0.012491686490101683,0.0005,767.544322462187
4353,10.41425,44.25501975630457,4.249467773128605,-0.0029828396215336728,0.0015,27089.975661543944
4354,2.57775,14.739276322266507,5.717884326356903,-0.08359129019160094,0.0,8856.192405092528
4355,2.3635,17.202219241618486,7.2782818877167275,0.020542371882571908,0.0,0.0
4356,76.166,115.61668239623587,1.5179566000083486,-0.00178827246657276,0.01775,2985.3376036913105
4357,11.505,48.065393429279005,4.177783001241113,-0.002213614824684962,0.0035,20328.90773898004
4358,5.03775,27.83382843661396,5.525051548134377,-0.02703741373665247,0.0005,26108.70230810469
4359,3.0715,22.06224316322681,7.182888869681527,0.03112813042164375,0.0005,176.40421068960785
4360,16.569,59.17830900815151,3.571628282222917,-0.0006694590389790811,0.005,31157.221248789887
4361,2.30975,15.972729477432457,6.915349919875508,-0.011662970266741235,0.00025,1386.2016505438182
4362,2.2805,15.705428516001012,6.886835569393121,-0.01899231611102281,0.0005,1925.590733272169
4363,2.6385,17.13660507680531,6.494828530151719,-0.04077815228787096,0.00025,2637.0697722188643
4364,1.76375,12.47302409281747,7.07187758628914,0.010729258721193125,0.0005,320.2410357869917
4365,1.84925,13.36928228682139,7.229569980706443,0.008427085899851638,0.0,0.0
4366,5.1135,29.589220980782212,5.786490853775733,-0.00047682843267704556,0.001,5362.795362842741
4367,6.6605,34.246714427989694,5.141763295246557,0.023532620801552717,0.0015,32756.8688033179
4368,2.49225,18.932579078803386,7.596581032722796,0.025142328499366817,0.00025,0.0
4369,4.17425,24.851414147564793,5.9535040181026035,-0.007302827912119225,0.001,6137.891088319541
4370,1.4485,8.603188447480717,5.939377595775435,-0.03007997565185594,0.0,0.0
4371,4.24475,25.493652720231264,6.005925606980686,0.003778130639984889,0.0005,6886.264544993104
4372,1.49475,9.75719084218315,6.52764063701833,0.024585387889407784,0.0,0.0
4373,2.3155,16.23521959626154,7.011539449907812,-0.004583939315558672,0.00075,1183.4236965289517
4374,1.66575,11.44328467392698,6.869749166397707,0.008270932248542806,0.0,0.0
4375,2.61675,18.618392265986405,7.115082551251134,0.017874725109916056,0.0005,288.34267295621447
4376,5.87025,30.250953621105015,5.15326495823943,-0.03034722178487126,0.00125,41008.321411721015
4377,1.4435,9.096867372837737,6.30195176504173,-0.005847548616774945,0.00025,0.0
4378,2.63675,18.1212277222334,6.872561950216516,-0.016515322555061607,0.0005,1248.943041132324
4379,9.83175,44.65177921745472,4.541590176464487,0.000893390104170555,0.004,20117.0403317229
4380,83.53225,118.53487921002338,1.4190313227528693,0.009037385813890797,0.021,34510.49790264811
4381,3.1265,21.99558931325345,7.035211678635359,0.029814065716292193,0.00025,315.8629823531453
4382,2.8915,21.817188755229107,7.545284023942282,0.026277252506001103,0.00125,0.0
4383,2.5785,19.24951879251624,7.465394140979733,0.03235242631602153,0.00025,0.0
4384,2.68025,19.86512435724811,7.411668447811999,0.0233883475568617,0.00025,0.0
4385,1.6725,12.056744379029329,7.208815772214845,0.030950283574098014,0.0005,0.0
4386,40.10975,90.72096934285439,2.261818369420263,0.08838338098324261,0.01025,26987.73014511788
4387,7.47675,38.54515393224439,5.155335397364415,0.026970779861592575,0.00175,17821.84370001704
4388,13.162,52.78174622143101,4.010161542427519,0.0011498315203068987,0.004,27030.74954510944
4389,1.55575,9.942841996342953,6.391028119134149,-0.01894158635971699,0.0,206.655706245013
4390,1.5785,11.761884340139027,7.451304618396596,0.05402478010516387,0.0005,0.0
4391,1.59075,9.179015634560432,5.770243994694598,-0.053656014781315875,0.00025,340.7434909243922
4392,1.3745,8.438990098849038,6.1396799555103945,0.014630041142159822,0.00025,0.0
4393,2.46225,15.921933046131095,6.466416101586392,-0.05007165766968846,0.00025,3247.4970585681026
4394,1.3655,7.658104947886795,5.608278980510286,-0.027539122508531744,0.0,0.0
4395,2.26125,14.326769088514999,6.335774057939192,-0.058893845337868234,0.0,2369.6642415608144
4396,1.201,4.218299125462532,3.5123223359388276,-0.08391786341325747,0.0,0.0
4397,81.362,118.39564957573236,1.4551713278401757,0.008526968948997737,0.0215,4039.166306722219
4398,16.15125,57.80189130207613,3.5787874809736784,-0.01088996133375053,0.00375,25673.441760041384
4399,2.148,16.28333143802828,7.580694338001993,0.025315257153569304,0.0005,0.0
4400,7.5105,36.81784592007725,4.902183066384028,0.007059371372544643,0.002,23001.738348855702
4401,14.21475,54.78377449504991,3.8540090043827653,0.01731802827133455,0.00325,19673.115144597596
4402,1.442,8.39182588507539,5.819574122798468,-0.04088294713799712,0.0,0.0
4403,84.63025,119.42050849581847,1.4110853801781096,-0.0022818479950976744,0.023,17183.133285081785
4404,1.3845,9.033579641553237,6.524795696318697,0.04419944152245958,0.0,0.0
4405,18.94525,64.26224911721422,3.391997947623506,0.035123911088715154,0.0045,20395.13074267365
4406,7.234,38.009491240426904,5.254284108436122,0.02089305205295089,0.00175,2307.773628974942
4407,1.35025,7.501742729092582,5.5558176108813795,-0.036498270182016235,0.00025,0.0
4408,1.37025,7.844587262873121,5.7249314087744,-0.01709033775879565,0.0,0.0
4409,1.5365,8.37127154599731,5.448273053040879,-0.09366069463650084,0.0,390.7888376293605
4410,3.74225,23.552229019998354,6.293601181107182,9.915214666023076e-05,0.0005,2585.6553938915786
4411,1.4585,7.425366103125243,5.091097773826015,-0.09402154046627564,0.0,510.0639351943913
4412,2.4785,18.543826631160346,7.481874775533729,0.01613190736843939,0.00075,300.85841257585093
4413,2.53775,18.68322350794054,7.362121370481939,0.01938435832027441,0.00025,977.224281709024
4414,15.651,57.282707042627905,3.6600030057266566,-0.014808476789079705,0.00375,24659.717970127964
4415,9.24875,42.86799260094773,4.635003930363317,0.02570608192565582,0.0035,16365.64452853189
4416,1.85475,14.382189133736551,7.754246736075779,0.0401439882348571,0.0005,0.0
4417,80.81325,117.94082789330649,1.459424387625872,0.006855396342900999,0.01975,26083.58109702424
4418,9.17425,41.62172484331029,4.536798631311583,0.012893008663916294,0.00175,19487.996125302212
4419,16.30525,58.56115542463849,3.5915521334931073,-0.005222373422271831,0.00375,21359.19399766982
4420,1.67825,9.040169141228802,5.386664168764368,-0.09410321355917806,0.0,802.421735736694
4421,18.8985,62.9103976086769,3.3288566610406596,0.02589041975412032,0.00525,34080.08507717206
4422,7.034,35.49093187789509,5.0456258000988194,-0.008881601852779308,0.001,17689.971180118057
4423,5.00175,29.803872477266445,5.9586889543192765,0.0026623367768261463,0.001,1201.1568643046962
4424,3.1175,20.193368633890586,6.477423779916787,-0.007312763037410797,0.00025,5042.288850700558
4425,3.72075,25.56774719958165,6.871664906156461,0.03575960000380762,0.0015,290.0430907188353
4426,83.6085,118.73601512629611,1.420142869759607,-0.004778294511170067,0.02225,9435.15450619874
4427,1.18125,4.278489781009364,3.6220019310132185,-0.07776473730222555,0.0,0.0
4428,1.9165,13.156739820361093,6.864982948270854,0.0014672790007224101,0.00025,304.21917124782414
4429,4.4245,26.122947801702292,5.904158165149123,-0.011565616916120236,0.0005,5278.264658350164
4430,5.77025,28.846368804163145,4.999154075501607,-0.0509951398272841,0.001,41491.172422448646
4431,13.11525,52.75022382858665,4.022052483070216,0.0008903840435023902,0.00325,9406.6641768247
4432,19.34375,64.57841108863072,3.3384639011893102,0.03725534498481298,0.00425,27422.870614415013
4433,1.193,5.53257655625638,4.637532737851115,0.03387219579528755,0.0,0.0
4434,1.90175,12.780998999348816,6.7206515048501725,-0.011116206587536537,0.00025,391.61095726956927
4435,2.14425,15.325555784457721,7.147280300551579,-0.0010117723762130826,0.00025,376.5453300668392
4436,15.905,57.63419037320637,3.623652334058873,-0.012151813576109838,0.0055,34229.16636465579
4437,2.08975,12.626700017258326,6.042206013761611,-0.08513814292727528,0.0,2346.9649906778372
4438,1.16625,3.2211340958916828,2.7619584959414216,0.6799548192972102,0.0,0.0
4439,4.63175,24.11914333483471,5.207349994027033,-0.04622592109645751,0.0005,18092.376319599916
4440,14.856,55.91628494213857,3.7638856315386757,0.026204386608027264,0.00425,33491.403494625185
4441,13.2315,52.40439831722856,3.960578794333867,-0.001966183736336724,0.00275,18860.82996884356
4442,5.0475,27.58128759877612,5.464346230564858,-0.030995822902363024,0.001,18432.168079881874
4443,80.364,118.02055845086593,1.4685749645471347,0.007148889638914024,0.0205,13390.440589613747
4444,1.67275,10.386824778041769,6.2094304456982625,-0.03379696445159297,0.0,260.5274438438216
4445,19.56475,65.41560293778869,3.3435440237053218,0.042849338370256174,0.0065,26918.652543347198
4446,1.4255,7.442801796006909,5.22118680884385,-0.09300295785016177,0.00025,451.9644512015403
4447,5.215,28.551340945171766,5.474849653915967,-0.01598384954420906,0.00125,19747.663109701894
4448,2.488,17.772220428374688,7.143175413333878,-0.0023257598448707117,0.0005,165.32261868390708
4449,3.60025,24.942683983656952,6.928042214750906,0.025010320793837915,0.0005,181.545310128041
4450,7.674,36.77812368236583,4.792562377165211,0.006590564441532942,0.001,22943.402677049286
4451,6.36025,34.749148849632896,5.463487889569262,0.029857879842987156,0.00175,3576.1109821723476
4452,2.534,19.69552798113353,7.772505122783556,0.04230017651211915,0.001,0.0
4453,5.93675,34.05354108389593,5.736057789850664,0.021075987500258186,0.0015,2367.517068287208
4454,81.0945,117.92658834974391,1.454187254989474,0.006802958788786562,0.018,3107.5283901446637
4455,3.822,26.23685211877133,6.8646918154817715,0.04697886387068673,0.00075,0.0
4456,4.38525,23.947206509578592,5.4608532032560495,-0.04933294017207879,0.00025,21689.101418914455
4457,5.48825,28.76413054029158,5.241038680871239,-0.012759108678747744,0.001,28906.164345357825
4458,2.477,19.056961010106914,7.693565203918819,0.027986194432486178,0.00025,0.0
4459,4.19025,27.416509099086547,6.5429292044833955,0.03535822111656195,0.00075,1093.3661016566002
4460,3.51625,24.505333374154386,6.969166974519555,0.017327751518540158,0.00075,679.5865484091192
4461,12.2945,50.67655570453184,4.121888300014791,-0.01652683287190726,0.00225,21069.968057046244
4462,2.19875,16.02692933950585,7.289109421037339,0.018422316557012985,0.001,426.73209279934656
4463,77.1905,116.68101312748409,1.511598099863119,0.0021914157259361744,0.01875,9515.522361207773
4464,1.83825,13.786410091583063,7.499747091844451,0.02177018547388987,0.0,0.0
4465,3.9135,24.856236156525537,6.351408242372694,-0.007218568371501366,0.001,9390.243320781776
4466,2.413,17.8776350074154,7.408883136102529,0.037267959859093036,0.0005,248.98217731419248
4467,5.6505,30.057831226728812,5.319499376467359,0.006347281855065168,0.00075,26882.77925625279
4468,81.051,118.35986719974336,1.460313471761525,0.00839569354075076,0.02,3814.0186629683935
4469,1.50325,9.444775825031334,6.282904257463053,-0.04126047011743095,0.0,0.0
4470,89.144,120.97616323895383,1.3570869967575363,0.003339042650289059,0.02575,14424.458641971147
4471,1.0935,0.6311555587450954,0.5771884396388619,-0.027917574080803115,0.0,0.0
4472,2.39575,17.742345663550555,7.405758390295547,0.03396892954365072,0.0005,478.23709198785707
4473,1.864,14.2734696897512,7.657440820681974,0.03684854970097762,0.00025,0.0
4474,2.856,20.457123147497256,7.162858244922009,0.03614161897107171,0.00025,303.50992857468947
4475,3.56575,23.503026932849554,6.59132775232407,-0.0008090653224255284,0.001,814.5857173230261
4476,4.09425,22.079181132853964,5.392729103707386,-0.058670972474168304,0.00025,31078.030326297536
4477,5.69225,31.06999961629448,5.4582984964283865,0.020730888167844297,0.00225,22764.302028955655
4478,1.395,8.582534006486263,6.15235412651345,0.02195509670020257,0.0,0.0
4479,1.477,9.484406122149792,6.421398864014754,0.01227073058182282,0.0,0.0
4480,89.82675,121.74425510203793,1.355322942242015,0.006087712692291802,0.02275,7789.648108085499
4481,1.77975,11.696685130765129,6.572094468754111,-0.01717970344107611,0.0,363.62428612478834
4482,2.02625,13.269158925197388,6.548628710769839,-0.031924632679695586,0.00025,497.10861799623376
4483,1.894,12.081235576846678,6.378688266550517,-0.035569654540936746,0.00025,1019.1101094117137
4484,3.00675,21.830937952833704,7.260642871151145,0.026550858788704224,0.00125,127.43302356178185
4485,21.54675,67.03211648603713,3.111008225650603,-0.043041368860851525,0.006,29627.299501466117
4486,3.62125,24.889901069134602,6.873289905180422,0.02409030682850899,0.00025,0.0
4487,2.2835,15.772438625813422,6.907133184065435,-0.01714326040760672,0.00025,2495.117975909422
4488,14.09975,53.757885723927764,3.812683609562422,0.009108257035050915,0.004,16548.930297926912
4489,1.781,12.028246284357886,6.753647548769167,-0.005040190587688231,0.0,274.7719801276068
4490,6.43475,32.379396979787835,5.031958814217776,-0.0008175351697681243,0.0015,19890.337798782533
4491,1.3635,8.551938473990312,6.272048752468143,0.020404131525052605,0.00025,0.0
4492,1.114,0.6749947440359214,0.6059198779496601,0.0012464055458150936,0.0,0.0
4493,1.13425,0.7213577661304335,0.6359777528150173,0.030096726175878802,0.0,0.0
4494,1.1765,4.384136507138926,3.7264228704963247,-0.06717116819111368,0.0,0.0
4495,1.2,5.485163785652971,4.570969821377476,0.030134363696760036,0.00025,0.0
4496,1.1845,2.7903236777400284,2.3556974907049626,-0.2634006519491373,0.0,0.0
4497,1.728,11.244671033723671,6.5073327741456435,-0.03429574796377177,0.00025,810.1904869484697
4498,17.86325,62.02973860621523,3.4724777745491573,0.01976794076462296,0.005,19325.115433364703
4499,3.701,24.829422547776137,6.7088415422253815,0.02303375580796807,0.0015,3934.896568742138
4500,35.30425,85.38707700915603,2.4186061737370435,0.062067845962765045,0.00825,26151.729433257704
4501,4.2545,26.161380586822098,6.149108141220378,0.015006723994660742,0.0005,6059.3842129416635
4502,1.78375,13.064308438499303,7.32406920168146,0.030843922711915495,0.00025,0.0
4503,1.5465,9.559350555647674,6.181280669671952,-0.0360237362447301,0.0,354.1300689770141
4504,1.4405,7.55173602089164,5.242440833663062,-0.08669261128514483,0.0,1021.9822136426516
4505,2.344,15.438774334066629,6.58650782170078,-0.026429287303380233,0.00025,3408.9137533504904
4506,81.9595,118.62885846734477,1.447408274420229,0.009381575658460317,0.0215,36207.59778496181
4507,1.354,7.736513905620087,5.713821200605677,-0.02311512572612273,0.0,0.0
4508,12.54,50.87031400740321,4.0566438602394905,-0.014869504307886805,0.0025,37088.80768982127
4509,2.81925,20.696477127252113,7.341128714109112,0.04119348729226546,0.001,661.9178178492112
4510,1.63875,9.937627360033515,6.064150944337767,-0.052997062152073005,0.0,527.2835038180133
4511,3.416,18.980490213695433,5.5563495941731365,-0.05934016730679326,0.00025,20676.97516361439
4512,1.20175,4.286098412005884,3.5665474616233688,-0.07699309779044572,0.0,0.0
4513,3.146,22.200493225936867,7.056736562599132,0.03384108671414188,0.00075,0.0
4514,13.16975,52.443054863712504,3.982084311677329,-0.0016459408486217963,0.0045,27888.994275478322
4515,1.36775,7.956433632384339,5.817169535649307,-0.010941991686351127,0.00025,0.0
4516,2.30975,16.71872255462314,7.238325600010018,0.008160984216921907,0.0,459.12544805018956
4517,1.38875,6.539442982099395,4.708869834094974,-0.0961196787187224,0.0,360.0816635719236
4518,1.58375,8.896053668915226,5.617082032464231,-0.0672547300734575,0.0,593.1263313021651
4519,2.504,19.207191701372256,7.670603714605534,0.03139641997509002,0.001,0.0
4520,1.94325,14.339663033749448,7.379216793387083,0.0017709176499540735,0.0,0.0
4521,1.94575,13.80410972496324,7.094492984691374,-0.014759625643711916,0.0,0.0
4522,1.787,12.67918851722632,7.095236999007454,0.017848956580584163,0.00025,0.0
4523,2.34525,17.97723136774437,7.6653795406649055,0.039680701298748344,0.00075,0.0
4524,4.24475,26.518553049732233,6.247376889035216,0.020895888842187516,0.001,2399.775106248322
4525,2.2305,16.57086352998939,7.429214763501182,0.03291713504701965,0.0005,0.0
4526,2.2155,16.49854873246642,7.4468737226208175,0.031017738266988726,0.00025,0.0
4527,2.12825,16.353001470732384,7.683778442726364,0.027169470174625898,0.0005,0.0
4528,1.701,11.966950362362327,7.035244187161862,0.02770371988172471,0.0,0.0
4529,1.664,11.414494148632576,6.8596719643224615,0.007176900061452995,0.00025,0.0
4530,78.25925,117.24478506246486,1.4981588126958139,0.004284759139554062,0.01975,11505.6994790352
4531,23.43625,69.84054238963083,2.9800220764683267,-0.025216697484511608,0.0065,26902.625299913052
4532,2.00825,13.279731539264596,6.612588840664557,-0.03157873286158064,0.00025,925.694222354431
4533,1.6085,10.728257156938698,6.669727794180104,-0.01975059471225804,0.0,0.0
4534,8.62475,40.89901734568278,4.742052505369173,0.005285808463985964,0.0025,20995.771328652078
4535,1.14175,3.591362054687882,3.145488990311261,0.7272052041173505,0.0,0.0
4536,1.3035,7.595611303757549,5.8270896077925185,0.03869790745918267,0.00025,0.0
4537,19.833,64.6288622324296,3.258652863027762,-0.058897790581818654,0.0045,40154.419688080554
4538,2.251,13.31494727572133,5.915125400142751,-0.09070265548197765,0.00025,4838.5925156782
4539,3.5145,19.766359477449253,5.624230894138356,-0.07600617425465073,0.00125,24493.38758792345
4540,1.653,11.462195971284084,6.934177841067201,0.008988059654092106,0.0,0.0
4541,1.47875,9.094241295659904,6.149951848290721,-0.005972938537322614,0.0,0.0
4542,1.172,3.857088964986543,3.2910315400909074,-0.12279558021266368,0.0,0.0
4543,1.7055,12.307889371667114,7.216587142578197,0.004941081473001541,0.00025,0.0
4544,2.67075,20.48019052617668,7.668329318047995,0.036631051981385054,0.00025,0.0
4545,2.43325,18.23678122599685,7.494824299187034,0.008880737216017343,0.0005,0.0
4546,1.20625,4.232574820354919,3.5088703173926787,-0.08245059234658769,0.0,0.0
4547,1.56675,10.428481804447207,6.656123698386601,0.001768963352236863,0.00025,0.0
4548,1.60875,10.814685052774202,6.722414951219395,-0.01626589338783102,0.0,0.0
4549,10.224,44.54079921486227,4.356494445898109,-0.00018737308147431797,0.00275,24383.537974859155
4550,2.658,18.765115730847437,7.059862953667207,-0.0013516933617438998,0.0,327.03697403473217
4551,81.78625,118.25549311279514,1.445909222061106,0.008012547722191066,0.01925,18973.579206020062
4552,1.932,14.604817738516761,7.559429471281968,0.009728113184902965,0.0,0.0
4553,2.00775,15.98325861883362,7.960781281949256,0.04889729830076939,0.00075,0.0
4554,1.44825,10.02970441639085,6.925395764813292,0.03654872258800512,0.00025,0.0
4555,4.5815,25.846844538417994,5.641568162920003,-0.016180268869594228,0.001,24904.8706137977
4556,1.41125,6.335902410259969,4.489567695489792,-0.10985195685812132,0.0,579.6841700387789
4557,2.2545,15.71505553577916,6.970528070871216,-0.018726186430094716,0.00025,1710.8464316536856
4558,1.60225,12.086172422585118,7.54325006870658,0.03200901590242333,0.00025,0.0
4559,1.35175,8.079284661878297,5.976907462088624,-0.004287526064562841,0.0,0.0
4560,1.4815,9.712118155158787,6.5555978097595595,0.022574545672813695,0.0,0.0
4561,3.63,22.575506935135355,6.21914791601525,-0.01829535235766544,0.001,8989.409634295083
4562,1.152,0.8343081070590025,0.7242257873776063,0.09327247810036941,0.0,0.0
4563,1.604,9.718348397433253,6.058820696654148,-0.06268730552032098,0.00025,357.67662441654727
4564,7.7625,37.69712007521916,4.856311764923563,0.017309168403702557,0.0015,16112.689972181539
4565,19.45125,65.16651204422791,3.3502480326060233,0.04119246626657391,0.00575,21394.151800499676
4566,2.81375,17.047440122821527,6.058619323970333,-0.04304376685101596,0.0005,23213.492791877536
4567,10.476,46.27161861954278,4.416916630349635,0.016369313162788224,0.003,16540.86420801878
4568,1.731,11.304339256299121,6.530525278046864,-0.03199731978798814,0.0,946.8948432414733
4569,1.15475,4.2629620745336485,3.691675318929334,0.8016574833721997,0.0,0.0
4570,1.4925,9.163374684520011,6.139614528991633,-0.0026839666554949737,0.0,6297.0
4571,2.06375,15.006314781062239,7.271382086523192,0.02150602385887468,0.00025,500.2466073773342
4572,3.58975,20.066704091374163,5.590000443310583,-0.06945681707150109,0.0,32404.79997226819
4573,1.76375,12.481321315587778,7.076581894025671,0.01101806118329618,0.0,0.0
4574,1.72,12.570187047160442,7.308248283232815,0.014099237627969163,0.0,0.0
4575,16.3975,59.276795024335534,3.6149897865123055,5.270390331402197e-05,0.00625,19563.285943819916
4576,6.74875,36.44513939449088,5.400279962139786,0.050553324101398234,0.00075,3877.3574516522885
4577,4.102,28.37073881140877,6.9163185790855115,0.05021671071856115,0.00175,0.0
4578,3.54075,24.71136382948295,6.979132621473685,0.020963851363447805,0.00075,417.3073536313977
4579,2.877,20.616004120742616,7.165799138249085,0.03950155178916703,0.0005,1374.6373000221886
4580,1.293,7.076911167163043,5.473249162539091,0.007978919485132185,0.0,0.0
4581,11.076,47.67340361619975,4.30420762154205,-0.005769957066965148,0.0045,35600.595303090624
4582,1.94025,12.412642682446416,6.39744501092458,-0.060903774644494924,0.0,1000.3197932521875
4583,9.7045,43.505664751459285,4.4830403164984585,-0.010399569671916575,0.00225,16703.390187676243
4584,4.9975,29.884783231892524,5.9799466196883495,0.0038397503193510207,0.00075,3276.679030244758
4585,5.58575,27.964641106682492,5.006425476736784,-0.025001109683179923,0.0005,31149.8280443176
4586,1.64675,12.17883596444513,7.395679954118798,0.035326011296800575,0.00025,0.0
4587,3.79,25.005073753707606,6.597644789896466,0.026095276282516844,0.001,1300.1716772934958
4588,1.2515,6.3478596062291,5.072201043730803,0.09357207668895473,0.0,0.0
4589,1.78375,13.440931909661252,7.53521060107148,0.043186878505019344,0.0005,0.0
4590,2.224,15.282644201951793,6.871692536848827,-0.0022295032921257896,0.0005,1368.161769543393
4591,6.8395,34.96222002329428,5.111809346194061,-0.015400002955834546,0.00225,14532.632177541313
4592,1.44725,9.778093894903769,6.756326754122487,0.025514791687537453,0.0,0.0
4593,1.4795,10.17796529245279,6.879327673168495,0.04292155395967112,0.00025,0.0
4594,3.96725,23.729895794674412,5.981447046360682,-0.027358103725034555,0.00125,34618.78151090498
4595,2.07975,14.126315093895965,6.792314025193395,-0.03639911647215022,0.0,1114.6315728604297
4596,69.34475,111.90538682895401,1.6137542759755281,-0.01595778285020444,0.0175,30019.274676605022
4597,1.53825,10.60465235641415,6.893971952812709,0.009044311597276922,0.0,0.0
4598,2.07075,14.848126519961644,7.170410006017938,0.016903631125932073,0.0,566.797162685609
4599,1.6415,11.115861115634967,6.771770402458098,-0.004336657789454357,0.0,0.0
4600,2.0935,15.671938621786433,7.485998864001162,0.008694716469877628,0.0005,0.0
4601,2.2785,15.225911954582955,6.682427893167853,-0.032458792437580763,0.0005,7585.126465522508
4602,1.1715,4.150529420883369,3.5429188398492264,-0.09095173964603498,0.0,0.0
4603,1.112,0.6531176315643034,0.5873359996081864,-0.013062577455463492,0.0,0.0
4604,11.50475,48.6902316907922,4.232185114043522,0.0033957248116962546,0.003,21739.06863577877
4605,1.482,8.078427523213408,5.451030717417955,-0.05741257861087945,0.0,623.1884567305254
4606,1.3475,4.708533351435498,3.4942733591358057,-0.23877478524468432,0.0,535.3812353591844
4607,1.21475,6.016991231784439,4.9532753503061855,0.07032414228482342,0.0,0.0
4608,1.33875,7.990929994565369,5.968948642065635,0.06073250131947883,0.0,0.0
4609,1.30275,6.874838782805921,5.2771742719676995,-0.004602306402830103,0.0,0.0
4610,1.56,10.693689201916557,6.854928975587536,0.012675433376643008,0.0,0.0
4611,1.80275,10.749382761114065,5.962769524955798,-0.08629748003092286,0.0,972.1427195112414
4612,1.79375,12.534172781214057,6.987692142837105,0.012853174569044334,0.0,395.2025639528186
4613,1.3245,7.480620941634331,5.647882930641246,0.0320728240326833,0.0,0.0
4614,1.18725,4.658015856073147,3.9233656399858057,-0.040854273777855665,0.0,0.0
4615,8.12225,38.52436029996644,4.74306507432872,-0.020691629198939854,0.002,27339.159267107636
4616,1.55175,10.19547982636043,6.570310827362932,-0.008044454723315608,0.00025,0.0
4617,8.543,39.648614782404955,4.641064588833543,-0.008199046335572113,0.002,16938.286064415825
4618,1.44425,7.761794463964194,5.374273473404323,-0.07477727337636886,0.00025,284.43764875705045
4619,1.2605,6.4308225461176365,5.1018028925963,-0.03359829897142941,0.0,0.0
4620,1.287,3.9212848811046244,3.0468413994596926,-0.24843642976473035,0.0,560.3767435881372
4621,3.29075,20.410030788234845,6.202242889382313,-0.02780393232769529,0.0005,6023.424089888047
4622,1.5355,10.706908948188836,6.972913675147402,0.013211985070030963,0.00025,0.0
4623,2.89175,17.951158540905936,6.207714546868138,-0.05842905398209619,0.00025,3703.405763628012
4624,1.8505,12.80277811773222,6.91855072560509,-0.010376788543345672,0.0,623.8481488826488
4625,1.75325,13.891296068550123,7.923169011008198,0.05750026513149531,0.00125,0.0
4626,11.73275,47.692163539236326,4.0648751178740135,-0.005599091808070833,0.00275,40386.86901398581
4627,5.2665,27.641363732588328,5.248526294994461,-0.030050893853412086,0.001,23568.87044226204
4628,1.238,5.813717040453259,4.696055767732843,0.05539865405784261,0.0,0.0
4629,16.04675,58.17438980638162,3.625306669972525,-0.00810017363439397,0.00225,28745.102174084426
4630,1.645,10.136205437202143,6.161827013496744,-0.0444043656451254,0.0,478.8014850657791
4631,5.20975,27.802050166055363,5.336542092433488,-0.027533537079916792,0.00125,21554.523910568172
4632,1.457,9.06383965531851,6.2208920077683665,-0.00742719760950894,0.0,0.0
4633,4.61575,25.503445029340472,5.525309002727719,-0.02198895023766867,0.00025,17735.599373630917
4634,81.0075,118.60818656075055,1.4641630288646184,0.009305890219148072,0.0235,14512.549517895934
4635,1.825,14.122773742595543,7.738506160326325,0.032238994014232025,0.0005,0.0
4636,10.808,46.658979854903336,4.3170780768785475,-0.015110877103826414,0.002,31872.662816803684
4637,6.687,34.58389860195966,5.171810767453216,0.02778765765507929,0.00125,15468.18791441991
4638,2.57575,17.74998668856856,6.891191570831237,-0.002869419293679343,0.0005,1146.599057893323
4639,2.828,16.006841373071882,5.66012778397167,-0.07039729943365369,0.0005,13521.613896550241
4640,1.18925,4.7682406049943395,4.009451843594148,-0.030697074589099094,0.0,0.0
4641,7.77975,37.67298174190399,4.8424411763750745,0.01703099058340518,0.0015,20021.63713877489
4642,1.05525,0.2543887102525896,0.24106961407494865,-0.42255615213363934,0.0,0.0
4643,1.773,11.415474114653128,6.438507678879373,-0.027748548911411985,0.00025,496.86161881006853
4644,3.27525,22.25564683156778,6.795098643330365,0.009792628837766326,0.00075,1280.5687546196993
4645,1.34875,7.738546033408199,5.7375688848253565,-0.023001065826716904,0.0,0.0
4646,1.30625,7.47525456390609,5.72268291973672,0.0317611621263858,0.00025,0.0
4647,1.299,7.924064405289424,6.100126562963375,0.05708317206545255,0.00025,0.0
4648,11.7905,49.97112554362794,4.23825330084627,0.014673015235020515,0.004,25168.681112487848
4649,1.3765,9.000944506022693,6.539007995657604,0.042627647930144064,0.00025,0.0
4650,3.19175,22.896638311092463,7.173694152453188,0.022124131648486367,0.0005,450.19331812331944
4651,1.72225,11.222303237748926,6.516070975612673,-0.035160502910863256,0.0,298.48476548871264
4652,6.06175,30.107184318271834,4.966747938841396,-0.03241615018800825,0.0005,43408.777474419454
4653,4.2825,24.898537668797164,5.814019303863903,-0.0064800937942985914,0.0005,15332.767023803017
4654,1.31225,7.050296207015112,5.372677620129634,0.0063425388902673685,0.0,0.0
4655,1.54675,9.481470825233417,6.1299310329616405,-0.03957641132176337,0.0,484.0462097338877
4656,3.3985,21.64498380874932,6.368981553258591,-0.0022903268902578766,0.00025,4075.604584212157
4657,1.71925,10.944696251221773,6.365971354498632,-0.04603878943219408,0.0005,632.1515810786676
4658,1.4625,8.724942687847673,5.965772778015503,-0.02397682874719531,0.00025,546.764807911577
4659,1.254,5.100832149968821,4.067649242399379,-0.001414203637216449,0.0,0.0
4660,3.82225,21.455890653814325,5.613418968883335,-0.040386316368749675,0.0,20681.563501578818
4661,2.169,14.778160829730384,6.813352157552044,-0.016807616985575535,0.00025,1826.0258002924702
4662,5.44575,31.076574703646603,5.706573879382381,0.020822784598080624,0.0015,14165.1524020311
4663,6.466,33.147873829023276,5.1264883744236425,0.009369385571326161,0.00175,21116.696393234437
4664,16.2295,58.73769964077391,3.6191934219029487,-0.003915076147610552,0.0045,12746.653402553693
4665,6.0185,31.155253492871008,5.176581123680486,-0.01755500232902074,0.001,18879.979094008257
4666,1.871,12.556343991927383,6.711033667518644,-0.01881780236771924,0.00025,311.5143037152603
4667,8.85975,41.43414385511968,4.676671898769117,0.010931304382914009,0.0025,16933.340025793226
4668,2.33,16.695651715238586,7.165515757613127,0.007561269869507781,0.00125,805.3505075370244
4669,1.679,11.867504725809226,7.068198169034679,0.02407964358849335,0.0,0.0
4670,1.752,13.169219911910957,7.5166780319126465,0.034317547477884514,0.00025,0.0
4671,1.4505,9.439932617977629,6.508054200605053,0.010229482718394856,0.0,0.0
4672,1.6725,10.904493144694332,6.519876319697657,-0.012674285943916619,0.0,326.8969882690658
4673,3.3495,21.857305076250803,6.525542641066071,0.0019490218623243738,0.0005,4086.699155790198
4674,2.85975,17.996695535571245,6.293100982803128,-0.01951017114710485,0.0005,6160.349346895514
4675,1.64475,10.48084011135844,6.372299809307457,-0.029883674014037798,0.0,276.0586651551805
4676,1.0625,0.4154959797968048,0.39105503980875744,-0.20948715953968394,0.0,0.0
4677,4.228,27.10209672537768,6.410145866929442,0.030348956087755674,0.001,586.1917951428189
4678,3.266,21.25083865488334,6.506686667141255,-0.010271518208326391,0.00125,3329.998882041615
4679,2.1,16.424233280726227,7.821063467012489,0.029057099253302132,0.00075,0.0
4680,1.2415,6.355845887388717,5.119489236720674,0.09411812182471568,0.0,0.0
4681,1.4925,9.430597955296824,6.318658596513785,0.009799818824459572,0.0,0.0
4682,2.84975,14.690375308996698,5.154969842616615,-0.1076700492944278,0.0,23862.336018660873
4683,1.64,12.136895239578948,7.400545877792042,0.033827833570877486,0.0005,0.0
4684,18.76575,63.546112422700645,3.386281519401071,0.030256976470516506,0.0065,24165.239477275456
4685,2.602,18.62273603889594,7.157085333933875,0.017976036573863485,0.00125,1189.7760355635944
4686,1.95575,14.421539000199791,7.373917423085666,0.004243580401879887,0.0,0.0
4687,26.098,74.22043225514814,2.843912646760217,0.0011991783483049634,0.00625,20033.949742810328
4688,1.30975,6.439190223171121,4.916350618951037,-0.033033569697592635,0.0,0.0
4689,1.73625,11.281977073597174,6.497898962474974,-0.032857289654897315,0.0,659.3529596402494
4690,3.5175,21.68187537276054,6.164001527437254,-0.035836019805027375,0.00075,4812.505317066164
4691,7.7095,37.70844854303715,4.891166553348096,0.017439659856494094,0.00175,27710.303848658667
4692,8.75475,40.78923317277742,4.6590974240015335,0.004118475612666428,0.0025,36687.40571654008
4693,11.862,47.84842551177613,4.033756998126465,-0.004178464751187327,0.002,28264.407458807316
4694,1.43,9.182983273177015,6.421666624599312,-0.001755618357271116,0.00025,0.0
4695,1.87725,13.430926248121185,7.154575175454087,0.010424956880075387,0.0,0.0
4696,1.6605,11.270381321134655,6.787341957925116,0.0016588404335178275,0.0,0.0
4697,2.0865,15.983487908508277,7.6604303419641875,0.017243551206701513,0.00025,0.0
4698,1.48775,9.8169721998839,6.598536178715443,0.027238149536192635,0.00025,0.0
4699,1.4205,8.736661952113996,6.150413201065819,-0.023393879737416134,0.0,0.0
4700,3.571,24.022306858557567,6.727053166776131,0.008681846727829567,0.001,989.1833640238513
4701,1.37825,8.380556984553165,6.080578258337141,0.011612447259198633,0.0,0.0
4702,1.903,13.312058207633816,6.995301212629435,0.0065642004924542086,0.00025,426.52348497367353
4703,83.34875,118.7839573788066,1.4251438369358462,0.00994901436845197,0.01825,5182.621968200189
4704,1.7215,11.470781684702859,6.66324814679225,-0.025649488283055355,0.0,472.18850774642766
4705,1.62325,10.691931012903897,6.586743269923854,-0.021223621830632533,0.0,0.0
4706,1.38175,8.681610422460906,6.283054403807423,0.026939857260169564,0.0,0.0
4707,1.11375,3.5680518053864465,3.2036379846342955,0.7243771657851759,0.0,0.0
4708,3.11275,22.952935471289663,7.373844822516959,0.048316699215194436,0.00075,0.0
4709,5.16925,31.03094156275423,6.002987195967351,0.020184593730400602,0.001,369.3519243121142
4710,4.34625,28.023654155651414,6.447777775243351,0.018936965104508152,0.00125,103.62879499953992
4711,3.16525,23.294293259554266,7.359384964711876,0.02960194647518999,0.00075,0.0
4712,2.48375,18.180893051650102,7.31993680992455,0.007547761112603579,0.00025,373.51547028140664
4713,1.4305,9.283141382553758,6.489438226182284,0.00295555321647345,0.0,0.0
4714,2.033,13.954554575419081,6.864020942163838,-0.010052049845415079,0.00025,340.52356288221574
4715,1.591,11.391890220270634,7.16020755516696,0.04014366679606263,0.00025,0.0
4716,2.5615,16.976034996165854,6.627380439650929,-0.02223118913190736,0.0,1184.105182378502
4717,2.51075,18.222895020090203,7.2579488280753575,0.008549922271269716,0.0,194.24391688678452
4718,7.1735,35.63707196129466,4.967877878482562,-0.00709699051300583,0.00175,20369.065275449695
4719,15.0285,56.21113867177656,3.74030266971265,-0.023009627377449826,0.00425,20851.088054182812
4720,1.15625,3.7425709942380156,3.236818157178824,0.7451160617999486,0.0,0.0
4721,6.33975,31.735194982663128,5.005748646660062,-0.009545120559744324,0.0015,26358.158770874692
4722,3.27625,19.201604394954476,5.860848346418764,-0.054310074365286676,0.00025,26571.682972348262
4723,2.97375,18.131898752629134,6.09731778146419,-0.054078251196200355,0.0005,11015.298216549907
4724,4.96825,26.88678051904262,5.411720529168745,-0.0420715577429962,0.001,17902.805212416934
4725,2.59875,17.497908236005205,6.733201822416626,-0.0090813163526553,0.00025,1047.6874047684025
4726,53.6775,102.729724728706,1.9138321406307297,0.14237182341837706,0.013,18455.569868553986
4727,1.813,12.163080042860537,6.708814143883363,-0.03263744267348967,0.0,496.3921773864961
4728,5.2265,28.439908664607433,5.441482572392124,-0.01768216241003695,0.0005,18551.611667011693
4729,3.18,20.070396239269922,6.311445358260982,-0.03509164555166433,0.0005,4923.300923238724
4730,12.38625,50.344927389618576,4.0645818863351355,-0.019378203890404233,0.004,16265.47911287475
4731,6.29375,31.871929905741183,5.064060362381916,-0.007677929921806603,0.001,21491.314294367134
4732,3.0355,20.387916924961576,6.716493798373111,-0.0031486812246495077,0.00075,2357.9562675972747
4733,6.003,30.935121406487294,5.1532769292832405,-0.02063446677488634,0.001,33966.10020061708
4734,1.602,11.68782474679647,7.2957707533061615,0.017453921197986277,0.00025,0.0
4735,1.7505,12.640972996552712,7.221349898059247,0.016538001092019528,0.0,0.0
4736,17.08275,60.107999844852905,3.5186372126767003,0.006100266332176751,0.00375,28441.128608452273
4737,10.009,44.65266379619501,4.461251253491358,0.000901993655186839,0.00225,29483.305850853412
4738,15.9505,57.51287231890434,3.6057096842672234,-0.01306695252628809,0.0045,16884.296414986773
4739,12.64975,50.2466790656535,3.972147992304473,-0.020226559335273953,0.00325,23104.320872351913
4740,1.656,12.161605163794789,7.343964470890573,0.034711129844831046,0.00025,0.0
4741,1.3725,8.453112298253332,6.1589160643011525,0.015356202345584435,0.00025,0.0
4742,1.403,9.210770900155088,6.5650540984711965,0.05263554401402659,0.00025,0.0
4743,5.60925,29.5378686749563,5.265921232777341,-0.0012312044315825332,0.00125,19599.312317995234
4744,4.062,22.11357973287343,5.444012735813251,-0.057994883227963756,0.0005,17295.100783953494
4745,1.776,13.155914773339816,7.40760966967332,0.03387854886887376,0.00025,0.0
4746,7.72675,37.02042290905915,4.791202369567949,0.009442371153175477,0.001,26617.536550970482
4747,1.4045,8.505643199756287,6.055993734251539,0.018046724491633026,0.0,0.0
4748,1.38025,8.721649885869239,6.318891422473638,0.028938212555604914,0.00025,0.0
4749,86.42425,120.32249431256359,1.3922307027548817,0.0009860622811990183,0.02425,12791.461846003416
4750,51.77475,100.86501846738099,1.9481507581858144,0.13441627139859968,0.00975,15054.526497799678
4751,1.28175,7.082083444437697,5.525323537692762,0.008296214835655569,0.0,0.0
4752,25.36775,73.33037805728269,2.89069302785161,-0.004040376954182134,0.0085,35364.89870720768
4753,86.13125,119.49567702492175,1.3873672682669966,-0.0020085699130092394,0.0165,3434.481724156488
4754,4.0215,26.747680223700474,6.651170017083296,0.02463218761708985,0.00125,1000.9394473657673
4755,2.96175,19.659613730704635,6.63783699863413,-0.018946555893110784,0.0,886.4122530104735
4756,3.2255,19.031833921763987,5.900429056507204,-0.05816695292633689,0.001,9800.103834871643
4757,1.35225,6.600118205576464,4.880841712387845,-0.09210872254303804,0.0,323.0640645528933
4758,1.2085,4.6758949676438535,3.869172501153375,-0.039190489081413205,0.0,0.0
4759,3.3465,21.955305659718174,6.560677023671949,0.0038918955186009185,0.00075,5391.600976468145
4760,2.2385,15.85061286613417,7.080908137652075,0.013618053302817845,0.00025,1003.314930257764
4761,1.411,8.954084146674436,6.345913640449636,0.04036073517987393,0.0,0.0
4762,1.879,12.714962704197852,6.766877437039836,-0.013365916800798905,0.0,524.0055980047351
4763,2.5965,18.381217452572603,7.079228751231506,0.012306821861224782,0.0,213.6969409153363
4764,6.83825,34.02101474528022,4.975105435642192,-0.027251741351181913,0.00225,31471.27427735201
4765,2.37225,17.887598259139487,7.540351252667082,0.037509925866990645,0.0,0.0
4766,4.66975,29.18706316335245,6.2502410543075015,0.036602598423179256,0.00125,6769.697561458997
4767,17.67875,61.27713497100745,3.4661463605179916,0.014466441259464391,0.0045,19263.493139001963
4768,2.78775,19.22082360234566,6.894744364575612,0.009069052464261818,0.00075,1922.988570873462
4769,4.31575,25.188254484550825,5.836356249678694,-0.0014558623642642043,0.0005,12662.961619147394
4770,2.9845,20.582703215756595,6.896533159911742,0.000980875434879236,0.0005,413.65218303996954
4771,2.69575,19.883196858574564,7.375756972484305,0.02378327181534834,0.00075,0.0
4772,2.37025,17.89352423336086,7.549213894467192,0.037653779259421816,0.0,0.0
4773,1.20525,4.923127231032449,4.084735308884007,-0.016814176710569173,0.0,0.0
4774,2.627,17.660346626290778,6.7226290926116405,-0.02770371717383724,0.00025,1058.8833924427336
4775,1.21875,4.651484442022632,3.8166026190954927,-0.04146366363890985,0.0,0.0
4776,9.83125,44.064698998880786,4.4821054290024955,-0.004854570733137775,0.002,20785.0677707005
4777,1.763,11.244373703545978,6.377977143247861,-0.034307231675684946,0.00025,1482.8672466735904
4778,1.72875,12.276903275093703,7.101607100560349,0.00384633171638038,0.0005,0.0
4779,8.234,38.98124713765712,4.73418109517332,-0.015571335649708695,0.0015,29862.00979939309
4780,4.49475,23.588674800255482,5.248050458925521,-0.055884256413341715,0.001,31067.10012422657
4781,6.22675,31.275867364588816,5.022823682432861,-0.015876928849657856,0.001,25782.551363960498
4782,63.69325,109.78205308351774,1.7236057680133725,-0.024277427210078972,0.017,37641.022220107494
4783,1.4125,8.978919701152801,6.356757310550655,0.04156365146229912,0.0,0.0
4784,1.406,8.353359123859278,5.941222705447566,0.010200716598742443,0.0,0.0
4785,1.48075,9.6242031233209,6.499546259207091,0.01862536881055754,0.0,0.0
4786,8.129,37.546734855704585,4.618862695990231,-0.03185488934915748,0.001,32324.89118463537
4787,2.18275,16.076923502487226,7.365444280145333,0.01977493966852939,0.0005,315.8359069423898
4788,7.147,35.60544660521743,4.981873038368186,-0.007482566958395553,0.002,16669.729369693185
4789,1.2305,6.227765732307546,5.061166787734698,0.08527703116431584,0.0,0.0
4790,10.85225,46.73410359734378,4.306397622368061,-0.014412199372404677,0.00275,16087.13368494621
4791,31.3075,80.37645822944289,2.5673227894096584,0.035804564213274714,0.00975,58375.247088563134
4792,3.947,26.496956677669502,6.713188922642387,0.020542060847964505,0.001,194.32742783310565
4793,1.40475,8.66343991929931,6.1672467836264895,0.026029931720862987,0.0,0.0
4794,1.53525,9.167375176647205,5.9712588677070215,-0.054207119068686804,0.0,541.811731165721
4795,1.34775,6.90403768613649,5.122639722601736,-0.07255728286339813,0.00025,754.0605747115112
4796,10.32825,45.18473101520833,4.374868057532334,0.006046322684994054,0.00325,23406.37959649564
4797,8.82375,41.53035490496239,4.706655889498499,0.011938577310490528,0.0025,13434.207080447472
4798,7.74825,37.80976416885097,4.879781133656112,0.01860496401400913,0.00225,24542.77270278726
4799,2.5895,16.668126660233607,6.436812767033638,-0.030180659010836663,0.0005,2728.1393147503445
4800,1.81675,12.574525800692369,6.921439824242394,-0.018189391122065635,0.00025,693.024881935666
4801,12.675,51.57474540500319,4.069013444181711,-0.008896829931694716,0.00375,15210.93714651052
4802,1.2865,5.377745604521168,4.1801364978788715,-0.11126457070444573,0.0,182.04358133122238
4803,8.35825,39.69712675251952,4.7494543418203,-0.007667991154924891,0.002,21530.507379793602
4804,2.53275,17.494225888056768,6.907205957183602,-0.009172721089198976,0.00025,1585.69668874053
4805,1.47275,9.714260092759892,6.596000741986007,0.022670315627731585,0.0,0.0
4806,1.37975,7.769178204288566,5.630859361687672,-0.021285353078624558,0.0,0.0
4807,2.13425,14.729985405797718,6.901715078269985,-0.018225689079927276,0.0005,2460.063264397627
4808,54.3,103.34206498613669,1.9031687842750773,0.1449528344139901,0.0135,20510.503805941124
4809,2.25825,13.932590793138663,6.1696405593440335,-0.0710102246877673,0.00025,1705.9312372135453
4810,2.15875,13.575110288404128,6.28841240922021,-0.05368463901346332,0.0,765.9382595850853
4811,17.06225,59.56277197955928,3.490909579894755,0.002142890807787845,0.0045,22949.87215089637
4812,1.72,11.496440407165554,6.683976980910206,-0.024679110048391406,0.0,267.9840806140431
4813,14.8185,55.94042715780466,3.775039792003554,0.02639185557632917,0.005,20455.163788909867
4814,1.5315,10.1155122780392,6.604970472111785,-0.011464242810460545,0.0,0.0
4815,1.328,7.27665124994687,5.47940606170698,0.020066736191495238,0.0,0.0
4816,4.09075,26.078679775291643,6.375036307594364,0.013631666774126083,0.00125,1383.817141466631
4817,1.509,9.955837417046776,6.597639110037625,-0.01837432858478405,0.0,0.0
4818,1.14625,2.700219200997088,2.3556983214805567,0.6033450355773566,0.0,0.0
4819,2.88825,20.672484123526594,7.157442784913561,0.00287113054672794,0.0005,185.2472617071883
4820,13.79775,54.27148600771745,3.9333576856891486,0.013237790441853248,0.00275,25206.705148552337
4821,1.1965,4.451667337697347,3.720574456913788,-0.06053253323294916,0.0,0.0
4822,1.37175,8.879260231182734,6.47294348910715,0.03671634816957414,0.0,0.0
4823,14.805,55.77804471804423,3.7675139964906603,0.02512936342038441,0.0035,22940.008164107287
4824,15.13475,56.03023683063748,3.7020919956152216,-0.02440955212087048,0.00525,26670.31196533469
4825,1.84575,14.484229532971057,7.847340936189114,0.04321439107323144,0.00075,0.0
4826,2.81925,17.60740141484955,6.245420383027242,-0.02900767513673963,0.00075,4624.916811501884
4827,1.34825,7.116890786791503,5.278613600438719,-0.059370134848105605,0.0,0.0
4828,1.35575,6.665230548305551,4.916268152908391,-0.08784526007729898,0.0,0.0
4829,1.67675,12.439471232678548,7.418799005623109,0.04452215035253726,0.00025,0.0
4830,1.996,15.158840048232651,7.594609242601528,0.02589794206939522,0.00025,0.0
4831,13.39075,52.82044172669848,3.944546924309578,0.001468106084324683,0.00275,20568.15871388895
4832,1.9105,14.605095581824811,7.644645685330966,0.046823396090254654,0.00025,0.0
4833,1.70575,12.575838137623906,7.372615059430694,0.014294436465821292,0.00025,0.0
4834,1.50425,10.04580566656416,6.678281978769593,-0.014467351776605852,0.0,0.0
4835,1.95575,14.601715462955548,7.466043953959119,0.00963585292564173,0.00025,6297.0
4836,2.7245,17.340812428889354,6.364768738810554,-0.035633499951278624,0.00025,3932.584393505091
4837,14.15475,53.40155179272385,3.7726948051165756,0.006219954632214808,0.003,22374.747191115213
4838,2.48225,17.150895697989384,6.909415126594575,-0.01778064518046585,0.0005,1127.7591493577947
4839,3.39825,22.24574937552834,6.546236850004662,0.009599447905029868,0.001,2137.5808286554966
4840,12.737,53.40801377119117,4.1931391827896025,0.006272504262561984,0.00375,1000.0235918680337
4841,1.40475,8.142665607053818,5.79652294504632,-0.0008938361125416794,0.0,0.0
4842,8.114,39.190451348118174,4.829979214705222,-0.013246799970866974,0.00175,11256.482419064705
4843,1.29875,7.268198202703229,5.596302754728184,0.01956193726615063,0.0,0.0
4844,14.37875,54.05822205067717,3.7595912058195027,0.011527835138846587,0.004,27451.71522363866
4845,8.935,40.97595065563499,4.586004550155007,0.00610197298009707,0.003,27811.541748924123
4846,1.444,7.409054428324878,5.130924119338558,-0.09497662640258941,0.0,507.798003405029
4847,1.385,8.027227671869285,5.795832254057245,-0.007094855393175448,0.0,0.0
4848,1.343,6.737076372545615,5.016438103161292,-0.013393354068029106,0.0,0.0
4849,1.67025,11.834336813672948,7.085368545830234,0.022864155703657962,0.00025,0.0
4850,6.79575,34.49130244603131,5.07542249877222,-0.02128941020618802,0.00225,33202.31025623342
4851,1.2045,4.514451773881817,3.747988189192044,-0.05445021834851371,0.0,0.0
4852,2.7085,15.91269402734188,5.875094711959343,-0.0729592284087408,0.00025,10074.401140124117
4853,1.63725,10.6418266550503,6.4998177767905325,-0.023263589330280166,0.0,456.9211063690304
4854,5.63025,32.77687623678408,5.821566757565663,0.043957201537253576,0.00175,4573.41813417966
4855,7.12,36.04806466013724,5.062930429794556,-0.002117051145291482,0.0015,83153.46204106243
4856,1.3975,8.25503059549346,5.906998637204623,0.005058251019226523,0.0,0.0
4857,1.3185,7.200973632455118,5.461489292722881,0.015526396004997167,0.0,0.0
4858,1.2535,6.39906045788645,5.104954493726725,0.09706097703819627,0.0,0.0
4859,2.704,20.16182057137172,7.456294590004334,0.029826804891351255,0.00075,496.0826736996252
4860,1.70225,12.197245104306694,7.165366488063853,0.001019248572276421,0.0,0.0
4861,1.2385,5.787053675883947,4.672631147261968,0.05340227420077304,0.0,0.0
4862,14.69125,55.41517512239731,3.771985033431281,0.022294787306559094,0.00425,24461.486656380457
4863,1.1055,0.7523371935596453,0.6805402022249167,0.04835854713087623,0.0,0.0
4864,2.307,16.81765320622474,7.289836673699497,0.010723286179360692,0.0,194.8329359578609
4865,8.94475,42.12400509672421,4.709355219175964,0.018102591487245245,0.0025,20389.69207246618
4866,1.88875,12.776469895211502,6.76451086444024,-0.011270131451028176,0.00025,555.5477676597146
4867,1.15025,3.9218006154720415,3.409520204713794,0.7654315247523091,0.0,0.0
4868,1.70475,10.872356205987158,6.377683652140876,-0.04891882995676711,0.0,240.97471658165335
4869,3.401,22.82373610372397,6.7108897688103415,0.020739145037298012,0.00125,1421.0228216218522
4870,2.32,15.948799047193555,6.874482347928257,-0.012314120523611027,0.0,1016.0895213838196
4871,3.707,24.042985823142324,6.4858337801840635,0.009055536775831596,0.002,1197.9036393370113
4872,78.0155,116.35039584549489,1.4913753785529142,0.0009590895072206784,0.018,9585.27478410079
4873,9.489,42.52383388303585,4.481382008961518,-0.020312965648845438,0.00175,18307.974443535997
4874,3.95875,23.2417209525394,5.870974664361073,-0.036385652220226605,0.00025,4944.861395451885
4875,3.49425,23.511096525948403,6.728510131200802,-0.000659979067886507,0.0015,3660.8744571881693
4876,2.5475,18.41363650266598,7.228120315079875,0.013072114650509059,0.0005,330.0831357488022
4877,1.4305,8.389682141869882,5.864859938392088,-0.04099390449038043,0.0,0.0
4878,3.6555,19.200286000360098,5.252437696720038,-0.0886251657344812,0.0005,31856.869915214284
4879,2.93575,20.454369147979374,6.96734025307992,-0.0017354469516235316,0.0005,2603.0356005031426
4880,2.85575,18.91245256842798,6.622586910068452,0.0020449112809723946,0.00025,1432.9297109141544
4881,2.2205,15.783509100953594,7.108087863523348,0.011775559386000056,0.00075,1326.8401572482087
4882,2.425,17.260977965923164,7.1179290581126455,-0.01500205282213396,0.0,313.4726767266006
4883,6.25425,33.25714383920521,5.317527095847658,0.010798657242581111,0.001,14525.773372300608
4884,1.5995,11.100265930414979,6.939834904917149,0.028881258986501512,0.00025,0.0
4885,1.86975,13.967267308837442,7.470125583012404,0.02743043742308804,0.00025,0.0
4886,1.7895,13.056734251999304,7.296303018719923,0.030592062360625283,0.00025,0.0
4887,3.0555,19.874535693752964,6.504511763623945,-0.014224544999452693,0.00025,2437.780200872861
4888,9.05,41.71270774592407,4.609138977450173,0.0138413174727674,0.0025,24718.65767780407
4889,19.0035,63.90924100254501,3.363024758731024,0.03273164953707841,0.007,40319.36778601565
4890,5.266,28.863012877696857,5.481012699904454,-0.011268696588450533,0.00125,27342.796116839152
4891,3.07025,20.160057587169224,6.566259290666631,-0.008029768180134234,0.0,2175.513132214637
4892,7.0065,36.6445925654942,5.230085287303818,0.005010892805286327,0.00225,6308.842391765353
4893,3.3095,21.506553482849775,6.498429818054019,-0.005076773755273933,0.0005,2515.1436191449134
4894,15.20325,56.79109302081731,3.7354574200133066,-0.01855178293982318,0.00375,16377.326371530991
4895,1.9095,13.558033220795854,7.100305431157818,0.014515686279510165,0.0,0.0
4896,2.03925,15.234064743844792,7.470425275883189,0.02804776862545033,0.0005,0.0
4897,2.0035,15.52463337120486,7.748756361968985,0.03625332433685391,0.00025,0.0
4898,89.64675,120.61698503406217,1.345469691138409,0.002047704477439183,0.021,6609.037218929156
4899,1.602,11.361574157740444,7.092118700212511,0.005158737745086128,0.00025,0.0
4900,4.01625,22.422492679940728,5.582942466216179,-0.05197004391797244,0.0005,19223.098433101524
4901,6.65525,34.766975466428924,5.22399240696126,0.030080619575715062,0.0015,28164.7068460096
4902,3.03075,20.137941518676936,6.644540631420255,-0.008506461201377657,0.00025,2252.391104021408
4903,1.61725,11.12848656560317,6.881117060196735,-0.003843663890949811,0.0,0.0
4904,3.1515,22.640289163863518,7.1839724460934535,0.04236043288405522,0.0005,0.0
4905,3.83125,26.481108090654498,6.911871606043588,0.05100329043872742,0.0005,0.0
4906,13.18825,53.97446268924915,4.092617495820079,0.010854404947747476,0.004,19778.14555506518
4907,1.7895,11.944553480120545,6.6747993741942135,-0.008072583222896057,0.0,454.5552992173115
4908,1.252,6.057158433793277,4.837985969483448,0.07321369708113046,0.0,0.0
4909,1.55625,10.831374132763628,6.959919121454541,0.018231432940140957,0.0005,0.0
4910,2.832,19.012341867477073,6.713397552075238,0.004332674331010589,0.00075,2580.5337628308257
4911,2.0735,15.755162774103907,7.598342307260142,0.042654866075842346,0.0005,0.0
4912,15.064,56.36484855863856,3.7416920179659163,-0.021823665809549864,0.00425,27662.64601409919
4913,3.84925,24.028272178903666,6.242325694331017,0.008789679173319298,0.001,3844.3849913636936
4914,2.16425,16.416459635811965,7.585288037801531,0.028851497552864425,0.0005,315.6627886833373
4915,1.54075,9.84347819387224,6.388757549162577,-0.023303540827560587,0.00025,328.9984848148783
4916,1.2165,4.738432328865085,3.8951354943403906,-0.033420553634350925,0.0,6297.0
4917,1.428,7.675124942678222,5.374737354816682,-0.07965395755857152,0.0,513.3708958579125
4918,1.29125,6.141649078289169,4.756359402353664,-0.05357982659228355,0.0,0.0
4919,3.851,23.838096876967317,6.190105654886346,0.005338716819870415,0.00075,6280.769639368939
4920,1.27925,6.702275700267081,5.239222747912512,-0.015642535968479754,0.0,0.0
4921,2.12475,15.219398639934505,7.1629126438096264,-0.004030513020891302,0.0005,230.495697942322
4922,2.4765,18.24411301392633,7.366894009257553,0.009055302842736257,0.0005,0.0
4923,2.28525,17.40393940216348,7.615770441817517,0.025605455927621312,0.00025,0.0
4924,1.67325,11.534935982680228,6.893731350772585,0.011735418844542433,0.0005,394.93717099951493
4925,1.83225,13.819292787649724,7.542252851766803,0.022804810838687573,0.0,0.0
4926,2.988,21.41401400949854,7.166671355253862,0.01817654594716367,0.0005,287.3311397938191
4927,4.76025,28.831590054725925,6.056738628165732,0.03128079473560175,0.00075,4056.484349597497
4928,1.7965,11.792109701525135,6.563935263860359,-0.013650991745938645,0.0,748.430158855038
4929,1.303,6.70402319370581,5.145067685115741,-0.015529316538135496,0.00025,0.0
4930,3.29475,19.169774190066104,5.81827883452951,-0.05503059502528962,0.00075,27283.242830338586
4931,1.57775,10.890298645521488,6.9024234799692525,0.020587665240742403,0.00025,0.0
4932,2.23675,14.13830514437954,6.320914337489456,-0.036030654909163795,0.00025,3928.7314792651887
4933,18.2415,62.90047929327591,3.4482076196187768,0.025821944440007183,0.00675,21175.066898770478
4934,1.5565,10.793884135642896,6.93471515299897,0.016725627554117217,0.0,0.0
4935,10.04575,44.995114146002045,4.479019898564273,0.004219979311150146,0.00275,19023.704655679412
4936,1.5725,10.924334259796106,6.9471124068655685,0.021942855724665478,0.0,0.0
4937,1.82275,11.22229109370488,6.156791163738791,-0.06759947780482434,0.0,2254.4223948545196
4938,5.00575,25.52460760395415,5.099057604545602,-0.06465128542891785,0.00075,26009.595797963866
4939,1.19075,4.351332894871468,3.654279147488111,-0.07043292645626797,0.0,0.0
4940,1.8225,12.756475832647402,6.999438042604885,-0.011950296827152762,0.0005,387.888228477862
4941,1.3685,7.072214066538905,5.167858287569532,-0.062105038479685626,0.00025,359.6369215277169
4942,26.9565,75.4143516769833,2.797631431268277,0.008129700875693313,0.00675,41325.562644112746
4943,1.802,10.522284714780566,5.839225701876008,-0.06313245362809461,0.0,1004.3603593192042
4944,1.61175,10.983905201742695,6.814893874200524,-0.009522993743604768,0.0,0.0
4945,1.33925,7.501715028551299,5.6014299261163325,0.033295737685171245,0.00025,0.0
4946,1.5635,10.34525126838162,6.6167261070557215,-0.0017110809735143562,0.00025,6297.0
4947,74.4955,115.36084695858796,1.5485612816692007,-0.0027503397689008224,0.0205,11789.391691175846
4948,2.927,20.848857036056618,7.122943982253713,0.006560714805444734,0.00125,1164.1525514025914
4949,5.05575,27.2435073753551,5.3886183801325425,-0.03634734107523907,0.0005,17982.397975425352
4950,1.61625,11.644564607950233,7.204680345212828,0.015843485093057996,0.0005,0.0
4951,6.93225,38.16186240047737,5.504974921631125,0.022630556747647246,0.00225,435.8709181553731
4952,1.31875,7.306503588322635,5.540476654652235,0.021844777236983637,0.00025,0.0
4953,1.32,5.3781810315200405,4.074379569333364,-0.11122940803564296,0.0,544.1026484875655
4954,1.25775,5.8822159985641,4.676776782797933,0.06048573168758431,0.0,0.0
4955,1.357,6.548417476219787,4.825657683286504,-0.09552407733717472,0.0,381.4875758989295
4956,2.0485,14.894297827589735,7.270831255840729,0.018252005421066864,0.0005,340.4941217599138
4957,1.08375,0.503785060662617,0.4648535738524724,-0.1258087008863762,0.0,0.0
4958,2.52275,17.89400825193534,7.093056486744759,0.0006401822950279357,0.00075,2285.9520383071213
4959,3.16675,21.464322111784234,6.778028613494667,-0.0059304150678223255,0.0005,2303.9136714951214
4960,2.2905,17.683375955860324,7.720312576232405,0.032523073756777654,0.00075,0.0
4961,1.60025,11.700691282211508,7.311789584259652,0.05175939645119576,0.00025,0.0
4962,1.57825,11.28132057810594,7.1479933965505715,0.03590781625357442,0.0,0.0
4963,1.50775,10.173952883064512,6.747771767908813,-0.008962402346071263,0.0,0.0
4964,1.96725,13.038469153123932,6.62776421559229,-0.03954142449400466,0.0,1920.5181614765525
4965,7.42025,37.24245413550252,5.019029565783163,0.012039287071622606,0.002,15919.434174121336
4966,1.19275,4.780879797737034,4.008283209169595,-0.02954741165935182,0.0,0.0
4967,1.67725,11.280598184996789,6.725651026976771,0.0020523601828541516,0.0005,515.447199966536
4968,3.0045,20.26389982602164,6.744516500589661,-0.005798506650712021,0.00025,996.0138268908518
4969,1.477,9.220180254798858,6.242505250371603,0.0,0.0,0.0
4970,1.63225,11.54869486244036,7.075322323443321,0.012253136902391715,0.0005,0.0
4971,10.9955,47.56139191876445,4.325532437703101,-0.006791560237596528,0.003,18432.455333193648
4972,1.9445,14.228124599974803,7.317112162496685,-0.0016203685828128922,0.0,0.0
4973,1.7555,12.296931461988605,7.004802883502481,0.004554249961129964,0.00025,0.0
4974,1.9275,13.767012254174894,7.142418808910451,-0.015928329375888728,0.0,288.4355996468803
4975,1.47,9.379770520847295,6.3807962726852345,0.0074528017458412865,0.0,0.0
4976,3.366,22.398883264414614,6.6544513560352385,0.01257877419011555,0.00025,1174.537313633798
4977,1.4795,6.946088236226657,4.694888973454989,-0.12299911574986722,0.0,543.8857729578882
4978,3.663,23.811975632985313,6.50067584848084,0.00486256588617251,0.00125,1606.6924801252737
4979,2.10075,14.391138789422264,6.8504766342602705,-0.02833284405131775,0.00025,357.0376459591923
4980,1.41175,8.535714764689367,6.04619427284531,0.019579457774465236,0.00025,0.0
4981,1.54975,10.172236407785853,6.56379184241707,-0.009035679531588237,0.0,0.0
4982,1.36625,7.80107846030188,5.709846997476216,-0.019505790308293025,0.0,0.0
4983,2.94875,21.462194200092185,7.278404137377596,0.019152583735615014,0.0005,333.3241279473643
4984,5.7025,29.744473052472998,5.2160408684740025,0.0017959197255201786,0.00225,30241.741743897353
4985,1.5925,9.897673197963421,6.215179402174832,-0.020919014222705146,0.00025,509.2011725901855
4986,80.54725,118.01459286236435,1.465159802008937,0.007126936788639959,0.01675,8818.202325906492
4987,1.72675,13.077742208531955,7.573616452023718,0.031290269694304484,0.0005,0.0
4988,1.97725,14.272461533563744,7.218339377197494,-0.00026914716968917674,0.0,0.0
4989,1.4005,8.660938327524233,6.184175885415375,0.025904509902433204,0.00025,0.0
4990,1.819,11.616022210421185,6.385938543387128,-0.05262357368267967,0.0,474.688595093065
4991,2.12375,15.624979069753428,7.357259126428925,0.007391438631046965,0.00025,407.5332574550813
4992,1.48425,9.731748489848442,6.556677439682292,0.02345146476363369,0.00025,0.0
4993,14.87275,56.491378779479284,3.798314284814798,-0.02084983563595655,0.00375,27986.203566397384
4994,2.91325,21.95454907288575,7.536101973014932,0.029002984988782732,0.001,0.0
4995,1.53725,10.380585319498792,6.752698207512631,-0.0002302820465043265,0.00025,0.0
4996,3.1505,21.91931713959097,6.957409027008719,0.02830548377329456,0.0005,1359.7635827192064
4997,40.6845,92.57624182201108,2.2754671145524976,0.0971752454312389,0.009,4064.7139664476063
4998,1.6475,10.394385723246993,6.309187085430648,-0.03348094080847641,0.0,452.4000619960909
4999,2.1655,14.506609534279367,6.698965381796059,-0.024862084069953827,0.00025,1705.0745035037187
5000,1.29225,5.844388689785213,4.522645532818893,-0.07512573305348225,0.0,0.0
5001,3.05375,17.00706238538111,5.56923860348133,-0.08189223172233673,0.0005,22099.54148431908
5002,2.241,15.194707591286388,6.780324672595443,-0.00473565874863513,0.0,1500.4866582154848
5003,1.3685,8.090338135256504,5.911829108700404,-0.003693762894945052,0.0,0.0
5004,1.19525,4.121513575864941,3.4482439455050753,-0.09399850162903145,0.0,0.0
5005,7.3415,36.80174547310857,5.012837359273795,0.006869412823364396,0.001,30257.473793027297
5006,45.93575,96.08584310005591,2.0917442971989337,0.11333510421175519,0.01175,21966.712269030242
5007,1.43425,7.570105914938765,5.27809371792837,-0.08563745575897619,0.0,0.0
5008,1.33625,6.959115839013975,5.207944500665277,0.0006892409911792852,0.0,0.0
5009,1.27075,6.702326068700537,5.274307352902252,-0.015639272203827992,0.0,0.0
5010,16.612,58.95322151148015,3.548833464452213,-0.002324468088980458,0.00375,24247.526580927377
5011,1.4635,9.345694369644917,6.385851977891983,0.005872162669117498,0.0,0.0
5012,84.396,118.84253898023138,1.4081536918838735,-0.00438884248146687,0.02225,16645.44092680609
5013,1.32325,7.746080291184013,5.8538298062981395,0.04721716962895528,0.0,0.0
5014,11.01375,45.88029327789128,4.165728591795826,-0.022419930961372847,0.00325,32065.37286659205
5015,1.74325,10.678896906857318,6.125855102169694,-0.0567161086135306,0.00025,955.9711235890801
5016,1.61275,11.413428670912458,7.076998090784349,0.007136359264251935,0.00025,0.0
5017,1.83225,13.477203667384902,7.355548460845902,0.01191878403948965,0.00025,0.0
5018,1.37725,7.991958476341821,5.802837884437699,-0.009007217432886683,0.0,0.0
5019,1.37325,6.860918487208693,4.996117594908933,-0.07527817658448133,0.0,941.2805845962309
5020,2.419,16.75221173903725,6.925263224074928,0.009030047071291625,0.0,621.5510831044502
5021,1.74175,11.99441634442297,6.886416732839368,-0.006263382718906474,0.00025,298.04100925536494
5022,2.14075,15.481597443492404,7.231856799482613,0.003387764998165288,0.00025,244.61594169903614
5023,1.43725,8.452776158972766,5.881214930577677,-0.037740043188253525,0.0,0.0
5024,5.462,29.129507171371984,5.333121049317463,-0.007277222660906357,0.00075,14635.60565142547
5025,1.4115,9.369264300273642,6.637806801469105,0.06004505405916094,0.00075,0.0
5026,6.622,34.43348707665351,5.19986213782143,0.025894714355952253,0.0015,14783.28319586697
5027,43.518,94.03889889097042,2.1609195939834187,0.10398323431797696,0.01225,24221.233857829597
5028,10.26375,44.916712521103165,4.376247718533983,0.0034625839170652206,0.00225,18667.709021964933
5029,1.29825,7.075826012978377,5.450280002294147,0.007912320852042298,0.00025,0.0
5030,1.34125,7.359336817750582,5.48692400205076,0.02497385523405804,0.0,0.0
5031,1.346,7.551492584917568,5.6103213855256815,-0.033627635919733945,0.0,0.0
5032,1.76325,12.257171737487017,6.9514656103712,0.0031477686162635354,0.0,388.0969154982854
5033,2.769,15.5584110705033,5.61878334073792,-0.08273769871357795,0.00025,26577.13629213106
5034,1.263,2.573516416634382,2.0376218659021235,-0.4313378816896617,0.0,515.3690418997999
5035,1.738,10.684001730308887,6.147296737807185,-0.056508552819164004,0.0005,7284.291579368801
5036,1.19025,4.939803169291042,4.150223204613352,-0.015345591903928257,0.0,0.0
5037,1.3245,7.451179756920543,5.625654780611962,0.030360216037254806,0.00025,0.0
5038,6.4745,32.44096104831721,5.010573951396589,7.4199553981024735e-06,0.00125,31952.351342133625
5039,1.38875,8.755471889595809,6.304570217530736,0.030619121816387707,0.00025,0.0
5040,2.0205,14.57191356398428,7.21203343923993,0.008748558118156557,0.00025,182.38970788962928
5041,2.2475,16.23145430259391,7.222004139085166,-0.004684673149583096,0.0005,966.8756608919576
5042,83.7475,118.99048460951364,1.42082431845146,-0.003848530814594575,0.02075,6188.06524626537
5043,5.41625,29.358533117378347,5.420453841196094,-0.0038760072175287874,0.00125,15928.646931669375
5044,1.26175,5.752826321919735,4.559402672415087,-0.08198356182455036,0.0,0.0
5045,1.4625,7.8946611813802505,5.398058927439488,-0.06740591566826593,0.00025,402.998166668315
5046,11.3375,50.00420681227462,4.410514382560054,0.014960426391620985,0.0025,2483.3500877300785
5047,3.07625,20.15329935286531,6.5512553767949,-0.008175380657778453,0.0005,4946.172326547997
5048,2.99225,21.313851364840207,7.12301825209799,0.016140396321213446,0.00075,832.6167427506768
5049,2.729,18.25696821003026,6.689984686709512,-0.013274281216530737,0.00075,2674.2574130262383
5050,12.416,49.79242678803033,4.010343652386464,-0.024170629241873742,0.003,20200.39819380317
5051,8.3315,39.73179786632392,4.768864894235603,-0.007288847802920939,0.00275,14559.291211852224
5052,1.371,8.389216515171995,6.119049245202039,0.012060966936337736,0.0,0.0
5053,1.3385,7.01924035660526,5.244109343746926,0.004425289333765181,0.0,0.0
5054,5.7915,33.17212120375013,5.727725322239511,0.00968695198575431,0.00075,2699.3684952056797
5055,1.41675,9.052599451356867,6.389694336585048,0.04511286844885887,0.0,0.0
5056,15.38225,56.314562658599755,3.6610094530123845,-0.022211294571863993,0.0035,20836.764432547552
5057,2.18225,15.92585769035041,7.297907063970861,0.015674825024432737,0.0005,240.5516886028375
5058,1.8705,12.527388539352645,6.69734752170684,-0.019820460073795676,0.00025,0.0
5059,1.54725,9.979261688795589,6.449676321729254,-0.017353712977003055,0.00025,0.0
5060,1.752,12.831237514910281,7.3237657048574665,0.023026041632425054,0.00025,0.0
5061,13.354,52.907707287054066,3.961937044110684,0.0021850194188026695,0.00475,16684.138779868936
5062,1.68425,12.665115602544118,7.519736145194667,0.05232938848170532,0.0005,0.0
5063,6.66775,33.59817062288959,5.038906771083138,0.015229339713038748,0.0015,32757.240328784184
5064,9.3125,43.02041413978008,4.619641786822022,0.02724752169015754,0.0015,20425.7237850657
5065,4.3995,24.79384164255005,5.635604419263564,-0.034243976488685046,0.0005,21409.737385265787
5066,2.10275,14.358838271135456,6.828599819824257,-0.029308701717378982,0.0,327.5461173186265
5067,1.80975,12.089668935137981,6.680297795351834,-0.03526659917810315,0.0,357.36069365679344
5068,1.357,7.884452558550721,5.810208222955579,-0.014888891872622989,0.00025,0.0
5069,1.17425,4.116080959859393,3.505285041396119,-0.09457132795237788,0.0,0.0
5070,1.74525,11.974042628190173,6.860932604606889,-0.007001702581433067,0.0,0.0
5071,5.587,29.40370853342959,5.262879637270376,-0.0032082506029824653,0.0015,24901.603331650593
5072,10.55025,45.251054014352555,4.289097795251539,0.0066833209198424726,0.002,21686.99174187884
5073,5.4625,29.887362000548627,5.471370617949405,0.00387722412905922,0.0015,16903.681901045617
5074,2.57375,18.83039316807315,7.316325660251831,0.022791936947158975,0.00025,747.7867310059968
5075,2.79425,18.194798146926555,6.511514054550078,-0.014755698674393969,0.0005,3192.7772235697535
5076,21.4675,68.12708175584171,3.1734986261018614,-0.036004514773384955,0.00575,15393.78947270267
5077,1.265,6.29818956510119,4.978805980317146,-0.04264909663471983,0.0,0.0
5078,2.491,17.145215326794546,6.88286444271158,-0.01792450719944849,0.00025,980.5814615913915
5079,2.223,14.266785071944986,6.417807049907776,-0.03210188695413052,0.00025,1866.7292290785772
5080,13.83625,52.78689278552004,3.8151155685622937,0.0011921759969890644,0.00275,19997.735706905114
5081,9.07625,41.58703291007986,4.58196203388843,0.012530870916681147,0.0015,18064.572504474276
5082,1.62325,11.458888950133556,7.059226212926879,0.008862740887366938,0.00025,0.0
5083,3.228,22.616938286920462,7.006486458153798,0.01678622083678527,0.0005,831.8713605217245
5084,3.38525,22.675611971500807,6.698356686064783,0.01791142449853078,0.00075,3170.2992547157187
5085,1.19275,3.588637208851599,3.0087086219673855,-0.15412568052539843,0.0,0.0
5086,2.2985,16.044695566259694,6.9805070986555116,-0.009710625388647198,0.0,414.6526024848881
5087,3.0595,20.824045475543212,6.806355769094039,0.006043566997530725,0.00075,2695.385235102168
5088,85.958,119.60774322367163,1.391467265684074,-0.0016014679548845834,0.02125,2552.8871935503735
5089,1.21775,6.470494707743814,5.313483644215819,0.10188224999529027,0.0,0.0
5090,2.02775,15.69009320219843,7.737686205004773,0.04085749502723779,0.00025,0.0
5091,1.512,9.725456396772923,6.432180156595849,-0.028542133298070205,0.0,416.50300612606054
5092,2.07675,15.152351562611308,7.296184693685474,-0.005947967419492439,0.0,381.29919706630756
5093,1.39425,8.475834878153325,6.079135648666541,0.01652205121835182,0.0,0.0
5094,31.0745,80.4993788003784,2.5905285298356655,0.0364682280305868,0.00675,29138.10679373614
5095,1.30025,5.846079378397512,4.496119498863689,-0.07500011674183849,0.0,431.6893347608035
5096,1.10725,0.5548192440772035,0.5010785676922136,-0.08390246928776934,0.0,0.0
5097,1.283,6.2048397246828415,4.836196200064569,-0.04913425682670758,0.00025,0.0
5098,2.54225,17.684906104174775,6.9563992936079355,-0.004464692665986814,0.0,1000.2924044286116
5099,2.7965,19.716357965985015,7.050369378145902,0.020123753951338808,0.00075,1315.5598024858257
5100,6.27975,32.1120816264548,5.11359236059633,-0.0044178324572923255,0.0015,26221.553619616396
5101,1.1665,4.169307320273084,3.574202589175383,0.7920099226293045,0.0,0.0
5102,6.6885,33.3005585471158,4.978778283189922,0.011365226402185291,0.00125,16830.256479241347
5103,1.1475,0.5584099796980321,0.48663179058652034,-0.0811008143528808,0.0,225.97474755147897
5104,4.02225,22.32361621462178,5.55003200065182,-0.05388938726342962,0.0005,26010.334919312954
5105,1.34125,7.128674697181416,5.314948516071885,0.011143972326282947,0.0,0.0
5106,1.255,5.376588316533208,4.284134116759528,0.021451547640309876,0.0,0.0
5107,1.396,8.233901461841818,5.898210216219067,0.003945229127579664,0.0,0.0
5108,13.15825,51.900853861910576,3.9443583958285164,-0.0061594198903787145,0.00325,41165.90785544086
5109,1.5885,10.926322065474256,6.878389717012437,0.022021873309002293,0.0,0.0
5110,1.478,9.86576653572009,6.675078846901278,0.029391422462044514,0.0,0.0
5111,5.10875,27.63905575066191,5.410140592250925,-0.030087157826259148,0.00175,41865.00353581201
5112,2.0815,16.13902025352487,7.7535528481983516,0.021449160974766235,0.00025,0.0
5113,3.285,22.067091202252556,6.717531568417825,0.006097497761345494,0.001,2198.574083443002
5114,2.93275,19.044747387094944,6.493818902768713,-0.03274632004063971,0.0,2839.425519422991
5115,1.91375,14.093703170379445,7.364443198108136,0.031344113083123126,0.0,0.0
5116,2.6315,17.52501039221694,6.659703740154643,-0.03104465638823206,0.0005,3411.36778261596
5117,1.4875,9.354796727104837,6.288938976204932,0.006294943430210087,0.00025,0.0
5118,1.44225,7.783239019836791,5.39659491755021,-0.07357904396117776,0.00025,406.26698407482303
5119,2.418,16.84154640825347,6.965072956266944,0.011339859814970099,0.00075,819.6925317412581
5120,4.16925,27.508331129093907,6.597908767546659,0.036810308657804436,0.0005,0.0
5121,1.4145,8.590671665237533,6.073292092780157,0.02236668445188561,0.0,0.0
5122,1.07,0.3600450084392582,0.3364906620927646,-0.27169719122428226,0.0,0.0
5123,1.079,0.43394248065743657,0.40217097373256405,-0.19062181826195684,0.0,0.0
5124,2.21125,16.332768083390405,7.386215074455808,0.026631789727439736,0.0,0.0
5125,2.693,20.405694035912422,7.577309333795923,0.035048429969271266,0.0005,0.0
5126,4.04725,26.151022665167577,6.461430024131837,0.014834742284867808,0.00125,1680.846853841556
5127,10.259,44.42233396545858,4.3300842153678305,-0.0013440057827760477,0.00125,20735.944660225643
5128,1.28925,6.5918849864373845,5.112961013331304,-0.022855203384879785,0.0,0.0
5129,7.09375,35.01803144908551,4.936462583130997,-0.014707276111407985,0.00225,25346.18212768184
5130,1.42525,8.666007579003137,6.080342100686292,-0.026920347088605023,0.0,0.0
5131,2.22575,16.2002746631744,7.278568870346804,0.023094372101682525,0.00025,345.23373008123633
5132,1.6235,11.911453245914515,7.336897595266102,0.02568498067053082,0.00025,0.0
5133,8.38775,40.89067634303018,4.875047103577262,0.005197228808659027,0.0025,32868.21800784089
5134,1.679,12.699223463233581,7.56356370651196,0.053497395625678124,0.00025,0.0
5135,79.30175,117.37855267507146,1.480150850076719,0.004779974516398333,0.0195,6507.841227114438
5136,3.18425,22.144974642409917,6.954533922402423,0.007627595151442845,0.00125,864.3761725176262
5137,1.99675,15.176769189068356,7.600735790193242,0.026411300991969977,0.00025,0.0
5138,3.87275,25.05619705163121,6.4698720680733866,0.02698229227495763,0.0005,718.9245967202057
5139,1.66825,10.470343784338722,6.2762438389562245,-0.030318828161792766,0.00025,166.20817147383877
5140,1.16175,3.6494405792717615,3.1413303888717548,0.7341723112086502,0.0,0.0
5141,2.445,18.471119905615954,7.5546502681455845,0.014425776560990311,0.0,0.0
5142,2.32925,17.70754736675682,7.602252813891519,0.03311630563765955,0.0005,0.0
5143,2.3485,18.122931824472513,7.716811507120508,0.04318635015767058,0.0005,0.0
5144,3.4655,24.265335591700442,7.001972469109924,0.04733870985209876,0.0005,0.0
5145,23.68675,71.33069564691534,3.0114175919835073,-0.01604784151207861,0.0055,18663.110553272072
5146,3.09675,22.031267181460656,7.114318941296732,0.03051794084678572,0.00025,0.0
5147,3.552,21.38799096547838,6.021393852893688,-0.041762871598618245,0.0005,6736.7476191043215
5148,3.0525,21.410496166285395,7.0140855581606525,0.018105195223345305,0.0005,439.6501878258797
5149,10.65275,47.429305837219985,4.452306290602895,0.027101389895673345,0.0035,25253.82773503798
5150,12.2335,49.978279630842785,4.08536229458804,0.014735186302478942,0.00225,18275.48634157916
5151,1.47025,9.272707841573506,6.306891917410988,0.0024671649247568483,0.0,0.0
5152,8.49225,39.75037060114323,4.6807819601569935,-0.007085883124221093,0.0015,22774.93688259579
5153,2.36275,14.925560476122214,6.317029087344075,-0.041111458063241235,0.001,6426.430834262886
5154,1.883,12.165414515238762,6.460655610854361,-0.03255409608805193,0.0,1177.3779743182995
5155,1.6305,9.780408163566667,5.998410403904733,-0.05992279026477687,0.0,402.2387280000549
5156,2.505,18.28221909079204,7.298291054208399,0.009961458153716851,0.0005,282.48147096110006
5157,3.7685,23.43956614498797,6.219866298258716,-0.001983294736195962,0.0005,5062.194652380259
5158,12.87125,51.26707765955104,3.9830690616335667,-0.011495360349757178,0.00225,19709.75598539615
5159,1.57525,9.468513643923016,6.010800599221086,-0.040170315050839345,0.00025,767.7682715877439
5160,1.646,10.372322800128597,6.301532685375818,-0.03440374562940285,0.0,660.1484532734225
5161,3.65975,19.87389551316543,5.4303970252518425,-0.07364986138562779,0.00025,27130.890207228083
5162,1.244,5.52214519203185,4.439023466263545,0.03305258488708329,0.0,0.0
5163,1.33875,6.584590924796449,4.918461941958131,-0.02333602558138126,0.00025,369.2635093279459
5164,1.21275,5.183117171490854,4.27385460440392,0.005535790439556543,0.0,0.0
5165,3.26075,18.334552036717366,5.6228021273379944,-0.07437728874765903,0.00025,26000.21690734061
5166,9.94475,43.86331263124397,4.41070038273903,-0.006843951352723199,0.003,35869.04772490506
5167,1.064,0.2973652745809969,0.2794786415234933,-0.3547637340403151,0.0,0.0
5168,2.12525,15.885154924464654,7.474487671786687,0.014563449131866246,0.00025,0.0
5169,13.9745,53.96708683415608,3.861825956861145,0.010795052581853648,0.00375,33261.75994362626
5170,1.9025,13.956456907910244,7.335851199952822,0.027094171553395663,0.0005,0.0
5171,1.97275,14.85921284890698,7.5322331004470815,0.017227775381952526,0.00025,0.0
5172,1.37525,8.062920693522138,5.862876345044273,-0.0051680480796302275,0.00025,0.0
5173,6.63725,32.93823605304436,4.962633026184695,0.006614046064795431,0.0015,22645.831838198133
5174,2.0865,15.559757204438158,7.457348288731444,0.005574810312774625,0.00025,0.0
5175,3.8275,22.48260684735343,5.873966517923822,-0.020086197525155614,0.00025,32411.602029451395
5176,2.70775,19.890682485775535,7.345834174416226,0.023946744259019548,0.0005,227.66679139455277
5177,2.72225,19.11857695890919,7.0230790555273,0.006752623012490799,0.0005,1206.6458222909741
5178,1.74175,12.791167281667727,7.343859498589193,0.021667676130752156,0.0,0.0
5179,1.32825,7.01586113847606,5.282033606983671,0.004216159985390822,0.0,0.0
5180,3.001,20.548748423333265,6.847300374319649,0.0002638386299147477,0.00025,1358.1555651374733
5181,8.61225,40.24856378380681,4.67340866600561,-0.0016766773928609258,0.001,20440.15169498721
5182,5.32925,31.169820882882338,5.848819417907274,0.022123946890646673,0.00025,3306.66287880626
5183,2.29925,16.831162213075505,7.320283663401329,0.011071999046269987,0.00025,201.99254259431817
5184,2.80825,19.184668222599075,6.831538581892308,0.008251352400670875,0.0,1579.6511888731602
5185,7.78475,38.61448157083358,4.960272529090027,0.027751203947024017,0.00175,28545.162795663386
5186,1.7665,12.430028324627333,7.036528912894046,0.009229615776940037,0.0,0.0
5187,2.76775,19.691070171492065,7.1144684929968625,0.019566379281927837,0.0005,404.22275094472036
5188,2.761,19.321172478048055,6.9978893437334495,0.011330536865258978,0.0,641.6881263132066
5189,3.7695,21.486048550642813,5.699973086786793,-0.03977631083223421,0.00025,30809.344475416303
5190,2.18325,15.855125849119673,7.262166883829003,0.013741687931764224,0.0005,146.5882890129969
5191,1.6285,11.170482651643466,6.859369144392671,-0.0022078313271460814,0.0,0.0
5192,1.6955,11.334676813858374,6.685152942411309,0.0041293718371089305,0.0,0.0
5193,5.008,27.863067376563333,5.563711536853701,-0.02658143459247153,0.001,22056.279778963824
5194,9.48475,42.67499919539052,4.499327783588447,-0.018771856985071,0.003,29370.209707170026
5195,4.46375,25.237331805614215,5.653840785351826,-0.026544361938773076,0.00075,27443.571370934034
5196,1.9705,14.430217862072862,7.323125025157505,0.00450485959900826,0.0,0.0
5197,2.654,18.72532892864292,7.055512030385426,-0.002273485316673707,0.0,403.3348295016777
5198,14.19675,54.83807840495769,3.8627205807637446,0.01774830544187944,0.00325,29039.528428274396
5199,75.573,115.75068996147124,1.531640797129547,-0.0012851872473396142,0.02025,4762.170767252296
5200,25.241,68.27827179710908,2.705054149879525,-0.03504178089499099,0.007,229677.25013850234
5201,1.18775,3.770219300769384,3.1742532525947245,-0.13268862396888526,0.0,0.0
5202,2.5485,18.783339724681635,7.370351078941194,0.021705362448560583,0.0005,279.32844585836546
5203,1.49225,9.770609302343164,6.54756863953303,0.025182235878142167,0.00025,0.0
5204,14.27225,54.72751506476236,3.834540108585707,0.016871806473078177,0.0025,19912.715819582918
5205,7.681,37.553905428773156,4.88919482212904,0.01565610373498849,0.0025,35496.77512972509
5206,1.34975,8.049106904992133,5.963405745502599,-0.00591274064746794,0.0,0.0
5207,10.264,46.64528646806043,4.54455246181415,0.019862386019136258,0.00175,2847.875773429485
5208,1.6095,11.581301368384574,7.195589542332758,0.01347759321832731,0.0,0.0
5209,6.9785,34.131001583124785,4.890879355610057,-0.025849971578232767,0.00125,28799.944248471973
5210,1.606,11.11969765411721,6.923846609039359,-0.0041867908554829025,0.0,0.0
5211,9.0485,42.149730695455524,4.658200883622205,0.01836773900478872,0.00225,18038.27640750876
5212,5.73325,30.57041432489097,5.332126511994239,0.013690965093128504,0.002,15966.198680784246
5213,1.75375,12.95783883733447,7.388646521644745,0.02729007161661845,0.00025,0.0
5214,1.71775,11.489303110240837,6.688576981656723,-0.024948815378339262,0.00025,551.4901711760126
5215,1.25375,6.490099481927942,5.1765499357351485,0.10319611749493285,0.00025,0.0
5216,1.216,4.673468126143745,3.8433126037366323,-0.03941595126210917,0.0,0.0
5217,1.12,0.6929791158568586,0.6187313534436236,0.01266616099301332,0.0,0.0
5218,6.44325,32.64930740086134,5.067211019417427,0.0027876813497289543,0.00125,28975.657832433833
5219,4.966,27.124763265244344,5.462094898357701,-0.03824440320986877,0.00125,16399.947645720695
5220,1.4735,8.767811379078292,5.950330084206509,-0.021848213293338303,0.0,298.5481700703982
5221,1.90875,14.438301131795011,7.564270403036025,0.041835087983138175,0.00025,0.0
5222,20.874,66.83171585079116,3.201672695735899,-0.04434168954577489,0.0065,25810.35866199551
5223,1.3165,6.576597954882527,4.995516866602755,-0.023863531597158927,0.0,0.0
5224,20.06325,65.21527817593352,3.2504842523486235,-0.05497494987238771,0.00575,12361.389458062147
5225,11.722,49.46470868560066,4.219818178263152,0.010249339399405422,0.00225,24873.06392302712
5226,2.66625,18.34319980762069,6.879774892684741,-0.011227843819003658,0.0,819.0013448768327
5227,2.33025,14.689235117751574,6.303716389980291,-0.04804292429114976,0.0005,1922.8777339413787
5228,2.14475,14.363961093029681,6.697265925179942,-0.029153785528617693,0.00025,1530.7218707978357
5229,2.34225,16.948670428526942,7.236063797001576,0.014093528249371934,0.0005,321.17669893168886
5230,1.29575,6.505640843006517,5.020753110558763,-0.028574741171540352,0.0,0.0
5231,1.31875,7.276632860323929,5.517825865648477,0.02006563863692168,0.0,0.0
5232,1.37975,8.240389307641076,5.97237855237621,0.004287293719633545,0.0,0.0
5233,2.50925,18.148877647873146,7.232789737121907,0.006782321830836047,0.00025,349.5124515218374
5234,84.79775,119.58665513743263,1.410257408214636,-0.0016780453293883113,0.02425,22400.638801581368
5235,1.94525,13.137290418399997,6.753522898547743,-0.0362622276487059,0.0,606.3742716377257
5236,8.11,38.362837836006186,4.730312926757853,-0.022516339155762788,0.002,23321.022820019414
5237,1.666,11.728675733373082,7.040021448603291,0.018969209621522154,0.00025,0.0
5238,1.373,7.461822210269717,5.434684785338468,-0.038815539127226906,0.0,0.0
5239,5.56475,28.038506502651398,5.038592300220387,-0.023855482915957404,0.00025,30448.741301697242
5240,1.9545,14.506172376242201,7.421935214245178,0.006784805498768476,0.0,0.0
5241,1.819,13.693451597539736,7.528010773798646,0.018831923596162037,0.0005,0.0
5242,2.486,18.097187103118028,7.27964082989462,0.005543625507438588,0.0005,591.3181743694978
5243,75.5795,115.28850350104246,1.5253938369669349,-0.003022773793809108,0.01925,8275.638032647152
5244,1.40775,8.25178846921897,5.86168600193143,0.004887650304063795,0.0,0.0
5245,3.5155,25.083122822181217,7.135008625282667,0.027448741150786216,0.0005,0.0
5246,1.4425,9.89389539269091,6.858852958537893,0.030627902687360375,0.00025,0.0
5247,1.1635,4.258908583848848,3.660428520712375,0.8012443325887182,0.0,0.0
5248,1.66275,10.934459430546148,6.57612956280027,-0.011482452158718015,0.00025,6297.0
5249,2.943,17.581055838063175,5.973855194720753,-0.06747658324918815,0.00025,45642.00263051331
5250,1.28,7.365674666371215,5.7544333331025115,0.025347707961578037,0.00025,0.0
5251,5.8175,30.486702896728247,5.240516183365406,-0.02697583310937257,0.00125,24117.58667436147
5252,3.16975,16.132451733609322,5.08950287360496,-0.1299472177478771,0.0,24221.23776064911
5253,52.13425,102.14717929780109,1.959310420650553,0.13990207750806793,0.015,27478.761889813948
5254,1.51,9.573051280950445,6.339769060232083,-0.03540173902086219,0.0,0.0
5255,2.984,18.813684718395034,6.30485412814847,-0.038047674717167634,0.00025,8135.988730516246
5256,1.4335,8.959137474448728,6.249834303766116,-0.01247321088634823,0.0,0.0
5257,1.39175,6.5647205444296395,4.716882015038362,-0.09444419299545415,0.0,238.42967040797487
5258,1.76,13.0438658230182,7.411287399442159,0.030163820240978412,0.0,0.0
5259,2.6105,17.62241263581059,6.7505890196554645,-0.006002084786183692,0.00075,1912.2167542856191
5260,1.73825,11.948699920700525,6.87398240799685,-0.007921848096850814,0.0,0.0
5261,77.0375,116.1726564871391,1.5080013822766718,0.0002951446913339595,0.0195,8582.894381261516
5262,2.112,14.63461646233853,6.929269158304228,-0.02104666051356796,0.0,378.90997737921504
5263,2.17775,16.694604888873496,7.665987780449314,0.03614813943510953,0.0,0.0
5264,3.3685,23.917864114630962,7.100449492246092,0.041074802014496425,0.00075,208.4187164697473
5265,88.25675,121.03150617012479,1.3713569349667283,0.003537673793653884,0.02275,13716.639495089432
5266,2.51525,18.536805839469285,7.369766758560495,0.015967450026517227,0.00025,160.32792544030218
5267,1.84475,12.18565837388367,6.605587951691921,-0.031832008961350855,0.0,456.76178466704766
5268,2.69875,17.55921638221619,6.506425709019431,-0.03019780988326337,0.0005,4952.507677044911
5269,1.6675,12.124817382094346,7.2712548018556795,0.03339543645416354,0.0,0.0
5270,5.96075,31.121605807292564,5.221088924597167,-0.018024293997279894,0.00025,27684.030599841328
5271,10.5755,47.409510809317524,4.482956910719826,0.026920095530855725,0.00225,8594.265819292841
5272,2.57525,19.28067098173392,7.486912331514967,0.033054692611812264,0.00025,0.0
5273,1.65625,11.688102449594547,7.05696751673633,0.01746423991534085,0.0005,0.0
5274,6.313,32.01961656486911,5.072012761740711,-0.005670164610472872,0.00075,14971.014894198775
5275,5.49625,30.191097388599214,5.493035685894785,0.008268539359381322,0.001,15823.061721878556
5276,1.338,6.849378402170813,5.119116892504344,-0.006213664683269338,0.00025,626.5888686919981
5277,3.61675,22.134121832022583,6.1198926749215685,-0.02687056748824368,0.00025,5714.410391434807
5278,1.299,7.70648729880363,5.9326307150143425,0.04499164229942432,0.0,0.0
5279,55.27025,104.03100656784677,1.8822242810164018,0.14783849961485962,0.01475,17079.697830410478
5280,2.57,18.600634287544466,7.237600890095123,0.017460303060419013,0.0005,476.1524657173404
5281,2.80275,19.283978074818936,6.880377513092118,0.010493688473432128,0.00075,2452.3182392640742
5282,2.00675,15.095717094797168,7.522470210438355,0.02408571986386021,0.0,0.0
5283,3.8715,21.070512081338755,5.442467281761269,-0.04825777308452439,0.0,25326.172681424676
5284,1.25775,6.149940681022462,4.889636796678563,0.0798156904927334,0.0,0.0
5285,1.65375,10.816635837459357,6.5406717082142745,-0.01618756113704145,0.00025,338.99288479494413
5286,2.191,14.70755238046957,6.712712177302406,-0.01888760184376448,0.00025,1484.9692480609515
5287,2.2425,16.692478949016706,7.4436918390264015,0.007478730665349653,0.001,317.37686357302806
5288,2.6685,20.4200233126219,7.6522478218556875,0.035353293004843245,0.00075,577.2103643234263
5289,4.06525,23.18202631401116,5.702484795279789,-0.03750254036162337,0.0005,64790.45852335185
5290,2.67275,16.61781259255683,6.217496059323479,-0.05412908365798663,0.0005,12715.506047510506
5291,2.103,15.058604895386186,7.160534900326288,-0.008643267120300724,0.0,402.2220370552124
5292,4.2345,24.1672717534686,5.707231492140418,-0.01942630921209365,0.00075,26622.800258573247
5293,1.5185,8.797158930661242,5.793321653382445,-0.07210968630586256,0.00025,652.358768146691
5294,8.9605,41.102381819035735,4.587063424924472,0.007439924139141851,0.0015,32971.06504030125
5295,1.204,4.503271462333341,3.7402586896456325,-0.05552710881679801,0.0,0.0
5296,1.11125,0.5907289375588581,0.5315895951035844,-0.056665739778729324,0.0,0.0
5297,2.052,14.94558927107476,7.283425570699201,0.019745014609681366,0.0005,352.28684710495605
5298,3.38925,20.647888954250668,6.092170525706474,-0.022771936294305295,0.00025,6902.923907687691
5299,2.963,20.59910706324307,6.9521117324478805,0.0013268583226577757,0.00025,845.6652409804068
5300,1.2115,4.0799423074729955,3.3676783388138634,-0.098401214353667,0.0,0.0
5301,2.3945,18.123851363522647,7.568950245781018,0.04320838525708237,0.00125,480.7696713877053
5302,19.315,63.76046678217679,3.301085518103898,0.03171947752975135,0.00375,19687.60351832431
5303,1.14875,3.7830148344685948,3.293157636098886,0.749784058721459,0.0,0.0
5304,12.86625,51.3061540294907,3.9876540584467652,-0.01116446207582844,0.0025,23200.879103120184
5305,1.65525,12.100929946243426,7.310635823134526,0.032538977018801596,0.0,0.0
5306,1.4385,8.033607686657087,5.584711634798114,-0.059828792037789125,0.0,962.3967440451596
5307,1.4085,9.043952455591791,6.420981509117352,0.04469783437486219,0.0,0.0
5308,2.34775,15.593928709297337,6.64207377672126,-0.02208656212237603,0.00025,1104.6093413921055
5309,1.571,11.234990665497383,7.151489920749449,0.03412059155490432,0.0005,0.0
5310,1.8305,12.64311005282925,6.90691617199085,-0.015827089131428496,0.0,627.191819293995
5311,1.17375,3.856459387476006,3.2855884025354682,-0.12286647418437946,0.0,0.0
5312,1.94275,13.849509907165206,7.128817350233024,-0.013333623074452516,0.00025,437.0659880854351
5313,4.226,22.55983511775153,5.338342432028284,-0.04931801361433674,0.00075,39910.0686829061
5314,1.3,5.142286532049184,3.955605024653218,-0.13070855248419566,0.0,490.4216839063788
5315,1.2295,5.718391797628754,4.650989668669177,0.048218671545921965,0.0,0.0
5316,8.05425,38.94181458494573,4.834939887009434,-0.016010880532395744,0.00125,24799.089242424332
5317,1.1965,5.014296914163126,4.190803939960825,-0.008845189846961476,0.0,0.0
5318,2.073,15.309090863463005,7.384993180638208,0.03018137235015228,0.00025,0.0
5319,11.61275,47.50192517847477,4.090497528877722,-0.007334905059171337,0.0035,30189.727208979988
5320,1.251,5.654068545992408,4.519639125493532,0.04330583293458956,0.0,0.0
5321,1.93525,14.103733061110622,7.287809358537978,-0.005433948807525901,0.00025,254.44427549354194
5322,1.488,9.557781845096153,6.423240487295802,0.015617701986306631,0.0,0.0
5323,9.71325,46.197441220605846,4.756126036147102,0.01567254297812215,0.003,639.9615563764488
5324,20.48525,66.4100960521208,3.2418494307914623,-0.047090192595355296,0.00575,11988.036690957237
5325,2.5425,18.706567768284415,7.357548778086299,0.019926660613106106,0.0,270.6433472724115
5326,1.71,10.882118595488729,6.3638120441454555,-0.04852904788075629,0.00025,335.5425903259067
5327,1.1665,3.7815807327372437,3.2418180306362996,0.74961939096881,0.0,0.0
5328,1.98675,14.924971126547687,7.512254247664622,0.01914547126679933,0.0,0.0
5329,3.33025,24.066636359988507,7.226675582910745,0.04376780377999112,0.00075,0.0
5330,38.3045,89.80547608934496,2.3445150332035394,0.08397851857440997,0.00925,6052.202571337749
5331,2.542,18.11569155649716,7.12655057297292,0.005987466648497808,0.00025,273.598203532371
5332,1.75525,13.03761259867267,7.427780999101365,0.029955569708896235,0.0005,0.0
5333,1.95875,15.364067237486939,7.8438122463239,0.0317381707314468,0.00075,0.0
5334,1.31225,7.686027497490043,5.857136595534421,0.04383710918227035,0.0,0.0
5335,1.517,7.806724488337552,5.146159847289092,-0.12398327167473999,0.0,532.0273277627334
5336,88.429,121.26300605774021,1.3713036001508578,0.004367565923042882,0.02375,9282.007650276939
5337,85.27825,119.7947495612521,1.404751499488464,-0.0009229801407766303,0.02225,4227.694054245592
5338,1.534,10.19305246624606,6.644753889339023,-0.008147864727833465,0.00025,0.0
5339,1.90475,13.783238801365368,7.236245597251801,0.021670273149762664,0.00025,533.3749782194037
5340,1.25625,5.898837598099493,4.695592117890143,0.061711203363637335,0.0,0.0
5341,7.6945,37.079932579496756,4.81901781525723,0.010139931289745219,0.001,27737.001730368636
5342,1.5445,9.696959704303032,6.278381161737152,-0.029816533466239248,0.0005,535.3379961713905
5343,1.34025,7.260796080832449,5.417493811477299,0.019119415106907067,0.0,0.0
5344,1.1755,4.5553142012234416,3.8752141226911454,-0.05053689868089162,0.0,0.0
5345,23.91075,71.26324365976986,2.9803851263456753,-0.01645871490737294,0.0065,45403.43977666078
5346,3.134,21.223386912507856,6.771980508139073,0.014293155020186576,0.001,1488.7377694396935
5347,1.948,13.653402500840679,7.008933521992136,-0.01952713499136305,0.00025,253.46942629854777
5348,3.2135,22.117882311140963,6.882801403809231,0.007095950686934138,0.00075,238.94846035114398
5349,1.83675,13.68687079085323,7.451678666586759,0.018623159941380196,0.0,0.0
5350,37.51525,89.13174453811955,2.37588032968245,0.08070810589392763,0.013,25396.281858423717
5351,1.4995,8.827626039619819,5.887046375204948,-0.018895484530934148,0.0,183.6600578109959
5352,1.17025,4.688577676402185,4.006475262894412,0.8429871298396918,0.0,0.0
5353,1.16725,4.105970309871515,3.517644300596715,0.7853618190888454,0.0,0.0
5354,2.02225,11.3038577148383,5.589742966912251,-0.1015413460852479,0.00025,5173.421298063209
5355,2.3455,15.562910421743059,6.635220815068454,-0.022951288837224526,0.00025,2979.6550440578853
5356,1.1345,3.209203093623716,2.8287378524669156,0.6783432165952452,0.0,0.0
5357,73.539,115.00831364319609,1.5639091317966805,-0.004079540193774545,0.0215,8491.7806935773
5358,1.53975,10.61605364936856,6.894660593842222,0.009510980245506673,0.0,0.0
5359,11.5085,48.17385813801896,4.185937188862055,-0.0012346869202297661,0.00225,25355.14935489892
5360,1.28425,6.3985300838793115,4.982308805823876,-0.03578460847274989,0.0,0.0
5361,1.236,5.846439019805396,4.730128656800482,0.057836187878459566,0.0,0.0
5362,1.23575,5.699192235355278,4.611929787865894,0.04675806976087904,0.0,0.0
5363,1.82675,13.261285754498529,7.259496786368429,0.004904625913285443,0.0,0.0
5364,4.39475,24.50181640591769,5.575246920966538,-0.039389518204284935,0.0005,16091.39788056935
5365,1.4935,9.17125867841686,6.140782509820462,-0.0023104685671482272,0.0,0.0
5366,1.92,12.32256310149587,6.418001615362432,-0.02697995666079467,0.0,4550.397357910969
5367,2.613,16.512719293763176,6.319448639021498,-0.03424885277076939,0.0,4436.938184908038
5368,1.11025,0.690082597228585,0.6215560434393921,0.010847089748097116,0.0,0.0
5369,1.2745,6.97487003126139,5.472632429393009,0.0016712947608634732,0.0,0.0
5370,1.6,9.472086892946395,5.920054308091497,-0.04000645093800825,0.0,402.54680099245576
5371,4.51925,24.415756423423215,5.402612474066098,-0.040917615855429856,0.001,28970.60705614524
5372,1.1975,5.622801590348987,4.6954501798321395,0.04089752266145408,0.00025,0.0
5373,1.32075,7.895153754088654,5.977780620169338,0.05549576741157547,0.00025,0.0
5374,1.062,0.39710883124902174,0.37392545315350445,-0.22914444020188734,0.0,0.0
5375,1.74625,13.023584928067796,7.458030023231379,0.029488043953815657,0.0,0.0
5376,15.344,57.025938426415685,3.716497551252326,-0.016759569468829172,0.00425,29659.33062821632
5377,2.36125,17.40213943892425,7.369884357405717,0.02556053767603128,0.00025,308.13865714406694
5378,1.42375,7.421081730516972,5.212348888861789,-0.09427219698084255,0.0,469.21523548970913
5379,1.07125,0.3459817384499292,0.3229701175728627,-0.28900080904955816,0.0,0.0
5380,1.58225,10.716223415857597,6.772775108773959,0.013589634995034405,0.00025,0.0
5381,1.63375,12.204296257846552,7.470112476111126,0.03623297180127305,0.00075,0.0
5382,1.52225,9.933638519246497,6.525628851533254,-0.019343772209453602,0.0,0.0
5383,5.83525,30.320759300331467,5.196137149279203,-0.029346218734017437,0.00075,17556.841945175398
5384,64.7235,110.2683967761475,1.7036840834650089,-0.022357715379758947,0.01725,15303.66525178861
5385,1.43775,8.535211619921865,5.936506082366103,-0.033525118232686446,0.0,0.0
5386,2.44525,17.614541448902774,7.203574869196513,-0.006196109110121251,0.00025,289.637337620989
5387,2.659,19.118880770078437,7.190252264038525,0.0067595242827207525,0.0005,532.1044147413501
5388,1.5215,10.48382160182272,6.890451266396792,0.0040674977857071415,0.00025,0.0
5389,1.36125,7.424016934541641,5.453823276063648,-0.041021482342904814,0.0,0.0
5390,1.341,5.8912558698405695,4.393181110992222,-0.07165693919472205,0.0,259.9097549149043
5391,2.5795,19.304749366076255,7.483911365022778,0.033596716553297545,0.0,212.43653871462396
5392,2.2295,16.941681879206207,7.598870544609198,0.042528516927393234,0.00025,0.0
5393,2.64225,18.17488229739415,6.8785627012561825,-0.015231333561101845,0.00075,1800.3473154417516
5394,1.157,3.2321761617655014,2.793583545173294,0.6814410373051429,0.0,0.0
5395,1.2965,6.634236280292983,5.117035310677195,-0.020073889692703406,0.0,0.0
5396,1.82575,12.899844512032253,7.065504319886212,-0.007096531859845934,0.00075,465.5342274328541
5397,1.58425,10.863535614108779,6.857210423928533,0.01951906808339765,0.0,0.0
5398,1.57,11.13791332693515,7.094212310149777,0.030351709601827093,0.00025,0.0
5399,1.71125,12.550229101499502,7.33395418641315,0.013409151329788926,0.00025,0.0
5400,1.4805,10.101194398786241,6.8228263416320445,0.03963331763468292,0.00025,0.0
5401,2.13,14.685231152538963,6.8944747195018605,-0.019547218716879478,0.0,550.1894504067527
5402,9.0455,42.51002476241723,4.699577111538027,0.022064292791850182,0.00275,21527.7279357146
5403,2.85075,19.494216592559944,6.838276450954992,0.015202846469509312,0.0005,1213.0244970325618
5404,14.617,54.65443795243872,3.7391009066455987,0.01629150980654348,0.0045,31930.71761620879
5405,2.60475,17.69047104033432,6.791619556707676,-0.004328054061326858,0.00025,2948.1208518482836
5406,1.9395,15.033989655485344,7.751477007210799,0.02230621872207661,0.0,0.0
5407,1.39375,9.18268976854529,6.588476963978683,0.051309475994698706,0.00025,0.0
5408,18.553,63.217060910782216,3.4073767536669117,0.02800229045872893,0.005,19110.11511314163
5409,1.21425,5.803254809078676,4.77929158664087,0.05461640363291986,0.0,0.0
5410,1.47425,9.965247788106907,6.759537248164767,0.03374869039314343,0.0,0.0
5411,10.485,46.50634886895853,4.435512529228282,0.018566866576127605,0.00475,18954.549270097854
5412,8.12025,40.997957242550704,5.048854067615,0.006335153018420803,0.003,2001.2498762203923
5413,2.2885,16.0442862892256,7.010830801496875,-0.009721703755563915,0.0005,1395.756494635469
5414,1.55425,10.613727890917293,6.828842136668678,0.009415824856013,0.0,0.0
5415,3.7875,21.491307843595912,5.674272697979118,-0.039670018490811865,0.001,28485.07488323593
5416,68.16575,111.37623599055301,1.6339031843785627,-0.018016239041417137,0.01625,13568.559963100388
5417,1.1055,0.6402907488483378,0.5791865661224223,-0.02167675856259632,0.0,0.0
5418,1.196,4.34888631755887,3.6361925732097578,-0.07067718123387179,0.0,0.0
5419,5.51775,32.68422784195622,5.923470226443064,0.04272786958315122,0.00125,60.40106361539324
5420,2.50425,19.344845248719984,7.724805929408,0.034497808893322546,0.001,0.0
5421,6.023,31.340684910075876,5.203500732205857,-0.014977808365776113,0.00125,17364.53923583794
5422,2.43525,18.584729093434994,7.631548749998971,0.017088783848097755,0.00075,0.0
5423,12.1805,49.30533108770711,4.0478905699853955,0.008847763141296872,0.0025,17850.552047306814
5424,1.544,10.761366816252407,6.969797160785237,0.015415310813026384,0.0005,0.0
5425,2.1505,16.07267658117716,7.473925403941948,0.019660200169688613,0.0005,362.6298652251261
5426,3.82225,23.808294009723024,6.2288688625084765,0.004795413445313201,0.0005,2370.1241934350146
5427,11.658,47.85237192004796,4.104681070513635,-0.004142646798092731,0.002,25990.044990149265
5428,1.21975,4.747377627288989,3.8920906966911164,-0.03260145754998289,0.0,0.0
5429,1.4235,8.392899257079455,5.895960138447106,-0.04082740145165642,0.0,0.0
5430,4.30475,24.722321406604053,5.743033023196249,-0.009564686581943427,0.0015,26151.73170011542
5431,1.57025,10.472391450054317,6.669251042862167,0.003593743074366662,0.0005,0.0
5432,1.8,11.931202303083259,6.628445723935144,-0.008558292925343602,0.00025,1215.1792653694424
5433,1.21825,6.311543062631979,5.180827467787383,0.09108031334669575,0.00025,0.0
5434,3.3625,22.76922710975921,6.771517356062219,0.019700696781097315,0.001,1180.2613163667263
5435,1.56475,9.941228014742963,6.353237267769908,-0.01901208936075427,0.00025,343.5969062202557
5436,1.34775,7.324700181282946,5.43476177427783,-0.046870583595784776,0.0,0.0
5437,1.5955,11.073099526929365,6.940206535211135,0.02781707907633124,0.00025,0.0
5438,20.9505,66.7278405234669,3.1850237714358554,-0.045017230731796865,0.00375,17442.145179225852
5439,2.0505,14.884399083739359,7.258912013528095,0.0179632775426688,0.00025,478.36202426271416
5440,1.7955,11.227363589609686,6.253056858596316,-0.03496471533470569,0.0,1532.2096349559142
5441,3.0545,17.403052787128406,5.697512780202457,-0.07189609902083283,0.001,17995.17951541692
5442,1.21775,5.711128538633691,4.689902310518325,0.047666698473735725,0.0,0.0
5443,1.251,6.348745989871621,5.074936842423359,0.0936327151836307,0.0,0.0
5444,1.10875,0.5775004884877163,0.5208572613192481,-0.06650162966975096,0.0,0.0
5445,1.35975,7.372510998099919,5.421960653134708,-0.044045007109215994,0.0,0.0
5446,2.649,19.22405238360299,7.2570979175549235,0.009142000645296022,0.001,292.3242900693557
5447,2.02625,12.332724149949177,6.086477063515941,-0.06370901075809354,0.0,1658.238167635631
5448,1.73975,11.937866145150265,6.861828507055764,-0.008315797503333888,0.00025,0.0
5449,2.74775,19.887898382257884,7.237884953965202,0.02388595170330965,0.00075,658.9597496796583
5450,90.5155,120.95520782638953,1.3362927656190324,0.0032638079254545538,0.01925,14715.721711538185
5451,1.22,5.325616447664712,4.365259383331731,0.017314648888379858,0.0,0.0
5452,1.59275,11.29523319859987,7.091654809982653,0.036443077315465144,0.0,0.0
5453,1.619,11.923857748057003,7.3649522841612125,0.026137016502491672,0.00025,0.0
5454,1.27,6.710466272130227,5.283831710338761,-0.01511212680780738,0.0,0.0
5455,6.098,32.67585230458354,5.358453969265914,0.0031406328280172424,0.0015,10117.458452392439
5456,2.636,18.323412369430947,6.9512186530466415,-0.011696585027465956,0.0,233.36578596935217
5457,11.7025,48.703552260083534,4.161807499259434,0.0035145219164072206,0.00325,24857.893007263876
5458,1.40075,8.548679396102905,6.102930141783263,0.020238593698234664,0.0,0.0
5459,1.1695,3.845772645621482,3.2883904622671927,0.7569296204523639,0.0,0.0
5460,2.68025,19.400092804873626,7.238165396837469,0.01310086692345025,0.00075,384.7213603121098
5461,2.51775,16.901718905572615,6.713025084131711,-0.02413657636185973,0.00025,1691.5389497194724
5462,5.9845,31.349800035096873,5.2384994627950325,-0.014851516520057118,0.0015,15799.086265102995
5463,1.2545,6.121568275330872,4.879687744384912,0.0778074613124109,0.0,0.0
5464,1.61225,11.205212587665782,6.950046573214937,-0.0008596692680711282,0.0,0.0
5465,2.28975,17.416159898034312,7.606140363810159,0.02591029676652723,0.00075,0.0
5466,1.92875,12.907432893239205,6.6921233406295295,-0.043928152566969025,0.0,1196.8848201287155
5467,2.704,19.18027254013035,7.093296057740513,0.008151833380921847,0.0005,1294.9718379740566
5468,1.32325,7.0898043533614015,5.357872173331873,0.008769426100158406,0.0,0.0
5469,2.15075,16.020180585249214,7.448648418109596,0.018239401668052047,0.00025,0.0
5470,14.6965,55.470772839485946,3.7744206334491848,0.022730293954700276,0.00325,19978.7761129935
5471,1.2075,5.117469186298846,4.23806971950215,0.0,0.00025,0.0
5472,2.194,14.242474364344307,6.491556228051189,-0.0328425592079864,0.0,3367.3242092574974
5473,3.47675,22.575559204720747,6.493293795849787,0.015990924578115795,0.001,8706.723955972282
5474,2.1375,15.878479942403816,7.428528628025177,0.014380919145569049,0.0005,0.0
5475,1.40725,9.580440681326307,6.807916632671031,0.06972505002381046,0.0,0.0
5476,76.952,115.74798311374036,1.5041582169890368,-0.0012953434095095417,0.0185,17004.541689456324
5477,1.991,12.981642799062088,6.520162129112048,-0.04143837338323708,0.00025,1757.0775902300595
5478,1.57575,10.560878039904797,6.702127900939106,0.0072479029215637425,0.0,0.0
5479,1.6915,11.973958061890686,7.078899238481044,0.02795796297634645,0.00025,0.0
5480,1.39225,7.573620657913065,5.439842454956413,-0.03235688750294863,0.0,318.9784533690987
5481,9.01725,43.85085149380434,4.862996090138827,0.0355509657388513,0.00275,1250.1862479870426
5482,1.821,11.689551762368877,6.419303548802239,-0.049883149038986385,0.0,943.2059865026467
5483,1.25375,5.741088830765529,4.579133663621558,0.0499390303398648,0.0,0.0
5484,8.97625,41.73309955942895,4.649279995480178,0.014053576243901356,0.003,26256.188736739507
5485,3.315,21.196523256174284,6.394124662496013,-0.011382960227534156,0.0005,4107.615824017166
5486,1.263,6.063251747654789,4.800674384524774,-0.05915922405889318,0.0,0.0
5487,1.19125,3.8654118525323318,3.2448368121992295,-0.12185946233594513,0.0,0.0
5488,1.09575,0.6835193758660365,0.6237913537449569,0.006696844525632212,0.0,0.0
5489,1.07725,0.44082992214125355,0.4092178437143221,-0.18378292020832643,0.0,0.0
5490,7.166,36.553535865167156,5.100967885175433,0.003930388597358059,0.00125,25643.263945719576
5491,1.2775,6.4090375791278245,5.016859161743894,-0.03507200661907184,0.0,0.0
5492,3.802,23.76524758440751,6.25072266817662,0.004009479522557591,0.00025,4263.83074713518
5493,6.45475,32.90714470264201,5.098128463943919,0.0062039093851005145,0.00175,23788.88879996459
5494,2.55225,17.982369458453885,7.0456928037825,0.0027794652689030475,0.0005,458.7793950135671
5495,26.919,75.79672964618106,2.81573348364282,0.010326166829757621,0.00625,28883.104691244334
5496,80.8655,118.41366837897027,1.4643286491639855,0.00859305981822045,0.02075,9409.736070624165
5497,5.57525,31.98734335594694,5.737382782107877,0.033367812409055064,0.00175,4370.903401437068
5498,2.61825,18.819698780879857,7.187892210781956,0.02254521704662893,0.00025,52.59039423040971
5499,3.13175,21.62605635606915,6.9054223217271975,0.022455793881623,0.001,1696.7203726596028
5500,1.28525,5.300887405833321,4.124401794073776,-0.11751624504066338,0.0,0.0
5501,1.30375,6.947053427556992,5.328516531203829,-6.418577181466212e-05,0.0,0.0
5502,12.9855,51.13122226411722,3.9375628404079333,-0.012647748294404959,0.00375,31536.26581928341
5503,1.40575,7.580698100005095,5.392636030592278,-0.031951234920456706,0.0,232.62325162755806
5504,1.46675,9.33247921131129,6.362692491093431,0.005257619574252526,0.00025,0.0
5505,2.13125,14.360347430758177,6.7379929293880005,-0.029263058383068197,0.00025,1158.876566194875
5506,9.21275,41.60982253952115,4.516547452120284,0.012768798432211126,0.00175,34586.036629612696
5507,3.06325,18.376783613611373,5.999113233856646,-0.048252034967019686,0.00075,28482.917785336984
5508,84.0965,118.65695325554663,1.4109618504402277,-0.00506757128039359,0.01975,27972.710025287048
5509,1.8495,12.977960418114762,7.017010228772513,-0.004474562175974084,0.0,1120.4405173281639
5510,1.95925,15.19270528941448,7.7543474745001815,0.026867085044704586,0.00025,0.0
5511,1.9385,15.131984734016143,7.806027719378975,0.025127866119750486,0.00025,0.0
5512,3.0355,21.117202082803285,6.956745868161188,0.012114839442762149,0.00075,1360.8467330249864
5513,85.91,119.89867106365568,1.3956311379776007,-0.0005463946028405609,0.02,6161.476711515798
5514,2.04675,15.830894439108155,7.734649780924957,0.04473742465659325,0.0005,0.0
5515,1.926,13.656597294436693,7.090652800849789,-0.019425525233303764,0.0,0.0
5516,2.67625,20.18247430333434,7.541326222637774,0.030271467643967487,0.00025,0.0
5517,2.55125,19.055318148090084,7.4690125029260495,0.02794875317079093,0.0,0.0
5518,2.48275,18.892880608099915,7.609658889578055,0.02423072910364721,0.0,0.0
5519,2.265,16.64928150532812,7.350676161292768,0.006353389851456059,0.0005,321.28090236958354
5520,2.1465,16.747123761666423,7.802060918549463,0.037512224147322915,0.0005,0.0
5521,2.88675,20.401972565382973,7.067453906775083,-0.00284937728475132,0.00075,1871.9306950924706
5522,1.98825,14.803577216744031,7.445531103605699,0.01559864499162078,0.00025,0.0
5523,1.1265,4.196772685676914,3.7254972797842107,0.7948614610995404,0.0,0.0
5524,1.5435,9.91194579370541,6.421733588406485,-0.020293206058666913,0.0,0.0
5525,1.3495,8.380447943095387,6.21003923163793,0.011606796511690831,0.00025,0.0
5526,6.56175,34.20268473158521,5.212433380056419,0.02297390569052382,0.0025,36600.392610533316
5527,13.45475,52.40348255300807,3.8947942215952036,-0.001973773076840324,0.00225,41605.0310868374
5528,1.39225,9.642698551045585,6.925982080118934,0.07253815390698803,0.00025,0.0
5529,4.941,28.417149797272952,5.751295243325836,0.024992717069470816,0.00225,21310.642794507232
5530,66.304,110.70229145475415,1.6696170887842987,-0.02065216512474599,0.01675,8113.035104202986
5531,1.91025,13.320568843937616,6.973207090138787,0.006841763986500826,0.0,0.0
5532,2.62675,19.351551748536057,7.367108308189229,0.012012855089014396,0.0005,310.0542456798064
5533,12.89825,51.41159582218535,3.985935752693997,-0.010272838089126823,0.00325,19031.33548936198
5534,2.59375,19.286671689633646,7.435825229738273,0.0331898367088066,0.00025,500.94392551311887
5535,4.2565,24.418953275473694,5.736862040520074,-0.0149268909584237,0.00075,15001.09744784171
5536,4.978,27.737832699054014,5.57208370812656,-0.028537835344519147,0.00125,22656.20875377189
5537,11.01125,48.888179931060456,4.439839249046244,0.005157752804335836,0.00175,1653.2598675312058
5538,1.10175,0.6730603167974709,0.6109011271136564,0.0,0.0,0.0
5539,1.36675,6.09549285913772,4.459844784443183,-0.12665160937264308,0.0,478.50752626453016
5540,6.175,31.486460968265018,5.09902201915223,-0.012962442224495607,0.00175,20661.442955427297
5541,82.31925,118.5038823075767,1.4395646499157453,0.008923802839703399,0.01925,8063.450718962555
5542,1.487,10.334313257668693,6.949773542480627,0.04954221030344941,0.0005,0.0
5543,6.60725,31.17806144256453,4.718765211330664,-0.017237182968771858,0.00125,52458.323470329124
5544,3.0045,20.136033490019276,6.701958226000757,-0.00854761166232798,0.00075,2681.6317421454446
5545,1.355,7.891041891634711,5.823647152497942,-0.014526087248874164,0.0,0.0
5546,2.67325,17.482202129174723,6.539680961067885,-0.032106803320071764,0.00025,8702.40841993339
5547,1.27125,7.0761706794968795,5.566309285739925,0.007933475007228297,0.00025,0.0
5548,1.787,12.88658787409449,7.211297075598484,0.024895437066690285,0.00025,0.0
5549,2.12225,16.029474131977533,7.553056488150562,0.01849126935337675,0.0,0.0
5550,15.38175,57.53971864497545,3.740778431906347,-0.012864276317330336,0.00475,29316.69908799133
5551,1.33775,7.191425734061511,5.375762088627554,0.01495017516942665,0.0,0.0
5552,2.3995,14.785974976781324,6.162106679217055,-0.04519213967044711,0.00025,3618.8732632731776
5553,1.39225,8.707372997846765,6.254173458679666,0.02822671253462361,0.00025,0.0
5554,1.5095,7.449280683104505,4.934932549257705,-0.14433778590932966,0.00025,1634.505725836967
5555,1.4065,6.784745090383673,4.8238500464867915,-0.08012690077461204,0.0,330.7992209001937
5556,1.30975,7.09562484285053,5.417541395572078,0.009125820901330517,0.0,0.0
5557,1.35375,8.132874451828966,6.007663491655746,-0.0014163681063433797,0.0,0.0
5558,1.48325,9.701971526466933,6.5410224348335975,0.022120584109403874,0.0,0.0
5559,1.20475,4.772999352420295,3.9618172670016976,-0.030263860891831862,0.0,0.0
5560,1.73825,11.429256052384938,6.575150900264598,-0.02722454007530528,0.0,639.7571659653713
5561,1.75,12.59583914596196,7.19762236912112,0.01498460337714258,0.0,0.0
5562,1.6795,12.709471366489003,7.56741373414052,0.05384771728572857,0.00025,0.0
5563,9.59,43.62700687569838,4.549218652314742,-0.009189960278275011,0.001,39835.35145494525
5564,1.94125,14.008885061012638,7.216425015331687,-0.0083644563240588,0.00025,93.58856479937442
5565,2.4845,18.650059408189083,7.506564462945898,0.018612768565348548,0.0,352.1178822175099
5566,3.985,25.285709734535725,6.345222016194661,0.00022121335391367403,0.00075,5874.550833420282
5567,2.04725,14.47823961305632,7.0720427954848315,0.005947731510447696,0.00025,313.49668051611064
5568,7.07175,38.33487958355513,5.420847680355659,0.02459509887231559,0.0015,0.0
5569,7.876,41.5694073557343,5.277984682038382,0.059774828398016844,0.003,0.0
5570,5.763,30.4936353432829,5.291278039785338,-0.02687708904252606,0.00125,20427.2016175767
5571,1.089,0.5631680828779212,0.5171424085196705,-0.07741595206620894,0.0,0.0
5572,1.106,0.5392927861350403,0.4876064974096205,-0.09622937461399489,0.0,0.0
5573,1.1815,4.270493768788021,3.6144678533965475,-0.0785771438245616,0.0,0.0
5574,1.72475,10.699818174377599,6.203692230397216,-0.055866104868740774,0.00025,1976.552032166467
5575,1.0605,0.2745151901942985,0.2588544933468161,-0.3894876046167492,0.0,0.0
5576,2.84475,17.938648115495017,6.3058785888021855,-0.020913229729156546,0.001,10748.235781094452
5577,1.15425,1.9307741736742372,1.6727521539304633,0.45767749540840247,0.0,0.0
5578,5.79275,34.41016292122963,5.94021197552624,0.02560043732724937,0.00225,1723.0557450887611
5579,3.51825,24.435505732900346,6.945357985617948,0.016088468318160132,0.001,130.2831825719875
5580,3.11725,23.28554393989207,7.4698994113055,0.05456485079528184,0.00075,0.0
5581,1.0655,0.28324866716696645,0.2658363840140464,-0.37588611063109073,0.0,0.0
5582,10.335,48.11012285351437,4.655067523320209,0.03329108733039643,0.00225,2131.6719386097925
5583,5.11275,28.040151568108374,5.484358039823651,-0.02383000288932635,0.00075,15558.386274147915
5584,1.6445,11.281331342497426,6.860037301609866,0.0020805852738523534,0.00025,0.0
5585,1.62025,10.88104495084482,6.715658047119161,-0.013609165320056515,0.00025,261.02351485312835
5586,1.21525,5.153887666317462,4.241010217089045,0.0030797121387891035,0.00025,0.0
5587,9.2515,41.906691475796706,4.529718583559067,0.015856309576879113,0.00175,23218.426007389517
5588,7.92975,39.844864389806375,5.02473147196398,-0.006054712093069625,0.0015,9900.025900673923
5589,1.163,2.5487359639149445,2.191518455644836,0.5782708615108652,0.0,0.0
5590,1.221,5.315940538225713,4.353759654566513,0.016524878135777188,0.0,0.0
5591,1.97525,12.536822979531337,6.346955058616042,-0.05658053471066271,0.0,1650.4310734298494
5592,1.447,7.501017085324401,5.1838404183306155,-0.08961925693553197,0.0,652.4337881287427
5593,1.44875,9.58145732749615,6.613602987055151,0.016692158135223956,0.0,0.0
5594,1.4515,9.29867001597629,6.406248719239607,0.003681424471133843,0.0,0.0
5595,2.57625,16.09370801887959,6.246951196071651,-0.04541133314277901,0.0,6129.054976294617
5596,1.60125,11.610488762314226,7.250890718072896,0.048398378082172844,0.0,0.0
5597,3.795,26.214333346820105,6.907597719847195,0.046605954129497196,0.00125,0.0
5598,1.88525,11.733669595997963,6.223932951066417,-0.04824715251544576,0.0,1319.908596137825
5599,2.67275,18.58841143555372,6.954788676664005,-0.0054606639815841795,0.0005,1744.6611242452832
5600,2.41275,17.141159303648873,7.104407544772095,0.018998084559067818,0.0005,823.417451253098
5601,12.0225,49.587505724032766,4.124558596301332,0.011326147299644873,0.00175,25365.011769938657
5602,1.42075,7.963263955860541,5.604971990751745,-0.06364830021626688,0.0,399.6740565018043
5603,1.219,5.58120295784109,4.578509399377432,0.03767257938508761,0.0,0.0
5604,1.10225,0.5218841138194037,0.4734716387565468,-0.11047990847959827,0.0,0.0
5605,1.58275,9.690027172002592,6.12227273543048,-0.030127129503801364,0.0,627.968454301528
5606,7.512,37.15420520938626,4.945980459183475,0.011008970926803086,0.00125,29316.668471198842
5607,1.16925,4.1064973234579005,3.512078104304384,0.7854175585091969,0.0,0.0
5608,1.095,0.47700302197233785,0.43561919814825373,-0.14953285514038783,0.0,0.0
5609,1.0715,0.3753970974117758,0.350347267766473,-0.25356307527608474,0.0,0.0
5610,1.98375,13.482931183382343,6.796688687275283,-0.02498371046542669,0.00025,593.511343125118
5611,4.16325,24.150660716443355,5.800915322510864,-0.019724918098450894,0.00025,18282.45014450241
5612,1.957,13.605400682520633,6.95217204012296,-0.021056691973472708,0.0005,617.4289996690926
5613,11.86075,48.55910168059647,4.09410043046152,0.0022245275935819375,0.00175,24943.836954458482
5614,8.22425,38.52593313364979,4.684431180186618,-0.02067389862429092,0.0025,23009.63577720109
5615,5.626,32.871633060513076,5.842807156152341,0.045210920614428884,0.00125,533.6606036770589
5616,7.69625,37.24840730687991,4.839812545964581,0.012108703089492856,0.00175,25069.81200127807
5617,16.027,57.76535276439502,3.604252371897112,-0.01116458042584112,0.00325,13295.756455028575
5618,1.31525,6.692164351196545,5.088131040636035,-0.01629822652713009,0.0,0.0
5619,1.20325,4.362762641029821,3.6258156168957587,-0.06929365078220828,0.0,0.0
5620,1.36525,8.159441559269839,5.976518263519384,0.0,0.0,0.0
5621,12.369,50.58993649352215,4.090058735024833,-0.017269788487849436,0.002,28469.473772297024
5622,1.48475,10.173108692657234,6.851731734404603,0.042714273053159224,0.00025,0.0
5623,4.85325,26.826314081873132,5.527494788414595,-2.6794549978559346e-05,0.00075,20903.71751444586
5624,5.7055,30.65185400246529,5.372334414593864,0.014846388582217207,0.00125,25837.924493801416
5625,1.866,12.340831334618725,6.613521615551299,-0.026336590695022144,0.00025,1191.5062427080015
5626,2.33425,16.43426445568982,7.040490288396625,0.0007081646926907492,0.00025,478.605731654919
5627,25.60275,73.70151912218451,2.8786563600466555,-0.0018478614262271709,0.00725,28954.258810254923
5628,3.7145,23.83191095453607,6.415913569669153,0.005226003937508716,0.00125,8530.854854233221
5629,1.18075,4.931547371502107,4.176622800340553,-0.01607202710539135,0.0,0.0
5630,2.51375,18.221891237398133,7.248887613087273,0.008525999108092153,0.0005,552.4962347105879
5631,2.02425,11.680914899130126,5.770490255220515,-0.08729116845410578,0.0,3337.7443402603476
5632,1.80675,11.16969538354741,6.182203062707851,-0.06963967809917548,0.0,1266.4010245250724
5633,2.7505,20.09669671997773,7.306561250673597,0.028421738044702494,0.00025,0.0
5634,5.43225,32.48492307970535,5.980012532505932,0.040071483023072174,0.001,582.0154803950428
5635,1.2595,5.681437268188226,4.510867223650834,-0.08740660891757557,0.0,0.0
5636,2.351,16.34065645141944,6.950513165214565,-0.0017726071372199392,0.0005,971.4436996568768
5637,1.24275,6.327071233603964,5.091185864899589,0.09214748767489978,0.0,0.0
5638,1.1935,4.801126998436282,4.022728947160688,-0.027712042344362975,0.0,0.0
5639,1.25675,6.48169210319575,5.157503165463099,0.1026331607625548,0.00025,0.0
5640,2.492,17.986322941425193,7.217625578421025,0.0028749358423987292,0.0,536.3643801854465
5641,1.508,8.884940716903275,5.891870501925249,-0.06779758996758134,0.0,6297.0
5642,4.8085,27.381010896046593,5.694293625048683,0.008861678532429362,0.001,16507.40711254548
5643,7.99975,38.95654826984515,4.86972071250291,-0.01584659574150371,0.00325,22964.80361778788
5644,1.594,11.402309729471117,7.153268337183888,0.040540709524043095,0.00025,0.0
5645,1.599,11.792496120041136,7.374919399650492,0.05515361765621685,0.0,0.0
5646,1.67875,12.656247215738812,7.539089927469136,0.05202517960969111,0.0,0.0
5647,1.55625,11.385769401920912,7.316157045411028,0.03991025934840642,0.0,0.0
5648,2.01475,14.221553908993089,7.058718902589944,-0.00182097646563939,0.0,548.7841650342324
5649,4.43225,25.480634325285248,5.748916312321112,-0.022377564239762116,0.001,19430.223880416703
5650,1.6085,11.13657189436631,6.923575936814617,-0.0035282446588944527,0.0,0.0
5651,8.63775,40.68288705662758,4.70989401830657,0.002984699849463146,0.00125,40843.15306284403
5652,82.893,119.40066658438386,1.44041917392764,0.012197975690846352,0.02325,2958.770501263217
5653,3.2025,21.28266270190177,6.645640187947469,-0.009621629995498981,0.00025,656.0778687661765
5654,1.50625,9.213586895632494,6.116904163075514,-0.05202338823234809,0.00025,236.79589380563954
5655,15.5385,56.7694875036569,3.653472825797657,-0.01871703670924396,0.00425,25669.394425965453
5656,1.8745,14.339600963379254,7.649827134371434,0.03885605869611708,0.0,0.0
5657,1.368,8.64935135254112,6.322625257705496,0.025323103104316513,0.00025,0.0
5658,1.10275,0.5336324844001737,0.483910663704533,-0.10081172658746573,0.0,0.0
5659,1.26275,6.969243504589042,5.519099983836106,0.0013208143072415135,0.00025,0.0
5660,1.235,5.77318000774707,4.674639682386291,0.052359862676369495,0.0,0.0
5661,1.09725,0.5146441995816535,0.46903094060756756,-0.1165469032673298,0.0,0.0
5662,1.3565,8.008054694181117,5.903468259624856,-0.00813340553399755,0.0,0.0
5663,1.247,6.01190708150826,4.82109629631777,0.06995702328787357,0.00025,0.0
5664,1.2465,6.553355962298411,5.257405505253439,0.10740852207802754,0.00025,0.0
5665,1.3145,7.817631904365161,5.947228531278175,0.05121039300818375,0.00025,0.0
5666,1.293,6.377250060142098,4.932134617279272,-0.03723137811444577,0.0,0.0
5667,1.24575,6.576334007617383,5.279015860017968,0.1089286262842869,0.00025,0.0
5668,4.43475,24.308629533664607,5.481397944340629,-0.042827324562403124,0.0005,20707.34831182523
5669,1.16425,3.7270289271289436,3.2012273370229276,0.7433087779307392,0.0,0.0
5670,1.1795,0.6491418152253546,0.550353382980377,-0.8967156507183118,0.0,297.97816618729905
5671,1.16625,4.126726112137943,3.5384575452415374,0.7875516604307848,0.0,0.0
5672,1.2805,6.769732422279872,5.286788303225203,-0.011293321402995993,0.00025,0.0
5673,2.743,17.924139301300443,6.5345021149472995,-0.02126463009378554,0.0005,15222.270055928053
5674,1.806,13.396799340071476,7.41793983392662,0.009320045038324176,0.0,0.0
5675,4.14075,22.693659686903654,5.480567454423391,-0.046749396909780305,0.0005,22921.7318191604
5676,1.59175,11.1132334595734,6.9817706672363125,0.029388313449041137,0.00025,0.0
5677,1.888,14.027371378378302,7.429751789395287,0.029295287771094136,0.00025,0.0
5678,6.1335,31.397732914305127,5.119056479058471,-0.01418800074461224,0.00075,19494.28236084825
5679,1.1785,4.308686452358327,3.656076752107192,-0.07471034516256114,0.0,0.0
5680,6.99325,35.07847387315785,5.016047456212469,-0.013958313873347006,0.001,19858.669436996825
5681,1.46525,9.413524634748255,6.42451775106518,0.00901285186481482,0.0,0.0
5682,1.241,5.654326825800154,4.556266580016239,0.043325671203702454,0.0,0.0
5683,1.6085,8.969160451781564,5.576102239217634,-0.09752797644619038,0.00025,1645.8231934795476
5684,1.6495,11.166638849976364,6.769711336754389,-0.0023572992762648237,0.0,949.5248423525389
5685,1.35375,7.687482376163275,5.67865734157952,-0.025876303053049776,0.0,0.0
5686,2.37425,16.257237200024008,6.847314815214913,-0.003995364229206988,0.0,640.8577441356058
5687,1.6155,11.500640240068503,7.118935462747449,0.0104422484345712,0.0,0.0
5688,1.311,6.783972624586775,5.174654938662681,-0.010380737937842,0.0,0.0
5689,1.2355,3.914763223079168,3.1685659434068536,-0.11634973661267911,0.0,279.3464240091818
5690,1.168,4.503814726070744,3.8560057586222127,0.8255265310013671,0.0,0.0
5691,1.2035,5.457154284351945,4.534403227546277,0.027910995970419017,0.00025,0.0
5692,1.17975,4.771072282011669,4.044138403909022,-0.030439240140466062,0.0,0.0
5693,2.5175,16.622658389769843,6.602843451745716,-0.03136697115173748,0.0005,3240.5520793138467
5694,1.41175,8.709602530056003,6.1693660563527555,0.028337899869007255,0.00025,0.0
5695,1.9385,15.10076905513471,7.789924712475993,0.02423103733603016,0.00025,0.0
5696,1.28975,6.136995243207689,4.758282801479115,-0.05390903801651514,0.0,0.0
5697,1.185,4.420368753280515,3.7302689901101393,-0.063596736027696,0.0,0.0
5698,1.465,9.563008824865012,6.527651074993182,0.01585514494213036,0.00025,0.0
5699,4.349,25.246149033273422,5.805046914985841,-0.02639265792417711,0.0015,12024.949869503393
5700,2.65075,19.654054159351563,7.414525760389159,0.01874920791286705,0.001,0.0
5701,2.28525,16.0102768457847,7.005919197367771,-0.010643264851185386,0.00025,848.6098399874483
5702,2.1365,15.568155305459399,7.286756520224386,0.005809149767392663,0.0,435.4357903188375
5703,1.47225,10.084252722722885,6.849551857852188,0.038904309442606144,0.00025,0.0
5704,1.53825,10.500123812961535,6.8260190560452045,0.004742295744322611,0.00025,0.0
5705,2.504,18.29750484822774,7.307310242902451,0.010324419913816829,0.0005,691.2480302459169
5706,1.414,7.5856766094004815,5.364693500283226,-0.03166611216995008,0.0,6297.0
5707,1.50875,9.785645770887495,6.485929259908861,-0.025862633622147246,0.0,0.0
5708,6.81975,37.724382595319554,5.531637170764259,0.017623136228230418,0.0025,1201.06530445156
5709,1.54175,10.634332569315234,6.897572608604011,0.010258113586440576,0.0,0.0
5710,1.9095,14.461953421795878,7.573686002511589,0.04254595101765579,0.0,0.0
5711,1.97225,14.757131264859442,7.482383706355402,0.014233911989933068,0.0,0.0
5712,1.6085,10.374783698188415,6.449974322778001,-0.03430071878534591,0.0,352.0071873628137
5713,2.0305,15.051966986993571,7.41293621619974,0.02282522876356219,0.0005,586.5962959445152
5714,6.821,35.12330238734177,5.149289310561761,-0.013403661839586523,0.00125,27913.722158801454
5715,2.92875,20.44956526719833,6.9823526307121915,-0.0018374566460135355,0.00025,942.0913718400734
5716,1.3015,6.078267358673924,4.670201581770206,-0.05808502563684059,0.0,0.0
5717,1.55,9.820214312951022,6.335622137387755,-0.0243311585877678,0.00025,552.752606423683
5718,2.1525,14.956826883320018,6.948583917918707,-0.01158853865630216,0.0,287.55137127012
5719,1.6625,12.053149520077241,7.250014748918641,0.03082077430091612,0.00025,0.0
5720,1.70275,13.086107289354507,7.685278102689477,0.03156797413271195,0.0005,0.0
5721,1.91275,13.211899031044007,6.907279587527909,0.003284238602037748,0.0,290.0541116753033
5722,86.0665,119.56854409473351,1.3892576565183143,-0.0017438229160435803,0.01975,16219.264134981122
5723,1.37275,8.114139957772085,5.910865021141567,-0.0024179417851949436,0.0,0.0
5724,73.395,114.92167429517247,1.565797047417024,-0.004406831060708161,0.02275,6868.164541785949
5725,10.8075,47.11815970508078,4.359764950736135,-0.010857796452568014,0.00325,25518.32632047555
5726,1.335,8.154869739923429,6.108516659118673,0.06955220364279413,0.00025,0.0
5727,11.145,46.27765530301947,4.152324387888692,-0.01867476937866286,0.0035,45423.76905343441
5728,3.7105,25.774275316039763,6.946307860406889,0.039253599684110796,0.00025,0.0
5729,3.17275,21.36924351912451,6.735243406862977,-0.007858443955864214,0.0,484.15109878299086
5730,1.112,0.5835590246785846,0.5247832955742666,-0.061969195823050716,0.0,0.0
5731,1.06475,0.3026224257769834,0.28421923059589893,-0.34715287739957473,0.0,0.0
5732,1.3375,5.817048501028321,4.3491951409557545,-0.07716213983119136,0.0,400.8602683118083
5733,4.671,25.441493202917524,5.446690901930534,-0.023045202362230954,0.00075,22921.551892266467
5734,1.42575,9.187115309466153,6.4437070380264085,-0.0015602442735025424,0.00025,0.0
5735,1.4135,7.936514651671982,5.614796357744593,-0.012030613858078798,0.0,0.0
5736,1.18425,4.939119421786201,4.17067293374389,-0.015405709344085139,0.0,0.0
5737,1.0925,0.4663669419364249,0.4268804960516475,-0.15932622737861524,0.0,0.0
5738,8.73875,43.33969982398018,4.959485032067537,0.03045883386270587,0.00175,9132.402836975778
5739,1.25125,6.189442683932408,4.946607539606321,0.08259630926203765,0.0,0.0
5740,6.28725,31.917196216006708,5.076495481491384,-0.007061558033382598,0.00125,36138.75201119483
5741,1.08825,0.4307067617052751,0.39577924346912485,-0.1938722957434446,0.0,0.0
5742,1.2125,5.195102599829544,4.284620700890345,0.006538892670866714,0.0,0.0
5743,1.152,4.090914310392454,3.551140894437894,0.7837663971328874,0.0,0.0
5744,1.159,4.339519196491033,3.7441925767826,0.8093876282836006,0.0,0.0
5745,1.5765,9.318200199810097,5.910688360171327,-0.047120087421116175,0.0,291.9485539554348
5746,1.74775,11.41580921847103,6.531717475881007,-0.027735800286039947,0.0,479.5466145295654
5747,1.49175,8.897287360094198,5.9643287146600965,-0.015481794188045073,0.0,188.11838181595024
5748,7.05875,35.70829131945043,5.058727298664839,-0.006229935301478973,0.002,22838.914257978784
5749,1.848,12.594544518874415,6.815229718005635,-0.017498541554388236,0.00025,562.7831771082309
5750,1.17125,4.287309026904058,3.660455946129399,-0.07687044798586629,0.0,0.0
5751,3.91875,21.311186970932134,5.438261427989061,-0.07404629550161279,0.00025,28046.619391019623
5752,5.1345,28.129348104892188,5.478498024129358,-0.02245069217738238,0.00125,26973.761926827297
5753,1.5015,8.829523649210527,5.8804686308428415,-0.018802137485488313,0.0,365.05053351275296
5754,1.7655,11.5259802969401,6.528451031968337,-0.02356462966161965,0.00025,445.6685699310646
5755,1.73875,12.388113850731866,7.124723997545286,0.007762685504490108,0.0,193.1804693338662
5756,1.4715,9.891316762030307,6.721927802942784,0.03051469843517951,0.0,0.0
5757,5.639,30.6774013687386,5.4402201398720695,0.015208208753496155,0.001,23653.23119534859
5758,1.20325,5.185861811520055,4.309878920856061,0.005765703538866407,0.00025,0.0
5759,11.95775,49.90476516660592,4.1734243621589275,0.014095899985409277,0.00275,19226.83175445976
5760,1.36425,8.296190609680929,6.081136602294982,0.00721828545590586,0.0,0.0
5761,3.4535,19.3476980828541,5.602344891517041,-0.05101829048460571,0.0,19152.17726599201
5762,2.4415,18.09715321503971,7.412309324202217,0.005542812263971131,0.00025,198.45216861655092
5763,2.80725,19.073569348693624,6.794396419518613,0.005729032159477621,0.00075,5053.917473068065
5764,1.083,0.44627434409514216,0.41207233988471115,-0.17845206522412832,0.0,0.0
5765,4.95325,30.809687983748127,6.220095489577172,0.06009950060547742,0.001,908.6901907143803
5766,1.605,11.202091175833104,6.979496059709099,-0.0009806665962419636,0.0,0.0
5767,1.353,8.048421290620778,5.948574494176481,-0.00594973496544704,0.0,0.0
5768,1.246,5.8565825265014775,4.700307003612743,0.058589031077281084,0.0,0.0
5769,1.49075,7.9062976052609955,5.303570421104139,-0.06676625377656287,0.0,556.0917541080299
5770,1.123,0.6793278822431023,0.604922424081124,0.004025454492613906,0.0,0.0
5771,1.843,13.296317122130214,7.214496539408689,0.00605035721670677,0.0,0.0
5772,1.631,12.044941226601654,7.385003817658893,0.030524915451546786,0.00025,0.0
5773,6.87025,32.215817227837235,4.689176846233723,-0.050929851834207396,0.001,47440.10260012515
5774,1.49075,9.4309941337108,6.326341863968339,0.009818063106093233,0.00025,0.0
5775,1.23375,5.079080645407262,4.116782691312878,-0.0032701277438879073,0.0,0.0
5776,1.29775,6.338977882722846,4.884590932554688,-0.03984558819720052,0.0,0.0
5777,2.19625,15.182963035229069,6.913130579500999,-0.005071470944701284,0.0005,1442.9426156942066
5778,1.33125,7.607199932314289,5.7143285876539265,0.03936000584765287,0.00025,0.0
5779,1.7305,11.69716100786473,6.7594111573907725,-0.017162034623624978,0.00025,521.8960571764231
5780,1.65275,12.125177211822697,7.336364974631794,0.033408324874806716,0.0,0.0
5781,13.82075,54.15075895692878,3.91807672933298,0.012270625195272444,0.00425,14889.769784039003
5782,2.359,17.35452142392476,7.356728030489512,0.024370535323728904,0.00075,614.5763820177262
5783,77.34,116.7300577254811,1.509310288666681,0.002373924623332524,0.0195,4977.4554908544915
5784,2.83175,20.779879518074605,7.338175869365094,0.042940084624405905,0.00025,0.0
5785,2.82875,20.400562962325203,7.211864944701795,0.03493921157381741,0.00025,0.0
5786,11.88275,48.04489650792907,4.04324727086988,-0.002398854094674663,0.00325,31825.72064132428
5787,1.80575,13.18997766545508,7.304431768215467,0.002563052725121695,0.0,0.0
5788,1.85875,12.777621662161362,6.874308896926086,-0.011230982649359289,0.00025,185.28613411657926
5789,1.6915,10.892749457675365,6.439698171844732,-0.013142255132135405,0.0,325.9182528993424
5790,80.964,117.68291941220843,1.4535215578801497,0.005904657920393408,0.01825,16334.360861978132
5791,13.218,52.60754094558198,3.9799925060963823,-0.0002859208404697444,0.00375,27350.874182140265
5792,7.30725,36.34279223001816,4.973525229055823,0.0014192867292772693,0.00175,29390.853849293417
5793,1.386,8.551390855959799,6.169834672409667,0.02037632085914831,0.0,0.0
5794,1.83475,12.327243514698152,6.718759239513912,-0.026815032230931513,0.00025,543.305920814917
5795,1.308,6.8883233264389085,5.266302237338615,-0.003751300693799031,0.0,0.0
5796,1.24625,6.391895260308534,5.12890291699782,0.09657441353756557,0.0,0.0
5797,1.333,7.873220935676549,5.90639229983237,0.054287613960219416,0.00025,0.0
5798,2.1335,16.09182756801165,7.5424549182149745,0.020177364609686332,0.00025,0.0
5799,1.89125,12.658968591830547,6.69344010143056,-0.015282685094282211,0.0,305.76485867253086
5800,1.723,11.074878520036163,6.427671805012283,-0.04090353134400093,0.00025,1115.857500189307
5801,2.01275,14.549072352355616,7.228454776974595,0.008067275263717422,0.0,0.0
5802,7.57925,37.720729483875296,4.976841967724418,0.017581078469959932,0.00175,22852.292997933426
5803,1.3585,7.751193327449644,5.7056999097899475,-0.022291867162254952,0.0,0.0
5804,2.041,14.897291744653836,7.299016043436471,0.018339294597861988,0.00025,0.0
5805,4.7565,26.351372003211008,5.54007610705582,-0.007784567548273502,0.00075,25225.510492739384
5806,1.8795,13.5298464121358,7.198641347239053,0.01361185917693386,0.00025,0.0
5807,75.43675,114.9986115985967,1.5244375135275139,-0.004116178607429077,0.0175,4437.607661689716
5808,2.289,16.93586977161877,7.398807239676176,0.013765398967311437,0.00025,0.0
5809,5.8145,30.418216692085707,5.2314415155362815,-0.02795254216669707,0.0,13866.424091427934
5810,1.17675,3.974979188925157,3.3779300521989866,-0.10972037709301019,0.0,0.0
5811,1.1275,0.701688564614265,0.6223401903452461,0.018090413320828058,0.0,0.0
5812,1.40775,8.678756831628341,6.1649844302101515,0.026797083925341414,0.0,0.0
5813,2.38975,17.03682506482861,7.1291244125237405,0.016346557514275606,0.0005,1347.839125967869
5814,1.6095,9.668473488348548,6.007128604130816,-0.06492185904479453,0.00025,782.4398974344118
5815,1.1715,4.243417183986197,3.622208437034739,-0.08133950558251535,0.0,0.0
5816,2.208,16.42976628881483,7.441017340948744,0.02920338006753509,0.0,0.0
5817,85.82275,119.61892619612325,1.3937904133358958,-0.001560864595381961,0.01825,3659.1118572323567
5818,8.755,41.55198691884933,4.746086455608147,0.012164730407998814,0.002,26111.48035659008
5819,12.15425,50.36810194320251,4.144073220741923,0.018109469025579195,0.00525,17240.29698441344
5820,1.508,10.517037987095296,6.974163121415979,0.005441318204918888,0.0005,0.0
5821,2.46925,16.32153952912072,6.609917800595614,-0.03930632981551807,0.0,1779.8317255944703
5822,3.95,21.609413265644708,5.470737535606255,-0.06801095965625925,0.00025,18291.00306152583
5823,1.14625,3.5459842693686126,3.093552252448081,0.7216828190710438,0.0,0.0
5824,2.1865,15.045408230659834,6.881046526713851,-0.00902402957966486,0.00025,1320.2841947840577
5825,9.4385,44.42706561083792,4.707004885398943,-0.0012977493648302918,0.002,13975.032855614676
5826,28.63525,78.70692093004321,2.7486025416241593,0.026688621848091065,0.007,3071.3319024553784
5827,2.33675,17.021524094749182,7.284272641381912,0.015956337348923766,0.0005,252.74009426932065
5828,10.97475,47.64121675420303,4.340984236925946,-0.006063271503554013,0.00325,24294.06638492603
5829,48.71925,96.4380267461346,1.9794645185657536,0.11492401456183154,0.0155,305190.9418474376
5830,1.97225,15.485587841447893,7.851736768385292,0.035159667702714614,0.00075,0.0
5831,1.508,10.630413323189998,7.049345705033155,0.010098026370417568,0.0005,0.0
5832,48.69225,99.17190028626604,2.036708106244136,0.12706433408824602,0.011,2629.045340565767
5833,1.93125,12.688194158557447,6.569938722877643,-0.05136821263189972,0.0,271.9274918149024
5834,1.637,11.898051180990793,7.268204753201462,0.025196063022112636,0.00025,0.0
5835,3.477,22.039802840028017,6.3387411101604885,0.0055601129872082655,0.001,3538.595576930388
5836,1.4765,9.583470586229149,6.490667515224619,0.016783402638259615,0.00025,0.0
5837,1.87625,13.807573943747434,7.359133347766787,0.022436370248172466,0.00025,0.0
5838,1.82725,12.99738975612481,7.113087840265322,-0.0038248649975438642,0.0,0.0
5839,1.28075,6.991290937641179,5.458747560133655,0.002692550685196915,0.0,0.0
5840,1.23625,6.181503755937642,5.0002052626391436,0.08203890112670698,0.0,0.0
5841,1.449,9.918921072818968,6.845356157915091,0.03172502288573531,0.0,0.0
5842,2.31675,15.785791625439963,6.813765674086528,-0.01677574078723687,0.00025,1048.6101551613096
5843,2.12925,16.14451008048664,7.582252004455391,0.021596864869254606,0.0,0.0
5844,2.302,17.644478680510137,7.664847385104316,0.031566724776866506,0.00025,0.0
5845,2.40575,13.974313482129427,5.808713907151378,-0.06971162510675666,0.00025,30832.032806894116
5846,1.34575,7.786999825290209,5.78636435094944,-0.02029027124927507,0.0,0.0
5847,1.5715,10.881451614895498,6.924245380143493,0.020234710907937936,0.00025,0.0
5848,1.75375,9.08500111440897,5.18032850429592,-0.1269175175872509,0.0,4098.9071865097985
5849,1.441,9.104023276000149,6.317850989590665,-0.00550605220579603,0.0,0.0
5850,1.7065,11.206125649082102,6.566730529787344,-0.035787014802748374,0.00025,977.4131026501702
5851,1.2995,6.500066343170383,5.0019748696963315,-0.02894703537004928,0.0,0.0
5852,4.665,26.284367825724846,5.63437681151658,-0.008890263425624267,0.00075,23219.59418336547
5853,2.7145,14.988700912312568,5.52171704266442,-0.09893894687615146,0.0005,25467.070598054554
5854,1.733,12.4773046681944,7.199829583493594,0.010878277221239241,0.00025,0.0
5855,1.64225,11.773781058674581,7.1692988635558415,0.020636185810994023,0.00025,0.0
5856,1.34475,6.0035746155553955,4.464454073660826,-0.13325052356000178,0.0,218.76297068709118
5857,1.37575,8.639283607036564,6.279690065082002,0.024817294887265473,0.00025,0.0
5858,1.09775,0.4937163927490329,0.4497530337044253,-0.13457643835253402,0.0,0.0
5859,1.14475,3.188077539380007,2.784955264800181,0.6754748900321947,0.0,0.0
5860,1.13825,2.6024661659733943,2.2863748438158527,0.587331106474064,0.0,0.0
5861,1.43975,9.542543422549503,6.627916945684669,0.014924733239827459,0.00025,0.0
5862,1.5285,10.807260844994117,7.0705010435028575,0.01726350939372079,0.00025,0.0
5863,1.31875,7.439723503528357,5.641496495566526,0.029691970662730216,0.0,0.0
5864,1.66725,9.693632913787628,5.8141447975934195,-0.06379320025541457,0.0,1336.6450114589582
5865,1.58775,11.416101864600968,7.19011296778521,0.041065710914722775,0.00025,0.0
5866,2.4825,18.39618978755315,7.41034835349573,0.012660430411171264,0.0,477.8075003320048
5867,1.404,9.203747130398037,6.555375449001452,0.052304241876168445,0.00025,0.0
5868,1.22375,6.150824668166425,5.026210147633443,0.07987811111916743,0.0,0.0
5869,1.07575,0.3592272241209419,0.33393188391442424,-0.2726847432353017,0.0,0.0
5870,4.156,27.584558922932647,6.6372855926209455,0.038012109156065677,0.0015,1826.228617747929
5871,1.75625,12.979231527723918,7.39030976667554,0.028006477083019288,0.0,0.0
5872,1.618,11.720896759856466,7.24406474651203,0.018681070859245086,0.0,0.0
5873,1.71725,12.436557780586131,7.242135845442499,0.00945768944542924,0.0,0.0
5874,1.6385,11.601895049610885,7.080802593598342,0.014249162790516356,0.00025,0.0
5875,1.42725,8.972476456973443,6.286548577315427,-0.011827084152258638,0.0,0.0
5876,1.73775,12.888890790675255,7.416999447950082,0.024973041364866555,0.00025,0.0
5877,2.037,13.415704464603056,6.586011028278379,-0.027154545757898774,0.0005,1942.2948631052636
5878,2.06425,14.088603341833815,6.8250470349201,-0.005900086422482742,0.0,323.60021200561476
5879,3.0455,20.16342160057813,6.620726186366156,-0.007957305560670092,0.00075,2737.340782526293
5880,4.79825,26.94593787251536,5.615784478198376,0.0019055045818576755,0.001,10565.923830670741
5881,1.1625,5.153468085505827,4.433090826241571,0.8840456052945169,0.00025,0.0
5882,2.05175,15.164730930799626,7.391120229462471,0.02606668062768236,0.0005,6297.0
5883,1.27275,6.9308994206520405,5.445609444629378,-0.001075228150280494,0.0,0.0
5884,7.34575,36.07384838871357,4.910846188437338,-0.0018065288352950848,0.00125,15702.594245411052
5885,10.43875,45.65918241353176,4.3740086134385585,0.010582752038287957,0.0025,44259.709527779676
5886,1.534,7.903509370215947,5.152222535994751,-0.11863215185211806,0.00025,958.1177373573254
5887,2.0205,15.261612265820343,7.55338394744882,0.0288323873787526,0.00025,0.0
5888,3.712,24.320247215152882,6.551790736840754,0.014035121647470561,0.0,1046.9263868889923
5889,1.65025,11.608967093016574,7.034671772771746,0.01451381039412869,0.00025,0.0
5890,1.68175,10.774854584184775,6.406930033705827,-0.01786835204480197,0.0,648.2275662266686
5891,79.78475,116.7014833945744,1.462704130733936,0.002267600737200226,0.019,12351.226641444398
5892,1.6195,11.837239957543023,7.309194169523324,0.022970681718502917,0.0,0.0
5893,84.11675,119.0870020109226,1.4157347021957292,-0.0034964019532650603,0.021,11388.838662315587
5894,1.35675,6.360392526076629,4.687962060863557,-0.10817651762095393,0.0,555.3299944775908
5895,8.66075,42.08815763003499,4.859643521639002,0.01773285017174908,0.003,34582.471911166205
5896,1.426,9.287415572806328,6.512914146428,0.0031554672285878382,0.0,0.0
5897,8.3345,40.78944783290929,4.894048573148874,0.0041207611536828725,0.00275,31756.89160792976
5898,1.73025,12.721416727251219,7.3523575941345,0.019292976934740302,0.00025,0.0
5899,7.58125,38.014953407943985,5.014338454469116,0.020955458012690498,0.00225,25133.29302223023
5900,1.16175,4.092587721242395,3.5227783268710087,0.7839440113389833,0.0,0.0
5901,1.3195,7.224746984652684,5.475367172908439,0.016957817740731906,0.0,0.0
5902,1.39125,8.429379398672344,6.058853116745619,0.014135165273308714,0.0,0.0
5903,4.17425,23.427699443453754,5.612433237935858,-0.03292429104517747,0.0005,14763.129493151755
5904,1.28,6.3340847924178725,4.948503744076463,-0.04018095183880377,0.0,0.0
5905,3.07675,17.746142984750485,5.7678209099700934,-0.0634175601093998,0.00025,16148.002365003182
5906,1.51925,10.28071265529171,6.766965710246312,-0.004428903530753647,0.0,0.0
5907,6.88925,35.05770593070489,5.0887550793925165,-0.014215510746533822,0.00225,16848.36020544867
5908,1.324,7.538815054974374,5.693969074754059,0.035438264490136984,0.0,0.0
5909,6.39475,35.616057450601986,5.56957777092177,0.0405595516499091,0.00175,4305.633120156382
5910,1.19075,4.762145939173485,3.999282753872337,-0.03125253581485221,0.0,0.0
5911,1.54525,9.38634531151911,6.07432150882971,-0.04395559706692065,0.0,416.25833814308487
5912,1.1995,5.47916098059391,4.567870763312972,0.029658824084582758,0.0,0.0
5913,12.72525,51.97196391994365,4.084160540652926,-0.005564794437915577,0.00425,17554.939057011994
5914,3.55075,24.69299213142467,6.954303212398696,0.02064085444131436,0.00125,788.0318883028359
5915,1.229,5.34333199410254,4.347707074127372,0.018756922449808755,0.0,0.0
5916,1.06525,0.3201844265681174,0.300572097224236,-0.32265378111610205,0.0,0.0
5917,1.15675,3.6586234869079846,3.1628471898923576,0.7352637324597671,0.0,0.0
5918,1.315,5.020017444569883,3.817503760129189,-0.1411595983566405,0.0,424.085851537735
5919,5.26,28.43230555195533,5.405381283641698,-0.01779828202785927,0.00075,22701.177807799682
5920,1.814,12.785999157031524,7.048511111924765,-0.01094633596724326,0.0,0.0
5921,1.68175,11.114848262593384,6.609096633027135,-0.004376231559211963,0.00025,610.5583462732656
5922,3.8415,22.393185156099584,5.829281571287149,-0.02181699253693603,0.00125,11499.322495187775
5923,13.648,53.27065361560865,3.9031838815656985,0.00515410276708006,0.0045,18335.044411958133
5924,1.3915,7.7408144146433635,5.562928073764544,-0.02287378079273339,0.0,0.0
5925,1.4435,8.911546536119102,6.173568781516524,-0.014786332281493952,0.0,0.0
5926,74.50625,115.35046551016104,1.5481985136838996,-0.002789424161606213,0.018,13886.3655349911
5927,1.4375,9.840543827741758,6.8455957062551365,0.028279688334919117,0.00025,0.0
5928,1.242,5.381187163983748,4.332678875993356,0.021822861244347513,0.0,0.0
5929,10.7645,46.1650879300137,4.288642104139877,-0.0197324492222557,0.00125,21230.857571002063
5930,4.302,27.305726444725266,6.347216746798064,0.033599800221297826,0.00125,2091.5491796763504
5931,1.13925,3.8982891891380422,3.4218031065508376,0.7628200679173593,0.0,0.0
5932,1.08625,0.5957345570097508,0.5484322734266981,-0.05300119246769863,0.0,0.0
5933,1.17775,4.275654949105569,3.63035869166255,-0.07805258651143476,0.0,0.0
5934,16.77225,59.59681472208691,3.553298735833708,0.002391038288659164,0.004,16836.750476912905
5935,2.35625,14.635432515259916,6.211324144407391,-0.049636545053374004,0.0005,3104.042403277221
5936,1.60725,10.445634267784513,6.4990724951217995,-0.03134495389739422,0.0,0.0
5937,3.6655,20.76314973328256,5.664479534383457,-0.05463962769343911,0.00025,17182.869904369156
5938,10.92975,48.63587849629917,4.449861936119231,0.0029106485079009037,0.00275,5821.961252067109
5939,19.94625,65.04941750405536,3.2612354454624484,-0.05608088902361352,0.00425,33557.48497679407
5940,10.79575,48.73300481580316,4.5140916393768995,0.0037770739441147505,0.002,0.0
5941,1.062,0.26490289425720975,0.24943775353786227,-0.4049672822818617,0.0,0.0
5942,7.7095,38.02238860538373,4.931887749579575,0.02104039168198346,0.00175,24053.097035633058
5943,1.09775,0.4947283360912663,0.4506748677670383,-0.13368719983418342,0.0,0.0
5944,1.4665,9.748211869807951,6.647263463899047,0.02418554806156792,0.0,0.0
5945,1.39175,8.406661044967928,6.040352825556262,0.012963100894723967,0.0,0.0
5946,1.483,10.208612292629947,6.883757446142917,0.04422729868651787,0.00025,0.0
5947,1.63375,11.919464306118636,7.2957700420006955,0.025976967696569764,0.00025,0.0
5948,75.58725,115.82506744655817,1.5323360414164846,-0.0010062138969044732,0.02,8839.594339752015
5949,7.6085,36.825728252341854,4.840077315153033,0.007152339522409568,0.00175,15962.348468901018
5950,9.6645,43.21801579170709,4.471831526898141,-0.013280554733501537,0.00275,31147.894426231156
5951,1.74625,11.830927844041343,6.775048156931334,-0.012223696866194178,0.0,0.0
5952,1.54075,10.65963162469011,6.918469332915859,0.011290072240662585,0.0,0.0
5953,1.40525,8.342806664621975,5.9368843014566615,0.009651743201430252,0.0,0.0
5954,6.961,34.770220319337405,4.995003637313231,-0.017791561956539637,0.00125,24273.771102409333
5955,11.08275,48.05141139416971,4.335693884114476,-0.0023399677709303734,0.0035,23572.88114399154
5956,1.403,5.987700237865504,4.267783490994657,-0.13440038606353433,0.0,482.7900817173479
5957,1.3535,7.605425587999246,5.619080596970259,-0.030536914676690174,0.0,0.0
5958,6.356,35.67810246844607,5.613294913223108,0.04131545692216387,0.00025,3266.953425818877
5959,6.4865,35.23046429091644,5.431351929533097,0.03583207510028874,0.0015,14968.685097866344
5960,59.4445,106.91297870700264,1.7985344095248954,-0.03577834605603325,0.01725,21449.903658789503
5961,1.47625,9.17531920742486,6.215288201473232,-0.0021182294060851925,0.0,0.0
5962,1.1205,0.609157219549709,0.5436476747431584,-0.04332458988388202,0.0,0.0
5963,13.74525,53.928428692970684,3.923422905583433,0.010483843760358935,0.003,29598.857045658075
5964,1.873,12.68416702126142,6.772112664848596,-0.014419055381855284,0.00025,1219.632291263228
5965,1.121,0.6538087384446744,0.5832370548123768,-0.012603264766677308,0.0,0.0
5966,1.17375,4.838792660995512,4.122507059421096,-0.024318223053455323,0.0,0.0
5967,1.11525,0.6391944773658279,0.5731400828207378,-0.022420971566815773,0.0,0.0
5968,7.92825,39.143091949274236,4.937166707567778,-0.013771937152830427,0.00175,26576.71479831917
5969,1.293,5.30204478665825,4.100576014430201,-0.11742143275692929,0.0,309.71167335387383
5970,1.235,5.527921352427118,4.476049678078637,0.033506619223372947,0.0,0.0
5971,1.164,4.26903503909739,3.6675558755132216,0.8022757338026942,0.0,0.0
5972,1.3385,5.839515625091168,4.362731135667664,-0.07548799983901222,0.0,472.45883553030404
5973,1.72975,11.874888133348662,6.865089251827526,-0.010612975432120475,0.0,288.4684282929348
5974,9.6835,43.485946978836296,4.490726181529023,-0.010596446585032782,0.00125,18512.59129393153
5975,16.6475,59.28109146854017,3.5609605927941232,8.418088162209791e-05,0.003,25896.06693835722
5976,87.01125,120.08343820640033,1.3800909446353238,0.00012234996841575807,0.02225,11281.947864833954
5977,2.11825,15.584848052185247,7.357416760148824,0.006274566754733257,0.0005,127.98623629511624
5978,12.35625,49.66394530042092,4.019338011162037,-0.025292705805972204,0.0025,23010.421497512216
5979,12.9195,51.270939108322004,3.9684925197044785,-0.011462650415489994,0.0035,17573.61207039786
5980,4.21675,24.528038560113234,5.81681118399555,-0.012991114567094009,0.0015,19715.701921165346
5981,1.81775,13.674201288657436,7.5225973256264265,0.018220961133573077,0.0005,0.0
5982,1.69775,13.213801348363706,7.783125518105555,0.07074800374688972,0.0005,0.0
5983,1.57325,11.029417321377965,7.010594197602392,0.026100445114834114,0.0,0.0
5984,1.27525,6.656430308627394,5.219706182025011,-0.018623435280692435,0.0,0.0
5985,4.5195,26.19516494348917,5.796031628164437,-0.010366662120131931,0.001,32080.92307431317
5986,68.70825,112.00075747224251,1.630091837184654,-0.01558781581111468,0.017,32260.048024883592
5987,2.09125,15.713390821215993,7.513874869678896,0.009841906718458082,0.00075,345.0597025774727
5988,4.8515,26.305891882559962,5.422218258798302,-0.008534768712897822,0.00025,23820.207825029076
5989,1.4605,8.970705554165452,6.142215374300207,-0.011912809562558468,0.0,0.0
5990,1.73725,11.497054318476557,6.617961904433189,-0.024655919289614525,0.00025,330.6213329884126
5991,1.4275,9.438300383465876,6.611769095247549,0.01015438348179376,0.0,0.0
5992,9.65875,44.50458923586716,4.607696569003977,-0.0005405816014849574,0.0035,32080.599996181667
5993,11.8765,51.335977573221975,4.32248369243649,0.026375720241615275,0.004,1467.8787184000869
5994,1.5145,11.036133326926711,7.286981397772672,0.02636481415658687,0.0005,0.0
5995,1.155,2.9166936375704355,2.52527587668436,0.6368368286888969,0.0,0.0
5996,1.306,7.484207863350366,5.730633892305027,0.03228101623567148,0.00025,0.0
5997,1.571,9.319692761475135,5.932331484070742,-0.0470505289900468,0.0,392.1788253741729
5998,1.6685,12.666401113942932,7.591490029333492,0.05237346720890179,0.0005,0.0
5999,2.08075,15.109262122551584,7.261450016845648,-0.007184750023887743,0.0005,362.10816876168553
6000,1.29825,7.366740402208998,5.67436195047872,0.02541054127060005,0.0,0.0
6001,1.60825,11.628782786034451,7.23070591390297,0.015254488666637034,0.00025,0.0
6002,4.37425,25.957602667071463,5.934183612521338,-0.014323219137882814,0.00125,30123.20979435001
6003,1.97075,13.690060221734552,6.946624494093392,-0.018362669787903796,0.0,486.55575893318604
6004,8.10175,40.45463559745448,4.993320652631158,0.0005412283838077681,0.0025,19429.466497258058
6005,1.912,13.161803230031456,6.883788300225657,0.0016343863441932172,0.0,242.83383507610588
6006,1.2225,3.544451231662442,2.899346610766824,-0.15950623109207607,0.0,0.0
6007,1.28425,5.121328825581789,3.9877974113932564,-0.13248216316719763,0.0,0.0
6008,1.416,7.822642931619012,5.524465347188568,-0.018306929088172552,0.0,0.0
6009,1.696,10.729415831769352,6.326306504580986,-0.019703692507529125,0.0005,834.684814264755
6010,11.29875,48.310754296353835,4.275760973236316,-2.2979505525100308e-06,0.0035,27511.51900904341
6011,3.7125,24.41412206263052,6.576194494984652,0.015708247996601976,0.00025,856.6316337224883
6012,3.45225,23.36758932785427,6.768799863235359,0.030966319381875218,0.0005,0.0
6013,12.22175,50.277425668190844,4.113766495648401,0.01732691628892491,0.00375,25141.867471320365
6014,13.099,52.822218295774185,4.032538231603495,0.001482712951403009,0.004,30958.17519499901
6015,4.26525,29.111462720944452,6.825265276582721,0.0614100925196035,0.002,0.0
6016,3.76425,24.592801251704767,6.533253968706852,0.01887513644629113,0.001,1068.843558323504
6017,3.4315,23.52900786907144,6.856770470369062,0.033956022804603636,0.0005,0.0
6018,3.801,25.87941914115869,6.8085817261664525,0.04102166086942316,0.00075,0.0
6019,3.7795,26.34504498190836,6.970510644770038,0.04876608085386458,0.0015,0.0
6020,3.8215,24.322757592103347,6.3647147957878705,0.014079947943147486,0.00075,3318.9828844176914
6021,12.7385,50.933595745282766,3.998398221555345,-0.014329585690363578,0.0035,35778.250911138646
6022,1.72,13.687345829596207,7.957759203253609,0.051076737937252537,0.00075,0.0
6023,1.87625,14.29961732709744,7.621381653349735,0.037643408007851376,0.00025,0.0
6024,1.095,0.4248766056545219,0.38801516498129857,-0.19979116674888048,0.0,0.0
6025,1.312,5.096582167241774,3.8845900664952544,-0.13458579436603224,0.0,1196.2427234909123
6026,1.23025,6.261951608483312,5.089983018478611,0.08765447078983513,0.0,0.0
6027,1.09775,0.5764356052515758,0.5251064497850838,-0.06730318713401334,0.0,0.0
6028,1.0955,0.5324008007630748,0.48598886422918747,-0.1018152855804364,0.0,0.0
6029,1.39325,7.402013367184092,5.312767534314798,-0.04231057115591175,0.0,297.3958666655122
6030,1.344,7.470114768439867,5.558121107470138,0.03146244954893729,0.0,0.0
6031,1.0935,0.4958015780543667,0.45340793603508617,-0.13274608086732825,0.0,0.0
6032,1.19175,4.113114557770222,3.4513233125825233,-0.09488443076090236,0.0,0.0
6033,1.28075,6.892227879197312,5.381399866638541,-0.0035051964941413827,0.00025,0.0
6034,16.156,58.87594379871585,3.6442153873926624,-0.0028941282228061027,0.003,19439.830006903496
6035,1.54125,10.946426563090135,7.102304339393437,0.022820243462032375,0.0005,0.0
6036,12.213,49.732800734195706,4.072119932383174,0.012596801175477568,0.002,13678.875718217712
6037,8.84075,35.45674385231464,4.010603608552967,-0.056728215218667,0.0015,126236.0479755994
6038,1.1285,3.9185873196402556,3.4723857506781175,0.7650755432018679,0.0,0.0
6039,2.66075,18.8044824863088,7.067361641006783,-0.0004415547530918218,0.00075,1091.73203431133
6040,1.65125,12.25741344997471,7.423111854640248,0.03811906561632816,0.00025,0.0
6041,1.70075,12.485618611247357,7.341242752460595,0.04613029498848631,0.0,0.0
6042,1.4185,8.567450498953175,6.039795910435794,0.02119116763935236,0.0,0.0
6043,7.2655,39.40487527957613,5.4235600137053375,0.03655095272940034,0.002,411.09636805387044
6044,25.8115,74.28388783409183,2.8779376570169046,0.0015703245808440514,0.006,41134.18164052217
6045,1.89925,14.03947563680849,7.392115643969192,0.029669880112501046,0.0005,700.483217902437
6046,1.72975,12.623313826031882,7.297767784958452,0.015930876765492208,0.0,0.0
6047,2.7445,14.374156456761588,5.237440866008959,-0.11712057289812083,0.0005,22858.129225100456
6048,3.03175,17.764378267232022,5.859446942271632,-0.06297152423188601,0.00075,47038.59346975894
6049,1.4825,10.753725140671035,7.253777497923127,0.06681952034700023,0.00025,0.0
6050,1.47225,9.985146755377793,6.782235867127045,0.034615040632816396,0.00025,0.0
6051,1.53975,10.920496062270315,7.092382570073268,0.021790242223119982,0.0,0.0
6052,1.3605,8.056752917080907,5.921905855994786,-0.005500391211316957,0.00025,0.0
6053,1.3275,8.02943719792545,6.048540262090735,0.06282028094881209,0.00025,0.0
6054,1.66575,12.24657182920559,7.351986690202966,0.03773476434218792,0.00025,0.0
6055,1.7045,11.943757494430779,7.007191255166195,-0.008101525595024084,0.0,407.12370709536043
6056,1.34225,8.14267712335346,6.066438534813529,0.06890238963966666,0.0,0.0
6057,1.64775,10.764299209510483,6.532725965413736,-0.018294008631531522,0.0,229.92736253989727
6058,36.5785,88.05028705809399,2.407159589870935,0.07540647519976562,0.008,5084.9039184614
6059,2.69325,19.496222200916947,7.2389203382222025,0.015247525353360158,0.0005,6297.0
6060,8.47325,39.209598730357456,4.627456847178763,-0.01303466738660397,0.00125,19812.648806829973
6061,3.15075,16.386630369029895,5.20086657749104,-0.09803187901642141,0.0,17888.710320767525
6062,1.113,1.1137958229782607,1.0007150251377006,0.21875159925163223,0.0,0.0
6063,2.124,14.844501130164357,6.9889365019606196,-0.014862398516542363,0.0,553.714295579978
6064,15.0715,57.0095422690573,3.782605730621192,-0.01688445622636814,0.0035,26954.33658879225
6065,66.71225,111.36213823106735,1.6692906959526526,-0.018071214563092575,0.0195,5985.025455192217
6066,1.162,3.629882919944268,3.123823511139646,0.731838631722209,0.0,0.0
6067,4.7355,26.20952640870571,5.534690404119039,-0.010128625979061612,0.001,22616.477631993926
6068,9.938,44.96977569636683,4.525032772828218,0.003975342783126612,0.00325,14545.14642806441
6069,10.18825,44.783302669488286,4.395583409269333,0.002170740097733548,0.00275,29776.25734613688
6070,1.09475,0.5842583135431074,0.5336910833917401,-0.06144908480658101,0.0,0.0
6071,2.15675,16.31636403649241,7.565255146165484,0.02619538072140548,0.0,0.0
6072,2.14975,16.27236990862458,7.569424309163661,0.02502280257779743,0.00025,0.0
6073,2.105,15.859992428748509,7.534438208431595,0.013874970026228839,0.0,0.0
6074,1.3475,7.955631135660557,5.903993421640488,-0.010985797428001876,0.0,0.0
6075,76.336,115.93493145330604,1.5187451720460339,-0.0005944660914951605,0.01975,13776.206182969354
6076,11.236,46.78281160710059,4.163653578417638,-0.013959797328806811,0.00225,14462.857530650881
6077,6.9905,36.07995774093488,5.161284277367124,-0.0017329843306770343,0.00225,16339.262931607964
6078,1.54875,10.572916819876152,6.826742095158129,0.007742691132637702,0.00025,0.0
6079,14.704,55.710118365715935,3.788773011814196,0.024600158474742395,0.00375,13554.92853991632
6080,1.33725,8.538515034667874,6.385129956752944,0.0895175227874273,0.0005,0.0
6081,1.25175,6.709592133218573,5.360169469317814,0.11764088447845877,0.00025,0.0
6082,1.327,6.915347171807549,5.211263882296571,-0.002050836760114527,0.0,0.0
6083,1.5995,11.044731607154091,6.905115102940976,0.026703042378759978,0.0,0.0
6084,2.8795,21.04029831747454,7.306927701849119,0.010530356603405844,0.0005,107.02592903396095
6085,1.06325,0.32136467807473573,0.3022475222898996,-0.32105584483612265,0.0,0.0
6086,5.3225,29.57455252897873,5.55651527082738,-0.0006921773676396015,0.0015,18653.29665590684
6087,1.97325,13.922733031314838,7.055736998005746,-0.01104353274773251,0.0,964.1040717217278
6088,1.43225,9.150893106613264,6.389173054015195,-0.003275929305754155,0.0,0.0
6089,1.562,9.360879366578168,5.992880516375267,-0.04513547583369415,0.0,1395.8624250013845
6090,62.35825,108.01059660599185,1.7320979438324817,-0.0313424107202831,0.014,15379.69664192795
6091,5.42775,29.504938828801574,5.435942854553282,-0.0017156411500385271,0.00075,18810.22473160736
6092,16.2305,58.576144128093894,3.6090166124330056,-0.0051112301525884085,0.00425,16634.12404761847
6093,5.19375,28.687540059687397,5.523473417027658,-0.013917050386991203,0.00125,22108.40877169093
6094,3.0255,20.56690543445434,6.797853390994659,0.000647414689661785,0.0005,1604.9590646606468
6095,1.1745,4.009746783441173,3.414003221320709,-0.10593828865898014,0.0,0.0
6096,1.56625,9.740910238297428,6.219256337300832,-0.027852582994814856,0.00025,332.7120827472058
6097,3.7845,21.464371399132332,5.671653163993218,-0.0402146892273576,0.00125,24102.278170687863
6098,1.5035,10.174569682156305,6.767256190326774,-0.008936073904659336,0.0,0.0
6099,1.33775,8.061942921431354,6.026494428279839,0.06457489434388974,0.00025,0.0
6100,12.80975,52.258906449172045,4.079619543642307,-0.0031736051205446536,0.00375,26972.18913116011
6101,1.32125,7.7746806913508095,5.884337325525683,0.04881773677197554,0.00025,0.0
6102,1.22025,5.879275585295518,4.81809103486623,0.06026858146058112,0.0,0.0
6103,1.4565,9.329140687463752,6.405177265680572,0.005102230866517621,0.00025,692.2668387904429
6104,1.531,9.933161929943639,6.488022161948817,-0.019364608992400556,0.0,0.0
6105,1.215,5.437845854921364,4.475593296231575,0.026371656268201593,0.0,0.0
6106,11.3695,47.25076854964513,4.15592317600995,-0.009637239465892788,0.00175,23702.32924746487
6107,1.38775,8.237861708531057,5.936128055147582,0.004154060847591956,0.0,0.0
6108,5.9695,31.516025839581687,5.279508474676554,-0.0125548436656433,0.00125,22855.717461721248
6109,8.50025,40.24338930225849,4.734377142114466,-0.0017325152424862988,0.003,18408.814522623114
6110,1.2945,7.22456353903697,5.580968357695612,0.01694679030540791,0.0,0.0
6111,1.31175,7.944516396401556,6.056425688127735,0.05820264102275852,0.00025,0.0
6112,15.39775,56.58124604750741,3.6746437659727826,-0.020159502907131976,0.00375,42555.93828632966
6113,1.18,4.523407488147176,3.8333961763959117,-0.05358952369788961,0.0,0.0
6114,1.431,9.325394347958495,6.516697657553106,0.004927794506323968,0.00025,0.0
6115,1.6935,12.050118633846406,7.115511446026812,0.030711552832370037,0.0,0.0
6116,1.76725,13.058338619034673,7.389072637733582,0.030645423709048547,0.0005,403.4718670483398
6117,2.47575,18.68819745503909,7.5484994264522225,0.01949996311855462,0.00075,206.0464806294884
6118,2.4315,18.09721484224193,7.442819182497194,0.005544291187643102,0.0005,206.0464806294884
6119,1.62675,11.482003028038443,7.0582468283623445,0.009737887319750227,0.0,0.0
6120,1.691,12.40022017405704,7.333069292759928,0.04314962667040345,0.0,0.0
6121,10.46025,46.08158306755534,4.405399781798269,0.014582011660089433,0.0025,16095.785791299033
6122,8.925,42.130916540376056,4.720550872871266,0.01817384196824734,0.00375,28035.617964117744
6123,5.29275,28.817731743723574,5.4447558913085965,-0.011950565409240888,0.00125,31261.613499989187
6124,1.60725,11.532399858621135,7.175237118445254,0.011639922364471866,0.0,0.0
6125,1.55225,10.789665154954486,6.9509841552291745,0.016555842684085054,0.0,0.0
6126,1.79725,13.474402855807009,7.497233471029077,0.04426702518237313,0.00025,0.0
6127,1.46825,9.54888932071761,6.5035854389358825,0.01521344794193391,0.0,0.0
6128,1.6805,11.976989681069913,7.12703938177323,0.028067905639320045,0.0,0.0
6129,2.1785,16.171673336566815,7.4233065579833895,0.02232695448733435,0.0,0.0
6130,80.54575,117.91832380809154,1.463991878008356,0.00677252145771412,0.02075,12849.610075960341
6131,1.9025,13.997945541037172,7.357658628666056,0.028383292126898052,0.0,0.0
6132,1.8075,12.972163004034861,7.176853667515829,-0.0046686101922504,0.00025,553.1839777769918
6133,1.43975,8.954295884724703,6.219340777721619,-0.012707970545183467,0.0,0.0
6134,2.1135,16.101892295127023,7.618591102496817,0.020448911707011908,0.0,0.0
6135,2.21175,17.49548327201139,7.9102444996095365,0.05649793772734513,0.0005,0.0
6136,80.1645,117.9075463535807,1.470819955885469,0.006732826160305905,0.0215,6504.149898447118
6137,13.82025,50.559410631833515,3.6583571666093966,-0.017531919961081055,0.00475,216572.29730941317
6138,1.1145,0.57617075870422,0.5169769032787976,-0.0675027720047707,0.0,0.0
6139,7.41725,36.30783272403875,4.895053115917455,0.0010013213857336112,0.00125,15814.565005800332
6140,1.16925,4.530809695476534,3.874970874899751,0.8281218355972142,0.0,0.0
6141,1.1815,3.8760564628789735,3.280623328716863,-0.12066514150153851,0.0,0.0
6142,1.187,4.600415411187219,3.875665889795467,-0.046258186687965996,0.0,0.0
6143,1.091,0.4508545413482752,0.4132488921615721,-0.17401753701288786,0.0,0.0
6144,1.23275,5.677247151684109,4.605351573055453,0.04508256475614236,0.0,0.0
6145,1.1705,4.0280871541626775,3.4413388758331287,-0.10395637769005295,0.0,0.0
6146,1.104,0.5711966092262785,0.5173882329948174,-0.07126836489960661,0.0,0.0
6147,1.1645,3.938694971627009,3.382305686240454,0.7672983630120074,0.0,0.0
6148,1.29275,8.129549177534846,6.288570239825833,0.06820163787290823,0.0005,0.0
6149,1.7525,11.934418768328621,6.809939382783807,-0.008441229714495346,0.00025,458.1010935912122
6150,16.736,59.420791913503706,3.550477528292525,0.0011064251569494754,0.00375,19929.541255244636
6151,1.409,8.896966224618396,6.314383409949181,0.037581505666058,0.0,0.0
6152,1.92475,14.704715046496126,7.639805193659502,0.04977560557018923,0.00025,0.0
6153,3.9585,24.431015050015702,6.1717860426969064,-0.01471242358366065,0.0015,18716.242857443638
6154,1.8855,14.946830489619575,7.927250325971666,0.05686810182975344,0.00075,0.0
6155,1.446,7.057055654352396,4.880398101211893,-0.11611586916436467,0.0,0.0
6156,1.52625,8.125657974396859,5.32393642876125,-0.10659358634028915,0.0,0.0
6157,2.0315,14.124814524316294,6.952899101312476,-0.004785274637161496,0.00075,384.463539338419
6158,1.74525,11.750909471434602,6.733080917596105,-0.01517102201187881,0.0,0.0
6159,1.44125,8.102095989764429,5.6215757084228475,-0.05614202741500396,0.0,0.0
6160,1.2445,1.9927901427742671,1.6012777362589532,-0.40959367001466607,0.0,0.0
6161,3.75525,21.34317760421492,5.683557047923552,-0.04267378526181709,0.00075,19758.71596740923
6162,1.39275,6.7647570482597885,4.85712227482304,-0.08140823238466555,0.0,0.0
6163,7.026,35.05169723950386,4.988855286009659,-0.01428995272779332,0.00075,22408.012843908575
6164,2.1795,13.791639934504555,6.327891688233336,-0.04681209535427855,0.0005,2136.7238404309455
6165,1.37975,8.494237926794211,6.156360157125719,0.017463985375008928,0.00025,0.0
6166,1.8915,12.797604167112864,6.7658494142811865,-0.010552334221470172,0.0,324.5003776003512
6167,14.6005,55.439185379737424,3.7970744412682733,0.022482917433109373,0.00325,23930.06433404767
6168,17.0705,60.68261797896656,3.554823700475473,0.010232298635134862,0.00425,28895.87063120196
6169,17.847,62.20998401806483,3.4857390047663377,0.02102807948711516,0.0055,24245.686537629383
6170,1.63875,10.912035399807023,6.658755392712142,-0.012374003531858024,0.0,305.12687740839
6171,1.1065,0.6817433120213732,0.6161259033180055,0.005566900568024391,0.0,0.0
6172,86.1195,119.81809050996166,1.3913003502105987,-0.0008383699399545641,0.025,5039.389499026731
6173,64.79625,109.83017983704781,1.6950082734270548,-0.024087080947972517,0.019,9186.228292305332
6174,2.61225,18.37524999532245,7.034261650042089,0.012165805383992145,0.00025,332.01409532584285
6175,1.3075,7.275278425534123,5.56426648224407,0.019984793784935673,0.0,0.0
6176,1.1165,1.1367721023596489,1.0181568314909528,0.2276194213961329,0.0,0.0
6177,1.32475,6.497102471304471,4.904398921535739,-0.029145108233011974,0.00025,485.72562030138016
6178,12.66575,50.68698372873828,4.0018935893048795,-0.016437474638931082,0.0025,26176.3299776802
6179,85.59025,120.0624258519828,1.4027582096323215,4.634991207996819e-05,0.02275,4925.063655984761
6180,1.643,11.169992980561647,6.798534985125774,-0.002226869547488075,0.0,0.0
6181,1.512,10.349475054729929,6.844890909212916,-0.001533802269690021,0.0,0.0
6182,1.29825,7.229893829005698,5.56895345966162,0.017267095048277614,0.00025,0.0
6183,1.17225,4.0253112575526435,3.4338334464087383,-0.10425576847297058,0.0,0.0
6184,12.184,49.5620342884622,4.067796642191579,0.01110300750179194,0.0035,29111.45926672409
6185,1.83175,12.626868233566345,6.893336008498073,-0.016385358978225906,0.0,580.0699639307344
6186,1.39875,8.045864305381064,5.752181809030252,-0.006087732341302665,0.0,0.0
6187,1.77675,12.539306918326789,7.0574402241884275,0.013031030014341471,0.0,0.0
6188,1.9625,14.04528074578102,7.156830953264214,-0.007237603789094438,0.0,0.0
6189,3.4385,23.622250536943085,6.8699289041567795,0.035673679142521175,0.00025,623.5650866684722
6190,1.60475,11.258473064382903,7.015717753159622,0.0011997233750538072,0.00025,0.0
6191,11.58625,48.70774242336115,4.203926414790044,0.003551884417270834,0.00125,20604.17192228004
6192,2.52925,16.560592010536187,6.547629538612705,-0.03299159303906962,0.0,8062.892321801492
6193,1.1995,4.5616227211884395,3.8029368246673108,-0.04993587316752912,0.0,0.0
6194,20.83175,67.32842431780043,3.2320100000144216,-0.041125850150865784,0.00575,29254.462967406824
6195,1.7645,12.28188710816601,6.960548091904795,0.0040225986414172965,0.0005,0.0
6196,1.63775,11.150655102495264,6.808520899096482,-0.0029793867509257943,0.0,0.0
6197,1.764,12.342057591682154,6.996631287801675,0.006145066125372578,0.00025,0.0
6198,1.6855,11.84424591480279,7.027140857195366,0.023227646056259044,0.00025,0.0
6199,1.63825,10.602121871802177,6.4716141442406085,-0.024886977593163495,0.0,0.0
6200,1.73325,11.979147274737773,6.911378782482489,-0.006816598228298165,0.00025,0.0
6201,1.83225,12.771800564521627,6.9705556362514,-0.011428879150099824,0.0005,0.0
6202,1.7195,12.054673306943426,7.010568948498649,-0.004087057422482054,0.0005,0.0
6203,1.7815,12.537426151871385,7.037567303885144,0.012965885444466752,0.00025,0.0
6204,2.09775,15.177146681206112,7.23496445296442,-0.005237874196301062,0.00025,0.0
6205,1.811,12.715038224451483,7.021003989205679,-0.013363337325515756,0.0005,0.0
6206,1.7445,12.055498891102696,6.910575460649295,-0.004057315067934608,0.00025,0.0
6207,2.012,14.834701651643462,7.373112152904305,0.016510788058910375,0.0,0.0
6208,1.6,10.31484847318448,6.446780295740299,-0.0029892718714030764,0.0,0.0
6209,1.96575,13.719443600987622,6.979241307891452,-0.01743152966656436,0.00025,0.0
6210,1.64825,11.343089894715193,6.881898919893944,0.004451604163289602,0.0005,0.0
6211,1.78575,11.91706134184331,6.673420883014593,-0.009073327667202591,0.0,0.0
6212,2.2375,16.51683369168557,7.381825113602489,0.03149879025667057,0.0005,0.0
6213,1.7065,11.435954398879584,6.701408965062751,-0.026970087573333412,0.0,0.0
6214,1.514,9.313779609946527,6.151769887679344,-0.0473261672730837,0.00025,0.0
6215,1.7185,12.174822969085922,7.08456384584575,0.00022015246628614982,0.0005,0.0
6216,1.786,12.522496046188504,7.011475949713608,0.012448400734958565,0.0005,0.0
6217,1.7585,12.546155955403806,7.134578308446862,0.013268179242783784,0.0005,0.0
6218,1.65975,10.485130634789781,6.317295155770315,-0.029705924011494966,0.00025,0.0
6219,2.02525,15.306066815411448,7.557618474465595,0.03009557645781369,0.0005,0.0
6220,1.8355,12.423889407387756,6.768667615030105,-0.023423430614664342,0.0,0.0
6221,1.6565,11.437928759332955,6.9048770053323,0.008067617489647017,0.0005,0.0
6222,1.82,13.30527555480898,7.310590964180758,0.006342865870095915,0.00075,0.0
6223,1.956,13.96358870249203,7.138849029903901,-0.009770980174378385,0.0005,0.0
6224,1.4195,7.273599250819045,5.124057239041243,-0.049911066889021805,0.00025,0.0
6225,1.88225,13.229876883330665,7.028756479389382,0.0038747952479252223,0.0005,0.0
6226,1.79325,12.57746208802252,7.013780615096902,0.014350514411192616,0.00025,0.0
6227,9.9595,44.63794345900203,4.481946228124106,0.0007587991699191665,0.00325,24710.638223806247
6228,1.15375,4.168927431184385,3.6133715546560214,0.7919703498084403,0.0,0.0
6229,1.16625,4.746445314472803,4.0698352106947935,0.848314495984402,0.0,0.0
6230,1.2075,4.370093612217579,3.6191251446936468,-0.06856449619878402,0.0,0.0
6231,1.16225,3.881197091132458,3.3393823111485976,0.7609117116263362,0.0,0.0
6232,2.23725,15.883514533817335,7.099570693403659,0.01451859911963238,0.00025,343.9830213378218
6233,1.64825,11.772347640965458,7.142331345952045,0.020583308719388516,0.00025,0.0
6234,2.199,17.304905776715028,7.869443281816748,0.051741233319812396,0.00025,0.0
6235,1.3905,7.639345498791927,5.493955770436481,-0.028604284227844667,0.0,469.7698541218416
6236,1.883,14.562291237354113,7.733558809003777,0.04554870500697228,0.0005,0.0
6237,4.341,25.401486725819225,5.85152884722857,0.002205201398312262,0.00025,25949.03778426261
6238,2.2175,17.527735139623182,7.904277402310342,0.057297796377085985,0.00075,0.0
6239,14.30325,55.53728825783861,3.882843987054593,0.02325074773659086,0.00325,35155.80435676344
6240,2.3945,17.293933612251042,7.222356906348316,0.022851680929061535,0.0,0.0
6241,1.74225,11.80739889241704,6.77709794370328,-0.013088267133290143,0.00025,181.18132094311733
6242,2.29325,16.004461569669683,6.978943233258338,-0.010801038581677691,0.0,1189.472882082622
6243,21.048,67.6542938169335,3.2142860992461757,-0.03902893578744737,0.0065,19904.633506648108
6244,1.26475,6.252593955335063,4.943739043554111,-0.045804598249960415,0.0,0.0
6245,2.30925,17.40000875038942,7.534917722372814,0.025507360138285362,0.0005,0.0
6246,2.346,18.155211012867085,7.73879412313175,0.043959194410609026,0.0005,0.0
6247,3.8785,22.286428807174207,5.746146398652626,-0.02389238117018122,0.00075,25850.822528549
6248,1.74,12.919757351920667,7.425147903402682,0.026011854675937585,0.0005,0.0
6249,9.755,43.645282708165254,4.474144818879062,-0.00900806764439488,0.00375,27052.645702911006
6250,5.98475,32.17214290550574,5.3756870220987905,-0.003606302417139551,0.00125,28780.895626957266
6251,1.65325,12.564094816465662,7.599633943121525,0.04885143545064485,0.001,0.0
6252,1.4905,10.284665932267057,6.900144872369713,0.04745077784852303,0.0,0.0
6253,1.871,13.45342364054269,7.190499006169262,0.011151810659838945,0.0,262.4453983642007
6254,1.861,13.692773715102547,7.357750518593523,0.018810423692575462,0.0,0.0
6255,1.55675,11.084583728611968,7.120336424353279,0.028267263855028313,0.00025,0.0
6256,6.91775,35.158406012159155,5.082347007648319,-0.01296982742753472,0.0015,31941.28669236149
6257,1.16425,4.857537529985105,4.172246106923002,0.8583621791132872,0.0,0.0
6258,1.14425,3.794672821595525,3.3162969819493338,0.7511203511905107,0.0,0.0
6259,1.242,6.154096540196337,4.954989162798983,0.08010906846989096,0.0,0.0
6260,3.37325,19.560089051648696,5.7985886168083285,-0.04627676449302798,0.0005,11112.061179573546
6261,1.28225,6.355051660521885,4.956172088533348,-0.038745739373212684,0.00025,0.0
6262,40.83775,91.56228938895661,2.242099268176053,0.09239234209803904,0.009,25631.76221639296
6263,1.36225,8.375861967787307,6.148549802009401,0.011369075458456002,0.0,0.0
6264,4.27875,24.17867243021465,5.650872902182799,-0.019221483298518027,0.001,34789.062947241124
6265,1.40225,8.5164004841718,6.073382409821217,0.018595639765334404,0.0,0.0
6266,1.18775,4.684173919575064,3.9437372507472643,-0.03842222463365763,0.0,0.0
6267,2.999,17.324434565325706,5.776737100808838,-0.07386246749942771,0.0005,25370.297223076734
6268,1.117,0.784196876546506,0.7020562905519302,0.06637112258539757,0.0,0.0
6269,1.32225,7.901962742970752,5.976148794078845,0.05587015301321541,0.00025,0.0
6270,1.35575,8.246738392299573,6.082786938815838,0.00462178164485727,0.0,0.0
6271,5.74225,31.40441647732163,5.469008921123536,0.025380368504076767,0.00225,19271.311093756893
6272,1.3355,8.067633570499902,6.04090870123542,0.06488133978499555,0.00025,0.0
6273,1.32525,7.757770826052248,5.853816884400866,0.04787212119003881,0.00025,0.0
6274,3.76675,21.646985758659536,5.746860226630261,-0.03653543214862598,0.00075,14139.507496385533
6275,2.283,13.811864570025483,6.049874975920054,-0.07478979525426777,0.0005,8977.388373121134
6276,1.275,6.110418095541873,4.792484780817156,-0.05579389751694075,0.0,0.0
6277,3.83125,22.385185895462058,5.842789140740505,-0.02197215828814847,0.0005,30132.853419098094
6278,1.414,8.895469990202129,6.290997164216499,0.03750846267809338,0.00025,0.0
6279,1.7755,13.28648683562018,7.483236742112182,0.038167659055619474,0.00025,0.0
6280,1.3495,5.581096389530224,4.13567720602462,-0.16494091304350467,0.0,6622.543851789584
6281,1.179,4.752589375955397,4.031034245933331,-0.032124943491946834,0.0,0.0
6282,1.11,0.5705097460539877,0.5139727441927817,-0.07179091769114956,0.0,0.0
6283,1.25625,5.965985600346845,4.749043263957687,0.06662696446830418,0.0,0.0
6284,1.1665,4.2403151791116365,3.635075164262011,0.799344152952471,0.0,0.0
6285,1.45525,8.357628845999436,5.7430880233632955,-0.04265633095767407,0.00025,0.0
6286,2.4885,15.478089693665085,6.2198471744685895,-0.062350091974779476,0.0005,8140.74003317857
6287,1.1545,4.321434767483182,3.7431223624800185,0.8075739760754503,0.0,0.0
6288,1.1675,5.329075296041304,4.564518454853365,0.8985978709674207,0.00025,0.0
6289,1.06025,0.27411443263816876,0.2585375455205553,-0.39012208302958434,0.0,0.0
6290,1.49725,10.449822588710962,6.9793438562103605,0.05436950569225496,0.0005,0.0
6291,3.896,20.71539200368814,5.317092403410714,-0.05563970757705339,0.00025,21621.337907706296
6292,1.3505,7.3684953301781855,5.456123902390363,-0.044281623582184904,0.0,0.0
6293,1.488,9.253824307608127,6.218967948661376,0.0015818381540474435,0.0,0.0
6294,7.4395,38.056568622957045,5.115473973110699,0.02143062295125886,0.002,24371.40960947949
6295,1.509,10.386091022212371,6.8827640968935535,0.0,0.00025,0.0
6296,1.4505,9.135147096687579,6.297929746078993,-0.004023866730902603,0.0,0.0
6297,1.34425,8.376710825769543,6.23151260983414,0.08120869864983637,0.00025,0.0
6298,1.23375,6.001676096432698,4.864580422640485,0.06921731701188538,0.0,0.0
