node,spread_mean,spread_std,spread_cv,spread_resid,spread_ignition,betweenness
0,1.2125,0.5195298141656085,0.4284781972499864,-0.10351016140056987,0.0,19780.440531172135
1,1.165,1.1839026169206601,1.0162254222494935,0.31418969993308155,0.0,4156.0
2,1.34925,1.55720283125366,1.1541247591281527,0.1761004403853192,0.0,0.0
3,1.148,0.42384066608521287,0.3691991864853771,-0.11977017701741915,0.0,0.0
4,1.03075,0.18523772767430097,0.1797115960943982,-0.035708607068816844,0.0,0.0
5,25.18075,20.955926778701258,0.8322201196827441,0.2744902927938322,0.0,12724.93083310536
6,24.59975,21.14946512104329,0.8597430917404969,0.27848280882496046,0.0,0.0
7,1.37125,0.9988357501180705,0.7284125798490942,-0.016750666147295735,0.0,27335.615235145877
8,1.3025,1.202229216402676,0.9230166728619393,0.13746083221975464,0.0,7185.510279072003
9,1.07925,0.31303983130585156,0.2900531214323387,-0.0002613871870216222,0.0,0.0
10,1.0325,0.18695584538074894,0.1810710366883767,-0.03169900350036425,0.0,0.0
11,1.038,0.23145062615617834,0.22297748184602922,0.06102030814233883,0.0,0.0
12,1.1645,0.5239354703532426,0.4499231175210327,-0.03984847948639375,0.0,3429.070025501963
13,1.08875,0.3954902535273895,0.36325166799300984,-0.021526407304455764,0.0,0.0
14,1.0835,0.389314322123336,0.3593117878387965,0.042993163220596375,0.0,0.0
15,11.9855,11.164427923665219,0.9314945495528112,0.0010198947655088997,0.0,315.93241478159285
16,1.2025,0.5215954039687852,0.43375917169961353,-0.10178688082911178,0.0,4876.518898692293
17,1.0665,0.2685065621981814,0.25176424022333,-0.03478457095961773,0.0,4156.0
18,1.19525,0.6436077961373776,0.5384712789269004,-0.000886957384363507,0.0,24988.18817944231
19,1.182,0.7056915049262187,0.5970317300560226,0.06051081447831358,0.0,4156.0
20,1.052,0.6491543347599124,0.6170668581367987,0.244791382216657,0.0,0.0
21,1.3315,0.713256569358764,0.5356789856243065,-0.16299896391956842,0.0,15742.757494510928
22,1.04,0.22002750515732447,0.2115649088051197,-0.03521906363773031,0.0,0.0
23,1.13125,0.6392382919525978,0.5650725232730146,0.13398797716304894,0.0,0.0
24,1.15675,0.4730067349867607,0.40891007995397516,-0.07210547592737498,0.0,985.4988332182837
25,1.615,2.275976717258851,1.4092735091386075,0.10737841329266609,0.0,22720.133593900304
26,1.224,0.5489984971176691,0.4485281839196643,-0.07954948121816649,0.0,7465.243996397227
27,1.169,0.495479944189241,0.42384939622689566,-0.0641002005978275,0.0,0.0
28,1.912,6.047305058835602,3.1628164533659007,0.2501306063477289,0.0,0.0
29,1.08925,0.3719126473438536,0.3414391988467786,-0.04822124518052623,0.0,0.0
30,1.0885,0.3797417556053555,0.3488670239828714,-0.0391738386310061,0.0,0.0
31,1.52875,2.83948747307986,1.8573916422435715,0.3115075142089696,0.0,12098.360172631848
32,1.17475,0.6721795845222185,0.5721894739495369,0.03938124294100548,0.0,0.0
33,1.04075,0.23044025945631674,0.22141749647496203,-0.015137682523396756,0.0,0.0
34,2.24225,2.167426901268665,0.9666303495456193,-0.3256848304819522,0.0,0.0
35,1.2285,0.9082918025060145,0.7393502665901625,0.10532856672862095,0.0,8678.792690986575
36,1.27575,1.1445695467562644,0.8971738559719886,0.17150468124409704,0.0,0.0
37,1.184,1.0867102809896951,0.9178296292142696,0.2480097008144618,0.0,0.0
38,1.0945,0.8223374062405442,0.7513361409232929,0.29638785326237926,0.0,0.0
39,1.09075,0.37020089096991476,0.33940031260134285,-0.050224732861564425,0.0,0.0
40,1.86725,1.539389446328273,0.8244152878983922,-0.08304359909290732,0.0,0.0
41,1.28925,0.7633676178814554,0.5921020887193759,-0.05979271250817371,0.0,19515.774231031945
42,1.716,3.2095045146887475,1.870340626275494,0.23604588701490048,0.0,18770.0415069944
43,2.2215,2.335979869452565,1.0515326893777022,-0.16296217509878524,0.0,0.0
44,8.9535,15.667057857986018,1.7498249687815959,0.14817086773258858,0.0,106012.6339543756
45,1.057,0.34897198363384463,0.33015324847099775,-0.024766017163186882,0.0,0.0
46,1.1425,0.4274803327156872,0.3741622168189822,-0.08146542079028302,0.0,8310.0
47,1.2945,0.6632342873600418,0.5123478465508241,-0.12085947576936441,0.0,2931.2922996125103
48,1.1,0.44050937802506773,0.4004630709318797,-0.01502318095928673,0.0,0.0
49,1.048,0.3205022315368569,0.30582274001608484,0.04113311571324685,0.0,0.0
50,1.1105,0.3658185421782914,0.3294178677877455,-0.025509841335880967,0.0,0.0
51,1.26125,0.7849538047674555,0.6223617877244444,0.007706593549669169,0.0,16353.704382064738
52,1.11775,0.39802580775109164,0.3560955560287109,-0.02875661117987166,0.0,0.5
53,1.153,0.5496967724440528,0.4767534886765419,-0.006849613480778616,0.0,0.0
54,1.28125,0.7019769443561533,0.5478844443755343,-0.04081465687959959,0.0,0.2
55,1.37775,1.3307883704487844,0.965914259080954,0.08416430750948975,0.0,15045.10914248926
56,1.09325,0.3982387299365863,0.36427050531588046,-0.018518698290686586,0.0,0.0
57,1.04175,0.2387911070333222,0.22922112506198436,0.0003221108730737665,0.0,0.0
58,1.08475,0.34727163272678085,0.3201397858739625,-0.006637908720881047,0.0,0.0
59,1.179,0.4500106969915845,0.38168846224901143,-0.13488123766836657,0.0,7390.857196416682
60,1.10825,0.6527928248058718,0.5890302953357742,0.22599981616969422,0.0,0.0
61,1.086,0.3356071483736749,0.3090305233643415,-0.02147601499631524,0.0,0.0
62,1.03575,0.1856894117590172,0.17928014652089522,-0.03465091146414889,0.0,0.0
63,1.26075,0.7203396142028755,0.5713580124551858,-0.0296002063980422,0.0,254.114568318089
64,1.08625,0.39730391402555426,0.3657573431765747,0.051815625865125,0.0,0.0
65,3.4395,5.5664698100804095,1.6183950603519144,-0.19620086037752604,0.0,66626.55749489191
66,6.363,13.71250302405787,2.1550374075212746,0.19533601798004696,0.0,3486.8611720893537
67,2.3,2.5288532528981733,1.0995014143035537,-0.25870566148949165,0.0,0.0
68,1.14625,0.5319132169984163,0.4640464270433294,-0.021132018665688368,0.0,0.0
69,1.156,0.46499253167511023,0.40224267445943795,-0.07952682281725193,0.0,0.0
70,1.09075,0.6911105888072403,0.6336104412626543,0.22088535453046712,0.0,0.0
71,1.17125,0.8832431528841757,0.7541030120675993,0.15797620438816803,0.0,1810.3968019234667
72,1.5535,3.668037809966499,2.3611443900653355,0.3146444019926964,0.0,0.0
73,1.18975,0.482496775413651,0.4055446735983618,-0.12601383828552545,0.0,1385.1666666667675
74,1.03925,0.23605797665422265,0.22714262848614158,-0.004677357761891376,0.0,0.0
75,1.095,0.45390142831528596,0.4145218523427269,0.03829935685713093,0.0,3051.19210816394
76,1.10725,0.35182152022797564,0.3177435269613688,-0.04245315516985121,0.0,0.0
77,1.2715,0.7368334145994042,0.5794993429802628,-0.01976819290845644,0.0,996.9243289651847
78,1.084,0.5540945363282309,0.5111573213360063,0.19627665015442264,0.0,0.0
79,1.14075,0.41950379421209,0.3677438476546921,-0.08964566635878313,0.0,10346.565456461476
80,1.05,0.3098774047934124,0.295121337898488,0.026491968135261668,0.0,0.0
81,1.1335,2.062944906055747,1.8199778615401387,0.6428128244279334,0.0,0.0
82,1.0715,0.2888054745854684,0.2695338073592799,-0.0031340536716071288,0.0,4156.0
83,1.1575,0.5364379660527914,0.46344532704344826,-0.02960677342076018,0.0,0.0
84,1.0385,0.21101867742111158,0.2031956450853265,-0.05337514132848398,0.0,0.0
85,2.1845,1.2521388552905115,0.5731924263174693,-0.4337787785709208,0.0,85970.74178951001
86,1.0515,0.3207389411454302,0.3050299012319831,0.04145374915310013,0.0,0.0
87,1.53475,0.9246654470927643,0.6024860381773998,-0.2838047725044206,0.0,48817.95284303632
88,1.46425,1.0399482249504752,0.7102258664507257,-0.12472072487117276,0.0,12364.636845036295
89,1.79975,1.4427994854063306,0.8016666122552192,-0.11118612516202928,0.0,0.0
90,1.18625,0.5938426557388277,0.5006049784942699,-0.03583686376229059,0.0,0.0
91,1.3605,0.789427355041122,0.5802479640140551,-0.11893257289607137,0.0,4402.781561234267
92,1.08575,0.3390068862386564,0.31223291387396396,-0.01709869754218929,0.0,0.0
93,1.09325,0.9258880897217935,0.8469134138776981,0.3478963050264509,0.0,4156.0
94,2.08675,1.60992931695817,0.771500810810193,-0.3246244619825167,0.0,59304.46736490654
95,1.0765,0.3235334889615291,0.3005420241166086,0.01405825312423059,0.0,4156.0
96,1.26975,0.7839889011646066,0.6174356378535985,0.007172409144421146,0.0,0.0
97,25.94375,20.850426158840285,0.8036781945108277,0.272298356349441,0.0,38273.96417442904
98,1.2015,0.6618211630138108,0.5508290994705042,0.011232396922632032,0.0,5513.720338285554
99,1.1665,1.0934242745435279,0.937354714567962,0.2796624306071232,0.0,0.0
100,1.07375,0.29211687826560434,0.27205297160941033,-0.030304337177067375,0.0,0.0
101,1.73075,1.0902071249968275,0.6299044489364884,-0.23288308789957704,0.0,20886.089419359043
102,1.812,1.7552567423479364,0.9686847363951083,-0.026051453975794808,0.0,49325.57658424966
103,2.59175,5.416864179752477,2.090041161281943,0.07211865655753258,0.0,59606.02278841865
104,1.03775,0.2093702377944834,0.20175402341072843,0.017476894401492027,0.0,0.0
105,1.34175,0.8109385567573594,0.6043887138120808,-0.10725679447452932,0.0,6159.678361746775
106,5.037,10.811445455544302,2.146405689010185,0.0921030432339891,0.0,134926.17490245576
107,1.08625,0.3799302886794682,0.349763211672698,0.03239669997081551,0.0,0.0
108,1.148,0.41610008990771113,0.3624565243098529,-0.12777499085300625,0.0,9607.862177504092
109,1.285,0.9723740935691679,0.7567113568631657,0.10069587432577375,0.0,24457.36473269984
110,1.36325,3.826285346440866,2.8067378297750714,0.5665326102663539,0.0,0.0
111,1.08675,0.41202776510789285,0.3791375800394689,0.06761926495502929,0.0,0.0
112,1.51075,2.3202866999775096,1.535850868758901,0.22380920778967475,0.0,19143.35459439396
113,1.036,0.25143548864716336,0.24269834811502256,0.09698852390081458,0.0,0.0
114,1.0465,0.2717649978446698,0.2596894389342282,-0.030504421232801504,0.0,0.0
115,1.10175,0.4482713177235115,0.4068720832525632,-0.0074373877468614236,0.0,0.0
116,1.03525,0.19752769881196278,0.19080193075292226,-0.007810047644215556,0.0,0.0
117,26.49475,20.839602796086943,0.7865559326314437,0.27207285749790033,0.0,13022.121254312075
118,1.1085,0.36504940113129425,0.329318359162196,-0.026423915728896574,0.0,0.0
119,1.3505,0.7019778794490671,0.519791099184796,-0.16992131731449914,0.0,37523.307601384455
120,1.0655,0.2650043524674768,0.24871361095023634,-0.04048646820979285,0.0,4156.0
121,3.5105,8.818323562764885,2.5119850627445905,0.0036053115780492195,0.0,5743.976980763672
122,1.947,1.6083649179919826,0.8260734042074898,-0.32504667937000387,0.0,0.0
123,1.1175,0.37179067642528263,0.33269859187944756,-0.05836934899682272,0.0,0.0
124,1.18325,1.2381650538902997,1.0464103561295583,0.3046744672983008,0.0,0.0
125,1.07675,0.3299797859942199,0.30645905362825154,0.022626348501804838,0.0,0.0
126,1.2555,0.655612085612903,0.5221920235865416,-0.0704905545331587,0.0,19050.285231099253
127,1.169,0.5413060622820197,0.4630505237656285,-0.025683389662322198,0.0,4061.6101619758383
128,1.03325,0.1874919353104331,0.18145844211026674,-0.03045545997123411,0.0,0.0
129,1.04725,0.29247020738111323,0.27927448783109404,0.0013836910724610574,0.0,0.0
130,1.11175,0.9764734059758844,0.8783210307855942,0.4008848638365658,0.0,0.0
131,2.261,6.843762727627837,3.0268742713966548,0.17366565435320092,0.0,0.0
132,1.11425,0.3663748014312405,0.3288084374523137,-0.02484995997353462,0.0,1.5
133,1.1705,0.5196125954134754,0.44392361846516476,-0.07242440514496873,0.0,1438.090549423916
134,1.0895,0.36403692219358746,0.33413209930572507,-0.05751675860388544,0.0,0.0
135,1.111,0.3467117711631173,0.3120718012269283,-0.04880696946180041,0.0,0.0
136,1.09,0.3787292686930087,0.34745804467248503,-0.04033332324184297,0.0,0.0
137,1.34175,1.2032534613384895,0.8967791774462378,0.06411237538310476,0.0,0.0
138,1.2705,0.7880260124190458,0.6202487307509216,0.009403048281420273,0.0,220.1786446883907
139,1.712,4.575181862207017,2.672419312036809,0.39001625791902317,0.0,840.6810054550601
140,1.233,1.1355762340529307,0.9209864023138123,0.2023194669086002,0.0,792.7411936440371
141,1.29975,0.679349185860322,0.5226768115870913,-0.11043338642797161,0.0,0.0
142,1.06975,0.30233721148307535,0.28262417525877576,0.01675212805577575,0.0,0.0
143,1.08425,0.3341853639290118,0.3082179976287866,-0.023319792150790497,0.0,892.3137043514439
144,1.146,1.8098350410241617,1.579262688502759,0.5106661920429192,0.0,0.0
145,1.189,0.5067970114382095,0.4262380247587969,-0.10467420832895477,0.0,4156.0
146,2.5155,7.272928132527174,2.8912455307204032,0.20008000626659062,0.0,10690.000745325495
147,1.24575,1.0178978173135176,0.8170963815480776,0.154807355211603,0.0,4796.951967649343
148,1.06325,0.25449092107033366,0.23935191259847982,-0.16188428569523655,0.0,0.0
149,1.0475,0.3118782887870751,0.29773583655090696,0.02928720068767976,0.0,0.0
150,1.49475,2.0978733769406626,1.4034944819807076,0.1800468287364014,0.0,4137.121002850663
151,3.8495,10.25885767472176,2.6649844589483727,0.0693182863359767,0.0,8856.45452656816
152,1.165,0.9990117647588196,0.8575208281191584,0.24044432207887154,0.0,0.0
153,2.471,3.539320654825502,1.4323434459026716,-0.11270937927883484,0.0,199898.27288038182
154,1.13125,0.7947838434690654,0.7025713533428202,0.22857422486486415,0.0,0.0
155,1.39925,0.8695047136800224,0.6214076924638359,-0.10067274876946156,0.0,0.0
156,1.175,0.5562844264319942,0.4734335544102078,-0.042807173239230056,0.0,0.0
157,3.219,3.031391814675813,0.9417184885603646,-0.46013864477801036,0.0,43336.17917859645
158,1.074,0.28817487952682064,0.26831925468046613,-0.0362048677699508,0.0,0.0
159,1.04725,0.28467120845675814,0.27182736543973085,-0.010354397000785553,0.0,0.0
160,1.087,0.36188912795942607,0.33292468073544257,0.011268318380326492,0.0,0.0
161,1.29775,1.1177688890474322,0.8613129563070178,0.10582557199085296,0.0,12462.0
162,1.087,0.3598101802915815,0.33101212538323965,0.00876622924885423,0.0,0.0
163,1.591,3.4484332562746145,2.1674627632147168,0.2878324230087238,0.0,11290.194664290877
164,1.0365,0.21137388611163038,0.2039304255780322,0.021613280087811604,0.0,0.0
165,1.11875,0.37905719698964613,0.3388220755214714,-0.04996309674719196,0.0,0.0
166,2.0105,4.099767282778773,2.039177957114535,0.08132793435818064,0.0,14120.61445749051
167,1.13625,0.5203399138125736,0.4579449186469295,0.0039055811550002817,0.0,0.0
168,1.1205,0.41775995600968185,0.3728335171884711,-0.007741034808904146,0.0,8311.0
169,2.2715,2.3453492097615087,1.0325112083475716,-0.29142177388744916,0.0,0.0
170,1.06375,0.7037824699019117,0.661605142093454,0.27988186580483254,0.0,0.0
171,1.2175,0.811700969949004,0.6666948418472312,0.09027542814173857,0.0,1537.8375075397028
172,1.32525,0.8684186635740915,0.6552866731364584,-0.003797297203822221,0.0,812.2937514971667
173,1.13325,0.5167796462716969,0.4560155713846873,0.04163059509725486,0.0,0.0
174,1.16875,0.6187642158275616,0.5294239279808014,0.03239890917391605,0.0,0.0
175,1.078,0.36530721638175323,0.3388749688142423,0.06679726342970599,0.0,0.0
176,1.087,0.43758298609227186,0.40256024479509833,0.09375320995993114,0.0,343.7455400959357
177,1.03475,0.2122585709111208,0.20513029322166784,0.023427183998191548,0.0,0.0
178,1.1335,0.7285673974404518,0.6427590625853127,0.19079492792401673,0.0,0.0
179,1.37625,0.7462071721619583,0.5422032131967,-0.16708527053092934,0.0,33582.50245944557
180,1.73025,3.3306543279156147,1.9249555427918592,0.25213745784941566,0.0,11778.998965676981
181,1.058,0.37103964424896846,0.35069909664363746,0.0018637356479929146,0.0,0.0
182,1.427,1.3321466336944352,0.9335295260647759,0.08460734219324736,0.0,35217.51704147097
183,1.161,0.5785003592621327,0.49827765655653117,0.0031773523934761627,0.0,0.0
184,1.7295,1.3155844483005084,0.7606732860945408,-0.1512733729235865,0.0,0.0
185,1.0505,0.29406014323937285,0.2799239821412402,0.0037382224633777383,0.0,0.0
186,1.12725,0.4900178230092419,0.4347019942419533,0.018537071312186848,0.0,0.0
187,1.365,0.7748710255755915,0.5676710810077593,-0.12701532247432207,0.0,24918.543470874567
188,1.07225,0.2702743042723216,0.25206276919778187,-0.03193471703622852,0.0,0.0
189,6.94725,14.340393270663442,2.064182701164265,0.10974448204537701,0.0,13676.91052473265
190,2.00175,1.2422289324758824,0.6205714662050118,-0.4372296308949365,0.0,92126.37962130936
191,1.38825,0.9771134146844414,0.7038454274694337,-0.04999971376493769,0.0,15471.038379665537
192,3.6345,9.925121498459845,2.7308079511514225,0.054955113508367126,0.0,31310.980761090595
193,1.15675,0.5681198179362194,0.4911344870855581,0.007467138713461469,0.0,2142.3323865543384
194,1.221,1.207072183348599,0.9885931067556092,0.26261260504980094,0.0,1604.3435448769997
195,1.17025,0.4661751466099724,0.39835517762014305,-0.11955495889638745,0.0,2918.1917246435255
196,2.711,7.462734224165104,2.7527606876300643,0.21126868520433095,0.0,212.16540863103157
197,1.60175,3.2557329261967545,2.03260991178196,0.2628593699813492,0.0,0.0
198,1.33975,1.1515865036413209,0.8595532775826242,0.04505182211212093,0.0,16000.034642308938
199,1.07275,0.29065195189312737,0.2709409945403191,-0.0003662312801377965,0.0,0.0
200,1.167,0.6314354105285966,0.5410757588077092,0.04120265261841008,0.0,0.0
201,7.263,7.510155231944409,1.0340293586595635,-0.17116766574059328,0.0,0.0
202,1.4745,0.926317583805099,0.6282248788098332,-0.17497253472893443,0.0,20903.733023114917
203,1.15075,0.8618063094621418,0.7489083723329496,0.188436868838687,0.0,0.0
204,1.2565,1.023948176162674,0.8149209519798442,0.12314047145086462,0.0,4601.926856005228
205,1.081,0.3065330171819272,0.2835643082163989,-0.06082995769210525,0.0,0.0
206,1.13475,0.6373334966848198,0.5616510215332186,0.09198518500400868,0.0,0.0
207,1.04125,0.2378288841678742,0.22840709163781436,-0.001431439780596011,0.0,0.0
208,1.3345,1.987233510248875,1.4891221508047021,0.28200415768230835,0.0,481.9384456469088
209,1.1985,0.654755623291284,0.5463125767970664,0.006570983469466607,0.0,6312.69622928061
210,1.08025,0.3526202245414873,0.32642464664798637,0.0,0.0,0.0
211,1.0755,0.927100117925332,0.8620177758487514,0.4712656482752325,0.0,0.0
212,1.05125,0.3607713631846679,0.34318322300562937,0.09253411542346873,0.0,0.0
213,1.174,0.5096949550827526,0.4341524319273873,-0.08079373997507766,0.0,177.27494484858371
214,1.15875,0.4802146280802529,0.41442470600237574,-0.07769089539722934,0.0,3456.5964391584357
215,1.24575,0.7987593139428187,0.6411874886155479,0.04951910739911475,0.0,26738.043521754535
216,1.1655,1.732732045090937,1.4866855813736053,0.479605126696589,0.0,4156.0
217,1.1475,0.5511984260919397,0.4803472122805575,-0.005664831680768201,0.0,5016.252637284792
218,1.3425,1.0052096107729958,0.7487594866093078,-0.013988112066764131,0.0,19909.179304297617
219,1.182,0.7473390321047249,0.6322665246232867,0.08541359025295711,0.0,0.0
220,1.13575,0.7412552207745867,0.652657029077338,0.15758620565787368,0.0,0.0
221,1.36025,1.014261859324218,0.7456437120560324,-0.010094649857947266,0.0,1083.5923100415532
222,1.204,0.9816439814039286,0.8153189214318344,0.17283337141870547,0.0,0.0
223,1.5225,2.4022773537044033,1.5778504786235819,0.2388907043642086,0.0,12624.371397107081
224,1.081,0.3048970983137427,0.2820509697629442,-0.06315392641601086,0.0,4156.0
225,1.08575,0.4152590125594843,0.38246282529079834,0.07101184927270054,0.0,0.0
226,1.12375,0.4663585638513775,0.4150020590446073,0.04005211266687514,0.0,78.59222764103183
227,2.9415,4.092219974057971,1.3912017589862218,-0.049670319018097486,0.0,227174.08484397494
228,1.482,0.8731360670868612,0.5891606390599603,-0.20065051462583802,0.0,4617.0891250633595
229,1.0785,0.3207233478661424,0.2973790893520097,0.010269588600351875,0.0,4156.0
230,1.13625,0.47142496526432354,0.41489545897850255,-0.038968981786443035,0.0,0.0
231,1.075,0.2998290752555398,0.2789107676795719,-0.018987242749907374,0.0,0.0
232,1.61575,4.537923547728769,2.808555499135862,0.4070677731560627,0.0,0.0
233,1.1945,1.337017821183974,1.1193116962611755,0.3166289425049188,0.0,4156.0
234,1.1505,0.7095601587636711,0.6167406855833734,0.10401642173489872,0.0,0.0
235,1.33475,1.2890336843775125,0.9657491548061528,0.09401952198474677,0.0,0.0
236,1.661,1.1184327082711472,0.6733490116021356,-0.20117954230055976,0.0,65834.46115717714
237,1.127,0.4548876022521065,0.40362697626628796,-0.013770704735097117,0.0,0.0
238,1.052,0.3298836246336735,0.31357758995596335,-0.049195821469554535,0.0,0.0
239,3.12475,3.1196346689343137,0.998362963096028,-0.44767698030784553,0.0,0.4444444444444445
240,2.05425,2.008809539613353,0.9778797807537315,-0.2284925088517728,0.0,103020.33343606254
241,1.23,0.6330088269872396,0.5146413227538533,-0.05148706181702345,0.0,16260.076995761216
242,1.06775,0.47298611656856976,0.4429745882168764,0.21110891808164967,0.0,0.0
243,1.0395,0.2279314330770246,0.21927025789035554,-0.019891816998910405,0.0,0.0
244,1.07675,0.3006360474198862,0.27920691657291496,-0.017819935088624783,0.0,0.0
245,1.2445,0.725845343627495,0.5832425420871796,0.007947267236466854,0.0,585.2199184913932
246,1.124,0.5488162714651927,0.4882707041505273,0.1107591354229217,0.0,4318.481339962581
247,1.15375,0.5759286943409239,0.49917980007880725,0.013395916321502194,0.0,0.0
248,1.158,0.45726171069532706,0.39487194360563654,-0.09896144381703187,0.0,0.0
249,1.43525,1.633240431190864,1.1379483930958816,0.1731054329576898,0.0,21394.487538613983
250,26.067,20.897635961926397,0.8016893375504046,0.27328057993875365,0.0,35337.45538612266
251,1.304,0.7741019367319223,0.5936364545490201,-0.0537282916806162,0.0,15135.340333868662
252,1.07125,0.2910233859207679,0.27166710471016836,0.00018841410375280976,0.0,0.0
253,1.89375,3.417437732814516,1.8045875816842327,0.002269339301892326,0.0,8378.357371459184
254,1.38625,2.270539533886987,1.637900475301704,0.31618437862298765,0.0,0.0
255,1.15375,0.459525547094074,0.39828866487027,-0.08466313970611394,0.0,346.1691289910404
256,1.29425,0.7856979494799222,0.607068147173979,-0.04727082598199121,0.0,2894.086286438706
257,1.048,0.37179370306583975,0.3547649838414501,0.10560408802940019,0.0,0.0
258,1.3905,0.8137415399397132,0.5852150592878196,-0.12945820301331865,0.0,18262.7088283886
259,2.63925,7.048406163442997,2.6706095153710323,0.18646163244219394,0.0,15167.693196096257
260,1.08125,0.35451355046650346,0.32787380389965637,0.0023256220976238806,0.0,0.0
261,1.1705,0.5079313423703449,0.4339439063394659,-0.08229906277963983,0.0,0.0
262,1.34275,0.7822566195659284,0.5825780074965022,-0.12289549738611436,0.0,28239.798352684767
263,1.4945,2.6496650601977616,1.7729441687505934,0.2814585361102545,0.0,38546.4862474127
264,1.26,2.220052287230981,1.7619462597071278,0.45922569785473705,0.0,0.0
265,1.2405,0.6362082522531901,0.5128643710223217,-0.0492975298541832,0.0,10061.309957072515
266,1.13,0.4833822655038669,0.42777191637510353,0.012615907583125918,0.0,8310.0
267,1.33075,0.7466550816493103,0.5610784006382192,-0.1431247190792915,0.0,30219.398389378675
268,1.217,0.7187072665792091,0.5905565049952417,0.037431399077745175,0.0,0.0
269,1.081,0.39997374257404344,0.3700034621406508,0.05472426410606546,0.0,0.0
270,1.12725,0.42848960119772295,0.38011940669569566,-0.03973451852522619,0.0,8310.0
271,1.09275,0.8962969790022961,0.820221440404755,0.33378974011707097,0.0,0.0
272,1.14725,1.2103444430895405,1.054996245883234,0.3359361801172333,0.0,0.0
273,1.1855,0.4456898134941645,0.37595091817306153,-0.16047554538979306,0.0,12464.0
274,1.12975,0.4488488652385751,0.39729928323839353,-0.019574673679049248,0.0,0.0
275,1.0355,0.20432862635197918,0.19732363723030338,0.006891163464684769,0.0,0.0
276,1.04675,0.30097688328353017,0.2875346389142872,0.013835198635567925,0.0,0.0
277,1.154,2.0111676207615568,1.7427795673843647,0.5564754678930102,0.0,0.0
278,1.29975,0.7902886033083925,0.6080312393217099,-0.04474072664672861,0.0,1.0
279,1.36275,2.663538257001695,1.954531834160114,0.40921419475429993,0.0,0.0
280,1.082,0.32373167986796964,0.2991974860147594,-0.03712201679782123,0.0,0.0
281,1.07975,0.3513129554943492,0.3253650895988416,0.04983317767871864,0.0,0.0
282,1.0845,0.36040563682573545,0.33232423865904603,0.009484357175993607,0.0,0.0
283,2.546,6.982590718586176,2.7425729452420176,0.18238729696822065,0.0,0.0
284,1.24,0.7733366100076308,0.6236585564577668,0.03547174241427278,0.0,0.0
285,3.091,8.810767640030104,2.850458634755776,0.0032330296818818827,0.0,0.0
286,1.35325,0.9880326359095661,0.7301183343133686,-0.0214734541860345,0.0,14795.890054563675
287,1.08775,0.3802447685649406,0.3495700009790307,-0.03859894479374498,0.0,0.0
288,1.07,0.27589677373510435,0.25784745208888254,-0.02299285313422539,0.0,0.0
289,2.24525,2.2190839373219347,0.9883460359968532,-0.3154555600192718,0.0,0.0
290,1.105,0.4955162803541615,0.4484310229449425,0.03607958842545239,0.0,0.0
291,1.041,0.2556077734214247,0.2455406084739911,0.029878019186231453,0.0,0.0
292,1.0455,0.28714171168718705,0.2746453483378164,-0.00660165704440796,0.0,0.0
293,1.4705,0.9419934118118737,0.6405939556694143,-0.1676845774445617,0.0,18425.140073732055
294,1.05375,0.48725793228345016,0.4624037317043418,0.12020233866900004,0.0,0.0
295,1.042,0.26125287226328525,0.25072252616438123,0.03936503580353523,0.0,0.0
296,1.329,1.4949306687689923,1.1248537763498814,0.1583763073296776,0.0,29056.852918101464
297,1.0895,0.41896734169664357,0.3845501071102741,0.003517978734102145,0.0,0.0
298,1.10475,0.5063018100705549,0.45829537005707616,0.045431140506438705,0.0,0.0
299,1.168,0.5180184222317222,0.44350892314359786,-0.0447810758149324,0.0,0.0
300,1.04125,0.25800209063046836,0.24778111945303083,0.03392718707505571,0.0,0.0
301,1.40675,2.075664118513209,1.4755031942514372,0.27721238837549667,0.0,5219.408331353212
302,1.94725,1.5859054863241027,0.8144334247395572,-0.33115396945332287,0.0,85761.65899502685
303,1.0695,0.27692764800676306,0.2589318821942619,-0.021373157950593025,0.0,0.0
304,1.0855,0.37312806935291637,0.34373843330531223,0.02455070334804965,0.0,3650.4028979011614
305,1.1165,0.5380521582813861,0.48190968050280886,0.10215653425839177,0.0,0.0
306,1.1135,0.3783563642712993,0.33979017895940666,-0.010874512477678844,0.0,0.0
307,1.044,0.2618800207849419,0.2508429317863428,-0.04659557526261793,0.0,0.0
308,1.165,0.6155239373325438,0.528346727324072,0.030118666429282404,0.0,0.0
309,1.078,0.3277847780406814,0.30406751209710703,0.019727793509049463,0.0,4156.0
310,1.081,0.6989714874621646,0.6465971206865538,0.2971522426606179,0.0,0.0
311,11.81275,11.133381134290262,0.9424885089661817,-0.00018950280218410498,0.0,315.93241478159285
312,7.05,14.797558647813629,2.0989444890515787,0.12337349037262135,0.0,0.0
313,1.15375,0.8810817293267624,0.7636678044002274,0.19804339504321916,0.0,0.0
314,1.08325,0.3519238555426798,0.3248777803301914,-0.0008585106896316641,0.0,0.0
315,1.296,1.429123717055197,1.1027189174808618,0.21254338092414493,0.0,435.8900828446223
316,1.121,0.3884542755345155,0.3465247774616552,-0.03932793766968945,0.0,0.0
317,1.7035,1.0788321091253819,0.6333032633550818,-0.23743824009385764,0.0,49399.13644791593
318,1.23075,1.7582028485968852,1.4285621357683407,0.3921721514591536,0.0,0.0
319,1.16375,0.4959812868034587,0.42619229800512026,-0.06366098957746918,0.0,0.0
320,1.10825,0.5684300446659375,0.5129077777269908,0.16590146868298797,0.0,0.0
321,2.62425,8.072784798388984,3.0762255114371664,0.2453940855168102,0.0,0.0
322,1.13925,1.969855202769983,1.7290807134254842,0.5820527443242955,0.0,0.0
323,1.6355,1.3759044400891598,0.8412744971502047,-0.11120112957756856,0.0,67589.7359893776
324,1.1155,0.37841187730728243,0.33923072820016353,-0.010810796787934451,0.0,0.0
325,1.09775,0.46610004270805755,0.4245958029679413,0.009500803204728347,0.0,0.0
326,1.1455,0.8547001685354483,0.7461372051815349,0.21943223006813037,0.0,0.0
327,1.15675,1.5869180869703665,1.3718764529676823,0.45358170957492033,0.0,0.0
328,1.08475,0.351565551617719,0.3240982268888859,-0.0013009037927160239,0.0,4156.0
329,1.0575,0.35668691648152345,0.33729259241751625,-0.015269399832852859,0.0,0.0
330,1.18775,0.5865884067979416,0.4938652130481511,-0.04117477810028988,0.0,2090.825682891929
331,1.44025,1.3940644861152809,0.9679322937790529,0.0025504208139668916,0.0,18.7806711282106
332,1.81475,1.8802436721251425,1.0360896388621808,0.0038220318425151723,0.0,106532.69006680332
333,1.037,0.19401136591067447,0.18708907030923286,-0.015610878630094582,0.0,0.0
334,1.04775,0.3082104571903432,0.2941641204393636,0.024149427712201077,0.0,0.0
335,3.23375,8.326910909744663,2.575001440972451,-0.021296800245599767,0.0,649.9467507917907
336,1.183,0.4733571767219639,0.4001328628249906,-0.11291510899220608,0.0,4156.0
337,1.03725,0.204628702108066,0.1972800213141152,0.007528497774846432,0.0,0.0
338,3.0665,2.991540586181256,0.9755553843734733,-0.4658858190949173,0.0,0.0
339,1.6885,3.044057213831611,1.802817420095713,0.21306070693931833,0.0,48577.866716941855
340,1.62825,1.2090977697664544,0.7425750159781694,-0.16732798162181378,0.0,38810.474946499584
341,1.256,0.7960040236088008,0.6337611652936312,0.013777757667872731,0.0,10552.670637021378
342,1.2225,0.6237716110530271,0.510242626628243,-0.024095031427082136,0.0,2724.2935264455004
343,1.12,0.4094409731299732,0.36557229743747605,-0.016476542812015105,0.0,0.0
344,1.37775,0.84097071615863,0.610394277741702,-0.11516381618594577,0.0,0.0
345,1.174,0.5179682159825949,0.44119950254054086,-0.07380096396918623,0.0,0.0
346,1.35175,0.9034522643717816,0.6683575101696183,-0.0603395335574814,0.0,118.50040260055236
347,1.181,0.9079895986616915,0.7688311589006701,0.16997679857917725,0.0,2084.1342728621516
348,1.17375,0.5483029240521438,0.46713774147147497,-0.04908351303064851,0.0,0.0
349,1.03675,0.233266030017639,0.2249973764337005,0.06441344621730505,0.0,0.0
350,26.05025,20.945629730058183,0.8040471676877644,0.2742768424178461,0.0,1358.4628193353783
351,2.109,6.463014903310228,3.0644926046990175,0.2790038864020937,0.0,22500.806876340568
352,1.30825,0.7154438499809883,0.5468708962208969,-0.08795089090658816,0.0,0.0
353,1.383,0.8732133905331225,0.6313907379125976,-0.09882430257494654,0.0,0.0
354,2.931,5.587131912775345,1.9062203728336218,0.08555963537673583,0.0,0.0
355,1.25125,0.7240542114546958,0.5786647044592974,0.006874256058577333,0.0,5855.956861348365
356,1.84925,2.927826408680993,1.5832507279605208,0.19615321984550205,0.0,51096.24007423035
357,1.14325,0.575597311986767,0.5034745786020266,0.047737197605767556,0.0,2425.2382010390784
358,1.03975,0.2101927276232135,0.20215698737505508,-0.05507835209160039,0.0,0.0
359,1.25675,0.6114923697230877,0.4865664370185699,-0.10074646310323288,0.0,559.2473223173868
360,1.142,0.4066661337462022,0.35609994198441525,-0.10314355269898662,0.0,4741.299712728579
361,1.34825,3.2395363227469143,2.4027712388258218,0.4942381094801391,0.0,0.0
362,1.1185,0.43875491617657947,0.3922708235821005,0.013554152142926823,0.0,0.0
363,1.0995,0.31957046377963355,0.29065071739848436,-0.1544117065839486,0.0,4156.0
364,1.351,0.8390321768254404,0.6210452826243082,-0.09246612796995023,0.0,5123.498330169432
365,1.14175,1.5174757397254048,1.3290788173640506,0.46874019709722947,0.0,0.0
366,11.72425,11.15900276786386,0.9517881969306233,0.0008088057705477603,0.0,315.93241478159285
367,1.1805,1.043404007554478,0.8838661648068428,0.23034842547266435,0.0,0.0
368,1.115,0.814518790584388,0.7305101260846529,0.3221255516996061,0.0,0.0
369,1.12075,0.39712575428468383,0.3543392855540342,-0.0297397908389071,0.0,0.0
370,1.05125,0.31567126823231295,0.3002818247156366,0.03453711309385077,0.0,0.0
371,1.079,0.3135021066798805,0.2905487550323267,0.0003794755176728115,0.0,0.0
372,1.03675,0.20226137771761832,0.19509175569579773,0.002474909243180168,0.0,0.0
373,1.03625,0.21435350325126257,0.20685500916889032,0.027692533826205845,0.0,0.0
374,1.48375,1.909488799225749,1.2869343212978932,0.13918467236574464,0.0,33735.661676307805
375,1.1215,0.4234177259429046,0.37754589919117665,-0.0018988082054049449,0.0,0.0
376,1.07325,0.3337847967967432,0.3110037706002732,0.05972707646661474,0.0,0.0
377,1.1235,0.4281279871642922,0.381066299211653,0.0029057754802947477,0.0,0.0
378,1.22025,1.222952918537848,1.0022150530939136,0.2682891010212002,0.0,17619.15280196707
379,3.84425,10.392689446720901,2.7034374576889904,0.0749472315580837,0.0,4647.567664054186
380,1.7025,1.2809777421930477,0.7524098338872527,-0.16285052024540475,0.0,0.0
381,1.32125,1.8366795543715193,1.3901075151345463,0.32150694581848344,0.0,16615.0
382,1.8055,2.3722513872186983,1.3139027345437264,0.10476860535791255,0.0,17112.52588311773
383,10.2465,10.929437355153514,1.0666507934566452,-0.008218774384971095,0.0,10997.362393991076
384,2.1675,6.6992659143332824,3.0907801219530717,0.2945959456303904,0.0,0.0
385,1.0285,0.17232287658186407,0.16754776527162282,-0.0670951162166219,0.0,0.0
386,1.2305,0.6224681651732589,0.5058660424000478,-0.05877968263628944,0.0,0.0
387,3.0275,3.012808159052085,0.9951472036505649,-0.4628092395823198,0.0,0.4444444444444445
388,1.08925,1.5231101088236858,1.398310864194341,0.5640691080247868,0.0,0.0
389,1.19425,0.6446866236480152,0.5398255169755204,-0.00015959423333430922,0.0,9269.874798024606
390,1.15575,0.5805826440323875,0.502342759275265,0.016891248383004598,0.0,4156.0
391,1.1045,0.35652703667740326,0.3227949630397494,-0.10688587003337024,0.0,0.0
392,1.19925,1.321546843291888,1.1019777721841886,0.3115743081274906,0.0,0.0
393,1.04325,0.25572599876940877,0.24512436977657204,-0.056923058507200364,0.0,0.0
394,1.18275,0.4482216674434553,0.378965687967411,-0.13661122807814718,0.0,4117.2929711711595
395,1.53675,1.611303358194239,1.048513654266627,-0.04261208948611275,0.0,32653.330904434588
396,1.12925,0.40630740693129364,0.3598028841543446,-0.06282006570366078,0.0,8310.0
397,1.07,0.2883067467040075,0.2694455576672967,-0.003884669627456372,0.0,0.0
398,1.11825,0.36373068677680437,0.32526777265978485,-0.06788790094092728,0.0,0.0
399,1.31225,1.833054816417119,1.3968792657017481,0.3206490067717678,0.0,6025.861974568597
400,1.202,0.9046549619330221,0.7526247603436124,0.14697471606001222,0.0,0.0
401,1.03175,0.1809699561564234,0.17540097519401346,-0.045831570723123716,0.0,0.0
402,1.11075,0.3563933101895811,0.32085825810450697,-0.036846012681432616,0.0,0.0
403,1.24975,0.6160112052156501,0.49290754568165646,-0.06330821585998406,0.0,999.2272279457961
404,1.09025,0.41850773550935744,0.3838640087221807,0.003041297203012494,0.0,0.0
405,11.79675,11.134268382817307,0.9438420228297886,-0.00015489410769387035,0.0,315.93241478159285
406,1.035,0.21514314221678257,0.20786777025776096,0.02928945541073258,0.0,0.0
407,11.91875,11.108285058312745,0.9320008439066803,-0.001169563544526575,0.0,315.93241478159285
408,1.192,0.8601284527550578,0.7215842724455183,0.12505506068605554,0.0,0.0
409,1.624,2.300857989288282,1.4167844761627353,0.11210041279275332,0.0,119395.79771583578
410,1.2175,2.2931437759316955,1.8834856475825015,0.5413106482658114,0.0,0.0
411,1.11275,0.39947131540694913,0.3589946667328233,0.012710043610630828,0.0,0.0
412,4.72325,11.755241633584824,2.4888036063271737,0.12845084226652692,0.0,0.0
413,1.2365,1.3311689422038706,1.0765620236181728,0.271336348551503,0.0,0.0
414,1.0375,0.24414883199196505,0.23532417541394218,0.08421659906131163,0.0,0.0
415,1.146,0.5135659037400858,0.44813778685871364,-0.0363766178016704,0.0,4156.0
416,1.23675,0.6559779068334264,0.5304046143791602,-0.03600761519709772,0.0,0.6666666666666666
417,1.37375,1.2189882774683074,0.8873436050724712,0.06975478491783359,0.0,16697.83004504102
418,1.08925,0.3752594334731676,0.3445117589838582,-0.04433057392449924,0.0,0.0
419,1.1065,0.3437837937195499,0.31069479775829184,-0.12269293972458573,0.0,0.0
420,1.46625,0.8237296705488613,0.5617934666999906,-0.22594773339447238,0.0,2281.77486336285
421,1.07375,0.3022147761819989,0.2814573002859128,-0.015545293567635787,0.0,0.0
422,1.139,0.8971511690094449,0.7876656444332264,0.24048406783617704,0.0,0.0
423,1.4315,1.2879139841649565,0.8996954133181673,0.06994216932007692,0.0,33720.4331229061
424,7.2205,7.461521180334553,1.0333801233064956,-0.17398920341718394,0.0,0.0
425,1.045,0.25296441992785734,0.24207121524196876,-0.06163850110491109,0.0,0.0
426,7.078,7.46346714573454,1.0544598962608844,-0.1738759541440168,0.0,0.0
427,1.22125,0.6199955936408206,0.5076729528276934,-0.026732033846607856,0.0,4156.0
428,5.1885,9.194650790040246,1.7721211891761097,0.02175452113984666,0.0,233390.9467589212
429,1.04275,0.26065191799714216,0.24996587676542042,0.03836488695692808,0.0,0.0
430,1.3885,1.7542340448956826,1.26340226495908,0.20414284575252792,0.0,2077.5428571428574
431,1.051,0.35906995531261315,0.3416460088607166,0.09048112566779354,0.0,0.0
432,2.45225,1.6776243749379198,0.684116372693616,-0.4369345622856155,0.0,306964.8001292777
433,1.06725,0.2602774934438212,0.24387677998952556,-0.048302859430658485,0.0,0.0
434,1.14475,0.5043421732880755,0.4405697080481114,-0.009656273977529328,0.0,0.0
435,1.12825,0.4613622777035656,0.4089184823430672,-0.007632722753820098,0.0,4156.0
436,27.15075,20.597926912332014,0.7586503839611066,0.2670069332710301,0.0,80548.88151514993
437,1.06225,0.3638791550911889,0.34255510010938,-0.006599401616350586,0.0,0.0
438,1.03875,0.22640948039603664,0.2179633986965455,-0.022801430039674386,0.0,0.0
439,1.19275,0.6298385599920929,0.5280558038080846,-0.010279008028545034,0.0,2512.4079181658103
440,1.2545,0.8563954129231537,0.6826587588068185,0.045536827104842,0.0,5894.28925421532
441,1.14875,0.465486419674866,0.40521124672458414,-0.07906578529930597,0.0,1329.8131858399863
442,1.16775,0.48027867368966143,0.4112855266021506,-0.0776329779609573,0.0,0.0
443,1.2025,0.5390421055890713,0.448267863275735,-0.08749794672197145,0.0,0.0
444,3.06325,3.0301064046838233,0.989180251263796,-0.46032283900018783,0.0,0.0
445,1.08275,0.33231016386991963,0.3069131044746429,-0.02576359305581477,0.0,0.0
446,1.26725,1.0399989600760378,0.8206738686731408,0.12989539970638556,0.0,7762.724542925226
447,1.339,1.048739225685238,0.7832257099964436,0.004422767815981936,0.0,31744.00338510567
448,1.084,1.294551260376133,1.1942354800517831,0.564812034231846,0.0,0.0
449,1.1205,0.9339153063580564,0.8334808624346777,0.3416396497517642,0.0,0.0
450,1.07725,0.32834340232059156,0.3047977742590778,0.020467306025364507,0.0,0.0
451,1.132,0.46650874332846165,0.41211019728662696,-0.0028150175081967377,0.0,0.0
452,1.2,0.6116318528173996,0.5096932106811664,-0.023018158833187502,0.0,0.0
453,1.187,0.47706173287557196,0.40190541944024594,-0.1309336721582813,0.0,24906.0
454,1.763,2.0234511579593812,1.1477317969139997,0.03570062194746154,0.0,68548.47799571783
455,1.1235,1.1061435885135356,0.9845514806529022,0.41514366284401616,0.0,0.0
456,1.09175,0.6351635975864208,0.5817848386410999,0.18422340739839163,0.0,0.0
457,1.07175,0.2830582413426572,0.26410845938199884,-0.01186367107176134,0.0,0.0
458,1.54975,2.0134642900016324,1.2992187707705323,0.05415452982222427,0.0,18400.108900038915
459,1.13125,0.5555183054111824,0.4910659053358518,0.07302356912826552,0.0,230.2703028920392
460,1.03825,0.21283388373451342,0.20499290511390653,-0.04965526806437226,0.0,0.0
461,1.19575,2.2400192764995954,1.8733173961945182,0.5407435021434182,0.0,0.0
462,1.7895,1.1874520034785159,0.6635663612620932,-0.19577603933725063,0.0,64963.29333743054
463,1.137,0.517974974799584,0.4555628626205664,0.001927218423735777,0.0,1219.93902582825
464,1.07575,0.30088963282703124,0.2797021917983093,-0.01745376369094387,0.0,0.0
465,1.16875,0.6448855765573556,0.551773755343192,0.050356383060168625,0.0,6839.796629410289
466,1.0945,0.4190628275251258,0.38288060989047584,0.0036169464565357634,0.0,448.14619266628875
467,1.048,0.3297319832761129,0.3146297550344589,0.05346313281275905,0.0,0.0
468,2.7335,7.357242010597492,2.6915097898655542,0.20508575220431968,0.0,49828.3873897621
469,1.0355,0.19557431408056125,0.18886944865336672,-0.012126236138506608,0.0,0.0
470,25.99625,20.966810385033067,0.8065321107864815,0.2747157881025397,0.0,1.9216796336048814
471,1.5,1.35201959647311,0.90134639764874,-0.01074945643274905,0.0,12951.555264368391
472,8.9495,16.11191634201385,1.8003146926659421,0.16033061869286191,0.0,14977.776927100325
473,2.38025,7.328784872639349,3.078997950904043,0.20340268386295557,0.0,0.0
474,1.1005,0.40980694898190595,0.3723825070258118,-0.04639902118384864,0.0,1121.944349347796
475,1.41,1.378903674603835,0.9779458685133582,0.09958923946693365,0.0,0.0
476,1.1185,0.37482378955757945,0.3351129097519709,-0.054840696384092,0.0,2077.5
477,1.67825,2.4133344118140387,1.4380065019002166,0.13282810384073615,0.0,31357.37294547149
478,1.075,0.40051854361058487,0.37257538940519525,0.10676164024611556,0.0,0.0
479,1.642,1.5720858320924678,0.9574213350136832,-0.05331314793475614,0.0,32177.954518693925
480,1.12775,0.48988767588473375,0.43439386023917864,0.01842170880344368,0.0,0.0
481,1.12725,0.7666187863540117,0.6800787636762134,0.21290465240505174,0.0,0.0
482,1.086,0.39005388795508394,0.35916564268423934,0.043817393544558325,0.0,718.266464416684
483,1.207,0.9929237001746872,0.8226376969135768,0.1777952402393013,0.0,17207.228985279682
484,1.18575,0.4845674761163067,0.40865905639157213,-0.12415399234087413,0.0,6233.0
485,1.0315,0.17468651592126733,0.16935193012241134,-0.06117866887937318,0.0,0.0
486,2.98725,2.978053834076823,0.9969215278523132,-0.18769674564416533,0.0,0.0
487,1.20675,0.6975859044042575,0.5780699435709613,0.024477059760368597,0.0,0.0
488,1.112,1.3464431764121452,1.2108301946152384,0.5404124736782334,0.0,0.0
489,1.122,0.43204474961098255,0.3850666217566689,0.006860888218280847,0.0,0.0
490,1.87075,5.574030130029135,2.9795697608067004,0.47577720802054235,0.0,0.0
491,1.53425,3.695096801518621,2.4084059322265743,0.31783641850183075,0.0,12164.294287712619
492,1.03925,0.2433603163231224,0.23416917615888613,0.008553723154138382,0.0,0.0
493,1.0335,0.19464640198434535,0.18833710883826352,-0.014191671652570181,0.0,0.0
494,1.63075,3.3264351384301105,2.039819186527739,0.27218965791732963,0.0,557.9524431530439
495,1.6945,1.9201800756389282,1.1331838746762635,0.012949855098906893,0.0,29821.307239333168
496,1.238,0.6598976179806638,0.5330352326176606,-0.0334202671922435,0.0,2181.9829796056847
497,1.7305,1.2038405450949488,0.6956605288037844,-0.1898231377300753,0.0,57323.1901468059
498,1.067,0.27664080055757007,0.25926972873249304,-0.02182324240105471,0.0,0.0
499,1.14875,0.43263174878586336,0.37661088033589846,-0.11085441340648933,0.0,4156.0
500,1.51025,3.1545812373745896,2.088780822628432,0.35720927307499606,0.0,1524.9769307602505
501,1.06375,0.4150048129223168,0.39013378418079137,0.050496554124436765,0.0,0.0
502,1.10525,0.6350379955671579,0.5745650265253633,0.1438213712372722,0.0,0.0
503,1.0395,0.2509093240041471,0.24137501106700057,0.0218207623101061,0.0,0.0
504,1.304,1.3643860844155646,1.0463083469444514,0.19241083561789257,0.0,829.8520464306644
505,1.0355,0.21035877139586023,0.2031470510824338,0.019522573745234806,0.0,0.0
506,1.03275,0.18890833515166142,0.1829177779246298,-0.02718693129575378,0.0,0.0
507,1.27925,0.6106248055584467,0.4773303150740251,-0.1013630625591809,0.0,8121.665732310977
508,1.05325,0.3308198874757794,0.3140943626639254,-0.04796496965582159,0.0,0.0
509,1.17075,0.6661121255771886,0.5689618839010793,0.03544326443647641,0.0,0.0
510,1.2765,0.6668274999793291,0.522387387371194,-0.06312400349110961,0.0,828.1968941108295
511,1.04075,0.2758776261608651,0.26507578780770125,0.06302044231008519,0.0,0.0
512,1.07075,0.2770624990992137,0.25875554433734643,-0.021161727885301795,0.0,0.0
513,1.26325,0.6903394669616617,0.5464788972583904,-0.04807480245584686,0.0,17721.61189829843
514,2.297,4.484954816375103,1.9525271294623867,-0.009871217735657911,0.0,2.0
515,1.329,2.5327579267823683,1.9057621721462517,0.38734893896127326,0.0,6556.92355726954
516,1.409,0.8263714191757892,0.5864949745747261,-0.12276940117971984,0.0,67473.55665146149
517,2.17825,7.0347955922511485,3.229562994261976,0.31582021182395204,0.0,0.0
518,7.24825,7.424648361257392,1.024336682821011,-0.17614068967604624,0.0,0.0
519,1.13375,0.4521194980424175,0.3987823577000375,-0.057128322766661466,0.0,0.0
520,1.1345,0.4969622650395283,0.4380451873420258,-0.016058146060900225,0.0,83.57523939269673
521,1.0445,0.2579464752541194,0.2469568934936519,-0.05316834420988348,0.0,0.0
522,1.1935,2.2124152967653563,1.8537203994682498,0.535358399013641,0.0,0.0
523,1.942,2.6720630569365427,1.3759336029539355,-0.10458456831332902,0.0,75271.489626179
524,1.1265,0.46535135969715713,0.4130948599175829,-0.003893818030612284,0.0,0.0
525,1.101,0.4635220741003545,0.42100097556798777,0.00709208165944103,0.0,4156.0
526,1.15275,0.6074616777398231,0.5269674064106035,0.03654608479591917,0.0,0.0
527,1.2675,0.7830051240292519,0.6177555219165696,0.0066270987851333035,0.0,5964.554875155958
528,1.61825,1.3421875071412641,0.8294067709817792,-0.12197620955800828,0.0,27467.005057060014
529,26.326,20.863941382502567,0.7925222738928271,0.27257977436484215,0.0,968.5485360666023
530,1.03625,0.20963521705824567,0.20230177761953747,0.018026190579282342,0.0,0.0
531,1.64275,2.7167015946527138,1.6537523023300646,0.18425253596095745,0.0,47568.26356417466
532,1.90925,1.8155821441429008,0.9509399733627869,-0.2724153680781253,0.0,0.0
533,6.77975,14.129761232080991,2.084112427756332,0.2083541047246853,0.0,10250.23984224816
534,1.17325,0.6533308103762953,0.556855580972764,0.027029064556793214,0.0,0.0
535,1.1635,0.6475898340371682,0.5565877387513264,0.052173741913289357,0.0,0.0
536,1.23375,0.636169879457431,0.5156392133393565,-0.04932372504418703,0.0,6573.037131155683
537,1.30675,2.1669860162443713,1.6583019064429854,0.39332966308396733,0.0,5743.955927462594
538,1.29475,1.6415072567669335,1.2678179237435285,0.27271636129289234,0.0,16750.569976859406
539,1.04425,0.25750439729965224,0.24659267158214246,-0.053913292267956936,0.0,0.0
540,1.2545,0.677380588085663,0.5399606122643786,-0.05630475855977432,0.0,19592.72705255835
541,1.3085,0.713410813449857,0.5452126965608384,-0.08918675787809514,0.0,0.0
542,1.07925,0.3391138260920095,0.31421248653417605,0.034484508822062165,0.0,0.0
543,1.1105,0.46780814562732753,0.4212590235275349,0.08129222357545735,0.0,0.0
544,1.04,0.2625209121333515,0.25242395397437645,0.04146786649387646,0.0,0.0
545,1.11025,0.523606224532895,0.4716111006826345,0.1302292446809562,0.0,0.0
546,1.37575,1.5984995269578348,1.161911340692593,0.16376782261505315,0.0,23552.7923353056
547,2.0155,1.4125362171077809,0.7008366247123696,-0.38143167913167986,0.0,95642.107679543
548,2.497,6.819136026949346,2.7309315286140756,0.1721000639193372,0.0,0.0
549,1.10025,0.3488987963471974,0.31710865380340597,-0.1162788683270834,0.0,2077.5
550,1.0895,1.0053568697775443,0.9227690406402427,0.3836580573751684,0.0,0.0
551,1.09925,0.45875053189356435,0.41733048159523706,0.00259824127706737,0.0,0.0
552,1.1915,0.4548400486626775,0.38173734675843685,-0.1516495562056653,0.0,12464.0
553,1.07,0.310038757267139,0.28975584791321396,0.02767651231476087,0.0,4156.0
554,1.0725,0.27706125809138993,0.25833217537658737,-0.021163673165008223,0.0,0.0
555,1.0545,0.35925202226831787,0.34068470580210325,-0.012157357743104502,0.0,0.0
556,3.0335,3.026246403025199,0.9976088356766768,-0.4608764321281616,0.0,0.4444444444444445
557,1.62275,1.8438498808459907,1.136250119147121,0.015936157857204064,0.0,102628.0251679469
558,1.10025,0.481931532482053,0.43802002497800774,0.02400700332853839,0.0,0.0
559,1.4235,1.1215891585425297,0.7879094896680925,0.009889113211608083,0.0,30232.83653479226
560,1.30125,1.1585913951886795,0.8903680270422129,0.12140385298395856,0.0,15085.275362157963
561,1.18975,0.639802527596273,0.5377621580973087,-0.003462302060544209,0.0,0.0
562,4.12025,11.075917972214846,2.6881664880079716,0.10259901233973534,0.0,0.0
563,1.0825,0.3282082877839049,0.3031947231260091,-0.03115767416272336,0.0,4156.0
564,2.64525,6.925633078346266,2.618139335921469,0.17883018895699299,0.0,25736.22283141178
565,1.44425,1.304920550037617,0.9035281634326585,-0.02614837234351984,0.0,12016.994934308595
566,1.0355,0.2495101477464536,0.24095620255572534,0.0936501614699381,0.0,0.0
567,1.163,0.504474601596467,0.433770078758785,-0.05628697457579651,0.0,0.0
568,1.11225,0.8239051173591547,0.7407553314085455,0.32710164427357435,0.0,0.0
569,3.50475,4.457683835109154,1.2718978058660828,-0.2926714558356064,0.0,82166.0943463262
570,3.08175,3.0847116233044765,1.0009610199738708,-0.4525661484737032,0.0,0.0
571,1.1535,0.5558911797743671,0.4819169308837166,-0.0019830172643917066,0.0,0.0
572,3.0125,2.9874027002939245,0.9916689461556595,-0.4664869491637009,0.0,0.0
573,1.63875,1.5180001708266233,0.9263158937157122,-0.06851758128372026,0.0,39944.74050713713
574,1.18325,0.8296634997881491,0.7011734627408824,0.13079790918707349,0.0,2183.902370642611
575,1.15075,0.544149301309419,0.47286491532428326,-0.011254724612812128,0.0,0.0
576,1.0565,0.35614527915580496,0.3370991757272172,-0.015929387270183615,0.0,0.0
577,1.07775,0.318167008128224,0.29521411099812017,0.006794156058962497,0.0,0.0
578,1.15775,1.4033379054309065,1.2121251612445747,0.3880359754554347,0.0,0.0
579,1.5005,0.844498694203329,0.5628115256270103,-0.21513346046036236,0.0,30173.11278814237
580,1.098,0.7596316607837094,0.6918321136463654,0.22162471793502325,0.0,0.0
581,1.8375,3.18050666650204,1.7308879817698177,0.23210420630513007,0.0,0.0
582,1.0925,0.39872734527991494,0.3649678217665125,-0.01798617129721025,0.0,0.0
583,1.15875,0.4616294108137306,0.3983856835501451,-0.09483281029069746,0.0,1802.9107907644384
584,1.27225,2.1253844951709504,1.6705714247757517,0.440300002716139,0.0,649.3413781404342
585,1.69375,3.2685060379981103,1.929745262286707,0.24395718767495567,0.0,0.0
586,1.302,0.6378853536734542,0.48992730696885883,-0.13778381516591515,0.0,43293.04507416453
587,1.13875,0.4775515169726096,0.41936466913072196,-0.03336133056101648,0.0,0.0
588,1.10525,0.3296962426281209,0.2983001516653435,-0.1408643417723765,0.0,8310.0
589,1.27975,0.6584818426382547,0.5145394355446413,-0.06859370135546142,0.0,31479.03713115625
590,3.059,3.0289127716301993,0.9901643581661325,-0.4604939519279498,0.0,0.0
591,1.0335,0.19846308699409268,0.19203007933632574,-0.005758309593435373,0.0,0.0
592,1.03875,0.2139155849146278,0.20593558114524937,-0.04745361161625594,0.0,0.0
593,1.42825,1.1606845974181232,0.8126620671577968,0.024769531807746714,0.0,92015.01161274278
594,1.4635,0.8469634506705074,0.578724599023237,-0.21386777338150953,0.0,4617.0891250633595
595,7.26625,7.466511778403237,1.0275605406369497,-0.17369882500103728,0.0,0.0
596,3.122,3.066099515925794,0.9820946559659814,-0.4551944718018669,0.0,0.0
597,1.0465,0.2834745834459678,0.2708787228341785,-0.012183816191972174,0.0,0.0
598,7.2255,7.495511685259117,1.037369273442546,-0.17201529398328275,0.0,0.0
599,1.0375,0.23044961869503966,0.2221201144048575,0.05913794197283151,0.0,0.0
600,7.148,7.4607648235913615,1.0437555712914608,-0.17403322905241347,0.0,0.0
601,1.1265,1.5821262689440188,1.404461845489586,0.5275663362012559,0.0,0.0
602,1.09725,0.4531487321436096,0.41298585750158084,-0.002737570295393732,0.0,0.0
603,1.16125,0.8648325973015464,0.7447428179130647,0.17780577009576864,0.0,0.0
604,2.81825,7.298118426734569,2.589592274189504,0.2015816165491714,0.0,22581.733906864207
605,1.983,1.492905955527009,0.7528522216475083,-0.3573988204410284,0.0,12649.457490605264
606,1.054,0.3226608552441352,0.30612984368513774,-0.05881029863560466,0.0,0.0
607,1.1095,0.3450210281670805,0.3109698316062015,-0.05092999099975004,0.0,8311.0
608,1.0385,0.22810251574549184,0.2196461393793855,-0.01956596291483559,0.0,0.0
609,1.04075,0.21587285093763642,0.20742046691101265,-0.04349801095852179,0.0,0.0
610,1.0755,0.5337330491378021,0.4962650387148323,0.2314631074231488,0.0,0.0
611,1.1445,0.4395088645414363,0.38401823026774684,-0.06941392065843832,0.0,14521.5
612,1.4765,2.8612924524809857,1.9378885556931837,0.3148298064345222,0.0,15746.016606254612
613,1.1075,0.8441693582903664,0.7622296688852067,0.3376540280174729,0.0,0.0
614,1.05175,0.3042944072301821,0.28932199403868036,-0.08426260891737564,0.0,0.0
615,1.13575,0.5370233104894072,0.4728358445867552,0.017611577935344458,0.0,0.0
616,2.826,3.8800112914662344,1.3729693175747468,-0.07279630037924112,0.0,0.0
617,1.12175,0.41348480010754923,0.3686069089436588,-0.012208294240344308,0.0,0.0
618,2.511,6.853292705351661,2.729308126384572,0.17426999116504016,0.0,28772.527414965174
619,1.94975,3.0177809211276387,1.5477783926799018,-0.051743562443069324,0.0,76022.44767800975
620,1.048,0.2858608561997897,0.2727679925570512,-0.00854325182244442,0.0,0.0
621,1.37175,0.8020054492864567,0.5846586107428151,-0.11206742514033027,0.0,3035.621631718825
622,1.13325,0.5172633060946407,0.45644236143361183,0.04203686604965623,0.0,0.0
623,1.5275,1.0716953311089303,0.7016008714297416,-0.1116611041525974,0.0,60062.0826970783
624,1.11775,0.5886183444209392,0.5266100151383933,0.14116594930175974,0.0,0.0
625,1.2775,1.6109446097348936,1.2610133931388599,0.3199431026875076,0.0,1528.1210902611654
626,2.3105,2.2941023247381738,0.9929029754330982,-0.30101650484018155,0.0,26878.850059422144
627,1.14575,0.5527959237669299,0.4824751680269953,0.030183272428405072,0.0,104.80069083283702
628,1.05025,0.3028991159918053,0.2884066803064083,0.016600063868639547,0.0,0.0
629,1.07825,0.3363855322491986,0.3119735981907708,0.030976320725796702,0.0,0.0
630,1.16125,0.43335365043643814,0.3731786010216906,-0.12228382132431947,0.0,24906.0
631,1.22225,2.0530242727903065,1.679708957079408,0.4932734472505601,0.0,0.0
632,1.12475,0.40525115005840007,0.3603033118989999,-0.06395054923177756,0.0,0.0
633,1.09175,0.39983984978534726,0.366237554188548,-0.016776116881360326,0.0,0.0
634,1.06675,0.26610550639762004,0.24945442362092338,-0.038685613818408626,0.0,0.0
635,1.315,1.0599791927072169,0.8060678271537771,0.08277089448468378,0.0,9518.198324765808
636,1.07425,0.2936979777348345,0.27339816405383716,-0.02796003185560203,0.0,0.0
637,1.07875,1.0778863099716531,0.999199360344522,0.5367119680253974,0.0,0.0
638,1.13975,0.5022778197890715,0.4406912215740921,-0.011437559062936198,0.0,0.0
639,1.04,0.22228889555772252,0.21373932265165627,-0.03077826999811306,0.0,0.0
640,1.18125,0.8986658653717721,0.7607753357644632,0.16549417093009858,0.0,0.0
641,1.1815,0.4749885825347643,0.40202165258972855,-0.11142090451197179,0.0,16617.0
642,1.12475,0.41860631303329365,0.37217720651993214,-0.04986903155447109,0.0,4156.0
643,1.05875,0.4199315695810244,0.39662958165858264,0.05562194597347059,0.0,0.0
644,1.03325,0.20531677048906896,0.1987096738340856,0.008986372549072641,0.0,0.0
645,1.40525,0.7743851468028665,0.5510657511495225,-0.1509876751351487,0.0,32930.60103327637
646,1.188,2.186172645906408,1.840212664904384,0.5301762024379216,0.0,0.0
647,1.08575,0.35203397489428484,0.3242311534831083,-0.0007226382692248068,0.0,0.0
648,1.119,0.7493192709669629,0.6696329499257935,0.245999058355752,0.0,1400.2773153561768
649,1.0485,0.3304164701720243,0.3151325418903427,0.0543637453547034,0.0,0.0
650,1.09075,0.48329373129358594,0.4430838700835076,0.0655489695235178,0.0,0.0
651,1.1045,0.3385386271912337,0.30650848998753616,-0.12937011075770127,0.0,0.0
652,1.997,6.223357095923859,3.116353077578297,0.26259345051765604,0.0,8937.729875914481
653,1.072,0.2886811982248794,0.2692921625232084,-0.0033209758674227485,0.0,0.0
654,1.94625,6.2774766121152465,3.2254215091150913,0.26635383236683696,0.0,0.0
655,1.0515,0.4193944717455544,0.3988535156876408,0.15792475952616125,0.0,0.0
656,1.98675,3.399627009460135,1.7111498726362828,0.0,0.0,22326.681499416743
657,1.03925,0.2218597370766808,0.21348062263813403,-0.03161754408110251,0.0,0.0
658,1.19625,0.6350880031089575,0.5308990621600481,-0.006674344590644449,0.0,657.0134426934316
659,1.11175,0.3657805166306519,0.32901328233024685,-0.025554987062429424,0.0,0.0
660,1.493,1.8035421234470133,1.2079987430991381,0.11439384728989502,0.0,3118.615890510716
661,1.1295,0.4497558449648209,0.39819021245225406,-0.018697989148928784,0.0,0.0
662,1.27,1.9649593548764765,1.5472120904539186,0.4062160661069709,0.0,0.0
663,2.156,6.631716136470912,3.075935128233261,0.2901946574506338,0.0,0.6666666666666666
664,1.0805,0.3450355233567908,0.3193294987105884,-0.009443407202042398,0.0,0.0
665,2.193,6.519384679104965,2.9728156311468146,0.28277533655168585,0.0,8391.66174783965
666,1.21375,0.6145366964940616,0.5063124172968582,-0.030572815296911915,0.0,9244.785564609254
667,1.10675,0.43000077054078223,0.3885256566892092,-0.02550910570642906,0.0,323.5176374987549
668,1.19375,0.6072916418695149,0.5087259827179182,-0.02611094954447113,0.0,0.0
669,1.145,0.412937803315889,0.36064436970819996,-0.09649691637252816,0.0,1.0
670,1.20575,0.5210420412041389,0.4321310729455848,-0.10224787025329515,0.0,597.4620291756601
671,5.079,12.015837635742344,2.3657880755547045,0.1379733329075139,0.0,1281.2780352101686
672,1.0825,0.32514639786565563,0.30036618740476273,-0.03522827060896372,0.0,0.0
673,26.377,20.766539993360087,0.787297266306255,0.270547563272296,0.0,59509.27262984617
674,3.7825,10.270494852543818,2.7152663192448956,0.06981065088061178,0.0,24662.616155369953
675,1.12775,0.4254117785103321,0.3772217056176742,-0.0428652950525521,0.0,0.0
676,1.046,0.2755049468592823,0.2633890505346867,-0.024568540701739194,0.0,0.0
677,1.088,0.735453073149947,0.6759678981157601,0.24789277453519573,0.0,4156.0
678,1.22825,0.6536503286834996,0.5321801983989413,-0.03755134399529883,0.0,3816.2219386524
679,1.37475,0.7684139851103233,0.5589481615641559,-0.13064948387362577,0.0,5989.21621489143
680,1.1315,0.488638354880647,0.43185007059712505,0.017312747986968746,0.0,8309.999999999998
681,1.8715,2.518347328768826,1.3456304187917851,0.13072352359395534,0.0,130031.1558638731
682,1.07275,0.2982946235194412,0.2780653679976147,0.010905950565540001,0.0,0.0
683,1.153,0.5613998507731472,0.4869035999767105,0.0022994923727440164,0.0,0.0
684,1.11775,0.79406710871518,0.7104156642497697,0.2711893637990661,0.0,0.0
685,1.156,0.5698641823246783,0.49296209543657293,0.008798560634159291,0.0,0.0
686,1.30975,1.440251199749403,1.099638251383396,0.21591179996854798,0.0,0.0
687,1.40425,1.22442098119266,0.8719394560745309,0.04798607341478123,0.0,1.0
688,1.0375,0.21472139231823126,0.2069603781380542,0.0284372626953997,0.0,0.0
689,1.126,0.40702016701152355,0.361474393438298,-0.06205887707825264,0.0,0.0
690,1.14,0.8978315684923008,0.7875715513090359,0.24081331195521294,0.0,0.0
691,1.13125,0.45008230471798716,0.3978628108004306,-0.018382866533525,0.0,0.0
692,1.2255,0.864197002491202,0.70517911259992,0.11749211881698443,0.0,0.0
693,1.17675,0.44221977237768373,0.37579755460181324,-0.14246591827362426,0.0,12462.0
694,1.23275,1.485641013100053,1.205143794848958,0.31901705228214366,0.0,0.0
695,1.1255,1.1921010973304924,1.0591746755490825,0.4046382825113589,0.0,0.0
696,1.08525,0.3755232242125388,0.3460246249366863,0.02732958344026165,0.0,0.0
697,1.0595,0.34057120721927847,0.3214452168185733,-0.035348650459631537,0.0,0.0
698,1.13125,0.9435284834067014,0.8340583278733271,0.3030802100241074,0.0,2473.1437655078344
699,1.2115,1.189798997904206,0.9820874931111895,0.25635296201952756,0.0,8310.5
700,1.12325,0.8560038686570225,0.7620777820227219,0.30380788389251856,0.0,0.0
701,1.19625,0.5897651169943046,0.4930115920537551,-0.0388291718949004,0.0,0.0
702,1.10775,0.3430296704932529,0.30966343533581847,-0.053443869891735496,0.0,2077.5
703,1.4105,0.9020494295177639,0.6395245866839872,-0.08471435328451643,0.0,67442.54007079035
704,1.2435,0.5918575198736244,0.4759610131673699,-0.0806796579609341,0.0,6923.197194599808
705,2.8845,4.014310454126029,1.3916832914286805,-0.05801833342556939,0.0,0.0
706,10.07925,10.951573114211445,1.0865464309558197,-0.007340072617098903,0.0,0.0
707,3.52875,3.2068277742331905,0.9087715973739116,-0.43570508202663527,0.0,109776.73200000083
708,1.24,0.5744410288479628,0.46325889423222805,-0.09365137652313024,0.0,6701.17595557956
709,1.06525,0.2598255469131301,0.24391039372272244,-0.04905762500042654,0.0,0.0
710,1.17,0.540992761774197,0.4623869758753821,-0.054912620483406005,0.0,2402.3332965574355
711,1.30625,1.2752911547495127,0.9762994486120672,0.1630829017846966,0.0,0.0
712,1.1455,0.5102889854897694,0.44547270666937533,-0.004565365275099265,0.0,227.15913549010983
713,1.0745,0.3024444050640359,0.2814745510135281,-0.01521543316282703,0.0,0.0
714,1.96725,6.356042578272601,3.2309277307269544,0.2717555268475026,0.0,0.0
715,1.23175,2.510302241132621,2.037996542425509,0.546829185920212,0.0,0.0
716,2.11775,3.0998850396933797,1.4637634469098713,-0.040085682805631406,0.0,62371.23283189184
717,1.44325,1.0341889692923878,0.7165695266186647,-0.12713254158929252,0.0,8496.758968953282
718,1.1945,0.5130648681109655,0.4295227024788326,-0.09933597597897162,0.0,12464.0
719,1.0765,0.2918373558346586,0.2710983333345644,-0.030720106261391433,0.0,0.0
720,1.17725,0.6855289381063685,0.5823138144883148,0.047921717329909935,0.0,0.0
721,1.24675,1.7431649645180978,1.3981672063509907,0.38844166064544705,0.0,0.0
722,1.13075,0.8165911723657662,0.7221677403190504,0.24032987550386847,0.0,0.0
723,1.53875,1.995242763655962,1.296664671750422,0.05020634266858212,0.0,20217.87738547163
724,2.241,6.8985372691689895,3.0783298836095443,0.17712772505762675,0.0,0.0
725,1.107,0.4718120935954437,0.42620785329308375,0.08499351258764382,0.0,0.0
726,1.50275,1.057956641627572,0.70401373590256,-0.11726457352736469,0.0,1183.374900613984
727,1.4975,3.0401980940578155,2.030182366649626,0.34116943956427137,0.0,4545.3671343286705
728,1.032,0.18434884356575446,0.17863260035441322,-0.03779763431042682,0.0,0.0
729,1.101,0.4391437256786789,0.3988589697354032,-0.016371657426284714,0.0,0.0
730,1.0345,0.2117096011965676,0.20464920366995418,0.02230250216266827,0.0,0.0
731,1.263,1.5257499723888448,1.2080363993577552,0.2963458654398524,0.0,17160.420053903457
732,1.3405,0.8305011637835081,0.6195458140869139,-0.09690449891523838,0.0,913.6578426789725
733,1.12,0.9242908516233398,0.8252596889494105,0.3371408109741648,0.0,0.0
734,1.4595,1.0626109520934166,0.7280650579605458,-0.11535815507204296,0.0,5337.45483787724
735,1.17425,0.795327023159934,0.6773063854885535,0.1124416639339917,0.0,0.0
736,1.22175,0.6075929803803298,0.49731367332132587,-0.03550788904401839,0.0,888.7292385841104
737,25.2505,21.014808000284518,0.8322531435133768,0.27570884693792674,0.0,1294.374092646919
738,2.293,2.2681351611571388,0.9891561976263142,-0.3059603586717788,0.0,0.0
739,25.35375,21.160589632046975,0.8346138000117131,0.2787111854546904,0.0,0.0
740,1.4765,1.9675913203460154,1.3326050256322488,0.15220245523929307,0.0,9253.87740999831
741,1.333,0.7538256186054018,0.5655105916019518,-0.1389738515099124,0.0,36056.75145609996
742,2.064,1.8941491362185712,0.917707914834579,-0.2540171006997035,0.0,93375.68979285476
743,1.1735,0.6804509558931077,0.5798474272629806,0.044692753531651946,0.0,9624.059230528563
744,1.10425,0.5342782990401223,0.4838381698348402,0.0687891951356906,0.0,4156.0
745,1.18725,2.2381777850406257,1.8851781722810073,0.5403863273191796,0.0,0.0
746,1.91225,2.2378118526748385,1.1702506746894175,-0.18160770119832698,0.0,47510.289544788066
747,1.071,1.0152421775959626,0.9479385411727008,0.5428301768350529,0.0,0.0
748,1.15075,0.5635635176797864,0.4897358398260147,0.003970070781334961,0.0,4667.775479121814
749,1.27675,0.7108345510312051,0.556753123971964,-0.03536897623907426,0.0,11316.868161807133
750,1.5795,1.6699931045493304,1.0572922472613677,-0.027074723779487386,0.0,73472.11552706253
751,1.04425,0.2903670362729531,0.2780627591792704,-0.0017506301511177602,0.0,0.0
752,1.14925,0.5792739654790041,0.5040452168623051,0.01591120979746624,0.0,0.0
753,8.33275,15.97480284757858,1.9171105394471908,0.15661892750162876,0.0,0.0
754,1.104,0.354563716216443,0.3211627864279375,-0.109284048903175,0.0,0.0
755,1.11525,0.562180086015396,0.5040843631610814,0.1610999015835589,0.0,0.0
756,1.0515,0.3215176408820356,0.30577046208467484,0.04250686460210834,0.0,0.0
757,2.7145,2.8679341016667164,1.0565238908331982,-0.20406012179133348,0.0,0.0
758,1.1195,0.4514096727731566,0.4032243615660175,0.0259030173151944,0.0,0.0
759,1.06975,0.29052717430518,0.2715841778968731,-0.0005527149864533731,0.0,0.0
760,1.0355,0.20310111401868008,0.19613820764720433,0.004274253637008285,0.0,0.0
761,1.09,0.3826703661799383,0.35107373044031037,-0.035837360546547126,0.0,4755.19003623454
762,1.116,0.6701912332105425,0.6005297788624933,0.23742318647862132,0.0,0.0
763,1.5085,2.05109226873725,1.3596899361864434,0.17025275477459748,0.0,37495.767790391736
764,1.248,0.7342552571794593,0.5883455586373872,0.01295023680927998,0.0,22867.835347041015
765,1.11,0.5195839603692248,0.4680936579902926,0.12688017983543132,0.0,0.0
766,1.08775,0.3536682171215707,0.3251374094429517,-0.0700661594047085,0.0,0.0
767,1.86825,1.4899486314068207,0.79751030718952,-0.09722080830531907,0.0,0.0
768,1.114,0.4000550099708173,0.359115807873265,0.013344157498301867,0.0,0.0
769,1.962,3.889194962889472,1.9822604296072743,0.058428443623717685,0.0,0.0
770,1.1565,0.6217752014195123,0.537635280086046,0.04666059637717529,0.0,0.0
771,1.05325,0.6383700467433796,0.6060954633215092,0.23751592184155607,0.0,0.0
772,1.21775,0.6426026548676956,0.5276966987211624,-0.011178121313247857,0.0,0.0
773,1.214,1.2586103547191447,1.0367465854358688,0.2807706636227549,0.0,5748.579458305047
774,1.14075,0.40494497479059055,0.3549813498054706,-0.10498554561797963,0.0,8311.0
775,3.59375,6.421372084092354,1.7868165799213507,-0.134152882696019,0.0,66761.6047266803
776,2.962,5.343940065518696,1.8041661261035435,0.06623228886080401,0.0,1447.9187563997584
777,1.069,0.3070220930835603,0.2872049514345747,0.02343015299579332,0.0,0.0
778,11.8985,11.211606610147147,0.9422705895824807,0.0028512714139443673,0.0,315.93241478159285
779,1.1595,0.6013735632205951,0.5186490411561838,0.020018051710281093,0.0,0.0
780,1.0965,0.4850222279859039,0.4423367332292785,0.026783302730982783,0.0,0.0
781,1.08325,0.3589591208098815,0.33137237092996213,0.007737775170929884,0.0,0.0
782,1.304,0.6933283320649827,0.5316935061848026,-0.10158749819758457,0.0,8607.279537793976
783,1.10975,0.7377947023093139,0.6648296483976697,0.2791599764364082,0.0,0.0
784,1.35975,1.1889841707691424,0.8744138045737396,0.058931328509689476,0.0,1019.547001950107
785,2.513,5.520547990238662,2.196795857635759,0.0803528997202324,0.0,2.0
786,1.1505,0.4328932884092654,0.3762653528111824,-0.11059194793450766,0.0,0.0
787,1.075,0.31048204420697784,0.28882050623904915,-0.0038244989158702225,0.0,0.0
788,1.132,1.0026601277765852,0.8857421623468068,0.3294789397052213,0.0,923.446818720238
789,1.4125,1.99332312590585,1.41120221303069,0.25963301586285076,0.0,0.0
790,1.29875,0.6757311526396145,0.5202934765271333,-0.11275250442011604,0.0,10655.51432860984
791,1.22575,0.5327831660023559,0.43465891576777965,-0.09257014252632353,0.0,9311.38814791158
792,1.47075,1.4339311270487436,0.9749659201419301,0.014795849448508258,0.0,14206.499952084048
793,1.07525,0.29934902699021754,0.2783994670915764,-0.01968313719766035,0.0,4156.0
794,1.089,0.4088040853453507,0.3753940177643257,-0.007146965275369455,0.0,0.0
795,1.2065,0.4913431637116075,0.4072467167108227,-0.12773571890276378,0.0,12464.0
796,7.31325,7.52012383562437,1.0282875377738174,-0.17059158725451617,0.0,8310.0
797,1.228,1.6497564741821824,1.3434498975424938,0.3645230134575975,0.0,0.0
798,1.04375,0.2772276163873686,0.2656072971375987,-0.02186145108077886,0.0,0.0
799,4.07325,8.73418318599293,2.144278692933881,-0.0005584220425840503,0.0,31376.338028481663
800,1.1275,0.4287070065025251,0.3802279436829491,-0.03951422384512976,0.0,0.0
801,1.22925,0.5265584045842964,0.4283574574612946,-0.13145027880660698,0.0,15505.202259496187
802,1.13525,0.6925152213727567,0.6100112057896997,0.12804776403590432,0.0,0.0
803,1.11575,0.37866579518899185,0.33938229459017866,-0.010519478887475897,0.0,33192.0
804,1.1415,0.9469434647756804,0.8295606349327029,0.2639424916305425,0.0,0.0
805,1.102,0.4490505668662502,0.4074869027824412,-0.006683090557402405,0.0,0.0
806,1.45575,0.998644711754425,0.6860001454607075,-0.1423214362695092,0.0,55585.74790433431
807,3.23425,6.790942951022413,2.0996963595957063,-0.10985063629391734,0.0,188321.2079249411
808,1.12675,0.9679455910157305,0.8590597657117645,0.3141761407252146,0.0,0.0
809,1.10925,0.8720691277879924,0.7861790649429726,0.3517753562169976,0.0,0.0
810,1.17375,0.672810601898117,0.5732145703072349,0.03978875131870488,0.0,0.0
811,1.143,1.408384495342689,1.2321824106235248,0.4363396758247785,0.0,0.0
812,1.37925,2.5967489701169524,1.8827253725698403,0.37448527857723796,0.0,8858.296326062342
813,1.097,0.4595038475861618,0.41887315185611834,0.003310812715075384,0.0,0.0
814,1.1185,0.4031108713414318,0.3604031035685577,-0.023243332925194038,0.0,0.0
815,1.23775,0.7568805417888842,0.6114971050607023,0.026130512458047053,0.0,0.0
816,2.693,3.8342439093762866,1.4237816224939794,-0.07794955346412247,0.0,335351.91963543097
817,1.04775,0.2966343464332325,0.2831155776027034,0.00752349332432678,0.0,0.0
818,1.08225,0.3873273074684739,0.35789078999165985,0.04077089917992577,0.0,0.0
819,1.10325,0.5555777210715327,0.5035827972549582,0.08576648247971763,0.0,0.0
820,1.034,0.19963457488840133,0.19307018848007865,-0.0032022925884864772,0.0,0.0
821,1.04825,0.28538097006373536,0.27224514196397365,-0.009272932109410714,0.0,0.0
822,1.03725,0.21065025725766556,0.2030853287613069,0.020123941948509638,0.0,0.0
823,3.03975,3.0615377167034383,1.0071676015144133,-0.4558411042706671,0.0,0.4444444444444445
824,2.1785,4.140401367122542,1.9005744168568013,0.08561117233573468,0.0,11.944444444444445
825,1.30925,0.6619848891767656,0.5056214544027233,-0.12167836959020302,0.0,41272.20109250509
826,1.065,0.2594066748480828,0.24357434258035943,-0.04975832830161575,0.0,0.0
827,1.91,1.5798810100768665,0.8271628325009773,-0.33280689200627744,0.0,158081.98538285663
828,1.093,0.8538344443242954,0.7811843040478458,0.31271147808272337,0.0,0.0
829,1.2425,0.6984380458752097,0.562123175754696,-0.008768939315176388,0.0,4837.994482268994
830,1.195,1.2616944829244758,1.055811282781988,0.2914459504714658,0.0,2447.41935930844
831,1.20225,0.6212418392668945,0.5167326589868118,-0.01624755671422401,0.0,0.0
832,7.32925,7.554840391486455,1.0307794646773483,-0.16859128595118889,0.0,0.0
833,4.61575,11.630495219132357,2.5197411513041987,0.12381748872763221,0.0,81.13448497515283
834,1.1445,1.0396585845810744,0.9083954430590426,0.3045091844092198,0.0,0.0
835,1.12425,1.2434622982309438,1.1060371787689072,0.46596477844325235,0.0,0.0
836,1.30975,0.7210651296729773,0.550536460907026,-0.08455195188548849,0.0,0.0
837,1.15175,0.467200713426956,0.4056442052762804,-0.07746930320179701,0.0,0.0
838,1.1385,0.5388787874716323,0.4733234848235681,0.019109528752788596,0.0,3730.837089558442
839,1.49825,1.3217161839509,0.8821733248462539,-0.020594235030409205,0.0,65659.2202485455
840,1.583,2.9196304664315194,1.8443654241513072,0.21553848516196053,0.0,7608.418081926971
841,1.16775,0.4792362197691079,0.4103928236087415,-0.0785766468222715,0.0,49740.0
842,1.08375,0.3725193017248092,0.34373176629740176,0.023841562564763774,0.0,0.0
843,1.12625,0.47155755654244697,0.4186970535338042,0.0018599034259887959,0.0,0.0
844,1.21075,0.6032623134712739,0.4982550596500301,-0.038614441529017746,0.0,13331.51938436059
845,1.10125,0.32638178375514737,0.29637392395473083,-0.14525242790606335,0.0,8310.0
846,1.53825,1.0216642731209422,0.6641731013300454,-0.24048119504125848,0.0,44239.75623222815
847,10.4615,11.072496005506073,1.0584042446595683,-0.002571047251540337,0.0,0.0
848,1.1135,0.37303155112474556,0.3350081285359188,-0.017029989915331556,0.0,49.60382681561168
849,1.112,0.5249046401207605,0.4720365468711875,0.13130485587828306,0.0,0.0
850,1.22325,0.5098768783812195,0.4168214824289553,-0.1116553185250361,0.0,37359.0
851,1.156,1.0890181312184526,0.9420572069363777,0.2900623099618643,0.0,0.0
852,1.125,0.5656456388474915,0.5027961234199925,0.08086963781056597,0.0,5566.703253712359
853,1.11675,0.5528976952975716,0.4950953170338676,0.1139769360701397,0.0,0.0
854,1.21275,0.47438770897295196,0.39116694205149616,-0.1429872085294366,0.0,38237.24075378951
855,1.0525,0.339518141108889,0.3225825568730537,-0.03669359481864909,0.0,0.0
856,1.1675,0.835534726728873,0.7156614361703408,0.16283822427238642,0.0,4614.94652228266
857,1.3495,1.6298815535092166,1.2077669903736323,0.19591130029068185,0.0,1019.547001950107
858,1.0645,0.2604932133061141,0.24470945355200946,-0.04794306211496879,0.0,0.0
859,1.2945,0.9609893990863214,0.7423633828399547,0.04019215118070318,0.0,1109.5661883561652
860,1.94,6.3574369246625455,3.2770293426095596,0.27185078903678805,0.0,0.0
861,1.26775,0.6860594776706502,0.541163066590929,-0.05077573699233137,0.0,9233.094566960108
862,1.14625,1.195289971943736,1.0427829635277959,0.33050047545894423,0.0,0.0
863,1.15325,0.9088294285687266,0.7880593354161947,0.21150958088601626,0.0,1.0
864,1.42825,0.8294720872252854,0.5807611323124701,-0.12114291341942686,0.0,24091.081710468454
865,1.5875,1.5435152606436904,0.9722930775708286,-0.06127847403299316,0.0,71569.6628096818
866,1.878,1.505716704994311,0.8017660835965448,-0.09264883525471251,0.0,151183.11974258433
867,1.20425,1.0448946782916355,0.867672558265838,0.19995188050731735,0.0,48.51116024674874
868,1.2095,0.6278600975340914,0.5191071496768015,-0.021257753621999664,0.0,0.0
869,1.0825,0.3656872732205058,0.33781734246698,0.015802628480750924,0.0,0.0
870,1.07475,0.31494004875305576,0.29303563503424584,0.002366902338441612,0.0,4156.0
871,1.036,0.21381166679396682,0.20638191775479423,0.0265933472245079,0.0,0.0
872,1.0355,0.1968487677364017,0.1901002102717544,-0.009305351426284303,0.0,0.0
873,1.139,0.40953745888814386,0.35955878743471803,-0.10008792829269503,0.0,4156.0
874,1.05375,0.34697411324018784,0.32927555230385563,-0.02725950473334371,0.0,0.0
875,1.08525,0.33765506102390763,0.31113113201926523,-0.018833954016102772,0.0,0.0
876,1.1685,0.5627494306797943,0.4815998550961012,-0.008811216293927504,0.0,0.0
877,1.71,2.4618926111443615,1.4397032813709716,0.12087700097765725,0.0,66268.74654401281
878,1.3765,0.853187981885064,0.6198241786306312,-0.10889996017948643,0.0,3063.100092957704
879,1.13175,0.4663113756651972,0.41202683955396263,-0.002998795037423785,0.0,0.0
880,1.065,0.3732423173447301,0.35046226980725836,0.1082514020462284,0.0,0.0
881,1.05725,0.4183493654206816,0.3956957819065326,0.05398253530967817,0.0,0.0
882,1.6565,2.797403102169762,1.6887431947900766,0.1969656504380888,0.0,0.0
883,1.0755,0.33215558377507104,0.30883829267789037,0.025480569599997116,0.0,0.0
884,1.1215,0.37917501687658145,0.3380963146469741,-0.04982812878821963,0.0,0.0
885,2.80825,4.236327248294053,1.5085292435837454,-0.03463978868179285,0.0,0.0
886,1.04175,0.24702670513177732,0.2371266667931628,0.015047867690138439,0.0,0.0
887,1.107,0.3861195049049154,0.34879810741184775,-0.0020538153882403987,0.0,0.0
888,1.05175,0.32264215780101896,0.3067669672460366,-0.05883546571590398,0.0,0.0
889,1.589,4.039140708667637,2.5419387719745985,0.3564995809249414,0.0,65.46926329608142
890,1.13825,0.6474888013989,0.5688458611016033,0.09885070197776055,0.0,0.0
891,1.3425,0.7604855913057431,0.5664697141942221,-0.13515375426248072,0.0,921.1830626101768
892,1.08325,0.3547547043029257,0.3274910725159711,0.002620945577222644,0.0,0.0
893,1.0795,0.3220336572768517,0.29831742221107155,0.012040276217615109,0.0,0.0
894,1.26925,1.1734984926185652,0.9245605614485446,0.18234503074588748,0.0,15290.875066864593
895,1.13375,0.44767291660325514,0.3948603454052967,-0.061420738375698114,0.0,0.0
896,1.12175,0.39046773716075545,0.348088020646985,-0.03708268793433728,0.0,0.0
897,1.07025,0.27172301310150787,0.2538874217253052,-0.029613053335747264,0.0,4156.0
898,1.0835,0.3210194906518054,0.29628010212441663,-0.04077581631630722,0.0,0.0
899,1.081,0.33461469147055845,0.30954180524566,-0.02276221262809447,0.0,0.0
900,1.11525,0.370812368932373,0.33249259711488277,-0.01962134386455494,0.0,4156.0
901,1.25225,0.712914440343168,0.5693068000344723,0.00014058370289582456,0.0,4156.0
902,1.16225,0.8009902208101285,0.6891720549022401,0.1445009332680346,0.0,0.0
903,1.14775,0.43412792384683785,0.3782425823104664,-0.10935507918770615,0.0,29062.0
904,1.1165,0.39492624841281615,0.35371809083100414,-0.032151843873995056,0.0,0.0
905,1.565,3.4352911530649894,2.195074219210856,0.2861741492314518,0.0,12830.459608765495
906,1.23575,0.5815982304180493,0.4706439250803555,-0.08827375143276611,0.0,14901.744132759713
907,1.141,0.40824094009088746,0.3577922349613387,-0.10146500411617904,0.0,12462.0
908,1.07225,0.3450502897051478,0.32180022355341364,0.07414292126024902,0.0,0.0
909,1.33175,1.0568685728580796,0.7935938223075499,0.007776239590809895,0.0,17528.02011301484
910,1.053,0.3387029375721149,0.32165521136952985,-0.03773761594767511,0.0,0.0
911,1.1215,0.4304463625328415,0.3838130740373086,0.005251198627505005,0.0,0.0
912,1.13825,0.5255530315745969,0.4617202122333379,0.008234986065812022,0.0,0.0
913,1.48075,1.3555769379525002,0.9154664446749959,-0.009608271146062969,0.0,13990.809096362911
914,1.60225,1.930019736050745,1.204568410704163,0.035772348335275955,0.0,28155.18624827354
915,1.1235,0.38312458301644897,0.34100986472314104,-0.04532782436925109,0.0,0.0
916,1.12025,0.3972774784061037,0.3546328751672428,-0.029573897884815514,0.0,0.0
917,4.665,11.77879280698992,2.5249287903515367,0.129320064081627,0.0,0.0
918,1.1475,1.6292352045785041,1.4198128144474982,0.4650109852826492,0.0,0.0
919,1.57075,1.4866226653853052,0.9464412958047462,-0.0775886518467992,0.0,33229.63631414964
920,1.08875,0.3679772945744487,0.3379814416298036,-0.052841170421771444,0.0,4156.0
921,1.08925,0.40351597711360393,0.3704530430237355,-0.012801457325666177,0.0,0.0
922,1.53625,2.0303242331270406,1.3216105667222398,0.057775996499484866,0.0,24437.335159792194
923,1.10725,0.495791175518918,0.4477680519475439,0.10652323654595935,0.0,0.0
924,1.2115,0.9628081324308435,0.7947240053081663,0.164419113129706,0.0,0.0
925,3.25975,5.960886090024248,1.8286328982358304,-0.16646989565139503,0.0,14620.198947133025
926,1.08775,0.42614004310095466,0.39176285277035594,0.010890152962081845,0.0,0.0
927,1.138,0.3930580410777955,0.3453937092072017,-0.11792487414343689,0.0,12464.0
928,1.07,0.2821699930471772,0.26371027387586654,-0.013228647650677328,0.0,0.0
929,1.105,0.8655416168923612,0.7832955808980644,0.2783096148991323,0.0,847.3693375543501
930,1.0455,0.27008885018961665,0.2583346247629045,-0.03319128597301235,0.0,0.0
931,3.15975,8.902277381274034,2.817399281991941,0.007720403726613534,0.0,542.0446809252902
932,1.30975,0.6507002306727341,0.49681254489233373,-0.12914548501260292,0.0,8338.968971763155
933,1.25075,1.9015200188521615,1.52030383278206,0.42620407405087785,0.0,0.0
934,1.147,0.543106565220212,0.4735018005407253,-0.012087747790534065,0.0,0.0
935,1.041,0.2556077734214247,0.2455406084739911,0.029878019186231453,0.0,0.0
936,1.248,2.4451974864388606,1.959292857723446,0.5354171127883165,0.0,0.0
937,1.16725,0.45807193209554264,0.3924368662202122,-0.098192598974706,0.0,0.0
938,1.04025,0.2686037499619531,0.25821076660605924,0.05141603347887247,0.0,0.0
939,1.79175,1.5920161953923704,0.8885258520398328,-0.06844462246097,0.0,30703.1920775371
940,1.04725,0.28202361927763714,0.26929923063035294,-0.014412460285098572,0.0,0.0
941,2.081,3.4480300503050945,1.6569101635295986,0.006139771158882978,0.0,28761.296542282787
942,1.4745,1.0047896051102612,0.6814442896644701,-0.13965730935247944,0.0,23900.659936738524
943,1.147,0.544026645714906,0.47430396313418133,-0.011352629089092459,0.0,0.0
944,1.04925,0.3183547941271435,0.30341176471493303,0.03821345233838441,0.0,0.0
945,1.035,0.19309148370725746,0.18656182000701205,-0.01767493223922223,0.0,0.0
946,1.162,0.5294582906333417,0.45564396784280703,-0.035294527416089405,0.0,0.0
947,1.10025,1.0961296969693617,0.9962551210809922,0.380883604540618,0.0,0.0
948,1.18675,0.6028808371693003,0.5080099744422164,-0.029276773685685598,0.0,8100.034176789413
949,2.0175,6.52378982711944,3.2336009056354102,0.28306869022053105,0.0,0.0
950,1.3185,0.8146923842286916,0.6178933517092845,-0.03153278917308626,0.0,0.0
951,1.27525,1.9142631842002804,1.5010885584789495,0.39486414158486877,0.0,0.0
952,2.3405,6.328670695192794,2.7039823521438984,0.13968320842561044,0.0,30303.364460474353
953,1.16975,0.7331911959594566,0.6267930719892768,0.07711316640876559,0.0,47.9639298158356
954,1.53975,1.3602876655815428,0.8834470956853664,-0.1161586416077193,0.0,52265.32884109741
955,1.2,2.1656806189130897,1.8047338490942415,0.5260861564359971,0.0,0.0
956,1.41575,0.9113778524286589,0.6437420818849788,-0.08024621897282916,0.0,2453.0072040008617
957,1.129,0.38130742038047105,0.33773907916782203,-0.09039954835049402,0.0,9413.430816049447
958,1.0305,0.18994412255298426,0.18432229262783528,-0.02481219218825592,0.0,0.0
959,1.1465,1.4883183540092217,1.298140736161554,0.4257230370430759,0.0,0.0
960,1.03525,0.18845773154515252,0.1820407935717484,-0.0282240926629842,0.0,0.0
961,1.10175,0.4030354164173685,0.36581385651678555,-0.05363512842068752,0.0,0.0
962,1.2635,0.6516700994211871,0.5157658088018893,-0.07310971061018784,0.0,12704.554769935685
963,1.0815,0.3448006262580841,0.3188170376866243,-0.009739171689836013,0.0,992.8385797987552
964,1.08775,0.4382898150658963,0.40293248914354984,0.023099186175304487,0.0,0.0
965,1.10625,0.3331496430602437,0.3011522197154745,-0.13633898722453258,0.0,4156.0
966,1.21675,0.6774098896086732,0.5567371190537688,0.011730895895656568,0.0,15029.105685248827
967,1.13825,0.4724327843026148,0.4150518640919085,-0.03804153183198067,0.0,0.0
968,1.1575,0.6243326019033844,0.539380217627114,0.03628973326166379,0.0,0.0
969,1.242,0.5674649805283419,0.456896119588037,-0.09895776243768284,0.0,8970.242141596593
970,2.58475,3.5837868686041996,1.3865119909485248,-0.10728711601303476,0.0,173225.80614209844
971,1.79725,1.2585858918293091,0.7002842630848848,-0.17050924471469958,0.0,71553.72451063892
972,1.154,0.6386595113931,0.5534311190581456,0.05829658391173462,0.0,0.0
973,2.00825,3.0016552801921272,1.4946621586914615,-0.05407045599079402,0.0,39943.83985149281
974,1.6115,1.0265628123996848,0.6370231538316381,-0.23840387397732132,0.0,11.999999999999998
975,1.719,2.106691372065278,1.2255330843893413,0.05320881269969496,0.0,54691.85690317871
976,1.143,0.9632149011183508,0.842707700016055,0.2713416330561557,0.0,0.0
977,2.19675,6.756585846459374,3.075719060639296,0.29829602812925804,0.0,0.0
978,1.08325,0.37530607663984167,0.34646302943904145,0.027078378552270965,0.0,0.0
979,1.4405,0.7616460964214604,0.5287373109486015,-0.2599792222588697,0.0,27073.174417029248
980,1.10575,0.467034760876497,0.4223692162572887,0.010370866301512571,0.0,0.0
981,1.236,1.1020923971759256,0.8916605155145029,0.18932117851157632,0.0,12138.506722788296
982,1.07625,0.30324730375026904,0.28176288385623144,-0.014064039910699488,0.0,0.0
983,1.304,0.7824557874185711,0.6000427817627079,-0.049066638555500044,0.0,0.0
984,1.041,0.23093794206078574,0.22184240351660495,-0.014200746656115704,0.0,0.0
985,2.75675,7.453990201897404,2.703905033788847,0.21075952770473583,0.0,14317.315568561815
986,1.249,0.6849206370593366,0.5483752098153215,-0.01725657593926791,0.0,1189.9576955204702
987,1.104,0.9868776428060714,0.8939109083388327,0.3352849708499328,0.0,0.0
988,1.24875,0.6139769372051812,0.49167322298713206,-0.06474476983433189,0.0,0.0
989,1.43025,0.9221428980267079,0.6447424562326222,-0.07514646362946309,0.0,0.0
990,1.031,0.1776144327516219,0.17227394059323173,-0.05395979873501844,0.0,0.0
991,1.0835,0.3529290151325485,0.32573051696589617,0.00038014656039025985,0.0,0.0
992,1.15175,2.149855206020097,1.8665988330975445,0.5854364104333944,0.0,0.0
993,1.2365,1.1414435918468955,0.9231246193666766,0.2045576263870767,0.0,6830.457084268732
994,1.12025,0.38772092976759065,0.3461021466347607,-0.040148598037340444,0.0,0.0
995,1.647,1.1752601027335479,0.7135762615261372,-0.17965540857131695,0.0,49518.86910109054
996,1.51425,3.0096613518572517,1.9875590898842672,0.33678518853173367,0.0,0.0
997,1.22025,0.7070112472414648,0.5793986865326488,0.030305685884341793,0.0,0.0
998,1.20975,1.0203015197959007,0.8433986524454644,0.1896078967690927,0.0,0.0
999,1.27525,0.7022184241237157,0.5506515774347898,-0.040665285454609096,0.0,3760.247652816853
1000,1.178,0.67002106836876,0.5687784960685569,0.0379843840426253,0.0,0.0
1001,1.08475,0.3195198909930101,0.2945562488988339,-0.04280931828483414,0.0,0.0
1002,25.8705,20.99176965737613,0.811417238065601,0.27523247267663664,0.0,4157.921679633605
1003,1.2195,1.087251249169071,0.8915549398680368,0.21720927851944422,0.0,20760.333333333332
1004,1.03775,0.22657840131615756,0.21833620941089624,0.051780456292672916,0.0,0.0
1005,1.038,0.22375995425741918,0.21556835670271596,0.046344312682994104,0.0,0.0
1006,1.167,0.5587388005694749,0.4787821770089759,-0.011917449427091498,0.0,0.0
1007,1.58975,1.790599480376553,1.1263402927356836,0.003209052410641039,0.0,89183.99090199219
1008,1.1545,0.6969585265974937,0.6036886328258931,0.09623413513706564,0.0,0.0
1009,7.22525,7.450428823894298,1.031165540831708,-0.1746353094033839,0.0,0.0
1010,1.091,0.8101747316313582,0.7425982874714557,0.2899165014349413,0.0,0.0
1011,2.327,1.4656425304305112,0.6298420844136275,-0.4956012308560802,0.0,137062.47149865897
1012,1.04225,0.24285732935327514,0.23301254915161926,0.007655176812430997,0.0,0.0
1013,1.1575,0.6154579166050087,0.5317131028984956,0.030072081765835867,0.0,0.0
1014,3.3015,3.0883623889630227,0.9354421895995829,-0.452052463537503,0.0,4275.696621689517
1015,1.17975,0.44943346015709285,0.3809565248205915,-0.13543867262282344,0.0,13456.101621861939
1016,1.44525,2.579567013860029,1.784858684559785,0.2698143719275331,0.0,0.0
1017,1.072,0.2938325788541819,0.27409755490128906,0.004360471654693665,0.0,0.0
1018,1.73,1.34927948875861,0.7799303403228959,-0.1402901854823905,0.0,0.0
1019,1.08025,0.3175455027024814,0.29395556834295894,-0.0455012513062506,0.0,271.3516738158957
1020,1.20425,0.5177827365223373,0.42996282875012437,-0.10497307033165085,0.0,0.0
1021,1.04175,0.23242298210515383,0.22310821416381457,-0.01141696895172406,0.0,0.0
1022,1.22625,0.7363399259999795,0.600481081345549,0.04795771274507757,0.0,0.0
1023,1.3785,0.6909103337426051,0.5012044495775155,-0.2005230011251229,0.0,16130.934139995697
1024,11.66575,11.116245754184137,0.9528959350392506,-0.0008584400867506226,0.0,315.93241478159285
1025,1.2135,1.079448494492936,0.8895331639826418,0.21408128816585098,0.0,0.0
1026,1.253,0.6221637822494859,0.49653933140421863,-0.05899210178090372,0.0,5398.711349497716
1027,1.268,1.5916373102349144,1.2552344717940964,0.3147066057425538,0.0,979.4971676491427
1028,1.1365,1.0911761619253273,0.9601198081173139,0.3255133101950851,0.0,0.0
1029,1.08825,1.4196710196207383,1.3045449295848732,0.533525524472308,0.0,0.0
1030,2.99075,3.0007358333224445,1.0033389060678575,-0.18440152540131566,0.0,0.4444444444444445
1031,3.0445,3.019072448553099,0.9916480369693214,-0.4619071834845972,0.0,0.0
1032,1.037,0.21941521314380125,0.21158651219267238,0.037828684171786975,0.0,0.0
1033,1.71975,3.1566914820390974,1.83555254079901,0.22884003445988044,0.0,27791.63778785397
1034,2.2495,4.550926002680166,2.0230833530474177,-0.003529515837268904,0.0,2.0
1035,1.34925,1.1664538529868151,0.8645201800902835,0.05062281771741177,0.0,189.86291280095472
1036,1.2555,1.6665575608198717,1.3274054646116062,0.33468281291596524,0.0,20768.0
1037,1.07225,0.33325320992524793,0.3107980507579836,0.059034866153286625,0.0,0.0
1038,1.26375,0.6937623974142851,0.5489712343535392,-0.04592674836194913,0.0,9369.219774152287
1039,1.317,0.751100551197709,0.5703117321167115,-0.06682836501473143,0.0,5597.134896357221
1040,1.0375,0.19900666047328214,0.19181364864894662,-0.004570440019970534,0.0,0.0
1041,7.19825,7.507032424430799,1.0428968741611917,-0.17134828785463863,0.0,0.0
1042,1.24025,0.7004659882179595,0.5647780594379838,-0.0075097753345655105,0.0,987.6817442775873
1043,1.329,0.9473559895006263,0.7128337016558512,-0.03973153906436511,0.0,33481.25364053532
1044,1.7055,2.8171357463660436,1.6517946328736697,0.17941567047129459,0.0,36487.65358440729
1045,1.28575,0.6392957940406534,0.4972162504691063,-0.13682459850563505,0.0,4002.3476503299644
1046,1.174,0.4156527298093319,0.35404832181374096,-0.16937343788850479,0.0,29065.0
1047,1.177,0.5183996378723046,0.44044149351937517,-0.07343938548872853,0.0,9456.544613357713
1048,11.97625,11.048244288707854,0.9225128307030878,-0.0035233111325729816,0.0,24462.63564362217
1049,1.072,0.29552975223928746,0.27568073902918605,0.006861734577385259,0.0,0.0
1050,1.23225,0.5686745863816134,0.4614928678284547,-0.098033007484787,0.0,29700.318994420533
1051,7.15725,7.436117696694947,1.0389629671584684,-0.17547032449282463,0.0,0.0
1052,1.118,1.028027339156169,0.9195235591736752,0.383336820798209,0.0,0.0
1053,1.21325,0.5503182261542038,0.4535901307679405,-0.07850674021117007,0.0,0.0
1054,1.151,0.5369088076824049,0.46647159659635523,-0.01707227211032014,0.0,0.0
1055,1.121,0.43978102714641915,0.3923113533866362,0.014568645717264128,0.0,0.0
1056,1.13575,0.5048620196793662,0.44451861737122267,-0.009208859191273233,0.0,0.0
1057,1.14575,0.4925115017893985,0.4298594822512751,-0.01996518234858441,0.0,0.0
1058,1.20625,0.537850591070214,0.44588650036908933,-0.08845898656078724,0.0,0.0
1059,2.84375,3.8769954489175933,1.3633390589600327,-0.07313399864017944,0.0,0.0
1060,1.1275,0.8887863833952606,0.7882806061155305,0.2771225871638824,0.0,4156.0
1061,1.1645,0.5113757192921564,0.43913758633933564,-0.05038617722342237,0.0,0.0
1062,1.48525,0.9651504112463933,0.6498235389640756,-0.15713744278191843,0.0,30995.325287002284
1063,3.07,2.9965554952660316,0.9760767085557107,-0.4651583932746481,0.0,95082.0
1064,26.719,20.518986237118288,0.7679548724547434,0.26533932064446786,0.0,175302.36253599217
1065,1.401,0.8979981069857761,0.6409693840012677,-0.08666926831344106,0.0,0.0
1066,1.11475,0.35653080659883163,0.3198302817661643,-0.036678494340691425,0.0,0.0
1067,1.163,0.6008504433832337,0.5166383864000289,0.019640105384420875,0.0,0.0
1068,1.03975,0.2338452659390404,0.22490528101855292,-0.008767455762014431,0.0,0.0
1069,1.05475,0.35676919508926375,0.33825000719531995,-0.015169230684676294,0.0,0.0
1070,1.13725,0.4516231043216116,0.3971185793111555,-0.0576054078900432,0.0,0.0
1071,1.132,0.6298215372565454,0.5563794498732734,0.12754270237102228,0.0,6839.208913735367
1072,1.21925,0.5373561439179342,0.44072679427347483,-0.08885841799657948,0.0,20766.0
1073,1.0645,0.4363339854248225,0.4098957120007726,0.17607956575834244,0.0,0.0
1074,1.1065,0.3724143164618896,0.33656964885846324,-0.08795197161379514,0.0,0.0
1075,1.17425,0.43753262301118734,0.37260602342873095,-0.1470936348385714,0.0,16615.0
1076,1.17225,0.7441225484365952,0.6347814446036214,0.08354038977356795,0.0,0.0
1077,1.47325,1.5036122006396722,1.0206089941555556,0.0354033981719748,0.0,8312.0
1078,5.16925,10.419152754592425,2.0156024093615947,0.07605168686428776,0.0,93354.41179251435
1079,1.0745,0.9231266384942395,0.8591220460625775,0.46940029546068573,0.0,0.0
1080,1.139,0.798021434268772,0.7006333926854891,0.18963299680965887,0.0,0.0
1081,1.14625,0.5243373626945532,0.4574371757422493,-0.027361995157414165,0.0,0.0
1082,1.83225,1.5146562261354366,0.8266646069779979,-0.09007802951139371,0.0,0.0
1083,1.1285,0.6874633819159888,0.6091833246929452,0.16557476496932244,0.0,0.0
1084,1.3305,0.7002801925565378,0.5263285926768416,-0.1709729017901025,0.0,22029.62865956813
1085,1.0465,0.27359909377779196,0.2614420389658786,-0.027583287413036173,0.0,0.0
1086,1.3495,1.1329919097976457,0.8395642162264881,0.03798206448540005,0.0,3082.8141292693363
1087,1.0685,0.28342165047502893,0.2652518956247346,-0.011306452343283535,0.0,0.0
1088,1.048,0.2944786569852813,0.28099108490961955,0.004355881795323313,0.0,0.0
1089,1.14775,0.5186397442310742,0.45187518556399403,-0.032107006063856525,0.0,0.0
1090,1.0945,0.4308319324731044,0.39363356096217855,0.015645692424869073,0.0,0.0
1091,8.3665,15.240857872415573,1.8216527666784883,0.1361928335840723,0.0,30295.948681427122
1092,1.292,1.1960742654250627,0.9257540754063952,0.13523170055667724,0.0,14513.317319969616
1093,1.09625,0.9574524094068955,0.8733887429025272,0.322138856857284,0.0,0.0
1094,1.07975,0.32698114114833393,0.3028304155113072,0.018661717121054577,0.0,0.0
1095,1.1595,0.47022869835558667,0.40554437115617653,-0.08681714973597182,0.0,0.0
1096,1.1865,1.6316811409820418,1.3752053442747927,0.40312704044497405,0.0,0.0
1097,1.1935,0.4691617825383357,0.3930974298603567,-0.13818562585166674,0.0,8740.022765719226
1098,1.515,3.8955832544335465,2.5713420821343544,0.44884004746109407,0.0,804.2718137238952
1099,2.05625,1.4963775338900884,0.7277215970286145,-0.3563900917542169,0.0,49077.25134882347
1100,1.24575,1.2266756379663677,0.9846884511068575,0.2358329122877687,0.0,0.0
1101,1.1015,0.9942056433230019,0.9025925041516132,0.3384978844363426,0.0,0.0
1102,1.042,0.2987613003363131,0.2867190982114329,0.09762830294803948,0.0,0.0
1103,25.2355,21.091675003152538,0.8357938223198486,0.27729449123252303,0.0,1.9216796336048814
1104,1.0505,0.5376076687523862,0.5117636066181687,0.26576751314045854,0.0,0.0
1105,1.0465,0.7533124318003627,0.7198398774967631,0.41227719260569046,0.0,0.0
1106,1.28,0.9761343194214553,0.762604937048012,0.10237207685555769,0.0,20715.76521015348
1107,1.41775,0.7735531873332359,0.5456203049432099,-0.15145450954792916,0.0,31731.734981008096
1108,1.12775,0.4636633298211702,0.41114017275209064,-0.005472055437378165,0.0,0.0
1109,1.118,0.38679891849750264,0.345973987922632,-0.04118259244535738,0.0,0.0
1110,1.086,0.39955464079114933,0.3679140338776697,0.05426896167497142,0.0,0.0
1111,1.1055,0.4630586958895813,0.4188681102574232,0.006657704812289833,0.0,0.0
1112,1.19325,1.0144760854411419,0.8501789947128783,0.1967335602010983,0.0,0.0
1113,7.1815,7.448417783789418,1.0371674140206668,-0.17475255118038024,0.0,0.0
1114,1.1065,0.33568723758935204,0.3033775305823335,-0.13304350929499903,0.0,12464.0
1115,1.11,0.36665188994753667,0.33031701797075375,-0.02452162808392372,0.0,2077.5
1116,1.37075,1.1582874621445405,0.8450027081120121,0.04757161107762366,0.0,5135.654335739951
1117,2.24325,2.174456599446335,0.9693331547738036,-0.32427854595355127,0.0,0.0
1118,1.07925,0.9781148269266055,0.906291245704522,0.4945288542432527,0.0,0.0
1119,2.33275,7.215819042119347,3.093267191992004,0.19665634361614326,0.0,0.0
1120,1.23725,1.492320070326093,1.2061588768042781,0.32096515199203274,0.0,1358.5645010190774
1121,1.0985,0.4391423020962255,0.39976540928195314,-0.01637306529111343,0.0,0.0
1122,2.212,4.043221847824787,1.8278579782209705,0.0752963003442223,0.0,11.944444444444445
1123,1.14775,0.5522645983101185,0.4811715080027171,-0.0048255958478263805,0.0,0.0
1124,1.037,0.2077060072466889,0.2002950889553413,0.014011005427477574,0.0,0.0
1125,1.261,1.3761731225088574,1.0913347521878332,0.2515355662305707,0.0,0.0
1126,1.03925,0.2779006021695015,0.2674049575843171,0.06619344977314179,0.0,0.0
1127,1.13525,0.4821986793756261,0.4247510939225951,-0.029155542911501076,0.0,0.0
1128,2.15475,4.7347023971098015,2.1973325894464795,0.14386141534885766,0.0,60864.85542957033
1129,1.23925,1.115266960237839,0.8999531654128214,0.19448200853235398,0.0,8161.371164468901
1130,1.088,0.3320897030814463,0.30522950650868225,-0.09740678262242702,0.0,0.0
1131,2.13875,6.598058959497728,3.085007111395782,0.28798492105453255,0.0,0.0
1132,3.26375,8.561747007209094,2.6232851803015227,-0.009218327746385202,0.0,22670.3394529633
1133,1.21875,1.0147195925293182,0.8325904348958508,0.18722540916221195,0.0,10582.142968708042
1134,2.198,2.4221401055002305,1.1019745702912787,-0.14723201025258953,0.0,208856.5824736868
1135,1.11575,0.36658632528160523,0.32855597157213107,-0.02459929553798257,0.0,4156.0
1136,1.038,0.24304478536253968,0.23414719206410373,0.08224825562405269,0.0,0.0
1137,2.156,1.944893223910532,0.9020840556171299,-0.24253550775275284,0.0,21239.191452678268
1138,1.379,3.2755978668552004,2.3753429056237856,0.47534589014664685,0.0,0.0
1139,1.14575,0.5025635084444602,0.43863278066284983,-0.01119060861128851,0.0,0.0
1140,1.58075,1.4695303050054234,0.9296411861492477,-0.08261085509041943,0.0,5220.4438199057295
1141,1.15775,0.9579114448027127,0.8273905806976573,0.22219908149271347,0.0,0.0
1142,1.046,0.25278444373368475,0.24166772823488025,-0.0619475978796884,0.0,0.0
1143,1.104,0.4590606541308488,0.4158158099011311,0.0028917316671273063,0.0,0.0
1144,1.133,1.0531325994707488,0.9295080313069274,0.35080825122462655,0.0,0.0
1145,1.186,0.6082733753213116,0.512878056763332,-0.025409446116045453,0.0,939.1800877473506
1146,1.40825,0.7951352070556145,0.5646264562795061,-0.13950370586566863,0.0,29349.30142443232
1147,1.24625,0.5943056766591812,0.47687516682782843,-0.07888694934273188,0.0,0.0
1148,1.2705,1.1773598829896994,0.9266901873197162,0.18377172837786632,0.0,9688.463649312662
1149,1.041,0.23522932046898845,0.22596476509989286,-0.006204584070360508,0.0,0.0
1150,1.20225,0.749656877416905,0.6235449177932252,0.06535427607161148,0.0,9631.9805794984
1151,1.12875,0.45135835939101426,0.39987451551806363,-0.017153315004879877,0.0,0.0
1152,1.16425,0.6425536213337159,0.5519034754852616,0.048783094946988736,0.0,0.0
1153,1.671,3.1822618838924015,1.9044056755789356,0.25294651528189793,0.0,25637.65642945098
1154,1.073,0.2927326819912263,0.2728170382024476,0.002731736610187996,0.0,0.0
1155,1.21325,0.5655567178455889,0.4661501898583053,-0.0666444713615601,0.0,837.4812518129073
1156,1.1715,0.630624430063527,0.5383051046210218,0.011666716105610875,0.0,0.0
1157,1.07825,0.31646796914359826,0.29350147845453123,0.004468772035439106,0.0,0.0
1158,1.03625,0.2023516099355547,0.19527296495590324,0.00266861214538594,0.0,0.0
1159,1.07925,0.3361512857653982,0.3114674873897597,0.030673788710571304,0.0,0.0
1160,3.102,3.0700899600973863,0.9897130754665978,-0.45462961697294074,0.0,0.0
1161,1.118,0.42085660274019404,0.3764370328624276,-0.004533698426441801,0.0,5197.536732260248
1162,1.047,0.2707569525087638,0.25860262894819847,-0.03211832470867104,0.0,0.0
1163,1.097,0.4445676665059276,0.4052576722934618,-0.011040466333394228,0.0,0.0
1164,1.4045,2.6578460802775266,1.8923788396422403,0.3845851372390289,0.0,0.0
1165,1.45025,1.2692232543636108,0.8751754899938706,-0.03819442231815265,0.0,12200.315655730376
1166,1.10125,0.4254923012518631,0.3863721237247338,-0.030086633042451016,0.0,0.0
1167,1.593,1.0082683924867535,0.6329368439967066,-0.24621324871293987,0.0,102214.32814228587
1168,2.07775,5.016422635854696,2.4143533321403905,0.1689628478909888,0.0,26967.949762724715
1169,11.9695,11.071346504755287,0.9249631567530211,-0.0026161362493712925,0.0,315.93241478159285
1170,1.303,0.9838358517790513,0.7550543758856879,0.05039619885246371,0.0,5236.7445996379165
1171,1.09025,1.2237153702257857,1.122417216441904,0.4690182224327778,0.0,0.0
1172,1.8645,5.685043507302296,3.0490981535544623,0.4843416887550329,0.0,13.265633069704089
1173,1.33125,0.6979578954392246,0.5242876209872109,-0.17241551983837575,0.0,12488.595843900986
1174,1.071,0.2897930209628067,0.2705817189195207,-0.0016515528975142857,0.0,0.0
1175,1.10125,0.33767875893526234,0.3066322442090918,-0.1304745965271214,0.0,0.0
1176,1.806,1.792670470793284,0.992619308301929,-0.01689163915062597,0.0,40826.681448549774
1177,1.40925,1.0879155884451217,0.77198196802918,-0.0033494897854762992,0.0,12447.53127241269
1178,1.05475,0.32292182819806664,0.3061595906120565,-0.058459176702197746,0.0,0.0
1179,1.03975,0.24634347723695527,0.2369256814012554,0.01384502931488052,0.0,0.0
1180,2.2085,1.4990295268541562,0.6787545967191109,-0.35562108361080486,0.0,178646.0597914211
1181,1.06275,0.7109421897730501,0.6689646575140438,0.2842777082857754,0.0,0.0
1182,1.255,0.6245578581120667,0.4976556638343161,-0.09156482836007443,0.0,0.0
1183,1.3255,0.7653078949308643,0.577372987499709,-0.05869025216081415,0.0,4831.6213276578965
1184,1.218,0.6946917655782963,0.5703544873385027,0.022671514272626897,0.0,6338.0929055562165
1185,2.14375,3.8304378341124727,1.7867931587696668,0.05181714739585874,0.0,107818.36599802648
1186,1.40425,0.9085913944565621,0.6470296560132185,-0.08157607030847856,0.0,2346.4987594138097
1187,2.808,3.8605520285953117,1.3748404660239715,-0.07497988003372702,0.0,0.0
1188,1.7025,1.6210029804616852,0.952130972371034,-0.06060829054544756,0.0,53398.6564651769
1189,2.7745,8.516559322618138,3.0695834646307936,0.26863488602672336,0.0,0.0
1190,1.14675,0.8929802858673515,0.7787052852560292,0.20386907068404653,0.0,0.0
1191,1.99775,1.836052207707438,0.9190600464059256,-0.26754624487678286,0.0,100188.04424945712
1192,8.998,10.58503692727087,1.176376631170357,-0.022124202082496325,0.0,13049.461545912549
1193,1.14275,0.39738132250883373,0.34774125793816124,-0.1131741087371087,0.0,4156.0
1194,1.90525,1.8157909328108008,0.9530460216826142,-0.27236542786844076,0.0,0.0
1195,1.14175,0.5368696254666371,0.47021644446388183,0.01748727400231509,0.0,7455.751299665328
1196,1.24775,1.1621994727255736,0.9314361632743527,0.21238384617615264,0.0,0.0
1197,1.116,1.5143042228428971,1.356903425486467,0.5914375773997023,0.0,0.0
1198,1.6975,1.813785049020697,1.0685037107632973,-0.011806286212488415,0.0,68060.50571253723
1199,1.26025,0.6779637499243989,0.5379597301522705,-0.05593103215365619,0.0,16781.943221911926
1200,1.29525,0.7471392050668583,0.5768301139292479,-0.0691249197113928,0.0,3130.8884892776255
1201,1.27575,1.4490468838922805,1.1358392191983386,0.2739449319611239,0.0,536.8534300179406
1202,1.214,0.9876476405912643,0.8135483036171864,0.175481393788753,0.0,0.0
1203,1.49325,1.0226024968024559,0.6848166728963374,-0.13202559407281877,0.0,31029.993047369047
1204,1.10975,0.35176109999240535,0.3169732822639381,-0.04252774534366688,0.0,2077.5
1205,1.0755,0.33215558377507104,0.30883829267789037,0.025480569599997116,0.0,0.0
1206,1.10475,0.7879928113045619,0.7132770412351771,0.23754391600727331,0.0,0.0
1207,1.31425,1.2955371633555746,0.9857615852049265,0.1699234298265259,0.0,379.93497541853054
1208,1.312,0.7139912085323357,0.5442006162594022,-0.08883358141953095,0.0,0.0
1209,7.12575,7.512925392248174,1.0543346864888852,-0.1710075034705978,0.0,0.0
1210,3.3445,9.381195097393714,2.804961906830233,0.03047744954617637,0.0,8143.94558000654
1211,1.3935,0.8901437181487829,0.6387827184418966,-0.09048455815331743,0.0,3063.100092957704
1212,1.14075,0.38597497544584114,0.33835193990430956,-0.1258224112762461,0.0,8311.0
1213,1.39875,1.7621080255402672,1.2597733873388863,0.20608783972165903,0.0,24632.081052394176
1214,1.07725,1.0904493144694327,1.012252786697083,0.5417444957576664,0.0,0.0
1215,1.369,2.1343565469404044,1.559062488634335,0.3130222263061309,0.0,3147.5708256842704
1216,1.09625,0.42840613960949925,0.39079237364606545,-0.02712265332020547,0.0,0.0
1217,1.13375,0.825549102313171,0.7281579733743515,0.20436134996589783,0.0,4156.0
1218,1.1165,0.4049305399516643,0.36267849525451346,-0.02128731096599229,0.0,0.0
1219,1.125,0.43118613193155053,0.3832765617169338,-0.03701002087204969,0.0,4156.0
1220,1.0485,0.2723348886442815,0.2597376143483848,-0.029594659895916586,0.0,0.0
1221,1.07375,0.28693469706554314,0.2672267260214604,-0.03807792033690416,0.0,0.0
1222,1.09075,0.8128220022870016,0.7451955097749269,0.291333258515727,0.0,0.0
1223,1.10425,0.5176378316266913,0.4687686951566143,0.05504766976634623,0.0,0.0
1224,1.35975,1.0320349856244644,0.7589887741308802,-0.002550324309567434,0.0,32504.71514642682
1225,1.31125,1.667653652493877,1.2718045014252637,0.27957941329041136,0.0,6102.24936261055
1226,11.7205,11.138240204301223,0.9503212494604516,0.0,0.0,315.93241478159285
1227,1.08025,0.33516864710993083,0.31026951826885524,-0.02204383126983639,0.0,0.0
1228,1.24025,0.5666658760272789,0.4568964934708961,-0.0995697671824631,0.0,14208.827053784158
1229,1.07625,0.31138429238544785,0.28932338433026517,-0.0025642870114599425,0.0,0.0
1230,7.39575,7.572513960331791,1.0239007484476612,-0.16757649688248,0.0,160602.0
1231,2.612,2.2214161412076994,0.8504655977058573,-0.31499936663858014,0.0,342881.1334176379
1232,1.06,0.866075933091591,0.8170527670675387,0.36999939115058855,0.0,0.0
1233,1.897,2.0356637693257293,1.073096346508028,-0.22272522382836074,0.0,47681.24775199262
1234,1.1315,0.6203256813865978,0.5482330370186459,0.12094495602679256,0.0,0.0
1235,1.377,0.8723882537702633,0.6335426679522609,-0.09923488006355609,0.0,0.0
1236,2.743,5.183789050224681,1.8898246628598911,0.05301803014374962,0.0,0.0
1237,2.74575,3.6770214929022123,1.3391683485030363,-0.09613312143155028,0.0,0.0
1238,1.30725,0.8318776608436199,0.6363569790350888,-0.022466983748384656,0.0,6235.123488689436
1239,1.18925,0.5054684085855609,0.4250312453946276,-0.10581423585031827,0.0,0.0
1240,1.1225,0.3994166163398214,0.3558277205699968,-0.027241715333684913,0.0,0.0
1241,1.5055,1.0925969943432994,0.7257369607062766,-0.10327244137797384,0.0,67397.5283357309
1242,1.073,0.31336169020354393,0.29204258173676045,0.03230642591762911,0.0,0.0
1243,1.03925,0.21028669150270965,0.20234466346183272,-0.05488424986834528,0.0,0.0
1244,1.174,1.0679462192834526,0.9096645820131624,0.24044530762688238,0.0,602.0293134129516
1245,1.3125,1.0840376074581526,0.8259334152062114,0.09251790331454325,0.0,23341.667652853663
1246,1.1665,0.48045338885756256,0.41187602988217964,-0.07747501959333597,0.0,0.0
1247,1.20075,2.0053565272041527,1.6700866351898003,0.4926833423943753,0.0,1351.1093241586452
1248,1.21525,1.1875478958767307,0.977204604712389,0.25553049771406156,0.0,14533.5
1249,1.147,0.4300432935281948,0.3749287650638141,-0.11346062119856426,0.0,8311.0
1250,3.84775,9.779850781470389,2.5417063950283643,0.04855151010207048,0.0,15886.663807215227
1251,1.24025,0.5823355700788375,0.46953079627400723,-0.08772350950548793,0.0,2351.4646890398412
1252,1.0715,0.28706854945817734,0.2679127853086116,-0.0057538602759267254,0.0,0.0
1253,1.0555,0.33977729787765143,0.32191122489592744,-0.03636222100507003,0.0,0.0
1254,1.0695,0.27692764800676306,0.2589318821942619,-0.021373157950593025,0.0,4156.0
1255,1.0775,0.3016894166622878,0.2799901778768333,-0.016300912755865316,0.0,0.0
1256,1.16925,0.5312014507183799,0.454309558022989,-0.03386702817560422,0.0,0.0
1257,1.347,0.9147678394270389,0.6791149513192568,-0.054933856607092636,0.0,7655.312400866515
1258,1.13325,0.5441217277536833,0.48014271145262144,0.06402126317323414,0.0,0.0
1259,1.06775,0.26206317325540834,0.24543495505072194,-0.04533347964008072,0.0,4156.0
1260,1.48775,1.6329472026497553,1.0975951622582796,0.07123970026985596,0.0,22666.05015921583
1261,1.093,0.38650788748325915,0.35362112304049326,-0.0315038314938102,0.0,4156.0
1262,1.36625,2.1663989149195584,1.585653368651095,0.3194936851996857,0.0,5669.328345544441
1263,1.4645,1.3090714904243237,0.8938692321094733,-0.02476907815131281,0.0,18117.87404379078
1264,1.528,1.6077506695858936,1.0521928465876267,0.06448625628216084,0.0,57759.20892627658
1265,1.1905,0.6688210376439266,0.5617984356521853,0.015801671768993386,0.0,649.6415569010484
1266,26.8075,20.79039450986847,0.7755439526202916,0.2710461508678328,0.0,16439.750086377808
1267,1.08675,0.3811308865575867,0.3507070499724745,0.03376692744515819,0.0,0.0
1268,1.83225,2.8957220583232366,1.5804186428288916,0.19136477048887074,0.0,92909.55830253159
1269,1.3825,2.8267811062860377,2.044687961147224,0.41134749043110075,0.0,0.0
1270,1.0505,0.3024444050640359,0.2879051928263074,0.015947612898027264,0.0,0.0
1271,1.0865,0.3339844852820297,0.3073948322890287,-0.023580924827303673,0.0,0.0
1272,1.17425,0.49542739082018245,0.4219096366363061,-0.0931240611121838,0.0,278.2170440536609
1273,1.03375,0.20765769412541007,0.20087805961345595,0.013909975308570965,0.0,0.0
1274,4.16725,10.131260437231477,2.4311621422356415,0.063882761224348,0.0,62707.13304497392
1275,1.1155,0.5222335990560123,0.4681610031878192,0.1290892536437619,0.0,5619.199958949811
1276,1.12975,0.46954238894241856,0.4156161884863187,0.0,0.0,0.0
1277,4.88875,12.025661211317752,2.459864221184915,0.13832824629536367,0.0,0.0
1278,1.3185,3.1275394683011513,2.372043586121465,0.5526763533197019,0.0,0.0
1279,1.09875,0.40316134768609335,0.36692727889519305,-0.0534994512312314,0.0,0.0
1280,1.36575,1.9700119731345729,1.4424396654838534,0.2782241213985,0.0,21211.826630913885
1281,1.12275,0.3901544471400471,0.34749895091520566,-0.037431282010371325,0.0,0.0
1282,1.24575,0.8758131648216522,0.7030408708181033,0.08951464112753701,0.0,0.0
1283,1.07,0.27498891746065246,0.2569989882809836,-0.024424283768908595,0.0,4156.0
1284,1.84625,3.2254785482880473,1.7470432218215557,0.2382020539629649,0.0,0.0
1285,1.248,2.1879654472133576,1.75317744167737,0.4871436313574647,0.0,22119.480190161117
1286,1.15925,0.4598285529134947,0.39666038638213913,-0.09653034544759836,0.0,346.1691289910404
1287,1.12975,0.4283232455759029,0.3791309985181703,-0.039903160556610084,0.0,1760.6629037362554
1288,2.34375,4.279622031053931,1.8259720665830104,-0.030223875286987778,0.0,97442.96484948795
1289,1.0745,0.2827892190936721,0.2631821489936455,-0.044398139414820736,0.0,0.0
1290,1.184,0.7863196389787431,0.6641213167050196,0.10749504768779429,0.0,9407.536858081688
1291,1.24125,0.6443230754492572,0.5190921050950712,-0.04379314267297682,0.0,4344.765083972641
1292,1.2965,1.1157504088028316,0.8605865089107841,0.10504060893138689,0.0,5555.282934556897
1293,1.13725,0.4674045937553095,0.4109954660411602,-0.04268858310906398,0.0,0.0
1294,1.132,0.9153062036070718,0.808574384811901,0.2898916006252147,0.0,0.0
1295,1.81175,1.4721935253029699,0.8125809440060549,-0.10242720053579912,0.0,0.0
1296,1.22475,0.6766475452368971,0.5524780936818918,0.011241873819584913,0.0,685.7777982690076
1297,1.10875,1.5721136481917288,1.417915353498741,0.6077083819728206,0.0,0.0
1298,1.1585,0.4636070349668107,0.4001787095095474,-0.09297626309387047,0.0,129.19290204772776
1299,1.25975,0.5209105244124089,0.413503095385917,-0.17037437337561234,0.0,29068.0
1300,1.09325,0.40508697999977894,0.3705346261145931,-0.011113907862765393,0.0,0.0
1301,1.04825,0.29990735837238386,0.2861028937489949,0.012289179534095473,0.0,0.0
1302,1.23975,1.243043131414449,1.0026562866823545,0.2415893702661676,0.0,0.0
1303,1.0605,0.24870708434512048,0.23451870282425316,-0.1718684230552286,0.0,0.0
1304,1.05425,0.35544130616816705,0.33715087139498895,-0.016788683074762,0.0,0.0
1305,1.1615,0.4805990989103791,0.41377451477432553,-0.0773433284043814,0.0,8310.0
1306,1.11725,0.40316630968908734,0.3608559495986461,-0.02318361011751191,0.0,1462.027540233575
1307,1.08375,0.3718474218362709,0.3431118079227413,0.02305755705215401,0.0,0.0
1308,1.06475,0.41243176707259427,0.38735080260398613,0.15161263380560935,0.0,0.0
1309,1.26575,1.946811356067667,1.5380694102845485,0.40218636555984427,0.0,4457.915753801468
1310,1.11875,0.5428831532010432,0.4852586844255135,0.10603852124290325,0.0,0.0
1311,1.1775,0.641947641317848,0.5451784639642021,0.01939553251096643,0.0,0.0
1312,1.15275,0.5098847253137488,0.4423202995564944,-0.03950079854165589,0.0,0.0
1313,1.155,0.7570457579102419,0.65545087264956,0.1321493297513393,0.0,0.0
1314,1.157,0.6123273113164609,0.5292370884325505,0.04001082999355965,0.0,1477.429411714247
1315,1.40425,1.6206444889734177,1.1540996894950455,0.16974306725744245,0.0,577.6189531753539
1316,1.0475,0.2920018257932074,0.27876069288134353,0.000687624978442769,0.0,0.0
1317,1.5165,1.2060644252482793,0.795294708373412,-0.06036193538696512,0.0,33993.204589983834
1318,2.55025,5.130161262196739,2.0116307272607545,0.048501727155908836,0.0,674.4107154500189
1319,1.6675,4.517360444590025,2.7090617358860722,0.40509534300761696,0.0,562.4832498027007
1320,2.23925,2.2931035777968307,1.0240498281999912,-0.3012056179087958,0.0,0.0
1321,1.13475,0.8454413819316929,0.7450463819622762,0.21470194195490905,0.0,0.0
1322,1.229,0.6294108670096803,0.512132519942783,-0.053962590997427506,0.0,22546.59641207428
1323,1.0555,0.9078137371979791,0.8600793341525145,0.390440171030788,0.0,0.0
1324,1.091,0.36572180425772727,0.3352170524818765,-0.055511338848551806,0.0,0.0
1325,1.14,0.5454121089526232,0.4784316745198449,0.02434321616210422,0.0,0.0
1326,1.058,0.3842823418133565,0.3632158240201857,0.01709384937795405,0.0,0.0
1327,1.3005,0.7052120822988324,0.5422622701259765,-0.09420670130660784,0.0,4156.0
1328,1.50975,1.583992485950892,1.0491753508533812,0.058020674233174696,0.0,53223.22657305103
1329,1.221,0.601456097615894,0.4925930365404537,-0.03991670462993899,0.0,1098.8774968527102
1330,1.10425,0.673420605066278,0.6098443333178881,0.16930806111031071,0.0,603.9439339601848
1331,1.5945,1.1078702966270633,0.6948073356080673,-0.20530048316156724,0.0,16183.310497479304
1332,1.0415,0.2771226249105427,0.2660802927609627,0.06497594594480838,0.0,0.0
1333,1.205,0.6523659980017638,0.5413825709558205,-0.004629319714154506,0.0,0.0
1334,1.265,2.0997326542454937,1.6598677108660032,0.4350264969391365,0.0,0.0
1335,1.85425,3.2643025066947766,1.7604435791801412,0.24339829460806062,0.0,0.0
1336,1.1425,0.5121125997558614,0.44823859934867516,-0.0030160984034550697,0.0,0.0
1337,1.06275,0.6655247315405138,0.6262288699510833,0.2556076196654735,0.0,0.0
1338,1.16525,0.49142935728678316,0.42173727293437735,-0.06766518355122769,0.0,2.333333333333333
1339,1.13375,0.6045265094064476,0.5332097106120817,0.06903379055953587,0.0,0.0
1340,1.18,0.5636305703694253,0.47765302573680113,-0.037109534500522734,0.0,20.461626171140814
1341,1.119,0.3679304869276297,0.32880293737947247,-0.06290206834857232,0.0,4156.0
1342,1.23475,1.1166710240908064,0.9043701349186527,0.19502841911213065,0.0,217.69504142231114
1343,1.35175,1.1103288454490674,0.8214010323277732,0.029206878301061535,0.0,5649.450723453119
1344,1.07525,0.37366073259813026,0.34751056275110925,0.07661647290046347,0.0,0.0
1345,1.0645,0.5323632243597061,0.5001063638888738,0.26246857166845716,0.0,0.0
1346,1.06525,0.27020490404976577,0.2536539817411554,-0.03204624818636492,0.0,0.0
1347,1.1335,0.4101460775763165,0.36184038603997926,-0.05873624269388317,0.0,8310.0
1348,7.264,7.531200684216063,1.0367842351619028,-0.16995235911450846,0.0,0.0
1349,1.11525,0.3788183117647985,0.33967120534839584,-0.010344591764277822,0.0,0.0
1350,1.03775,0.22099128215089542,0.21295233163179517,0.04093708971177146,0.0,0.0
1351,1.09075,0.36612559250532034,0.33566407747450866,-0.05503210499090044,0.0,0.0
1352,1.12975,0.6368016304777688,0.5636659707703198,0.13232936147176838,0.0,0.0
1353,1.57025,1.8701441915863948,1.1909849970300237,0.022085691021557746,0.0,76499.55094019523
1354,1.18875,0.611323864017003,0.5142577194675104,-0.023236904021564836,0.0,0.0
1355,1.05325,0.3419702814841585,0.3246810173122796,-0.033568213390048895,0.0,0.0
1356,6.25275,13.570755645493637,2.1703659422643855,0.19082331229710214,0.0,35356.57604058114
1357,1.04675,0.2803285278398904,0.2678084813373684,-0.01703064567343271,0.0,0.0
1358,1.2045,1.5753730352046815,1.3079062143666929,0.37826277082713256,0.0,0.0
1359,1.313,0.6368927759851146,0.4850668514738116,-0.13846012281505177,0.0,10809.37398871598
1360,1.0825,0.41921078757721075,0.3872616975309106,0.07512523219817152,0.0,0.0
1361,1.9775,5.348377794832659,2.7046158254526724,0.19679080607440824,0.0,2270.0769426530346
1362,1.089,0.39384994534068574,0.3616620251062312,-0.02333140297190578,0.0,0.0
1363,1.08025,0.33665749964617897,0.3116477663931303,-0.020118924052342058,0.0,452.5892279005621
1364,1.12975,0.45438590882479474,0.402200406129493,-0.014249950432996317,0.0,2077.5
1365,1.3495,0.7158755963625013,0.5304746916357921,-0.1614071863691288,0.0,11484.524427846945
1366,1.198,0.6319777282169369,0.5275273190458571,-0.00880648012630239,0.0,229.73123901767406
1367,1.925,3.9456009607834694,2.0496628367706333,0.06468188969183242,0.0,0.0
1368,1.3035,1.011011021612255,0.7756125980914882,0.062229444407031195,0.0,4874.17208884314
1369,1.0605,0.3575915518150315,0.33719146800097266,-0.014169329311402246,0.0,0.0
1370,1.20325,0.5436113646981244,0.45178588381310986,-0.08383210930658128,0.0,4921.176951595723
1371,1.55125,3.044452431908329,1.9625801333816786,0.2337197910869728,0.0,1176.2890317822498
1372,1.2595,0.6121710858572054,0.4860429423241011,-0.10026469223607265,0.0,3760.247652816853
1373,1.12325,0.4290751261329029,0.3819943255133789,0.0038654952682313226,0.0,0.0
1374,1.134,0.48744579273003524,0.4298463780688142,-0.024455233292885237,0.0,0.0
1375,1.07125,0.2927368463574475,0.27326660103378997,0.0027379147669764903,0.0,0.0
1376,3.1955,7.845901432743282,2.455296959080983,-0.04713787054828711,0.0,65447.66112273697
1377,1.06425,0.5715799273971671,0.5370729879231075,0.2933374938235544,0.0,0.0
1378,1.3865,1.540522980277539,1.1110876165002084,0.1477234916831858,0.0,422.3626826948253
1379,1.08375,0.3395066327605723,0.3132702493753839,-0.01645895436836259,0.0,0.0
1380,1.062,0.4033567579309192,0.37980862328711784,0.038132758361872854,0.0,0.0
1381,1.21125,0.5231556751724254,0.4319138701113936,-0.10048969589899923,0.0,6231.0
1382,1.11825,0.42048916785699875,0.3760242949760776,-0.0049130310574533875,0.0,0.0
1383,1.388,0.9647220699082416,0.6950447189540646,-0.05554247549697568,0.0,50554.576201127216
1384,1.37775,0.8489612012809067,0.6161939403236485,-0.11105684664262101,0.0,0.0
1385,1.06025,0.24624194661768845,0.23224894752906244,-0.17619454351534508,0.0,4156.0
1386,1.256,0.750069764197165,0.5971893027047492,-0.012035846208685475,0.0,293.1583476758927
1387,2.022,5.332975356828413,2.6374754484809166,0.19553830587625765,0.0,37953.841561861016
1388,1.04125,0.2570310365275653,0.2468485344802548,0.032289529549745954,0.0,0.0
1389,1.079,0.3313403787823828,0.30708098126263467,0.024413376344651683,0.0,0.0
1390,1.27475,1.120971267091807,0.8793655752828453,0.16245697550513055,0.0,891.3143234000971
1391,1.133,0.6118861014521311,0.5400583419701068,0.11499578339104177,0.0,0.0
1392,1.361,0.9627620306607031,0.7073931158418097,-0.032725790014727266,0.0,2307.05296616126
1393,1.08975,0.3984151367045293,0.3656023277857576,-0.01832636259673398,0.0,0.0
1394,10.4575,10.976329700925799,1.049613167671604,-0.006359435876813535,0.0,0.0
1395,1.07475,0.28316511635577607,0.2634706828153301,-0.04382123728518161,0.0,0.0
1396,1.15075,0.5573168650076951,0.4843075081535478,-0.0008706150118468758,0.0,0.0
1397,1.16075,0.6192780585717995,0.5335154499864738,0.032759412342211774,0.0,0.0
1398,1.09325,0.4032308101715045,0.3688367803992723,-0.013108484106522267,0.0,0.0
1399,1.12175,0.4587805111263417,0.4089864150892282,0.03293711735103033,0.0,893.2709514165444
1400,2.2595,4.067345027643152,1.8001084433030103,-0.05231827523400623,0.0,29044.910274376714
1401,1.3005,0.698442342234745,0.537056779880619,-0.09839588562246555,0.0,12943.257888449263
1402,1.27575,1.4650080203278433,1.1483503980621934,0.2787024969542572,0.0,9166.58874238581
1403,1.03675,0.19211627902436204,0.1853062734741857,-0.019873885418794424,0.0,0.0
1404,1.161,0.46918443442677965,0.40412095988525376,-0.0877826849896467,0.0,1.0
1405,1.1505,0.47106817585841715,0.4094464805375203,-0.0738890350621294,0.0,3445.2431547544334
1406,1.09175,0.4553940968500376,0.41712305642320824,0.039725204169271555,0.0,4156.0
1407,2.6775,4.540115297184415,1.6956546394713032,-0.004562407846117611,0.0,17580.803228010198
1408,1.18675,1.6987041639023301,1.431391753867563,0.4206094978094,0.0,0.0
1409,1.557,1.960283570792624,1.2590132118128607,0.042529498376359304,0.0,39323.52838885813
1410,1.21025,0.5853465598675601,0.48365755824627976,-0.051707566477997596,0.0,8311.0
1411,1.15225,0.4377417525899147,0.37990171628545427,-0.10575482811312059,0.0,2076.5
1412,1.323,0.9243292682529518,0.6986615784224882,0.023300259187979885,0.0,11889.208184952702
1413,1.16675,0.4919399747272869,0.4216327188577561,-0.06721416611660713,0.0,0.0
1414,1.0555,0.35700365950957114,0.3382317948930091,-0.014883911323065546,0.0,0.0
1415,1.034,0.18125179462080734,0.1752918710065835,-0.04515573657286398,0.0,0.0
1416,1.06875,0.29076549596437823,0.2720612827736872,-0.00019660594671966347,0.0,0.0
1417,1.1335,0.5076831546805415,0.4478898585624539,0.03391794818282162,0.0,4157.75
1418,1.041,0.26141171362623605,0.2511159592951355,0.039629005972602216,0.0,0.0
1419,25.57875,20.982632488656865,0.8203150071311877,0.2750433944854158,0.0,1.9216796336048814
1420,1.152,0.6268925335032636,0.5441775464438052,0.05022029679433332,0.0,0.0
1421,1.51925,1.759802165987943,1.158336130319528,0.10373140505503861,0.0,33187.7274001395
1422,1.09975,1.2474730396871057,1.1343242006702483,0.43705282892880254,0.0,0.0
1423,1.76175,5.651014991141637,3.2076145827396836,0.4817343554942811,0.0,0.0
1424,1.11525,0.3660613851998509,0.32823258031818053,-0.025221637262624774,0.0,4156.0
1425,1.05625,0.41246632543445816,0.39050066313321485,0.047831918427236164,0.0,0.0
1426,1.045,0.3201571882002481,0.30637051502416085,0.04066531510974708,0.0,0.0
1427,1.58075,1.7168914836388607,1.0861246140369196,-0.015046555329869982,0.0,73735.83310486474
1428,1.0335,0.19464640198434535,0.18833710883826352,-0.014191671652570181,0.0,0.0
1429,1.35475,2.1354255894579954,1.576250665774494,0.31323969842118493,0.0,3036.6639462271023
1430,1.04575,0.39331362982084767,0.3761067461829765,0.13004105465281468,0.0,0.0
1431,1.0715,0.300683143172588,0.2806188923682576,0.014369606351484543,0.0,4156.0
1432,1.21975,0.7163017587249023,0.5872529278334924,0.03597538068704467,0.0,0.0
1433,2.23325,1.426132147006434,0.6385904609902313,-0.5074695202482676,0.0,80191.47013442294
1434,1.158,0.6404205919812841,0.5530402348715753,0.04733900710576164,0.0,0.0
1435,1.85225,1.4847461248522644,0.8015905654486514,-0.09873990345792763,0.0,0.0
1436,1.816,1.4519542151048326,0.7995342594189606,-0.10843918206586814,0.0,0.0
1437,1.0585,0.41063354097813787,0.387939103427622,0.04589784086536014,0.0,0.0
1438,2.2415,4.55668394692325,2.03287260625619,-0.0029803830222102645,0.0,11.944444444444445
1439,1.222,0.5960745139716608,0.4877860179800825,-0.04382008345211921,0.0,0.0
1440,1.181,0.612644132599262,0.5187503239621185,-0.0008957964224923509,0.0,8310.0
1441,1.389,0.730966878965481,0.5262540525309438,-0.17604699050141154,0.0,28461.2475533248
1442,1.3825,1.177939147476978,0.8520355497120998,0.031178165836427713,0.0,7137.708953859987
1443,1.13575,0.38582269540304653,0.33970741395821835,-0.12599378879044654,0.0,8310.0
1444,1.13225,0.6195610554863571,0.5471945731829164,0.1204093057267839,0.0,0.0
1445,1.283,0.7018077610951473,0.5470052697545965,-0.04091933868266487,0.0,23412.63066321612
1446,1.4515,1.1575762375266787,0.7975034361189657,-0.07818283974513424,0.0,34775.38340109989
1447,1.162,0.6060922676946471,0.5215940341606258,0.02341246287253196,0.0,1456.9071726075276
1448,1.03975,0.22401447078432274,0.21545032054274849,-0.027419964460531854,0.0,0.0
1449,1.0485,0.31807710269809614,0.30336395107114555,0.03783446485029035,0.0,0.0
1450,1.12175,0.539907225783387,0.48130797930321995,0.10365129628171088,0.0,0.0
1451,1.78275,3.6722505079921173,2.0598796847522745,0.294540195667789,0.0,0.0
1452,1.08575,0.3555679184574433,0.3274859944346703,0.0036153516763568483,0.0,0.0
1453,1.996,1.2735342446782072,0.6380432087566168,-0.4264206435667868,0.0,99144.86485822337
1454,1.0635,0.28980812132650235,0.27250411032111177,-0.10544602765647298,0.0,0.0
1455,1.45225,2.827228013807962,1.9467915398918658,0.3096283925796337,0.0,0.0
1456,1.198,0.9787928835444296,0.8170224403542818,0.1811825495595855,0.0,0.0
1457,1.0885,0.39205379292150205,0.36017803667570236,-0.02531653271364004,0.0,0.0
1458,1.08375,0.5677292634955127,0.5238562984964361,0.20683406277961916,0.0,0.0
1459,1.0565,0.6722504966026769,0.6362995708496705,0.2599745524693974,0.0,0.0
1460,1.04575,0.25917895542025243,0.2478402633710279,-0.051098206804408575,0.0,0.0
1461,1.39575,1.1956125249542415,0.856609367690662,0.03764576648502943,0.0,3310.4622974421172
1462,1.17075,1.2275875448598659,1.0485479776723177,0.3009483984419967,0.0,0.0
1463,1.0315,0.20004438117230297,0.19393541558148614,-0.002311694435048306,0.0,0.0
1464,2.15425,3.034676136313903,1.4086926477028676,-0.049318921436943775,0.0,64245.39794266505
1465,1.123,0.44879990568051,0.3996437272310864,0.023384913420710418,0.0,248.14717407261793
1466,1.1495,1.0986134387817985,0.9557315691881675,0.29387210673730024,0.0,1965.4137699983712
1467,1.24675,0.9327818383681671,0.7481707145523698,0.11688325371866454,0.0,275.8554219958252
1468,1.83125,1.481661995215851,0.8090987004591678,-0.09964296258598271,0.0,0.0
1469,1.08575,0.34918106958258593,0.32160356397198797,-0.0042565267116218,0.0,0.0
1470,1.1715,0.6772757382384236,0.5781269639252442,0.042661443362672496,0.0,0.0
1471,1.11675,0.6026692625810736,0.5396635438379884,0.15141119853069773,0.0,0.0
1472,1.66725,2.1045509547597785,1.262288771785742,0.07337004350367352,0.0,67052.08394495294
1473,1.214,0.5641662617462366,0.4647168548156809,-0.06771352585918469,0.0,7315.939856070897
1474,3.111,3.065701980323273,0.9854394022254171,-0.45525078397012037,0.0,0.0
1475,1.326,1.9079135288341493,1.4388488151087098,0.33803224185468767,0.0,1321.0727953603869
1476,1.1715,0.45347454150144695,0.3870888105005949,-0.13155116460626798,0.0,49740.0
1477,1.04025,0.26295859808357,0.2527840404552464,0.04219133765973093,0.0,0.0
1478,1.0365,0.20779447691447203,0.20047706407570867,0.014195948119865687,0.0,0.0
1479,1.10525,0.35454740651408867,0.32078480571281487,-0.10930402662883226,0.0,0.0
1480,1.098,0.41585963354081645,0.37874283564737377,-0.04003157299484894,0.0,0.0
1481,1.0805,0.3194452399321812,0.29564575653140324,-0.04291079657328711,0.0,861.3367667179945
1482,3.14475,8.698949095513871,2.7661814438393737,-0.0023139289312223976,0.0,28348.9423566516
1483,1.52475,1.5582023091078474,1.0219395370440054,0.05089140075168422,0.0,43336.43623096126
1484,1.11425,0.3615655126045296,0.32449227067940734,-0.030588556802644107,0.0,2077.5
1485,9.8255,10.94447326844837,1.1138846133477553,-0.0076217146899593136,0.0,0.0
1486,1.05225,0.8289702862189084,0.7878073520730896,0.35098238464205533,0.0,0.0
1487,1.101,0.4580954735267708,0.4160721830397555,0.0019776609816887225,0.0,0.0
1488,1.32925,0.799690135976676,0.6016100327076742,-0.11332300516932614,0.0,8922.78767941927
1489,1.14825,0.4072019042781012,0.3546282641220128,-0.13716300017509425,0.0,8310.0
1490,1.0545,0.981718234868421,0.9309798339197923,0.42443027860051835,0.0,0.0
1491,1.05575,0.4378240056974849,0.4147042440894956,0.07374299081333907,0.0,0.0
1492,4.43075,11.463466194908085,2.587251863659219,0.11753523622567741,0.0,0.0
1493,2.42525,6.501729043695947,2.6808490026578484,0.15139957668891946,0.0,58364.896278370376
1494,1.0575,0.36909051322370495,0.34902176191366896,-0.00042369662900831884,0.0,0.0
1495,1.26875,1.6152943172786989,1.2731383781506986,0.3211141598667774,0.0,0.0
1496,1.08225,0.3457091497256776,0.3194355737820999,-0.008596343680551954,0.0,0.0
1497,1.0915,0.40332172902569496,0.36951143291405864,-0.01301057217909235,0.0,0.0
1498,3.16625,5.048760583881784,1.5945552574439115,-0.2385959417742345,0.0,15530.727803273285
1499,1.077,0.3042928663921228,0.2825374804012282,-0.01256921683083645,0.0,0.0
1500,1.0645,0.2643051537590137,0.2482904215678851,-0.04163384347469856,0.0,573.490141339575
1501,1.11825,0.40100765489554085,0.35860286599198826,-0.025515180544256832,0.0,0.0
1502,1.21325,2.3549226850818643,1.941003655538318,0.5528560165040002,0.0,630.7152578391957
1503,1.078,0.5911881052964115,0.5484119715180069,0.2758646994279001,0.0,0.0
1504,1.152,0.9209278077063108,0.7994164997450615,0.21725278634201547,0.0,8311.0
1505,1.19525,0.5373077445962423,0.44953586663563466,-0.0792851531235533,0.0,7393.513585621255
1506,7.31675,7.464304950871173,1.0201667339831446,-0.1738272055235559,0.0,0.0
1507,1.26675,0.6947770263034535,0.5484720949701626,-0.04529205582294557,0.0,1189.9576955204702
1508,1.0395,0.203593007070803,0.19585666865878112,-0.0689331811051993,0.0,0.0
1509,1.43075,0.8014767799239035,0.5601794722515488,-0.1360537448121716,0.0,1852.5209803292896
1510,1.2175,0.610562811458972,0.5014889621839606,-0.03339028830090837,0.0,1591.1837817460475
1511,1.10775,0.3386275308523552,0.30568948846974064,-0.059053292133617874,0.0,0.0
1512,2.24575,1.6379950227102662,0.7293754971436117,-0.4473167120846284,0.0,83413.95381593284
1513,7.041,14.19847591044704,2.0165425238527255,0.10542514941292014,0.0,57414.515356134594
1514,1.083,0.3466136685977844,0.3200495554919524,-0.007461532670290261,0.0,0.0
1515,1.094,0.8011394735712555,0.7323029922954802,0.2850459382227274,0.0,0.0
1516,1.0595,0.36945077272671545,0.34870294735886304,0.0,0.0,0.0
1517,1.902,6.165216823001333,3.241438918507536,0.25851708381887495,0.0,0.0
1518,1.1705,0.5486392268607054,0.46872210752730065,-0.0488172192092991,0.0,495.7020497899477
1519,1.07575,0.2975467543391365,0.27659470540472836,-0.022305770730612684,0.0,0.0
1520,1.454,2.384807293358651,1.6401700779633088,0.23572084836674637,0.0,4944.797308367053
1521,1.0365,0.21137388611163038,0.2039304255780322,0.021613280087811604,0.0,0.0
1522,1.13875,0.6656644911693134,0.5845571821464882,0.11087383128188488,0.0,0.0
1523,1.30425,1.4403821064749323,1.1043757764806843,0.21595127189193208,0.0,30506.363703646737
1524,3.43425,6.186699099595619,1.801470218998506,-0.1503217244800189,0.0,352746.5249168828
1525,1.1585,0.4979354726605983,0.42981050725990355,-0.061953214313805016,0.0,4156.0
1526,1.03875,0.2525160957140132,0.24309612102432074,0.024593027791537492,0.0,0.0
1527,1.3485,0.7814732401728652,0.5795129700948203,-0.12333063312773443,0.0,11565.190535593047
1528,1.484,1.2239765233175055,0.8247820237988581,-0.05395935501204363,0.0,20990.97155631246
1529,1.07475,0.2813933777796922,0.2618221705323956,-0.04654711536881251,0.0,0.0
1530,1.11975,0.39490369045019413,0.35267130203187685,-0.03217665123621405,0.0,0.5
1531,5.10575,10.230016140997105,2.0036265271501943,0.06809560056688335,0.0,41778.115792064746
1532,1.33,2.357538864446214,1.7725856123655743,0.35621411660882085,0.0,530.3323881627737
1533,1.2275,0.6311444651060156,0.5141706436708885,-0.05276804992087619,0.0,7.863146997929606
1534,1.177,1.0049494917010593,0.8538228476644514,0.2140401598889522,0.0,269.83031304867075
1535,11.72025,11.128272532153742,0.9494910545554696,-0.000388826517332852,0.0,315.93241478159285
1536,1.23875,1.0972918708632018,0.885805748426399,0.18742533390732882,0.0,3373.128252762322
1537,1.79975,1.1802534418703305,0.6557874381832647,-0.1984168283111498,0.0,66610.9292508635
1538,1.08825,0.3701299589963459,0.3401148256341336,-0.050307953396834915,0.0,499.63183495147683
1539,1.1925,1.2901007092316437,1.0818454584751729,0.3011153604557286,0.0,0.0
1540,1.1415,1.3658126192958373,1.1965068938202692,0.4230095614954133,0.0,4156.0
1541,1.7895,1.4063015932020986,0.7858628629237767,-0.12231363513552918,0.0,0.0
1542,1.07875,0.29676666779437755,0.2751023571674415,-0.023445867735801706,0.0,0.0
1543,1.29025,2.148408446318589,1.6651102083461262,0.38959040540186257,0.0,692.1732197979766
1544,1.269,1.6936221801282172,1.3346116470671532,0.3416790273556294,0.0,5774.619125615786
1545,2.1195,6.4674706643477355,3.051413382565575,0.2793031965088548,0.0,0.0
1546,6.3205,11.848433486922374,1.874603826741931,0.1318802165277284,0.0,64513.658229492445
1547,1.10675,0.34768471157740916,0.3141492763292606,-0.11779274525350786,0.0,4156.0
1548,1.06975,0.4294543575996352,0.4014530101422156,0.1691775386944504,0.0,0.0
1549,1.17175,0.5170287875851769,0.44124496486893694,-0.07458935017663659,0.0,2810.9306339293926
1550,1.92825,1.7348931958769898,0.8997242037479527,-0.29215852722207913,0.0,0.0
1551,1.194,1.1400390003111989,0.9548065329239522,0.24741145511304222,0.0,0.0
1552,1.10175,0.48368939037008984,0.4390191879919127,0.02558822180882564,0.0,0.0
1553,26.87,20.530635078929876,0.7640727606598391,0.2655858041779544,0.0,99624.51414668447
1554,3.4375,9.346118511596575,2.7188708397371855,0.028850565329047284,0.0,7391.794948365579
1555,1.72275,1.8758363809330518,1.0888616345569884,0.002802850623658537,0.0,65606.03794424751
1556,1.3145,0.7278201567318237,0.5536859313288883,-0.08050236664873607,0.0,21971.422034662435
1557,1.0805,0.3139178014967041,0.29053012632735226,-0.05049127349133925,0.0,0.0
1558,1.04125,0.21693363628224566,0.20833962668162848,-0.04136914201715003,0.0,0.0
1559,11.93725,11.234872853286207,0.9411608916028572,0.003751582275165699,0.0,259.7199397490009
1560,1.156,0.5854482790322776,0.5064431479517972,0.020515733213665732,0.0,0.0
1561,5.4645,12.128582579132843,2.219522843651357,0.14202933112490057,0.0,104395.81596748548
1562,1.081,0.5162418293848355,0.4775595091441587,0.1655459734450555,0.0,0.0
1563,1.30125,0.7194635810526585,0.5529018874564138,-0.0855176306806441,0.0,0.0
1564,1.03825,0.19823410829224772,0.1909309976327934,-0.08051765648173381,0.0,0.0
1565,1.07725,0.5194707883750478,0.4822193440473871,0.21970014266827226,0.0,0.0
1566,1.57475,1.5636571534141863,0.9929558046764161,-0.05564786571771735,0.0,9051.434657111495
1567,1.081,0.33461469147055845,0.30954180524566,-0.02276221262809447,0.0,1170.9241666098465
1568,1.103,0.5248427049757305,0.47583200813756166,0.061050825605033554,0.0,0.0
1569,1.04275,0.24887330507809619,0.23867015591282298,0.018282277277709924,0.0,0.0
1570,1.23,0.685359343233416,0.5572027180759479,-0.01697849017602318,0.0,50.294128657172145
1571,1.538,2.3890338781017064,1.553338022172761,0.1284329066643183,0.0,561.3573106519899
1572,1.622,1.754247800721604,1.081533785894947,-0.005698460984410847,0.0,4070.120516395997
1573,1.0645,0.43804990803615357,0.4115076637258371,0.17778411837807084,0.0,0.0
1574,1.097,0.4051321179667839,0.36930913214839006,-0.05138166507952663,0.0,0.0
1575,1.174,0.7313396710343335,0.622946908887848,0.07601505710343778,0.0,1433.8072344283676
1576,1.12725,0.47551442248526793,0.4218358150235244,0.005488888511876122,0.0,0.0
1577,1.191,0.6161281550747937,0.5173200294498688,-0.019837198422946234,0.0,4156.0
1578,1.03225,0.1822587228653683,0.17656451718611607,-0.04274972916606068,0.0,0.0
1579,2.08075,6.711034863173762,3.2252961014892523,0.2953582239619834,0.0,0.0
1580,1.045,0.2710966125633735,0.2594225957544244,-0.03157385101219756,0.0,0.0
1581,1.1955,1.732203764708592,1.4489366496935105,0.429090724614556,0.0,0.0
1582,1.05025,0.39656557284185784,0.3775915951838685,0.13361706699549492,0.0,0.0
1583,1.04575,0.2493441008328752,0.2384356689771697,-0.06789884416582692,0.0,0.0
1584,1.07175,0.31004188264208443,0.28928563810784647,0.027680890239196287,0.0,0.0
1585,1.319,1.9880208894184663,1.50721826339535,0.3558944977941184,0.0,1757.3213443182744
1586,1.054,0.3407536181129472,0.32329565285858364,-0.035116103388082964,0.0,0.0
1587,1.228,0.5929619726215534,0.4828680558807438,-0.07986998547340665,0.0,13497.320930328235
1588,1.17675,0.6181463934546049,0.5252996757634203,0.0029872647421270992,0.0,20760.0
1589,1.25675,0.7479768076793603,0.5951675414198212,-0.013249373311282953,0.0,88.95533762235988
1590,1.11675,1.2761373629599149,1.1427243008371748,0.47722958064439047,0.0,0.0
1591,1.4895,1.5170580464435333,1.018501541754638,0.03926975545521347,0.0,16599.890656906435
1592,5.2775,12.741353117695837,2.4142781843099645,0.16343483366619238,0.0,0.2
1593,3.017,7.628811223917691,2.5286082943048362,-0.059323850032954484,0.0,83754.68030737487
1594,1.28375,0.6548611671851308,0.5101158069601798,-0.07098826749988699,0.0,8249.315795331568
1595,1.1755,0.4524941300552236,0.3849375840537844,-0.13249112524876983,0.0,16615.0
1596,2.0055,2.010467668245691,1.002477022311489,-0.22813417767981237,0.0,70921.27991592714
1597,1.561,1.082853703431705,0.693692314818517,-0.2152196155284953,0.0,14895.244038797537
1598,1.03875,0.2515238628110479,0.2421409028265202,0.022883156088419287,0.0,0.0
1599,1.9405,1.6213009912493288,0.8355068236275851,-0.3215676227522883,0.0,0.0
1600,2.03675,3.3986448967615863,1.6686608060692703,-0.0001254807499428967,0.0,85454.714726603
1601,1.25,1.9929859503392295,1.5943887602713835,0.4466074092361393,0.0,1667.8106014359298
1602,1.11575,1.2380368012625151,1.1096005388864127,0.5039579984564023,0.0,0.0
1603,1.2025,1.5351165739851587,1.2766042195302776,0.3670207238159166,0.0,0.0
1604,1.0455,0.26447539925142816,0.2529654703504812,-0.04231266056795335,0.0,0.0
1605,1.0335,0.1959268915608809,0.18957609246335838,-0.011344003576583717,0.0,0.0
1606,1.46575,0.9359732629660139,0.6385626900672106,-0.17046899999588555,0.0,25074.545892534792
1607,2.093,4.610115431426069,2.202635179850009,0.1322805287293809,0.0,28137.6246864783
1608,4.818,11.721506918101776,2.432857392715188,0.1272027298344085,0.0,19615.354554996346
1609,1.073,0.8679627525619743,0.8089121645498363,0.47476161330412864,0.0,0.0
1610,1.0755,0.49584394248979785,0.4610357438305885,0.19948402397207898,0.0,0.0
1611,1.212,0.6270201660011766,0.5173433712880995,-0.021839128108467276,0.0,220.02132878290536
1612,1.08775,0.3815577729302876,0.3507770838246726,-0.037101887264602396,0.0,0.0
1613,1.27,0.6322182573931612,0.4978096514906781,-0.0862704719552557,0.0,20361.78570499013
1614,1.88525,3.2294256044897107,1.7129959445642278,0.23873318034415436,0.0,120267.16661951455
1615,1.18075,0.4584015384928623,0.3882291242793668,-0.1268580084290294,0.0,2079.5
1616,11.70325,11.096191725326365,0.9481290859655536,-0.0016426274545013886,0.0,9340.8455507041
1617,1.14675,0.6912553044816319,0.6027951205420814,0.09266567648349053,0.0,0.0
1618,1.058,0.8150472842227497,0.7703660531405951,0.34362622542135146,0.0,0.0
1619,1.05375,0.3440792570524754,0.3265283578196682,-0.03089808744288214,0.0,0.0
1620,1.1555,0.5673625164357124,0.49101039933856555,0.006887839676186364,0.0,0.0
1621,1.3095,1.7487064486530866,1.3354001135189664,0.3001904658734379,0.0,577.7917140788209
1622,1.452,1.2894229922384772,0.8880323638006041,-0.03133703281497663,0.0,15784.007610018525
1623,2.39,7.329756567092335,3.066843751921479,0.2034602614250044,0.0,0.0
1624,1.07425,0.2841779843367452,0.26453617345752406,-0.042270558544813874,0.0,4156.0
1625,1.10925,0.3692540109885846,0.3328861942651202,-0.021450334545570438,0.0,0.0
1626,1.0775,0.3201864766740801,0.29715682289937834,0.009541997161389981,0.0,0.0
1627,1.36675,1.3609582981753492,0.9957624277851467,0.11760007368505543,0.0,9014.660890112576
1628,1.07025,0.27718972931281044,0.2589953088650413,-0.02096234075491421,0.0,0.0
1629,1.50775,1.5252939283600302,1.0116358337655647,0.041621098650771904,0.0,34549.63982340581
1630,1.1245,0.4219529133271464,0.375236027858734,-0.003403853786991151,0.0,856.8508965959562
1631,1.08175,0.3257199116805976,0.3011046098272222,-0.03446290928687795,0.0,0.0
1632,1.13925,0.4742527452915841,0.4162850518249586,-0.03637170597363493,0.0,0.0
1633,1.0645,0.28435886655992954,0.2671290432690743,-0.00987270063293777,0.0,4156.0
1634,1.033,0.19601174748286856,0.18974999756328034,-0.011155951388915897,0.0,0.0
1635,1.5075,2.5500136063064622,1.6915513142994774,0.26481005489415466,0.0,39610.179439933665
1636,1.32475,0.7703478412049406,0.5815043149310742,-0.05583957584944112,0.0,4156.0
1637,1.09475,0.4368296493321326,0.3990222875835877,0.021649915452571278,0.0,0.0
1638,1.10325,0.3249859096335795,0.2945714114059184,-0.14711380777671745,0.0,8310.0
1639,1.039,0.21328472189340775,0.2052788468656475,-0.04873629107012378,0.0,0.0
1640,1.18825,1.0249754051416484,0.8625923880847031,0.20120519084705932,0.0,22590.556383217267
1641,2.85575,4.285094216655149,1.5005144766366625,-0.029668914616906128,0.0,0.0
1642,1.044,0.25510834966248536,0.2443566567648327,-0.057973268738476746,0.0,0.0
1643,1.4585,1.2538623499803214,0.8596930750636418,-0.043482580931754944,0.0,30065.86723007796
1644,1.30775,0.7603844314693097,0.5814447956179007,-0.06149322940412842,0.0,3325.395203366637
1645,1.04575,0.22949968415284705,0.2194594158764973,-0.10391584980245006,0.0,0.0
1646,1.0375,0.2123794393451592,0.2047030740676233,0.02367441808505588,0.0,0.0
1647,1.18775,0.712479364059797,0.5998563368215507,0.04326403661692496,0.0,0.0
1648,1.101,0.4205273009005488,0.38195031871076185,-0.0351841437977225,0.0,0.0
1649,1.0715,0.2931027589546484,0.2735443387350895,0.0032804313228643744,0.0,0.0
1650,1.18075,1.06834675021487,0.904803514897201,0.24060815830126833,0.0,0.0
1651,1.091,0.42516372263842306,0.38970093734044275,0.009894008477803584,0.0,0.0
1652,1.06375,0.39461990410669767,0.3709705326502446,0.028622407461968702,0.0,0.0
1653,1.5845,2.6557716450699766,1.6760944430861322,0.17440132803503036,0.0,13998.780737071269
1654,1.15325,0.5213754842710767,0.4520923340742048,-0.029822194243589784,0.0,8657.062054569451
1655,1.2975,1.105124008773989,0.8517333400955599,0.10088456833971804,0.0,4324.577793949319
1656,1.6635,4.483558109730579,2.6952558519570657,0.40183340114475763,0.0,525.981301875438
1657,1.352,2.502431126002292,1.8509105961555412,0.38211738901959724,0.0,0.0
1658,1.086,0.9735712404544723,0.8964744387241917,0.4410605185923462,0.0,0.0
1659,1.284,0.7412701061978594,0.5773131668207627,-0.017161019001166067,0.0,8498.904733657298
1660,1.744,2.593867004398862,1.487309062155311,0.1435556007832357,0.0,51969.74313546942
1661,1.677,3.097268032850375,1.84690997784757,0.2411893884489035,0.0,13624.180370001772
1662,1.35375,1.1924623386536266,0.8808586065770095,0.06019992739482938,0.0,16175.089561910172
1663,1.227,0.5301332476982354,0.4320564365918789,-0.09473559460977324,0.0,12464.0
1664,1.1235,0.6718337518668862,0.5979828677052837,0.1985939747663886,0.0,0.0
1665,1.3435,0.7763107719229787,0.577827146946765,-0.12620913189811334,0.0,2148.8775008965285
1666,1.129,0.46412590232964085,0.4110946876258998,-0.005038998666307415,0.0,2525.549709049742
1667,1.30675,0.8534263422407394,0.653090753580057,-0.011360401844852694,0.0,4631.446542977458
1668,1.073,0.2952842667660265,0.2751950296048709,0.006500832536707524,0.0,0.0
1669,1.35825,2.1768306285506798,1.6026730193636516,0.32157989516543034,0.0,4993.835986921739
1670,1.132,0.6294243749339076,0.556028599764936,0.1272687520501341,0.0,0.0
1671,1.16375,0.49598128680345877,0.4261922980051203,-0.06366098957746913,0.0,0.0
1672,1.09,0.35274793801940824,0.3236219614856956,-0.07119770873033365,0.0,0.0
1673,1.08325,0.3568631044515946,0.32943743775822254,0.005194431564517155,0.0,0.0
1674,2.08075,1.8602673426544198,0.8940369302676534,-0.26185590896614835,0.0,103163.192703242
1675,1.14925,0.4236972000489646,0.36867278664256214,-0.11991720645638088,0.0,12462.0
1676,1.2855,0.8072500623510608,0.6279658205764767,-0.03551835846994374,0.0,14395.092188422497
1677,2.47675,2.151770658490743,0.8687879917192864,-0.3288333086571671,0.0,235252.2395237773
1678,1.04275,0.25087481348874136,0.24058960775712426,0.021761024565079445,0.0,0.0
1679,1.25575,0.6453263120408566,0.5138971228674948,-0.07735813227069319,0.0,0.0
1680,1.64825,1.1224245617074586,0.6809795611754641,-0.19963224004529034,0.0,62882.19851913623
1681,1.07475,0.3077110804427699,0.28630944912097683,-0.007717852898455058,0.0,0.0
1682,1.842,3.1066781072739986,1.6865787770217147,0.22190415305230077,0.0,34190.3163742032
1683,1.10525,0.3510031884606996,0.31757809406080034,-0.11366727797147058,0.0,0.0
1684,1.078,0.32471889472303195,0.30122346449260845,0.015646572019202776,0.0,0.0
1685,1.2295,0.9785546189587842,0.7958963960624515,0.13768824333799062,0.0,0.0
1686,1.15575,1.5912652100583942,1.3768247545389523,0.45476976738669955,0.0,0.0
1687,1.10575,0.4484609423396881,0.40557173171122596,-0.007253714359979568,0.0,0.0
1688,1.10575,0.7692300476558065,0.6956636198560312,0.22707790078252002,0.0,0.0
1689,1.37275,1.297392864386551,0.9451049822520861,0.09682676071586085,0.0,37173.261756994885
1690,1.1205,0.41955185131159267,0.374432709782769,-0.00588220176010551,0.0,0.0
1691,1.0315,0.21568351778696773,0.20909696343865022,0.03037890633446505,0.0,0.0
1692,1.6385,1.2917952367668157,0.7884011210050752,-0.138595722878897,0.0,37102.18277134924
1693,1.19375,0.4767260790418431,0.3993516892497115,-0.13123934310943933,0.0,4314.955489191696
1694,1.11675,0.3970627811984564,0.35555207629143176,-0.029808663311103323,0.0,0.0
1695,1.07325,0.2745965919709866,0.2558551986685177,-0.02504433222830238,0.0,0.0
1696,1.114,1.1695494694498272,1.0498648738328789,0.4792430402245825,0.0,0.0
1697,1.40775,1.3309518382341732,0.945446164613158,0.08421765092521527,0.0,24871.45219487424
1698,1.0595,1.038619002501923,0.980291649364722,0.4488996849070817,0.0,0.0
1699,1.0755,0.2903804921263684,0.2699958085786782,-0.032893551105612207,0.0,0.0
1700,1.1375,1.209321861557629,1.063140098072641,0.3701603443890573,0.0,0.0
1701,1.8805,5.9382266194416955,3.157791342431106,0.5032646635646277,0.0,0.0
1702,1.13275,0.4485284070524221,0.3959641642484415,-0.01988485142065316,0.0,2077.5
1703,1.12875,0.45024895172518986,0.39889165158377843,-0.018222094870956607,0.0,333.2520149226875
1704,1.11225,0.5046916047488565,0.45375734299739856,0.11425052451775136,0.0,0.0
1705,1.2235,0.552832846382168,0.45184539957676173,-0.07652679819271327,0.0,16607.0
1706,1.117,0.36172325184833215,0.3238346032661881,-0.07029141711473536,0.0,0.0
1707,4.75425,11.7123076921403,2.4635447635568806,0.12686175476530237,0.0,0.0
1708,1.4805,0.9668782050319685,0.6530754508827886,-0.15636067218891844,0.0,30397.923062663773
1709,1.68,2.462542594353903,1.4657991633058947,0.14159434946692254,0.0,45046.854604836735
1710,1.25125,0.9065477895421074,0.7245137179157701,0.10449387539494986,0.0,16876.908758771777
1711,1.23175,0.5546339713816245,0.4502812838495024,-0.10889036125964752,0.0,5047.891991182065
1712,1.082,0.3410353006201371,0.31518974179310266,-0.014507882435544295,0.0,0.0
1713,1.107,0.4572781164881551,0.41307869601459357,0.07140486223141868,0.0,0.0
1714,1.54175,1.5012729240874725,0.9737460185422231,-0.0733297496790167,0.0,41491.307885985116
1715,1.06475,0.43313316495582066,0.40679329885496185,0.17288196376402148,0.0,0.0
1716,1.033,0.1934434157286626,0.18726371319328425,-0.016884099756264703,0.0,0.0
1717,1.05325,0.3456071448547377,0.3281340088817828,-0.028973867028593003,0.0,0.0
1718,1.19675,0.6189791767946046,0.5172167760974343,-0.017832214454492096,0.0,7357.395853814237
1719,1.10825,0.4853770031725877,0.43796706805557206,0.09730363987049434,0.0,0.0
1720,1.32825,0.782722876422632,0.5892888209468339,-0.04891841869479491,0.0,1.6666666666666667
1721,1.06625,0.27636937693624275,0.2591975399167576,-0.02224955567796494,0.0,0.0
1722,3.18775,5.823699752494269,1.826899773349312,-0.17658174204584787,0.0,25555.64291078681
1723,1.04375,0.306364819048447,0.2935231799266558,0.02154095027660874,0.0,0.0
1724,1.33075,1.18794243939251,0.8926864094627165,0.058550653552768644,0.0,13484.71490910273
1725,1.09675,0.4224145428503887,0.3851511674040472,-0.03323947788660192,0.0,16612.0
1726,1.10725,0.34464058348219195,0.311258147195477,-0.05140913915381673,0.0,0.0
1727,1.039,0.19997249123144994,0.19246630532382095,-0.07672578103353722,0.0,0.0
1728,1.18275,0.6188280654136784,0.5232112157376271,0.0034659268489152795,0.0,8311.0
1729,1.222,0.5091962492055998,0.41669087496366597,-0.11223544085609302,0.0,38953.78265012875
1730,3.69275,10.234526555779473,2.771518937317574,0.06828703883274834,0.0,0.0
1731,1.151,0.9924440721315622,0.8622450670126517,0.24973324155065085,0.0,5344.4366320674735
1732,1.59175,0.958807470476404,0.6023605908442934,-0.2680579925684369,0.0,52999.007540598584
1733,3.29975,8.322963286412282,2.5223011702135865,-0.021502739466738974,0.0,15462.911919292193
1734,1.068,0.3064302120691058,0.28691967422200915,0.022592106627313036,0.0,4156.0
1735,2.01575,5.966062387588916,2.9597233722380825,0.244256519523943,0.0,27936.16737158799
1736,1.51175,1.1393798682270238,0.7536827307603928,-0.08506390123238028,0.0,18816.08513656125
1737,1.03525,0.20740827381763727,0.20034607468499133,0.013388025138020732,0.0,0.0
1738,1.07275,0.2957690100852889,0.27571103247288636,0.007213192671201685,0.0,0.0
1739,1.185,0.8490908307181879,0.7165323465976269,0.11944589745500399,0.0,4156.0
1740,1.15075,0.7779304155468265,0.6760203480745831,0.1439679513947257,0.0,0.0
1741,1.14025,0.4214550315109507,0.36961633984735864,-0.08763031653055242,0.0,0.0
1742,1.03975,0.23703160864296977,0.22796980874534242,-0.002889774140346968,0.0,0.0
1743,1.145,0.6209439530651798,0.5423091293145675,0.08067084262433996,0.0,0.0
1744,1.389,1.6903826041275636,1.216978116722508,0.18804032523307698,0.0,4156.5428571428565
1745,1.192,0.4956787511645915,0.41583787849378484,-0.11430795163126875,0.0,1441.6767726540384
1746,3.65575,9.429579586614405,2.5793830504313493,0.03271161197411698,0.0,922.7139369912642
1747,1.2095,1.9124654587816114,1.5812033557516423,0.4624729632734589,0.0,0.0
1748,4.44975,11.304796528183774,2.5405464415267764,0.11148203162996384,0.0,5830.925138597122
1749,1.229,0.7789163483131019,0.6337805926062667,0.03859399124712516,0.0,6778.050737775006
1750,1.1215,0.4015944092207701,0.3580868561932859,-0.024880185389197174,0.0,0.0
1751,1.124,0.39895336939012926,0.3549407200979797,-0.02774570626566919,0.0,0.0
1752,1.22625,0.5455596634068397,0.4449008468149559,-0.08227838402571688,0.0,9094.323497708054
1753,1.21325,1.0998076339560148,0.9064971225683205,0.2221960930802577,0.0,0.0
1754,1.10075,0.3288258948399279,0.2987289528411791,-0.14201232887966714,0.0,12464.0
1755,1.2135,0.8863487764635233,0.7304069027305506,0.12848401273597648,0.0,4636.198913246939
1756,1.13025,0.45753390237003694,0.40480769950899087,-0.011251525265203843,0.0,2226.956552053774
1757,1.288,1.184021315947967,0.9192712080341358,0.13083307536177194,0.0,33414.23616462711
1758,1.41,0.9317279802910903,0.6607999860220499,-0.07065555169135256,0.0,0.0
1759,25.6425,20.99998675263636,0.8189523935901867,0.27540244123615576,0.0,16787.47626829201
1760,1.93425,2.034935423556362,1.0520539865872363,-0.22288063905690136,0.0,136330.4279454977
1761,1.1725,0.9914582680952052,0.8455934056249084,0.20817036387124563,0.0,21470.338527186806
1762,1.486,0.7793945496127052,0.5244916215428702,-0.24997507844419115,0.0,41582.479322382
1763,1.43925,0.8123881037458494,0.5644523909993743,-0.23196888768300175,0.0,16412.395831136302
1764,1.29,0.6855782262995916,0.5314559893795284,-0.10646942959485121,0.0,5295.669260578941
1765,1.197,0.6056258710407925,0.5059531086389243,-0.02730383451176177,0.0,2522.9918154412517
1766,1.73525,1.2298518493675765,0.708746203352587,-0.1805393053804626,0.0,39934.526033221104
1767,1.33875,0.7311854043427569,0.5461702366705934,-0.15221723069737472,0.0,5414.954099060799
1768,1.81525,1.289780338208878,0.7105249074281107,-0.15987635177259768,0.0,104191.79700900166
1769,1.1235,0.5593084627369072,0.4978268471178524,0.11898354700759872,0.0,0.0
1770,1.28275,1.889098888664325,1.4726945146476904,0.38911718720178234,0.0,0.0
1771,1.16875,0.4978306904451425,0.4259513928942396,-0.062044613961288686,0.0,0.0
1772,1.09475,0.4222759959483709,0.3857282447575893,0.0069342023856011625,0.0,0.0
1773,1.71675,3.139822297282862,1.8289339142466066,0.22651296534220916,0.0,13312.232583542367
1774,1.12625,0.43053138888959636,0.3822698236533597,-0.03766998504368285,0.0,8311.0
1775,1.18825,0.48411830179464727,0.4074212512473362,-0.12455675234362992,0.0,5185.0355891232175
1776,1.153,0.581958476969989,0.5047341517519419,0.017919198140630643,0.0,3537.762015122189
1777,2.824,3.8725667448474437,1.371305504549378,-0.07363037815193496,0.0,0.0
1778,1.1625,0.4844093445664275,0.41669621037972254,-0.07391376823085594,0.0,11370.998032105173
1779,1.32825,2.0470831870966366,1.5411881702214467,0.36860904569514097,0.0,9424.825893910112
1780,2.19575,4.268136148724174,1.9438169867809059,0.09880699349923538,0.0,275.7992365156199
1781,1.0745,0.2923544386176561,0.2720841680946078,-0.029951296222904933,0.0,0.0
1782,1.07075,0.2928581208874742,0.2735074675577625,0.002917796299042097,0.0,0.0
1783,25.6385,21.076097082169987,0.8220487580072932,0.27697361084945094,0.0,1.9216796336048814
1784,1.202,0.7435282163792697,0.6185758871707735,0.06178920081393388,0.0,12464.0
1785,1.169,0.6592022731371815,0.5639027144030637,0.05989241567456424,0.0,0.0
1786,1.139,0.5387500003626197,0.47300263420774336,0.01900572393301725,0.0,0.0
1787,1.1295,0.4698775864377436,0.41600494593868403,0.0003099240649774293,0.0,385.5207978933089
1788,1.26725,0.5704461321609818,0.45014490602563173,-0.1309228655318968,0.0,6822.872599573257
1789,1.14575,0.4183906071783206,0.3651674511702558,-0.09079963342128933,0.0,1.0
1790,1.07,0.27224718480162124,0.2544366213099264,-0.028776077529847677,0.0,4156.0
1791,1.15725,0.47600323766815666,0.4113227372375517,-0.08151637389630056,0.0,33209.0
1792,1.60475,0.9376818486631423,0.5843164659063046,-0.27773389255644443,0.0,55060.985192363376
1793,1.05975,0.3914310182656902,0.36936165913252206,0.02509865834479358,0.0,0.0
1794,1.1665,1.1117943927241778,0.9531027798749916,0.286898198765653,0.0,97.25710747030175
1795,1.03525,0.2061990955769549,0.1991780686568026,0.010848704165904666,0.0,0.0
1796,1.396,0.9085099600922912,0.6507951003526442,-0.08161499658518326,0.0,16426.875854143473
1797,1.19025,1.0511094830160757,0.8830997546868941,0.21213970074057917,0.0,3366.1758799340732
1798,1.2955,1.2221101170862514,0.9433501482719038,0.14458389366315422,0.0,0.0
1799,1.19275,0.6170029259676676,0.5172944254602118,-0.0192210299696928,0.0,0.0
1800,1.65925,3.7272124256093058,2.2463235953649576,0.3215947435574634,0.0,10783.378600311024
1801,1.4855,2.9339294019171387,1.9750450366322037,0.3257172165169122,0.0,0.0
1802,1.07175,0.29175883586375945,0.2722265788325257,0.0012845423299506775,0.0,0.0
1803,2.001,6.32289441224801,3.159867272487761,0.2694846584930427,0.0,0.0
1804,1.38775,2.88226938482538,2.076937045451544,0.41978987925949146,0.0,0.0
1805,1.03375,0.1952446353088971,0.18887026390219794,-0.012858942193417211,0.0,0.0
1806,1.36325,0.9552630890976308,0.7007248040327385,-0.03612174713925728,0.0,14018.863585429577
1807,1.07,0.2768016524312981,0.2586931331133627,-0.021570796703209827,0.0,0.0
1808,1.14675,0.5650612896538448,0.4927501980848876,0.005122755856328598,0.0,164.654411182374
1809,1.3165,1.4043934029350722,1.066762934246162,0.20496233501882888,0.0,0.0
1810,1.07625,0.3153740678950556,0.2930304928177056,0.002964991904335079,0.0,0.0
1811,1.08425,0.32508207746547996,0.29982206821810464,-0.03531419116157253,0.0,0.0
1812,1.09425,0.44935221914909196,0.4106485895810756,0.03392469831268197,0.0,1731.2693534726093
1813,1.40225,1.1172542243153245,0.796758227359832,0.008207315921640847,0.0,17440.62404013676
1814,1.07275,0.28280281444491406,0.26362415702159314,-0.01225574788503292,0.0,0.0
1815,1.287,0.6882945861761081,0.5348054282642642,-0.10475209210664845,0.0,4761.492168871219
1816,2.2155,3.385103319120449,1.5279184469060931,-0.001859342346841708,0.0,48069.73669707944
1817,1.1055,0.6437960611421023,0.5823573596943485,0.14976997574583273,0.0,0.0
1818,1.53375,1.237636406004755,0.8069349020405902,-0.15719632573838482,0.0,43036.562861614104
1819,1.0575,0.3394444809374719,0.32098768882976064,-0.0367878274172318,0.0,0.0
1820,1.06125,0.4832771737902347,0.45538485162801856,0.1166397037236927,0.0,0.0
1821,1.616,1.453985047422955,0.8997432224151949,-0.08722946139325902,0.0,20350.929359058744
1822,1.179,0.665634860446672,0.5645757934238099,0.03513198365471076,0.0,0.0
1823,1.512,3.351068995985305,2.216315473535255,0.38345092687851046,0.0,18354.726413893244
1824,4.9095,10.970683603344012,2.234582666940424,0.09845297172176193,0.0,136584.11805498585
1825,1.1465,0.5119602287472678,0.4465418480133168,-0.037736576045243886,0.0,0.0
1826,1.18125,0.8894358951340383,0.7529616043462759,0.16101057739654884,0.0,4156.0
1827,1.12825,0.4747191559956975,0.42075706270391977,0.004761951605998127,0.0,0.0
1828,1.5485,1.2022932783983369,0.7764244613486192,-0.1697789825900775,0.0,28713.714675484345
1829,1.07225,0.3815315571250569,0.3558233221031074,0.11779098989625314,0.0,8310.0
1830,1.28725,0.7323739006700031,0.5689445722819989,-0.07779358658530804,0.0,0.2
1831,1.088,0.35183369187257235,0.3233765550299378,-0.07232476700907853,0.0,0.0
1832,1.0915,0.39517944240297276,0.3620517108593429,-0.021867848399001133,0.0,0.0
1833,1.0775,0.30334263496671077,0.28152448720808426,-0.013927533124311942,0.0,0.0
1834,1.114,0.3975468662657517,0.3568643323750015,0.010612778363303377,0.0,0.0
1835,1.04075,0.23791508652689364,0.22859965075848535,-0.0012740559289237119,0.0,0.0
1836,1.398,0.8748070197651924,0.6257560942526412,-0.09803243015817296,0.0,0.0
1837,1.104,0.33869260129141054,0.30678677653207476,-0.1291726298962092,0.0,0.0
1838,1.2985,0.7606197378430296,0.5857679921779204,-0.06135885467651053,0.0,0.2
1839,1.04525,0.2919310593887861,0.2792930489249329,0.000582361309022339,0.0,0.0
1840,1.1085,0.34169714548823593,0.30825182272281093,-0.05513420528894569,0.0,29050.0
1841,1.76875,1.938998031417634,1.0962533039817013,0.017185264246716958,0.0,50908.609404474024
1842,1.122,1.0016820062826466,0.8927647114818597,0.3720620288376712,0.0,0.0
1843,1.05725,0.3781642362088023,0.3576866741156796,0.010123875057202525,0.0,0.0
1844,1.4815,3.581880123106311,2.4177388613609927,0.4123786041218577,0.0,1997.385149683283
1845,1.21925,0.5926780359635225,0.48610050109782454,-0.046301803757729215,0.0,936.8001661083911
1846,1.03625,0.19860966479438366,0.19166192018758377,-0.0054376734760452905,0.0,0.0
1847,1.14625,0.3961062515798446,0.3455670678995373,-0.1491611037378323,0.0,8311.0
1848,1.07225,0.4433723968297616,0.4134972225038579,0.18302917649963268,0.0,0.0
1849,1.05725,0.8271296593451006,0.7823406567463709,0.3500170148576725,0.0,0.0
1850,1.13525,1.6325206640130494,1.4380274512336924,0.500477127638044,0.0,0.0
1851,1.142,0.43229934152178634,0.37854583320646795,-0.07659698551113919,0.0,8311.0
1852,1.1275,0.4339249044543035,0.38485579109029133,-0.034260228724116604,0.0,0.0
1853,1.1205,1.2433286840389945,1.1096195306015122,0.46591810953803514,0.0,647.802965590533
1854,1.156,0.49621120139422215,0.42924844411264895,-0.05130623674227475,0.0,9796.296622279637
1855,1.05825,0.3903780683633044,0.3688902134309515,0.0239288315503976,0.0,0.0
1856,1.041,0.2642658871568154,0.25385772061173434,0.04434506765602664,0.0,0.0
1857,1.11575,0.3954630643420631,0.354436983501737,0.008330371233585765,0.0,0.0
1858,1.04125,0.22149650714101318,0.21272173554959248,-0.032329155991723146,0.0,0.0
1859,1.03575,0.19616716822514507,0.1893962522086846,-0.01081172903746297,0.0,0.0
1860,1.10975,0.375153465305377,0.33805223275997026,-0.014566593642367787,0.0,9648.623974621067
1861,1.08625,0.36172316543470506,0.33300176334610365,0.011069105042988636,0.0,0.0
1862,1.2145,0.828952073635802,0.6825459642946086,0.09940878548905853,0.0,1205.5480390760154
1863,1.941,4.07089204481157,2.0973168700729365,0.07825831458405452,0.0,29620.586419895153
1864,1.17875,0.5204480320248215,0.44152537181321017,-0.07172670430186368,0.0,8310.0
1865,1.03625,0.19479585174218675,0.18798152158473994,-0.01385834773757455,0.0,0.0
1866,1.1265,0.43074834420344377,0.3823775802959998,-0.03745118853890955,0.0,1433.6330656026312
1867,1.45425,1.9466263832767232,1.3385775370649635,0.14755016237231403,0.0,14915.76477654985
1868,1.19975,0.517123574881212,0.43102610950715725,-0.0959139164790562,0.0,3403.440098661693
1869,1.19075,0.545379498330566,0.4580134355075087,-0.07280944542788995,0.0,13261.169900291463
1870,1.0825,0.35808631145523123,0.33079566878081407,0.006680501930961258,0.0,0.0
1871,1.06225,0.3935907340328011,0.37052552038861014,0.027488286412569618,0.0,0.0
1872,1.17,1.485480280217724,1.269641265143354,0.38376281593420414,0.0,0.0
1873,3.00125,2.9561686641314457,0.9849791467326766,-0.4710515092881254,0.0,0.0
1874,1.146,0.4070938851884654,0.35523026630756144,-0.13727822143854929,0.0,8310.0
1875,1.08475,0.37229301366263307,0.3432062813207034,0.023577668808666685,0.0,0.0
1876,1.08875,0.5783226191002223,0.5311803619749458,0.143507986065814,0.0,0.0
1877,1.1435,0.7280386391291442,0.636675679168469,0.14977286966855646,0.0,2076.0
1878,1.38425,0.8266031428012612,0.5971487396071962,-0.12264763730646577,0.0,0.0
1879,1.5215,1.536270738491587,1.009708010839032,0.04473531573578754,0.0,28933.80174518747
1880,1.08225,0.3619636610531239,0.33445475726784374,0.011357754552757893,0.0,0.0
1881,1.276,0.7255726110483194,0.5686305729218804,-0.026456624738105977,0.0,1065.5570012014957
1882,3.89625,10.198479699668285,2.6175116328952925,0.06675471737755823,0.0,8224.553687824347
1883,1.7515,2.987721434445062,1.7058072705938123,0.20494799889620163,0.0,57438.93511948046
1884,1.094,0.44464978169014013,0.40644404176429627,0.029355890921066274,0.0,0.0
1885,1.084,0.3316195001401732,0.3059220480997908,-0.02666715730708158,0.0,0.0
1886,1.15675,0.877993254836781,0.7590172940019719,0.19651837897645588,0.0,2550.4024525611862
1887,1.09675,0.8503353485838765,0.7753228617131311,0.27061189362505794,0.0,0.0
1888,1.6685,1.0883031980853226,0.6522644279804151,-0.21303949632521546,0.0,3785.0866685584883
1889,1.0725,0.28594438453615756,0.26661481075632404,-0.0074579029590159385,0.0,0.0
1890,1.54925,1.6002233019657095,1.032901921552822,-0.04560881153216956,0.0,46598.55510750905
1891,1.25675,0.7017496352957081,0.558384432302135,-0.04095530972885367,0.0,29060.0
1892,1.4355,2.864068866598385,1.9951716242412993,0.4170387669092636,0.0,8274.646565882185
1893,1.1875,1.1163132574784758,0.9400532694555586,0.2382778289777765,0.0,0.0
1894,1.1175,0.4429930142820264,0.39641433045371494,0.017729034173050717,0.0,0.0
1895,1.05725,0.9003749809254858,0.851619750225099,0.3868668393375315,0.0,0.0
1896,1.152,1.1607035832640693,1.0075551938056158,0.31774852468945997,0.0,0.0
1897,1.12925,0.46162507723041,0.40878908765145894,-0.0073854119172643284,0.0,0.0
1898,1.19875,0.6040195753548496,0.503874515415933,-0.028457239858471123,0.0,0.0
1899,1.11675,0.4417784847153484,0.3955930017598822,0.01653671769175019,0.0,0.0
1900,1.408,1.5018654733280852,1.0666658191250606,0.1366863438563267,0.0,46390.324111720256
1901,1.65125,1.0372523369955118,0.6281618997701812,-0.23390497972086433,0.0,35004.829004295214
1902,1.22575,0.515609736962184,0.4206483679071459,-0.10679952665549816,0.0,10383.5
1903,1.314,1.3043501571024108,0.9926561317369944,0.17286774913064273,0.0,8311.809773416573
1904,1.087,0.3278076638306624,0.30157098788469405,-0.031688114904027564,0.0,0.0
1905,1.23175,1.1219878126178178,0.9108892328945142,0.19709131161038462,0.0,50.294128657172145
1906,1.04575,0.29185310013432186,0.2790849630737001,0.0004663688701180835,0.0,0.0
1907,1.39375,0.8341971641807361,0.5985271133135326,-0.1186759803264662,0.0,379.9412473385283
1908,1.39625,1.0401953850646413,0.7449922184885523,-0.02282976682209088,0.0,3.108708366796601
1909,1.4035,0.8522730444731805,0.6072483394892629,-0.10936593659436396,0.0,19722.995703026176
1910,1.179,0.703265700614935,0.5964933847454919,0.05901536172305899,0.0,0.0
1911,1.04025,0.2759510368592333,0.2652737677089481,0.06313599216654808,0.0,0.0
1912,1.12725,0.4450920851251573,0.3948477135729938,-0.02322493374894835,0.0,0.0
1913,1.083,0.3586685946527763,0.33118060448086456,0.007386133474117207,0.0,0.0
1914,1.426,3.3777768345593855,2.3687074576152773,0.48868626342363186,0.0,0.0
1915,1.20375,0.9032939291729023,0.7503999411612895,0.13670845466108017,0.0,0.0
1916,1.36725,2.5154441560737504,1.83978362119126,0.3843699359661462,0.0,189.75617976028315
1917,1.12475,0.44691987183717924,0.39735040839046837,-0.021445139682526204,0.0,0.0
1918,1.13375,0.4913464081716745,0.43338161690996646,-0.020993773897186152,0.0,0.0
1919,1.138,0.47803046794327925,0.4200619226215108,-0.032925981665023196,0.0,4156.0
1920,1.2905,0.8421918259921204,0.6526089314158237,-0.01711542370330063,0.0,2972.4413660420246
1921,1.69025,2.424102721833689,1.4341681537250044,0.11415891528753391,0.0,70880.80797093139
1922,1.10625,0.506483038972868,0.45783777534270553,0.04558656683050022,0.0,0.0
1923,27.53175,20.408983894192243,0.7412890170146192,0.2630048034225765,0.0,154194.8077608169
1924,1.0925,0.4171177852977537,0.38180117647391637,0.0015965154228715916,0.0,0.0
1925,1.13425,0.44975271747563594,0.39651991842683354,-0.05940776342798698,0.0,0.0
1926,1.142,0.7466427317279735,0.6538027423187158,0.16073128224033256,0.0,0.0
1927,1.22,1.7808404892668108,1.4597053190711564,0.4315043844515357,0.0,8311.0
1928,1.2555,0.6941471098063531,0.5528849938720455,-0.04568598558540676,0.0,0.0
1929,1.1105,0.4922909074768659,0.44330563482833485,0.10344625846703576,0.0,0.0
1930,1.46475,1.757136682170729,1.1996154170819109,0.10307310237475661,0.0,9298.889856377447
1931,1.1205,0.39877249764272743,0.3558879943263966,-0.02794264510499017,0.0,103.59708368251421
1932,1.14075,0.40924480183254225,0.358750648110929,-0.10039838775389176,0.0,1819.751912744228
1933,1.107,0.3585849213037919,0.3239249514939403,-0.03418353275543817,0.0,2077.5
1934,2.716,8.219320732781211,3.026259474514437,0.2532066378922534,0.0,0.0
1935,3.01775,3.0038626358713203,0.9953981064936858,-0.46410064951655533,0.0,0.0
1936,1.1485,0.416522655783206,0.3626666571904275,-0.12733417165926225,0.0,16612.0
1937,1.70925,1.179433000662082,0.6900295455094819,-0.19871882869340746,0.0,57248.72012103194
1938,1.546,1.2398662496734354,0.8019833439026102,-0.15641456345846383,0.0,31937.676956861542
1939,1.42825,0.8345813735144431,0.5843384376085721,-0.11847600172810359,0.0,33722.885631049
1940,1.693,1.1113324277376395,0.6564278958875602,-0.2245481170341987,0.0,84582.28717801487
1941,1.21575,0.6409404330042417,0.5271975595346425,-0.012302967363808065,0.0,0.0
1942,26.18875,20.971971279122357,0.8008007743447991,0.27482267474764677,0.0,10822.219322606872
1943,1.13,0.612530651028675,0.5420625230342258,0.11545302043830641,0.0,7599.62343544156
1944,4.13675,10.624748032550645,2.568380499800724,0.08453792110853975,0.0,150.545437738766
1945,11.833,11.133063247566618,0.9408487490548988,-0.00020190320591195743,0.0,315.93241478159285
1946,2.3265,3.2627533066085377,1.4024299620066787,-0.14804505136901358,0.0,199570.60968385945
1947,1.04925,0.32225828166243453,0.3071320292231923,0.04350614504937855,0.0,0.0
1948,1.07525,0.2839147572729345,0.2640453450573676,-0.042673021245385634,0.0,0.0
1949,4.63875,11.657067394613478,2.5129759945272925,0.12480858894566671,0.0,0.0
1950,1.731,2.5114170907977407,1.450847539455656,0.12952674149336657,0.0,74104.82937206316
1951,1.268,0.552948856685252,0.4360795399725962,-0.1444525409081696,0.0,4522.712940237285
1952,1.32025,0.7472145072734937,0.5659644061908682,-0.06908115051193951,0.0,13824.373967783478
1953,1.20725,0.5953033126134123,0.4931069062857008,-0.044382337564342234,0.0,3966.5425702937764
1954,1.16175,0.49864726989621005,0.42922080473097485,-0.06133283498948894,0.0,0.0
1955,1.1105,0.3739314190818206,0.3367234750849352,-0.015983598346142935,0.0,0.0
1956,1.27325,0.6357558366786479,0.49931736632919527,-0.08384714933943913,0.0,0.0
1957,1.08175,0.30674168304133165,0.28356060368969876,-0.06053442150003657,0.0,0.0
1958,1.67225,1.1671205936491866,0.6979342763636937,-0.1826736695348441,0.0,15183.828498994004
1959,1.878,5.9042214522949115,3.143887887270986,0.5007705344878708,0.0,31459.925766842272
1960,1.09625,0.7878077797118048,0.7186387956322051,0.23744192569131634,0.0,0.0
1961,1.1095,0.37887416962509113,0.3414819014196405,-0.010280558502405002,0.0,0.0
1962,1.0655,0.5543343500477945,0.5202574847938006,0.2800323159310655,0.0,0.0
1963,1.041,0.24664591736361263,0.2369317169679276,0.014377893088544091,0.0,0.0
1964,1.041,0.2265652951319764,0.21764197419017908,-0.02250265188979661,0.0,0.0
1965,1.11525,0.35916526477633587,0.32204910538115744,-0.033481227057584884,0.0,0.0
1966,1.43725,1.9276907001277046,1.3412354845209287,0.1433049093340912,0.0,23446.531925689455
1967,1.38975,0.8318761578417164,0.5985797142232174,-0.11988601218311974,0.0,16697.102691082648
1968,2.17425,6.719387954354197,3.0904394408895928,0.29589844550579447,0.0,0.0
1969,1.07625,0.32551870623211,0.3024564053260023,0.016714962710925763,0.0,4156.0
1970,1.05575,0.3823329466846012,0.3621434493815782,0.014885144738364331,0.0,0.0
1971,1.62075,3.1279171030976762,1.9299195453325166,0.24546583303480676,0.0,13778.867008597497
1972,2.1045,6.4328784561273835,3.0567253295924846,0.2769740748681194,0.0,10219.198782518055
1973,2.62975,8.21261387709014,3.12296373308875,0.2528521147458975,0.0,0.0
1974,1.58975,1.9173846845396274,1.206091954420272,0.03291985232654679,0.0,49826.894985840154
1975,1.19475,0.7899230545490029,0.6611617949771943,0.08807653571893674,0.0,0.0
1976,1.1235,0.584237180664512,0.5200152920912435,0.13792134832049194,0.0,0.0
1977,1.1305,0.4381983049243911,0.38761459966774975,-0.03000411198085129,0.0,0.0
1978,1.04325,0.22559290888708144,0.21624050696101743,-0.11137249773254798,0.0,0.0
1979,1.281,2.1087082924543323,1.646142304804319,0.43687900056479756,0.0,0.0
1980,1.097,0.43432494694627544,0.3959206444359849,-0.021163564246546085,0.0,0.0
1981,10.17075,10.8878019129264,1.0705013802252932,-0.009876368596560825,0.0,0.0
1982,1.1285,0.44781456482691334,0.39682283103846994,-0.0205765906650191,0.0,4156.0
1983,1.53,1.2312509877148068,0.8047392076567365,-0.051385850946220224,0.0,19570.965306614828
1984,1.31275,0.6978962690117888,0.5316292279655599,-0.09873556913135816,0.0,7347.2789876816505
1985,1.4555,0.8641217660762004,0.5936941024226728,-0.20515749827239668,0.0,22622.817540886885
1986,1.2285,0.6295926037618914,0.5124888919510716,-0.053837210454760476,0.0,13753.114551537867
1987,1.26825,0.6098236701926073,0.4808386912616655,-0.10193322791319345,0.0,13424.198235017686
1988,1.182,0.590307645028374,0.4994142512930406,-0.017025667203617006,0.0,4010.170155472374
1989,1.0775,0.30905926520224536,0.286829944503244,-0.005819220325419039,0.0,0.0
1990,1.03525,0.19497933668836256,0.188340339713463,-0.013449463293987662,0.0,0.0
1991,1.0755,1.3333207363746018,1.2397217446532793,0.6290736454540707,0.0,0.0
1992,1.0965,0.3251371688143885,0.2965227257769161,-0.1469117198000694,0.0,2077.5
1993,1.10075,0.43433466261603787,0.394580661018431,-0.021153849366932598,0.0,0.0
1994,26.40425,20.815406607259835,0.7883354614223026,0.27156831926237524,0.0,80865.52968558436
1995,1.28475,0.7458595807043925,0.5805484185284238,-0.01448043263612206,0.0,4533.749434188304
1996,1.1185,0.3999971867868064,0.35761929976469053,-0.026610906646558852,0.0,0.0
1997,2.92325,4.5105371824117,1.5429871486912512,-0.007401022585015071,0.0,0.0
1998,1.08225,0.3138623342983717,0.29000908690078236,-0.05056801723282317,0.0,0.0
1999,7.071,7.447202441591843,1.053203569734386,-0.1748234198522738,0.0,0.0
2000,1.103,0.8234442999552443,0.7465496826430138,0.2566558881004767,0.0,0.0
2001,1.33525,0.9343852023799427,0.6997829637745311,-0.04571879226922243,0.0,35831.91404317507
2002,1.617,1.4017140223847864,0.8668608672756873,-0.10312998378362531,0.0,40496.592837359356
2003,1.1675,0.5966848064007892,0.5110790632983205,0.01661869878743294,0.0,0.0
2004,25.82775,20.817202475770593,0.8060013929115232,0.2716057868053474,0.0,1.9216796336048814
2005,1.05075,0.31015880951825386,0.2951785006121854,0.026886179069237515,0.0,0.0
2006,1.32825,2.956549886998117,2.225898653866454,0.5282587657104585,0.0,0.0
2007,1.12425,0.43858867690226194,0.3901166794772177,0.013389571695892721,0.0,0.0
2008,1.06675,0.420521874772039,0.3942084600628441,0.1600491168024461,0.0,0.0
2009,1.1165,0.40554761399471234,0.36323118136561783,-0.02062599294699269,0.0,0.0
2010,1.05325,0.35488860784899146,0.33694622155138043,-0.017464520805593464,0.0,0.0
2011,1.475,2.113407585608069,1.4328187021071654,0.1832508190490251,0.0,2303.0285334000646
2012,1.7575,3.1013058982578037,1.7646121753956208,0.2211525012079389,0.0,13297.778536763539
2013,3.06575,3.0149128283153703,0.9834177047428428,-0.4625059586951196,0.0,0.0
2014,1.04025,0.21596665923117594,0.20761034292831143,-0.04330932778376606,0.0,0.0
2015,1.756,2.402479339504127,1.3681545213577033,0.11026755766202745,0.0,101810.58089753968
2016,3.2785,8.581686843929452,2.6175649973858324,-0.0082080558209352,0.0,0.0
2017,2.4435,7.20508751310613,2.9486750616354125,0.196009970286519,0.0,80.55287282342633
2018,2.2215,4.403042635054938,1.982013340110258,0.11232161981434163,0.0,22796.305221569582
2019,1.06425,0.40455265814638186,0.3801293475653107,0.14323558396868646,0.0,0.0
2020,1.431,1.9843697817840595,1.3867014547757228,0.2576779154547642,0.0,4257.228250086703
2021,1.918,6.124063360058378,3.1929423149418033,0.25560840431776755,0.0,0.0
2022,2.2535,4.189943514734317,1.8593048656464688,-0.039421121627318034,0.0,65893.27001665528
2023,1.15225,0.46219405376511924,0.40112306683889715,-0.08214844660629472,0.0,3167.057104053522
2024,1.18975,2.702326882548637,2.2713400988011236,0.6222296280541717,0.0,0.0
2025,1.2045,0.6894190123891718,0.5723694581894329,0.01936261916348289,0.0,5489.182485582204
2026,1.1425,0.47775601796646766,0.41816719296846183,-0.03317539325541663,0.0,16612.0
2027,1.8645,5.815805674961314,3.119230718670589,0.49421778298663943,0.0,0.0
2028,1.069,0.2743315775728587,0.2566244879072579,-0.025463674160670746,0.0,0.0
2029,1.107,0.33997043249927406,0.30710969512129543,-0.057334408294230144,0.0,0.0
2030,1.046,0.5625505450881232,0.5378112285737315,0.285463607853501,0.0,0.0
2031,1.51925,1.6362453245740836,1.0770086059398278,0.07211597575769699,0.0,50241.947545591785
2032,7.9465,15.803514657153949,1.988739024369716,0.15193710403288319,0.0,0.125
2033,1.302,1.2426512163561332,0.9544172168633895,0.15182280355944033,0.0,2742.619439216342
2034,1.07925,0.7846166856088609,0.7270017934758961,0.3987965515281356,0.0,0.0
2035,2.2375,1.982694257602463,0.8861203385932797,-0.3643735410808296,0.0,229023.29958766155
2036,2.4465,2.5241296633967543,1.0317309067634393,-0.2595176291873006,0.0,217872.66062141236
2037,1.117,0.3805879816848539,0.3407233497626266,-0.048212773663061315,0.0,8300.0
2038,1.1695,0.5003322227113409,0.427817206251681,-0.08884560148405246,0.0,2075.333333333333
2039,5.524,12.61390905609434,2.283473761059801,0.15906897710832313,0.0,11604.146589239772
2040,1.1785,0.6010225095736877,0.5099894014201847,-0.009213337414166273,0.0,992.2617481095949
2041,1.0715,0.2690833541170203,0.25112772199441935,-0.03385264260279075,0.0,0.0
2042,1.16175,0.6210341040068451,0.5345677675978868,0.03398916945497277,0.0,0.0
2043,1.483,0.8932583487543817,0.6023319951142155,-0.1907553588593135,0.0,91691.20141390967
2044,1.05275,0.3154240171224195,0.2996191091165229,-0.0686618207971213,0.0,0.0
2045,1.152,0.4443482433186105,0.3857189612140716,-0.09924933291225801,0.0,10421.35259271571
2046,1.28625,1.1400157220238745,0.8863095992411075,0.11438439505496908,0.0,12827.227287525122
2047,1.25175,0.7439827384279624,0.5943540950093569,0.018666031453325516,0.0,8098.414086887172
2048,1.87975,3.5859454386078107,1.9076714662097676,0.2842115734251772,0.0,13300.981058888772
2049,2.50575,2.6701590542219975,1.0656127124501638,-0.23509215794913002,0.0,187402.27132343707
2050,1.2845,0.8979205506774149,0.6990428576702336,0.06610040602733855,0.0,994.6846379081403
2051,1.14325,0.41081824497897107,0.3593424403927147,-0.09873183658498513,0.0,0.0
2052,1.106,0.3532636392267111,0.3194065454129395,-0.11087940091454995,0.0,0.0
2053,1.04225,0.2738314872706483,0.2627310983647382,0.059787347163927085,0.0,0.0
2054,1.088,0.41145877628402255,0.37817902231987366,-0.004335862383634148,0.0,0.0
2055,1.0825,0.3423785270193518,0.3162850134127961,-0.01280069846965659,0.0,0.0
2056,1.12525,0.48282576327223864,0.429083104441003,0.012115630483598094,0.0,19201.07229490447
2057,2.22175,6.817491949875824,3.068523438674839,0.3021933628193688,0.0,0.0
2058,1.05125,0.31248655885072174,0.29725237464991366,0.030133399562337848,0.0,0.0
2059,1.06175,0.3774553690688606,0.3555030553980322,0.009309028074826253,0.0,0.0
2060,1.24675,1.530669845212795,1.2277279688893483,0.3319846986219255,0.0,0.0
2061,1.36675,0.9005260542003064,0.6588813273827009,-0.061748461848773986,0.0,12907.304682687845
2062,1.272,0.7380055304946976,0.580193027118473,-0.0190778889612446,0.0,0.0
2063,1.5295,0.9090304362800626,0.5943317661196879,-0.18315401827290717,0.0,73543.10767316756
2064,1.30125,0.6120392842958533,0.4703471925424425,-0.1557471470786294,0.0,24090.62596370652
2065,1.1015,0.33723312640573483,0.3061580811672581,-0.13104811073204037,0.0,5104.27720973994
2066,2.674,7.559101071043472,2.8268889570095257,0.21684086239118838,0.0,9208.2698775032
2067,1.588,2.572724378491004,1.6201035129036547,0.16060386008224822,0.0,29283.27126495971
2068,1.215,0.7200031952361653,0.5925952224165969,0.038213786961631135,0.0,5971.735415489058
2069,1.81825,1.674490345442232,0.920935154924918,-0.04650945602677273,0.0,48936.21374550797
2070,1.05025,0.29874278118864744,0.28444920846336347,0.010599477822772041,0.0,0.0
2071,1.07825,0.305205217937479,0.2830560797008848,-0.011269033785696103,0.0,0.0
2072,1.1195,1.2532407602295637,1.1194647255288643,0.46936666781681236,0.0,0.0
2073,1.04775,0.273840619103828,0.26136064815445287,-0.02720007398998725,0.0,0.0
2074,1.90825,1.685835830711884,0.8834460006350761,-0.3046159908950888,0.0,29632.163878071955
2075,4.099,10.795384851107482,2.633663052234077,0.0914574109900601,0.0,2026.9490092435162
2076,1.27225,0.5896752213860433,0.4634900541450527,-0.1165246265619942,0.0,41487.0
2077,1.5525,1.032962004444334,0.6653539481122924,-0.23570505460462998,0.0,51509.64703094348
2078,1.9215,5.934150426583518,3.0882906201319376,0.2419272802054495,0.0,0.0
2079,1.2495,0.6243774593969186,0.49970184825683756,-0.05744961165164261,0.0,13505.675069217044
2080,1.05275,0.3521341180704837,0.33448978206647706,-0.02084847359736619,0.0,0.0
2081,7.1735,7.479865295993743,1.0427079244432624,-0.17292280275594984,0.0,0.0
2082,1.05225,0.29671863437774976,0.2819849221931573,-0.09521175772487339,0.0,0.0
2083,1.12025,0.38252649467688177,0.34146529317284696,-0.04600632277659167,0.0,0.0
2084,1.11875,0.41616311157268426,0.37198937347279043,-0.009404261554924964,0.0,0.0
2085,1.09475,0.39788442480684766,0.3634477504515622,-0.018905253491341978,0.0,0.0
2086,1.03625,0.1935078779396492,0.18673860356057825,-0.016739401530726616,0.0,0.0
2087,1.0605,0.40109845423848006,0.3782163642041302,0.035694409045161524,0.0,0.0
2088,1.11775,0.5281616004302492,0.47252212071594646,0.09409897942686685,0.0,0.0
2089,1.75025,1.1971771990024922,0.6840035417811696,-0.1922336670778406,0.0,86634.8986323595
2090,1.04475,0.24033700915483733,0.23004260268469712,-0.08387728963750629,0.0,0.0
2091,7.076,7.505351862280952,1.0606771993048265,-0.17144552209235653,0.0,0.0
2092,1.103,0.45874133332710026,0.4159032940408887,0.0025895330000605954,0.0,0.0
2093,1.05,0.30825923496139535,0.29358022377275744,0.02421815425990126,0.0,0.0
2094,1.9625,2.140966997625426,1.0909385975161408,-0.2008212981530511,0.0,162434.326491895
2095,4.8095,11.169216516810831,2.3223238417321617,0.10624199149945746,0.0,86049.92725575127
2096,1.20025,2.055287325168248,1.7123826912461972,0.5033642904490381,0.0,0.0
2097,1.02825,0.1745266523717711,0.16973173097181724,-0.061576293416803596,0.0,0.0
2098,1.798,1.752987233570246,0.9749650909734405,-0.026613350630098315,0.0,77141.75489085722
2099,1.27975,2.4132852968476386,1.8857474482106964,0.49547116159487514,0.0,0.0
2100,1.04425,0.2565314592742951,0.24566096171826204,-0.05555731034500633,0.0,0.0
2101,1.242,0.6156547390294518,0.4956962472056778,-0.06355960107152919,0.0,5498.822528624713
2102,1.11525,0.49196335685305015,0.44112383488280665,0.10315720016396507,0.0,0.0
2103,1.27125,0.8039496385068619,0.632408761853972,0.01809133893690501,0.0,7780.738287206413
2104,1.1115,0.3543997034246034,0.318848136234461,-0.03928220625932338,0.0,0.0
2105,1.1585,0.42711047264022894,0.3686754187658428,-0.12858606025362707,0.0,45632.0
2106,1.10575,0.8530819859302388,0.7714962567761598,0.27201243177025497,0.0,0.0
2107,1.03,0.19002375445405295,0.18448908199422617,-0.024630157348909276,0.0,0.0
2108,1.2665,1.0142657116029474,0.800841461984167,0.11901423858905172,0.0,8619.3957235251
2109,2.096,3.3014404246054934,1.5751147063957507,-0.012727806260635188,0.0,11.944444444444445
2110,1.07725,0.33438060664088215,0.31040204840184,0.02838009330486252,0.0,0.0
2111,1.0405,0.24672853248496726,0.23712497115326023,0.014523337554395277,0.0,0.0
2112,1.3665,0.8110747256280634,0.5935416945686522,-0.10718387597264664,0.0,59686.919823060016
2113,1.192,0.4961829797437099,0.4162608890467365,-0.11386639067257967,0.0,8310.0
2114,1.306,0.7510026639435525,0.5750403246122148,-0.06688496817483452,0.0,16995.749434188332
2115,1.04725,0.2983952034204908,0.2849321589119034,0.010093895770780015,0.0,0.0
2116,1.133,0.46353502152377307,0.4091218195267194,-0.005592253204806996,0.0,0.0
2117,1.12775,0.4218701590629242,0.3740812760478157,-0.04649599853608577,0.0,0.0
2118,1.11625,0.3804893303794906,0.3408639017957363,-0.008433073178607253,0.0,0.0
2119,1.2365,0.5542062216666586,0.44820559778945296,-0.10922543091391335,0.0,4876.961658929935
2120,1.09525,0.3901480377662346,0.3562182495012413,-0.027432765514426694,0.0,0.0
2121,1.0525,0.3236818538096033,0.3075362031445162,-0.057438226496097755,0.0,0.0
2122,1.25325,1.5952274524832777,1.272872493503513,0.3499257869708805,0.0,14767.893125252824
2123,1.3675,1.9412330737089805,1.4195488656007171,0.27183293770633926,0.0,0.0
2124,1.101,0.44760371677614336,0.4065428853552619,-0.008084655390357576,0.0,0.0
2125,2.81025,5.131406022664974,1.8259606877199446,0.0486070897365537,0.0,0.0
2126,1.60525,1.7774172949986,1.107252636660084,0.0,0.0,24295.81648436923
2127,1.142,0.3890679162573872,0.3406899441833513,-0.12235614051275451,0.0,15152.714039410597
2128,4.04825,6.626794137260823,1.636952791270505,-0.12047723902677099,0.0,508435.35401103
2129,1.60125,1.2695083104641671,0.792823300836326,-0.1461538535154609,0.0,57267.106622626685
2130,1.77375,1.2306256731381997,0.6937988291124453,-0.1802661328750822,0.0,16111.050567802955
2131,1.04275,0.2386140642709834,0.22883151692254458,0.0,0.0,0.0
2132,1.0345,0.18925830147227105,0.18294664231249014,-0.02638311376897129,0.0,0.0
2133,2.42,7.213363165128871,2.980728580631765,0.19650850795641195,0.0,0.0
2134,1.40425,1.2434703422772218,0.8855049615646942,0.05469074200010657,0.0,16177.410562957164
2135,1.27575,0.5479844972737031,0.4295390925131908,-0.14836923305624816,0.0,20765.0
2136,1.12425,0.42527303204876155,0.37827265470203386,0.0,0.0,0.0
2137,1.082,0.5209067440137339,0.48142952311805354,0.16945276249330582,0.0,0.0
2138,3.3715,3.6334265091025664,1.0776884203181274,-0.38146433794599444,0.0,338516.3680959609
2139,1.119,0.4121667992058457,0.3683349412027218,-0.013594837923979974,0.0,0.5
2140,1.62075,1.5089694114431769,0.9310315665236323,-0.07110896550316645,0.0,17544.638215757845
2141,1.331,0.6852418471585593,0.5148323419673624,-0.18040086716932766,0.0,32696.737272045382
2142,1.04625,0.23690708883903314,0.22643449351401018,-0.09011988591235709,0.0,0.0
2143,1.116,0.5519240482518947,0.49455559879202027,0.15310376137285564,0.0,0.0
2144,1.4905,1.4028192062526652,0.9411735701124893,0.005269260409920096,0.0,49594.18000305376
2145,1.0815,0.3533963387516356,0.32676499191089753,0.0009548281785176083,0.0,0.0
2146,1.14675,0.4280890708288881,0.3733063621791045,-0.11543866010522319,0.0,0.0
2147,4.50075,11.804293065287425,2.622739113544948,0.13025926481573236,0.0,0.0
2148,1.2425,1.3946971158682637,1.1224926485861277,0.29158307492139734,0.0,3648.9026957725478
2149,1.306,0.9651926746638756,0.7390449270014361,0.04208757146489426,0.0,19921.1590667034
2150,1.219,2.5267835599413138,2.0728331090576813,0.5834474057837135,0.0,0.0
2151,1.23025,0.7699890637467344,0.625880157485661,0.03358772898312805,0.0,2840.06895269835
2152,1.16,0.6288870126808787,0.5421439764490333,0.039446345484730944,0.0,6901.044072592365
2153,1.1745,0.46968596021736303,0.3999029035482018,-0.11629649646384965,0.0,33209.0
2154,1.35975,2.3658464119234797,1.739912786853083,0.35774180301875885,0.0,10781.359727442139
2155,1.05225,0.3486406819079929,0.3313287544860945,-0.025178516904967363,0.0,0.0
2156,1.258,0.9193189255213369,0.7307781601918417,0.07632869546481873,0.0,17160.084590744387
2157,1.36075,0.7488321740591991,0.5503084137859262,-0.1418602484065717,0.0,16319.416683652058
2158,1.21225,0.8938118719370447,0.7373164544747739,0.13212548203163887,0.0,2175.1068858844
2159,1.1525,0.6015265651258788,0.52193194371009,0.03228201129532507,0.0,0.0
2160,1.22675,0.9407739906190841,0.766883220394607,0.1543646652601388,0.0,13660.743430281354
2161,1.40625,0.9126440528989508,0.6489913265059205,-0.07964326133952948,0.0,0.0
2162,1.292,1.0653730590449222,0.8245921509635621,0.08497526452631843,0.0,21613.529989571598
2163,1.39675,1.2017489286959675,0.8603894245183229,0.0398690541748567,0.0,15666.5129395826
2164,1.60375,1.9450402908251625,1.2128076638036867,0.03913920029619136,0.0,36591.70842968971
2165,1.21,1.1327933638582548,0.9361928626927726,0.2350300593751654,0.0,284.1478340377819
2166,1.21825,0.6125444801686211,0.5028068788578872,-0.03198300613603372,0.0,0.0
2167,1.0405,0.2527364614172883,0.2428990498964808,0.024971862549128643,0.0,0.0
2168,7.29075,7.4723941013507496,1.0249143231287248,-0.17335681059255648,0.0,12462.0
2169,1.8185,3.4037411936762143,1.871730103753761,0.2615644268103269,0.0,15874.579251694448
2170,1.085,0.35539636554720283,0.3275542539605556,0.003405764541267009,0.0,0.0
2171,1.105,0.46478920733146645,0.4206237170420511,0.00827769541399237,0.0,0.0
2172,1.51275,1.081956604963321,0.7152249908863466,-0.10752260037650102,0.0,69136.27374437581
2173,2.65675,2.471731539164483,0.9303591000901412,-0.26862799065565984,0.0,270935.4545683326
2174,1.141,0.5212359559071424,0.4568238000939022,0.004652807054786101,0.0,2892.5396148747345
2175,1.32775,0.8449902008957869,0.6364076075283652,-0.01567477311073484,0.0,7916.709815944824
2176,1.1265,0.4171825263779378,0.3703351321597317,-0.05134869545237064,0.0,6426.499666960804
2177,1.116,1.5212240238152495,1.363103963992159,0.5934176193163869,0.0,0.0
2178,1.16175,0.6226426410587506,0.5359523486625785,0.03511257898704259,0.0,0.0
2179,1.09725,0.4078406809101457,0.3716934890955987,-0.04848779631975053,0.0,4156.0
2180,1.08025,0.3454558907344189,0.31979253944403513,-0.008914614949727895,0.0,0.0
2181,1.3575,1.2653434409305149,0.9321130319930129,0.08596367392426219,0.0,22732.70506430558
2182,1.8935,1.5022389724949292,0.7933662384446418,-0.3546922463119339,0.0,0.0
2183,1.332,2.4746326902669686,1.8578323500502767,0.37726600144164285,0.0,2082.6615459704526
2184,1.04575,0.28049350554275393,0.268222333772655,-0.01677513178919643,0.0,0.0
2185,1.1165,1.1553187613641915,1.034768259170794,0.4340339824050746,0.0,0.0
2186,1.40125,1.0114366952741711,0.7218103088486502,-0.035005983535580126,0.0,25468.64603453271
2187,1.2025,0.6454439553321951,0.5367517300059835,-0.009262098857420381,0.0,63.85545291921536
2188,1.5315,1.9571574710128936,1.2779350120880792,0.1498933271363517,0.0,1523.0919631884815
2189,1.9205,1.8357620367476526,0.9558771344689677,-0.26761488650106763,0.0,0.0
2190,1.04,0.23111329113301682,0.22222431839713155,-0.013871115945658263,0.0,0.0
2191,2.01275,6.118328687148232,3.039785709674938,0.255201533344684,0.0,0.0
2192,7.23625,7.466784726777585,1.0318583142895263,-0.17368294907266535,0.0,0.0
2193,1.18475,0.6194460152761178,0.5228495592117475,-0.017504789936058918,0.0,0.0
2194,1.276,3.0879131791471224,2.4199946545040145,0.6025275757295256,0.0,0.0
2195,1.15925,0.6745392414804896,0.5818755587496137,0.06988093932611336,0.0,0.0
2196,3.04175,3.0839722207997697,1.0138808977725882,-0.4526702609350816,0.0,0.4444444444444445
2197,1.09875,0.4914863448833566,0.44731407952978985,0.032533116676667584,0.0,0.0
2198,1.38675,3.061211719531655,2.207471944857873,0.4459486778395944,0.0,0.0
2199,1.5475,1.412176444562663,0.9125534375202992,-0.09990043863165005,0.0,21031.20100067714
2200,1.11325,1.475624886175744,1.3255107892887885,0.5802004148828832,0.0,8310.0
2201,4.8535,11.362341900038187,2.341061481413039,0.11368713495394211,0.0,2804.9353336743534
2202,1.2165,0.5605410792933858,0.4607818161063591,-0.07051319138989462,0.0,1348.9352655742791
2203,1.70425,1.1798855749573762,0.6923195393618168,-0.19855221234617954,0.0,44952.566434100496
2204,2.81675,5.53780969983331,1.9660281174521381,0.08170873781556409,0.0,322725.94560527947
2205,1.10675,0.6192336393276925,0.5595063377706732,0.13287620146323512,0.0,8310.0
2206,1.12825,0.4515007206253178,0.4001779043876072,-0.017016357421186457,0.0,0.0
2207,1.047,0.30135312081652066,0.2878253302927609,0.014377751404320849,0.0,0.0
2208,1.08075,0.3312957541520564,0.30654245121633716,-0.027091347598208526,0.0,0.0
2209,8.84425,16.421583633735203,1.8567525379467114,0.16859845694274012,0.0,18131.9545515933
2210,1.48125,1.0760752399253943,0.7264642969960469,-0.10988980428219047,0.0,21412.01649333335
2211,24.86175,21.015531163285377,0.8452957319289823,0.27572379165201055,0.0,5114.98113399541
2212,1.1605,1.7098159601706888,1.473344213848073,0.47382308605764956,0.0,0.0
2213,2.284,2.704934965630796,1.1842972704162855,-0.229472461955882,0.0,0.0
2214,1.12,1.5513547870873559,1.3851382027565675,0.5620432865938272,0.0,0.0
2215,1.07875,0.2933768139931089,0.2719599666216536,-0.028435200119333648,0.0,0.0
2216,1.56175,3.8367130501586,2.4566755563685607,0.33416991757793524,0.0,0.0
2217,1.257,2.57858745795437,2.051382225898465,0.5242443606296311,0.0,0.0
2218,1.105,0.9971075949409732,0.9023598144262202,0.33976368475585333,0.0,0.0
2219,1.057,0.36984482732502116,0.3499004988883833,0.00046296976150689284,0.0,0.0
2220,2.485,1.791250162396663,0.720825015048959,-0.4084730470641176,0.0,349992.1734420752
2221,1.0435,0.25322673821150155,0.24267056848251223,-0.06118838106051572,0.0,0.0
2222,1.07875,0.34143459387629993,0.3165094728864889,0.03744653333029685,0.0,0.0
2223,1.49675,1.1759401116921608,0.7856623428709943,-0.07134723830200233,0.0,74400.99111911483
2224,1.081,0.30242662823628247,0.27976561353957674,-0.06668719012140317,0.0,0.0
2225,1.04125,0.2656427657960121,0.2551191028052937,0.046601955282323027,0.0,0.0
2226,1.07625,0.30324730375026904,0.28176288385623144,-0.014064039910699488,0.0,0.0
2227,1.071,0.2774495351611537,0.2590565220925805,-0.020555473582748784,0.0,0.0
2228,1.22925,0.6350553214605235,0.5166201516864133,-0.05008526833564855,0.0,12703.356604894865
2229,1.0945,0.44228797707338363,0.4041004815654487,0.027042941389510022,0.0,0.0
2230,1.34125,1.6408752406532459,1.2233925372997172,0.1988308176643705,0.0,24629.414017954467
2231,1.03525,0.20740827381763727,0.20034607468499133,0.013388025138020732,0.0,0.0
2232,1.247,0.9242318708732049,0.7411642909969566,0.11288411259967623,0.0,0.0
2233,10.4465,11.061474892920097,1.0588689889360166,-0.0030035416103750823,0.0,0.0
2234,1.1385,0.4998802057043405,0.43906913105343914,-0.013515619662029688,0.0,0.0
2235,2.23825,4.2167442619327336,1.883946950489326,-0.03665202722032279,0.0,30427.642639546735
2236,1.0535,0.3530848583971102,0.3351541133337543,-0.01967748546033271,0.0,0.0
2237,1.34875,0.775095884976644,0.5746772085090965,-0.12688931307747445,0.0,12290.218980615613
2238,1.3195,0.622106505452267,0.4714713948103577,-0.14866170286071784,0.0,25328.79594275937
2239,1.13,0.4490550217992788,0.3973938246011317,-0.019375247750311186,0.0,0.0
2240,1.04925,0.3359354858639761,0.32016724885773273,0.061557940100201824,0.0,0.0
2241,1.347,0.7692456920475301,0.5710806919432295,-0.13017967150359286,0.0,3888.748561763983
2242,2.2895,6.784334643068344,2.9632385425063745,0.1698779718780533,0.0,328.3016045801342
2243,1.258,0.6201065497422666,0.4929304846917859,-0.09467118681606987,0.0,0.0
2244,1.0515,0.2955834778841665,0.28110649347043887,0.005982212828074318,0.0,0.0
2245,2.22575,2.626977767425457,1.1802663225544006,-0.11197487368669157,0.0,222111.53283265806
2246,1.128,0.45295396214511224,0.40155493097970946,-0.015620742299562396,0.0,0.0
2247,11.8735,11.141994155376299,0.9383917257233586,0.00014634677771785398,0.0,315.93241478159285
2248,2.733,4.646139004798822,1.7000142717888114,0.005462909188463594,0.0,0.0
2249,1.09825,0.40760087354914915,0.3711366934205774,-0.048743233428721555,0.0,0.0
2250,26.76125,20.699404937792163,0.7734842332773006,0.26914128109545543,0.0,40807.747941235895
2251,2.9915,2.9371047642362065,0.9818167354959741,-0.4738612806344145,0.0,0.0
2252,1.045,0.24287805054565803,0.23241918712503162,-0.07930967360570607,0.0,0.0
2253,1.2285,0.6464458392284415,0.5262074393393907,-0.042364683378154994,0.0,3534.537609378394
2254,1.954,3.3800503228570813,1.7298108100599188,-0.00250810478993857,0.0,51638.41836710205
2255,1.05625,0.8427713232994133,0.7978900102242966,0.3581531703463776,0.0,0.0
2256,1.1175,0.4052589403112232,0.36264782130758233,-0.020935239073436696,0.0,0.0
2257,1.4265,3.6997323896383008,2.59357335411027,0.5282256221874158,0.0,4156.0
2258,1.45925,1.1485509260835813,0.7870830399750429,-0.08158218652088142,0.0,30229.32825518336
2259,1.17825,0.5572742378255395,0.47296773844730705,-0.04203510841076258,0.0,0.0
2260,1.038,0.21229052455704228,0.2045188097852045,0.023492558261261398,0.0,0.0
2261,1.2085,0.5436926065458341,0.4498904481140539,-0.08376720954136621,0.0,0.0
2262,1.3995,0.759963246502098,0.5430248277971405,-0.15915210012225972,0.0,8583.121519715478
2263,2.20175,3.1477808164669168,1.4296722227623102,-0.033426786653200924,0.0,156419.34483708144
2264,1.37825,1.7121360313793668,1.2422536052090454,0.19359357748700068,0.0,637.3875646568952
2265,1.164,0.5302587043824867,0.45554871510522915,-0.03463847425806327,0.0,0.0
2266,1.47775,0.8373650533418143,0.5666486573113276,-0.21881761079114997,0.0,42507.49098201577
2267,1.2045,0.57075493015617,0.4738521628527771,-0.06267096519432552,0.0,18271.015814538172
2268,1.3655,1.320926175639794,0.9673571407102117,0.10463380201761845,0.0,1.6261904761904764
2269,1.0805,0.33022266995610433,0.30562024058871295,-0.028500333158421653,0.0,0.0
2270,1.1275,0.49729827708740204,0.4410627734699797,0.024942149367484512,0.0,0.0
2271,1.24725,0.6121365168643508,0.4907889491796759,-0.0660485398827424,0.0,2351.4646890398412
2272,1.12275,1.1320348109503087,1.0082697046985605,0.42519193839410224,0.0,0.0
2273,1.18,0.5698080117834191,0.48288814557916876,-0.03237552363294552,0.0,0.0
2274,1.0365,0.20168767805661797,0.19458531409225083,0.001241314258863535,0.0,0.0
2275,1.131,1.4996336970428237,1.3259360716559008,0.5043103853011368,0.0,0.0
2276,27.09525,20.598586186331307,0.7602286816446169,0.2670208334309436,0.0,45713.52253257702
2277,1.37375,0.7750555562531113,0.5641896678821556,-0.12691191027879367,0.0,2307.05296616126
2278,1.86075,1.5155638128821,0.8144908305157061,-0.0898178768342709,0.0,0.0
2279,1.0355,0.19557431408056122,0.1888694486533667,-0.012126236138506608,0.0,0.0
2280,11.82425,11.142212489550294,0.9423187508341159,0.0001548569597036309,0.0,315.93241478159285
2281,1.91825,1.2391330841358608,0.6459705899313753,-0.43831331843388094,0.0,51146.264424805995
2282,1.18625,0.5955246425631563,0.5020228809805322,-0.03460851641416762,0.0,2350.4489750137277
2283,1.11525,0.3879498211959138,0.3478590640626889,0.0,0.0,0.0
2284,1.94625,1.7247042032322997,0.8861678629324596,-0.29471664920293617,0.0,125154.63846749841
2285,1.12225,0.44761035092652196,0.3988508362009552,0.022232277414991675,0.0,8310.0
2286,1.14175,0.4901193647959005,0.42927029979934356,-0.0220796975421651,0.0,205.45852103177185
2287,2.5735,7.138195584953684,2.773730555645496,0.1919591535106766,0.0,0.0
2288,1.142,1.5226344288439608,1.3333051040665158,0.470214086031602,0.0,0.0
2289,1.649,2.2866145612100626,1.3866674112856656,0.10940356304501833,0.0,61410.54260528311
2290,2.9255,3.013174331977611,1.0299690076833399,-0.182605030647148,0.0,0.0
2291,7.1875,7.470394597935387,1.0393592484084018,-0.1734730369974795,0.0,0.0
2292,1.04075,0.21932045701602126,0.21073308384916767,-0.03661689586974526,0.0,0.0
2293,1.21475,0.7233693754323086,0.5954882695470743,0.04023948173294062,0.0,2496.243506726469
2294,1.1255,0.4937719136156581,0.4387133839321707,0.02185157783299907,0.0,0.0
2295,1.0785,0.31442402200913994,0.29153826797324056,0.0016547307098779829,0.0,0.0
2296,1.26775,0.6353430984225596,0.5011580346460736,-0.08412918868105032,0.0,0.0
2297,1.187,1.0128116541893242,0.8532532891232723,0.19602043649748435,0.0,0.0
2298,1.2175,0.7037880216335375,0.5780599767010575,0.028321234145620683,0.0,0.0
2299,1.151,0.46664058798993246,0.4054218835707493,-0.0779902898304165,0.0,0.0
2300,1.03225,0.18632932446152584,0.18050794329041012,-0.03315684246905104,0.0,0.0
2301,3.06825,3.0483462797491225,0.993513005703291,-0.45771641882089265,0.0,0.0
2302,1.1785,0.6926454283559198,0.5877347716214847,0.052406897131750396,0.0,0.0
2303,1.83975,3.1764118649167483,1.7265453811206677,0.23154470566967167,0.0,21741.117235462145
2304,1.05275,0.4764705589523733,0.4525961139419361,0.11047949156286024,0.0,0.0
2305,3.096,3.0849089396271405,0.9964176161586371,-0.45253836932933683,0.0,0.0
2306,1.03575,0.18703123447881015,0.18057565481902985,-0.03152391151729672,0.0,0.0
2307,1.1305,0.8562435624631376,0.7574025320328506,0.26092251410153955,0.0,0.0
2308,1.1145,1.2021859518251288,1.0786773906012819,0.49119609266285985,0.0,0.0
2309,1.1135,0.36214712153268397,0.32523315808952313,-0.029890518408434374,0.0,0.0
2310,1.09,0.41766447167879356,0.38317841438421424,0.0021653413905406427,0.0,0.0
2311,1.09225,0.40159713341157094,0.3676787671426605,-0.014871588338060349,0.0,0.0
2312,1.05075,0.32046858274740764,0.3049903238138545,0.041087517744452295,0.0,0.0
2313,1.04625,0.2610133511764735,0.2494751265724956,-0.04803521934089339,0.0,0.0
2314,1.18075,0.535398076458133,0.45343898069712724,-0.059427268425291,0.0,0.3333333333333333
2315,1.054,0.3340836766077384,0.3169674351117063,-0.043701322801490694,0.0,0.0
2316,1.10125,0.5196787026504908,0.47189893543744904,0.05675657951233193,0.0,0.0
2317,1.12025,0.4139236290581551,0.36949219286601664,-0.011747624508446464,0.0,258.8651226482739
2318,1.15425,0.4472213537330353,0.3874562302213864,-0.09645026860522415,0.0,0.0
2319,1.501,1.4955126677948551,0.9963442157194239,0.033057653245322505,0.0,31271.84102759343
2320,12.1915,10.95327902184239,0.89843571519849,-0.007272428583927404,0.0,127768.06325629726
2321,10.38125,10.977273047910947,1.0574134182214037,-0.0063221125823083035,0.0,0.0
2322,1.06875,0.2967245336372029,0.2776369905377337,0.008613980815099787,0.0,0.0
2323,1.091,0.363664767355533,0.33333159244320165,-0.05796096481913093,0.0,0.0
2324,1.1035,1.2520701537523686,1.1346353908041402,0.4386503236451034,0.0,0.0
2325,1.0565,0.3410818585157413,0.3228413237252639,-0.03469795850835805,0.0,0.0
2326,1.112,0.9940840260072036,0.8939604550424491,0.4086475391107444,0.0,0.0
2327,1.23175,0.5311426038423243,0.4312097453560579,-0.1276856895852645,0.0,159.75475098378323
2328,1.8105,1.1308887997364472,0.6246278927017107,-0.2169722010506674,0.0,58588.10162965819
2329,1.118,0.5609408735917863,0.5017360228906854,0.12024924296522749,0.0,0.0
2330,1.339,1.6308721396798695,1.2179776995368705,0.1961751694212434,0.0,16612.0
2331,1.06,0.4323733764747444,0.40789941176862676,0.0683023650399841,0.0,0.0
2332,1.2805,0.9080340750601641,0.709124619336325,0.07096464091512626,0.0,8102.5340917155845
2333,1.20825,1.1938334251736151,0.9880682186415188,0.2578230973951965,0.0,357.4433003831281
2334,1.2565,0.7680203212177728,0.6112378203086134,-0.001764794053162072,0.0,17418.81859125331
2335,1.279,1.5678882512449976,1.225870407541046,0.3081776004697798,0.0,2.2113654461480547
2336,1.17925,1.0194995254145924,0.8645321394230168,0.220282952971283,0.0,0.0
2337,1.1365,0.3832811971895175,0.3372469838887087,-0.1288640451449402,0.0,8311.0
2338,1.356,0.7213834614992439,0.5319937031705338,-0.15807856285815564,0.0,8724.351569295088
2339,1.21925,0.6318854780055707,0.5182575173307942,-0.018482262268313066,0.0,4156.0
2340,1.13625,0.49218543164622536,0.43316649649832817,-0.020252804792122214,0.0,0.0
2341,1.45475,0.853893858263599,0.5869694849724001,-0.21032855299348693,0.0,9906.426874570183
2342,1.129,0.454874408690927,0.4029002734197759,-0.013783301196036102,0.0,1983.4003952349835
2343,1.15875,0.49356796880972614,0.4259486246470129,-0.06577931316723012,0.0,0.0
2344,1.33775,3.353578172510637,2.506879590738656,0.5092636899960812,0.0,0.0
2345,1.586,1.4133659826280711,0.8911513131324533,-0.09953476735850272,0.0,25346.177454237742
2346,1.12725,0.43081763944807894,0.38218464355562554,-0.03738132843996611,0.0,4156.0
2347,1.0605,0.42471737215653527,0.4004878568189866,0.060543445995078216,0.0,0.0
2348,1.12475,0.6773493471130748,0.6022221356862191,0.15913791129667113,0.0,0.0
2349,1.18225,0.45835298555244647,0.38769548365611883,-0.12690401043626126,0.0,16610.0
2350,1.74075,1.3462884388719083,0.7733956276730767,-0.14125398756706994,0.0,0.0
2351,1.0895,0.40377036496863744,0.3706015281951698,-0.012527752099646738,0.0,0.0
2352,1.046,0.2353674774950133,0.22501670888624598,-0.09295148908283268,0.0,0.0
2353,1.06125,0.3943822027303686,0.37162045015818007,0.02836072907528464,0.0,0.0
2354,1.07575,0.3435716051450782,0.31937867082972643,0.04015627585241177,0.0,0.0
2355,1.9705,3.1999515109479555,1.6239287038558516,-0.026287873497657155,0.0,37511.73855189206
2356,1.836,1.2905504174944207,0.7029141707485951,-0.15961712826527852,0.0,46754.53173189747
2357,10.685,11.119720637082645,1.0406851321556054,-0.0007227030152141545,0.0,0.36000000000000004
2358,1.48025,1.0241445969875957,0.6918727221669284,-0.13137116468121662,0.0,89839.65322993566
2359,1.04925,0.282567511578472,0.2693042759861539,-0.013575714947943851,0.0,0.0
2360,1.18375,0.6943388683604202,0.5865587061122874,0.053467402310621526,0.0,0.0
2361,1.14775,0.41528671211985074,0.36182680210834306,-0.1286247652223168,0.0,14514.5
2362,1.1915,0.499389725088914,0.4191269199235535,-0.11106865100409061,0.0,10689.018682678086
2363,1.0715,0.2948041339081634,0.2751321828354302,0.005794094032684716,0.0,0.0
2364,1.03075,0.1769527212743325,0.17167375335855686,-0.05558080605942406,0.0,0.0
2365,1.9255,5.923277897858906,3.0762284590282554,0.24113083760026044,0.0,8310.000000000002
2366,5.3495,12.396340874095335,2.3172896297028385,0.15151279156513087,0.0,33683.51943672815
2367,4.8745,11.291794627360021,2.316503154653815,0.11098225231667747,0.0,67832.40549416639
2368,1.20725,0.6212035986516373,0.5145608603451127,-0.025886673844417812,0.0,24914.0
2369,3.08,3.0932979363505804,1.0043175118021364,-0.45135896653564417,0.0,0.4444444444444445
2370,1.217,0.4774599375842956,0.39232533901749844,-0.1401836998561967,0.0,12464.0
2371,1.27825,1.1272287250818542,0.8818531000053621,0.16487454200534035,0.0,2533.6089129859624
2372,1.66125,3.5690591173649406,2.148417828361138,0.30276433988843243,0.0,663.6151198315207
2373,1.39325,1.755954236681677,1.2603296154183936,0.20456850375167168,0.0,0.0
2374,1.64,4.118694078251934,2.5113988282023993,0.36497013360981256,0.0,0.0
2375,1.08,0.3465977964559599,0.32092388560737023,-0.007481420349473522,0.0,0.0
2376,1.13925,0.8111867500679923,0.7120357692060498,0.1967392887489576,0.0,0.0
2377,1.14225,0.499577153033401,0.43736235765673104,-0.013778990791569079,0.0,0.0
2378,1.32375,0.864651862434126,0.6531836543411716,-0.005685164432521594,0.0,8589.176970374758
2379,1.401,1.5281632179532318,1.0907660370829635,0.14422505277174277,0.0,2414.7248954940783
2380,1.18,1.3847669099342,1.1735312796052542,0.3532726022168178,0.0,0.0
2381,1.037,0.21364084488376903,0.20601817250122376,0.026246234902509102,0.0,0.0
2382,1.2655,2.5039123675332715,1.9785953121558841,0.5114816199426839,0.0,0.0
2383,1.05675,0.7922665959699247,0.7497199867233731,0.3313147660756666,0.0,0.0
2384,1.03025,0.17984166162436874,0.17456118575527174,-0.04854774538231921,0.0,0.0
2385,1.119,0.7127173293093653,0.63692343995475,0.22424947498793932,0.0,0.0
2386,26.146,21.024109667161277,0.8041042479599662,0.2759010337442074,0.0,1.9216796336048814
2387,1.0785,0.4913228058261505,0.4555612478684752,0.19550593529145227,0.0,0.0
2388,1.20425,0.6864034709492899,0.5699841984216648,0.017458834161667824,0.0,0.0
2389,1.05175,0.26942547210918144,0.2561687398233244,-0.13711792671079487,0.0,0.0
2390,1.146,0.5236912861035451,0.4569731990432331,-0.02789745291274881,0.0,0.0
2391,1.1375,0.5125030876528583,0.4505521649695458,-0.0026850733192012033,0.0,0.0
2392,1.15825,0.6559836248939697,0.5663575436166369,0.05776671775765002,0.0,0.0
2393,1.41775,0.8467078398370423,0.5972194250305359,-0.11221110846275408,0.0,379.9412473385283
2394,1.24825,0.6022562707468586,0.4824804892824823,-0.07311549728560518,0.0,0.0
2395,1.71875,2.8665663673085517,1.6678204318886118,0.18696989718692125,0.0,0.0
2396,1.1565,0.7862329747426288,0.6798382833918104,0.14857845376435994,0.0,0.0
2397,1.107,0.35648670479089845,0.3220295436232145,-0.0367322186084571,0.0,2076.5
2398,3.05175,3.046373587646282,0.9982382526898604,-0.45799755703341627,0.0,0.4444444444444445
2399,3.01725,3.0273327572973954,1.0033417042994102,-0.460720558170499,0.0,0.4444444444444445
2400,1.036,0.1916068325884378,0.1849486801046697,-0.021027060191151525,0.0,0.0
2401,1.11575,0.42941592542574886,0.38486751102464606,0.044102590711959044,0.0,0.0
2402,1.059,0.3828258597714207,0.3614975068663085,0.015444687310362748,0.0,0.0
2403,1.18075,0.5006416862632457,0.4240031219676017,-0.08857706637835305,0.0,16615.0
2404,1.0415,0.2242550391421454,0.21531928866264557,-0.026953827379872397,0.0,0.0
2405,4.053,10.3761316022281,2.560111424186553,0.07425475296220996,0.0,10386.469595190249
2406,1.07725,0.288623047097471,0.26792578054998467,-0.03552998066274826,0.0,0.0
2407,1.207,0.6290865898144475,0.5211985002605198,-0.020410209324583733,0.0,14749.514616162853
2408,1.3945,0.7909020998409875,0.5671581927866529,-0.14182196088015236,0.0,43564.53593668272
2409,1.04,0.2188880489987944,0.21046927788345615,-0.03747398775265498,0.0,0.0
2410,3.01625,3.0608541527711077,1.0147879495304128,-0.4559380820699984,0.0,0.4444444444444445
2411,1.6975,2.3277345933512845,1.3712722199418466,0.09654135694011995,0.0,46299.38731650718
2412,1.218,0.7315119803833434,0.6005845487547976,0.04510080641511735,0.0,0.0
2413,1.196,0.757447973037069,0.6333177032082518,0.0698445542062194,0.0,4156.0
2414,1.2085,0.6668124996784568,0.5517687212895795,0.004883095473918547,0.0,4685.454741761311
2415,1.60575,2.825564172111948,1.759653851540992,0.20131577340311016,0.0,19125.672904907304
2416,1.24925,0.758134638129919,0.6068718336040977,0.02684951151799854,0.0,3593.527131200316
2417,1.4285,0.9589669725353441,0.6713104462970557,-0.05814103943692579,0.0,39225.84735688168
2418,1.0425,0.24126396762782226,0.23142826630966165,0.004796427536257197,0.0,0.0
2419,1.23725,0.7124530404410585,0.5758359591360344,-0.00014058370289582456,0.0,987.6817442775873
2420,1.1065,0.3764215367023031,0.34019117641419166,-0.0833038761920305,0.0,4156.0
2421,1.02875,0.1828436366102529,0.17773379014362373,-0.04135820143404201,0.0,0.0
2422,1.04325,0.2497899843049452,0.23943444457699037,-0.06712292126747965,0.0,0.0
2423,1.15175,0.4356252745708876,0.37822902068234215,-0.10785973131070797,0.0,1802.9107907644384
2424,1.08975,0.38888654603421496,0.3568584960167148,-0.028839274001801973,0.0,0.0
2425,1.0615,0.46666068298953794,0.4396238181719622,0.10144463308059687,0.0,0.0
2426,1.33575,1.9104801545960313,1.4302677556399261,0.26489778646659407,0.0,789.6190030038712
2427,1.146,1.140398670326224,0.9951122777715743,0.31008390177720613,0.0,0.0
2428,1.48525,1.2637965551991481,0.8508982024569252,-0.04005527559605988,0.0,41277.925480962294
2429,11.83125,11.132194522025703,0.9409144868061872,-0.00023579301871379243,0.0,259.7199397490009
2430,1.2065,0.6208495095660317,0.5145872437347963,-0.026134294399656977,0.0,4156.0
2431,1.156,0.5326677517303195,0.4607852523618682,-0.020516395552056477,0.0,190.51199209210446
2432,1.19325,0.5314838250258103,0.44540861095814815,-0.08401820162133802,0.0,16612.0
2433,1.044,0.2829912030527651,0.27106437074019646,-0.012925006545869033,0.0,0.0
2434,1.06525,0.32096447162888914,0.30130436200787525,0.04271748679133791,0.0,0.0
2435,1.03775,0.22767937318572262,0.21939713147263082,0.05388563520546086,0.0,0.0
2436,1.18825,0.4983713786000877,0.4194162664423208,-0.11195516063589381,0.0,8310.0
2437,1.41375,1.1074147955406526,0.7833172735919735,0.004365632104401641,0.0,34199.94120688205
2438,1.0965,0.4064837724489332,0.37071023479154874,-0.04993512704923625,0.0,0.0
2439,1.0515,0.30638410174885233,0.29137812814917,0.02156828405101696,0.0,0.0
2440,1.2335,0.6333072078421943,0.5134229492032382,-0.05128239701353607,0.0,16979.309643397537
2441,1.0685,0.7300280715467808,0.6832270206333934,0.3996000851180633,0.0,0.0
2442,1.07775,0.3110130540346257,0.28857625055404845,-0.003082370153299152,0.0,0.0
2443,1.08325,0.34691429039637484,0.32025321061285467,-0.0070850276000864465,0.0,0.0
2444,1.05675,0.874768965319227,0.8277917817073356,0.3743367876775991,0.0,0.0
2445,1.23925,0.5509857836945146,0.444612292672596,-0.11175643438184552,0.0,7533.427805845217
2446,3.0305,3.0060487075574893,0.9919315979401053,-0.4637847051180551,0.0,0.0
2447,1.81975,1.5186627412399396,0.834544712867119,-0.08893076578335249,0.0,28023.532745545064
2448,1.311,0.8789039299203909,0.6704072691993829,0.0014149606720985364,0.0,563.491576045272
2449,1.0485,0.30277164277210095,0.2887664690244167,0.01641725525216131,0.0,0.0
2450,1.15925,0.4769133035204289,0.41139814838941463,-0.08068684333220572,0.0,4151.0
2451,1.3965,1.0222763874085439,0.732027488298277,-0.03037635991780756,0.0,25597.192011923547
2452,1.34875,0.7578040671908951,0.5618565836447786,-0.13668781244502576,0.0,2307.05296616126
2453,3.175,7.583155745648753,2.388395510440552,-0.06193074260058329,0.0,97431.1571189418
2454,1.27825,0.6331880994557013,0.4953554464742431,-0.08560476147218263,0.0,20766.0
2455,1.1695,0.5252034935883608,0.4490837910118519,-0.06777646867530807,0.0,0.0
2456,1.0745,0.3016164669299089,0.2807040176174117,-0.016405939632759825,0.0,0.0
2457,1.68425,2.7203679967992382,1.6151806423032438,0.16423555312606064,0.0,50651.59124853912
2458,1.05775,0.3534772609992202,0.3341784552107967,-0.019195098143991896,0.0,0.0
2459,1.07225,0.28469316825314317,0.26551006598567795,-0.009362429555869967,0.0,0.0
2460,1.076,0.2987412117165867,0.27764053133511774,-0.020565849849183415,0.0,0.0
2461,1.05225,0.32256154294529094,0.306544588211253,-0.05894399140211376,0.0,0.0
2462,1.54625,2.2101090658654736,1.4293348849574607,0.09462430433771138,0.0,24730.79302168287
2463,1.07925,0.5050081145872309,0.4679250540534917,0.2074373684763492,0.0,0.0
2464,1.07875,0.7919629024201214,0.7341486928575863,0.40284385055248445,0.0,0.0
2465,1.1085,0.36298855377620814,0.32745922758340834,-0.028882625522411665,0.0,0.0
2466,1.56175,1.703646835654373,1.0908575864602996,-0.018409830782402242,0.0,56709.48255054761
2467,1.1765,0.722134419294554,0.6137989114275851,0.07051397041195873,0.0,0.0
2468,1.18375,0.5491459986487729,0.4639036947402516,-0.04841625151240986,0.0,247.5866574990758
2469,1.04275,0.2654054398686621,0.2545245167764681,0.046213782056529484,0.0,0.0
2470,1.097,0.4771246293978068,0.434935851775576,0.01965349610139827,0.0,0.0
2471,1.10625,0.33910129006128875,0.30653223960342485,-0.1286488975305191,0.0,0.0
2472,2.48575,7.393169934332597,2.9742210336247,0.2072013988641659,0.0,207.55412204342588
2473,1.40175,2.6406609418955163,1.8838315975712618,0.3817679523566948,0.0,11463.01432080954
2474,1.27775,1.287641037852006,1.00774098051419,0.22265730411676612,0.0,257.34260879030603
2475,1.17325,0.511174884399273,0.4356913568287007,-0.0795345675298626,0.0,0.0
2476,2.101,2.34129652486701,1.1143724535302286,-0.1619748504643243,0.0,216114.68137463072
2477,1.28225,0.5763401595367736,0.4494756557120481,-0.12645862293783136,0.0,16616.0
2478,1.0415,0.21860854837896,0.209897790090216,-0.03802889763823836,0.0,0.0
2479,2.067,6.102279939097663,2.952239931832444,0.2540608558318338,0.0,10633.385175070844
2480,1.36225,1.8713365310929917,1.373710061363914,0.25590715142529613,0.0,28296.38749637801
2481,1.1965,1.1801423363236723,0.9863287390920789,0.26242613695514316,0.0,2149.35064344874
2482,1.12375,0.4295137460134467,0.3822146794335455,0.004309223847821175,0.0,909.6426057072505
2483,1.814,2.6580388056936157,1.465291513612798,0.15416921316762505,0.0,35036.93285738278
2484,1.117,0.38189980605581136,0.34189776728362703,-0.04671840573531755,0.0,0.0
2485,1.058,0.37372572527113035,0.3532379255870797,0.004996414130859217,0.0,0.0
2486,1.0685,0.29466838541713475,0.2757776185466867,0.005594068349756842,0.0,0.0
2487,1.07975,0.30969971904894383,0.2868253938864958,-0.0049201766656254975,0.0,0.0
2488,1.04025,0.222805628490444,0.2141846945353944,-0.029769880319084785,0.0,0.0
2489,1.92025,1.7988048427262902,0.9367555488745164,-0.27644722287659296,0.0,0.0
2490,1.078,0.31454846237709694,0.2917889261383088,0.0018265785002868906,0.0,0.0
2491,1.07925,0.32403037885606556,0.3002366262275335,0.014724740531535718,0.0,0.0
2492,1.08575,0.3760748536846002,0.34637333979700685,0.02796707756333916,0.0,0.0
2493,1.6575,2.4275846106285237,1.4646060999267112,0.13538497395508856,0.0,27804.592124539424
2494,1.09025,0.5293155781245356,0.48549926908923235,0.10505248326218125,0.0,0.0
2495,1.12125,1.6383587801129191,1.4611895474808643,0.5857411693510075,0.0,0.0
2496,1.35275,1.1223334377921728,0.8296680375473464,0.033877157808379126,0.0,0.0
2497,1.16625,1.5078724605679803,1.2929238675824053,0.41923832882767775,0.0,0.0
2498,1.3435,1.6343731348397685,1.2165040080683056,0.1971064706460715,0.0,2073.6606527258355
2499,1.319,1.2319165574831559,0.9339776781525064,0.14805484666066626,0.0,595.7971368318808
2500,1.139,0.5106311643902197,0.4483153330906231,-0.004274242773752934,0.0,0.0
2501,1.1625,0.510547661564209,0.43918078414125505,-0.051089989245708456,0.0,0.0
2502,2.0175,2.6210515500094522,1.2991581412686255,-0.11295570838124824,0.0,139356.88432054588
2503,1.31725,0.7315984189168538,0.5553983062568638,-0.07825368746727625,0.0,26157.064162024875
2504,1.13825,0.48958846158322483,0.4301238406178123,-0.02255038554128236,0.0,1471.5456078243817
2505,1.17475,0.6923382631110618,0.5893494472109486,0.0522142592344475,0.0,0.0
2506,1.07,0.7872451579620439,0.735743138282284,0.4323705230240723,0.0,0.0
2507,1.13825,0.5312320485177293,0.46670946498372884,0.01290270802644139,0.0,0.0
2508,1.03575,0.20732265474567096,0.20016669538563453,0.013208709401151486,0.0,0.0
2509,1.08475,0.34727163272678085,0.3201397858739625,-0.006637908720881047,0.0,0.0
2510,1.47675,2.691889857563142,1.8228473726515266,0.2883248433046657,0.0,11939.0608967027
2511,1.0385,0.20500794390526936,0.19740774569597436,-0.06592534808735373,0.0,0.0
2512,1.0535,0.32429005690932394,0.30782160124283237,-0.05662294631716963,0.0,0.0
2513,2.29225,4.713798352839015,2.0564067413410467,0.011741710466010247,0.0,2.0
2514,1.6055,2.016156236875722,1.2557809011994534,0.05473478190259265,0.0,5527.318324989127
2515,1.47,0.9191361176673999,0.6252626650798638,-0.17835261070325353,0.0,50347.553582109744
2516,3.8875,8.267976391379095,2.126810647300089,-0.024381490519054583,0.0,50804.357393255195
2517,1.2765,1.5692875504043111,1.2293674503754886,0.3085650240521008,0.0,0.0
2518,2.43375,3.6351636195823818,1.4936470958736032,-0.10110532650981663,0.0,65236.89593971299
2519,1.2275,0.5659715814047023,0.46107664472888166,-0.10010220297502609,0.0,0.0
2520,1.22475,0.5360123737528865,0.43765043784681484,-0.08994582136812815,0.0,6793.103426072347
2521,1.1845,0.4663840997848587,0.3937392146769596,-0.14076451772610213,0.0,1385.1666666667675
2522,1.79975,1.3311998199895405,0.7396581858533355,-0.14614885369194675,0.0,25656.299256497226
2523,1.08025,0.32378410482393066,0.29973071494925313,-0.03705169304764894,0.0,0.0
2524,1.16625,1.6049158470832838,1.3761336309395789,0.4463259847342699,0.0,0.0
2525,1.47075,1.0229398999988963,0.6955226245105534,-0.1318823241528712,0.0,23830.875152887267
2526,1.08,0.3326073614853233,0.30796977915307716,-0.02537536056658679,0.0,0.0
2527,1.11825,1.0742697293337649,0.9606704487670601,0.40244549484063297,0.0,0.0
2528,1.0985,0.4010460815041988,0.36508519026326697,-0.055784062180313065,0.0,0.0
2529,1.357,1.0558549651476081,0.778080298561244,0.007359522248168604,0.0,1422.0436507792826
2530,1.06525,0.261743318713626,0.24571069581189955,-0.045863870469148416,0.0,0.0
2531,1.18,0.5654024407269524,0.47915461078555294,-0.035746396057075164,0.0,5591.507940284757
2532,1.1895,0.46812876020816485,0.39355087028849506,-0.13914293003616227,0.0,24907.0
2533,1.1545,0.5667539611799183,0.4909085848245286,0.006421763712902512,0.0,0.0
2534,1.164,0.4686778368225686,0.4026441897101105,-0.08825186382794081,0.0,6100.765710725462
2535,1.03475,0.1988776648630895,0.19219875802183087,-0.004852039872449421,0.0,0.0
2536,1.152,0.5132853645550073,0.4455602122873327,-0.03661391920418183,0.0,8776.265770619424
2537,1.32975,0.6649251603505592,0.5000377216398264,-0.19347197758828602,0.0,23111.51432860989
2538,1.08425,0.3697108451577487,0.34098302527807123,0.020554972776415492,0.0,0.0
2539,1.18,0.5321379451779158,0.45096436032026765,-0.06207984669550054,0.0,0.0
2540,1.0425,0.23918204784850233,0.229431220957796,0.0010325418874942427,0.0,0.0
2541,1.15875,0.46325164653998313,0.39978567123191644,-0.09330930899039591,0.0,3.0
2542,1.204,0.6633204342545349,0.5509305932346635,0.0026027395941179976,0.0,0.0
2543,1.2,0.9598074325493078,0.7998395271244232,0.17267585516499684,0.0,6474.481340710566
2544,1.16025,0.4445439712059808,0.3831449870338124,-0.11121155577282343,0.0,1384.3333333334338
2545,1.3045,1.4203112584985567,1.0887782740502543,0.20985708391563773,0.0,40914.091371731956
2546,1.0535,0.3750638855309285,0.35601697724815234,0.006548669202330493,0.0,0.0
2547,1.168,0.4887082042765722,0.41841455845596937,-0.0700766507154908,0.0,23.45475223158635
2548,1.251,0.7534194782639727,0.6022537795875083,0.024140015998130773,0.0,4770.237984877803
2549,1.9245,1.6088650849948323,0.8359912107013937,-0.32491164409374695,0.0,0.0
2550,10.355,17.361345831538248,1.6766147592021485,0.19276680862052564,0.0,1847.8862644615683
2551,1.1435,0.3807150981987701,0.3329384330553302,-0.1317814593504582,0.0,12464.0
2552,1.166,0.5000065015831358,0.4288220425241302,-0.06015062909865382,0.0,6085.3112902296025
2553,1.1135,0.3868528968367017,0.34742065274961986,-0.0012297027448798237,0.0,0.0
2554,2.94075,8.238550106934236,2.8015132557797284,0.2542214975866439,0.0,0.0
2555,1.11775,0.3846061855710265,0.344089631465915,-0.04365157889633198,0.0,0.0
2556,1.38075,2.0256616854292218,1.4670734640081273,0.26662222419741965,0.0,15515.38091696086
2557,1.0545,0.3369838861650268,0.3195674596159571,-0.03994744489438384,0.0,0.0
2558,1.23875,1.5677572845392258,1.2655961933717261,0.3423819994958983,0.0,18124.94769622749
2559,1.2025,0.8855449155459945,0.7364198881879372,0.1280899570584534,0.0,0.0
2560,11.65375,11.123524357686012,0.954501714700076,-0.0005741693920640056,0.0,315.93241478159285
2561,1.1445,0.5349685017124429,0.46742551482083255,0.015946652520836935,0.0,0.0
2562,3.55525,9.427150429944735,2.6516139314941944,0.03259971883652357,0.0,25306.165963220014
2563,1.04625,0.28658588654641015,0.27391721533707064,-0.0074431430311601154,0.0,0.0
2564,1.1055,0.9252479510610848,0.8369497522036046,0.30727979251210596,0.0,0.0
2565,1.6195,3.133476411049659,1.9348418715959612,0.24623702794396604,0.0,8913.541122875127
2566,1.19725,1.9463528739356255,1.6256862592905623,0.4797133271652937,0.0,0.0
2567,1.17225,0.4966302426347744,0.42365557059908243,-0.09207091229501863,0.0,3293.4521173312414
2568,1.263,0.562503424456804,0.4453708823886018,-0.1370123346026413,0.0,3897.155229083191
2569,1.07225,0.29077667593673534,0.2711836567374543,-0.0001799075866085742,0.0,0.0
2570,1.1085,0.49121082237467495,0.44313109821801977,0.10249237059026606,0.0,0.0
2571,3.0255,8.336829459174382,2.755521222665471,-0.020779800856609354,0.0,0.0
2572,1.89225,5.713475377362007,3.019408311460963,0.22546908911919417,0.0,0.0
2573,1.32225,1.4597731576919681,1.1040069258400214,0.22175892787763746,0.0,0.0
2574,1.07875,0.8162199404865164,0.7566349390373268,0.4159462124626235,0.0,0.0
2575,1.94225,1.9368409267913367,0.9972150479038933,-0.24433731750370996,0.0,0.0
2576,1.3335,0.818501824255192,0.6137996432359896,-0.1032250925880202,0.0,35544.502033968674
2577,1.04275,0.2853818463034219,0.27368194323032546,0.07773030527996938,0.0,0.0
2578,1.185,1.6246337614104538,1.3709989547767543,0.40124722050734984,0.0,0.0
2579,1.2485,1.1969151605169719,0.9586825474705422,0.2251665400362563,0.0,8310.0
2580,1.122,0.423273895010724,0.3772494607938716,-0.0020463589292530338,0.0,0.0
2581,1.0405,0.21417567043072636,0.2058391834990162,-0.046925903016971415,0.0,0.0
2582,1.26525,0.6967882145630683,0.5507118866335257,-0.044036708900323546,0.0,1306.6589039112441
2583,1.1135,0.4026888247423724,0.3616424110843039,0.016194021369556943,0.0,0.0
2584,1.07325,0.29479851431275944,0.2746783268695639,0.005785815374907632,0.0,0.0
2585,1.17275,0.5215126377738506,0.4446920808133452,-0.07083923786191748,0.0,13598.800062607259
2586,1.175,1.1822539621873875,1.0061735848403297,0.28460670320234605,0.0,0.0
2587,1.1575,1.1146768034251109,0.9630037178618669,0.28802268289418154,0.0,0.0
2588,1.38725,0.8291316556045738,0.5976800544996026,-0.12132119298385662,0.0,6647.112342807045
2589,1.11825,0.5184921851257829,0.46366392588936545,0.0860743713975739,0.0,0.0
2590,1.039,0.22020699984490769,0.21194128955236544,-0.034864918036773274,0.0,0.0
2591,1.043,0.2582008267158128,0.2475559220669346,0.034261590413681486,0.0,0.0
2592,1.1095,0.3564288293300563,0.32125176145115486,-0.036802731851986126,0.0,0.0
2593,1.4465,0.9746154209762439,0.6737749194443442,-0.15289916406569637,0.0,5889.404148554249
2594,1.11675,1.414255799834967,1.2664032234922473,0.5218601248927854,0.0,0.0
2595,1.11825,0.4275659489016461,0.38235273767193934,0.0023352674028173648,0.0,0.0
2596,1.08475,0.3429239517869484,0.316131783163815,-0.01210939784197318,0.0,8310.0
2597,1.07575,0.29246080221152293,0.27186688562539896,-0.029793321125212158,0.0,0.0
2598,1.05725,0.3741756798080816,0.3539140977139575,0.005518977117784263,0.0,0.0
2599,1.12725,0.4302368108708936,0.3816693820101074,-0.03796723954969894,0.0,0.0
2600,1.1555,0.9484432698685987,0.8208076762168748,0.23003855865130354,0.0,0.0
2601,1.1225,0.46695638133075806,0.41599677624120984,0.040608471202281504,0.0,4156.0
2602,3.15275,8.86468065292087,2.811729649645823,0.0058823765300833886,0.0,0.0
2603,1.12925,0.45836335121869765,0.40590068737542406,-0.010464919223836744,0.0,0.0
2604,2.612,7.267163058218019,2.7822216915076643,0.1997356150164139,0.0,0.0
2605,1.8395,1.4887222116485883,0.8093080791783573,-0.0975784358456947,0.0,0.0
2606,1.19475,0.644923576173779,0.5397979294193589,0.0,0.0,0.0
2607,1.071,0.9384450808611274,0.8762325684977847,0.5086693870544324,0.0,0.0
2608,1.03925,0.2042544184757498,0.1965402150356024,-0.0675245779989404,0.0,0.0
2609,1.27525,2.129699824584608,1.6700253476452525,0.4411808897931675,0.0,24013.837442259515
2610,1.12275,0.43096272427836424,0.38384566847327034,0.005771864329875587,0.0,0.0
2611,1.37725,2.7189668318422284,1.9741999142074629,0.3944592202718698,0.0,9408.855787104985
2612,1.54425,1.0016450272876976,0.6486288018699677,-0.249075562424162,0.0,9036.19775446355
2613,1.353,0.7300851019326555,0.5396046577477129,-0.15287125793379702,0.0,45630.0
2614,1.1025,0.336930453554785,0.3056058535644308,-0.13143807293625498,0.0,1454.4999770566246
2615,1.109,0.5197947158606552,0.4687057852665962,0.12705630418800212,0.0,0.0
2616,1.11725,0.396915385133581,0.35526102943260773,-0.02996991031027646,0.0,0.0
2617,1.039,0.20491338993424413,0.19722174199638512,-0.06612570003391849,0.0,0.0
2618,1.047,0.2584718590591273,0.24686901533823047,-0.05228467548258864,0.0,0.0
2619,1.45075,3.6855759800981267,2.54046250566819,0.42477292599357497,0.0,0.0
2620,1.153,0.5955498886889992,0.51652201967823,0.02794534732345519,0.0,70.56826658191031
2621,1.1335,0.4508087811248632,0.39771396658567554,-0.01768243832841626,0.0,0.0
2622,1.0645,0.42706597422012466,0.4011892665290039,0.16675549598908607,0.0,0.0
2623,1.07375,0.301386207234966,0.28068564119670875,-0.016737614844374415,0.0,0.0
2624,1.05225,0.3256477377662526,0.30947753648491577,-0.05480851371504275,0.0,0.0
2625,1.39975,0.9629027640074741,0.6879105297427927,-0.05636225612471989,0.0,15268.081499638522
2626,1.53275,1.1494597652540886,0.7499329735795717,-0.18929562753221907,0.0,21826.24730970743
2627,2.24875,3.8003268357490816,1.6899730231235495,-0.08180834142145899,0.0,148985.92730386692
2628,1.3365,2.0314525467907107,1.5199794588781974,0.291561937706143,0.0,1962.7327624077661
2629,1.1385,0.38711137131767503,0.3400187714691919,-0.1245456307098165,0.0,20760.0
2630,1.11475,0.5596076551316292,0.5020028303490731,0.15910809073522064,0.0,0.0
2631,1.0385,0.24805872950436725,0.23886252239226505,0.01685847696297127,0.0,0.0
2632,1.09775,0.9148246627309987,0.8333633912375301,0.30235952470299327,0.0,0.0
2633,1.072,0.28431709243776226,0.26522116831880804,-0.009936505935374651,0.0,4156.0
2634,1.81775,1.4410253557862902,0.7927522243357393,-0.11172048133398696,0.0,0.0
2635,2.3045,5.072890034617924,2.201297476510273,0.04362615834531236,0.0,133458.92017349938
2636,1.132,0.4890151162755468,0.4319921521868788,0.017647478866010702,0.0,0.0
2637,1.82925,1.1810771241935571,0.6456619511786563,-0.19811384599476572,0.0,63911.24326967848
2638,1.45525,0.951695260294553,0.6539737229304607,-0.16323453643463318,0.0,23728.39868733008
2639,1.2165,0.7882151170636681,0.6479367998879311,0.07752412309090419,0.0,4156.0
2640,1.3145,1.1715087956197996,0.8912200803497905,0.12621910789934787,0.0,10181.830668732588
2641,1.0615,0.2715440738554452,0.2558116569528452,-0.133716250004078,0.0,0.0
2642,1.048,0.28322438809802974,0.27025227871949403,-0.012567294798863538,0.0,0.0
2643,1.46675,0.9547891615879243,0.6509556240585814,-0.1618249624319373,0.0,45493.36496918268
2644,1.0745,0.29149784347090296,0.2712869646076342,-0.031225641888049105,0.0,0.0
2645,1.22275,0.5955846856488545,0.48708622829593495,-0.04417711463976645,0.0,18661.5
2646,1.07725,0.35115988639999035,0.3259780797400699,0.049643911816417585,0.0,0.0
2647,1.0465,0.8197595692871533,0.783334514368995,0.4489885530325478,0.0,0.0
2648,1.03825,0.2186295662114469,0.21057506979190652,-0.03798714497133637,0.0,0.0
2649,1.20925,0.5612870908007549,0.46416133206595406,-0.06993558291565274,0.0,220.34157528918948
2650,1.1265,0.4213574913703131,0.3740412706349872,-0.04702408552960452,0.0,0.0
2651,1.095,0.48065867118938715,0.4389576905839152,0.06317458898290657,0.0,0.0
2652,1.12425,0.42527303204876155,0.37827265470203386,0.0,0.0,0.0
2653,1.2735,2.0941093747744843,1.6443732821158101,0.43386185569079516,0.0,1350.8872821335378
2654,1.3935,0.8138324955620218,0.5840204489142603,-0.12940966264090403,0.0,379.9412473385283
2655,1.13525,0.6712451713196937,0.591275200457779,0.11449961504283596,0.0,0.0
2656,1.16825,0.5301058295733381,0.453760607381415,-0.0347637004125963,0.0,0.0
2657,1.2305,0.5665244809334141,0.46040185366388797,-0.0996781463421959,0.0,45644.0
2658,1.17075,0.6709746561885269,0.5731152305688891,0.03860204148978427,0.0,0.0
2659,1.2405,0.5596767455548592,0.4511702906528491,-0.10495956545120755,0.0,0.0
2660,1.12525,0.4528948177325307,0.40248373048880753,-0.01567745395525294,0.0,0.0
2661,1.09075,0.4393890112142018,0.40283200661398283,0.02418699883986719,0.0,0.0
2662,1.0955,0.42886563330821714,0.39147935491393626,0.013659053401648413,0.0,0.0
2663,1.1225,0.3834455732263794,0.3415996198007834,-0.04496411523205035,0.0,0.0
2664,1.34,0.678612650031073,0.5064273507694574,-0.18462279320500283,0.0,5590.923113015287
2665,1.0875,1.0987017504236969,1.0103004601597214,0.42221762391831164,0.0,0.0
2666,1.0525,0.30946355508036927,0.29402713071769054,-0.07694706889361297,0.0,0.0
2667,1.7555,5.526649592106279,3.1481911661100987,0.4720698258342457,0.0,0.0
2668,1.38225,2.2796785236174775,1.64925196137998,0.3179289183777541,0.0,13132.496203282286
2669,1.161,0.4723714467407233,0.4068660178645334,-0.08484264250175588,0.0,0.0
2670,1.049,0.33559969724241007,0.3199234482768447,0.06112361838108782,0.0,0.0
2671,1.104,0.3379534777721404,0.30611728059070686,-0.1301214195322295,0.0,0.0
2672,1.19025,0.49306765907845473,0.41425554217891597,-0.11660173598102938,0.0,12462.0
2673,1.52025,1.3251524232088112,0.8716674383876409,-0.019466607778668113,0.0,26627.452384120803
2674,1.13375,1.1025719267754954,0.9725000456674712,0.3300253709317774,0.0,0.0
2675,1.54775,1.2027391998665895,0.7770888062455755,-0.16961793592065105,0.0,58058.29919378934
2676,1.10575,1.0177553212700456,0.9204208195975995,0.3486650422172904,0.0,0.0
2677,1.192,0.6092854890786423,0.5111455445290624,-0.0246874185673763,0.0,0.0
2678,1.075,0.29136956611151754,0.2710414568479233,-0.03141680080109788,0.0,4156.0
2679,1.07,0.29089715586238074,0.2718665008059633,0.0,0.0,0.0
2680,1.2565,0.6521610832605929,0.5190299110709056,-0.07278262596139443,0.0,19363.63473976763
2681,1.205,1.0829442238859825,0.8987088994904419,0.21548545244670636,0.0,9453.650087591097
2682,1.0545,0.3058645750729743,0.29005649603885664,-0.0820273988988603,0.0,0.0
2683,2.378,7.015833626902087,2.9503085058461256,0.18444999180119415,0.0,0.0
2684,1.04575,0.2686540177352859,0.2569008058668763,-0.03550460213112672,0.0,0.0
2685,1.523,1.7147029047368172,1.125871900680773,0.09245644071138193,0.0,28936.80113586407
2686,1.47175,3.476524628615961,2.362170632659053,0.399412867544089,0.0,7465.610235984495
2687,1.21875,0.5805020957505603,0.47630941189789566,-0.05531684480583465,0.0,653.1790177502736
2688,1.093,0.3992378335177266,0.3652679172165843,-0.01743050230088361,0.0,0.0
2689,1.0365,0.21949896343431147,0.2117693810268321,0.0379944217642767,0.0,0.0
2690,1.1015,0.34889566068598704,0.31674594705945264,-0.11628277148322641,0.0,0.0
2691,1.4225,2.1976581115573506,1.5449266162090336,0.30201544092036914,0.0,22269.671590264737
2692,1.173,0.5070850853860279,0.43229760049959753,-0.08302323790364452,0.0,0.0
2693,1.34425,3.083118282208051,2.2935601876199003,0.4727454422439396,0.0,0.0
2694,1.051,0.2826994512639461,0.26898139987054814,-0.013372976482218135,0.0,0.0
2695,1.10625,0.9285345882735899,0.8393533001343186,0.30881974649341104,0.0,0.0
2696,1.10775,0.3459333099944857,0.31228464003113127,-0.049783173701051175,0.0,4156.0
2697,1.17475,0.7248060247013408,0.616987465163942,0.07211771963232674,0.0,0.0
2698,1.1685,0.48853599340705034,0.41808814155502805,-0.07022971426154928,0.0,4692.802611080934
2699,1.15625,1.129670295371203,0.9770121473480675,0.30597890866710553,0.0,0.0
2700,1.06175,0.39746249081882185,0.3743465889510919,0.031739570603596445,0.0,0.0
2701,3.313,7.74548443496487,2.337906560508563,-0.05273213284244482,0.0,12556.986313686799
2702,1.16725,1.7804690266861556,1.5253536317722474,0.4914081424208683,0.0,0.0
2703,1.09975,0.44424010942136305,0.40394645094008913,-0.011360572085454324,0.0,3179.4610501601687
2704,1.04275,0.25384748794657036,0.24344041040188957,0.02687683196299895,0.0,0.0
2705,1.03575,0.19616716822514504,0.18939625220868458,-0.01081172903746308,0.0,0.0
2706,1.081,0.33085701835029574,0.30606569690129115,-0.027666866039011973,0.0,0.0
2707,1.35075,1.2927266621586189,0.9570436144057886,0.09526196183253342,0.0,0.0
2708,1.387,1.0809824840314,0.7793673280687815,-0.006126032660749951,0.0,23827.878814747422
2709,1.66475,1.560277556723003,0.9372443650536134,-0.056587540136571385,0.0,47484.364049235206
2710,1.141,1.01433535827889,0.8889880440656355,0.29380000510529786,0.0,0.0
2711,1.923,1.4460614694553482,0.7519820433985169,-0.3712445165546414,0.0,28495.367767280855
2712,1.17125,1.2943501354225089,1.105101503028823,0.32394769850801564,0.0,0.0
2713,1.12525,0.44565916407343253,0.3960534672947634,-0.022671963901231218,0.0,0.0
2714,1.1555,0.594901863383167,0.5148436723350645,0.0274725287623252,0.0,0.0
2715,1.043,0.2918429253438711,0.2798110501858783,0.08745313184751635,0.0,0.0
2716,1.046,0.2615360401074176,0.2500344551696153,-0.04716639814253498,0.0,0.0
2717,1.05125,0.3951739846188384,0.37590866551138014,0.13209040408472034,0.0,0.0
2718,1.079,0.7144134633733902,0.6621070096138927,0.3580886423475173,0.0,0.0
2719,1.1665,0.5530408787362724,0.4741027678836454,-0.01636904666833411,0.0,1.0
2720,1.61925,2.519100217136268,1.5557203749490616,0.1514560436238422,0.0,28258.76647017325
2721,1.307,0.6541085265390773,0.5004655903129895,-0.1268766353504605,0.0,43116.338898412796
2722,1.07175,0.3026959591916082,0.2824314991290956,0.01726714830928122,0.0,0.0
2723,3.7655,6.466255706799448,1.7172369424510552,-0.13112784367467611,0.0,40029.34429423824
2724,1.0855,0.3531585058193532,0.32534178334348524,0.0006624530435939135,0.0,0.0
2725,1.2385,0.5693845797876204,0.4597372464978768,-0.09749112659214801,0.0,6676.836082860487
2726,1.05525,0.33944991392106033,0.3216772460753948,-0.036780876366197535,0.0,0.0
2727,1.095,0.49753078720924926,0.4543660157162094,0.07815776755446185,0.0,0.0
2728,1.189,1.2100186098812962,1.0176775524653459,0.27328379621274784,0.0,0.0
2729,1.115,0.36716304576515313,0.32929421144856785,-0.023916592192489927,0.0,0.0
2730,1.39375,1.5253827833232265,1.0944450463305662,0.14343415081688304,0.0,0.0
2731,1.4825,0.7621279156020563,0.5140829110300549,-0.2597045733716585,0.0,45497.6526283893
2732,1.073,0.28756159847627355,0.26799776186046,-0.005008586046286179,0.0,0.0
2733,1.60575,2.187695920565793,1.3624137758466717,0.09019755525163572,0.0,55132.38597328463
2734,1.2615,0.656677665517183,0.5205530444052183,-0.06978525972495517,0.0,0.0
2735,1.189,1.0079846269919313,0.8477583069738698,0.19394565510317796,0.0,6865.548463101397
2736,1.19525,0.7633957890784412,0.6386913106701035,0.07324150650339019,0.0,0.0
2737,1.6885,1.7111983520182539,1.0134429091017199,-0.03709175059818351,0.0,21905.99164003045
2738,1.042,0.27614319431400347,0.2650126624894467,0.06343830623150681,0.0,0.0
2739,1.08375,1.4573149553956428,1.3446966139752183,0.6162462041345216,0.0,0.0
2740,1.16225,0.48886059738019144,0.4206157000474867,-0.06994124646689792,0.0,0.0
2741,3.06425,3.09927787046105,1.0114311399073346,-0.450520203063191,0.0,0.4444444444444445
2742,1.032,0.18434884356575446,0.17863260035441322,-0.03779763431042682,0.0,0.0
2743,1.316,1.0535281108589807,0.8005532757287087,0.08011968249691664,0.0,0.0
2744,2.92775,3.0123576335037034,1.0288985171219207,-0.18272275888916906,0.0,0.0
2745,1.13275,1.9955257373038466,1.7616647427092005,0.6283825282372866,0.0,0.0
2746,1.1125,0.8506025106698131,0.7645865264447758,0.3409511042194955,0.0,0.0
2747,1.0995,0.4551390313788426,0.41395091530590505,-0.0008342586063215807,0.0,0.0
2748,1.0925,0.4347309486906095,0.3979230651630293,0.01955836640479852,0.0,0.0
2749,7.1085,7.4601032858304865,1.0494623740353783,-0.17407173917088647,0.0,0.0
2750,1.38125,2.503290844820761,1.8123372632186505,0.35856662156717634,0.0,1162.0304123411333
2751,1.54725,3.0427918238060188,1.966580593831649,0.23348283888889051,0.0,40331.51295078692
2752,1.6855,1.136623388894512,0.6743538350011937,-0.21477551540589218,0.0,59890.36567348473
2753,27.02625,20.454502135273312,0.7568383381073331,0.2639723336567492,0.0,247145.82212805183
2754,1.361,1.1117499705416007,0.8168625793839829,0.029762382332230476,0.0,1910.6471947694367
2755,1.1685,0.5115399967666977,0.43777492235061843,-0.050246684203249514,0.0,247.5866574990758
2756,1.32375,0.800372467368556,0.6046250933851226,-0.03923430511414852,0.0,12237.850983490547
2757,1.16725,0.49075212369558624,0.42043446022324804,-0.06826409294612668,0.0,0.0
2758,1.232,0.6710354477544653,0.5446716296708323,-0.026151365313396707,0.0,694.883584383597
2759,25.40375,21.10478829459656,0.8307745232336392,0.27756442050393515,0.0,1.9216796336048814
2760,1.43,0.8656138410575802,0.6053243643759303,-0.10262049733967009,0.0,44175.62446745354
2761,1.0845,0.389098444355474,0.35878141480449427,0.04275227681742039,0.0,2334.232347865251
2762,1.31475,0.7073241932654324,0.5379914000877979,-0.0929079327900753,0.0,16812.52047682607
2763,1.654,2.4399328511415064,1.4751710103636677,0.1375884726636388,0.0,88672.25667151173
2764,1.1415,0.8832739061006497,0.7737835357868154,0.23371384106178217,0.0,0.0
2765,1.07375,0.2903997598227765,0.270453792617254,-0.0328647352007877,0.0,0.0
2766,1.2525,0.6118311322036363,0.48848792990310286,-0.06626525619196724,0.0,11530.676818571008
2767,2.20275,2.3648552963433427,1.0735922353164646,-0.1576266992326013,0.0,0.0
2768,1.148,1.6714647614030493,1.4559797573197295,0.47612442454200665,0.0,4156.0
2769,1.0765,0.31807710269809614,0.29547338847942045,0.006671418789436057,0.0,0.0
2770,1.32025,0.7818841174965113,0.5922242889577818,-0.04938405435866722,0.0,1338.8606153882474
2771,1.2315,0.6674721940144365,0.5419993455253239,-0.028463649598170382,0.0,4957.361653576765
2772,1.27425,1.0567952221387944,0.8293468488434721,0.13685333579911968,0.0,1443.124623192882
2773,1.09225,0.9669403709227524,0.8852738575626024,0.3667375004222197,0.0,0.0
2774,1.12125,0.456180296172088,0.40684976247231924,0.030468679276989763,0.0,25319.371926120526
2775,1.0945,0.31399744998908813,0.28688666056563555,-0.1217360713749388,0.0,0.5
2776,11.98875,11.110872436900591,0.9267748878657568,-0.0010684180129179044,0.0,315.93241478159285
2777,1.18625,0.5997089712623558,0.5055502392095729,-0.03156770787680291,0.0,0.0
2778,1.11675,0.3621494519620168,0.32428874140319397,-0.0697800112336352,0.0,9680.314147380452
2779,1.12725,0.42142833075089986,0.3738552501671322,-0.04695107729582737,0.0,0.0
2780,7.1745,7.503474214077125,1.0458532600288695,-0.17155418512222753,0.0,0.0
2781,1.0925,0.42069941407048544,0.385079555213259,0.005309714648405128,0.0,0.0
2782,7.05325,7.483609793501085,1.061015814482839,-0.172705444872282,0.0,0.0
2783,7.34875,7.487599045913723,1.0188942399610441,-0.1724739992529849,0.0,0.0
2784,1.13075,0.4513373060594041,0.3991486235325263,-0.01717357287493637,0.0,0.0
2785,1.088,1.0002530312534088,0.9193502125490889,0.3814476836716833,0.0,0.0
2786,2.45525,6.7384975532249545,2.744526037358703,0.16693378516681678,0.0,0.0
2787,1.31175,1.6912353493088088,1.289297007287066,0.28567760174875445,0.0,442.9778270018424
2788,1.04,0.2267440257499706,0.21802310168266403,-0.022160184962298657,0.0,0.0
2789,1.172,2.3266433584306236,1.98519057886572,0.5786257422022949,0.0,0.0
2790,1.074,0.28025637532262715,0.26094634573801406,-0.04830548725392769,0.0,0.0
2791,1.17275,1.1363231252866701,0.9689389258466597,0.2673977701098585,0.0,4156.0
2792,1.07575,0.3240959688877082,0.3012744307578045,0.014812641259554782,0.0,0.0
2793,1.16075,0.4929200544155322,0.42465651898818196,-0.06634979284864534,0.0,0.0
2794,1.2505,0.6311492195466407,0.5047174886418558,-0.052764778372657084,0.0,8625.99932593114
2795,2.902,8.903185535423237,3.067948151420826,0.2879161339846551,0.0,0.0
2796,1.07975,0.3121126256221754,0.28906008392884963,-0.0015496508827579358,0.0,0.0
2797,1.0935,0.36849925091440977,0.33699062726512097,-0.0522255831431781,0.0,0.0
2798,1.7545,2.086820177833647,1.189410189702848,0.04909292342938448,0.0,33758.766282364355
2799,1.07475,0.29014390114362687,0.2699640857349401,-0.033247541963369986,0.0,12462.0
2800,1.174,0.5096949550827525,0.4341524319273872,-0.08079373997507772,0.0,116.6315875771553
2801,1.062,0.4052123508264718,0.38155588590063255,0.04012609488985641,0.0,0.0
2802,1.68875,2.713524321074028,1.6068241723606382,0.16314161456378878,0.0,31785.54647932148
2803,1.06075,0.36275657896707536,0.3419812198605471,-0.007941281684258394,0.0,0.0
2804,1.073,0.2927326819912263,0.2728170382024476,0.002731736610187996,0.0,0.0
2805,1.063,0.4243536485111813,0.399203808571196,0.06017136126262973,0.0,0.0
2806,1.154,0.5834115976504651,0.5055559771667809,0.01900225773497602,0.0,296.76710623398895
2807,1.034,0.19066485851374926,0.18439541442335516,-0.023167396398453444,0.0,0.0
2808,1.11475,1.0506466590155439,0.9424953209379179,0.4326811277895214,0.0,0.0
2809,1.283,2.0301333356063305,1.582333075297218,0.4203870572223932,0.0,850.6288644796452
2810,1.29,0.9555774600054763,0.7407577209344777,0.037739451432587584,0.0,6387.201751658186
2811,1.2315,1.0075522519378814,0.8181504278829731,0.15037075013586138,0.0,7381.842902723497
2812,1.1415,0.6249603138187754,0.5474904194645426,0.08347088015719861,0.0,0.0
2813,1.301,1.098499283189931,0.8443499486471414,0.09827333216039245,0.0,3595.4422288249416
2814,1.032,0.18969711713429455,0.18381503598284354,-0.025377321021795574,0.0,0.0
2815,1.0425,0.2769709880692525,0.26567960486259234,0.06473824226612701,0.0,0.0
2816,1.11675,0.3757056376760208,0.33642770331409966,-0.05382013160925175,0.0,3735.989518838287
2817,1.074,0.3033925044442236,0.282488365404305,-0.01385614105373223,0.0,0.0
2818,1.086,0.3796577867089679,0.34959280544103855,0.03208509395432391,0.0,0.0
2819,2.192,4.246603867928203,1.9373192828139614,0.09661048000661399,0.0,275.7992365156199
2820,1.12975,0.4571292807235429,0.4046287061062562,-0.011635764978885854,0.0,79.92537487063261
2821,7.088,7.463556938252876,1.0529848953517038,-0.17387072920500546,0.0,0.0
2822,1.10225,0.6628761488371522,0.6013845759466112,0.16245405328567544,0.0,0.0
2823,1.17025,0.871753936745661,0.7449296618206888,0.15228984230366438,0.0,4156.0
2824,1.309,1.661538196158705,1.2693187136430137,0.2779838837753313,0.0,1962.7327624077661
2825,1.34225,0.654386730457036,0.4875296930207011,-0.20041026007827945,0.0,14593.038352353926
2826,1.068,0.4048666190794336,0.3790885946436644,0.14357249590402632,0.0,0.0
2827,1.18025,1.096385175297967,0.9289431690726261,0.2518590796468253,0.0,0.0
2828,1.16175,0.5149303116019212,0.44323676488222175,-0.047377823083680826,0.0,1.5
2829,1.4895,1.3564105987598691,0.910648270399375,-0.009341268222987448,0.0,30865.704706034154
2830,1.185,0.7038457570465478,0.593962664174302,0.03796924339147037,0.0,0.0
2831,1.374,1.2730000519572147,0.9264920319921504,0.08858367709818839,0.0,13325.28151646381
2832,1.11925,0.3912386796140005,0.3495543262130895,-0.036226059014125234,0.0,0.0
2833,1.071,0.7836533213941181,0.7317024476135557,0.4303845035068644,0.0,0.0
2834,1.33825,0.8052943947809189,0.6017518361897396,-0.11029006806733797,0.0,14901.063762634849
2835,1.1325,0.47539483596534327,0.41977468959412206,0.00537965460648393,0.0,0.0
2836,1.06625,0.2633975741545803,0.2470317225365349,-0.04312770424848855,0.0,4155.999999999999
2837,2.179,2.207527416437581,1.0130919763366597,-0.18752516496436766,0.0,0.0
2838,1.03775,0.21174547583510292,0.20404285794758173,0.022376088044328446,0.0,0.0
2839,1.48925,2.8444519971852356,1.9099895901864936,0.31226616619103,0.0,0.0
2840,1.09325,0.3795924921742114,0.3472147195739414,-0.039344578421869836,0.0,0.0
2841,1.2915,1.4953550654252403,1.157843643379977,0.232217880499405,0.0,6388.242082317489
2842,1.53425,0.8136291757360365,0.5303106897415913,-0.33936288825912936,0.0,22437.592318078303
2843,1.19425,0.7318817187309389,0.6128379474406019,0.05493264576111581,0.0,0.0
2844,1.7455,1.8517794203833888,1.0608876656450237,-0.0028028506236584816,0.0,110589.83525985619
2845,1.1205,0.4111228593758505,0.36691018239701073,-0.014696218333336342,0.0,0.0
2846,2.201,2.182496236527251,0.991593019776125,-0.19247776749220974,0.0,0.0
2847,1.08575,0.3555679184574433,0.3274859944346703,0.0036153516763568483,0.0,0.0
2848,1.046,0.2817868892669435,0.2693947316127567,-0.014777159210814572,0.0,0.0
2849,1.04925,0.31835479412714357,0.3034117647149331,0.03821345233838447,0.0,0.0
2850,1.15025,0.4987355228780532,0.4335888049363644,-0.04910249815694706,0.0,1621.0399284203852
2851,1.03875,0.2371971819516021,0.22834867095220418,-0.0025865130198182706,0.0,0.0
2852,1.177,1.3021501060648428,1.1063297417713194,0.32655697567633013,0.0,0.0
2853,1.0425,0.25438146057028305,0.2440109933527895,0.027789418504842067,0.0,0.0
2854,4.29525,11.40059519631355,2.6542332102470283,0.11514680696866075,0.0,0.0
2855,1.24525,2.302265741478619,1.8488381782602845,0.5092586231978209,0.0,6690.159281337302
2856,2.752,3.834536727947653,1.3933636366088857,-0.0779163879595085,0.0,0.0
2857,1.06625,0.42000599848060494,0.3939094944718452,0.1595160178726528,0.0,0.0
2858,1.2315,0.7256303362223852,0.5892247959580879,0.007818602965219579,0.0,8966.808363194854
2859,1.09225,1.0047349454346874,0.9198763519658388,0.383389315104951,0.0,0.0
2860,1.10725,0.38312417508346214,0.3460141567698913,-0.0054359992694620884,0.0,0.0
2861,3.7485,8.72004917213149,2.3262769566844046,-0.001261784464136606,0.0,164076.1333797112
2862,1.09825,0.33260275652557675,0.30284794584618874,-0.13705249530292313,0.0,0.0
2863,2.07425,6.50709785681217,3.137084660389138,0.28195606693080155,0.0,0.0
2864,1.48175,1.729281510088882,1.1670534908647763,0.09613325507124623,0.0,31982.895232826402
2865,1.14825,0.45035834971807753,0.3922128018446136,-0.09341458143924153,0.0,1491.7807781512097
2866,1.1405,0.41388715327237563,0.36289973982672125,-0.09549961307297461,0.0,12461.999999999998
2867,11.8395,11.124957569367625,0.9396475838817202,-0.0005182162778132327,0.0,315.93241478159285
2868,1.22,1.0189993080946986,0.8352453345038513,0.18905325232896383,0.0,10144.871738026484
2869,1.146,0.7767463123236745,0.6777891032492798,0.14330639959294245,0.0,121.7629492391428
2870,1.179,0.6779187956336424,0.5749947376027501,0.043073600130237866,0.0,0.0
2871,1.096,1.2114664307062672,1.1053525827611927,0.4646491919933201,0.0,0.0
2872,1.0345,0.20203948868661092,0.19530158403732328,0.0019982088477856763,0.0,0.0
2873,1.12375,0.6519526041435162,0.5801580459564104,0.18554818084561694,0.0,0.0
2874,1.1205,0.5937742769546297,0.529919033426711,0.14495353593027382,0.0,0.0
2875,1.4445,1.4791777248476339,1.0240067323278879,0.028287915251711565,0.0,7233.093383449841
2876,1.41025,1.2622770192466986,0.8950732276168754,0.06120998613926222,0.0,21437.911083834228
2877,1.03775,0.21174547583510295,0.20404285794758176,0.022376088044328557,0.0,0.0
2878,1.20025,0.9412074188781862,0.7841761457014673,0.16417708822573673,0.0,0.0
2879,1.04875,0.4742675088148875,0.45222170089619784,0.2113254309818633,0.0,0.0
2880,1.128,0.42327389501072404,0.3752428147258192,-0.045053320607163994,0.0,0.0
2881,1.12,0.38553490022282355,0.34422758948466387,-0.04260414524686568,0.0,0.0
2882,1.33925,0.8513757382389491,0.635710836840731,-0.08612347440789171,0.0,9977.201436423184
2883,1.261,0.706047892077072,0.5599110960167105,-0.03830334456183204,0.0,13705.28443167049
2884,1.209,0.6507110389520478,0.5382225301505772,-0.005732462428096136,0.0,0.6666666666666666
2885,1.339,0.6365377404944411,0.4753829279271405,-0.2124205860909984,0.0,14663.648621345286
2886,1.56725,1.08732378147056,0.6937781346119382,-0.21343051488125173,0.0,43189.44349552949
2887,1.45275,1.3136585790134185,0.9042564646452718,-0.023249936462481552,0.0,7233.093383449841
2888,1.049,0.3579539534048892,0.34123351134879815,0.08912922134271117,0.0,0.0
2889,1.0405,0.23210604969404855,0.22307164795199286,-0.012009577848968167,0.0,0.0
2890,1.664,1.7639109516813385,1.0600426392315736,-0.003312745052691135,0.0,85118.30152261433
2891,1.03625,0.20723579364709693,0.19998629061239753,0.0130267167460697,0.0,0.0
2892,1.16175,0.4707890696341853,0.40524129084070176,-0.08629990937950249,0.0,3153.601387179862
2893,1.1475,0.4150744772994678,0.3617206773851571,-0.12884677081347806,0.0,8310.0
2894,1.059,0.3755719153050338,0.35464770094904047,0.007136529682682025,0.0,0.0
2895,1.03225,0.18225872286536832,0.1765645171861161,-0.04274972916606057,0.0,0.0
2896,1.579,3.1282911551497,1.9811850254272958,0.245517765047178,0.0,0.0
2897,3.06625,3.108178909189895,1.0136743283130518,-0.4492747092031992,0.0,664.9185906170326
2898,1.4115,0.9507332556668341,0.6735623490377854,-0.06188600412454601,0.0,0.0
2899,1.148,0.5274140132622059,0.45941987217962194,-0.024821135775385916,0.0,0.0
2900,1.05175,0.32186617865075506,0.30602916914737827,-0.05988123535707013,0.0,0.0
2901,1.496,1.2597145391635538,0.8420551732376697,-0.041460300990639146,0.0,119561.16920247293
2902,1.163,0.5371248698221349,0.46184425608094143,-0.029051019165182157,0.0,8311.0
2903,7.19625,7.445777047189845,1.0346745940163062,-0.17490655176361236,0.0,0.0
2904,1.09125,1.0569781162278367,0.9685939209418892,0.4054038032226435,0.0,0.0
2905,1.078,0.31215438502449794,0.2895680751618719,-0.001491547930931203,0.0,0.0
2906,10.17975,10.912387914200885,1.0719701283627676,-0.008896783620722992,0.0,21773.408928868186
2907,1.03575,0.18968640629518838,0.1831391805891271,-0.025401843216536935,0.0,0.0
2908,1.08625,0.5624855864897804,0.5178233247316736,0.2028041806229794,0.0,0.0
2909,4.11825,8.74542094666595,2.1235769918450678,0.0,0.0,72757.15002088781
2910,1.23075,1.8084031679922763,1.4693505325957963,0.4043984312745643,0.0,0.0
2911,1.0305,0.20268206631323168,0.19668322786339806,0.0033772713092742324,0.0,0.0
2912,1.7095,2.92485015635148,1.7109389624752733,0.19571151763950556,0.0,16981.024530240764
2913,1.479,1.0976612478600871,0.7421644677891055,-0.10126411082194564,0.0,4521.109419267465
2914,1.13725,0.5590085510437519,0.49154412050450813,0.035036891726339725,0.0,1488.3719964303596
2915,1.0385,0.21220039408967403,0.20433355232515554,-0.050949851937584945,0.0,0.0
2916,1.1965,2.283788885365333,1.908724517647583,0.5491477014904035,0.0,0.0
2917,1.6975,1.345899926314328,0.7928718269892949,-0.1413793345622954,0.0,95279.32576670991
2918,2.9,8.059791564303323,2.779238470449422,0.2446945207407012,0.0,20944.362212927786
2919,1.0915,1.1787599920169052,1.0799450224616631,0.45276319464820397,0.0,0.0
2920,1.103,0.6094947669732218,0.5525791178361031,0.1259916416642657,0.0,0.0
2921,1.0695,0.26492885238155184,0.24771281195096012,-0.04061021690348565,0.0,4156.0
2922,1.0385,0.22919616646157104,0.22069924550945694,-0.017488688716905898,0.0,0.0
2923,1.9035,4.176966544321142,2.194361200063642,0.08942972579202613,0.0,23352.87104870407
2924,1.1055,0.5152049194517235,0.46603791899748853,0.0530016617255884,0.0,0.0
2925,1.039,0.24288628705035878,0.23376928493778518,0.0077069579069930505,0.0,0.0
2926,1.23025,0.5927248671956054,0.4817922106853122,-0.08004367986898084,0.0,5498.822528624713
2927,1.0405,0.2477399720946205,0.23809704189776118,0.01630004628235049,0.0,0.0
2928,1.14875,0.45130295377830426,0.39286437760897,-0.09250462449769337,0.0,0.0
2929,1.218,1.1010354534561737,0.9039699946274005,0.22268066673483844,0.0,12464.0
2930,1.08125,0.351680760547595,0.3252538825873711,-0.0011586076950523827,0.0,4117.517110347092
2931,1.04425,0.29122695751800914,0.27888624133876866,-0.00046636887011797246,0.0,0.0
2932,1.165,0.5271095342670997,0.45245453585158774,-0.037225408871006394,0.0,16520.790920977106
2933,1.04275,0.274665792963842,0.26340521981667897,0.06110853744607658,0.0,0.0
2934,1.183,0.5857446322362232,0.4951349384921582,-0.020395757562644057,0.0,747.1366623748829
2935,1.1915,0.6666624781063718,0.559515298452683,0.014397758802164318,0.0,0.0
2936,1.44275,1.5542928919925372,1.0773126958880868,0.04980041807457386,0.0,23709.283647095475
2937,1.131,0.5826009405793909,0.5151201950304075,0.09369637620414542,0.0,0.0
2938,1.0455,0.36941015953339945,0.3533334859238636,0.10281089327142623,0.0,0.0
2939,1.068,0.29563127280848617,0.2768083078731144,0.007010898076222238,0.0,0.0
2940,1.037,0.20649857242873076,0.1991307352253913,0.01147900172799965,0.0,0.0
2941,1.336,0.7508294987772246,0.5619981278272639,-0.14070341732632502,0.0,0.0
2942,1.08525,0.31544779968892184,0.290668324984033,-0.048379715185879524,0.0,0.0
2943,1.44275,3.564533477501377,2.470652211056231,0.4102702550442757,0.0,1080.988557938777
2944,2.23925,2.3760094260541504,1.0610737640076588,-0.28578113060670257,0.0,0.0
2945,1.10175,0.45601417163415303,0.41389986079796054,0.0,0.0,0.0
2946,1.13,0.6944210215271315,0.6145318774576385,0.16994805410444855,0.0,8310.0
2947,4.76075,11.83524514720433,2.486004336964623,0.13139653965932352,0.0,0.0
2948,1.375,1.3926090046958586,1.0128065488697153,0.10388450955119502,0.0,21120.826307099403
2949,1.07025,0.2851933928369124,0.26647362096417887,-0.008600015254255133,0.0,0.0
2950,1.9075,5.867669992235798,3.076104845208806,0.2370344094182032,0.0,4327.760847847961
2951,1.137,0.48815015378791066,0.4293317095759988,-0.02382812905993842,0.0,4156.0
2952,1.337,1.1622257492299177,0.8692787952355405,0.04904574876674807,0.0,0.0
2953,8.45675,15.573896943411466,1.841593631526469,0.14558071699530917,0.0,18595.344307330106
2954,1.12125,0.4296447208409952,0.38318369751705256,0.004441636313059216,0.0,0.0
2955,1.18125,1.0023221038668035,0.84852664877613,0.21290323283591106,0.0,4156.0
2956,1.17875,0.9494860812326916,0.8055025079386567,0.18938452770688116,0.0,0.0
2957,1.72,2.6601445622884987,1.5465956757491273,0.15451313456104204,0.0,20504.179772837124
2958,1.37475,2.7266593306235234,1.9833855832867966,0.41938613620820986,0.0,3628.709662060229
2959,1.348,0.9993226012731592,0.7413372413005631,-0.016539034497381654,0.0,0.0
2960,1.04775,0.2983155804620111,0.28472019132618576,0.009977994357097564,0.0,0.0
2961,1.746,1.3286931008848826,0.7609926121906544,-0.14696742393481982,0.0,0.0
2962,1.225,1.1174467198900124,0.9122014039918468,0.22910618824983742,0.0,0.0
2963,1.07475,0.29947430393053537,0.2786455491328545,-0.01950142388799414,0.0,0.0
2964,1.41875,1.1619965561477044,0.8190284096195273,0.025260151449158302,0.0,19553.28364709539
2965,1.8055,3.2381771412014273,1.79350713996202,0.2399084987955833,0.0,26710.778612132304
2966,1.184,0.7374143645103793,0.6228161862418745,0.07960751824442075,0.0,0.0
2967,1.101,0.33738324923477764,0.30643346887809053,-0.13085482305124463,0.0,0.0
2968,1.296,0.6426408381138744,0.4958648442236685,-0.13455812535333828,0.0,859.0946936140011
2969,1.0405,0.2058405756541854,0.19782852057105757,-0.06416505030430986,0.0,0.0
2970,9.90675,10.915051031591906,1.101779194144589,-0.008790809008108802,0.0,13610.392656105958
2971,1.26175,0.8711639737542479,0.690441033290468,0.05296240191041555,0.0,2828.5208333336036
2972,1.107,0.47339943679380225,0.4276417676547446,0.08645218087052958,0.0,0.0
2973,1.04675,0.26283399309636823,0.2510952883652909,-0.04501640887382374,0.0,0.0
2974,1.22725,0.7444769969580994,0.6066221201532691,0.018954455459778058,0.0,3513.9030233944227
2975,1.14675,1.1302804169564467,0.985638035279221,0.3062134026697875,0.0,0.0
2976,1.0905,0.39981209640043036,0.3666319086661443,-0.016806262851706222,0.0,0.0
2977,13.49525,18.50320430573837,1.3710901469582535,0.22043036464275323,0.0,207053.9742818003
2978,1.1955,2.559769101787037,2.141170306806388,0.5986925389912396,0.0,0.0
2979,1.2335,0.7011423893636304,0.5684170161034701,-0.007090603599263251,0.0,0.0
2980,1.3785,0.8662709485715684,0.6284156318981272,-0.10229093941209286,0.0,15561.282244028378
2981,1.30675,2.797876241967529,2.1410952683891553,0.504302054795622,0.0,0.0
2982,1.093,0.40852505820426144,0.3737649205894432,-0.007443491964379267,0.0,0.0
2983,1.087,0.34345376708158354,0.315964827121972,-0.011438933465691636,0.0,0.0
2984,25.7345,21.041630100810274,0.8176428568967834,0.2762628021636513,0.0,16561.271821617927
2985,1.4115,3.2370955263726335,2.2933726718899283,0.4702108261069994,0.0,10879.957371932904
2986,1.24125,0.7846670396357762,0.6321587429089839,0.0417885823242819,0.0,4832.46020435514
2987,1.08975,0.39399713950292087,0.3615481894956833,-0.023169123731680952,0.0,0.0
2988,1.0555,0.352066382496854,0.33355412837219706,-0.02093202135378769,0.0,0.0
2989,1.4595,4.0607859147659315,2.782313062532327,0.4668776511793158,0.0,0.0
2990,1.122,0.45184847212360935,0.4027169983276375,0.026324974543329605,0.0,1.5
2991,1.23675,0.6178955301841529,0.4996123146829617,-0.061981774324954775,0.0,23685.805660408787
2992,1.36975,0.8629722578272403,0.6300217250061985,-0.08024790970865175,0.0,10188.709817439829
2993,1.77,1.340354108914626,0.7572622084263424,-0.14317255388157216,0.0,86885.20347804838
2994,1.1125,0.5053786717902479,0.4542729634069644,0.11484135364662618,0.0,0.0
2995,3.04975,3.043943385697874,0.9980960359694644,-0.4583441476482362,0.0,0.0
2996,2.22125,2.167365406594242,0.9757413197948192,-0.19549913368229743,0.0,0.0
2997,1.0785,0.7993731915537596,0.7411897928175796,0.4068885912636516,0.0,0.0
2998,3.04725,3.1036954858550843,1.018523418116362,-0.4499016138147925,0.0,0.4444444444444445
2999,2.872,5.138746703177716,1.7892572086273386,0.04922792131873166,0.0,0.0
3000,1.0525,0.3244534905296585,0.3082693496718846,-0.05640412850772697,0.0,0.0
3001,1.11175,0.3940821775856816,0.3544701394969027,0.00681123824901364,0.0,0.0
3002,1.16275,0.5378984766596744,0.46260888123816335,-0.028425966249261303,0.0,6185.3599529124
3003,1.226,1.2711522162940394,1.0368288876786618,0.2850769222131886,0.0,0.0
3004,1.07025,0.28343433323313855,0.26483002404404443,-0.011287018652817005,0.0,0.0
3005,1.25225,0.6980270395457358,0.5574182787348658,-0.009024581633678197,0.0,0.0
3006,1.16725,1.6197016070325905,1.3876218522446697,0.4503087324873106,0.0,0.0
3007,1.08,0.7247284372970035,0.6710448493490773,0.312868085092602,0.0,0.0
3008,1.27725,0.7463388593147424,0.5843326359872715,-0.01420145089033728,0.0,11172.413485823703
3009,1.0365,0.2089944249673107,0.20163475636016467,0.016696649340197878,0.0,0.0
3010,1.578,1.030621921650392,0.6531190884983472,-0.23669002591340926,0.0,32476.118021147613
3011,1.04025,0.23482700745625004,0.225740934829368,-0.006947994396798496,0.0,0.0
3012,1.30325,0.7661175964190391,0.5878515990171027,-0.058231008243226065,0.0,20791.962614875116
3013,1.03975,0.253349529298949,0.24366388968400962,0.02602406368948973,0.0,0.0
3014,1.1465,0.8186606753260666,0.7140520500009302,0.1661311289065692,0.0,673.271926513299
3015,1.1635,0.5965372697313595,0.5127092992963983,0.016511301576100784,0.0,100.97867006449547
3016,1.152,0.4398231020424832,0.3817908871896556,-0.10369476321357579,0.0,0.0
3017,1.21225,0.5977367813803612,0.4930804548404712,-0.04261065607879255,0.0,24911.0
3018,1.2595,1.444881195952665,1.1471863405737712,0.2726946337608054,0.0,14.833333333333334
3019,1.24525,2.085710906380903,1.6749334722994604,0.4663572842203627,0.0,0.0
3020,1.299,0.9908806492788517,0.762802655333989,0.05349490153538838,0.0,18998.22321581349
3021,1.2,0.5143599338356204,0.42863327819635033,-0.09824112174782532,0.0,17662.054559754088
3022,1.0495,0.31076340433417887,0.29610614991346246,0.027731928406166895,0.0,0.0
3023,1.289,0.7672197576569146,0.5952053977167686,-0.05760666732445591,0.0,5928.315269613767
3024,1.218,0.6427124316655578,0.5276785153247601,-0.01110393645668159,0.0,2299.3532264107153
3025,1.0305,0.1748639309537194,0.16968843372510375,-0.06073781476572093,0.0,0.0
3026,1.09425,0.4369378287199927,0.3993034760977772,0.021757453699584317,0.0,0.0
3027,9.73375,10.888755768592068,1.1186598966063508,-0.009838322707173441,0.0,0.0
3028,1.08,0.5278917194054611,0.4887886290791306,0.1752376319930457,0.0,0.0
3029,2.13175,6.324428158765333,2.9667776046747196,0.2695899926692903,0.0,17908.8772918911
3030,1.1195,0.43389724210252373,0.3875812792340543,0.00871904615924518,0.0,0.0
3031,1.18075,0.5428195840011614,0.45972439889998845,-0.05344856710362089,0.0,0.0
3032,1.14175,0.6055977416207594,0.5304118604079346,0.06980268740734225,0.0,0.0
3033,1.07525,0.30184468697289246,0.28072047149304113,-0.01607745217532619,0.0,0.0
3034,1.05125,0.36353332257051046,0.34581053276624063,0.09584628379160876,0.0,0.0
3035,1.18575,0.5606474104815967,0.4728209238723143,-0.06081843295702602,0.0,0.0
3036,1.26675,0.8569002316499572,0.6764556792184386,0.04579275490627108,0.0,4862.619913447224
3037,1.21775,1.0840335417688516,0.8901938343410811,0.21592208340150035,0.0,4156.0
3038,1.159,0.4698661442883357,0.4054065093083138,-0.08715212708392117,0.0,1924.5802327356
3039,1.10725,1.576981025500528,1.4242321296008382,0.609050911816444,0.0,0.0
3040,1.167,0.8618565421082524,0.738523172329265,0.17630870198010645,0.0,0.0
3041,1.43725,2.1257215505629223,1.4790200386591912,0.18577393259450078,0.0,8092.150448462915
3042,1.09425,0.4386513892150749,0.40086944410790487,0.023457316608494316,0.0,0.0
3043,1.50675,1.2376741884879123,0.8214197368428156,-0.04912610895608875,0.0,12927.637648827274
3044,1.1755,0.6207222196913083,0.5280495275978803,0.004793216916660015,0.0,32.871654149102945
3045,1.1155,0.40211960290908594,0.3604837318772622,0.015579688979629192,0.0,0.0
3046,1.1695,0.6175476429173852,0.5280441581166184,0.0025663934470527006,0.0,0.0
3047,1.84575,5.696232852041442,3.086134553456016,0.48519563027943624,0.0,0.0
3048,2.95625,5.8350105205083915,1.9737879139140437,0.10441235357076206,0.0,0.0
3049,1.09325,0.3969809012521758,0.3631199645572154,-0.019892579143128197,0.0,1234.6253363356082
3050,1.034,0.19455966531077676,0.18816215213808196,-0.014385241396201787,0.0,0.0
3051,1.1285,0.48015142022760554,0.4254775544772756,0.009703412555978563,0.0,0.5
3052,1.045,0.29999583226245613,0.28707735144732643,0.012417279277951776,0.0,0.0
3053,1.10725,1.428375826551076,1.2900210671041552,0.5660669356597002,0.0,0.0
3054,2.876,4.199587257491303,1.4602181006576158,-0.038422680541002285,0.0,0.0
3055,1.0395,0.21319266586398922,0.20509154965270726,-0.04892377780386847,0.0,0.0
3056,1.1395,0.7593970772792357,0.6664300809822165,0.16808736179302036,0.0,0.0
3057,1.038,0.23252853024810705,0.22401592509451546,0.063038194656721,0.0,0.0
3058,1.786,2.3592574094152954,1.3209727936255853,0.10238322374388903,0.0,95243.83315214109
3059,1.11525,0.370812368932373,0.33249259711488277,-0.01962134386455494,0.0,0.0
3060,1.07525,0.28828495374132584,0.26810969889916375,-0.03603901189663028,0.0,4156.0
3061,2.06325,6.184683663333467,2.997544487257224,0.2598862200880634,0.0,0.0
3062,1.2365,0.9299376032758848,0.7520724652453578,0.11555698145437734,0.0,657.0134426934316
3063,1.13875,0.5244684969577059,0.4605650906324531,0.0073378471896208275,0.0,0.0
3064,1.5395,1.9308992316951037,1.2542378900260498,0.035970208023604316,0.0,21265.028556688383
3065,1.1145,0.3632116885270498,0.3258965352418572,-0.028615739921399763,0.0,8311.0
3066,1.211,0.6705157700229446,0.5536876713649418,0.007288359795363131,0.0,0.0
3067,1.05175,0.3075639549696927,0.292430667905579,-0.0796211423793623,0.0,0.0
3068,1.057,0.3637087722584574,0.3440953379928641,-0.006802803356916853,0.0,0.0
3069,1.08075,0.3312957541520564,0.30654245121633716,-0.027091347598208526,0.0,0.0
3070,1.04,0.23856703158051676,0.22939137651972766,-8.561126240091976e-05,0.0,0.0
3071,1.1205,0.4025173972187611,0.359230162622723,-0.023883187789551674,0.0,0.0
3072,2.1075,6.007825500279652,2.850688256360452,0.2472860389427226,0.0,4156.0
3073,1.23525,0.5735762241596407,0.4643401936123382,-0.09430568720377766,0.0,5054.494058281592
3074,26.31,20.75668832033441,0.7889277202711672,0.2703414845309937,0.0,97417.95117341801
3075,1.52375,1.6973968971801026,1.1139602278458425,0.0880509611116631,0.0,17836.014731582905
3076,1.05525,0.34238391344519464,0.32445762941975326,-0.0330432276402059,0.0,0.0
3077,1.111,0.36566710011570197,0.3291333034344752,-0.02568966838715181,0.0,4156.0
3078,1.19625,0.6510314108969656,0.5442268847623537,0.00409368933881854,0.0,3558.2012569344533
3079,1.312,2.0216769757922783,1.5409123291099682,0.36318531938034687,0.0,0.0
3080,1.066,0.587563024344533,0.5511848258391491,0.30531498247731564,0.0,0.0
3081,10.66525,11.161332190718449,1.0465138830049412,0.0008994545441720625,0.0,0.0
3082,1.093,0.3659022698997363,0.33476877392473586,-0.055297088834492525,0.0,0.0
3083,1.035,0.18916645047813482,0.18276951737017857,-0.026593937085831243,0.0,0.0
3084,1.15975,0.6179202164102273,0.5328046703256971,0.03180612359817728,0.0,0.0
3085,1.044,0.22153164348974352,0.21219506081393058,-0.11926217254480431,0.0,0.0
3086,1.2175,0.5570200335979465,0.4575113212303462,-0.07324982164353175,0.0,1348.9352655742791
3087,2.8585,3.93723928829622,1.3773794956432466,-0.0664374797192353,0.0,0.0
3088,1.08775,0.8433431949308118,0.7753097632092041,0.30734215238479073,0.0,0.0
3089,1.13175,0.6260909957695813,0.5532060930148719,0.12496265271837959,0.0,0.0
3090,1.1675,0.6538735639704474,0.5600630098247943,0.05636749864270943,0.0,0.0
3091,2.14825,3.4982611959870633,1.6284236918361752,0.012420961763770721,0.0,56759.5236866936
3092,1.28525,0.8538528583285993,0.6643476820296434,0.04424553125919034,0.0,609.5088758880845
3093,1.0615,0.40652068184311546,0.38296814116167255,0.04152606608775378,0.0,0.0
3094,1.19525,0.6080459419047763,0.5087186294957343,-0.025571859188918605,0.0,778.2858090552397
3095,1.3735,1.5792787215435025,1.1498206927874062,0.1822140396512566,0.0,49149.435639478084
3096,1.154,0.5864042696739793,0.5081492804800514,0.02122432330549004,0.0,0.0
3097,1.256,1.1409598798213023,0.9084075476284255,0.1701328680295532,0.0,2746.664440407164
3098,1.1245,0.39754151961141587,0.3535273629270039,-0.029285350069611027,0.0,0.0
3099,1.0335,0.19971910757482023,0.19324538710674427,-0.003018435113708584,0.0,0.0
3100,1.899,3.484226450518052,1.8347690629373627,0.010675102399869796,0.0,0.0
3101,1.1085,0.3475024309049812,0.3134888866982239,-0.04781770905657151,0.0,8310.0
3102,1.0925,0.4024726649867235,0.36839603202446086,-0.013925803076992593,0.0,0.0
3103,1.746,3.543320869000601,2.029393395762085,0.279018378178025,0.0,6313.608639104078
3104,1.21625,0.6921746267586542,0.569105551291802,0.021095038404485317,0.0,683.0531462972996
3105,1.0355,0.21272297188054565,0.20543019978806917,0.024376339847953843,0.0,0.0
3106,2.26525,2.6408589457774667,1.1658134624334915,-0.23988408466287903,0.0,0.0
3107,1.042,0.27341303676337025,0.2623925496769388,0.05912318051191723,0.0,0.0
3108,1.1485,0.42543271882820954,0.3704246572296121,-0.11814191327247364,0.0,4156.0
3109,1.09575,1.0841474906327835,0.9894113535320862,0.41642617642313345,0.0,0.0
3110,1.07425,0.29708416694694895,0.27655030667623826,-0.022981481276973192,0.0,0.0
3111,1.82875,1.4654215443262881,0.8013241527416476,-0.10442953175335207,0.0,0.0
3112,1.16925,0.9068131091927106,0.7755510876140352,0.19839150920440368,0.0,0.0
3113,1.1405,1.1998415124147557,1.0520311375841784,0.3667423241616804,0.0,0.0
3114,1.1545,0.46817149222964666,0.40551883259389054,-0.07656783525998101,0.0,419.01266034242957
3115,1.07675,0.2956032523851948,0.2745328557094913,-0.025151779953190068,0.0,0.0
3116,1.089,0.7528085282261636,0.6912842316126387,0.25802233786720086,0.0,0.0
3117,1.27875,0.7229654952186992,0.5653689112169691,-0.02801993499717309,0.0,1306.6589039112441
3118,1.12675,0.45192421529952737,0.4010865012642799,-0.016609192628002922,0.0,0.0
3119,1.16075,0.49746487848523696,0.42857193925068876,-0.06236385605924283,0.0,4377.133779178342
3120,5.062,10.731493243570963,2.1200105182874283,0.08887943809980281,0.0,98598.72337511758
3121,1.09825,0.416101216719729,0.3788765915954737,-0.03977935380824088,0.0,0.0
3122,1.0885,0.3757699439320429,0.34521813866058143,-0.043740152521391684,0.0,0.0
3123,11.63425,11.156594208632132,0.958943997991459,0.0007150575290071348,0.0,315.93241478159285
3124,1.52275,1.450002780864964,0.9522264198752021,0.01963639229567768,0.0,37593.643445530324
3125,1.7205,1.1581083946520037,0.6731231587631524,-0.20664289426432148,0.0,3488.8245295166357
3126,3.0735,3.144450610585354,1.0230846300912164,-0.4442359406591718,0.0,0.4444444444444445
3127,1.85075,1.5016784599404966,0.8113891449090891,-0.09381515261662199,0.0,0.0
3128,1.17525,0.5358257317483931,0.4559248940637253,-0.059080509249177016,0.0,1932.355581975923
3129,1.11325,0.37007928497727666,0.33243142598452874,-0.0204807797043029,0.0,0.0
3130,1.1555,0.6240329352494698,0.5400544658152053,0.048234711023791066,0.0,0.0
3131,1.1735,0.5594425743528102,0.4767299312763615,-0.04034856127203368,0.0,0.0
3132,1.22,0.5149429983725318,0.42208442489551784,-0.10736147932580889,0.0,6953.032381372651
3133,1.125,0.44712971411583835,0.3974486347696341,-0.021241273259909432,0.0,537.0126677170042
3134,3.032,3.0091094504722204,0.9924503464618141,-0.4633427337390181,0.0,0.0
3135,1.42375,2.0641586967288443,1.4498041768069143,0.27479839421154145,0.0,0.0
3136,1.13625,0.5241704170940393,0.46131609865261985,0.007090947247784196,0.0,0.0
3137,1.047,0.2771465362414578,0.26470538322966364,-0.02198848680221388,0.0,0.0
3138,1.2345,0.6764792354825163,0.5479783195484134,-0.022642357415793957,0.0,4789.021783166436
3139,1.1305,0.43648296569836054,0.3860972717367187,-0.03170750575525155,0.0,0.0
3140,1.38625,1.5225440790394724,1.0983185421384833,0.14262518523580145,0.0,26591.37855371263
3141,1.08025,0.2997205291582472,0.2774547828356836,-0.07059072697210361,0.0,0.0
3142,1.19575,0.5670205601024487,0.4741965796382594,-0.05590944688261951,0.0,18661.5
3143,1.311,0.6902159803459212,0.5264805342074151,-0.10354143555290411,0.0,21634.366605740233
3144,1.0625,0.7633737189992296,0.7184693825875101,0.3151806249777934,0.0,0.0
3145,1.09425,0.4282671954489095,0.391379662279104,0.013052616934464079,0.0,0.0
3146,2.07675,5.9689418244883266,2.874174467070339,0.244466075140086,0.0,9195.644904277147
3147,1.10275,0.33796596389013356,0.3064755963637575,-0.13010537427058683,0.0,8311.0
3148,1.03825,0.2535803881480453,0.2442382741613728,0.026419624210743398,0.0,0.0
3149,1.106,0.4481229781554253,0.40517448296150566,-0.00758112595838728,0.0,0.0
3150,1.17375,1.181062938592279,1.006230405616425,0.2841689667152993,0.0,0.0
3151,1.9055,3.412767424741077,1.7910088820472723,0.0016754217564011187,0.0,0.0
3152,1.13075,0.4423837286122029,0.3912303591529542,-0.025875660499771858,0.0,0.0
3153,1.08025,0.42232040695606093,0.39094691687670535,0.07833484983946648,0.0,0.0
3154,3.08325,6.5165509125954895,2.1135330941686497,-0.12776292570956582,0.0,233076.33889372373
3155,4.70575,10.448610448407752,2.2203921688163955,0.07727781946383572,0.0,20973.090323732256
3156,1.07325,0.2887997382654727,0.26908897113018654,-0.0031426798130103073,0.0,0.0
3157,1.195,0.5310795716065949,0.4444180515536359,-0.08434865726903448,0.0,24917.0
3158,1.039,0.2179240067504715,0.20974399109766267,-0.039390962813346087,0.0,0.0
3159,1.23125,0.540690784211302,0.43913972321730116,-0.11994786057426282,0.0,10061.928226307415
3160,1.2635,1.1776733327284161,0.93207228549934,0.1838873356582851,0.0,23392.28849130035
3161,1.192,0.655166628292152,0.549636433131,0.006843514468239026,0.0,5343.526834232179
3162,1.0415,0.2393576257783624,0.22982009196194178,0.0013512303211029586,0.0,0.0
3163,1.07,0.27498891746065246,0.2569989882809836,-0.024424283768908595,0.0,0.0
3164,1.1925,0.4969964802444217,0.41676853689259685,-0.11315494048310684,0.0,6231.0
3165,1.7625,3.2065814025333528,1.8193369659763705,0.23565016551637818,0.0,0.0
3166,1.0455,0.2773968046802481,0.26532453819248975,-0.021596487831818778,0.0,0.0
3167,1.1755,0.5475168432782852,0.4657735799900342,-0.049706591042476544,0.0,5172.611184051688
3168,11.99125,11.11582492793302,0.9269946776135114,-0.0008748814269512462,0.0,315.93241478159285
3169,1.14975,1.0490948896653154,0.9124547855319116,0.2738419710205653,0.0,0.0
3170,1.24325,0.7156867257203694,0.575657933416746,0.0018261342701197947,0.0,64.47117621097979
3171,2.89725,8.28911151933336,2.861027360197898,0.25687869270598296,0.0,936.365624093651
3172,1.40675,0.9115987003872027,0.6480175584767747,-0.0801409921117856,0.0,0.0
3173,1.88675,1.5313427735724432,0.8116299316668574,-0.08531969047709559,0.0,0.0
3174,25.9455,21.14499485580129,0.814977350823892,0.2783910042937978,0.0,1.9216796336048814
3175,1.08525,0.3728500929300534,0.34356147701456197,0.02422703802313758,0.0,0.0
3176,1.17775,0.4491162030487881,0.38133407178839995,-0.13574535131371573,0.0,3.0
3177,1.17375,0.765641880628498,0.6523040516536724,0.09592160636142211,0.0,13540.75083656479
3178,1.131,0.5078419792307123,0.4490203176222036,0.03405379243519713,0.0,0.0
3179,1.41575,0.9442588859581507,0.6669672512506802,-0.0648536090208255,0.0,0.0
3180,2.85975,7.250463588148055,2.535348750117337,0.19873648601585392,0.0,31550.632473333033
3181,1.10925,0.34328399099669454,0.3094739607813338,-0.053122005407513384,0.0,0.0
3182,1.10975,0.8569647219306396,0.7722142121474562,0.3441873879529209,0.0,0.0
3183,1.2625,1.073956281942557,0.8506584411426195,0.14384909735853124,0.0,10078.946335468794
3184,1.09725,1.2108505181253013,1.103532028366645,0.4241121924237774,0.0,0.0
3185,1.20075,0.6281306189946719,0.5231152354733891,-0.011458289395295085,0.0,0.0
3186,1.18,0.5533322185956949,0.4689256089794025,-0.045118116579384804,0.0,0.0
3187,1.159,0.5742834233743741,0.49549907107366187,0.0,0.0,0.0
3188,1.07775,0.34166375434081037,0.31701577763007227,0.037737920739446706,0.0,0.0
3189,1.29025,0.7737277306328677,0.5996727228311318,-0.0539382833231164,0.0,10249.715322622393
3190,1.27875,0.6112625033175112,0.47801564286804393,-0.10090974965378177,0.0,6746.128406745936
3191,1.202,0.9004991530707679,0.7491673486445657,0.14497505516641995,0.0,95.12158818150989
3192,1.35325,0.7749932845823806,0.5726904005781494,-0.12694680497666294,0.0,3887.6698172571223
3193,1.31325,0.7181597147180848,0.54685681684225,-0.08630540604735547,0.0,22282.688524391524
3194,1.04125,0.24507846368732777,0.23536947292900626,0.011609111168422559,0.0,0.0
3195,1.4135,1.1827372771950315,0.8367437404987843,0.0329435955308445,0.0,26419.52371655951
3196,1.201,0.6341920449575758,0.528053326359347,-0.007287463415573098,0.0,1167.9888289586756
3197,1.08875,0.4176326636656191,0.38358912851032745,0.002132265628577268,0.0,0.0
3198,1.139,1.2983067434547295,1.1398654464045035,0.40099575331477505,0.0,0.0
3199,1.0415,0.22867186688719807,0.2195601218312031,-0.018483300679097425,0.0,0.0
3200,1.11075,0.3500215225762076,0.3151217848986789,-0.04468080640776306,0.0,0.0
3201,1.08725,0.3836329379208261,0.35284703418792923,0.036608670066209825,0.0,4156.0
3202,1.11575,0.4705393600139425,0.42172472329280075,0.0838204014190927,0.0,14032.020708459995
3203,1.74575,2.701931169647254,1.5477194155218412,0.1612821774795301,0.0,61605.291474594604
3204,1.048,0.5798966028677048,0.5533364531180389,0.29865262260345904,0.0,0.0
3205,1.09675,0.41464734486687754,0.3780691541982016,-0.041299450735043486,0.0,0.0
3206,25.64375,20.90508530442764,0.8152117106284237,0.2734353645211127,0.0,1.9216796336048814
3207,3.26525,8.919769223934667,2.731726276375367,0.008572899890870511,0.0,13770.216744984144
3208,1.40075,2.2089294420193584,1.5769619432585105,0.30423715431617715,0.0,3182.5374688998527
3209,1.23925,1.0598538861866837,0.8552381571004105,0.1723491686955459,0.0,44489.466298079264
3210,1.3375,1.3791552730990186,1.0311441294198271,0.12336841997588419,0.0,7773.29958081863
3211,1.74375,2.059040030927578,1.1808114872702955,0.04327268614607649,0.0,63761.65231001832
3212,1.09425,0.4164256116913538,0.38055801845223103,0.0008752398469142331,0.0,0.0
3213,1.0775,0.31307867152465196,0.29056025199503666,-0.00020750571683247898,0.0,0.0
3214,1.60775,1.4774761153459823,0.9189713048334519,-0.08026893284453449,0.0,54204.071000866155
3215,1.14925,0.9778616931206162,0.850869430603103,0.24330463286895226,0.0,0.0
3216,1.07625,0.5440679553006188,0.5055219096869862,0.2397921593925359,0.0,0.0
3217,1.03425,0.19387195280267047,0.18745173101539328,-0.01592306708057567,0.0,0.0
3218,1.27875,0.6365137272135085,0.4977624455237603,-0.08332973113585762,0.0,22008.947375585303
3219,1.1995,0.6239367550229488,0.5201640308653178,-0.014367683618383642,0.0,0.0
3220,1.13175,0.5224559096654818,0.4616354403936221,0.04637484075087034,0.0,201.13652510428582
3221,1.07825,0.3444656755765552,0.31946735504433593,0.041284964905330734,0.0,0.0
3222,1.5445,1.4555237501830183,0.942391550782142,-0.08677010538042643,0.0,28582.91574826705
3223,1.0895,0.3962688572822913,0.3637162526684638,-0.020672249976231905,0.0,0.0
3224,1.134,0.5026003897610376,0.44321022024782863,-0.011158738480833819,0.0,0.0
3225,1.0675,0.2889024336242922,0.2706345982428967,-0.0029882748954166427,0.0,0.0
3226,1.04275,0.26540543986866205,0.25452451677646803,0.046213782056529484,0.0,0.0
3227,1.23525,1.0405181915885742,0.8423543344169797,0.16435284957867058,0.0,0.0
3228,1.15225,0.98605933683219,0.8557685717788588,0.24693024922643914,0.0,4156.0
3229,1.14125,0.41029321543337477,0.3595121274334061,-0.09928722395090761,0.0,8311.0
3230,1.064,0.2538111601688479,0.2385443234669623,-0.16304586498210177,0.0,4156.0
3231,3.00825,2.9769779201203725,0.9896045608311719,-0.4680051048291129,0.0,0.0
3232,1.08125,0.3311734537430741,0.30628758727683153,-0.027251700389631706,0.0,0.0
3233,1.03625,0.2023516099355547,0.19527296495590324,0.00266861214538594,0.0,0.0
3234,1.162,0.6279765828812105,0.5404273518771175,0.03881716868510415,0.0,257.2361528028554
3235,1.105,0.5005373456682349,0.45297497345541626,0.04045814671442172,0.0,0.0
3236,1.04325,0.2353577825810214,0.22560055842896853,-0.09296937827641072,0.0,0.0
3237,1.07975,0.3184576758736249,0.29493649073732336,0.007190733225506174,0.0,0.0
3238,1.48925,2.028031722056245,1.3617805754952124,0.16534230101472067,0.0,24708.644082607847
3239,1.251,0.7263820673219651,0.5806411409448162,0.008268286035135436,0.0,0.0
3240,1.0875,0.3610766457222365,0.33202450181355087,-0.06106279314477092,0.0,0.0
3241,1.24475,1.206943087060799,0.969626902639726,0.22878996369712323,0.0,12845.544254214927
3242,1.223,0.5597761493082155,0.45770739927082216,-0.07110624649026079,0.0,0.0
3243,1.04425,0.27714822800276256,0.2654040967227796,-0.02198583578457214,0.0,0.0
3244,1.382,0.6761584855449154,0.48926084337548154,-0.20989618682885422,0.0,23565.583490151104
3245,1.0435,0.2740921954979897,0.2626662151394247,-0.02680127236859353,0.0,0.0
3246,1.1685,1.0575383429628966,0.9050392323174126,0.26516984186214726,0.0,0.0
3247,1.051,0.32622937697515897,0.3103990266176584,0.04882512472787376,0.0,0.0
3248,1.14425,0.5000044385899514,0.43697132496390767,-0.013407699898930536,0.0,0.0
3249,1.47025,3.217328509522232,2.188286692414373,0.3657629645254268,0.0,0.0
3250,2.19175,1.6757637015688918,0.7645779407180983,-0.3072184919697959,0.0,118859.01191988263
3251,1.22,1.6395950927033798,1.3439304038552293,0.3956159730164931,0.0,0.0
3252,1.2025,0.541818366046636,0.45057660378098635,-0.08526691453923205,0.0,588.7157360412152
3253,1.94625,5.193515580849077,2.6684730023630454,0.18403016788974258,0.0,41005.410591566026
3254,1.149,0.585563592772207,0.5096288884005283,0.020601266285202757,0.0,11075.58474638276
3255,1.233,0.7248050328080621,0.5878386316367089,0.007324372384428013,0.0,0.0
3256,1.18425,0.5842835649931293,0.4933785644864929,-0.021480404535582365,0.0,1529.0794341262326
3257,1.22925,0.7002264039253222,0.5696370989833819,-0.007658344910357329,0.0,12462.5
3258,1.07475,0.29779961157154494,0.2770873333999022,-0.02193686108864501,0.0,0.0
3259,1.0855,0.3908042118286288,0.36002230477073127,0.044652017961729185,0.0,0.0
3260,2.919,4.914008126668825,1.6834560214692786,0.029806580527333537,0.0,142816.57975708053
3261,1.07775,0.3335157352905881,0.30945556510377,0.02725534073069813,0.0,0.0
3262,1.07775,0.2902171497318855,0.2692805843023758,-0.03313791552372913,0.0,0.0
3263,1.1045,0.46918523388521505,0.424794236202096,0.012365996097742915,0.0,0.0
3264,3.5665,5.716489072134046,1.6028288440022558,-0.18465134076476397,0.0,147750.83566279782
3265,1.106,0.37053788548695704,0.33502521291768267,-0.09014572068329713,0.0,0.0
3266,1.04075,0.2776845596691859,0.26681197181761795,0.06585569391889168,0.0,0.0
3267,1.12925,0.4342713269332309,0.38456615181158366,-0.03391364952104997,0.0,466.2657706194315
3268,1.12925,0.5060716002861196,0.44814841734436095,0.032537161031053585,0.0,0.0
3269,1.0705,0.3163143431634467,0.29548280538388294,0.0363794101771327,0.0,4156.0
3270,1.036,0.19928353791048703,0.19235862732672493,-0.003966627207104834,0.0,0.0
3271,4.334,9.746393797092953,2.248821826740414,0.04706323642431731,0.0,19070.05528258429
3272,1.13025,0.493807552569565,0.43690117458046007,0.021882922755730394,0.0,0.0
3273,2.7245,4.853193600303877,1.7813153240241795,0.024398326398314962,0.0,0.0
3274,1.113,0.49324620926646656,0.4431682023957471,0.10428820022380225,0.0,0.0
3275,1.085,0.3380881185341678,0.3116019525660533,-0.018277309070242276,0.0,0.0
3276,1.10725,0.3496827233389583,0.3158118973483479,-0.045101380247548783,0.0,0.0
3277,1.03275,0.19669038938727873,0.19045305193636283,-0.009654911796811105,0.0,0.0
3278,1.18375,0.5933582020912808,0.5012529690317049,-0.014787124906242982,0.0,1.0
3279,1.09625,0.4561117702786749,0.41606546889730894,9.294013243382748e-05,0.0,0.0
3280,1.0605,0.34332086639807674,0.3237349046657961,-0.03185637941500136,0.0,0.0
3281,1.057,0.7432288323755467,0.703149321074311,0.3035659698265494,0.0,0.0
3282,1.07425,0.30538541642184025,0.2842777904787901,-0.011012694414360813,0.0,0.0
3283,25.256,21.11307425450209,0.8359627120091103,0.27773489558216835,0.0,1.9216796336048814
3284,2.18125,4.181000912420065,1.9167912492470212,0.08984899134874791,0.0,44341.31390798162
3285,1.078,0.3040380071264847,0.28203896764980024,-0.012933110836623185,0.0,0.0
3286,1.117,0.3998136600226225,0.357935237262867,-0.02681021542733747,0.0,0.0
3287,10.83875,11.061140793173715,1.0205181218474193,-0.0030166591981257707,0.0,19996.017456943537
3288,11.7485,11.114545921123282,0.9460395728070207,-0.0009248550062648242,0.0,259.7199397490009
3289,1.3045,0.8731954921962767,0.6693717839756816,-0.0014149606720985294,0.0,31.618243447436765
3290,1.579,2.6046026546763685,1.6495266970717977,0.16595207715032292,0.0,89808.72611726432
3291,1.09325,0.4124281291818432,0.37724960364220733,-0.0033139143322613585,0.0,0.0
3292,1.121,0.3935704821643866,0.3510887441252334,-0.033645324716374825,0.0,0.0
3293,1.60925,2.4182693076063773,1.5027306556510034,0.13371526217619215,0.0,33936.41569573446
3294,1.085,0.35114929368662295,0.3236399020153207,-0.0018154184493388015,0.0,0.0
3295,1.132,0.7528065351867336,0.6650234409776798,0.2050085753539172,0.0,4156.0
3296,1.10725,1.5637642971990053,1.412295594670585,0.605395737351277,0.0,0.0
3297,25.52775,21.050237719905116,0.8246021572565195,0.27644042514504275,0.0,1372.9176199630194
3298,1.0805,0.3139178014967041,0.29053012632735226,-0.05049127349133925,0.0,0.0
3299,1.1045,0.5273986038299974,0.4774998676595721,0.06316063623968138,0.0,0.0
3300,3.40025,9.446102749377012,2.778061245313436,0.03347194689780886,0.0,434.03138515008135
3301,1.09575,0.4343145113551854,0.39636277559222943,0.019142147785656205,0.0,0.0
3302,1.14325,0.6323206424344473,0.5530904372923221,0.08855580028456517,0.0,5925.854142575833
3303,1.1045,0.4428642932045311,0.40096359728794123,-0.012707673663082897,0.0,4156.0
3304,1.15175,0.45417343149557865,0.39433334620844684,-0.08975107547213612,0.0,10096.007068406354
3305,1.636,3.321710770161989,2.030385556333734,0.27157241291611833,0.0,0.0
3306,1.13575,0.4736855834918369,0.4170685304792753,-0.03689139224834076,0.0,0.0
3307,1.64475,2.2877622038742067,1.3909482923691787,0.10962147902015015,0.0,0.0
3308,1.08975,0.9372377185833292,0.8600483767683681,0.353187565698865,0.0,0.0
3309,1.03625,0.20111203099827984,0.19407674885238105,0.0,0.0,0.0
3310,1.3715,1.5663975071122822,1.1421053642816494,0.17865723900824745,0.0,8211.131951172983
3311,1.13625,0.4639393790538363,0.40830748431580755,-0.045920322642107214,0.0,4156.0
3312,4.973,9.388946111106897,1.8879843376446606,0.030836128006688557,0.0,148573.65415168012
3313,1.72875,1.066047631153492,0.6166580657431625,-0.24261549445074765,0.0,127459.00050852596
3314,1.1635,1.3336837811516742,1.1462688278054785,0.3659265891737714,0.0,0.0
3315,8.9305,16.56595235548989,1.85498598684171,0.17239982843892232,0.0,275.94104429313995
3316,1.07775,1.2284470717340708,1.1398256290735984,0.5934954613782935,0.0,0.0
3317,1.0715,0.2948041339081634,0.2751321828354302,0.005794094032684716,0.0,0.0
3318,2.76475,3.7738531939494377,1.3649889479878607,-0.08484428810476674,0.0,0.0
3319,1.076,0.3094316353966512,0.2875758693277427,-0.005296275395949679,0.0,0.0
3320,1.1145,0.36595523060574214,0.3283582149894501,-0.025347597121398002,0.0,0.0
3321,1.116,0.4050740935376068,0.36296961786523907,0.018758912783050807,0.0,0.0
3322,1.2625,0.6706013544156737,0.5311693896361772,-0.060673079089824555,0.0,1094.4369802229658
3323,1.105,0.34059360093849395,0.30822950311175923,-0.12674185532900117,0.0,0.0
3324,1.114,0.5172725516815877,0.4643380176674934,0.12494387777306676,0.0,0.0
3325,1.36525,0.8270510509395506,0.6057872557696763,-0.09871242643707165,0.0,0.0
3326,1.5195,2.023769665973682,1.3318655254844896,0.1644286391919181,0.0,83858.95856820194
3327,2.706,6.018149094998595,2.2240018828524004,0.11783365300478643,0.0,35440.36098277701
3328,1.325,1.1557287429288101,0.8722481078708001,0.12032946859465903,0.0,0.0
3329,1.09,0.37541341719290233,0.34441597907605714,-0.0441524023530554,0.0,0.0
3330,1.8065,1.8310914706790316,1.0136127709266711,-0.007682064241707143,0.0,77970.41855875302
3331,1.0975,0.4680261874383013,0.4264475511966299,0.011291814282771984,0.0,0.0
3332,1.1285,0.6399923027169032,0.5671176807416067,0.13449994545636618,0.0,0.0
3333,1.159,0.4379120251094206,0.3778360872384992,-0.11773940947413547,0.0,16615.0
3334,1.11375,1.3972469403269645,1.2545427073642779,0.5564976112365727,0.0,0.0
3335,1.23,1.2969273322458286,1.0544124652405111,0.2600188150462813,0.0,4743.902297787004
3336,1.052,0.5194838456260854,0.49380593690692526,0.14801546761375672,0.0,0.0
3337,1.323,0.7302768831624895,0.5519855503873693,-0.079038892390412,0.0,22157.40174887983
3338,1.23675,0.6973672043869275,0.5638707939251485,-0.00943530826672967,0.0,5305.479164129778
3339,1.218,0.4889128336827895,0.4014062673914528,-0.12988919939388224,0.0,18568.243558286053
3340,1.16975,0.6016855024520412,0.5143710215448097,-0.008734527636736433,0.0,0.0
3341,1.1495,0.526515958698016,0.45803911152502486,-0.025561261298801985,0.0,2265.9619651642224
3342,1.11675,0.3628392903030857,0.32490646098328696,-0.06895353474405286,0.0,0.5
3343,1.125,0.4570855847737401,0.40629829757665786,-0.01167728018633113,0.0,0.0
3344,1.16375,1.52348816587064,1.3091197988147283,0.42371280446407766,0.0,0.0
3345,1.106,1.7185756822420994,1.5538658971447552,0.5761903227336351,0.0,0.0
3346,1.043,0.2639477544975067,0.25306591994008315,0.04382193358957531,0.0,0.0
3347,28.34625,20.235568450012067,0.7138710922965847,0.25929882940385873,0.0,159960.87273422987
3348,1.043,0.2533121429391811,0.24286878517658783,0.025959970861218706,0.0,0.0
3349,1.047,0.30135312081652066,0.2878253302927609,0.014377751404320849,0.0,0.0
3350,1.358,3.487459905740644,2.56808535032448,0.5262644790784925,0.0,6462.154061744453
3351,1.0385,0.222553662142714,0.21430299676717765,-0.03026129302079006,0.0,0.0
3352,3.0565,3.0600079513239082,1.0011477020526445,-0.45605816339684047,0.0,0.0
3353,1.0985,0.4683509241445316,0.42635496053211797,0.011593041990063668,0.0,0.0
3354,1.1645,0.6103547191763206,0.5241345806580683,0.026456026224111168,0.0,0.0
3355,1.269,0.6835611267132504,0.5386612503650516,-0.05236014837548586,0.0,28440.99577422993
3356,1.14875,0.4611687398899268,0.40145265714030626,-0.08311293931553271,0.0,16612.0
3357,1.7505,1.7165332422044435,0.9805959681259317,-0.035739885566438645,0.0,68626.59365187306
3358,1.581,2.2975549372479467,1.4532289293155893,0.11147650295943115,0.0,25616.40981305809
3359,1.1565,1.3930157476562512,1.2045099417693481,0.39698322554526955,0.0,0.0
3360,1.23975,0.6138926237856133,0.4951745301759333,-0.06480441273792623,0.0,4411.864263693811
3361,1.0385,0.19881557259927352,0.19144494231995524,-0.07924563974103083,0.0,0.0
3362,1.621,2.54135271428517,1.5677684850617952,0.15527554323873574,0.0,43541.90413159748
3363,1.196,0.5330619464562163,0.4457039686088765,-0.08273057275761123,0.0,12464.0
3364,1.0425,0.22848807780806663,0.21917321612284568,-0.018832493945599604,0.0,0.0
3365,1.11075,0.5630840997807135,0.5069404454474126,0.1617977079818487,0.0,0.0
3366,1.12425,0.4151566285831941,0.3692742971609465,-0.010455867094704974,0.0,0.5
3367,1.1015,0.49875839841048913,0.4527992722746157,0.03891188216090086,0.0,0.0
3368,1.083,0.37702325741810483,0.3481285848735963,0.029060923689749885,0.0,0.0
3369,1.14075,0.5263161499255159,0.4613772955735401,0.008865136949244123,0.0,122.97019012720848
3370,1.0425,0.26117197916444856,0.2505246802536677,0.039230542099288224,0.0,0.0
3371,1.1945,1.8353506144520433,1.5365011422788142,0.45421078801468207,0.0,0.0
3372,1.03825,0.23194910561780405,0.22340390620544576,-0.012303335813291572,0.0,0.0
3373,1.22975,0.6749658007692331,0.548864241324849,-0.02361505937825828,0.0,8011.386198563709
3374,1.188,1.8361641742280779,1.545592739249224,0.45440325599999565,0.0,0.0
3375,1.12625,0.6445267963380572,0.5722768446952783,0.13756617271555657,0.0,0.0
3376,1.04175,0.2530275543015206,0.24288702116776634,0.02547177967796177,0.0,0.0
3377,1.10225,0.34252630346754653,0.3107519196802418,-0.12428441183279271,0.0,8310.0
3378,9.99575,11.03592677836639,1.104061904145901,-0.004007769191745947,0.0,0.0
3379,1.12225,0.3896702429292698,0.3472223149291778,-0.03797060128701679,0.0,33192.0
3380,1.072,0.27809231171224125,0.25941446988082206,-0.0195504928225263,0.0,4156.0
3381,1.04675,0.31636918286231075,0.30223948685198065,0.035496230806377205,0.0,0.0
3382,1.16375,0.99784009676635,0.8574350992621697,0.23993467085040251,0.0,0.0
3383,1.0775,0.333198897621742,0.30923331565822926,0.026842567844654497,0.0,0.0
3384,1.15075,0.44167092478614706,0.38381136196927834,-0.10187398990793761,0.0,4156.0
3385,1.13525,0.5509385817223255,0.48530154743212983,0.028721627153454776,0.0,0.0
3386,1.4825,0.915643681154252,0.6176348608123117,-0.18000594015330185,0.0,34366.30366660419
3387,26.9555,20.4364363755752,0.7581546020506094,0.263588587988663,0.0,132408.3637367114
3388,1.36175,0.8115119071177257,0.5959331060163214,-0.1069498477743202,0.0,8497.638944151828
3389,1.10025,0.4263160492445257,0.38747198295344304,-0.02924665696330997,0.0,0.0
3390,1.08025,0.33665749964617897,0.3116477663931303,-0.020118924052342058,0.0,4156.0
3391,1.074,0.2916252069271942,0.27153185002532043,-0.031035928080285213,0.0,4156.0
3392,1.056,0.38717111897563095,0.36663931721177173,0.020346374406952805,0.0,0.0
3393,1.1125,1.2746567920363392,1.1457589141899678,0.5166177084243161,0.0,0.0
3394,1.1015,0.4156211438724075,0.37732287233082845,-0.04028070623432922,0.0,0.0
3395,1.40825,1.833418199176955,1.3019124439388994,0.22331684852830663,0.0,2172.790438622062
3396,1.05275,0.30081565786209297,0.2857427289119857,-0.08925614112317631,0.0,0.0
3397,1.2325,0.6975423939430757,0.5659573176008729,-0.009326220397503748,0.0,6315.632614319066
3398,1.081,0.35773033523617626,0.3309253794969253,0.006248551874802555,0.0,0.0
3399,1.188,0.7058899136143933,0.5941834289683446,0.03922872282188922,0.0,0.0
3400,5.3355,11.573349789768695,2.1691218798179546,0.12167836094046391,0.0,80878.58303289105
3401,1.1915,0.5271595814419734,0.44243355555348163,-0.08756614904188034,0.0,1.833333333333333
3402,1.09425,0.48520695991348595,0.4434150878807274,0.06726482934816047,0.0,0.0
3403,1.15675,0.4947126667629038,0.42767466329189874,-0.05261977017981123,0.0,12462.0
3404,1.0775,0.30986731747412416,0.28757987700614773,-0.004685215575973789,0.0,12462.0
3405,1.30575,0.7784076162938516,0.5961383237938744,-0.05131936908789472,0.0,5283.654636320472
3406,1.2695,0.6689406703177057,0.5269323909552625,-0.06174990429741495,0.0,205.7371642876979
3407,3.3395,8.074313493083864,2.41782107892914,-0.03467511107114163,0.0,76231.69324512278
3408,1.08275,0.38722076710917797,0.35762712270531327,0.04065142334116839,0.0,0.0
3409,1.4035,0.8055122360899445,0.573931055283181,-0.13387254754027328,0.0,379.9412473385283
3410,1.0585,0.37096112065587084,0.3504592542804637,0.0017718156260150275,0.0,0.0
3411,1.182,0.44544989213333563,0.376861160857306,-0.13930521686928465,0.0,8311.0
3412,1.23125,0.5194621234743021,0.421898171349687,-0.13734294138153735,0.0,13573.634200379674
3413,1.11875,0.4429418549558372,0.3959256804074523,0.017678876506030172,0.0,0.0
3414,1.13175,0.4732313646422015,0.4181412543779116,0.0033987156743331415,0.0,0.0
3415,2.423,3.866174831400766,1.5956148705739852,-0.07434780057588186,0.0,70076.83693192266
3416,1.2115,0.6495176812871041,0.5361268520735486,-0.006529658777137015,0.0,5070.088843593172
3417,1.20775,0.887009940281697,0.7344317452135765,0.12880784999288342,0.0,0.0
3418,26.76425,20.635142941558573,0.770996495009521,0.26779090208915,0.0,44324.81525072274
3419,1.33,0.8241782680066028,0.6196829082756411,-0.10022358545050722,0.0,18693.296956476966
3420,1.044,0.2847530001031894,0.2727519158076527,-0.010229633562838347,0.0,0.0
3421,1.03725,0.20216986833827635,0.194909489841674,0.0022783763612309604,0.0,0.0
3422,1.7595,3.852579699705854,2.1895877804523183,0.31535952797851885,0.0,0.0
3423,1.0465,0.274511546473526,0.26231394789634593,-0.02613732556621451,0.0,0.0
3424,1.0895,0.3674554474714848,0.33726980034096815,-0.05345750239149316,0.0,0.0
3425,1.17075,0.5578281371154017,0.47647075559718277,-0.04160365847341568,0.0,0.0
3426,1.038,0.22263960136962269,0.2144890186605228,0.04416436383482447,0.0,0.0
3427,1.1255,0.4096238493111468,0.3639483334617031,-0.059289570834129945,0.0,0.0
3428,1.08525,0.36608187811659204,0.3373249280042313,0.01627101320344765,0.0,0.0
3429,1.0765,0.29354606507851666,0.2726856154932807,-0.028184724913451364,0.0,0.0
3430,1.095,0.4147505328521294,0.3787676099106205,-0.0008752398469141776,0.0,0.0
3431,2.14075,6.569454229212456,3.0687629238409224,0.2860980201821741,0.0,1709.3561816232268
3432,1.081,0.33085701835029574,0.30606569690129115,-0.027666866039011973,0.0,0.0
3433,1.181,0.7129979603918097,0.6037239292055967,0.06498421253178358,0.0,0.0
3434,1.0395,0.22011783881762387,0.21175357269612685,-0.03504079792943182,0.0,0.0
3435,1.1325,0.4868295397263682,0.42987155825727874,0.015702117139970384,0.0,0.0
3436,1.02375,0.15553773013765532,0.15192940672786845,-0.11160229517289699,0.0,0.0
3437,1.37825,0.797079526423092,0.5783272457268942,-0.1384430353740303,0.0,21616.67497094436
3438,1.105,0.3612583935450174,0.3269306728914185,-0.10116039316065084,0.0,4156.5
3439,1.1635,0.785125375633641,0.6747961973645389,0.13581273359375046,0.0,0.0
3440,1.06175,0.3761280441237985,0.35425292594659624,0.007779136398973652,0.0,0.0
3441,1.23175,0.5464582249796521,0.4436437791594497,-0.11533986079170283,0.0,2806.5064875061457
3442,2.29,4.764512057261053,2.0805729507690187,0.01638914048489659,0.0,3765.3032654437716
3443,1.1745,1.953971404873358,1.6636623285426633,0.5028141288309316,0.0,0.0
3444,1.06,0.3470304129710849,0.3273871820481933,-0.027189042188529078,0.0,0.0
3445,1.078,0.29654339395124624,0.27508663631841024,-0.02377273427272608,0.0,0.0
3446,1.14075,0.5749104869603652,0.5039758816220602,0.0472186711695165,0.0,0.0
3447,1.4925,1.2674167966119447,0.8491904834920903,-0.03881298447139493,0.0,12180.809264588572
3448,1.2915,0.6694324349374151,0.5183371544230856,-0.11681969499717025,0.0,15287.342830614443
3449,1.13725,0.5477110865762986,0.48161010030890183,0.02616997232671775,0.0,1925.2515373516537
3450,1.0435,0.2804057896187469,0.2687166167884493,-0.01691096559184313,0.0,0.0
3451,1.0385,0.2025537138680761,0.19504450059516237,-0.0711558275771681,0.0,0.0
3452,1.04275,0.2528604795248289,0.24249386672244436,0.02518491914215626,0.0,0.0
3453,1.07025,0.2825506967325616,0.2640043884443463,-0.01264309256887497,0.0,16612.0
3454,1.20925,0.6554172949027317,0.5420031382284323,-0.0026027395941179976,0.0,0.0
3455,1.1365,0.3713518891245729,0.3267504523753391,-0.14259592194755744,0.0,12465.0
3456,1.0775,0.2983554993644331,0.2768960550946015,-0.021126940762376978,0.0,0.0
3457,1.1425,0.5479678979687598,0.47962179253283127,0.026373557088771926,0.0,14.67458266707493
3458,1.15775,0.6332181131290376,0.546938555930933,0.04242704870883918,0.0,6069.232327002556
3459,1.31875,2.940886029780828,2.2300557571797746,0.5259517486109464,0.0,0.0
3460,1.158,0.6038436526032193,0.521453931436286,0.021798224904958946,0.0,0.0
3461,1.07525,0.31322829612181086,0.29130741327301635,0.0,0.0,0.0
3462,1.27925,0.6880318193558431,0.5378399994964574,-0.04952898184522639,0.0,7251.371011432342
3463,1.24925,0.9194214329908025,0.7359787336328217,0.11061779564693877,0.0,24613.39182403535
3464,1.132,0.9632278816500263,0.8509080226590339,0.3120542399746353,0.0,0.0
3465,1.6425,1.7763678168259984,1.0815024759975638,-0.00025650543189670305,0.0,63525.44031014522
3466,1.042,0.22638200503363948,0.2172572025274851,-0.02285413597022301,0.0,0.0
3467,1.3325,0.7580154331207329,0.5688671167885425,-0.13656669636548333,0.0,98233.80498764233
3468,1.1285,0.4544660436668636,0.4027169195098481,-0.014173365638930624,0.0,0.0
3469,1.43275,2.446011688605596,1.707214579379233,0.34851383856915585,0.0,24193.107422052402
3470,1.0885,0.37108243766565663,0.3409117479702863,-0.049191791660293416,0.0,0.0
3471,1.1185,0.41412633960699613,0.3702515329521646,-0.011534989817605756,0.0,0.0
3472,1.12125,0.43714552674468515,0.38987337948243933,0.011958195109853742,0.0,0.0
3473,1.51425,2.332843217378574,1.5405931764098224,0.22615310944418884,0.0,7522.665031632832
3474,1.09125,0.3974455034744487,0.3642112288425646,-0.01938460457627994,0.0,0.0
3475,2.90375,8.29808414560987,2.8577130075281514,0.25734854457713263,0.0,0.0
3476,1.25375,0.6139667550397769,0.4897042911583465,-0.09899264965027557,0.0,24658.843478435545
3477,1.06225,0.256693222256818,0.24165047988403673,-0.1581421775612783,0.0,4156.0
3478,1.1435,1.835960358398133,1.6055621848693773,0.5514817402593584,0.0,0.0
3479,1.3945,0.8476729247456455,0.607868716203403,-0.11171637775704678,0.0,0.0
3480,1.066,0.2639344906484154,0.24759333081464857,-0.04224332809669773,0.0,0.0
3481,1.14025,0.893744724408543,0.7838147111673256,0.2388319317375335,0.0,856.8508965959562
3482,1.76875,3.432159432061945,1.9404434951586966,0.2651753497571956,0.0,0.0
3483,3.0545,3.028501726213214,0.9914885337086966,-0.4605528928364004,0.0,0.0
3484,1.11075,0.4254758452882266,0.3830527529040978,0.0400993537253278,0.0,12462.0
3485,1.139,0.5130738847405905,0.4504599514842761,-0.002201649728856836,0.0,0.0
3486,1.39,0.8698213306690183,0.6257707414885024,-0.10051463578867416,0.0,0.0
3487,25.92275,20.8239811752099,0.8033091078380921,0.27174718296793743,0.0,978.662749668044
3488,1.9315,1.8218500307060392,0.9432306656515864,-0.2709186467038351,0.0,0.0
3489,1.20625,0.56239666606631,0.4662355780860601,-0.06907789930358416,0.0,5809.9514167661455
3490,1.74225,3.450476979396665,1.980471791876404,0.26748703035066446,0.0,14751.673289575161
3491,2.8645,4.261652281691048,1.4877473491677597,-0.03205127813537434,0.0,0.0
3492,1.1975,1.6036323329132498,1.3391501736227556,0.3955965505109489,0.0,11.099999999999993
3493,1.07475,0.4906349133057478,0.45651073580437107,0.19489746107957445,0.0,0.0
3494,1.58275,2.5943853118391202,1.6391630464944686,0.16424507518948148,0.0,82499.2512926842
3495,1.163,0.6899637762253367,0.5932620603829206,0.07970000984838865,0.0,12462.0
3496,1.11525,0.36742507780083444,0.3294553488462985,-0.023606761231835693,0.0,0.0
3497,1.104,0.7394732619752346,0.669812737296408,0.20994413578688567,0.0,0.0
3498,1.431,2.3114010131651574,1.6152348100385445,0.32393060983462235,0.0,0.0
3499,1.95675,3.909501309326025,1.9979564631792641,0.0606900919371256,0.0,0.0
3500,1.592,1.0985616548138555,0.6900512907122207,-0.20896496577221219,0.0,27827.655602879124
3501,1.2395,0.8211627896353868,0.6624951913153584,0.061532433528668065,0.0,0.0
3502,1.6215,1.291570667326095,0.7965283178082608,-0.1386712284578785,0.0,52372.63752936877
3503,1.776,1.591055267492633,0.8958644524170231,-0.0687068381868226,0.0,32491.13035623814
3504,1.09775,0.934298221014815,0.8511029114231974,0.31150718239229913,0.0,0.0
3505,1.134,0.4007295173012703,0.3533769993838363,-0.10953022625703479,0.0,4156.0
3506,1.3755,0.831367874731628,0.6044113956609437,-0.12015145075076787,0.0,13544.682316433322
3507,1.036,0.22297181236038965,0.21522375710462321,0.04481191200079093,0.0,0.0
3508,1.21525,0.5696477526862852,0.4687494364832629,-0.06351424840291484,0.0,4156.0
3509,1.041,0.2670895621482654,0.2565701845804663,0.04896087808107541,0.0,0.0
3510,1.73975,1.2924540792177963,0.7428964386939482,-0.15897698231693722,0.0,0.0
3511,1.46725,0.9014602571099778,0.614387634765703,-0.18678585820724236,0.0,48259.98468586943
3512,1.07175,0.2821734270989035,0.26328288042818143,-0.0132233622529494,0.0,0.0
3513,1.1835,0.4380362073273537,0.3701193133310973,-0.1465940649447569,0.0,3368.0482693360364
3514,1.5265,1.6614715983031407,1.0884189965955722,0.07876047887234011,0.0,72387.46982762801
3515,1.08125,0.31650194449674013,0.2927185613842683,-0.0469308351064312,0.0,0.0
3516,1.297,1.16065833988538,0.8948792134814033,0.12217795065896109,0.0,11356.604285999163
3517,1.311,1.1382455362201869,0.8682269536385865,0.11370951013699834,0.0,0.0
3518,1.22525,2.0928706277183244,1.7081172231938988,0.5016217461575263,0.0,0.0
3519,1.03575,0.19995482735669526,0.19305317630383323,-0.0025061584628380817,0.0,0.0
3520,1.46025,1.803533509746962,1.2350854372518143,0.11439177309862134,0.0,33960.45456252593
3521,1.10375,0.46694801382156337,0.4230559581622318,0.010290192934919618,0.0,1054.0608368367398
3522,1.1905,0.505740737357943,0.42481372310621,-0.10558031611879129,0.0,1.5
3523,1.09075,0.4416596011645453,0.4049136843131288,0.02642548342603479,0.0,0.0
3524,1.1305,0.4254585805350948,0.376345493617952,-0.04281751841795495,0.0,30592.211360265916
3525,1.114,0.3728790148156939,0.3347208391523284,-0.017207613564222846,0.0,0.0
3526,2.4705,6.467193046173442,2.617766867505947,0.14908653501872382,0.0,105829.57426656704
3527,1.3425,1.2855375924979522,0.9575699013020128,0.09284003679556874,0.0,6023.625674263073
3528,1.06225,0.855603852251728,0.805463734762747,0.3647161520150425,0.0,0.0
3529,2.172,3.3363451259874064,1.5360704999942016,-0.008160301386431756,0.0,105026.59180859312
3530,1.39075,1.3962635229269453,1.003964424179001,0.1050227028493802,0.0,22834.064052424183
3531,1.421,1.0332114408340471,0.7271016473146004,-0.0257554829664842,0.0,23.305472713560953
3532,1.14125,0.7024398856473321,0.6155004474456359,0.13422760399744738,0.0,0.0
3533,1.038,0.19765061710404652,0.19041485270139355,-0.0075398772651815715,0.0,0.0
3534,1.8405,4.068992372164291,2.2108081348352573,0.3390947718031948,0.0,2342.9052677638665
3535,1.11075,0.32865093999574996,0.2958820076486608,-0.07204067726822672,0.0,12464.0
3536,1.19825,0.5621618485685386,0.46915238770585316,-0.05964688489952927,0.0,16617.0
3537,1.158,1.1069518217085585,0.9559169444806206,0.2850024387223514,0.0,0.0
3538,1.281,0.6450914940990462,0.5035843045269682,-0.07751618981921818,0.0,3552.3828240681664
3539,1.122,0.4045453178922692,0.3605573243246606,-0.0217006644359225,0.0,0.0
3540,1.091,0.41684822251048703,0.38207903071538685,0.001315761449646513,0.0,0.0
3541,1.52375,1.4479157615390228,0.9502318369411142,0.019010852881564066,0.0,13042.423664778458
3542,1.03825,0.20444409222746368,0.19691220055618947,-0.06712147269031843,0.0,0.0
3543,1.06125,0.8815853536010685,0.8307046912613131,0.3777077870806196,0.0,0.0
3544,1.12225,0.4311048600399763,0.38414333708173426,0.0059150753231468345,0.0,0.0
3545,1.04325,0.2447333469365703,0.23458744015007937,-0.07600479239365021,0.0,0.0
3546,1.483,1.2422144638481507,0.8376361860068446,-0.04753586115478048,0.0,37683.21585669343
3547,2.1125,6.538695006122841,3.095240239584777,0.2840598094271841,0.0,24256.66865209458
3548,1.29125,0.751042244892658,0.5816396862673053,-0.06686207966106524,0.0,14324.77431539529
3549,1.13325,0.48995351933910847,0.4323437188079492,0.01848007632072468,0.0,655.0165437418774
3550,2.83575,4.138907413333142,1.4595459449292574,-0.04474357842865451,0.0,0.0
3551,1.04425,0.2516103424764377,0.240948376802909,-0.06396945310942859,0.0,0.0
3552,1.095,0.45500193042356674,0.4155268770991477,0.03935104672473927,0.0,0.0
3553,1.151,0.4361726282567604,0.37895102368093864,-0.10731439226851136,0.0,29.86954969656209
3554,1.1335,0.4239371187690075,0.37400716256639394,-0.044373361369988984,0.0,732.5748866632869
3555,1.92475,1.765464996584056,0.9172437961210839,-0.2845721596372047,0.0,0.0
3556,1.371,2.14418011768934,1.5639534045874106,0.31501652033708966,0.0,0.0
3557,7.31225,7.4880416418051094,1.024040704544444,-0.17244832863796333,0.0,0.0
3558,1.49675,0.9493233069851895,0.6342564269151091,-0.1643182994087512,0.0,36477.359148972995
3559,2.64325,4.549687280581795,1.7212474342501825,-0.0036477430728434346,0.0,75460.2246962624
3560,2.041,4.107984649979978,2.012731332670249,0.08219754115255462,0.0,0.0
3561,1.04275,0.2888655367547004,0.27702281156048947,0.08299969316031452,0.0,0.0
3562,1.339,3.2036923871101934,2.392600737199547,0.48940606494316036,0.0,0.0
3563,1.11975,0.37005968916295906,0.33048420554852337,-0.06039606385861862,0.0,0.5
3564,1.25325,1.0434973211105005,0.8326330110596454,0.16559451057944152,0.0,0.0
3565,1.14475,0.5476060679004573,0.47836302065993214,0.02608669228062699,0.0,0.0
3566,1.094,0.4089080598989981,0.3737733637102359,-0.007036521580938815,0.0,0.0
3567,1.03975,0.22401447078432274,0.21545032054274849,-0.027419964460531854,0.0,0.0
3568,1.2755,0.8702235760240393,0.6822607416887803,0.052493339656263745,0.0,6915.89169225255
3569,1.0775,0.3248386215223001,0.3014743587213922,0.015806670817373858,0.0,0.0
3570,1.11175,0.3785469085073673,0.3404964322081109,-0.010655852273642186,0.0,0.0
3571,1.94475,3.6505518856424217,1.8771317062051276,0.03092725451181466,0.0,32682.3867124434
3572,3.12075,8.91986885848739,2.85824524825359,0.008577750968706832,0.0,479.645985732509
3573,1.98875,2.218750583332376,1.1156508275712764,-0.18532278639811062,0.0,62130.0
3574,1.3155,0.8675528295026157,0.6594852371741663,-0.004230515136450522,0.0,19505.690549228417
3575,1.11125,0.3548308240956979,0.3193078282076021,-0.038754216150925946,0.0,0.0
3576,1.08625,0.6963707134440934,0.6410777569105578,0.29553328049922134,0.0,0.0
3577,1.15075,0.5595558177503782,0.486253154682058,0.0008706150118468758,0.0,0.0
3578,7.499,14.459504428474691,1.9281910159320832,0.11333682907780318,0.0,172311.18553300513
3579,1.173,0.5997173627875111,0.5112679989663351,-0.01015745242788868,0.0,4316.481967408314
3580,1.1745,0.8421561949924675,0.7170337973541656,0.13728857273849282,0.0,0.0
3581,1.1685,0.6298467486076934,0.5390216077087663,0.04010861118489517,0.0,0.0
3582,1.19,1.0953081415662194,0.9204270097195121,0.2300280623174527,0.0,0.0
3583,1.59475,2.563623505678967,1.607539429803397,0.15906484322897887,0.0,25488.687261874762
3584,1.28275,0.5669063266500022,0.44194607417657544,-0.13362620160386365,0.0,19366.563216102983
3585,1.073,0.30445717850526344,0.2837438755873844,0.019786743209662894,0.0,0.0
3586,1.2045,1.4629473003840314,1.2145681198705118,0.34610804506735515,0.0,0.0
3587,1.34525,0.919382267306891,0.6834285577453194,-0.05274862129168989,0.0,24368.365820089726
3588,1.37375,2.7129137311621583,1.9748234621744556,0.4171912394267079,0.0,0.0
3589,1.13525,0.49499362841661226,0.43602169426700044,-0.01778195081939521,0.0,4156.0
3590,1.07675,0.3299797859942199,0.30645905362825154,0.022626348501804838,0.0,0.0
3591,10.748,11.086240218421445,1.0314700612599037,-0.002032294812555735,0.0,0.0
3592,1.15475,0.6118791028537641,0.5298801496893389,0.039692820761561026,0.0,0.0
3593,1.51975,1.3568604220962681,0.8928181754211338,-0.009197268015770754,0.0,11772.34322576456
3594,4.6375,9.82673572117076,2.118972662247064,0.05062855797626464,0.0,47822.09404906988
3595,1.1285,1.0090799326999047,0.8941780529019979,0.33225076432823974,0.0,0.0
3596,1.07075,0.3126801556222108,0.29201975776064515,0.03136084431856745,0.0,0.0
3597,1.537,1.448328489622939,0.9423087115308647,-0.08892232807928055,0.0,41501.29724021172
3598,1.08075,0.34316013349354096,0.31752036409302886,-0.011810389547940225,0.0,0.0
3599,1.35275,0.7234972699153008,0.5348344261063026,-0.15680784761382147,0.0,20018.815513591286
3600,1.082,0.3306105349674416,0.30555502307526944,-0.027990529316135992,0.0,0.0
3601,2.0175,2.786060710675719,1.3809470684885845,-0.0864406951338536,0.0,94708.82522551004
3602,1.07625,0.30734272789200173,0.2855681559972142,-0.008238046407224364,0.0,0.0
3603,3.96225,4.557632931905059,1.1502638480421625,-0.28304137385480677,0.0,47773.39688221536
3604,1.11,0.5267536116077757,0.4745528032502483,0.13283196592580598,0.0,0.0
3605,1.15025,0.8836685776006521,0.7682404499896998,0.19931661169162163,0.0,60.22072769199028
3606,1.2195,1.7665219783447343,1.4485625078677609,0.42799840832941244,0.0,0.0
3607,1.10125,0.47016348318987017,0.4269361935889854,0.013270555652257765,0.0,0.0
3608,1.14925,0.4248759435315772,0.36969844988607975,-0.1187106584452548,0.0,3887.8459318556684
3609,1.1365,0.8570597341183178,0.7541220713755545,0.22062953228298443,0.0,10212.640386044019
3610,1.2005,0.790541579549899,0.6585102703456053,0.08841646361447687,0.0,0.0
3611,1.68075,1.5938834818261998,0.9483168120340323,-0.04733283186395687,0.0,77130.5630105983
3612,1.028,0.1679971897501294,0.16342139080751886,-0.0781360349720217,0.0,0.0
3613,26.892,20.670683474157844,0.7686554913787685,0.26853825723684444,0.0,134247.16069859685
3614,1.148,0.5221725443198928,0.4548541326828335,-0.029158767474955716,0.0,0.0
3615,1.19125,1.8625360929856956,1.5635140339858935,0.46059644390720944,0.0,0.0
3616,1.32,1.018753878454564,0.7717832412534575,0.06554282943168466,0.0,12255.21055308951
3617,1.14275,0.5152075282828269,0.4508488543275668,-0.00039935915963046353,0.0,0.0
3618,1.135,0.6858517318994954,0.6042746536559431,0.12384868011809239,0.0,0.0
3619,1.1605,0.4618366304964528,0.397963490302846,-0.09463790465858396,0.0,2077.0
3620,2.3425,7.289751632923952,3.1119537387081975,0.20108344200185957,0.0,0.0
3621,1.0795,0.3235829514693573,0.2997526183134389,0.014124643940196913,0.0,0.0
3622,1.04375,0.2604858935243544,0.24956732313710603,-0.048913732697117185,0.0,0.0
3623,1.15875,0.5857765965410908,0.5055245709092477,0.008605735777894002,0.0,0.0
3624,1.12525,0.43140348253251887,0.3833845656809765,-0.036791158583300065,0.0,105.17848586318553
3625,2.901,4.101817307768178,1.4139321984723123,-0.04865297656920342,0.0,0.0
3626,1.114,0.38084151567944413,0.34186850599591034,-0.008031271139246454,0.0,0.0
3627,1.07725,0.3214160303502947,0.2983671667210904,0.011206544991647749,0.0,0.0
3628,1.09275,0.3559200855203583,0.32571044202274835,-0.06730969541282156,0.0,0.0
3629,1.552,1.1232147625680107,0.72372085217011,-0.1993265988999938,0.0,22847.440741565966
3630,1.15825,1.8684431239475439,1.6131604782625029,0.5123536017118847,0.0,0.0
3631,1.0625,0.4190914690313485,0.39443902967656325,0.05475224123806499,0.0,0.0
3632,1.05825,0.3845697738743185,0.3634016289858904,0.017418567646308336,0.0,0.0
3633,1.54875,1.3242212156422315,0.8550258050958718,-0.12782886018668105,0.0,34790.162893104905
3634,2.98625,7.803126497326781,2.6130185005698725,0.2306393575242497,0.0,0.0
3635,1.39925,0.9545036442055631,0.6821537568022605,-0.06016709864386689,0.0,21090.30937841235
3636,1.132,0.7795690681286654,0.6886652545306232,0.22017979354437522,0.0,0.0
3637,2.216,2.1563873728125484,0.973098994951511,-0.197704490917964,0.0,0.0
3638,2.17425,6.312475645473309,2.903288787155713,0.26876844457555227,0.0,63561.31235358007
3639,1.1885,0.4717238395981396,0.396906890701001,-0.13582042870681935,0.0,4157.5
3640,1.19375,1.1530582480216829,0.965912668499839,0.2523429931876764,0.0,0.0
3641,1.43575,0.8488533887067187,0.5912264591375369,-0.21289975610390485,0.0,3487.520843325953
3642,1.2035,0.5926006613951519,0.4923977244662666,-0.04635850493392621,0.0,5736.603522655664
3643,1.07775,0.34818852122317,0.32306984107925774,0.04595346153133795,0.0,4156.0
3644,1.13975,0.5092001165452267,0.44676474362380053,-0.0054930651455567525,0.0,0.0
3645,1.1085,0.4907014845980666,0.44267161443217556,0.10204181588375144,0.0,0.0
3646,2.59,7.560171231345347,2.91898503140747,0.2169023421642009,0.0,1439.8517287676711
3647,1.1345,0.443800619363512,0.3911860902278642,-0.06519365553482565,0.0,2077.5
3648,1.60625,3.1948024396129786,1.9889820635722824,0.2546546056801551,0.0,0.0
3649,1.21975,1.9296089720967564,1.5819708727991446,0.46634867301285976,0.0,0.0
3650,1.08875,0.36250005389277956,0.33295068095777686,-0.059354117031500064,0.0,16612.0
3651,1.62125,1.059282284020322,0.653373806643221,-0.22477769273602174,0.0,53952.208942243524
3652,1.2765,1.7932795969753943,1.4048410473759454,0.3665105020001494,0.0,26642.971111474028
3653,25.5685,20.971629885753188,0.820213539540966,0.2748156050038826,0.0,15464.506948644184
3654,1.03125,0.1782733374504203,0.17287111510343786,-0.05235165692337873,0.0,0.0
3655,1.11275,0.3912489059749646,0.35160539741627916,0.0036775801254473883,0.0,4156.0
3656,1.1165,1.5822621901598994,1.4171627318942224,0.5706106067208782,0.0,0.0
3657,1.40525,2.269098860761685,1.6147296643029247,0.31590872829353095,0.0,1613.154393631937
3658,1.12125,1.5228684183326175,1.3581881099956454,0.5539945366931552,0.0,0.0
3659,7.2785,7.487152470267201,1.0286669602620322,-0.17249990223226108,0.0,0.0
3660,1.83175,1.4141930288969558,0.7720447817098162,-0.1198834118032773,0.0,1377.5789951488905
3661,1.79025,3.153290463577201,1.7613687828946802,0.22837187347095372,0.0,42314.256237723566
3662,1.09225,1.7141979337693285,1.569419028399477,0.615398774779272,0.0,0.0
3663,6.00525,13.045756795989071,2.172391956369688,0.17368855959838192,0.0,11446.940221875278
3664,1.37,1.4332178928488495,1.0461444473349266,0.14006747714781365,0.0,24457.47058074881
3665,1.078,0.32471889472303195,0.30122346449260845,0.015646572019202776,0.0,0.0
3666,1.112,0.37482145453628346,0.33706965335996714,-0.014951114379140429,0.0,0.0
3667,1.12575,0.4283489327663261,0.3805009396103274,-0.03987711604310362,0.0,0.0
3668,2.187,6.683763847922344,3.0561334466951733,0.2935898259353653,0.0,0.0
3669,1.3325,1.2918440173803145,0.9694889436250015,0.09496533402147378,0.0,543.469377806873
3670,1.35975,2.189070109541063,1.6099063133230835,0.32401492669716664,0.0,201.74619019734592
3671,1.271,0.7801994474456186,0.6138469295402192,0.005068133069544109,0.0,3543.4356394781585
3672,1.053,0.31498540275858455,0.2991314366178391,-0.06926615132463892,0.0,0.0
3673,3.09725,4.762715958707366,1.537724096765636,-0.26392603677169846,0.0,218382.33382680998
3674,1.6255,3.257054167566548,2.003724495580774,0.2630355795935395,0.0,16579.67733549453
3675,1.09525,0.45686936853435056,0.4171370632589368,0.04112984862701241,0.0,0.0
3676,1.036,0.1916068325884378,0.1849486801046697,-0.021027060191151525,0.0,0.0
3677,1.116,0.37627037466257185,0.3371598339270357,-0.013275530191769414,0.0,16612.0
3678,1.13525,0.5113930173599861,0.4504673132437666,-0.003626765721870373,0.0,1636.3548854231815
3679,1.24575,0.6016206648346523,0.4829385228453962,-0.07357408264067972,0.0,0.0
3680,2.689,8.346867469244811,3.10407864233723,0.25989422802704065,0.0,0.0
3681,1.055,0.7362815545916575,0.6978972081437512,0.29948734137210864,0.0,0.0
3682,1.08625,0.38450994717285103,0.35397923790366037,0.03760036172051384,0.0,0.0
3683,1.68025,3.158956265710586,1.8800513409972242,0.24975421162432296,0.0,28489.76837201896
3684,1.46325,1.5457188454525927,1.0563600515650728,0.047398059044818475,0.0,132.53386427859542
3685,1.681,1.5938551043063423,0.9481588960775384,-0.06794326631213321,0.0,58601.74403361363
3686,2.23525,3.2731614433080582,1.4643379681503448,-0.1466618631453631,0.0,97119.54227076027
3687,1.04075,0.6238483262649231,0.5994218844726621,0.4173829761877216,0.0,0.0
3688,1.10025,0.49016324066643874,0.4455016956750182,0.03136239910736055,0.0,0.0
3689,1.047,0.25652963154958486,0.2450139747369483,-0.05556040459935652,0.0,0.0
3690,1.198,1.4463121913123338,1.2072722798934339,0.3507537934597964,0.0,635.6832624674009
3691,1.35375,0.781833584235392,0.5775317335072148,-0.12313042234598623,0.0,0.0
3692,1.3355,1.5956429014874431,1.194790641323432,0.1866909602361109,0.0,1075.377579946034
3693,1.49475,2.103349342623398,1.4071579478999148,0.18117896725160146,0.0,17631.31597954878
3694,1.16575,0.8411027291301804,0.7215120987606093,0.16572276153395804,0.0,0.0
3695,1.162,0.46293582427194874,0.39839571796209017,-0.093605490655357,0.0,14521.5
3696,1.167,0.6623599324914231,0.5675749207295828,0.06196777260760003,0.0,0.0
3697,1.30675,0.8147517367874397,0.6234947287449318,-0.03150115078987312,0.0,9380.736699074654
3698,1.60875,1.5856550737796824,0.9856441795056301,-0.049580680175761255,0.0,19610.840795830813
3699,1.1525,0.47989720287925497,0.41639670531822554,-0.06582458186667539,0.0,12464.0
3700,1.11475,0.37764810607628596,0.3387738112368567,-0.011688245009457698,0.0,0.0
3701,1.079,0.32524674688855904,0.30143350036011035,0.01635197340804967,0.0,0.0
3702,1.15725,1.1501535335717998,0.9938678190294231,0.30162953743260723,0.0,6831.645123536842
3703,1.1345,0.48111081561759356,0.4240729974593156,-0.030136439353348587,0.0,0.0
3704,1.04525,0.28235149741416815,0.2701281965215672,-0.013907846678861246,0.0,0.0
3705,1.39625,0.9032939291729022,0.6469428319949165,-0.08411559802173947,0.0,1486.352832878507
3706,1.035,0.20441488781786515,0.19750230707040112,0.007074470980976133,0.0,0.0
3707,2.88825,3.0587744216827573,1.0590407415157126,-0.17608184000155597,0.0,0.0
3708,1.30175,0.7850802667602301,0.6030960374574459,-0.047612384335402075,0.0,2778.760091981841
3709,1.05075,0.3717646967470645,0.35380889531007803,0.1055702042505498,0.0,0.0
3710,1.288,0.848077713981589,0.6584454301099294,-0.014090794853743038,0.0,2298.4528241650705
3711,1.057,0.36439565865829443,0.34474518321503733,-0.0059833850180792125,0.0,0.0
3712,1.067,0.30665046653666905,0.2873950014401772,0.022904154640994046,0.0,0.0
3713,1.0385,0.20500794390526936,0.19740774569597436,-0.06592534808735373,0.0,0.0
3714,26.1615,20.94884558353564,0.8007509349057065,0.2743435160024732,0.0,97319.28689217026
3715,1.218,0.5899686565860415,0.4843749233054528,-0.04829169740728112,0.0,8439.945878046075
3716,1.142,0.688443526095028,0.6028402154947706,0.1254867607929116,0.0,0.0
3717,1.052,0.3476006423349041,0.33041886153507993,-0.026476008931914596,0.0,0.0
3718,1.153,0.5335374078182198,0.4627384282898697,-0.019807926041280177,0.0,0.0
3719,1.182,0.6982104800621495,0.590702605805541,0.055882288263992025,0.0,0.0
3720,1.12225,0.981858415957844,0.874901684970233,0.3633810234552374,0.0,0.0
3721,1.04925,0.30552868023085966,0.29118768666272066,0.02035404209395586,0.0,0.0
3722,1.17275,0.46579145324863985,0.3971788132582732,-0.11991255952072272,0.0,33192.0
3723,1.60775,2.5267540559015145,1.571608804790244,0.15277356977922543,0.0,57465.68278991196
3724,1.071,0.430703350746295,0.402150654291592,0.1704387753432573,0.0,0.0
3725,1.476,1.2908681517282417,0.8745719185150689,-0.030850556814802865,0.0,2331.075609333661
3726,1.1495,0.5241358884940067,0.4559685850317588,-0.02752890286730758,0.0,4156.0
3727,4.1105,10.544267880999922,2.5652032309937773,0.08123571242203487,0.0,5735.043732854424
3728,4.396,8.765893806312958,1.9940613754124108,0.001015486746699601,0.0,119635.33281461096
3729,1.3325,1.1553256875708642,0.8670361632801983,0.046459685294529374,0.0,0.0
3730,1.04675,0.6017931340951482,0.574915819532026,0.3147492865509325,0.0,0.0
3731,1.28075,2.5690619800550434,2.0059043373453393,0.5226370766602102,0.0,0.0
3732,1.22675,0.5448932598832238,0.4441762868418372,-0.08280920090533753,0.0,4161.5
3733,4.85325,11.767575510522503,2.424679443779427,0.12890627540215704,0.0,7556.028347201756
3734,1.14925,1.2459384126561124,1.0841317491025557,0.3485237749805036,0.0,0.0
3735,1.163,1.7799502958689442,1.5304817677291007,0.4912815944428394,0.0,0.0
3736,1.149,0.44480159859821644,0.38712062541185066,-0.09880646107209196,0.0,0.0
3737,1.0395,0.21083373239517184,0.20282225338640866,-0.053755940904345434,0.0,0.0
3738,1.042,0.25149913111825717,0.24136193005590897,0.022840450932410827,0.0,0.0
3739,1.0575,0.46983926744612203,0.4442924514856946,0.10439273145485206,0.0,0.0
3740,1.2155,0.6038633228870438,0.49680240467876907,-0.038181984315705964,0.0,3635.867572838648
3741,1.1855,1.0565835708596611,0.8912556481313042,0.2143955998953586,0.0,7999.1390548969275
3742,1.569,1.4627966172663485,0.9323114195451552,-0.08460545435979,0.0,13970.024529150895
3743,8.39175,15.642920353207522,1.8640832190195755,0.14750125454166207,0.0,16603.71396796522
3744,1.04375,0.25758983992271095,0.24679266100379493,-0.05376921276804192,0.0,0.0
3745,1.20525,1.3268619288172132,1.100901828514593,0.30370509641958987,0.0,5588.520125779729
3746,1.0365,0.21137388611163038,0.2039304255780322,0.021613280087811604,0.0,0.0
3747,1.102,0.33484926610006466,0.303855958348516,-0.13412898810560064,0.0,0.0
3748,1.37575,2.2150143362126142,1.6100413128930504,0.3054318519751266,0.0,2166.5861923370276
3749,1.06875,0.2702622761772,0.252876983557614,-0.03195404499858634,0.0,0.0
3750,1.1265,0.4388005087412934,0.3895255292865454,-0.029407682814262814,0.0,2077.5
3751,1.086,0.3803158687722746,0.35019877419178136,0.03283722918455595,0.0,0.0
3752,2.5335,7.431263934951963,2.9332006848044063,0.2094333965004087,0.0,0.0
3753,1.22925,0.5588134801759945,0.45459709593328823,-0.10562995390213648,0.0,6488.833558254854
3754,1.4065,0.8218434197897205,0.5843181086311557,-0.1251556072107624,0.0,379.9412473385283
3755,1.0695,0.263983279381381,0.24682868572359143,-0.04216305545285348,0.0,4156.0
3756,1.33425,2.0120981765977692,1.5080368571090645,0.28740442321334425,0.0,0.0
3757,1.312,0.6486610750596759,0.49440630721011875,-0.13050860819261545,0.0,7688.556168227802
3758,1.26375,0.757185096140603,0.5991573461053239,-0.0079354482780436,0.0,25112.339129555246
3759,1.26525,1.8911072177767396,1.4946510316354393,0.38957864687295857,0.0,117.35935594685833
3760,2.3065,6.999236035187631,3.0345701431552703,0.1834213496270064,0.0,0.0
3761,1.17675,0.5568545225099729,0.47321395581896997,-0.042362323829003734,0.0,0.3333333333333333
3762,2.8065,3.9993194907505547,1.4250203066989326,-0.0596431901538127,0.0,0.0
3763,1.3815,0.8176948735479247,0.5918891592818855,-0.1273534144753677,0.0,19073.941410376625
3764,1.73225,1.724906885440736,0.9957609383407336,-0.03362644811420448,0.0,10341.27428085262
3765,1.16575,0.4746928173226391,0.40719950016953815,-0.08271362023484813,0.0,0.0
3766,1.1895,0.6451308382410599,0.5423546349231273,0.00013954880026240124,0.0,16612.0
3767,1.146,0.7786755318462074,0.679472540878017,0.14438372768345856,0.0,0.0
3768,1.33925,2.6695394823380942,1.9933093017271564,0.4101916041511735,0.0,8310.0
3769,1.6995,3.503607935705961,2.0615521834103916,0.27412339744130165,0.0,0.0
3770,2.1895,1.668018381592461,0.761826161951341,-0.3092304387167214,0.0,156256.07327835757
3771,1.04175,0.28552989218264424,0.2740867695537742,0.07795554328269971,0.0,0.0
3772,1.22975,0.7665584390378304,0.6233449392460504,0.031648441257205284,0.0,1616.570248559291
3773,1.0555,0.5089051936500855,0.48214608588354846,0.1390803038570675,0.0,0.0
3774,1.0935,0.6785078063005634,0.6204918210338943,0.21289265612124578,0.0,0.0
3775,5.535,13.15925782544856,2.3774630217612573,0.17745067763139666,0.0,0.0
3776,1.54675,1.5855418390035652,1.0250795791198093,-0.04961169511415875,0.0,23835.795820917883
3777,1.7875,2.9593974485213335,1.655606964207739,0.20081119112694762,0.0,69743.3671606997
3778,1.6605,3.1621574217438915,1.9043405129442283,0.25019408490886275,0.0,0.0
3779,1.04325,0.24370942959089184,0.2336059713308333,-0.07782560877541866,0.0,0.0
3780,1.5485,0.9956885049551014,0.6430019405586705,-0.2516659084106351,0.0,37545.71893294997
3781,1.09575,0.4388964513683791,0.4005443316161343,0.023699876931129737,0.0,0.0
3782,1.7465,1.3511825093389072,0.7736515942392826,-0.1396780891267569,0.0,0.0
3783,1.40625,1.9852446288956784,1.4117295138813712,0.25786934023305713,0.0,2780.99043502812
3784,1.2105,1.7562633245661945,1.4508577650278354,0.42546899541395355,0.0,0.0
3785,1.03625,0.20358364147143235,0.19646189768051375,0.005304826362464099,0.0,0.0
3786,1.14525,0.5618997867436735,0.49063504627258103,0.03727730774022148,0.0,0.0
3787,1.507,1.080158639122707,0.7167608753302634,-0.10824489936158577,0.0,1697.4579083674296
3788,1.7835,1.333818772596012,0.7478658663280134,-0.1452952783850728,0.0,176117.83620216063
3789,10.65875,11.027452090687273,1.0345914943766645,-0.004341399892441755,0.0,0.36000000000000004
3790,1.221,0.6886781319254649,0.5640279540749098,0.018895655960686514,0.0,0.0
3791,1.087,0.40616775236442054,0.37365938579983493,0.06139822203577339,0.0,0.0
3792,1.2285,0.5712874428303005,0.46502844349230815,-0.09604214972682631,0.0,1266.6978877990762
3793,1.164,0.6893640588987979,0.5922371640024038,0.07932235642126653,0.0,0.0
3794,1.83175,3.6042599254080545,1.967659301437453,0.2864239991780064,0.0,3663.1415777515385
3795,1.04875,0.3315130656975408,0.3161030423814453,0.05580270764750411,0.0,0.0
3796,1.11675,0.3790189326904851,0.3393946117667205,-0.05000693924095484,0.0,0.0
3797,1.4165,2.127594748737107,1.5020082942019817,0.28794422026539696,0.0,8298.284744886905
3798,1.1655,0.5492587471245435,0.4712644762973346,-0.019349298672540982,0.0,2491.0827590148947
3799,1.12475,0.5751261861822222,0.5113369070302043,0.08808833676013758,0.0,0.0
3800,1.61975,2.1662947966023567,1.3374254030574821,0.08592815483269658,0.0,68836.06984515215
3801,1.07375,0.2869346970655432,0.26722672602146047,-0.03807792033690405,0.0,0.0
3802,1.0705,0.28644417006746953,0.26757979455158293,-0.0066994875371868545,0.0,0.0
3803,1.6415,1.4874578591411187,0.9061576967049155,-0.07734473104773973,0.0,44251.550172470204
3804,1.279,1.4711220377699814,1.1502126956762952,0.28051119603961094,0.0,0.0
3805,1.144,0.4126821738870738,0.3607361659852044,-0.0967658499181292,0.0,108.07458339368509
3806,1.08825,0.3827513058639188,0.35171266332544804,-0.03574551141414173,0.0,0.0
3807,1.60975,1.0624204072684433,0.6599909347839374,-0.22349299756209395,0.0,33967.15270691472
3808,1.60975,2.5676064901522717,1.5950343159821536,0.1597390630659696,0.0,55963.56210587633
3809,1.344,0.803010091033466,0.5974777463046621,-0.1115237414026502,0.0,46708.9874730808
3810,1.158,0.44168401736173135,0.3814197041120306,-0.11401459630147232,0.0,0.0
3811,1.038,0.20510123507467548,0.19759271201799178,0.008530223703446138,0.0,0.0
3812,1.155,1.5231726802150303,1.3187642252943985,0.4357763410738922,0.0,1904.6043794637992
3813,2.4755,6.924766266594255,2.7973202450390855,0.17877582928809632,0.0,0.0
3814,1.043,0.2503331114069145,0.2400125708599372,0.020822259214851813,0.0,0.0
3815,1.21425,0.5843220820522647,0.4812205740599256,-0.05246833779364035,0.0,3725.285737949868
3816,1.314,0.8022249629765991,0.6105212808041088,-0.0382302738291586,0.0,20956.436096976282
3817,1.16025,0.4551062710285175,0.3922484559607994,-0.10101346079626977,0.0,1376.4791666667888
3818,1.663,1.0110324162145639,0.6079569550298038,-0.245024321340293,0.0,9304.719483928786
3819,1.07475,0.36700968860219746,0.341483776322119,0.06881654119840785,0.0,0.0
3820,1.37325,2.461899606994309,1.7927541285230721,0.37502559472144376,0.0,4230.934325364943
3821,1.047,0.31034670736080383,0.2964151932767945,0.027149200094693127,0.0,0.0
3822,1.09625,0.6656550996408872,0.6072110373006954,0.16427092400080576,0.0,0.0
3823,1.121,0.43520840018076046,0.3882322927571458,0.010029425755412658,0.0,0.0
3824,1.4105,0.825929954701074,0.5855582805395774,-0.12300147214802924,0.0,379.9412473385283
3825,1.161,0.4659756252432419,0.40135712768582416,-0.09076308086243245,0.0,0.3333333333333333
3826,1.15175,0.56062510880994,0.4867593738310744,0.0016997441940275748,0.0,0.0
3827,2.00125,2.490742738089753,1.2445934981085585,-0.1351023981975359,0.0,95384.11284577902
3828,1.1875,0.6383146648815541,0.5375281388476245,-0.0044734313412067295,0.0,0.0
3829,1.05775,0.3653057617597808,0.3453611550553352,-0.004900057101132949,0.0,0.0
3830,1.16375,0.6281198700429605,0.5397378045481938,0.03891625156015038,0.0,0.0
3831,1.091,0.392756367728262,0.3599966706950156,-0.02453895755340607,0.0,0.0
3832,2.005,2.5941583248432596,1.2938445510440197,-0.11743479286600533,0.0,152895.0051836563
3833,1.079,0.3525479719387555,0.3267358405363814,0.05135723266287412,0.0,0.0
3834,1.301,0.8795410155868372,0.6760499735486835,0.0017296509923728706,0.0,24866.3443976533
3835,1.09075,0.9188174431700066,0.8423721688471295,0.34456703890328966,0.0,0.0
3836,1.16475,0.6798698355187647,0.5837045164359431,0.07329949221220922,0.0,0.0
3837,1.512,2.7228127786090686,1.800802102254675,0.2932853373079972,0.0,5895.280411257073
3838,1.04275,0.23007753349220014,0.22064496139266376,-0.015821825110926002,0.0,0.0
3839,1.3475,0.6894654383271593,0.5116626629515098,-0.17773224363145743,0.0,20773.76072029019
3840,4.036,10.546967034574777,2.613222753858964,0.08134687021004106,0.0,5078.385190822492
3841,1.52925,3.440654583577211,2.2498967360321798,0.3949086319915893,0.0,440.15031889511727
3842,1.1085,0.7898631026514864,0.7125512879129331,0.3087762708010938,0.0,0.0
3843,1.281,2.875083568590937,2.2444055960897247,0.5715129672963535,0.0,63.71485830835044
3844,2.12475,1.8615998028460599,0.8761500425207953,-0.26154494669335054,0.0,178582.5534778382
3845,1.172,0.6430547253888749,0.5486815063045007,0.02014385894905879,0.0,293.5410728908928
3846,1.364,0.62817406080056,0.460538167742346,-0.21816474517589965,0.0,66328.5
3847,1.221,0.5790015636444134,0.4742027548275293,-0.05644090021028589,0.0,420.17869844123925
3848,1.37525,1.0157240576752797,0.7385741193784983,-0.03316895052647031,0.0,15201.79243833489
3849,1.0575,0.38305408574789024,0.36222608581360777,0.015703519744144134,0.0,0.0
3850,1.082,1.0220259949157706,0.9445711598112482,0.46215472443714556,0.0,0.0
3851,1.1865,0.5493570772271663,0.4630063862007301,-0.06965352973771696,0.0,96.82219039462457
3852,1.03925,0.23816720682033693,0.2291721980469925,-0.000814074686251498,0.0,0.0
3853,1.2815,0.7119581947823759,0.5555662854329894,-0.03468301212568159,0.0,9369.111187128114
3854,1.06275,0.3658495578441276,0.3442479960895108,-0.004254044753478181,0.0,0.0
3855,1.0525,0.7738820797565621,0.7352798857544534,0.32111821087738623,0.0,0.0
3856,1.16875,1.3424693640818677,1.1486368890540044,0.3687781030350773,0.0,1611.5442413442274
3857,1.03825,0.20927944708390006,0.2015694168879365,-0.0569694588170756,0.0,0.0
3858,1.121,0.990002033334529,0.8831418673813818,0.3669682430260936,0.0,0.0
3859,1.24075,2.2414382545281537,1.8065188430611756,0.4976299518525973,0.0,0.0
3860,1.13075,0.44294862949567076,0.3917299398590942,-0.025321442939417904,0.0,0.0
3861,1.27675,0.6051867482439305,0.47400567710509534,-0.10524809560742426,0.0,7683.641970259362
3862,1.43075,2.2339319708783942,1.561371288400066,0.309125254095926,0.0,11314.470218893166
3863,1.0755,0.30302261578373835,0.28175045633076556,-0.014385945205149575,0.0,0.0
3864,1.135,0.531362010682547,0.4681603618348431,0.013008942106764454,0.0,0.0
3865,1.1505,0.4543141537940287,0.39488409716995104,-0.08961653336242331,0.0,1751.2934300642273
3866,1.1035,1.1391278036455175,1.0322861836388921,0.3975941126560397,0.0,850.9378665802981
3867,1.1765,0.6151766905452023,0.5228871147855523,0.0008957964224923787,0.0,0.0
3868,1.3205,1.0984449896780617,0.8318402042242042,0.09825186655208917,0.0,10456.896045621059
3869,1.09325,0.37893315384612486,0.346611620257146,-0.040099588015062415,0.0,0.0
3870,1.04875,0.290507377073343,0.2770034584727943,-0.001540776747418926,0.0,0.0
3871,1.41275,1.6101352649367222,1.1397170518044397,0.1669176724898979,0.0,6153.651902251172
3872,1.202,1.2018973081277875,0.9999145658301061,0.2703591089624744,0.0,0.0
3873,1.15,1.1241956920343084,0.9775614713341813,0.30386911624020796,0.0,332.13062558245184
3874,2.4895,4.619656378591817,1.855656307930033,0.0029803830222102645,0.0,63538.059565249896
3875,1.7305,1.3165496860236388,0.7607914972687887,-0.1509548500715746,0.0,0.0
3876,1.28425,1.3455127419072102,1.0477031278234068,0.2417503095267635,0.0,0.0
3877,1.809,1.0393695551958728,0.5745547568799739,-0.25362211242143146,0.0,46265.19488374461
3878,1.16375,0.6316927231052342,0.5428079253321023,0.0413795933906535,0.0,0.0
3879,1.1295,0.45911049390250586,0.4064723274922584,-0.009757585672639901,0.0,14290.701517038933
3880,1.04675,0.2590004011617559,0.24743291250227453,-0.051397505227896545,0.0,0.0
3881,2.50075,3.5522744968576485,1.4204836536469654,-0.1111227719639053,0.0,157016.9953839319
3882,1.0675,0.41471284847068784,0.3884897877945554,0.1540080155968896,0.0,0.0
3883,1.4185,0.7416166454524893,0.5228175152996046,-0.16976522056486923,0.0,4842.916968943083
3884,1.2955,2.0105199072812967,1.5519258257671142,0.3607819319490676,0.0,4887.873721506164
3885,1.2035,0.5335343613383137,0.4433189541656117,-0.0919582421592329,0.0,8310.0
3886,1.329,0.5961105912154554,0.4485407006888303,-0.24091790618662232,0.0,33454.09869713549
3887,1.3635,1.1452928332607686,0.8399654075986569,0.042671798822277826,0.0,16631.05404074558
3888,1.13375,0.515681509611154,0.4548458739679418,0.0,0.0,0.0
3889,2.04325,4.529460060493955,2.216791905294974,0.12461516354631019,0.0,2633.687836871494
3890,1.16375,0.5966782581391198,0.5127203077457527,0.01661393263705735,0.0,0.0
3891,1.12875,0.44127329176997254,0.39093979337317614,-0.026967162826600832,0.0,0.0
3892,1.03525,0.20498278460762592,0.19800317276756912,0.008279336650159008,0.0,0.0
3893,1.11125,0.3611177633539403,0.3249653663477528,-0.03112670417690172,0.0,0.0
3894,7.259,7.521140930086508,1.0361125403067237,-0.17053285302969734,0.0,0.0
3895,1.174,0.6081253605248909,0.5179943445697538,-0.004110959892877297,0.0,0.0
3896,1.79875,3.529428091513311,1.962155992502188,0.2773122341045958,0.0,6313.608639104078
3897,7.2375,7.457848122927697,1.0304453365012363,-0.17420304470810122,0.0,0.0
3898,1.283,1.1955201031681857,0.9318161365301526,0.19041937802623995,0.0,21203.040432359605
3899,1.0325,0.18289918815636405,0.17714207085362135,-0.041226274142573294,0.0,0.0
3900,1.05025,0.4407646831093312,0.41967596582654726,0.17950884679935936,0.0,0.0
3901,1.08425,0.37173442687089164,0.3428493676466605,0.02292556595955242,0.0,0.0
3902,1.14025,0.5134645547282115,0.45030875222820566,-0.0018710905962676105,0.0,18.836577275329066
3903,2.06525,1.805909124081583,0.8744264007173869,-0.27473537876713516,0.0,153207.98144532455
3904,1.35775,0.9134952413061451,0.6728007669351096,-0.05553845496787507,0.0,13871.527648100866
3905,1.18375,0.6465991494852347,0.5462294821416976,0.02253105404429165,0.0,1596.060851452415
3906,1.13225,1.1402126813624225,1.007032617674915,0.385311061652305,0.0,0.0
3907,1.06,0.3917120876229089,0.369539705304631,0.0254103941570491,0.0,0.0
3908,1.06575,0.42305044666103947,0.3969509234445597,0.16265268280255563,0.0,0.0
3909,1.17625,0.5534098870871224,0.47048662026535376,-0.04505716110090996,0.0,1177.5841850832658
3910,1.16475,0.7174511283219106,0.6159700608043878,0.09666604233363882,0.0,0.0
3911,1.1775,0.5201551598778839,0.4417453587073324,-0.0719711639799932,0.0,0.0
3912,1.09175,0.5068492493240817,0.46425394946103204,0.08621661510839862,0.0,0.0
3913,1.1485,0.4159218649571544,0.3621435480689198,-0.12796104871673342,0.0,0.0
3914,1.34925,1.0863100178419216,0.8051213769441702,0.019709040294150847,0.0,11497.00834706124
3915,7.25575,7.4701936310728545,1.0295549917062818,-0.17348472044636531,0.0,0.0
3916,2.90325,3.0004399839897453,1.0334762710719867,-0.18444434558745304,0.0,0.0
3917,2.73225,2.8864585304854202,1.0564401246172277,-0.20126396743709823,0.0,0.0
3918,1.18475,1.264917958549275,1.0676665613414433,0.2925541049418353,0.0,3819.3352977484064
3919,2.1125,2.9417694083345407,1.3925535660755224,-0.06282264358312017,0.0,139738.44758958058
3920,1.151,0.42278089588045525,0.36731615628188985,-0.12085744578797836,0.0,18937.91928354214
3921,1.33375,0.9263236239911465,0.6945256787187603,-0.049482004295179405,0.0,2254.240187269273
3922,1.70625,1.3057132760640149,0.7652532020887999,-0.15454428401245784,0.0,0.0
3923,1.28225,1.7440887015429325,1.360178359557756,0.3544310633468114,0.0,0.0
3924,1.24925,0.6080434743640287,0.48672681558057135,-0.06896219598638431,0.0,23427.193660541394
3925,10.803,11.079299559073215,1.0255761880101095,-0.002304274668176731,0.0,25960.782081906524
3926,1.2265,0.7306375351718185,0.5957093641841162,0.04458134274696468,0.0,0.0
3927,1.15675,0.43615019689157786,0.37704793334046066,-0.10733672761923618,0.0,0.0
3928,1.09975,1.3452703726737978,1.2232510776756516,0.4698312381698285,0.0,0.0
3929,1.19325,0.6874027699551665,0.5760760695203574,0.0277030243052111,0.0,0.0
3930,1.60775,1.5430441289204755,0.9597537732361844,-0.061411055255906066,0.0,55601.014156081575
3931,1.236,1.5711209709237284,1.2711334716211395,0.3433127976192675,0.0,13677.982830237277
3932,1.1765,0.45376119799537895,0.3856873761116693,-0.13127671920638018,0.0,8310.0
3933,1.3915,0.68691026446535,0.493647333428207,-0.20304468340699017,0.0,22364.288561540277
3934,1.956,1.3822234390317842,0.7066581999140001,-0.3908530177406867,0.0,75558.12710984859
3935,3.074,3.09360899341708,1.0063789828943006,-0.451315296776527,0.0,0.4444444444444445
3936,1.7615,1.175143817048657,0.6671267766384655,-0.2003010840028278,0.0,40874.65215340105
3937,1.4305,1.894351311590047,1.3242581695840943,0.23751583352465971,0.0,3399.662878995755
3938,1.611,3.80049864458427,2.3590928892515644,0.33005118026493485,0.0,29063.0
3939,1.41,1.4368076085635149,1.0190124883429184,0.11745392964788301,0.0,2079.6261904761905
3940,1.1885,0.6273485008632633,0.5278489700153668,-0.01199938900776143,0.0,4551.181644089183
3941,1.81975,1.4703062223893701,0.8079715468549912,-0.10298430872525349,0.0,0.0
3942,1.163,0.48372460902288567,0.4159282966662817,-0.07452809833797991,0.0,667.5006253676654
3943,1.30125,0.6033982597463853,0.4637066357320924,-0.16192239240622835,0.0,14064.613379501907
3944,1.31725,1.0442102428427977,0.7927198655098103,0.07626150326336181,0.0,8407.324565810406
3945,2.37725,4.448581786083838,1.8713142438043275,-0.013407710468030354,0.0,157326.501417312
3946,1.18825,0.5313967756143081,0.447209573418311,-0.08408933864111254,0.0,58002.0
3947,1.178,0.7231505629425804,0.6138799345862312,0.07112465364370502,0.0,14747.684904390644
3948,1.093,0.41339294071241434,0.37821860998391066,-0.0022991363622599237,0.0,0.0
3949,1.18925,2.6270058483817382,2.2089601415864943,0.6099527861062368,0.0,0.0
3950,1.854,5.775380745517037,3.115092095748132,0.49118851672654285,0.0,0.0
3951,26.22375,20.877359794176414,0.7961241162753769,0.27285899624735754,0.0,6452.142362211766
3952,1.07575,1.2152699937830471,1.1296955554571668,0.58881178683315,0.0,0.0
3953,1.17725,0.7615624937311215,0.6468995487204261,0.0936014723146071,0.0,0.0
3954,1.22225,0.4984145280391013,0.4077844369311526,-0.12152994391844232,0.0,22824.5
3955,2.36725,2.707251325594833,1.143627130888091,-0.2291007148068463,0.0,179645.86823789784
3956,1.91875,2.296511904874936,1.1968791686644618,-0.17036256988132664,0.0,114121.55555495575
3957,1.18225,0.4550678072301911,0.3849167326962919,-0.13002796158886648,0.0,6846.435453943186
3958,1.371,0.958169359837045,0.6988835593268016,-0.034802465325719456,0.0,3737.008914343626
3959,3.7045,9.987873605266973,2.6961462019886553,0.05769231941706121,0.0,3908.374600114803
3960,1.09725,0.4651306527536459,0.4239058124890826,0.008596621540323535,0.0,5354.050602166374
3961,1.11825,0.8114379491904151,0.725631968871375,0.2805874712965262,0.0,0.0
3962,1.86675,3.421172393001507,1.832689108344185,0.26378285493974885,0.0,0.0
3963,1.103,0.9652066649047206,0.8750740388982055,0.3256419725975866,0.0,16612.0
3964,3.58975,9.216082626704557,2.5673327186307002,0.022765641380852575,0.0,12302.52872165258
3965,1.4335,0.8522084925818958,0.5944949372737327,-0.10939883167663422,0.0,10.999999999999998
3966,1.10175,0.3338035255931618,0.3029757436743016,-0.1354874201874705,0.0,8310.0
3967,1.03675,0.2130980764754797,0.20554432261922323,0.025141477684529012,0.0,0.0
3968,1.2075,1.7723512793078906,1.4677857385572592,0.42942916628374256,0.0,0.0
3969,1.523,2.6002233154716885,1.7073035557923104,0.2732782053229311,0.0,21307.71123511852
3970,1.4475,1.2198835103995531,0.8427519933675669,-0.05541408201124742,0.0,8311.0
3971,2.96875,2.9720332573712445,1.0011059393250508,-0.18857562492551472,0.0,0.0
3972,1.25275,0.8555994682750383,0.6829770251646684,0.07937367810781364,0.0,6516.073271361163
3973,1.0395,0.23969587716183627,0.23058766441735087,0.0019645260504936868,0.0,0.0
3974,1.04675,0.7672754494989728,0.7330073556235708,0.4202533603272909,0.0,0.0
3975,1.157,0.4737162671636302,0.40943497594090766,-0.07145450206037973,0.0,5693.506635479773
3976,1.073,0.28494086724170703,0.265555328277453,-0.0089847333369526,0.0,0.0
3977,1.18825,1.728889586497812,1.454988080368451,0.4282590049220522,0.0,1218.070185777259
3978,1.08025,0.3005536900957257,0.2782260496141872,-0.06938515319121291,0.0,4156.0
3979,1.18075,0.6653496148849167,0.5634974506753476,0.03494583486387168,0.0,15411.02773146347
3980,1.19825,0.9597797829752156,0.8009845883373382,0.17266334408203177,0.0,0.0
3981,1.3655,1.0381132740662016,0.7602440674230697,0.0,0.0,37606.00338551926
3982,1.02875,0.16712396627960413,0.16245343016243413,-0.08039931788442833,0.0,0.0
3983,1.04775,0.325570939442009,0.31073341869912574,0.047947690711987845,0.0,0.0
3984,1.11375,0.5112497252521438,0.4590345456809372,0.11985753158364448,0.0,0.0
3985,1.055,0.3398586117328679,0.32214086420177057,-0.03625830019013976,0.0,0.0
3986,1.46675,3.625145494661472,2.4715496810373083,0.41759299875467226,0.0,4156.0
3987,2.94725,7.674189907422399,2.6038476231817453,0.22340325231199698,0.0,6570.504724773449
3988,1.06125,0.4330650341818856,0.40807070358717135,0.06899654081455575,0.0,0.0
3989,2.88975,5.230863735689866,1.810144038650356,0.05694411693469004,0.0,0.0
3990,1.26675,1.2012306923709841,0.9482776336064607,0.19248891489834719,0.0,3430.517854220193
3991,1.2815,1.728005859672578,1.3484243930336153,0.35040770550969436,0.0,16616.0
3992,1.038,0.20872683517681845,0.2010855830219831,0.01614023626569594,0.0,0.0
3993,1.03275,0.19283862212623767,0.18672342980027853,-0.018244032205130933,0.0,0.0
3994,1.103,1.1967660850247914,1.0850100498864836,0.41903093376674083,0.0,0.0
3995,1.13125,0.4980817792940394,0.4402932855637917,0.02562584953406105,0.0,18195.187773872683
3996,1.5315,3.5208815517886185,2.2989758744946904,0.40491897209465777,0.0,0.0
3997,1.037,0.213640844883769,0.20601817250122373,0.02624623490250899,0.0,0.0
3998,1.12225,0.404160579403145,0.36013417634497213,-0.022113892077682717,0.0,0.0
3999,1.0355,0.255452664922494,0.2466949926822733,0.10387238577149405,0.0,0.0
4000,1.1115,0.37229343346364574,0.33494685871673036,-0.017890179869073652,0.0,0.0
4001,1.262,0.5839017342916761,0.46267966267169264,-0.12079774014463418,0.0,10602.046313684756
4002,3.01525,9.160294492334653,3.037988389796751,0.020128717553098308,0.0,0.0
4003,3.9555,9.737387941896058,2.4617337737064995,0.046661754458673266,0.0,55340.92372873785
4004,1.1165,1.444108414309005,1.2934244642266055,0.5309319549187691,0.0,0.0
4005,1.66325,2.389095306092957,1.436401807360864,0.12844407330992688,0.0,28210.107235845873
4006,2.09975,3.4084020065948266,1.623241817642494,0.0011195413344188276,0.0,11.944444444444445
4007,1.3535,3.068613994617438,2.2671695564221928,0.47069751705687124,0.0,6124.089455563087
4008,1.3055,1.4567773680542329,1.1158769575290943,0.22086674009985208,0.0,16798.491817898346
4009,1.0645,0.4151901320015059,0.39003300328934326,0.15450754778671827,0.0,0.0
4010,1.0875,0.3418668867294119,0.3143603556132524,-0.08480515549057677,0.0,0.0
4011,26.69825,20.742969040825788,0.776941149357197,0.27005433962512226,0.0,29115.84944187728
4012,1.182,0.5508646503141597,0.46604454341299467,-0.047059170937531314,0.0,2052.2496731699116
4013,1.086,0.3868351203711836,0.35620176829759076,0.040218678711636036,0.0,0.0
4014,1.7175,2.941063789524722,1.7124097755602457,0.19811234022775348,0.0,0.0
4015,1.578,1.9058657038260212,1.2077729428555266,0.030302893252470958,0.0,59452.01553421858
4016,1.20325,2.0003599169772825,1.6624640905691108,0.48198750682151137,0.0,0.0
4017,1.17825,1.0383864883196339,0.8812955555439286,0.22825495339627377,0.0,261.77646172950176
4018,1.05775,0.3375550671458495,0.31912556572521816,-0.03921194754108698,0.0,0.0
4019,1.1115,0.366880635016469,0.33007704454922987,-0.02425076695360112,0.0,0.0
4020,4.0075,8.087013892557907,2.0179697798023475,-0.033992529199818655,0.0,42359.52313823406
4021,1.3905,1.5803905082414393,1.1365627531401936,0.15881972319055304,0.0,3677.3351597922174
4022,1.0805,0.3194452399321812,0.29564575653140324,-0.04291079657328711,0.0,0.0
4023,1.162,0.44755566862584795,0.38515978367112563,-0.10827921843905552,0.0,8310.0
4024,1.2935,1.7038437489629796,1.3172352137324927,0.28890331956599613,0.0,1738.6458962509957
4025,1.26025,0.7711475894089036,0.6119004875293819,0.0,0.0,16612.0
4026,1.127,0.5152061328631822,0.45714829890255737,0.04030621886279406,0.0,0.0
4027,1.04125,0.24711071086834027,0.23732121091797384,0.015195531991636924,0.0,0.0
4028,1.34625,0.8677840744101899,0.6445935557364456,-0.07783306859535141,0.0,0.0
4029,1.0805,0.320227085591751,0.29636935269944564,-0.041849154819564194,0.0,0.0
4030,2.18075,6.167502651782157,2.828156667101757,0.2586780739134741,0.0,20623.689738590845
4031,1.15425,1.6137248726133966,1.3980722309840994,0.46085669242214994,0.0,0.0
4032,1.0805,0.3795467875519239,0.3512695858879444,0.031958102301802516,0.0,0.0
4033,1.305,1.084559388538413,0.8310799912171748,0.09272689248930452,0.0,10552.340225101758
4034,1.3035,0.9468959303829243,0.7264257233470842,0.0337758043197432,0.0,5097.814049320858
4035,1.145,0.7766117314626153,0.6782635209280483,0.17782238716481452,0.0,6622.980302580512
4036,1.08575,0.31689437200864373,0.29186679438972485,-0.04639269138714408,0.0,0.0
4037,1.37575,1.6412602996913184,1.1929931307950705,0.1752327750387392,0.0,17819.744159055273
4038,1.07025,0.2798830490227705,0.26151184211424483,-0.01676287868271864,0.0,0.0
4039,2.239,6.982984284486063,3.118796018082208,0.18241177480011717,0.0,0.0
4040,1.069,0.28330030844704623,0.26501432034335476,-0.011492427752040846,0.0,0.0
4041,1.11025,0.36895659601426783,0.33231848323735,-0.02180027719864125,0.0,4156.0
4042,1.2845,0.5934204133215647,0.4619855300284661,-0.11377502361079445,0.0,20764.0
4043,1.4115,0.9289152118830419,0.6581050031052369,-0.07196861454421377,0.0,0.0
4044,1.17125,0.5128247115693617,0.4378439373057518,-0.0781351305401079,0.0,0.0
4045,1.16175,0.5105409880951101,0.4394585651776286,-0.05109566603157001,0.0,0.0
4046,1.294,1.1383707533106244,0.8797301030221208,0.11375728374884671,0.0,8310.0
4047,1.274,1.1632980338584324,0.9131067769689423,0.17855348874408972,0.0,207.58127308449846
4048,1.258,1.3868730490616483,1.1024428052954278,0.25489920331749105,0.0,8340.044776233668
4049,1.49475,1.3924644256835428,0.9315701125161684,0.0020516659008940896,0.0,19041.267082208746
4050,1.04225,0.26073345198352627,0.2501640220518362,0.03850071647076403,0.0,0.0
4051,1.18125,1.2715355434117996,1.0764322060628992,0.3162244296008391,0.0,0.0
4052,1.4045,0.8200901700250667,0.5839018654503857,-0.12608308319675918,0.0,379.9412473385283
4053,1.45825,1.0390028003835223,0.7124997773931234,-0.1251157247492694,0.0,24914.0
4054,1.218,0.7447245488524036,0.6114323061185579,0.052875033228647755,0.0,0.0
4055,1.14025,0.5288192980239003,0.4637748721981147,0.010925735800420278,0.0,0.0
4056,1.1645,0.6576837286809998,0.5647777833241733,0.05889081679774741,0.0,0.0
4057,1.08875,0.36456366270658613,0.33484607366850616,-0.056888813628859725,0.0,0.0
4058,1.074,0.28904132268856536,0.2691259987789249,-0.03490105209323602,0.0,0.0
4059,1.109,1.0790783579173624,0.9730192587171889,0.44427742634029127,0.0,0.0
4060,1.407,1.9288030148948772,1.3708621285677876,0.2453431867393831,0.0,18157.354029417023
4061,1.187,0.5741196768539097,0.4836728532888877,-0.050505821795180955,0.0,0.0
4062,1.09625,0.42371077423762926,0.38650925814150905,-0.03190883201707451,0.0,0.0
4063,1.11625,0.3623103016596025,0.3245780977913572,-0.029694873426115875,0.0,0.0
4064,1.10975,0.34962193348543447,0.31504567108396886,-0.04517688581654494,0.0,0.0
4065,1.2765,0.7047495427309584,0.5520952156137551,-0.03910270257294715,0.0,662.3888419892713
4066,1.069,0.27158320890629445,0.25405351628278244,-0.029836559673089846,0.0,0.0
4067,1.2285,0.6374867428714375,0.5189147276120778,-0.04842567025000458,0.0,1374.4699724776945
4068,1.13525,0.4599025060583707,0.4051112143214011,-0.049715783430114124,0.0,0.0
4069,1.06925,0.2765385251442776,0.25862850142088156,-0.02198383281385452,0.0,0.0
4070,1.0375,0.21237943934515918,0.20470307406762328,0.02367441808505588,0.0,0.0
4071,1.036,0.2017775471766771,0.19476597217825972,0.0014347865144122007,0.0,0.0
4072,2.875,8.591468345520632,2.988336815833263,0.2724381044724824,0.0,6828.317816288135
4073,1.7635,1.610035963558264,0.9129775806964922,-0.06355652688553998,0.0,57357.4435351571
4074,1.244,2.1387163268843583,1.719225343154629,0.47725635694091,0.0,4757.474351973294
4075,1.12425,0.42350534435137127,0.37670032853135094,-0.0018089483520590255,0.0,0.0
4076,1.04575,0.2630099447887179,0.2515036526786688,-0.04472577187521842,0.0,0.0
4077,1.0755,0.29550225108296346,0.2747580205327415,-0.025300194435524115,0.0,0.0
4078,1.1745,0.519246718129804,0.4421002282927237,-0.0727303146937412,0.0,9466.160679948143
4079,25.718,21.09540779547801,0.8202584880425388,0.27737134561570054,0.0,113934.36360312502
4080,2.20075,6.20169853376282,2.817993199483276,0.26107938026480004,0.0,10732.832445026088
4081,1.28325,0.6637993634365167,0.5172798468237029,-0.06510067373191716,0.0,1186.8056830024343
4082,1.0855,0.36704690552804614,0.3381362556683981,0.01741434935690145,0.0,0.0
4083,1.26875,0.7011749775108006,0.5526502285799414,-0.041311096086364046,0.0,0.0
4084,1.0805,0.3225612522302703,0.29852961798266575,-0.038695021220343906,0.0,512.0806177123163
4085,1.1065,0.35311318614653525,0.3191262414338321,-0.11106440399264295,0.0,0.0
4086,2.411,6.939064537397209,2.8780856646193316,0.17967163686104204,0.0,81.38620615675967
4087,1.07025,0.3119924234946732,0.29151359354793105,0.030404572509377004,0.0,0.0
4088,1.04275,0.24786649017008597,0.23770461776081128,0.016521779078077836,0.0,0.0
4089,1.10975,0.3670675988909113,0.3307660273853672,-0.024029505079832203,0.0,0.0
4090,1.09025,1.0088901834940152,0.9253750823150793,0.38518170386265604,0.0,0.0
4091,1.079,0.3004689175149372,0.27846980307223096,-0.018061435663681902,0.0,0.0
4092,1.038,0.2794199686488422,0.26919072124165916,0.14281938768920932,0.0,0.0
4093,1.045,0.2664446437574731,0.2549709509640891,-0.0390909477855752,0.0,0.0
4094,1.088,0.38117230104084193,0.35034218845665616,-0.037540858624145745,0.0,0.0
4095,1.06175,0.8866416812149748,0.8350757534400516,0.3801915644730003,0.0,0.0
4096,1.0655,0.8782952810132606,0.8243034078022156,0.4799010742237986,0.0,0.0
4097,1.05175,0.3210883241850784,0.3052895880057793,-0.0609320657517331,0.0,0.0
4098,1.19775,0.5538245371094316,0.46238742401121397,-0.06613606034579259,0.0,0.0
4099,1.0725,0.287688096921436,0.26824064981019674,-0.0048175817640467855,0.0,0.0
4100,1.0725,0.29877427351870367,0.2785774112062505,0.011603723950719735,0.0,0.0
4101,1.4055,2.092764837760454,1.4889824530490603,0.2807757402992176,0.0,18734.879283027694
4102,1.3935,1.0963385606462495,0.7867517478623964,0.0,0.0,19429.3556592673
4103,1.05475,0.380511017788795,0.36075943852931497,0.012810657144041449,0.0,0.0
4104,1.03975,0.22177067673221493,0.21329230750874242,-0.03179191633094658,0.0,0.0
4105,2.60075,6.872565567302303,2.6425321800643284,0.17548960205277442,0.0,706.1818650009079
4106,1.10625,0.6029525897252321,0.545041889017159,0.12130482530477563,0.0,0.0
4107,1.46375,1.3793700021751683,0.9423535454655291,-0.0020516659008940896,0.0,37169.43164398371
4108,1.928,6.011268571396505,3.1178778897284776,0.24753486082877085,0.0,0.0
4109,1.41175,0.806768031198585,0.5714666415431804,-0.13319600884233157,0.0,21171.255716708165
4110,1.0915,0.4633372641554841,0.424495890202001,0.047235037476517416,0.0,4156.0
4111,1.2495,0.6409777399534081,0.5129873869174935,-0.04605388040738162,0.0,828.1968941108295
4112,1.86825,5.924539389627249,3.1711705551330116,0.5022624873412767,0.0,24906.000000000004
4113,1.226,0.7826730762496379,0.638395657626132,0.07445975766998095,0.0,2828.425589866674
4114,1.04275,0.2791808069705817,0.2677351301563957,0.06818952018737134,0.0,0.0
4115,1.0785,0.36996211696874853,0.3430339517559096,0.07229626782510112,0.0,0.0
4116,1.13925,1.2715202036959943,1.1161028779425008,0.3919417057181891,0.0,0.0
4117,1.2825,0.7143677836608977,0.5570119170845207,-0.033215644686617946,0.0,0.0
4118,1.14875,1.2659083965742266,1.101987722806726,0.355429479997556,0.0,0.0
4119,1.10525,0.5007345816700901,0.45305096735588335,0.04062924610512175,0.0,0.0
4120,1.3015,1.7821031740420454,1.3692686700284635,0.3084063980040672,0.0,3762.764823093757
4121,1.784,1.3374569891400059,0.74969562171525,-0.14411227933371884,0.0,1377.5789951488905
4122,1.2735,0.6072807814239405,0.47685966346599173,-0.10374796807910994,0.0,6515.981135730462
4123,1.04075,0.2471936764531399,0.2375149425444534,0.015341318664500392,0.0,0.0
4124,1.12075,0.40707599439945374,0.36321748329195075,-0.018992351118615636,0.0,3763.4255458225316
4125,1.07425,0.29027228941202793,0.27020925241985383,-0.03305540977159316,0.0,0.0
4126,1.087,0.37810943083374865,0.3478467624965489,0.030310292054981147,0.0,0.0
4127,1.15925,0.6164287741567569,0.5317479181856865,0.03075662226439807,0.0,0.0
4128,1.648,1.2831631333960334,0.7786184061869135,-0.14150752832638885,0.0,73175.3967013946
4129,6.9725,7.353248351261422,1.0546071496968694,-0.1803373452951742,0.0,0.0
4130,1.04025,0.21128440021554742,0.20310925279072092,-0.05282860513360099,0.0,0.0
4131,1.051,0.3285208996325406,0.31257935264751724,0.05186506146159253,0.0,0.0
4132,1.128,0.5587432760330348,0.4953397837172294,0.07553750459820918,0.0,4156.0
4133,1.17275,0.42889792008875965,0.36571982100938794,-0.15575013481259176,0.0,12462.0
4134,1.13125,0.472841762467195,0.41798166847928836,0.00304102221605973,0.0,0.0
4135,1.35975,0.727297860607682,0.5348761615059253,-0.15453243421227142,0.0,30578.819109524014
4136,1.11025,1.1053960433270742,0.9956280507336854,0.45474234968762167,0.0,0.0
4137,1.35,0.801973060767972,0.5940541190873867,-0.11208496422176889,0.0,12508.252876430173
4138,1.246,0.6205483623920998,0.4980323935731138,-0.060121194029997715,0.0,12137.59164598305
4139,1.1195,0.5725396933183814,0.511424469243753,0.12913775748449557,0.0,0.0
4140,1.494,1.8847684441389625,1.2615585302134957,0.13352555911870836,0.0,12594.669134079106
4141,1.108,0.3462166467569445,0.3124698977950763,-0.04942761029133241,0.0,0.0
4142,1.1175,1.1038561385405474,0.98779072800049,0.41424463354234115,0.0,0.0
4143,2.992,8.771896747177077,2.931783672184852,0.0013127926343872165,0.0,0.0
4144,1.1075,0.489901776826472,0.442349234154828,0.10133345856331882,0.0,0.0
4145,1.13525,0.4722427244518431,0.41598125915159045,-0.03821628378600145,0.0,0.0
4146,1.09225,0.39086843314983655,0.35785619880964664,-0.026631594629395516,0.0,0.0
4147,1.10175,0.35061042399984965,0.3182304733377351,-0.11415351556100317,0.0,0.0
4148,1.11025,0.7377201334170108,0.6644630789615049,0.27911608008553146,0.0,1768.948664802725
4149,1.0535,0.3635530122254175,0.3450906618181466,-0.006988831896647119,0.0,0.0
4150,1.06675,0.2971809493038834,0.2785853754899305,0.009281490545887228,0.0,0.0
4151,1.24225,0.8457208454549937,0.6807976216180267,0.07433020738608061,0.0,170.4314398880798
4152,2.2425,6.999424386007314,3.1212594809397163,0.18343303641976993,0.0,0.0
4153,1.1815,0.6017875763687449,0.5093420028512441,-0.008660857291039298,0.0,0.0
4154,2.23275,6.652641719494745,2.979573046465007,0.29156286400647735,0.0,8057.494655635197
4155,1.28625,1.8934643485711127,1.4720811261971722,0.3347306866396978,0.0,3891.6018951006704
4156,1.08,0.3465977964559599,0.32092388560737023,-0.007481420349473522,0.0,0.0
4157,1.3605,0.9095309569445177,0.6685269804810862,-0.05742725891196668,0.0,131.83523436166493
