kendall_tau,spearman,precision_at_1pct,precision_at_5pct,rmse,radius,richness,n_features,fit_seconds,feature_seconds,target,network,seed
0.6689344576439757,0.8378797028753819,0.175,0.6517412935323383,10.157458121952311,0,node,2,0.6623767999990378,4.180000178166665e-05,spread_mean,facebook_combined,0
0.6700954213255738,0.8387445095144438,0.225,0.6467661691542289,10.12895641850854,0,node,2,0.7085110000007262,4.180000178166665e-05,spread_mean,facebook_combined,1
0.6703536776200948,0.8390850509106483,0.2,0.6368159203980099,10.009641466541568,0,node,2,0.7151109999977052,4.180000178166665e-05,spread_mean,facebook_combined,2
0.6720994245004283,0.840442176424076,0.25,0.6417910447761194,10.085433697543158,0,node,2,0.713071400001354,4.180000178166665e-05,spread_mean,facebook_combined,3
0.6714173375831511,0.8402099297920502,0.325,0.6567164179104478,10.1037454163426,0,node,2,0.739469400003145,4.180000178166665e-05,spread_mean,facebook_combined,4
0.6706777621234205,0.8394078972205162,0.25,0.6318407960199005,10.174610271325385,0,node,2,0.7240679999995336,4.180000178166665e-05,spread_mean,facebook_combined,5
0.6705529905893471,0.8393844926281416,0.25,0.6417910447761194,10.123641724253574,0,node,2,0.7265728000020317,4.180000178166665e-05,spread_mean,facebook_combined,6
0.6721309868152688,0.8408474927232182,0.225,0.6467661691542289,10.190124616363162,0,node,2,0.7041564999999537,4.180000178166665e-05,spread_mean,facebook_combined,7
0.6706929537618093,0.8396370264794087,0.2,0.6169154228855721,10.42726073746453,0,node,2,0.7171726000015042,4.180000178166665e-05,spread_mean,facebook_combined,8
0.6680503539987347,0.8375101144777455,0.2,0.6368159203980099,10.211686187344444,0,node,2,0.7014197999997123,4.180000178166665e-05,spread_mean,facebook_combined,9
0.6689344576439757,0.8378797028753819,0.175,0.6517412935323383,10.157458121952311,0,node+edge,2,0.7328708000022743,4.180000178166665e-05,spread_mean,facebook_combined,0
0.6700954213255738,0.8387445095144438,0.225,0.6467661691542289,10.12895641850854,0,node+edge,2,0.7160229999972216,4.180000178166665e-05,spread_mean,facebook_combined,1
0.6703536776200948,0.8390850509106483,0.2,0.6368159203980099,10.009641466541568,0,node+edge,2,0.7957351000004564,4.180000178166665e-05,spread_mean,facebook_combined,2
0.6720994245004283,0.840442176424076,0.25,0.6417910447761194,10.085433697543156,0,node+edge,2,0.7991008999997575,4.180000178166665e-05,spread_mean,facebook_combined,3
0.6714173375831511,0.8402099297920502,0.325,0.6567164179104478,10.1037454163426,0,node+edge,2,0.841209300000628,4.180000178166665e-05,spread_mean,facebook_combined,4
0.6706777621234205,0.8394078972205162,0.25,0.6318407960199005,10.174610271325385,0,node+edge,2,0.8820955000010144,4.180000178166665e-05,spread_mean,facebook_combined,5
0.6705529905893471,0.8393844926281416,0.25,0.6417910447761194,10.123641724253574,0,node+edge,2,0.8568137000002025,4.180000178166665e-05,spread_mean,facebook_combined,6
0.6721309868152688,0.8408474927232182,0.225,0.6467661691542289,10.190124616363162,0,node+edge,2,0.7604004999993776,4.180000178166665e-05,spread_mean,facebook_combined,7
0.6706929537618093,0.8396370264794087,0.2,0.6169154228855721,10.42726073746453,0,node+edge,2,0.7223173999991559,4.180000178166665e-05,spread_mean,facebook_combined,8
0.6680503539987347,0.8375101144777455,0.2,0.6368159203980099,10.211686187344444,0,node+edge,2,0.7333976999980223,4.180000178166665e-05,spread_mean,facebook_combined,9
0.6689344576439757,0.8378797028753819,0.175,0.6517412935323383,10.157458121952311,0,node+edge+subgraph,2,0.6980729999995674,4.180000178166665e-05,spread_mean,facebook_combined,0
0.6700954213255738,0.8387445095144438,0.225,0.6467661691542289,10.128956418508537,0,node+edge+subgraph,2,0.7574333000011393,4.180000178166665e-05,spread_mean,facebook_combined,1
0.6703536776200948,0.8390850509106483,0.2,0.6368159203980099,10.009641466541568,0,node+edge+subgraph,2,0.7649395999978879,4.180000178166665e-05,spread_mean,facebook_combined,2
0.6720994245004283,0.840442176424076,0.25,0.6417910447761194,10.085433697543158,0,node+edge+subgraph,2,0.6903186999988975,4.180000178166665e-05,spread_mean,facebook_combined,3
0.6714173375831511,0.8402099297920502,0.325,0.6567164179104478,10.1037454163426,0,node+edge+subgraph,2,0.7067000999995798,4.180000178166665e-05,spread_mean,facebook_combined,4
0.6706777621234205,0.8394078972205162,0.25,0.6318407960199005,10.174610271325385,0,node+edge+subgraph,2,0.6949301999993622,4.180000178166665e-05,spread_mean,facebook_combined,5
0.6705529905893471,0.8393844926281416,0.25,0.6417910447761194,10.123641724253574,0,node+edge+subgraph,2,0.703482000000804,4.180000178166665e-05,spread_mean,facebook_combined,6
0.6721309868152688,0.8408474927232182,0.225,0.6467661691542289,10.190124616363162,0,node+edge+subgraph,2,0.7039873000030639,4.180000178166665e-05,spread_mean,facebook_combined,7
0.6706929537618093,0.8396370264794087,0.2,0.6169154228855721,10.42726073746453,0,node+edge+subgraph,2,0.727207100000669,4.180000178166665e-05,spread_mean,facebook_combined,8
0.6680503539987347,0.8375101144777455,0.2,0.6368159203980099,10.211686187344444,0,node+edge+subgraph,2,0.7015234999998938,4.180000178166665e-05,spread_mean,facebook_combined,9
0.6689344576439757,0.8378797028753819,0.175,0.6517412935323383,10.157458121952311,0,node+edge+subgraph+dynamic,2,0.7180023999972036,4.180000178166665e-05,spread_mean,facebook_combined,0
0.6700954213255738,0.8387445095144438,0.225,0.6467661691542289,10.128956418508537,0,node+edge+subgraph+dynamic,2,0.7086151000003156,4.180000178166665e-05,spread_mean,facebook_combined,1
0.6703536776200948,0.8390850509106483,0.2,0.6368159203980099,10.009641466541568,0,node+edge+subgraph+dynamic,2,0.7067504999977245,4.180000178166665e-05,spread_mean,facebook_combined,2
0.6720994245004283,0.840442176424076,0.25,0.6417910447761194,10.085433697543156,0,node+edge+subgraph+dynamic,2,0.7536060999991605,4.180000178166665e-05,spread_mean,facebook_combined,3
0.6714173375831511,0.8402099297920502,0.325,0.6567164179104478,10.1037454163426,0,node+edge+subgraph+dynamic,2,0.7103045000003476,4.180000178166665e-05,spread_mean,facebook_combined,4
0.6706777621234205,0.8394078972205162,0.25,0.6318407960199005,10.174610271325385,0,node+edge+subgraph+dynamic,2,0.7092261999969196,4.180000178166665e-05,spread_mean,facebook_combined,5
0.6705529905893471,0.8393844926281416,0.25,0.6417910447761194,10.123641724253574,0,node+edge+subgraph+dynamic,2,0.7332695000004605,4.180000178166665e-05,spread_mean,facebook_combined,6
0.6721309868152688,0.8408474927232182,0.225,0.6467661691542289,10.190124616363162,0,node+edge+subgraph+dynamic,2,0.7056845000006433,4.180000178166665e-05,spread_mean,facebook_combined,7
0.6706929537618093,0.8396370264794087,0.2,0.6169154228855721,10.42726073746453,0,node+edge+subgraph+dynamic,2,0.7059057999977085,4.180000178166665e-05,spread_mean,facebook_combined,8
0.6680503539987347,0.8375101144777455,0.2,0.6368159203980099,10.211686187344444,0,node+edge+subgraph+dynamic,2,0.7127518000015698,4.180000178166665e-05,spread_mean,facebook_combined,9
0.9463572788117588,0.994814341115073,0.775,0.9850746268656716,1.746089325946074,1,node,17,1.390908400000626,1.836423400018248,spread_mean,facebook_combined,0
0.9456541022698892,0.994664261026158,0.775,0.9850746268656716,1.80346160369594,1,node,17,1.4007120999995095,1.836423400018248,spread_mean,facebook_combined,1
0.945917838565832,0.9946497551865824,0.8,0.9850746268656716,1.7404776603326468,1,node,17,1.4574259999972128,1.836423400018248,spread_mean,facebook_combined,2
0.9455832259793774,0.994562819881542,0.8,0.9850746268656716,1.7526585186175971,1,node,17,1.3712027999972634,1.836423400018248,spread_mean,facebook_combined,3
0.9462408640552088,0.9946407768072024,0.75,0.9850746268656716,1.8682892156301625,1,node,17,1.3600117999994836,1.836423400018248,spread_mean,facebook_combined,4
0.9457471308245032,0.9946777528166691,0.775,0.9850746268656716,1.829520512753008,1,node,17,1.3977965999984008,1.836423400018248,spread_mean,facebook_combined,5
0.9451977131483148,0.9945184514528564,0.775,0.9850746268656716,1.7594831764694927,1,node,17,1.404310499998246,1.836423400018248,spread_mean,facebook_combined,6
0.945294097467296,0.9945673874268952,0.75,0.9850746268656716,1.962458895633698,1,node,17,1.5282635999974443,1.836423400018248,spread_mean,facebook_combined,7
0.946448111750822,0.9947934302624104,0.825,0.9850746268656716,1.8113667052861733,1,node,17,1.5394556999999622,1.836423400018248,spread_mean,facebook_combined,8
0.9457408697870384,0.99453219243407,0.775,0.9800995024875622,1.7506761581021524,1,node,17,1.4716068999987328,1.836423400018248,spread_mean,facebook_combined,9
0.9451355911193288,0.9946719205851856,0.8,0.9850746268656716,1.712510012080262,1,node+edge,38,2.8682884000008926,2.849816000019928,spread_mean,facebook_combined,0
0.9454957226485592,0.9947635118512148,0.825,0.9850746268656716,1.7926341289623708,1,node+edge,38,2.7562552000017604,2.849816000019928,spread_mean,facebook_combined,1
0.9454908886050408,0.9947507218180152,0.85,0.9850746268656716,1.670119191987256,1,node+edge,38,2.7981131999986246,2.849816000019928,spread_mean,facebook_combined,2
0.945576113156386,0.9948372749522886,0.825,0.9850746268656716,1.7451636062608635,1,node+edge,38,2.722036999999545,2.849816000019928,spread_mean,facebook_combined,3
0.946065212585506,0.994792494929657,0.85,0.9850746268656716,1.878847926984851,1,node+edge,38,2.70075530000031,2.849816000019928,spread_mean,facebook_combined,4
0.9452066209899992,0.994708684864288,0.825,0.9850746268656716,1.797854670779932,1,node+edge,38,2.7261324999999488,2.849816000019928,spread_mean,facebook_combined,5
0.9452470123788068,0.9946422401065896,0.8,0.9850746268656716,1.7296857154023535,1,node+edge,38,2.825606099999277,2.849816000019928,spread_mean,facebook_combined,6
0.9448215919047344,0.9946102879125251,0.825,0.9850746268656716,1.89205030615112,1,node+edge,38,2.7889494000010018,2.849816000019928,spread_mean,facebook_combined,7
0.9464969204297364,0.994953841876612,0.85,0.9850746268656716,1.8115090208179665,1,node+edge,38,2.765404699999636,2.849816000019928,spread_mean,facebook_combined,8
0.946060224271674,0.9948542506707466,0.825,0.9800995024875622,1.7625781186379408,1,node+edge,38,3.0960840999978245,2.849816000019928,spread_mean,facebook_combined,9
0.9554333618198296,0.9966469858567067,0.8,0.9900497512437813,0.9337677894916708,2,node,35,2.628881199998432,3.628884799938533,spread_mean,facebook_combined,0
0.9553680231965304,0.99660102974136,0.8,0.9900497512437813,1.042505060584455,2,node,35,2.4610409999986587,3.628884799938533,spread_mean,facebook_combined,1
0.9548159265844012,0.996498136815792,0.825,0.9900497512437813,1.301750146979801,2,node,35,2.4108946999986074,3.628884799938533,spread_mean,facebook_combined,2
0.95546968749889,0.9966672620976748,0.8,0.9900497512437813,1.0372692031189568,2,node,35,2.3843835999978182,3.628884799938533,spread_mean,facebook_combined,3
0.955970629300742,0.9967211503424706,0.775,0.9950248756218906,1.0182219624351183,2,node,35,2.358455399997183,3.628884799938533,spread_mean,facebook_combined,4
0.9560202008024288,0.9967267734641608,0.775,0.9900497512437813,0.9638886860992092,2,node,35,2.315667200000462,3.628884799938533,spread_mean,facebook_combined,5
0.9548271338111536,0.996573988204612,0.8,0.9900497512437813,1.1081501114582082,2,node,35,2.390925399999105,3.628884799938533,spread_mean,facebook_combined,6
0.9549628265492106,0.9965191646318516,0.8,0.9900497512437813,1.3589082224478717,2,node,35,2.353253699999186,3.628884799938533,spread_mean,facebook_combined,7
0.955439402157156,0.9966755500553568,0.825,0.9950248756218906,0.9554159514709324,2,node,35,2.375629199999821,3.628884799938533,spread_mean,facebook_combined,8
0.9553890578136652,0.9966121443087724,0.825,0.9900497512437813,1.2084367409677077,2,node,35,2.320212499998888,3.628884799938533,spread_mean,facebook_combined,9
0.9556945738722056,0.99670142360833,0.8,0.9900497512437813,0.916992621946211,3,node,45,3.1149672999999893,5.6599381999149045,spread_mean,facebook_combined,0
0.9555926902676072,0.9966500778078108,0.8,0.9900497512437813,1.032276904952958,3,node,45,2.9734191999996256,5.6599381999149045,spread_mean,facebook_combined,1
0.9548674332210172,0.996516294449486,0.8,0.9900497512437813,1.2941458555423386,3,node,45,2.863088199999765,5.6599381999149045,spread_mean,facebook_combined,2
0.9552926027550936,0.9966419307226052,0.775,0.9900497512437813,1.0062205184867583,3,node,45,2.7854086000006646,5.6599381999149045,spread_mean,facebook_combined,3
0.9559635164751338,0.9967377167860486,0.775,0.9950248756218906,0.997648216622838,3,node,45,2.8740486999995483,5.6599381999149045,spread_mean,facebook_combined,4
0.9561354775605698,0.9967758926487924,0.775,0.9900497512437813,0.9185431447259044,3,node,45,2.740489699997852,5.6599381999149045,spread_mean,facebook_combined,5
0.9547236299667932,0.9965610539798332,0.8,0.9900497512437813,1.0892671602676325,3,node,45,2.794815999997809,5.6599381999149045,spread_mean,facebook_combined,6
0.9549701846428628,0.9965396208131346,0.75,0.9900497512437813,1.3350991371187126,3,node,45,2.7713623999989068,5.6599381999149045,spread_mean,facebook_combined,7
0.9553957441508812,0.9966780562207612,0.825,0.9950248756218906,0.9375955654491512,3,node,45,2.782176500000787,5.6599381999149045,spread_mean,facebook_combined,8
0.9554552806362324,0.9966356935399736,0.8,0.9900497512437813,1.134107328040817,3,node,45,2.757949999999255,5.6599381999149045,spread_mean,facebook_combined,9
0.1417813438805504,0.2139541817958834,0.0,0.0049751243781094,1.4613931429263236,0,node,2,0.7051992999986396,4.180000178166665e-05,spread_cv,facebook_combined,0
0.1386830130489937,0.2095328031890018,0.0,0.0099502487562189,1.4646243436801485,0,node,2,0.710629199998948,4.180000178166665e-05,spread_cv,facebook_combined,1
0.1413686044287791,0.2138668507262104,0.0,0.0149253731343283,1.4627629294577622,0,node,2,0.7114196000002266,4.180000178166665e-05,spread_cv,facebook_combined,2
0.1481379915887846,0.2241920678249933,0.0,0.0199004975124378,1.457123201365092,0,node,2,0.7262169000023277,4.180000178166665e-05,spread_cv,facebook_combined,3
0.1457127466730725,0.2192678257551148,0.0,0.0248756218905472,1.455912153987913,0,node,2,0.73694169999726,4.180000178166665e-05,spread_cv,facebook_combined,4
0.1453831614053366,0.2198573222604964,0.0,0.0199004975124378,1.4584119268963656,0,node,2,0.6951922999978706,4.180000178166665e-05,spread_cv,facebook_combined,5
0.1401370459946369,0.2110705339272193,0.0,0.0199004975124378,1.4603168552730166,0,node,2,0.7192608999976073,4.180000178166665e-05,spread_cv,facebook_combined,6
0.1459627964879551,0.220768697588616,0.0,0.0099502487562189,1.4588247607459657,0,node,2,0.7121469000012439,4.180000178166665e-05,spread_cv,facebook_combined,7
0.1522260329816459,0.2299741137822224,0.0,0.0199004975124378,1.454534518022857,0,node,2,0.714871399999538,4.180000178166665e-05,spread_cv,facebook_combined,8
0.1383476345352645,0.2082155095977405,0.0,0.0199004975124378,1.4614436486455131,0,node,2,0.6914288000007218,4.180000178166665e-05,spread_cv,facebook_combined,9
0.1417813438805504,0.2139541817958834,0.0,0.0049751243781094,1.4613931429263236,0,node+edge,2,0.7113205000023299,4.180000178166665e-05,spread_cv,facebook_combined,0
0.1386830130489937,0.2095328031890018,0.0,0.0099502487562189,1.4646243436801485,0,node+edge,2,0.7211602999996103,4.180000178166665e-05,spread_cv,facebook_combined,1
0.1413686044287791,0.2138668507262104,0.0,0.0149253731343283,1.4627629294577622,0,node+edge,2,0.7161297999991802,4.180000178166665e-05,spread_cv,facebook_combined,2
0.1481379915887846,0.2241920678249933,0.0,0.0199004975124378,1.457123201365092,0,node+edge,2,0.7021946999993816,4.180000178166665e-05,spread_cv,facebook_combined,3
0.1457127466730725,0.2192678257551148,0.0,0.0248756218905472,1.455912153987913,0,node+edge,2,0.7007207999995444,4.180000178166665e-05,spread_cv,facebook_combined,4
0.1453831614053366,0.2198573222604964,0.0,0.0199004975124378,1.4584119268963656,0,node+edge,2,0.7237781000003451,4.180000178166665e-05,spread_cv,facebook_combined,5
0.1401370459946369,0.2110705339272193,0.0,0.0199004975124378,1.4603168552730166,0,node+edge,2,0.7157210000004852,4.180000178166665e-05,spread_cv,facebook_combined,6
0.1459627964879551,0.220768697588616,0.0,0.0099502487562189,1.4588247607459657,0,node+edge,2,0.7075147000032302,4.180000178166665e-05,spread_cv,facebook_combined,7
0.1522260329816459,0.2299741137822224,0.0,0.0199004975124378,1.454534518022857,0,node+edge,2,0.7468877999999677,4.180000178166665e-05,spread_cv,facebook_combined,8
0.1383476345352645,0.2082155095977405,0.0,0.0199004975124378,1.4614436486455131,0,node+edge,2,0.7037310999985493,4.180000178166665e-05,spread_cv,facebook_combined,9
0.1417813438805504,0.2139541817958834,0.0,0.0049751243781094,1.4613931429263236,0,node+edge+subgraph,2,0.7166967000011937,4.180000178166665e-05,spread_cv,facebook_combined,0
0.1386830130489937,0.2095328031890018,0.0,0.0099502487562189,1.4646243436801485,0,node+edge+subgraph,2,0.7197143999983382,4.180000178166665e-05,spread_cv,facebook_combined,1
0.1413686044287791,0.2138668507262104,0.0,0.0149253731343283,1.4627629294577622,0,node+edge+subgraph,2,0.7058717999971122,4.180000178166665e-05,spread_cv,facebook_combined,2
0.1481379915887846,0.2241920678249933,0.0,0.0199004975124378,1.457123201365092,0,node+edge+subgraph,2,0.7098797999969975,4.180000178166665e-05,spread_cv,facebook_combined,3
0.1457127466730725,0.2192678257551148,0.0,0.0248756218905472,1.455912153987913,0,node+edge+subgraph,2,0.7155582999985199,4.180000178166665e-05,spread_cv,facebook_combined,4
0.1453831614053366,0.2198573222604964,0.0,0.0199004975124378,1.4584119268963656,0,node+edge+subgraph,2,0.7887273999986064,4.180000178166665e-05,spread_cv,facebook_combined,5
0.1401370459946369,0.2110705339272193,0.0,0.0199004975124378,1.4603168552730166,0,node+edge+subgraph,2,0.881855200001155,4.180000178166665e-05,spread_cv,facebook_combined,6
0.1459627964879551,0.220768697588616,0.0,0.0099502487562189,1.4588247607459657,0,node+edge+subgraph,2,0.8519528999968315,4.180000178166665e-05,spread_cv,facebook_combined,7
0.1522260329816459,0.2299741137822224,0.0,0.0199004975124378,1.454534518022857,0,node+edge+subgraph,2,0.8884268000001612,4.180000178166665e-05,spread_cv,facebook_combined,8
0.1383476345352645,0.2082155095977405,0.0,0.0199004975124378,1.4614436486455131,0,node+edge+subgraph,2,0.7933432999998331,4.180000178166665e-05,spread_cv,facebook_combined,9
0.1417813438805504,0.2139541817958834,0.0,0.0049751243781094,1.4613931429263236,0,node+edge+subgraph+dynamic,2,0.7404378999999608,4.180000178166665e-05,spread_cv,facebook_combined,0
0.1386830130489937,0.2095328031890018,0.0,0.0099502487562189,1.4646243436801485,0,node+edge+subgraph+dynamic,2,0.7904517999995733,4.180000178166665e-05,spread_cv,facebook_combined,1
0.1413686044287791,0.2138668507262104,0.0,0.0149253731343283,1.462762929457762,0,node+edge+subgraph+dynamic,2,0.802962399997341,4.180000178166665e-05,spread_cv,facebook_combined,2
0.1481379915887846,0.2241920678249933,0.0,0.0199004975124378,1.457123201365092,0,node+edge+subgraph+dynamic,2,0.7944802999991225,4.180000178166665e-05,spread_cv,facebook_combined,3
0.1457127466730725,0.2192678257551148,0.0,0.0248756218905472,1.455912153987913,0,node+edge+subgraph+dynamic,2,0.7690826999969431,4.180000178166665e-05,spread_cv,facebook_combined,4
0.1453831614053366,0.2198573222604964,0.0,0.0199004975124378,1.4584119268963656,0,node+edge+subgraph+dynamic,2,0.7300862000010966,4.180000178166665e-05,spread_cv,facebook_combined,5
0.1401370459946369,0.2110705339272193,0.0,0.0199004975124378,1.4603168552730166,0,node+edge+subgraph+dynamic,2,0.7101857000016025,4.180000178166665e-05,spread_cv,facebook_combined,6
0.1459627964879551,0.220768697588616,0.0,0.0099502487562189,1.4588247607459657,0,node+edge+subgraph+dynamic,2,0.7109173999997438,4.180000178166665e-05,spread_cv,facebook_combined,7
0.1522260329816459,0.2299741137822224,0.0,0.0199004975124378,1.454534518022857,0,node+edge+subgraph+dynamic,2,0.7352711999992607,4.180000178166665e-05,spread_cv,facebook_combined,8
0.1383476345352645,0.2082155095977405,0.0,0.0199004975124378,1.4614436486455131,0,node+edge+subgraph+dynamic,2,0.7249222999998892,4.180000178166665e-05,spread_cv,facebook_combined,9
0.8242204536429014,0.9403302351899409,0.55,0.9154228855721394,0.3391159672811245,1,node,17,1.2872787000014796,1.836423400018248,spread_cv,facebook_combined,0
0.8229563671378488,0.9398451874204824,0.675,0.9154228855721394,0.3401977529836599,1,node,17,1.2606801000001724,1.836423400018248,spread_cv,facebook_combined,1
0.8205013091407942,0.9376805674331682,0.625,0.9154228855721394,0.3470551856979318,1,node,17,1.2367446000025666,1.836423400018248,spread_cv,facebook_combined,2
0.8212200148112888,0.9385475476081788,0.6,0.9054726368159204,0.3424573136783136,1,node,17,1.2271060000020952,1.836423400018248,spread_cv,facebook_combined,3
0.8252785546869478,0.9414162935528362,0.625,0.9104477611940298,0.3392411771637366,1,node,17,1.2389669999975013,1.836423400018248,spread_cv,facebook_combined,4
0.8256823053559358,0.9417007070818372,0.575,0.9154228855721394,0.3396534257586233,1,node,17,1.2531729000002088,1.836423400018248,spread_cv,facebook_combined,5
0.8244495971917678,0.9407182163944215,0.575,0.9104477611940298,0.3417242074825024,1,node,17,1.2552844999991066,1.836423400018248,spread_cv,facebook_combined,6
0.8236289647860771,0.939981036316564,0.575,0.9104477611940298,0.3429680927921087,1,node,17,1.255958500001725,1.836423400018248,spread_cv,facebook_combined,7
0.821991422497489,0.938480573944302,0.675,0.9104477611940298,0.3450528633877568,1,node,17,1.2406515999973635,1.836423400018248,spread_cv,facebook_combined,8
0.8244296732737734,0.940645900697118,0.65,0.9104477611940298,0.3402183179623047,1,node,17,1.2535822999998345,1.836423400018248,spread_cv,facebook_combined,9
0.8277646697996771,0.9429683683560066,0.6,0.9104477611940298,0.3314353277437112,1,node+edge,38,2.4268990000018675,2.849816000019928,spread_cv,facebook_combined,0
0.8277518911847043,0.9438343451098185,0.625,0.9203980099502488,0.3306883916606565,1,node+edge,38,2.376267799998459,2.849816000019928,spread_cv,facebook_combined,1
0.8248583115967705,0.9408125910971123,0.6,0.9154228855721394,0.337787575234446,1,node+edge,38,2.593497200003185,2.849816000019928,spread_cv,facebook_combined,2
0.825957903005272,0.9424996919608746,0.575,0.9104477611940298,0.3332641994290154,1,node+edge,38,2.622560899999371,2.849816000019928,spread_cv,facebook_combined,3
0.8270520141825978,0.9428357685651356,0.575,0.9104477611940298,0.3330256041379944,1,node+edge,38,2.5640582999999992,2.849816000019928,spread_cv,facebook_combined,4
0.8296427981664966,0.9443806014347124,0.575,0.9054726368159204,0.3311223118545418,1,node+edge,38,2.47720099999998,2.849816000019928,spread_cv,facebook_combined,5
0.8277681797026474,0.943525344985108,0.55,0.9104477611940298,0.3339405411714148,1,node+edge,38,2.4317274999999654,2.849816000019928,spread_cv,facebook_combined,6
0.8277517474339142,0.9420743323211036,0.6,0.9104477611940298,0.3356612906429522,1,node+edge,38,2.4932885000000056,2.849816000019928,spread_cv,facebook_combined,7
0.8281454282576158,0.9423152048049592,0.625,0.9104477611940298,0.334606053325358,1,node+edge,38,2.4453305000000114,2.849816000019928,spread_cv,facebook_combined,8
0.8288308218399715,0.943880658192234,0.675,0.9054726368159204,0.3307670044910746,1,node+edge,38,2.4710529999999835,2.849816000019928,spread_cv,facebook_combined,9
0.8357874307024818,0.9459052338431918,0.6,0.9104477611940298,0.3201850599640067,2,node,35,2.2765602000000627,3.628884799938533,spread_cv,facebook_combined,0
0.8346100016982099,0.9454068348512192,0.65,0.9054726368159204,0.3211904273877088,2,node,35,2.302864399999976,3.628884799938533,spread_cv,facebook_combined,1
0.832301534470683,0.9438949948423754,0.6,0.9104477611940298,0.3261188728370336,2,node,35,2.296672899999976,3.628884799938533,spread_cv,facebook_combined,2
0.8332444070078143,0.9449405506256742,0.575,0.9154228855721394,0.3212453764997347,2,node,35,2.308522000000039,3.628884799938533,spread_cv,facebook_combined,3
0.8332533282143648,0.944667772351912,0.55,0.9104477611940298,0.3209371325680917,2,node,35,2.3210838999999623,3.628884799938533,spread_cv,facebook_combined,4
0.8352340800365435,0.945909670051574,0.575,0.9104477611940298,0.3207550976647054,2,node,35,2.4210193999999774,3.628884799938533,spread_cv,facebook_combined,5
0.8337094462720139,0.9453698160806964,0.6,0.9054726368159204,0.3248244805468933,2,node,35,2.411783499999956,3.628884799938533,spread_cv,facebook_combined,6
0.8348333909258887,0.9460263274739136,0.6,0.9054726368159204,0.3201448890433512,2,node,35,2.330008899999939,3.628884799938533,spread_cv,facebook_combined,7
0.83350133483099,0.9440939342286996,0.65,0.9054726368159204,0.3221435847178008,2,node,35,2.3252710000000434,3.628884799938533,spread_cv,facebook_combined,8
0.8354325959136528,0.9466947351885476,0.625,0.9054726368159204,0.3180207219492412,2,node,35,2.2929075999999213,3.628884799938533,spread_cv,facebook_combined,9
0.8322719101045091,0.9443426404237938,0.6,0.9054726368159204,0.3196807489003574,3,node,45,2.66557679999994,5.6599381999149045,spread_cv,facebook_combined,0
0.8330224488190917,0.9442482807678664,0.65,0.9104477611940298,0.3231897934397631,3,node,45,2.6573368999999047,5.6599381999149045,spread_cv,facebook_combined,1
0.8294857315400443,0.9418160211856824,0.6,0.9054726368159204,0.3260992397437255,3,node,45,2.666061599999921,5.6599381999149045,spread_cv,facebook_combined,2
0.8309277030844171,0.9436058771018294,0.575,0.9104477611940298,0.3208042195350913,3,node,45,2.760840099999996,5.6599381999149045,spread_cv,facebook_combined,3
0.8317580630226591,0.9438949262789768,0.55,0.9104477611940298,0.3191162248436364,3,node,45,2.7089578000000074,5.6599381999149045,spread_cv,facebook_combined,4
0.8335702522269928,0.9457331204411816,0.55,0.9104477611940298,0.3181168424835194,3,node,45,2.70333119999998,5.6599381999149045,spread_cv,facebook_combined,5
0.8313618394507333,0.9439184032603491,0.6,0.9054726368159204,0.3276506607224579,3,node,45,2.690556999999899,5.6599381999149045,spread_cv,facebook_combined,6
0.8324113992796164,0.944270858259278,0.6,0.9054726368159204,0.3208684036531139,3,node,45,2.827085600000032,5.6599381999149045,spread_cv,facebook_combined,7
0.8325835807532572,0.9436686597787388,0.625,0.9104477611940298,0.3219846019138422,3,node,45,2.738283600000045,5.6599381999149045,spread_cv,facebook_combined,8
0.8325548140288347,0.9444913726646984,0.625,0.9054726368159204,0.3203057199202692,3,node,45,2.7073190999999497,5.6599381999149045,spread_cv,facebook_combined,9
0.3031485346859317,0.4351273920084305,0.05,0.2338308457711442,0.1822200327317686,0,node,2,0.6630810000001475,4.180000178166665e-05,spread_resid,facebook_combined,0
0.2977000395455106,0.4283763898206158,0.025,0.2288557213930348,0.1840187870731967,0,node,2,0.6418606999998246,4.180000178166665e-05,spread_resid,facebook_combined,1
0.2985199575108327,0.4292039878069895,0.0,0.2338308457711442,0.1838593242240372,0,node,2,0.6568314999999529,4.180000178166665e-05,spread_resid,facebook_combined,2
0.2975175479318777,0.4276825952050276,0.025,0.2437810945273631,0.1834468618169095,0,node,2,0.6444036000000324,4.180000178166665e-05,spread_resid,facebook_combined,3
0.3038415388081105,0.4359155481219175,0.075,0.2189054726368159,0.1825402918058431,0,node,2,0.6427151000000322,4.180000178166665e-05,spread_resid,facebook_combined,4
0.3013521188158489,0.4331874339474491,0.0,0.2338308457711442,0.1830106848385533,0,node,2,0.6600991000000249,4.180000178166665e-05,spread_resid,facebook_combined,5
0.3000572977090489,0.4303808464944597,0.1,0.2437810945273631,0.182998417832942,0,node,2,0.661788500000057,4.180000178166665e-05,spread_resid,facebook_combined,6
0.2978214434816522,0.4285431496273496,0.025,0.2338308457711442,0.1835156455266373,0,node,2,0.6919048999998267,4.180000178166665e-05,spread_resid,facebook_combined,7
0.3030772915561786,0.434796592014088,0.075,0.2189054726368159,0.1828478919858012,0,node,2,0.6545914000000721,4.180000178166665e-05,spread_resid,facebook_combined,8
0.2973026575709311,0.4281346330688204,0.05,0.2388059701492537,0.1834328374074398,0,node,2,0.6439238999998906,4.180000178166665e-05,spread_resid,facebook_combined,9
0.3031485346859317,0.4351273920084305,0.05,0.2338308457711442,0.1822200327317686,0,node+edge,2,0.6710912000000917,4.180000178166665e-05,spread_resid,facebook_combined,0
0.2977000395455106,0.4283763898206158,0.025,0.2288557213930348,0.1840187870731967,0,node+edge,2,0.679963300000054,4.180000178166665e-05,spread_resid,facebook_combined,1
0.2985199575108327,0.4292039878069895,0.0,0.2338308457711442,0.1838593242240372,0,node+edge,2,0.6857749999999214,4.180000178166665e-05,spread_resid,facebook_combined,2
0.2975175479318777,0.4276825952050276,0.025,0.2437810945273631,0.1834468618169095,0,node+edge,2,0.6724702999999863,4.180000178166665e-05,spread_resid,facebook_combined,3
0.3038415388081105,0.4359155481219175,0.075,0.2189054726368159,0.1825402918058431,0,node+edge,2,0.673103600000104,4.180000178166665e-05,spread_resid,facebook_combined,4
0.3013521188158489,0.4331874339474491,0.0,0.2338308457711442,0.1830106848385533,0,node+edge,2,0.629470099999935,4.180000178166665e-05,spread_resid,facebook_combined,5
0.3000572977090489,0.4303808464944597,0.1,0.2437810945273631,0.182998417832942,0,node+edge,2,0.6435873000000356,4.180000178166665e-05,spread_resid,facebook_combined,6
0.2978214434816522,0.4285431496273496,0.025,0.2338308457711442,0.1835156455266373,0,node+edge,2,0.6542157999999745,4.180000178166665e-05,spread_resid,facebook_combined,7
0.3030772915561786,0.434796592014088,0.075,0.2189054726368159,0.1828478919858012,0,node+edge,2,0.6520445999999538,4.180000178166665e-05,spread_resid,facebook_combined,8
0.2973026575709311,0.4281346330688204,0.05,0.2388059701492537,0.1834328374074398,0,node+edge,2,0.6663466999998491,4.180000178166665e-05,spread_resid,facebook_combined,9
0.3031485346859317,0.4351273920084305,0.05,0.2338308457711442,0.1822200327317686,0,node+edge+subgraph,2,0.6332657000000381,4.180000178166665e-05,spread_resid,facebook_combined,0
0.2977000395455106,0.4283763898206158,0.025,0.2288557213930348,0.1840187870731967,0,node+edge+subgraph,2,0.6424268000000666,4.180000178166665e-05,spread_resid,facebook_combined,1
0.2985199575108327,0.4292039878069895,0.0,0.2338308457711442,0.1838593242240372,0,node+edge+subgraph,2,0.6484573999998702,4.180000178166665e-05,spread_resid,facebook_combined,2
0.2975175479318777,0.4276825952050276,0.025,0.2437810945273631,0.1834468618169095,0,node+edge+subgraph,2,0.6626223999999183,4.180000178166665e-05,spread_resid,facebook_combined,3
0.3038415388081105,0.4359155481219175,0.075,0.2189054726368159,0.1825402918058431,0,node+edge+subgraph,2,0.6550454000000627,4.180000178166665e-05,spread_resid,facebook_combined,4
0.3013521188158489,0.4331874339474491,0.0,0.2338308457711442,0.1830106848385533,0,node+edge+subgraph,2,0.6899233999999979,4.180000178166665e-05,spread_resid,facebook_combined,5
0.3000572977090489,0.4303808464944597,0.1,0.2437810945273631,0.182998417832942,0,node+edge+subgraph,2,0.6623897999998007,4.180000178166665e-05,spread_resid,facebook_combined,6
0.2978214434816522,0.4285431496273496,0.025,0.2338308457711442,0.1835156455266373,0,node+edge+subgraph,2,0.6675384000000122,4.180000178166665e-05,spread_resid,facebook_combined,7
0.3030772915561786,0.434796592014088,0.075,0.2189054726368159,0.1828478919858012,0,node+edge+subgraph,2,0.6490919999998823,4.180000178166665e-05,spread_resid,facebook_combined,8
0.2973026575709311,0.4281346330688204,0.05,0.2388059701492537,0.1834328374074398,0,node+edge+subgraph,2,0.6518528999999944,4.180000178166665e-05,spread_resid,facebook_combined,9
0.3031485346859317,0.4351273920084305,0.05,0.2338308457711442,0.1822200327317686,0,node+edge+subgraph+dynamic,2,0.6508475999999064,4.180000178166665e-05,spread_resid,facebook_combined,0
0.2977000395455106,0.4283763898206158,0.025,0.2288557213930348,0.1840187870731967,0,node+edge+subgraph+dynamic,2,0.6669529000000693,4.180000178166665e-05,spread_resid,facebook_combined,1
0.2985199575108327,0.4292039878069895,0.0,0.2338308457711442,0.1838593242240372,0,node+edge+subgraph+dynamic,2,0.6559407999998257,4.180000178166665e-05,spread_resid,facebook_combined,2
0.2975175479318777,0.4276825952050276,0.025,0.2437810945273631,0.1834468618169095,0,node+edge+subgraph+dynamic,2,0.6168849000000591,4.180000178166665e-05,spread_resid,facebook_combined,3
0.3038415388081105,0.4359155481219175,0.075,0.2189054726368159,0.1825402918058431,0,node+edge+subgraph+dynamic,2,0.6419270999999753,4.180000178166665e-05,spread_resid,facebook_combined,4
0.3013521188158489,0.4331874339474491,0.0,0.2338308457711442,0.1830106848385533,0,node+edge+subgraph+dynamic,2,0.6562140000000909,4.180000178166665e-05,spread_resid,facebook_combined,5
0.3000572977090489,0.4303808464944597,0.1,0.2437810945273631,0.182998417832942,0,node+edge+subgraph+dynamic,2,0.6819909000000735,4.180000178166665e-05,spread_resid,facebook_combined,6
0.2978214434816522,0.4285431496273496,0.025,0.2338308457711442,0.1835156455266373,0,node+edge+subgraph+dynamic,2,0.6338635000001887,4.180000178166665e-05,spread_resid,facebook_combined,7
0.3030772915561786,0.434796592014088,0.075,0.2189054726368159,0.1828478919858012,0,node+edge+subgraph+dynamic,2,0.6508151000000453,4.180000178166665e-05,spread_resid,facebook_combined,8
0.2973026575709311,0.4281346330688204,0.05,0.2388059701492537,0.1834328374074398,0,node+edge+subgraph+dynamic,2,0.6435369000000719,4.180000178166665e-05,spread_resid,facebook_combined,9
0.7146769996173652,0.8686254717327557,0.325,0.582089552238806,0.0933569697592112,1,node,17,1.2322847000000363,1.836423400018248,spread_resid,facebook_combined,0
0.7158151278559628,0.8699097965159067,0.3,0.582089552238806,0.0935454105253628,1,node,17,1.2247853999999734,1.836423400018248,spread_resid,facebook_combined,1
0.7170858093847962,0.8710746984465824,0.3,0.5621890547263682,0.093340333265045,1,node,17,1.3005966999999146,1.836423400018248,spread_resid,facebook_combined,2
0.7148086606132305,0.8679676476564459,0.35,0.5621890547263682,0.093932274172353,1,node,17,1.2700042000001304,1.836423400018248,spread_resid,facebook_combined,3
0.7163575033065438,0.8703996880474815,0.275,0.5970149253731343,0.0926734524950456,1,node,17,1.2929558000000725,1.836423400018248,spread_resid,facebook_combined,4
0.7182661657903738,0.8717964427392012,0.25,0.5771144278606966,0.0928311323313135,1,node,17,1.2502110000000357,1.836423400018248,spread_resid,facebook_combined,5
0.7134449461651536,0.8665622595453086,0.275,0.572139303482587,0.0940599136599425,1,node,17,1.2713162000000011,1.836423400018248,spread_resid,facebook_combined,6
0.7135470531218565,0.8669986459799994,0.375,0.5920398009950248,0.0943854659262562,1,node,17,1.2812604000000647,1.836423400018248,spread_resid,facebook_combined,7
0.7080991690551917,0.8613314045172329,0.35,0.5920398009950248,0.0950085958589054,1,node,17,1.360373500000151,1.836423400018248,spread_resid,facebook_combined,8
0.7160950388699162,0.8686736523523768,0.3,0.5920398009950248,0.0932388098896805,1,node,17,1.3940866999998889,1.836423400018248,spread_resid,facebook_combined,9
0.7172411881795357,0.8724298464434226,0.35,0.6069651741293532,0.0926560974216373,1,node+edge,38,2.536555299999918,2.849816000019928,spread_resid,facebook_combined,0
0.7207639792401462,0.8748875095687667,0.325,0.5920398009950248,0.0930326162604634,1,node+edge,38,2.469701299999997,2.849816000019928,spread_resid,facebook_combined,1
0.7181593111453338,0.8732544981226884,0.275,0.5771144278606966,0.0928800758395992,1,node+edge,38,2.597075099999984,2.849816000019928,spread_resid,facebook_combined,2
0.7194410481089001,0.8726831821736207,0.325,0.5771144278606966,0.0928499433382412,1,node+edge,38,2.5151831999999104,2.849816000019928,spread_resid,facebook_combined,3
0.7197268050060505,0.8738230422566181,0.3,0.5920398009950248,0.0926569184471925,1,node+edge,38,2.510219799999959,2.849816000019928,spread_resid,facebook_combined,4
0.7216304718528705,0.8757212402920721,0.25,0.6019900497512438,0.0921426851892483,1,node+edge,38,2.5157110000000102,2.849816000019928,spread_resid,facebook_combined,5
0.714873663312145,0.8689905966281642,0.3,0.6019900497512438,0.0937133437472973,1,node+edge,38,2.49774739999998,2.849816000019928,spread_resid,facebook_combined,6
0.7133042459322863,0.8675417471895347,0.35,0.5970149253731343,0.0941625243900373,1,node+edge,38,2.4830865000001268,2.849816000019928,spread_resid,facebook_combined,7
0.7123080712352579,0.8652354235743759,0.325,0.6019900497512438,0.0941889981008197,1,node+edge,38,2.463192000000163,2.849816000019928,spread_resid,facebook_combined,8
0.7212347010847824,0.8745020128581391,0.325,0.6069651741293532,0.0919911992633951,1,node+edge,38,2.486523100000113,2.849816000019928,spread_resid,facebook_combined,9
0.7291435445730211,0.8808872279839323,0.375,0.6019900497512438,0.089598665565152,2,node,35,2.384567400000151,3.628884799938533,spread_resid,facebook_combined,0
0.7309542650739346,0.8813967542645452,0.325,0.6069651741293532,0.0898550730638169,2,node,35,2.3795738999999685,3.628884799938533,spread_resid,facebook_combined,1
0.7299000493233081,0.8802560599386269,0.275,0.5870646766169154,0.0904452198468524,2,node,35,2.2812812999998187,3.628884799938533,spread_resid,facebook_combined,2
0.7288195245384721,0.8795282866301363,0.325,0.6019900497512438,0.0902608214068559,2,node,35,2.380469800000128,3.628884799938533,spread_resid,facebook_combined,3
0.7321468316668294,0.8814756097273502,0.275,0.6169154228855721,0.0897267162757128,2,node,35,2.364308299999948,3.628884799938533,spread_resid,facebook_combined,4
0.732870634593852,0.883376207915207,0.225,0.6169154228855721,0.0892170562543489,2,node,35,2.4050072,3.628884799938533,spread_resid,facebook_combined,5
0.727585634131596,0.8780592471500548,0.275,0.6069651741293532,0.0903839154758621,2,node,35,2.413638500000161,3.628884799938533,spread_resid,facebook_combined,6
0.730326824589693,0.8807962828258165,0.35,0.6218905472636815,0.0902733451242979,2,node,35,2.28256650000003,3.628884799938533,spread_resid,facebook_combined,7
0.7283289157992738,0.8778335340224506,0.35,0.6218905472636815,0.0908426758585277,2,node,35,2.276410100000021,3.628884799938533,spread_resid,facebook_combined,8
0.7311326466853435,0.8813977171653602,0.3,0.6169154228855721,0.0892990234321208,2,node,35,2.268109399999957,3.628884799938533,spread_resid,facebook_combined,9
0.7319311642405149,0.8832184269247152,0.35,0.6069651741293532,0.0892436626858352,3,node,45,2.785396499999933,5.6599381999149045,spread_resid,facebook_combined,0
0.7316184283747196,0.8825798735832843,0.325,0.6019900497512438,0.0898265928581841,3,node,45,2.739760400000023,5.6599381999149045,spread_resid,facebook_combined,1
0.7312884643841197,0.8815884342372031,0.3,0.6069651741293532,0.09012153799825,3,node,45,2.699693100000104,5.6599381999149045,spread_resid,facebook_combined,2
0.7309665280595473,0.8810619252580404,0.375,0.6069651741293532,0.0897073023294608,3,node,45,2.767265400000042,5.6599381999149045,spread_resid,facebook_combined,3
0.7328730460310364,0.8824844138705534,0.3,0.6268656716417911,0.0892222979101221,3,node,45,2.770698300000049,5.6599381999149045,spread_resid,facebook_combined,4
0.733159550499458,0.8833135617939221,0.225,0.6218905472636815,0.089058428719554,3,node,45,2.656279799999993,5.6599381999149045,spread_resid,facebook_combined,5
0.7276886432296908,0.8788678272368903,0.3,0.6069651741293532,0.0903196857156364,3,node,45,2.7857349000000795,5.6599381999149045,spread_resid,facebook_combined,6
0.7305914598841197,0.8807349075439979,0.35,0.6069651741293532,0.0902112709378789,3,node,45,2.779613100000006,5.6599381999149045,spread_resid,facebook_combined,7
0.7291179161968415,0.8784611755606154,0.375,0.6119402985074627,0.0907820116175538,3,node,45,2.827256300000045,5.6599381999149045,spread_resid,facebook_combined,8
0.7328229765185585,0.88268615352555,0.325,0.6218905472636815,0.0890623851708559,3,node,45,2.783631600000035,5.6599381999149045,spread_resid,facebook_combined,9
0.3036055010908158,0.4195039401090955,0.225,0.1592039800995024,55809.91286232038,0,node,2,0.7428408000000672,4.180000178166665e-05,betweenness,facebook_combined,0
0.3002115811793154,0.414337807403674,0.25,0.1641791044776119,53452.85565779496,0,node,2,0.7184528000000228,4.180000178166665e-05,betweenness,facebook_combined,1
0.3109810815795427,0.4296933585013864,0.225,0.1741293532338308,53490.04258303318,0,node,2,0.7179610999999113,4.180000178166665e-05,betweenness,facebook_combined,2
0.3114634320275175,0.4297671057789229,0.2,0.154228855721393,53162.39917956706,0,node,2,0.7592325000000528,4.180000178166665e-05,betweenness,facebook_combined,3
0.2996681361340912,0.4148991981096485,0.225,0.1691542288557214,76073.77663995049,0,node,2,0.7581972000000405,4.180000178166665e-05,betweenness,facebook_combined,4
0.3069380165712562,0.42360162690725,0.225,0.154228855721393,52994.21347791555,0,node,2,0.7441832999998041,4.180000178166665e-05,betweenness,facebook_combined,5
0.2982055937471761,0.4144139148660963,0.2,0.1791044776119403,51247.69355697529,0,node,2,0.760348699999895,4.180000178166665e-05,betweenness,facebook_combined,6
0.3038746407303173,0.4207282816775673,0.2,0.1492537313432835,54728.90437977133,0,node,2,0.7992280000000846,4.180000178166665e-05,betweenness,facebook_combined,7
0.2999452212563371,0.4142140128470322,0.225,0.1691542288557214,54698.91277854242,0,node,2,0.762219499999901,4.180000178166665e-05,betweenness,facebook_combined,8
0.303244364294622,0.4183567308467917,0.25,0.1741293532338308,85571.84918236757,0,node,2,0.7399958000000879,4.180000178166665e-05,betweenness,facebook_combined,9
0.3036055010908158,0.4195039401090955,0.225,0.1592039800995024,55809.91286232039,0,node+edge,2,0.7158203000001322,4.180000178166665e-05,betweenness,facebook_combined,0
0.3002115811793154,0.414337807403674,0.25,0.1641791044776119,53452.85565779496,0,node+edge,2,0.7009837999999036,4.180000178166665e-05,betweenness,facebook_combined,1
0.3109810815795427,0.4296933585013864,0.225,0.1741293532338308,53490.04258303318,0,node+edge,2,0.7125999999998385,4.180000178166665e-05,betweenness,facebook_combined,2
0.3114634320275175,0.4297671057789229,0.2,0.154228855721393,53162.399179567066,0,node+edge,2,0.7131519000001845,4.180000178166665e-05,betweenness,facebook_combined,3
0.2996681361340912,0.4148991981096485,0.225,0.1691542288557214,76073.77663995049,0,node+edge,2,0.7068051000001105,4.180000178166665e-05,betweenness,facebook_combined,4
0.3069380165712562,0.42360162690725,0.225,0.154228855721393,52994.213477915546,0,node+edge,2,0.7290293000000929,4.180000178166665e-05,betweenness,facebook_combined,5
0.2982055937471761,0.4144139148660963,0.2,0.1791044776119403,51247.6935569753,0,node+edge,2,0.714046099999905,4.180000178166665e-05,betweenness,facebook_combined,6
0.3038746407303173,0.4207282816775673,0.2,0.1492537313432835,54728.90437977132,0,node+edge,2,0.7083153000000948,4.180000178166665e-05,betweenness,facebook_combined,7
0.2999452212563371,0.4142140128470322,0.225,0.1691542288557214,54698.91277854242,0,node+edge,2,0.7114083999999821,4.180000178166665e-05,betweenness,facebook_combined,8
0.303244364294622,0.4183567308467917,0.25,0.1741293532338308,85571.84918236757,0,node+edge,2,0.7146523999999772,4.180000178166665e-05,betweenness,facebook_combined,9
0.3036055010908158,0.4195039401090955,0.225,0.1592039800995024,55809.91286232038,0,node+edge+subgraph,2,0.7107223999998951,4.180000178166665e-05,betweenness,facebook_combined,0
0.3002115811793154,0.414337807403674,0.25,0.1641791044776119,53452.85565779496,0,node+edge+subgraph,2,0.8175376000001506,4.180000178166665e-05,betweenness,facebook_combined,1
0.3109810815795427,0.4296933585013864,0.225,0.1741293532338308,53490.04258303318,0,node+edge+subgraph,2,0.7858045999998922,4.180000178166665e-05,betweenness,facebook_combined,2
0.3114634320275175,0.4297671057789229,0.2,0.154228855721393,53162.39917956706,0,node+edge+subgraph,2,0.7782132999998339,4.180000178166665e-05,betweenness,facebook_combined,3
0.2996681361340912,0.4148991981096485,0.225,0.1691542288557214,76073.77663995049,0,node+edge+subgraph,2,0.7373483000001215,4.180000178166665e-05,betweenness,facebook_combined,4
0.3069380165712562,0.42360162690725,0.225,0.154228855721393,52994.213477915546,0,node+edge+subgraph,2,0.7059289000001172,4.180000178166665e-05,betweenness,facebook_combined,5
0.2982055937471761,0.4144139148660963,0.2,0.1791044776119403,51247.6935569753,0,node+edge+subgraph,2,0.7034558000000288,4.180000178166665e-05,betweenness,facebook_combined,6
0.3038746407303173,0.4207282816775673,0.2,0.1492537313432835,54728.90437977133,0,node+edge+subgraph,2,0.6894180999997843,4.180000178166665e-05,betweenness,facebook_combined,7
0.2999452212563371,0.4142140128470322,0.225,0.1691542288557214,54698.91277854242,0,node+edge+subgraph,2,0.687543900000037,4.180000178166665e-05,betweenness,facebook_combined,8
0.303244364294622,0.4183567308467917,0.25,0.1741293532338308,85571.84918236757,0,node+edge+subgraph,2,0.7207069000000956,4.180000178166665e-05,betweenness,facebook_combined,9
0.3036055010908158,0.4195039401090955,0.225,0.1592039800995024,55809.91286232039,0,node+edge+subgraph+dynamic,2,0.7055675000001429,4.180000178166665e-05,betweenness,facebook_combined,0
0.3002115811793154,0.414337807403674,0.25,0.1641791044776119,53452.85565779496,0,node+edge+subgraph+dynamic,2,0.6889169999999467,4.180000178166665e-05,betweenness,facebook_combined,1
0.3109810815795427,0.4296933585013864,0.225,0.1741293532338308,53490.04258303318,0,node+edge+subgraph+dynamic,2,0.7022342999998727,4.180000178166665e-05,betweenness,facebook_combined,2
0.3114634320275175,0.4297671057789229,0.2,0.154228855721393,53162.399179567066,0,node+edge+subgraph+dynamic,2,0.7438471000000391,4.180000178166665e-05,betweenness,facebook_combined,3
0.2996681361340912,0.4148991981096485,0.225,0.1691542288557214,76073.77663995049,0,node+edge+subgraph+dynamic,2,0.7040988999999627,4.180000178166665e-05,betweenness,facebook_combined,4
0.3069380165712562,0.42360162690725,0.225,0.154228855721393,52994.21347791554,0,node+edge+subgraph+dynamic,2,0.709544699999924,4.180000178166665e-05,betweenness,facebook_combined,5
0.2982055937471761,0.4144139148660963,0.2,0.1791044776119403,51247.6935569753,0,node+edge+subgraph+dynamic,2,0.6912273999998888,4.180000178166665e-05,betweenness,facebook_combined,6
0.3038746407303173,0.4207282816775673,0.2,0.1492537313432835,54728.90437977132,0,node+edge+subgraph+dynamic,2,0.7065754999998717,4.180000178166665e-05,betweenness,facebook_combined,7
0.2999452212563371,0.4142140128470322,0.225,0.1691542288557214,54698.91277854242,0,node+edge+subgraph+dynamic,2,0.7077426000000742,4.180000178166665e-05,betweenness,facebook_combined,8
0.303244364294622,0.4183567308467917,0.25,0.1741293532338308,85571.84918236757,0,node+edge+subgraph+dynamic,2,0.6795861000000514,4.180000178166665e-05,betweenness,facebook_combined,9
0.6354219129904157,0.7971580643786358,0.5,0.4228855721393035,50884.27471837998,1,node,17,1.7127407999998925,1.836423400018248,betweenness,facebook_combined,0
0.6389677204571419,0.8019180757486544,0.5,0.4029850746268656,50294.23232329759,1,node,17,1.688079000000016,1.836423400018248,betweenness,facebook_combined,1
0.6335005420774902,0.7941055473254375,0.5,0.4328358208955223,50221.14045606191,1,node,17,1.7280894000000444,1.836423400018248,betweenness,facebook_combined,2
0.6361990421455568,0.7959734471036317,0.5,0.4228855721393035,48813.89624777419,1,node,17,1.780209799999966,1.836423400018248,betweenness,facebook_combined,3
0.6407976811322849,0.8030508629687944,0.45,0.3980099502487562,69253.50106009864,1,node,17,1.8001690999999482,1.836423400018248,betweenness,facebook_combined,4
0.635850222117581,0.7959962796911156,0.45,0.4129353233830846,50098.88551000659,1,node,17,1.8046360000000727,1.836423400018248,betweenness,facebook_combined,5
0.6328979798035802,0.7918341041818546,0.425,0.3781094527363184,48455.46056552881,1,node,17,1.8156425999998191,1.836423400018248,betweenness,facebook_combined,6
0.6392005373693815,0.7988924623801565,0.475,0.4328358208955223,49216.89787684644,1,node,17,1.8635701000000608,1.836423400018248,betweenness,facebook_combined,7
0.6383678463503077,0.7998512835039926,0.5,0.4079601990049751,50147.63160711107,1,node,17,1.8598610999999887,1.836423400018248,betweenness,facebook_combined,8
0.6344065985875267,0.7964218418469498,0.5,0.417910447761194,79394.9467696568,1,node,17,1.8767897999998693,1.836423400018248,betweenness,facebook_combined,9
0.6237635219662697,0.777544500002402,0.5,0.4129353233830846,53055.51238134034,1,node+edge,38,3.908579500000087,2.849816000019928,betweenness,facebook_combined,0
0.6242464645124893,0.7777175598112775,0.5,0.3980099502487562,49773.9402212182,1,node+edge,38,3.8169647999998233,2.849816000019928,betweenness,facebook_combined,1
0.6231248994795773,0.778023537581686,0.45,0.3930348258706467,50584.55180429765,1,node+edge,38,3.836397499999976,2.849816000019928,betweenness,facebook_combined,2
0.632044255714952,0.7844081265077332,0.525,0.3930348258706467,50480.92325763148,1,node+edge,38,3.800311399999828,2.849816000019928,betweenness,facebook_combined,3
0.6299663317642044,0.7849698859748567,0.475,0.3880597014925373,69721.8702612341,1,node+edge,38,3.832302700000128,2.849816000019928,betweenness,facebook_combined,4
0.6325097281288311,0.7852317121948234,0.525,0.4278606965174129,49529.91666079926,1,node+edge,38,3.64601649999986,2.849816000019928,betweenness,facebook_combined,5
0.6240459374918402,0.776595352101605,0.425,0.3781094527363184,50426.84542592563,1,node+edge,38,3.682305099999894,2.849816000019928,betweenness,facebook_combined,6
0.6241667603881192,0.7753942464101965,0.525,0.3681592039800995,51429.887888461664,1,node+edge,38,3.9381318000000647,2.849816000019928,betweenness,facebook_combined,7
0.625856400402807,0.7796097341421706,0.525,0.3880597014925373,51374.40586920581,1,node+edge,38,3.876656500000081,2.849816000019928,betweenness,facebook_combined,8
0.6285177616470421,0.7828334827675195,0.5,0.417910447761194,77624.45357248181,1,node+edge,38,3.69924489999994,2.849816000019928,betweenness,facebook_combined,9
0.6648371338245127,0.7986659285252227,0.7,0.572139303482587,51180.78364851573,2,node,35,3.875114400000257,3.628884799938533,betweenness,facebook_combined,0
0.6594276409892571,0.7923573706846281,0.6,0.5621890547263682,49029.28994556328,2,node,35,3.810171600000104,3.628884799938533,betweenness,facebook_combined,1
0.6686858869560932,0.8058284788887623,0.65,0.5472636815920398,49191.367009410016,2,node,35,3.690919899999699,3.628884799938533,betweenness,facebook_combined,2
0.6674701887667556,0.8016821441708321,0.65,0.5621890547263682,48140.52588724425,2,node,35,3.695383199999924,3.628884799938533,betweenness,facebook_combined,3
0.6641918432830559,0.7978087071585153,0.65,0.5522388059701493,70065.93508389847,2,node,35,3.6893276999999216,3.628884799938533,betweenness,facebook_combined,4
0.6645515864028495,0.8011368112352171,0.675,0.5870646766169154,49038.07547695789,2,node,35,3.822085799999968,3.628884799938533,betweenness,facebook_combined,5
0.6663178527312412,0.8039851558238307,0.65,0.5621890547263682,49915.456811060416,2,node,35,3.754443100000117,3.628884799938533,betweenness,facebook_combined,6
0.6712389480708599,0.8054729914558652,0.625,0.572139303482587,49429.931924819175,2,node,35,3.743598099999872,3.628884799938533,betweenness,facebook_combined,7
0.6580217909577821,0.7934105723655187,0.65,0.5621890547263682,50093.7544370332,2,node,35,3.859418399999868,3.628884799938533,betweenness,facebook_combined,8
0.656187360807805,0.7881486724313609,0.675,0.5422885572139303,79021.53543002701,2,node,35,3.8538570999999138,3.628884799938533,betweenness,facebook_combined,9
0.8064979984133789,0.8842000295783647,0.7,0.6766169154228856,51561.46733122951,3,node,45,4.509680099999969,5.6599381999149045,betweenness,facebook_combined,0
0.7923800365758322,0.8711009285617946,0.625,0.6417910447761194,49635.33453582908,3,node,45,4.541000800000347,5.6599381999149045,betweenness,facebook_combined,1
0.8030141497520284,0.877596259687009,0.7,0.6517412935323383,48636.96268148149,3,node,45,4.568980900000042,5.6599381999149045,betweenness,facebook_combined,2
0.7992729976225547,0.8765421142310785,0.7,0.6417910447761194,48750.02197797957,3,node,45,4.447389799999655,5.6599381999149045,betweenness,facebook_combined,3
0.8063793110092119,0.8862049210830076,0.675,0.6417910447761194,70859.63782909334,3,node,45,4.585841699999946,5.6599381999149045,betweenness,facebook_combined,4
0.8019859123570713,0.8798039461395224,0.7,0.6567164179104478,48366.78061334622,3,node,45,4.762633400000141,5.6599381999149045,betweenness,facebook_combined,5
0.8050735997362555,0.8812897092076105,0.65,0.6616915422885572,50842.45965249572,3,node,45,4.596440199999961,5.6599381999149045,betweenness,facebook_combined,6
0.8097616043540595,0.885703556289906,0.675,0.6268656716417911,49493.70073706773,3,node,45,4.577860299999884,5.6599381999149045,betweenness,facebook_combined,7
0.7960252992258215,0.8773185590572967,0.7,0.6616915422885572,50114.14601819432,3,node,45,4.4916401000000405,5.6599381999149045,betweenness,facebook_combined,8
0.8019423362290939,0.8786900540175262,0.65,0.6517412935323383,78825.48056553451,3,node,45,4.510207600000285,5.6599381999149045,betweenness,facebook_combined,9
0.6902332064175944,0.817241008661737,0.65,0.6019900497512438,50137.49155089061,2,node+edge,80,12.263095299975248,4.6422773999402125,betweenness,facebook_combined,0
0.6993317309729462,0.8269495084627131,0.675,0.5920398009950248,48290.45766080736,2,node+edge,80,12.599832900014007,4.6422773999402125,betweenness,facebook_combined,1
0.6965393266741701,0.8236173108482231,0.625,0.6218905472636815,48119.31352861564,2,node+edge,80,12.22690439998405,4.6422773999402125,betweenness,facebook_combined,2
0.7010656742354776,0.827998463903068,0.65,0.6169154228855721,47450.00333377697,2,node+edge,80,12.513389700005064,4.6422773999402125,betweenness,facebook_combined,3
0.6940434768237735,0.8189736122072636,0.575,0.5920398009950248,69673.94555478106,2,node+edge,80,12.734116500010714,4.6422773999402125,betweenness,facebook_combined,4
0.6902905358691703,0.8160287759211321,0.65,0.5920398009950248,46829.59177560823,2,node+edge,80,13.052077499974985,4.6422773999402125,betweenness,facebook_combined,5
0.6952888984690734,0.8220395949225862,0.625,0.6169154228855721,50266.57129179824,2,node+edge,80,13.046214300004069,4.6422773999402125,betweenness,facebook_combined,6
0.6969936352004558,0.8233702428740733,0.675,0.582089552238806,48374.69900491801,2,node+edge,80,12.240214099991135,4.6422773999402125,betweenness,facebook_combined,7
0.6964652690737021,0.8249447914092546,0.6,0.6318407960199005,49018.98312498529,2,node+edge,80,12.36587789998157,4.6422773999402125,betweenness,facebook_combined,8
0.6986820041259088,0.8264473040964867,0.625,0.582089552238806,77529.45987316217,2,node+edge,80,12.232500699989032,4.6422773999402125,betweenness,facebook_combined,9
0.8229036744205778,0.9029862370742948,0.65,0.6766169154228856,50091.97196821076,3,node+edge,93,13.774563399987528,6.6733307999165845,betweenness,facebook_combined,0
0.8166760587410075,0.8978948774063632,0.675,0.6716417910447762,47964.20910792792,3,node+edge,93,13.562976999994136,6.6733307999165845,betweenness,facebook_combined,1
0.818326919957096,0.9020895424088998,0.6,0.6865671641791045,47912.11777916652,3,node+edge,93,13.4749584000092,6.6733307999165845,betweenness,facebook_combined,2
0.8232198137874678,0.9053267196343208,0.675,0.7164179104477612,48102.74626903055,3,node+edge,93,13.60965440000291,6.6733307999165845,betweenness,facebook_combined,3
0.8076510307979146,0.8866135737345384,0.625,0.6915422885572139,70109.36467375031,3,node+edge,93,13.348476499988465,6.6733307999165845,betweenness,facebook_combined,4
0.8200158907936491,0.9001061530629667,0.65,0.7114427860696517,46947.16325110935,3,node+edge,93,13.19562740001129,6.6733307999165845,betweenness,facebook_combined,5
0.8173104368867586,0.9010940479503208,0.6,0.7014925373134329,50313.93397373067,3,node+edge,93,13.471663900010752,6.6733307999165845,betweenness,facebook_combined,6
0.8167143121994397,0.8949073314564497,0.675,0.6965174129353234,48060.59421661779,3,node+edge,93,13.945799900015118,6.6733307999165845,betweenness,facebook_combined,7
0.8155866104640606,0.9012404347272231,0.575,0.6965174129353234,48172.58458947077,3,node+edge,93,13.59915190000902,6.6733307999165845,betweenness,facebook_combined,8
0.8153877632476525,0.8968940462161737,0.625,0.6666666666666666,76469.32597527544,3,node+edge,93,13.119099400006236,6.6733307999165845,betweenness,facebook_combined,9
0.9559932481447764,0.99673615128226,0.8,0.9900497512437813,1.0364143891428088,2,node+edge,80,6.840048799989745,4.6422773999402125,spread_mean,facebook_combined,0
0.9556763272449408,0.9966690291242823,0.8,0.9900497512437813,1.1568800580685807,2,node+edge,80,6.44748560001608,4.6422773999402125,spread_mean,facebook_combined,1
0.9550035579035032,0.9965413824200248,0.825,0.9900497512437813,1.402388139945062,2,node+edge,80,6.417849699995713,4.6422773999402125,spread_mean,facebook_combined,2
0.9558245927956676,0.9966807319399472,0.8,0.9900497512437813,1.160189902194483,2,node+edge,80,7.019562300003599,4.6422773999402125,spread_mean,facebook_combined,3
0.9559129908863304,0.9966902075499368,0.8,0.9900497512437813,1.072716885045586,2,node+edge,80,7.880953799991403,4.6422773999402125,spread_mean,facebook_combined,4
0.9557724784072744,0.9966608651021324,0.8,0.9900497512437813,1.0842881765434496,2,node+edge,80,6.809674999996787,4.6422773999402125,spread_mean,facebook_combined,5
0.955210735736698,0.9965889143764972,0.8,0.9900497512437813,1.1798835221858637,2,node+edge,80,6.576397500000894,4.6422773999402125,spread_mean,facebook_combined,6
0.95559169828668,0.9966269276498824,0.8,0.9900497512437813,1.3940704798409806,2,node+edge,80,8.414069799997378,4.6422773999402125,spread_mean,facebook_combined,7
0.9555863187063612,0.9966169748815564,0.825,0.9900497512437813,1.0262883255053756,2,node+edge,80,9.970146999985444,4.6422773999402125,spread_mean,facebook_combined,8
0.9556765139175488,0.996672024742882,0.825,0.9900497512437813,1.2355221734165465,2,node+edge,80,7.945216099993559,4.6422773999402125,spread_mean,facebook_combined,9
0.9572774899857656,0.9969967066146922,0.8,0.9900497512437813,1.0044048651566462,3,node+edge,93,7.611334400018677,6.6733307999165845,spread_mean,facebook_combined,0
0.9570861376429212,0.996914187775324,0.825,0.9900497512437813,1.1327104939689967,3,node+edge,93,7.491544400021667,6.6733307999165845,spread_mean,facebook_combined,1
0.9565163814018318,0.9968298593416632,0.825,0.9900497512437813,1.3627624735370685,3,node+edge,93,7.52675590000581,6.6733307999165845,spread_mean,facebook_combined,2
0.9572776985449596,0.9970003395573208,0.8,0.9900497512437813,1.1258224568198711,3,node+edge,93,7.428594600001816,6.6733307999165845,spread_mean,facebook_combined,3
0.9573743725776902,0.9969809591614572,0.8,0.9900497512437813,1.0613095026709136,3,node+edge,93,7.261480800021673,6.6733307999165845,spread_mean,facebook_combined,4
0.957664488858978,0.9970417059927588,0.8,0.9900497512437813,1.053346591994799,3,node+edge,93,7.603893999999855,6.6733307999165845,spread_mean,facebook_combined,5
0.9565521801112902,0.9968331218104134,0.8,0.9900497512437813,1.1414123693710991,3,node+edge,93,7.830034799990244,6.6733307999165845,spread_mean,facebook_combined,6
0.9571475724496298,0.9969378271121078,0.8,0.9900497512437813,1.4008645481015625,3,node+edge,93,7.744222000008449,6.6733307999165845,spread_mean,facebook_combined,7
0.9570421222730424,0.9969208998425354,0.85,0.9900497512437813,1.0169895927537715,3,node+edge,93,7.374589899991406,6.6733307999165845,spread_mean,facebook_combined,8
0.9574184833517108,0.9970039849816524,0.825,0.9900497512437813,1.1857118912029618,3,node+edge,93,7.703724599996349,6.6733307999165845,spread_mean,facebook_combined,9
0.8347009401032759,0.94573519268656,0.65,0.9203980099502488,0.309909354826495,2,node+edge,80,6.521154700021725,4.6422773999402125,spread_cv,facebook_combined,0
0.8371077057799245,0.9480067002382812,0.65,0.9203980099502488,0.3064605166703882,2,node+edge,80,6.466743600001792,4.6422773999402125,spread_cv,facebook_combined,1
0.83262699135501,0.9439074216778264,0.65,0.9203980099502488,0.3159191363604192,2,node+edge,80,6.38090089999605,4.6422773999402125,spread_cv,facebook_combined,2
0.8357739945862516,0.9470010018595174,0.625,0.9203980099502488,0.3074525257073536,2,node+edge,80,6.538603599998169,4.6422773999402125,spread_cv,facebook_combined,3
0.8363772481905579,0.9464969035408316,0.625,0.9154228855721394,0.3142006929584152,2,node+edge,80,6.581314300012309,4.6422773999402125,spread_cv,facebook_combined,4
0.838724831984264,0.9488381887559876,0.575,0.9154228855721394,0.3036036699647212,2,node+edge,80,6.63135089998832,4.6422773999402125,spread_cv,facebook_combined,5
0.8381223682878207,0.9483086508419408,0.65,0.9104477611940298,0.3100779940896417,2,node+edge,80,6.536951199988835,4.6422773999402125,spread_cv,facebook_combined,6
0.8370321264506726,0.9476115878413268,0.6,0.9154228855721394,0.3075658692551884,2,node+edge,80,6.517686199978925,4.6422773999402125,spread_cv,facebook_combined,7
0.8353687264792681,0.9457407594629516,0.675,0.9154228855721394,0.3096251806702284,2,node+edge,80,6.458492300007492,4.6422773999402125,spread_cv,facebook_combined,8
0.8378153454078474,0.9486317751755318,0.65,0.9154228855721394,0.3074228309694984,2,node+edge,80,6.288675700023305,4.6422773999402125,spread_cv,facebook_combined,9
0.8336953537450825,0.9455507122688136,0.625,0.9203980099502488,0.3090089412829284,3,node+edge,93,6.996774400002323,6.6733307999165845,spread_cv,facebook_combined,0
0.8363675181406262,0.9473858589342286,0.65,0.9203980099502488,0.3089180901594032,3,node+edge,93,6.948514599993359,6.6733307999165845,spread_cv,facebook_combined,1
0.8325417132790242,0.944563678801036,0.65,0.9203980099502488,0.3158532450755931,3,node+edge,93,6.973180200002389,6.6733307999165845,spread_cv,facebook_combined,2
0.8334998632851678,0.9456982782601334,0.625,0.9203980099502488,0.307623480139339,3,node+edge,93,7.005211999989115,6.6733307999165845,spread_cv,facebook_combined,3
0.8353852518478824,0.9461754506006976,0.6,0.9203980099502488,0.3155633067515258,3,node+edge,93,6.990153499995358,6.6733307999165845,spread_cv,facebook_combined,4
0.8371941790716158,0.9485335803095456,0.6,0.9154228855721394,0.3052974377675405,3,node+edge,93,7.0229647999804,6.6733307999165845,spread_cv,facebook_combined,5
0.8348796422553251,0.946727302842076,0.675,0.9154228855721394,0.3150809430592978,3,node+edge,93,7.058085800003028,6.6733307999165845,spread_cv,facebook_combined,6
0.8348023860807158,0.9456754365215634,0.575,0.9203980099502488,0.3088378919553771,3,node+edge,93,7.24270199998864,6.6733307999165845,spread_cv,facebook_combined,7
0.8338274252363227,0.9446038880156676,0.625,0.9154228855721394,0.3107177063812981,3,node+edge,93,7.008184700011043,6.6733307999165845,spread_cv,facebook_combined,8
0.8346515931486185,0.9462601458075052,0.65,0.9154228855721394,0.3085926958854236,3,node+edge,93,7.144167099992046,6.6733307999165845,spread_cv,facebook_combined,9
0.7345753070907043,0.8852257007573955,0.35,0.6169154228855721,0.0882624906418335,2,node+edge,80,6.206391199986683,4.6422773999402125,spread_resid,facebook_combined,0
0.7381666174322004,0.8876632342275973,0.325,0.6119402985074627,0.0883303819609426,2,node+edge,80,6.251683999988018,4.6422773999402125,spread_resid,facebook_combined,1
0.7343833963135279,0.8849615128456123,0.325,0.6019900497512438,0.0891697314021749,2,node+edge,80,6.49502879998181,4.6422773999402125,spread_resid,facebook_combined,2
0.7341217942577004,0.8836631825084869,0.35,0.5920398009950248,0.0887733893501925,2,node+edge,80,6.33340629999293,4.6422773999402125,spread_resid,facebook_combined,3
0.736074422625428,0.885592839155551,0.35,0.6119402985074627,0.088438820761165,2,node+edge,80,6.258320099994307,4.6422773999402125,spread_resid,facebook_combined,4
0.7378754036683828,0.8874451683867425,0.3,0.6268656716417911,0.0875569889082485,2,node+edge,80,6.355107499985024,4.6422773999402125,spread_resid,facebook_combined,5
0.7335510872100723,0.883551357342256,0.325,0.6119402985074627,0.0885455484678884,2,node+edge,80,6.475951600004919,4.6422773999402125,spread_resid,facebook_combined,6
0.7344062303841328,0.8839128813292548,0.375,0.6318407960199005,0.0889679649526846,2,node+edge,80,6.287846799998079,4.6422773999402125,spread_resid,facebook_combined,7
0.7321157252921071,0.8806000433848905,0.375,0.6417910447761194,0.0896485196961363,2,node+edge,80,6.214363199978834,4.6422773999402125,spread_resid,facebook_combined,8
0.7358779313070857,0.8846355850409865,0.35,0.6169154228855721,0.0882306459359591,2,node+edge,80,6.2422264000051655,4.6422773999402125,spread_resid,facebook_combined,9
0.7377624414337005,0.8872219651304529,0.35,0.6318407960199005,0.087471695768442,3,node+edge,93,7.142782599985367,6.6733307999165845,spread_resid,facebook_combined,0
0.7403084704993182,0.8892830877863993,0.3,0.6119402985074627,0.0876573235996879,3,node+edge,93,8.179716399987228,6.6733307999165845,spread_resid,facebook_combined,1
0.7363423628762494,0.8863885166561521,0.3,0.6119402985074627,0.0885347033315564,3,node+edge,93,7.891818200005218,6.6733307999165845,spread_resid,facebook_combined,2
0.7373650182697697,0.8860085168659527,0.325,0.6218905472636815,0.0876898058805277,3,node+edge,93,7.500454299995908,6.6733307999165845,spread_resid,facebook_combined,3
0.7381663211066704,0.8866551777811973,0.375,0.6169154228855721,0.0877924475346549,3,node+edge,93,8.320431700005429,6.6733307999165845,spread_resid,facebook_combined,4
0.7391799399178892,0.8883082761919165,0.275,0.6417910447761194,0.0867221109274972,3,node+edge,93,8.696446300018579,6.6733307999165845,spread_resid,facebook_combined,5
0.7358450792324046,0.8858264339693519,0.35,0.6169154228855721,0.0879043512068786,3,node+edge,93,7.385657699982403,6.6733307999165845,spread_resid,facebook_combined,6
0.7369408997611374,0.885598643856634,0.375,0.6417910447761194,0.0883395594624365,3,node+edge,93,7.190601299982518,6.6733307999165845,spread_resid,facebook_combined,7
0.7345795139780948,0.882233870319672,0.35,0.6417910447761194,0.0892191623711299,3,node+edge,93,7.227536199992755,6.6733307999165845,spread_resid,facebook_combined,8
0.7394754778349141,0.8881090361556353,0.325,0.6368159203980099,0.0869617904380166,3,node+edge,93,7.200976399995852,6.6733307999165845,spread_resid,facebook_combined,9
0.9575488219620252,0.9970335967011432,0.775,0.9900497512437813,1.024947507664015,2,node+edge+subgraph,144,16.322045699998853,240.36142989994187,spread_mean,facebook_combined,0
0.95688869551168,0.9968650831603402,0.775,0.9900497512437813,1.1909813857566884,2,node+edge+subgraph,144,614.2888040999969,240.36142989994187,spread_mean,facebook_combined,1
0.9565694236396322,0.996833668263388,0.8,0.9900497512437813,1.3454025368562366,2,node+edge+subgraph,144,17.28358780000417,240.36142989994187,spread_mean,facebook_combined,2
0.9577947270687076,0.9970456732684392,0.8,0.9900497512437813,1.1804522681119385,2,node+edge+subgraph,144,16.175018900001305,240.36142989994187,spread_mean,facebook_combined,3
0.9576120390463716,0.9970109674917628,0.775,0.9900497512437813,1.1103229546307571,2,node+edge+subgraph,144,16.811527800004114,240.36142989994187,spread_mean,facebook_combined,4
0.9575205155461506,0.9970056483353896,0.8,0.9850746268656716,1.1059827149657826,2,node+edge+subgraph,144,15.963030799997796,240.36142989994187,spread_mean,facebook_combined,5
0.9569141982745814,0.996863528894378,0.825,0.9900497512437813,1.1643287039984815,2,node+edge+subgraph,144,11.325298900002965,240.36142989994187,spread_mean,facebook_combined,6
0.957600340423502,0.9970147712708742,0.8,0.9900497512437813,1.4465052944647172,2,node+edge+subgraph,144,10.557838699998683,240.36142989994187,spread_mean,facebook_combined,7
0.9574752685068988,0.9969813219041528,0.8,0.9900497512437813,1.0558145821104024,2,node+edge+subgraph,144,10.006717099997331,240.36142989994187,spread_mean,facebook_combined,8
0.9578416374860482,0.9970627619454926,0.825,0.9900497512437813,1.207274632421233,2,node+edge+subgraph,144,9.886321099998897,240.36142989994187,spread_mean,facebook_combined,9
0.9576263271153644,0.9970383282926114,0.775,0.9900497512437813,1.057149564424537,2,node+edge+subgraph+dynamic,145,9.513601999999082,240.36142989994187,spread_mean,facebook_combined,0
0.9569998026985772,0.9968796528306016,0.775,0.9900497512437813,1.1862435623153118,2,node+edge+subgraph+dynamic,145,9.488962199997331,240.36142989994187,spread_mean,facebook_combined,1
0.9566577207255604,0.9968288854959412,0.8,0.9900497512437813,1.342135045705789,2,node+edge+subgraph+dynamic,145,9.565579300004174,240.36142989994187,spread_mean,facebook_combined,2
0.9578898917115986,0.997052536220552,0.8,0.9900497512437813,1.141633027436889,2,node+edge+subgraph+dynamic,145,9.738660300004994,240.36142989994187,spread_mean,facebook_combined,3
0.9578310650077058,0.9970390734784336,0.8,0.9900497512437813,1.0990819576232036,2,node+edge+subgraph+dynamic,145,9.636686700003338,240.36142989994187,spread_mean,facebook_combined,4
0.9576193592345142,0.9970141078501814,0.825,0.9850746268656716,1.1003163329160757,2,node+edge+subgraph+dynamic,145,9.324148200001218,240.36142989994187,spread_mean,facebook_combined,5
0.9571827686599498,0.9969005009807034,0.825,0.9900497512437813,1.1458827493956678,2,node+edge+subgraph+dynamic,145,9.20650580000074,240.36142989994187,spread_mean,facebook_combined,6
0.9577638714425508,0.9970293575595246,0.8,0.9900497512437813,1.436828786155247,2,node+edge+subgraph+dynamic,145,9.27006199999596,240.36142989994187,spread_mean,facebook_combined,7
0.9576332221731522,0.9969947461251404,0.8,0.9950248756218906,1.061569402410486,2,node+edge+subgraph+dynamic,145,9.731026200002816,240.36142989994187,spread_mean,facebook_combined,8
0.9579544615402898,0.997072292786344,0.8,0.9900497512437813,1.1975670095858422,2,node+edge+subgraph+dynamic,145,9.641761099999712,240.36142989994187,spread_mean,facebook_combined,9
0.9586103482394076,0.9972039553021372,0.775,0.9900497512437813,1.031811492268688,3,node+edge+subgraph,168,10.881326899994749,242.39248329991824,spread_mean,facebook_combined,0
0.9581802859006444,0.9970772164666192,0.775,0.9900497512437813,1.1805616261030842,3,node+edge+subgraph,168,11.06053790000442,242.39248329991824,spread_mean,facebook_combined,1
0.958043003895901,0.997073984593578,0.825,0.9900497512437813,1.3385917044326383,3,node+edge+subgraph,168,10.593841200003226,242.39248329991824,spread_mean,facebook_combined,2
0.9588599333678712,0.9972160886914188,0.8,0.9900497512437813,1.1880854398367888,3,node+edge+subgraph,168,10.923733499999798,242.39248329991824,spread_mean,facebook_combined,3
0.9588111632624544,0.997195072394952,0.775,0.9900497512437813,1.1006795796678457,3,node+edge+subgraph,168,10.969365899996774,242.39248329991824,spread_mean,facebook_combined,4
0.958991888465488,0.9972585847316036,0.8,0.9850746268656716,1.081897754028734,3,node+edge+subgraph,168,10.973109300000942,242.39248329991824,spread_mean,facebook_combined,5
0.9582087320590328,0.997078838297772,0.825,0.9900497512437813,1.1576229423921016,3,node+edge+subgraph,168,11.214355899996008,242.39248329991824,spread_mean,facebook_combined,6
0.958938041685419,0.9972248601791482,0.8,0.9900497512437813,1.4364258108535324,3,node+edge+subgraph,168,12.619925800005149,242.39248329991824,spread_mean,facebook_combined,7
0.9586655622061652,0.9971946190537488,0.825,0.9950248756218906,1.058738976219547,3,node+edge+subgraph,168,16.08793929999956,242.39248329991824,spread_mean,facebook_combined,8
0.9589173903162737,0.997235689634816,0.8,0.9900497512437813,1.2211855207409246,3,node+edge+subgraph,168,13.961464199994223,242.39248329991824,spread_mean,facebook_combined,9
0.9586574399781456,0.9972094120989412,0.775,0.9900497512437813,1.026779144043794,3,node+edge+subgraph+dynamic,170,12.458829199997126,242.39248329991824,spread_mean,facebook_combined,0
0.9582214912149905,0.9970903928211012,0.775,0.9900497512437813,1.1555157172071284,3,node+edge+subgraph+dynamic,170,13.53012320000562,242.39248329991824,spread_mean,facebook_combined,1
0.9580314762207938,0.9970778941824736,0.8,0.9900497512437813,1.341387948165664,3,node+edge+subgraph+dynamic,170,11.873221200003172,242.39248329991824,spread_mean,facebook_combined,2
0.9588854414164812,0.9972398857891478,0.8,0.9900497512437813,1.180523273072376,3,node+edge+subgraph+dynamic,170,16.266419799998403,242.39248329991824,spread_mean,facebook_combined,3
0.9590942046503372,0.9972377827459176,0.8,0.9900497512437813,1.109236772477692,3,node+edge+subgraph+dynamic,170,14.736645300006783,242.39248329991824,spread_mean,facebook_combined,4
0.959196443393764,0.9972829373890716,0.8,0.9850746268656716,1.090183068750042,3,node+edge+subgraph+dynamic,170,12.556015200003458,242.39248329991824,spread_mean,facebook_combined,5
0.9584665105750348,0.9971223217518602,0.825,0.9900497512437813,1.171107392153915,3,node+edge+subgraph+dynamic,170,13.24044270000013,242.39248329991824,spread_mean,facebook_combined,6
0.9589645308193184,0.9972334493640056,0.8,0.9900497512437813,1.4313128324343094,3,node+edge+subgraph+dynamic,170,17.29447909999726,242.39248329991824,spread_mean,facebook_combined,7
0.9587984983662732,0.9972130780064126,0.8,0.9900497512437813,1.0622225734346376,3,node+edge+subgraph+dynamic,170,18.2056556000025,242.39248329991824,spread_mean,facebook_combined,8
0.9589980840420248,0.9972460071468002,0.8,0.9900497512437813,1.2010917440217523,3,node+edge+subgraph+dynamic,170,18.62587619999977,242.39248329991824,spread_mean,facebook_combined,9
0.8364477039273432,0.9477147519855736,0.6,0.9253731343283582,0.3081351364528759,2,node+edge+subgraph,144,15.218242800001462,240.36142989994187,spread_cv,facebook_combined,0
0.837133948350304,0.9474801194150392,0.65,0.9203980099502488,0.309532181598473,2,node+edge+subgraph,144,15.52892260000226,240.36142989994187,spread_cv,facebook_combined,1
0.8323432998628398,0.9441406529969932,0.6,0.9203980099502488,0.3188532156657222,2,node+edge+subgraph,144,15.542928599999868,240.36142989994187,spread_cv,facebook_combined,2
0.8366445567070515,0.9475920455530412,0.65,0.9203980099502488,0.3078037463729134,2,node+edge+subgraph,144,15.426171500002964,240.36142989994187,spread_cv,facebook_combined,3
0.8373566338221315,0.9467909075014806,0.6,0.9253731343283582,0.3169887919517241,2,node+edge+subgraph,144,15.5584444000051,240.36142989994187,spread_cv,facebook_combined,4
0.8376589422937706,0.9482812276221896,0.6,0.9154228855721394,0.3059749185975423,2,node+edge+subgraph,144,15.567579000002295,240.36142989994187,spread_cv,facebook_combined,5
0.8366518030454054,0.9476469997110052,0.65,0.9154228855721394,0.3117610660302876,2,node+edge+subgraph,144,15.343192700005602,240.36142989994187,spread_cv,facebook_combined,6
0.8371801594548054,0.947474523909422,0.575,0.9253731343283582,0.3093439133102871,2,node+edge+subgraph,144,15.16534899999533,240.36142989994187,spread_cv,facebook_combined,7
0.8356771581079034,0.946055372407997,0.6,0.9154228855721394,0.3096894527877785,2,node+edge+subgraph,144,15.506295299994235,240.36142989994187,spread_cv,facebook_combined,8
0.8367373354182894,0.9478101451625696,0.65,0.9154228855721394,0.3102977742360456,2,node+edge+subgraph,144,15.268318499998712,240.36142989994187,spread_cv,facebook_combined,9
0.8361143991051793,0.947556861569161,0.625,0.9203980099502488,0.3084253713722737,2,node+edge+subgraph+dynamic,145,15.552499299999909,240.36142989994187,spread_cv,facebook_combined,0
0.8369833601427064,0.9473089432808358,0.65,0.9203980099502488,0.3095921059882136,2,node+edge+subgraph+dynamic,145,15.252094800001942,240.36142989994187,spread_cv,facebook_combined,1
0.8327342405122808,0.9444095743128682,0.625,0.9203980099502488,0.3181424870232235,2,node+edge+subgraph+dynamic,145,15.787545999999566,240.36142989994187,spread_cv,facebook_combined,2
0.8362904046791931,0.94741764205498,0.65,0.9154228855721394,0.3071831214275194,2,node+edge+subgraph+dynamic,145,15.907077300005769,240.36142989994187,spread_cv,facebook_combined,3
0.83747999848163,0.9469714770659908,0.6,0.9203980099502488,0.3177642691434331,2,node+edge+subgraph+dynamic,145,16.327022900004522,240.36142989994187,spread_cv,facebook_combined,4
0.8378502432506469,0.9484035625814188,0.6,0.9154228855721394,0.3057219674728258,2,node+edge+subgraph+dynamic,145,14.845147500003804,240.36142989994187,spread_cv,facebook_combined,5
0.8364198605935699,0.9473807028048428,0.65,0.9154228855721394,0.3119048508550356,2,node+edge+subgraph+dynamic,145,15.456942100005108,240.36142989994187,spread_cv,facebook_combined,6
0.836842930121193,0.9473240164906968,0.575,0.9253731343283582,0.3095285480571828,2,node+edge+subgraph+dynamic,145,15.038098299999549,240.36142989994187,spread_cv,facebook_combined,7
0.8355842054748712,0.9459776525088988,0.6,0.9154228855721394,0.3098110728636985,2,node+edge+subgraph+dynamic,145,15.448771399998805,240.36142989994187,spread_cv,facebook_combined,8
0.8368643788664768,0.9479009324161688,0.65,0.9154228855721394,0.3107324561136352,2,node+edge+subgraph+dynamic,145,14.903195300001244,240.36142989994187,spread_cv,facebook_combined,9
0.8370117959736841,0.947008079484506,0.675,0.9203980099502488,0.3155117494087014,3,node+edge+subgraph,168,18.07130280000274,242.39248329991824,spread_cv,facebook_combined,0
0.8363194476378751,0.9461740641821,0.675,0.9253731343283582,0.3129067722911842,3,node+edge+subgraph,168,18.48634329999913,242.39248329991824,spread_cv,facebook_combined,1
0.8337201761526531,0.9451101985816418,0.625,0.9203980099502488,0.3163207259657202,3,node+edge+subgraph,168,18.15642469999875,242.39248329991824,spread_cv,facebook_combined,2
0.8360036985015157,0.9465974820254182,0.625,0.9203980099502488,0.3105476004043032,3,node+edge+subgraph,168,18.258200399999623,242.39248329991824,spread_cv,facebook_combined,3
0.8358122456295652,0.9457410165632704,0.575,0.9253731343283582,0.3168309331638612,3,node+edge+subgraph,168,18.156178199998976,242.39248329991824,spread_cv,facebook_combined,4
0.8375964015963302,0.9481825589057656,0.625,0.9253731343283582,0.3065067390256225,3,node+edge+subgraph,168,18.637686200003373,242.39248329991824,spread_cv,facebook_combined,5
0.8360203358048756,0.946890683474604,0.675,0.9154228855721394,0.3162667586452005,3,node+edge+subgraph,168,18.23786399999517,242.39248329991824,spread_cv,facebook_combined,6
0.8353174272447784,0.9450946856669844,0.6,0.9253731343283582,0.319493533099874,3,node+edge+subgraph,168,17.914708999996947,242.39248329991824,spread_cv,facebook_combined,7
0.8353181009713357,0.9449973024227158,0.6,0.9154228855721394,0.3184230162024407,3,node+edge+subgraph,168,19.32511240000167,242.39248329991824,spread_cv,facebook_combined,8
0.8371216541119371,0.9472315748415612,0.625,0.9154228855721394,0.314844776202105,3,node+edge+subgraph,168,18.744354599999497,242.39248329991824,spread_cv,facebook_combined,9
0.8368719992491562,0.9469551105401772,0.625,0.9203980099502488,0.3153296070490662,3,node+edge+subgraph+dynamic,170,19.192044900002657,242.39248329991824,spread_cv,facebook_combined,0
0.8364545846124455,0.9464438636846758,0.65,0.9253731343283582,0.3124632688516376,3,node+edge+subgraph+dynamic,170,18.661375800002133,242.39248329991824,spread_cv,facebook_combined,1
0.8333706840413272,0.9449526015615484,0.625,0.9203980099502488,0.3164394709168373,3,node+edge+subgraph+dynamic,170,18.19686720000027,242.39248329991824,spread_cv,facebook_combined,2
0.8362712745835056,0.9469118423159611,0.625,0.9203980099502488,0.3103201949639238,3,node+edge+subgraph+dynamic,170,18.670959399998537,242.39248329991824,spread_cv,facebook_combined,3
0.8361065549564003,0.94613351071401,0.575,0.9253731343283582,0.3155993637329557,3,node+edge+subgraph+dynamic,170,18.127510999998776,242.39248329991824,spread_cv,facebook_combined,4
0.8375370492481712,0.9480099804409422,0.625,0.9253731343283582,0.3066558724299592,3,node+edge+subgraph+dynamic,170,18.20001119999506,242.39248329991824,spread_cv,facebook_combined,5
0.8360929320832386,0.94688445530509,0.65,0.9154228855721394,0.3154490098108405,3,node+edge+subgraph+dynamic,170,18.929656699998304,242.39248329991824,spread_cv,facebook_combined,6
0.8353865899153812,0.9452694557743646,0.6,0.9253731343283582,0.3191740050436375,3,node+edge+subgraph+dynamic,170,18.56978969999909,242.39248329991824,spread_cv,facebook_combined,7
0.8351299883868087,0.9449784654790238,0.575,0.9203980099502488,0.3186121517419881,3,node+edge+subgraph+dynamic,170,17.812527100002626,242.39248329991824,spread_cv,facebook_combined,8
0.8369053368893479,0.9470891545001624,0.625,0.9154228855721394,0.3154169694303813,3,node+edge+subgraph+dynamic,170,2387.987404300002,242.39248329991824,spread_cv,facebook_combined,9
0.8230835847511546,0.8889580820734794,0.675,0.6766169154228856,50750.76930150183,2,node+edge+subgraph,144,20.25553249999939,240.36142989994187,betweenness,facebook_combined,0
0.8271070568521295,0.894260844192801,0.65,0.6865671641791045,47907.02280794203,2,node+edge+subgraph,144,17.880838099998073,240.36142989994187,betweenness,facebook_combined,1
0.829750212416166,0.8992744387332318,0.7,0.7164179104477612,48931.53932320587,2,node+edge+subgraph,144,18.42704419999791,240.36142989994187,betweenness,facebook_combined,2
0.8249996900507102,0.892156707916839,0.625,0.6616915422885572,48040.82919704511,2,node+edge+subgraph,144,17.391519799995876,240.36142989994187,betweenness,facebook_combined,3
0.8200773430898568,0.8874032675471745,0.65,0.7014925373134329,67305.65261434192,2,node+edge+subgraph,144,18.10350479999761,240.36142989994187,betweenness,facebook_combined,4
0.815397523402892,0.8820681468086351,0.7,0.7014925373134329,48222.31310457825,2,node+edge+subgraph,144,17.417532300001767,240.36142989994187,betweenness,facebook_combined,5
0.8294653619629389,0.8946600550035672,0.675,0.6865671641791045,50833.30557951966,2,node+edge+subgraph,144,17.939698999995016,240.36142989994187,betweenness,facebook_combined,6
0.8272208902125786,0.8934362942342141,0.7,0.681592039800995,49377.79133142034,2,node+edge+subgraph,144,17.347642499997164,240.36142989994187,betweenness,facebook_combined,7
0.8307389197226901,0.8993374329411308,0.675,0.681592039800995,49652.81976776594,2,node+edge+subgraph,144,17.447762800002238,240.36142989994187,betweenness,facebook_combined,8
0.8223555588618207,0.8891542794319761,0.675,0.6417910447761194,75437.69697743752,2,node+edge+subgraph,144,17.550178500001493,240.36142989994187,betweenness,facebook_combined,9
0.8231043340668757,0.8888216437998793,0.675,0.681592039800995,50583.30724691053,2,node+edge+subgraph+dynamic,145,17.559356300000218,240.36142989994187,betweenness,facebook_combined,0
0.8281001846781545,0.8954484321816278,0.65,0.6915422885572139,47981.49519477141,2,node+edge+subgraph+dynamic,145,18.03785519999656,240.36142989994187,betweenness,facebook_combined,1
0.8291855722038839,0.8998981356214965,0.675,0.7114427860696517,48533.74905327611,2,node+edge+subgraph+dynamic,145,18.03906830000051,240.36142989994187,betweenness,facebook_combined,2
0.8253123761727127,0.8920193276949785,0.625,0.6616915422885572,48899.8695672664,2,node+edge+subgraph+dynamic,145,17.91023789999599,240.36142989994187,betweenness,facebook_combined,3
0.8194127324048063,0.8860260350930523,0.7,0.6915422885572139,67071.70842891835,2,node+edge+subgraph+dynamic,145,18.194610400001693,240.36142989994187,betweenness,facebook_combined,4
0.816678192986666,0.8835543567571588,0.725,0.7064676616915423,47684.98093205047,2,node+edge+subgraph+dynamic,145,17.671807799997623,240.36142989994187,betweenness,facebook_combined,5
0.8289981831523796,0.8948547338110244,0.675,0.6965174129353234,50265.99655894658,2,node+edge+subgraph+dynamic,145,18.079881900004693,240.36142989994187,betweenness,facebook_combined,6
0.8221241025706639,0.8867152813470993,0.675,0.6865671641791045,49663.01240877392,2,node+edge+subgraph+dynamic,145,19.129789300000997,240.36142989994187,betweenness,facebook_combined,7
0.8301440213127353,0.8997842443620357,0.675,0.6865671641791045,48816.18375720109,2,node+edge+subgraph+dynamic,145,19.05154169999878,240.36142989994187,betweenness,facebook_combined,8
0.8158389785503762,0.8820635254596487,0.675,0.6417910447761194,75323.441685783,2,node+edge+subgraph+dynamic,145,18.06145529999776,240.36142989994187,betweenness,facebook_combined,9
0.8525091704755301,0.9104775473499424,0.7,0.6965174129353234,50719.44568170368,3,node+edge+subgraph,168,23.085710300001665,242.39248329991824,betweenness,facebook_combined,0
0.8497633766174404,0.9068227754331548,0.65,0.7114427860696517,48398.87754282942,3,node+edge+subgraph,168,23.71805889999814,242.39248329991824,betweenness,facebook_combined,1
0.851360919830759,0.9111937158270744,0.65,0.7512437810945274,48667.58351181645,3,node+edge+subgraph,168,23.178335399999924,242.39248329991824,betweenness,facebook_combined,2
0.8503016736846928,0.9079286788870672,0.625,0.7213930348258707,48335.55193512872,3,node+edge+subgraph,168,23.916712400001416,242.39248329991824,betweenness,facebook_combined,3
0.8464842901381708,0.9012859837670104,0.675,0.7313432835820896,68267.75034960952,3,node+edge+subgraph,168,24.33168819999992,242.39248329991824,betweenness,facebook_combined,4
0.8448318967324207,0.9024103440467788,0.725,0.7412935323383084,47634.79002140795,3,node+edge+subgraph,168,25.01668950000021,242.39248329991824,betweenness,facebook_combined,5
0.8558070463567042,0.9152739989113844,0.675,0.746268656716418,51624.44516260855,3,node+edge+subgraph,168,24.447956500000146,242.39248329991824,betweenness,facebook_combined,6
0.8505333300528775,0.9076431665027744,0.675,0.7164179104477612,49945.89455332617,3,node+edge+subgraph,168,24.15300910000224,242.39248329991824,betweenness,facebook_combined,7
0.8551875962440514,0.9146728857429728,0.675,0.736318407960199,49118.66362084613,3,node+edge+subgraph,168,24.37141879999399,242.39248329991824,betweenness,facebook_combined,8
0.8531686044675028,0.910259316102175,0.7,0.6965174129353234,75187.13629775598,3,node+edge+subgraph,168,24.384829499998887,242.39248329991824,betweenness,facebook_combined,9
0.8519606293237711,0.9108821976209858,0.675,0.6965174129353234,50036.132693684354,3,node+edge+subgraph+dynamic,170,27.096130900004937,242.39248329991824,betweenness,facebook_combined,0
0.8495950575218191,0.9064640325248536,0.65,0.7114427860696517,47993.780083526144,3,node+edge+subgraph+dynamic,170,24.9849635999999,242.39248329991824,betweenness,facebook_combined,1
0.8502190223017269,0.9104060509968286,0.675,0.7313432835820896,48814.86004328456,3,node+edge+subgraph+dynamic,170,23.990503699998957,242.39248329991824,betweenness,facebook_combined,2
0.8502734608028999,0.9087444488889848,0.625,0.7313432835820896,49175.7059802305,3,node+edge+subgraph+dynamic,170,23.305551299999934,242.39248329991824,betweenness,facebook_combined,3
0.8483625116295863,0.9040069438428976,0.725,0.7313432835820896,67926.13638462138,3,node+edge+subgraph+dynamic,170,23.63014779999503,242.39248329991824,betweenness,facebook_combined,4
0.846407457523615,0.9043059490215362,0.725,0.7263681592039801,46967.67774884684,3,node+edge+subgraph+dynamic,170,23.367020500001672,242.39248329991824,betweenness,facebook_combined,5
0.8543726694057926,0.9143827970680218,0.675,0.7412935323383084,50777.5854818086,3,node+edge+subgraph+dynamic,170,23.49969289999717,242.39248329991824,betweenness,facebook_combined,6
0.850275744421369,0.9072255772896248,0.7,0.7164179104477612,49477.71528604623,3,node+edge+subgraph+dynamic,170,23.612641300002,242.39248329991824,betweenness,facebook_combined,7
0.8586101288464759,0.9188657483618184,0.675,0.7263681592039801,48845.598780376415,3,node+edge+subgraph+dynamic,170,23.49667799999588,242.39248329991824,betweenness,facebook_combined,8
0.8532918522258193,0.9102295399713308,0.675,0.7014925373134329,75936.78862130205,3,node+edge+subgraph+dynamic,170,25.75820529999328,242.39248329991824,betweenness,facebook_combined,9
0.7362347976725486,0.8862962522333312,0.375,0.6318407960199005,0.0877527011787438,2,node+edge+subgraph,144,9.149464199996146,240.36142989994187,spread_resid,facebook_combined,0
0.7383858796149557,0.8879338394429553,0.325,0.6169154228855721,0.0878314709537909,2,node+edge+subgraph,144,9.049695900001096,240.36142989994187,spread_resid,facebook_combined,1
0.7347334594598092,0.88499031185276,0.325,0.6169154228855721,0.0883821677558093,2,node+edge+subgraph,144,9.31577350000589,240.36142989994187,spread_resid,facebook_combined,2
0.7366554820092278,0.8857421359444526,0.35,0.6218905472636815,0.0878423923628344,2,node+edge+subgraph,144,9.36957280000206,240.36142989994187,spread_resid,facebook_combined,3
0.738162887469225,0.887156270989625,0.325,0.6119402985074627,0.0878410414353087,2,node+edge+subgraph,144,9.568724400000065,240.36142989994187,spread_resid,facebook_combined,4
0.7398002016541183,0.8895166483908789,0.3,0.6368159203980099,0.0865746057798323,2,node+edge+subgraph,144,9.81104609999602,240.36142989994187,spread_resid,facebook_combined,5
0.7344112131791639,0.8838325233831061,0.35,0.6169154228855721,0.0879640035314686,2,node+edge+subgraph,144,9.171597000000476,240.36142989994187,spread_resid,facebook_combined,6
0.735270190396382,0.884574737340603,0.375,0.6368159203980099,0.0880831802911204,2,node+edge+subgraph,144,9.17663519999769,240.36142989994187,spread_resid,facebook_combined,7
0.7332840524956908,0.8817048665411069,0.375,0.6467661691542289,0.0885557790866743,2,node+edge+subgraph,144,9.275843299998089,240.36142989994187,spread_resid,facebook_combined,8
0.7367686241777393,0.8860935764940175,0.325,0.6318407960199005,0.0870505263528864,2,node+edge+subgraph,144,9.313824400000158,240.36142989994187,spread_resid,facebook_combined,9
0.7364182517460914,0.8866680452640299,0.375,0.6268656716417911,0.087530860192983,2,node+edge+subgraph+dynamic,145,10.29682380000304,240.36142989994187,spread_resid,facebook_combined,0
0.7379586371962086,0.8875444364154361,0.35,0.6169154228855721,0.0879673621023927,2,node+edge+subgraph+dynamic,145,11.32939709999482,240.36142989994187,spread_resid,facebook_combined,1
0.7350805018888127,0.885340107960657,0.325,0.6169154228855721,0.0883257098682795,2,node+edge+subgraph+dynamic,145,9.837498500004584,240.36142989994187,spread_resid,facebook_combined,2
0.7367332293284784,0.8857320415306204,0.35,0.6169154228855721,0.087935849254572,2,node+edge+subgraph+dynamic,145,9.54102889999922,240.36142989994187,spread_resid,facebook_combined,3
0.7377896020269582,0.886763379618671,0.325,0.6169154228855721,0.0877832870111952,2,node+edge+subgraph+dynamic,145,9.731569800002037,240.36142989994187,spread_resid,facebook_combined,4
0.7403606200278957,0.8898669216551386,0.3,0.6318407960199005,0.086385290963213,2,node+edge+subgraph+dynamic,145,9.664439200001652,240.36142989994187,spread_resid,facebook_combined,5
0.7343877458434767,0.8841690496682951,0.325,0.6218905472636815,0.0878506672899027,2,node+edge+subgraph+dynamic,145,9.39529620000394,240.36142989994187,spread_resid,facebook_combined,6
0.7355659736456325,0.8850191275779017,0.375,0.6368159203980099,0.0879592954399838,2,node+edge+subgraph+dynamic,145,9.78751049999846,240.36142989994187,spread_resid,facebook_combined,7
0.7324359446187214,0.8809834578842388,0.375,0.6467661691542289,0.0887340206744324,2,node+edge+subgraph+dynamic,145,10.71498750000319,240.36142989994187,spread_resid,facebook_combined,8
0.7362476926447331,0.8857055603173989,0.325,0.6368159203980099,0.0870823626600977,2,node+edge+subgraph+dynamic,145,9.808623999997508,240.36142989994187,spread_resid,facebook_combined,9
0.7380754698943913,0.887244942461489,0.35,0.6268656716417911,0.0872075338038756,3,node+edge+subgraph,168,11.323890399995436,242.39248329991824,spread_resid,facebook_combined,0
0.7394348554042679,0.8884288614696296,0.35,0.6268656716417911,0.0876642317583199,3,node+edge+subgraph,168,10.564044800004922,242.39248329991824,spread_resid,facebook_combined,1
0.7363990178593587,0.8861798797080995,0.3,0.6218905472636815,0.0880892165556863,3,node+edge+subgraph,168,10.743242799995642,242.39248329991824,spread_resid,facebook_combined,2
0.7377564527225263,0.8863348060855984,0.35,0.6218905472636815,0.0875469848044262,3,node+edge+subgraph,168,10.79721740000241,242.39248329991824,spread_resid,facebook_combined,3
0.7400513880641356,0.8882711789377551,0.325,0.6119402985074627,0.0873463654283477,3,node+edge+subgraph,168,10.635542199997872,242.39248329991824,spread_resid,facebook_combined,4
0.7399206241580679,0.889171278913345,0.25,0.6467661691542289,0.0864306810345538,3,node+edge+subgraph,168,10.666418699998758,242.39248329991824,spread_resid,facebook_combined,5
0.7355372782557797,0.8858177686580326,0.3,0.6169154228855721,0.0873422095939807,3,node+edge+subgraph,168,10.722382599997218,242.39248329991824,spread_resid,facebook_combined,6
0.736214930923839,0.8848572887747572,0.375,0.6417910447761194,0.0879647374200628,3,node+edge+subgraph,168,10.50238559999707,242.39248329991824,spread_resid,facebook_combined,7
0.7355264614948616,0.8829938614663775,0.35,0.6467661691542289,0.0884495091729959,3,node+edge+subgraph,168,10.892091500005336,242.39248329991824,spread_resid,facebook_combined,8
0.7371813961975362,0.8867038309517815,0.325,0.6467661691542289,0.0867536242266199,3,node+edge+subgraph,168,10.631179099997098,242.39248329991824,spread_resid,facebook_combined,9
0.7378488501564855,0.8872373727893821,0.325,0.6268656716417911,0.0872072760812668,3,node+edge+subgraph+dynamic,170,11.462155399996846,242.39248329991824,spread_resid,facebook_combined,0
0.7390054056481105,0.888067440768464,0.35,0.6268656716417911,0.08764904388131,3,node+edge+subgraph+dynamic,170,11.95864630000142,242.39248329991824,spread_resid,facebook_combined,1
0.7371213075790869,0.8869428204854609,0.325,0.6218905472636815,0.0879550656788203,3,node+edge+subgraph+dynamic,170,13.18968020000466,242.39248329991824,spread_resid,facebook_combined,2
0.7378378789370095,0.8865664110256946,0.35,0.6218905472636815,0.0874792274533699,3,node+edge+subgraph+dynamic,170,12.285914300002332,242.39248329991824,spread_resid,facebook_combined,3
0.7395719051208822,0.8880130832410751,0.325,0.6268656716417911,0.087261528199322,3,node+edge+subgraph+dynamic,170,11.533273400003964,242.39248329991824,spread_resid,facebook_combined,4
0.740053064386444,0.8889918455944319,0.25,0.6368159203980099,0.0864628776201123,3,node+edge+subgraph+dynamic,170,11.504000500004622,242.39248329991824,spread_resid,facebook_combined,5
0.7356500977372519,0.8855447465164442,0.3,0.6119402985074627,0.0874163720180922,3,node+edge+subgraph+dynamic,170,11.386046500003433,242.39248329991824,spread_resid,facebook_combined,6
0.7360935273513854,0.8847057123008941,0.35,0.6417910447761194,0.0879372488519245,3,node+edge+subgraph+dynamic,170,10.945359199999077,242.39248329991824,spread_resid,facebook_combined,7
0.7354852578733083,0.8829037564341761,0.35,0.6567164179104478,0.0884676512562272,3,node+edge+subgraph+dynamic,170,11.174817500002971,242.39248329991824,spread_resid,facebook_combined,8
0.737938022270664,0.8872603089392316,0.3,0.6467661691542289,0.0865669369092008,3,node+edge+subgraph+dynamic,170,12.50805930000206,242.39248329991824,spread_resid,facebook_combined,9
0.9451024797283474,0.9946528936885827,0.775,0.9850746268656716,1.6925358743457364,1,node+edge+subgraph,56,4.272928199992748,238.56896850002158,spread_mean,facebook_combined,0
0.9452843001039175,0.9947133561255755,0.8,0.9850746268656716,1.7937438749075116,1,node+edge+subgraph,56,4.159859100007452,238.56896850002158,spread_mean,facebook_combined,1
0.9451016455463083,0.9946682463749101,0.825,0.9850746268656716,1.6803374359288414,1,node+edge+subgraph,56,4.137877800007118,238.56896850002158,spread_mean,facebook_combined,2
0.945246470601194,0.9947544671386559,0.825,0.9850746268656716,1.7524984077725765,1,node+edge+subgraph,56,4.478882900002645,238.56896850002158,spread_mean,facebook_combined,3
0.9457250232429781,0.994736576535161,0.825,0.9850746268656716,1.8804664142567338,1,node+edge+subgraph,56,4.586531500011915,238.56896850002158,spread_mean,facebook_combined,4
0.9450861935534285,0.9946677546538797,0.825,0.9850746268656716,1.7916019797582268,1,node+edge+subgraph,56,5.232878199982224,238.56896850002158,spread_mean,facebook_combined,5
0.9451081896700578,0.9945995562542121,0.8,0.9850746268656716,1.701867084013723,1,node+edge+subgraph,56,4.771530700003495,238.56896850002158,spread_mean,facebook_combined,6
0.9445976605741906,0.9945592230394796,0.8,0.9850746268656716,1.9275771496488203,1,node+edge+subgraph,56,4.4412739999825135,238.56896850002158,spread_mean,facebook_combined,7
0.9464142645262483,0.9949296711579014,0.825,0.9850746268656716,1.7734612468033428,1,node+edge+subgraph,56,4.194078900007298,238.56896850002158,spread_mean,facebook_combined,8
0.9455794956337802,0.9947392235794514,0.825,0.9800995024875622,1.77023105867527,1,node+edge+subgraph,56,4.174694999994244,238.56896850002158,spread_mean,facebook_combined,9
0.9451024797283474,0.9946528936885827,0.775,0.9850746268656716,1.692535874345736,1,node+edge+subgraph+dynamic,56,4.347597499989206,238.56896850002158,spread_mean,facebook_combined,0
0.9452843001039175,0.9947133561255755,0.8,0.9850746268656716,1.7937438749075116,1,node+edge+subgraph+dynamic,56,4.211278700007824,238.56896850002158,spread_mean,facebook_combined,1
0.9451016455463083,0.9946682463749101,0.825,0.9850746268656716,1.6803374359288412,1,node+edge+subgraph+dynamic,56,4.545059299998684,238.56896850002158,spread_mean,facebook_combined,2
0.945246470601194,0.9947544671386559,0.825,0.9850746268656716,1.7524984077725767,1,node+edge+subgraph+dynamic,56,5.333248500013724,238.56896850002158,spread_mean,facebook_combined,3
0.9457250232429781,0.994736576535161,0.825,0.9850746268656716,1.8804664142567338,1,node+edge+subgraph+dynamic,56,5.08219950000057,238.56896850002158,spread_mean,facebook_combined,4
0.9450861935534285,0.9946677546538797,0.825,0.9850746268656716,1.7916019797582268,1,node+edge+subgraph+dynamic,56,5.055943900020793,238.56896850002158,spread_mean,facebook_combined,5
0.9451081896700578,0.9945995562542121,0.8,0.9850746268656716,1.7018670840137229,1,node+edge+subgraph+dynamic,56,5.106104700011201,238.56896850002158,spread_mean,facebook_combined,6
0.9445976605741906,0.9945592230394796,0.8,0.9850746268656716,1.9275771496488203,1,node+edge+subgraph+dynamic,56,5.175235000002431,238.56896850002158,spread_mean,facebook_combined,7
0.9464142645262483,0.9949296711579014,0.825,0.9850746268656716,1.7734612468033428,1,node+edge+subgraph+dynamic,56,5.028620100027183,238.56896850002158,spread_mean,facebook_combined,8
0.9455794956337802,0.9947392235794514,0.825,0.9800995024875622,1.77023105867527,1,node+edge+subgraph+dynamic,56,5.090082099981373,238.56896850002158,spread_mean,facebook_combined,9
0.8279201630557422,0.9432228875529066,0.65,0.9104477611940298,0.3315433199058674,1,node+edge+subgraph,56,4.669974999997066,238.56896850002158,spread_cv,facebook_combined,0
0.8281273807420988,0.9439533805853173,0.625,0.9203980099502488,0.33114599910119424,1,node+edge+subgraph,56,4.569426100002602,238.56896850002158,spread_cv,facebook_combined,1
0.8246971773094878,0.9408168703911977,0.55,0.9154228855721394,0.33811793850182226,1,node+edge+subgraph,56,4.701318000006722,238.56896850002158,spread_cv,facebook_combined,2
0.8258239923026157,0.9422895474241734,0.6,0.9104477611940298,0.3343606555586333,1,node+edge+subgraph,56,4.717201399995247,238.56896850002158,spread_cv,facebook_combined,3
0.82702878660682,0.9430244115049239,0.6,0.9104477611940298,0.33284721152563224,1,node+edge+subgraph,56,4.619697799993446,238.56896850002158,spread_cv,facebook_combined,4
0.829588596222068,0.9444788374319585,0.6,0.9154228855721394,0.3313481870604228,1,node+edge+subgraph,56,4.717752800002927,238.56896850002158,spread_cv,facebook_combined,5
0.8269929199792795,0.9430103155420766,0.525,0.9104477611940298,0.33519527298377777,1,node+edge+subgraph,56,4.610557100008009,238.56896850002158,spread_cv,facebook_combined,6
0.827221009679606,0.9419920322642076,0.6,0.9154228855721394,0.3360624564514992,1,node+edge+subgraph,56,4.581651999993483,238.56896850002158,spread_cv,facebook_combined,7
0.8269105558280669,0.941661249920378,0.65,0.9104477611940298,0.33704421465876616,1,node+edge+subgraph,56,4.715553500020178,238.56896850002158,spread_cv,facebook_combined,8
0.8284864800964805,0.9439790287767403,0.65,0.9054726368159204,0.33109760749167894,1,node+edge+subgraph,56,4.67508899999666,238.56896850002158,spread_cv,facebook_combined,9
0.8279201630557422,0.9432228875529066,0.65,0.9104477611940298,0.33154331990586744,1,node+edge+subgraph+dynamic,56,4.691564600012498,238.56896850002158,spread_cv,facebook_combined,0
0.8281273807420988,0.9439533805853173,0.625,0.9203980099502488,0.33114599910119424,1,node+edge+subgraph+dynamic,56,4.578778399998555,238.56896850002158,spread_cv,facebook_combined,1
0.8246971773094878,0.9408168703911977,0.55,0.9154228855721394,0.33811793850182226,1,node+edge+subgraph+dynamic,56,4.665295200014953,238.56896850002158,spread_cv,facebook_combined,2
0.8258239923026157,0.9422895474241734,0.6,0.9104477611940298,0.3343606555586333,1,node+edge+subgraph+dynamic,56,4.650551600003382,238.56896850002158,spread_cv,facebook_combined,3
0.82702878660682,0.9430244115049239,0.6,0.9104477611940298,0.33284721152563224,1,node+edge+subgraph+dynamic,56,4.623289600014687,238.56896850002158,spread_cv,facebook_combined,4
0.829588596222068,0.9444788374319585,0.6,0.9154228855721394,0.3313481870604228,1,node+edge+subgraph+dynamic,56,4.748947899992345,238.56896850002158,spread_cv,facebook_combined,5
0.8269929199792795,0.9430103155420766,0.525,0.9104477611940298,0.33519527298377777,1,node+edge+subgraph+dynamic,56,4.692795300012222,238.56896850002158,spread_cv,facebook_combined,6
0.827221009679606,0.9419920322642076,0.6,0.9154228855721394,0.3360624564514992,1,node+edge+subgraph+dynamic,56,4.5855804000166245,238.56896850002158,spread_cv,facebook_combined,7
0.8269105558280669,0.941661249920378,0.65,0.9104477611940298,0.33704421465876616,1,node+edge+subgraph+dynamic,56,4.6507177999883424,238.56896850002158,spread_cv,facebook_combined,8
0.8284864800964805,0.9439790287767403,0.65,0.9054726368159204,0.33109760749167894,1,node+edge+subgraph+dynamic,56,4.5618091999785975,238.56896850002158,spread_cv,facebook_combined,9
0.7164394347209289,0.8721398590142555,0.35,0.6019900497512438,0.09258267630151096,1,node+edge+subgraph,56,4.732874400011497,238.56896850002158,spread_resid,facebook_combined,0
0.7195940901974981,0.8741241730430181,0.3,0.5870646766169154,0.09287048516774557,1,node+edge+subgraph,56,4.778959599992959,238.56896850002158,spread_resid,facebook_combined,1
0.7190380766943414,0.8739077434893441,0.3,0.5771144278606966,0.09291957740835151,1,node+edge+subgraph,56,4.849469999986468,238.56896850002158,spread_resid,facebook_combined,2
0.7204542946219369,0.8735980846612568,0.325,0.582089552238806,0.0927814197621148,1,node+edge+subgraph,56,4.812744900002144,238.56896850002158,spread_resid,facebook_combined,3
0.7187286758038879,0.872505858074174,0.3,0.582089552238806,0.09271859016308297,1,node+edge+subgraph,56,4.693544199981261,238.56896850002158,spread_resid,facebook_combined,4
0.7205162569800987,0.8748488394048435,0.25,0.5920398009950248,0.09209103921081109,1,node+edge+subgraph,56,4.800440899998648,238.56896850002158,spread_resid,facebook_combined,5
0.7157617490024822,0.8698881010577326,0.3,0.6119402985074627,0.09324574659274815,1,node+edge+subgraph,56,4.913696399977198,238.56896850002158,spread_resid,facebook_combined,6
0.7146166310549029,0.868479501607135,0.35,0.5970149253731343,0.09403537780329196,1,node+edge+subgraph,56,4.930509199999506,238.56896850002158,spread_resid,facebook_combined,7
0.7123286730523503,0.8655554447398086,0.325,0.6019900497512438,0.09419618423380992,1,node+edge+subgraph,56,4.875979899981758,238.56896850002158,spread_resid,facebook_combined,8
0.7198320608764021,0.8744629967385052,0.325,0.5970149253731343,0.0919158620931708,1,node+edge+subgraph,56,4.971858000004431,238.56896850002158,spread_resid,facebook_combined,9
0.7164394347209289,0.8721398590142555,0.35,0.6019900497512438,0.09258267630151096,1,node+edge+subgraph+dynamic,56,4.8700809000001755,238.56896850002158,spread_resid,facebook_combined,0
0.7195940901974981,0.8741241730430181,0.3,0.5870646766169154,0.09287048516774557,1,node+edge+subgraph+dynamic,56,4.773114099982195,238.56896850002158,spread_resid,facebook_combined,1
0.7190380766943414,0.8739077434893441,0.3,0.5771144278606966,0.09291957740835151,1,node+edge+subgraph+dynamic,56,4.886939799995162,238.56896850002158,spread_resid,facebook_combined,2
0.7204542946219369,0.8735980846612568,0.325,0.582089552238806,0.0927814197621148,1,node+edge+subgraph+dynamic,56,4.8617069000029005,238.56896850002158,spread_resid,facebook_combined,3
0.7187286758038879,0.872505858074174,0.3,0.582089552238806,0.09271859016308297,1,node+edge+subgraph+dynamic,56,4.7280282999854535,238.56896850002158,spread_resid,facebook_combined,4
0.7205162569800987,0.8748488394048435,0.25,0.5920398009950248,0.09209103921081109,1,node+edge+subgraph+dynamic,56,4.795594800001709,238.56896850002158,spread_resid,facebook_combined,5
0.7157617490024822,0.8698881010577326,0.3,0.6119402985074627,0.09324574659274816,1,node+edge+subgraph+dynamic,56,4.837284600012936,238.56896850002158,spread_resid,facebook_combined,6
0.7146166310549029,0.868479501607135,0.35,0.5970149253731343,0.09403537780329196,1,node+edge+subgraph+dynamic,56,4.619744499999797,238.56896850002158,spread_resid,facebook_combined,7
0.7123286730523503,0.8655554447398086,0.325,0.6019900497512438,0.09419618423380992,1,node+edge+subgraph+dynamic,56,4.6978174000105355,238.56896850002158,spread_resid,facebook_combined,8
0.7198320608764021,0.8744629967385052,0.325,0.5970149253731343,0.0919158620931708,1,node+edge+subgraph+dynamic,56,4.88428960001329,238.56896850002158,spread_resid,facebook_combined,9
0.62507431344639,0.7762281022156072,0.55,0.4427860696517413,51703.74481172304,1,node+edge+subgraph,56,7.784687899984419,238.56896850002158,betweenness,facebook_combined,0
0.6336194326251792,0.7860959824405788,0.55,0.472636815920398,49585.805940996965,1,node+edge+subgraph,56,7.715985000017099,238.56896850002158,betweenness,facebook_combined,1
0.6309053274342392,0.7819522772314648,0.55,0.43283582089552236,50850.951844834985,1,node+edge+subgraph,56,7.62683520000428,238.56896850002158,betweenness,facebook_combined,2
0.632428754885922,0.7842999485786922,0.55,0.4427860696517413,48567.03554084808,1,node+edge+subgraph,56,7.589119499985827,238.56896850002158,betweenness,facebook_combined,3
0.6337073919251229,0.7853755642226475,0.55,0.472636815920398,70280.08912172246,1,node+edge+subgraph,56,6.635362900007749,238.56896850002158,betweenness,facebook_combined,4
0.634437283708531,0.7847344817105611,0.575,0.4577114427860697,49343.94385372914,1,node+edge+subgraph,56,7.324409499997273,238.56896850002158,betweenness,facebook_combined,5
0.617728448873271,0.766625736054788,0.575,0.43283582089552236,49722.70721777296,1,node+edge+subgraph,56,8.077178600011393,238.56896850002158,betweenness,facebook_combined,6
0.6302336166756056,0.7790014697346662,0.575,0.4427860696517413,51075.69663021323,1,node+edge+subgraph,56,7.891335099993739,238.56896850002158,betweenness,facebook_combined,7
0.6300458194764806,0.7811994730289129,0.55,0.43283582089552236,51123.06871721695,1,node+edge+subgraph,56,8.205172799993306,238.56896850002158,betweenness,facebook_combined,8
0.6291663373105658,0.7794662068630386,0.5,0.44776119402985076,79503.90493088453,1,node+edge+subgraph,56,8.979520199995022,238.56896850002158,betweenness,facebook_combined,9
0.62507431344639,0.7762281022156072,0.55,0.4427860696517413,51703.744811723045,1,node+edge+subgraph+dynamic,56,7.8719541000027675,238.56896850002158,betweenness,facebook_combined,0
0.6336194326251792,0.7860959824405788,0.55,0.472636815920398,49585.805940996965,1,node+edge+subgraph+dynamic,56,7.599246800004039,238.56896850002158,betweenness,facebook_combined,1
0.6309053274342392,0.7819522772314648,0.55,0.43283582089552236,50850.951844834985,1,node+edge+subgraph+dynamic,56,6.3260559999907855,238.56896850002158,betweenness,facebook_combined,2
0.632428754885922,0.7842999485786922,0.55,0.4427860696517413,48567.03554084808,1,node+edge+subgraph+dynamic,56,7.416275499999756,238.56896850002158,betweenness,facebook_combined,3
0.6337073919251229,0.7853755642226475,0.55,0.472636815920398,70280.08912172244,1,node+edge+subgraph+dynamic,56,8.274234199983766,238.56896850002158,betweenness,facebook_combined,4
0.634437283708531,0.7847344817105611,0.575,0.4577114427860697,49343.94385372915,1,node+edge+subgraph+dynamic,56,8.028223600005731,238.56896850002158,betweenness,facebook_combined,5
0.617728448873271,0.766625736054788,0.575,0.43283582089552236,49722.70721777296,1,node+edge+subgraph+dynamic,56,8.188291800004663,238.56896850002158,betweenness,facebook_combined,6
0.6302336166756056,0.7790014697346662,0.575,0.4427860696517413,51075.69663021323,1,node+edge+subgraph+dynamic,56,8.193047999986447,238.56896850002158,betweenness,facebook_combined,7
0.6300458194764806,0.7811994730289129,0.55,0.43283582089552236,51123.06871721696,1,node+edge+subgraph+dynamic,56,7.706484800000908,238.56896850002158,betweenness,facebook_combined,8
0.6291663373105658,0.7794662068630386,0.5,0.44776119402985076,79503.90493088453,1,node+edge+subgraph+dynamic,56,7.512124000000767,238.56896850002158,betweenness,facebook_combined,9
