kendall_tau,spearman,precision_at_1pct,precision_at_5pct,rmse,radius,richness,n_features,fit_seconds,feature_seconds,target,network,seed
0.8612077161020582,0.9737870132823992,0.7777777777777778,0.8571428571428571,7.795003303476292,0,node,2,0.6343077999999878,2.560000029916409e-05,spread_mean,email-Eu-core,0
0.8620234598616295,0.9740762719197208,0.7777777777777778,0.8571428571428571,7.816423177260424,0,node,2,0.6097546999999395,2.560000029916409e-05,spread_mean,email-Eu-core,1
0.862134509195151,0.9742950499354774,0.7777777777777778,0.8571428571428571,7.815596898982023,0,node,2,0.6712846000000354,2.560000029916409e-05,spread_mean,email-Eu-core,2
0.8609569609433944,0.9738478567500368,0.7777777777777778,0.8571428571428571,7.952083517055742,0,node,2,0.6750793000001067,2.560000029916409e-05,spread_mean,email-Eu-core,3
0.8631933602266723,0.9746456217988372,0.7777777777777778,0.8571428571428571,7.689234110917222,0,node,2,0.6589067999993858,2.560000029916409e-05,spread_mean,email-Eu-core,4
0.860949065452639,0.9738084368593334,0.7777777777777778,0.8367346938775511,7.934836789065622,0,node,2,0.6186426000003848,2.560000029916409e-05,spread_mean,email-Eu-core,5
0.8629912741745863,0.974301544697286,0.7777777777777778,0.8367346938775511,7.7513370197204114,0,node,2,0.6287872000002608,2.560000029916409e-05,spread_mean,email-Eu-core,6
0.8612367803937284,0.9737443649631464,0.7777777777777778,0.8367346938775511,7.804334129890463,0,node,2,0.6131016999997883,2.560000029916409e-05,spread_mean,email-Eu-core,7
0.8603051615376187,0.9736854748793812,0.7777777777777778,0.8775510204081632,7.918380438874053,0,node,2,0.6210272000007535,2.560000029916409e-05,spread_mean,email-Eu-core,8
0.8639410766337344,0.9746239046452874,0.7777777777777778,0.8367346938775511,7.712373148756435,0,node,2,0.6279617000000144,2.560000029916409e-05,spread_mean,email-Eu-core,9
0.8612077161020582,0.9737870132823992,0.7777777777777778,0.8571428571428571,7.795003303476292,0,node+edge,2,0.6311071999998603,2.560000029916409e-05,spread_mean,email-Eu-core,0
0.8620234598616295,0.9740762719197208,0.7777777777777778,0.8571428571428571,7.816423177260424,0,node+edge,2,0.638386000000537,2.560000029916409e-05,spread_mean,email-Eu-core,1
0.862134509195151,0.9742950499354774,0.7777777777777778,0.8571428571428571,7.815596898982022,0,node+edge,2,0.6142534999999043,2.560000029916409e-05,spread_mean,email-Eu-core,2
0.8609569609433944,0.9738478567500368,0.7777777777777778,0.8571428571428571,7.952083517055742,0,node+edge,2,0.6367908000001989,2.560000029916409e-05,spread_mean,email-Eu-core,3
0.8631933602266723,0.9746456217988372,0.7777777777777778,0.8571428571428571,7.689234110917222,0,node+edge,2,0.6363151000005018,2.560000029916409e-05,spread_mean,email-Eu-core,4
0.860949065452639,0.9738084368593334,0.7777777777777778,0.8367346938775511,7.934836789065622,0,node+edge,2,0.6612671999992017,2.560000029916409e-05,spread_mean,email-Eu-core,5
0.8629912741745863,0.974301544697286,0.7777777777777778,0.8367346938775511,7.7513370197204114,0,node+edge,2,0.6448835000001054,2.560000029916409e-05,spread_mean,email-Eu-core,6
0.8612367803937284,0.9737443649631464,0.7777777777777778,0.8367346938775511,7.804334129890462,0,node+edge,2,0.6606228999999075,2.560000029916409e-05,spread_mean,email-Eu-core,7
0.8603051615376187,0.9736854748793812,0.7777777777777778,0.8775510204081632,7.918380438874053,0,node+edge,2,0.6837599999998929,2.560000029916409e-05,spread_mean,email-Eu-core,8
0.8639410766337344,0.9746239046452874,0.7777777777777778,0.8367346938775511,7.712373148756436,0,node+edge,2,0.7284295999997994,2.560000029916409e-05,spread_mean,email-Eu-core,9
0.8612077161020582,0.9737870132823992,0.7777777777777778,0.8571428571428571,7.795003303476292,0,node+edge+subgraph,2,0.6758893000005628,2.560000029916409e-05,spread_mean,email-Eu-core,0
0.8620234598616295,0.9740762719197208,0.7777777777777778,0.8571428571428571,7.816423177260424,0,node+edge+subgraph,2,0.6364251000004515,2.560000029916409e-05,spread_mean,email-Eu-core,1
0.862134509195151,0.9742950499354774,0.7777777777777778,0.8571428571428571,7.815596898982023,0,node+edge+subgraph,2,0.6310585000001083,2.560000029916409e-05,spread_mean,email-Eu-core,2
0.8609569609433944,0.9738478567500368,0.7777777777777778,0.8571428571428571,7.952083517055742,0,node+edge+subgraph,2,0.6362907000002451,2.560000029916409e-05,spread_mean,email-Eu-core,3
0.8631933602266723,0.9746456217988372,0.7777777777777778,0.8571428571428571,7.689234110917222,0,node+edge+subgraph,2,0.6285594999999375,2.560000029916409e-05,spread_mean,email-Eu-core,4
0.860949065452639,0.9738084368593334,0.7777777777777778,0.8367346938775511,7.934836789065623,0,node+edge+subgraph,2,0.6006311999999525,2.560000029916409e-05,spread_mean,email-Eu-core,5
0.8629912741745863,0.974301544697286,0.7777777777777778,0.8367346938775511,7.7513370197204114,0,node+edge+subgraph,2,0.6189099000002898,2.560000029916409e-05,spread_mean,email-Eu-core,6
0.8612367803937284,0.9737443649631464,0.7777777777777778,0.8367346938775511,7.804334129890462,0,node+edge+subgraph,2,0.6034429999999702,2.560000029916409e-05,spread_mean,email-Eu-core,7
0.8603051615376187,0.9736854748793812,0.7777777777777778,0.8775510204081632,7.918380438874053,0,node+edge+subgraph,2,0.6276868999993894,2.560000029916409e-05,spread_mean,email-Eu-core,8
0.8639410766337344,0.9746239046452874,0.7777777777777778,0.8367346938775511,7.712373148756436,0,node+edge+subgraph,2,0.6293022999998357,2.560000029916409e-05,spread_mean,email-Eu-core,9
0.8612077161020582,0.9737870132823992,0.7777777777777778,0.8571428571428571,7.795003303476292,0,node+edge+subgraph+dynamic,2,0.6380024999998568,2.560000029916409e-05,spread_mean,email-Eu-core,0
0.8620234598616295,0.9740762719197208,0.7777777777777778,0.8571428571428571,7.816423177260424,0,node+edge+subgraph+dynamic,2,0.6394788999996308,2.560000029916409e-05,spread_mean,email-Eu-core,1
0.862134509195151,0.9742950499354774,0.7777777777777778,0.8571428571428571,7.815596898982022,0,node+edge+subgraph+dynamic,2,0.662657500000023,2.560000029916409e-05,spread_mean,email-Eu-core,2
0.8609569609433944,0.9738478567500368,0.7777777777777778,0.8571428571428571,7.952083517055741,0,node+edge+subgraph+dynamic,2,0.6139823000003162,2.560000029916409e-05,spread_mean,email-Eu-core,3
0.8631933602266723,0.9746456217988372,0.7777777777777778,0.8571428571428571,7.689234110917222,0,node+edge+subgraph+dynamic,2,0.6309724000002461,2.560000029916409e-05,spread_mean,email-Eu-core,4
0.860949065452639,0.9738084368593334,0.7777777777777778,0.8367346938775511,7.934836789065622,0,node+edge+subgraph+dynamic,2,0.6635082000002512,2.560000029916409e-05,spread_mean,email-Eu-core,5
0.8629912741745863,0.974301544697286,0.7777777777777778,0.8367346938775511,7.751337019720412,0,node+edge+subgraph+dynamic,2,0.6502122000001691,2.560000029916409e-05,spread_mean,email-Eu-core,6
0.8612367803937284,0.9737443649631464,0.7777777777777778,0.8367346938775511,7.804334129890462,0,node+edge+subgraph+dynamic,2,0.6625170999996044,2.560000029916409e-05,spread_mean,email-Eu-core,7
0.8603051615376187,0.9736854748793812,0.7777777777777778,0.8775510204081632,7.918380438874053,0,node+edge+subgraph+dynamic,2,0.6619416000003184,2.560000029916409e-05,spread_mean,email-Eu-core,8
0.8639410766337344,0.9746239046452874,0.7777777777777778,0.8367346938775511,7.712373148756435,0,node+edge+subgraph+dynamic,2,0.6427679999997054,2.560000029916409e-05,spread_mean,email-Eu-core,9
0.9566896177198442,0.9973687288997226,0.8888888888888888,0.9387755102040816,2.299495047342349,1,node,17,0.6697176999996373,0.1823748999986492,spread_mean,email-Eu-core,0
0.9563671110988164,0.9973092567591384,0.8888888888888888,0.9387755102040816,2.390541074831983,1,node,17,0.6705249999995431,0.1823748999986492,spread_mean,email-Eu-core,1
0.9567913311825924,0.9973603352216264,0.8888888888888888,0.9591836734693876,2.2707171827254955,1,node,17,0.6719317000006413,0.1823748999986492,spread_mean,email-Eu-core,2
0.9565997250039916,0.9973466587688126,0.8888888888888888,0.9591836734693876,2.270909646028594,1,node,17,0.7217951000002358,0.1823748999986492,spread_mean,email-Eu-core,3
0.9569179350663012,0.9973689823409332,0.8888888888888888,0.9591836734693876,2.270519188583996,1,node,17,0.669506299999739,0.1823748999986492,spread_mean,email-Eu-core,4
0.95584601204085,0.9972432155960524,0.8888888888888888,0.9591836734693876,2.325125679518972,1,node,17,0.6684393000005002,0.1823748999986492,spread_mean,email-Eu-core,5
0.9568756745588032,0.9973657556991304,0.8888888888888888,0.9591836734693876,2.286797351152511,1,node,17,0.671687799999745,0.1823748999986492,spread_mean,email-Eu-core,6
0.9564000602315368,0.9973182857081868,0.8888888888888888,0.9591836734693876,2.272886629069773,1,node,17,0.6758237999993071,0.1823748999986492,spread_mean,email-Eu-core,7
0.9558481622584688,0.9972615864561672,0.8888888888888888,0.9591836734693876,2.317803792147594,1,node,17,0.6821687999999995,0.1823748999986492,spread_mean,email-Eu-core,8
0.9564858356036792,0.9973436168822986,0.8888888888888888,0.9387755102040816,2.258801286289349,1,node,17,0.6809649000006175,0.1823748999986492,spread_mean,email-Eu-core,9
0.9573331960786068,0.9973888053907504,0.8888888888888888,0.979591836734694,2.2381417175563736,1,node+edge,38,0.7672501000006378,0.3572692999987339,spread_mean,email-Eu-core,0
0.9568563330195692,0.997344111328283,0.8888888888888888,0.979591836734694,2.3560291574280234,1,node+edge,38,0.7567487999995137,0.3572692999987339,spread_mean,email-Eu-core,1
0.9568036871073624,0.997324100533728,1.0,0.9591836734693876,2.2696523276607343,1,node+edge,38,0.7486660999993546,0.3572692999987339,spread_mean,email-Eu-core,2
0.9568180134577978,0.9973381712515548,0.8888888888888888,0.9591836734693876,2.2584027829959816,1,node+edge,38,0.7484832999998616,0.3572692999987339,spread_mean,email-Eu-core,3
0.9570549242443562,0.997361280365498,0.8888888888888888,0.979591836734694,2.2412248447593592,1,node+edge,38,0.7462714000002961,0.3572692999987339,spread_mean,email-Eu-core,4
0.9564978331915466,0.9972825955563712,0.8888888888888888,0.979591836734694,2.2306078939897827,1,node+edge,38,0.7589934999996331,0.3572692999987339,spread_mean,email-Eu-core,5
0.956973448211922,0.9973290452927333,1.0,0.979591836734694,2.256068708086393,1,node+edge,38,0.7632219999995868,0.3572692999987339,spread_mean,email-Eu-core,6
0.9567069881578236,0.9973403651702902,0.8888888888888888,0.979591836734694,2.218493408404045,1,node+edge,38,0.8024884000005841,0.3572692999987339,spread_mean,email-Eu-core,7
0.9565452870774924,0.9973211211398016,0.8888888888888888,1.0,2.2836774538031195,1,node+edge,38,0.7682180000001608,0.3572692999987339,spread_mean,email-Eu-core,8
0.9569954695547076,0.9973552058398124,0.8888888888888888,0.979591836734694,2.2198016159699616,1,node+edge,38,0.7390477000008104,0.3572692999987339,spread_mean,email-Eu-core,9
0.9592114530087408,0.9976119970725328,0.8888888888888888,0.9591836734693876,2.1925714771179075,2,node,35,0.7750930000001972,0.4526431999884153,spread_mean,email-Eu-core,0
0.958845969702012,0.9975729926838828,0.8888888888888888,0.9591836734693876,2.2839425068771977,2,node,35,0.764766100000088,0.4526431999884153,spread_mean,email-Eu-core,1
0.9599855848760612,0.9976900308730304,0.8888888888888888,0.9591836734693876,2.150538608063063,2,node,35,0.7719722000001639,0.4526431999884153,spread_mean,email-Eu-core,2
0.9594431659685086,0.997652372247654,0.8888888888888888,0.979591836734694,2.150154415750902,2,node,35,0.7794597000001886,0.4526431999884153,spread_mean,email-Eu-core,3
0.9593112033700544,0.9976228724635944,0.8888888888888888,0.9591836734693876,2.1809100156004555,2,node,35,0.7678572999993776,0.4526431999884153,spread_mean,email-Eu-core,4
0.958844728203864,0.9975746857678364,0.8888888888888888,0.9591836734693876,2.193413132161557,2,node,35,0.7650016999996296,0.4526431999884153,spread_mean,email-Eu-core,5
0.9596981869381636,0.9976413528055678,0.8888888888888888,0.9591836734693876,2.1576678731997467,2,node,35,0.93592979999994,0.4526431999884153,spread_mean,email-Eu-core,6
0.959531632431479,0.9976419067991592,0.8888888888888888,0.9591836734693876,2.170773090772708,2,node,35,0.8938443000006373,0.4526431999884153,spread_mean,email-Eu-core,7
0.9588644186769822,0.9975829604860836,0.8888888888888888,0.9591836734693876,2.2083699016140703,2,node,35,0.8924412999995184,0.4526431999884153,spread_mean,email-Eu-core,8
0.9597232304245208,0.9976876680495864,0.8888888888888888,0.9387755102040816,2.1419585117200373,2,node,35,0.7577731999999742,0.4526431999884153,spread_mean,email-Eu-core,9
0.9616908497163535,0.9979328640170484,0.8888888888888888,0.9591836734693876,2.0940862669031666,3,node,45,0.8768951000001834,0.8314504000063607,spread_mean,email-Eu-core,0
0.961350075426356,0.9978911618989612,0.8888888888888888,0.9591836734693876,2.192691771133353,3,node,45,0.8777862999995705,0.8314504000063607,spread_mean,email-Eu-core,1
0.9619419275449906,0.9979317811442427,0.8888888888888888,0.9591836734693876,2.078232427225747,3,node,45,1.0169436999995014,0.8314504000063607,spread_mean,email-Eu-core,2
0.9630840038966668,0.998066257618638,0.8888888888888888,0.979591836734694,2.0275718647670766,3,node,45,1.0267244999995455,0.8314504000063607,spread_mean,email-Eu-core,3
0.9621736386435684,0.997989920015825,0.8888888888888888,0.9591836734693876,2.051637658731251,3,node,45,0.954397099999369,0.8314504000063607,spread_mean,email-Eu-core,4
0.9612211697195956,0.9978569395215598,0.8888888888888888,0.9591836734693876,2.096150591077207,3,node,45,0.8790355000001,0.8314504000063607,spread_mean,email-Eu-core,5
0.961815162176073,0.9979277126182808,0.8888888888888888,0.9591836734693876,2.0559809252269416,3,node,45,0.813523200000418,0.8314504000063607,spread_mean,email-Eu-core,6
0.9620233875022852,0.9979475888508994,0.8888888888888888,0.9591836734693876,2.0679049111731063,3,node,45,0.822993900000256,0.8314504000063607,spread_mean,email-Eu-core,7
0.9613891225751708,0.9979112571395214,0.8888888888888888,0.9591836734693876,2.117941907420476,3,node,45,0.8170498999998017,0.8314504000063607,spread_mean,email-Eu-core,8
0.9619678646675596,0.9979650959320212,0.8888888888888888,0.9387755102040816,2.049988605548642,3,node,45,0.8204972999992606,0.8314504000063607,spread_mean,email-Eu-core,9
0.8562848573727373,0.9695883154954928,0.1111111111111111,0.4285714285714285,0.4862949289049852,0,node,2,0.6631786999996621,2.560000029916409e-05,spread_cv,email-Eu-core,0
0.8563574267901045,0.9695698455433304,0.1111111111111111,0.4081632653061224,0.490144798445758,0,node,2,0.6773035999995045,2.560000029916409e-05,spread_cv,email-Eu-core,1
0.8569929802535562,0.969729160084191,0.0,0.4081632653061224,0.4869375750370754,0,node,2,0.6530293999994683,2.560000029916409e-05,spread_cv,email-Eu-core,2
0.856978985958802,0.9697296002535236,0.0,0.5102040816326531,0.4870197052085734,0,node,2,0.7121914999997898,2.560000029916409e-05,spread_cv,email-Eu-core,3
0.8578811128622769,0.9700533527324228,0.1111111111111111,0.4489795918367347,0.4825116465355283,0,node,2,0.6602532999995674,2.560000029916409e-05,spread_cv,email-Eu-core,4
0.8566864475218895,0.9697919257623188,0.0,0.3877551020408163,0.4856903113099637,0,node,2,0.6442038000004686,2.560000029916409e-05,spread_cv,email-Eu-core,5
0.8563762385151441,0.9693877587026783,0.2222222222222222,0.4285714285714285,0.4871253597027526,0,node,2,0.6258791999998721,2.560000029916409e-05,spread_cv,email-Eu-core,6
0.8539445600562703,0.9688165031564118,0.0,0.2857142857142857,0.4904695584853364,0,node,2,0.6951024999998481,2.560000029916409e-05,spread_cv,email-Eu-core,7
0.8545937619527963,0.9690546466946738,0.1111111111111111,0.3265306122448979,0.4900052564975815,0,node,2,0.6223924999994779,2.560000029916409e-05,spread_cv,email-Eu-core,8
0.8571564240480509,0.9697989662488136,0.0,0.4285714285714285,0.4860802851692272,0,node,2,0.604722000000038,2.560000029916409e-05,spread_cv,email-Eu-core,9
0.8562848573727373,0.9695883154954928,0.1111111111111111,0.4285714285714285,0.4862949289049852,0,node+edge,2,0.6096723999999085,2.560000029916409e-05,spread_cv,email-Eu-core,0
0.8563574267901045,0.9695698455433304,0.1111111111111111,0.4081632653061224,0.4901447984457581,0,node+edge,2,0.6089405999991868,2.560000029916409e-05,spread_cv,email-Eu-core,1
0.8569929802535562,0.969729160084191,0.0,0.4081632653061224,0.4869375750370754,0,node+edge,2,0.5990454000002501,2.560000029916409e-05,spread_cv,email-Eu-core,2
0.856978985958802,0.9697296002535236,0.0,0.5102040816326531,0.4870197052085734,0,node+edge,2,0.6123866999996608,2.560000029916409e-05,spread_cv,email-Eu-core,3
0.8578811128622769,0.9700533527324228,0.1111111111111111,0.4489795918367347,0.4825116465355283,0,node+edge,2,0.6362851999992927,2.560000029916409e-05,spread_cv,email-Eu-core,4
0.8566864475218895,0.9697919257623188,0.0,0.3877551020408163,0.4856903113099637,0,node+edge,2,0.6165864000004149,2.560000029916409e-05,spread_cv,email-Eu-core,5
0.8563762385151441,0.9693877587026783,0.2222222222222222,0.4285714285714285,0.4871253597027526,0,node+edge,2,0.6299055999998018,2.560000029916409e-05,spread_cv,email-Eu-core,6
0.8539445600562703,0.9688165031564118,0.0,0.2857142857142857,0.4904695584853364,0,node+edge,2,0.6108279000000039,2.560000029916409e-05,spread_cv,email-Eu-core,7
0.8545937619527963,0.9690546466946738,0.1111111111111111,0.3265306122448979,0.4900052564975816,0,node+edge,2,0.6023667999997997,2.560000029916409e-05,spread_cv,email-Eu-core,8
0.8571564240480509,0.9697989662488136,0.0,0.4285714285714285,0.4860802851692272,0,node+edge,2,0.6188083999995797,2.560000029916409e-05,spread_cv,email-Eu-core,9
0.8562848573727373,0.9695883154954928,0.1111111111111111,0.4285714285714285,0.4862949289049852,0,node+edge+subgraph,2,0.6272473999997601,2.560000029916409e-05,spread_cv,email-Eu-core,0
0.8563574267901045,0.9695698455433304,0.1111111111111111,0.4081632653061224,0.4901447984457581,0,node+edge+subgraph,2,0.6831333000000086,2.560000029916409e-05,spread_cv,email-Eu-core,1
0.8569929802535562,0.969729160084191,0.0,0.4081632653061224,0.4869375750370754,0,node+edge+subgraph,2,0.6289280000000872,2.560000029916409e-05,spread_cv,email-Eu-core,2
0.856978985958802,0.9697296002535236,0.0,0.5102040816326531,0.4870197052085734,0,node+edge+subgraph,2,0.6206828000003952,2.560000029916409e-05,spread_cv,email-Eu-core,3
0.8578811128622769,0.9700533527324228,0.1111111111111111,0.4489795918367347,0.4825116465355283,0,node+edge+subgraph,2,0.6143981999994139,2.560000029916409e-05,spread_cv,email-Eu-core,4
0.8566864475218895,0.9697919257623188,0.0,0.3877551020408163,0.4856903113099637,0,node+edge+subgraph,2,0.6215038999998796,2.560000029916409e-05,spread_cv,email-Eu-core,5
0.8563762385151441,0.9693877587026783,0.2222222222222222,0.4285714285714285,0.4871253597027527,0,node+edge+subgraph,2,0.605356799999754,2.560000029916409e-05,spread_cv,email-Eu-core,6
0.8539445600562703,0.9688165031564118,0.0,0.2857142857142857,0.4904695584853364,0,node+edge+subgraph,2,0.594404399999803,2.560000029916409e-05,spread_cv,email-Eu-core,7
0.8545937619527963,0.9690546466946738,0.1111111111111111,0.3265306122448979,0.4900052564975815,0,node+edge+subgraph,2,0.6210080000000744,2.560000029916409e-05,spread_cv,email-Eu-core,8
0.8571564240480509,0.9697989662488136,0.0,0.4285714285714285,0.4860802851692272,0,node+edge+subgraph,2,0.6718372999994244,2.560000029916409e-05,spread_cv,email-Eu-core,9
0.8562848573727373,0.9695883154954928,0.1111111111111111,0.4285714285714285,0.4862949289049853,0,node+edge+subgraph+dynamic,2,0.6611091000004308,2.560000029916409e-05,spread_cv,email-Eu-core,0
0.8563574267901045,0.9695698455433304,0.1111111111111111,0.4081632653061224,0.4901447984457581,0,node+edge+subgraph+dynamic,2,0.6769139999996696,2.560000029916409e-05,spread_cv,email-Eu-core,1
0.8569929802535562,0.969729160084191,0.0,0.4081632653061224,0.4869375750370754,0,node+edge+subgraph+dynamic,2,0.7054189999998925,2.560000029916409e-05,spread_cv,email-Eu-core,2
0.856978985958802,0.9697296002535236,0.0,0.5102040816326531,0.4870197052085734,0,node+edge+subgraph+dynamic,2,0.6187972999996418,2.560000029916409e-05,spread_cv,email-Eu-core,3
0.8578811128622769,0.9700533527324228,0.1111111111111111,0.4489795918367347,0.4825116465355283,0,node+edge+subgraph+dynamic,2,0.6093355000002703,2.560000029916409e-05,spread_cv,email-Eu-core,4
0.8566864475218895,0.9697919257623188,0.0,0.3877551020408163,0.4856903113099636,0,node+edge+subgraph+dynamic,2,0.6347856000002139,2.560000029916409e-05,spread_cv,email-Eu-core,5
0.8563762385151441,0.9693877587026783,0.2222222222222222,0.4285714285714285,0.4871253597027526,0,node+edge+subgraph+dynamic,2,0.6230881999999838,2.560000029916409e-05,spread_cv,email-Eu-core,6
0.8539445600562703,0.9688165031564118,0.0,0.2857142857142857,0.4904695584853364,0,node+edge+subgraph+dynamic,2,0.6097687000001315,2.560000029916409e-05,spread_cv,email-Eu-core,7
0.8545937619527963,0.9690546466946738,0.1111111111111111,0.3265306122448979,0.4900052564975816,0,node+edge+subgraph+dynamic,2,0.605236800000057,2.560000029916409e-05,spread_cv,email-Eu-core,8
0.8571564240480509,0.9697989662488136,0.0,0.4285714285714285,0.4860802851692272,0,node+edge+subgraph+dynamic,2,0.6210402999995495,2.560000029916409e-05,spread_cv,email-Eu-core,9
0.9495778418954764,0.9957922946865896,0.5555555555555556,0.7142857142857143,0.2181595848031164,1,node,17,0.725496000000021,0.1823748999986492,spread_cv,email-Eu-core,0
0.9492451068965309,0.9956899186536594,0.2222222222222222,0.7142857142857143,0.2159495850012229,1,node,17,0.6956079000001409,0.1823748999986492,spread_cv,email-Eu-core,1
0.949276974056512,0.9953194065967454,0.4444444444444444,0.7142857142857143,0.2340968003393942,1,node,17,0.7451494999995703,0.1823748999986492,spread_cv,email-Eu-core,2
0.9487970478864656,0.9954677377938436,0.4444444444444444,0.673469387755102,0.2399822830675367,1,node,17,0.6823608000004242,0.1823748999986492,spread_cv,email-Eu-core,3
0.9494590674987012,0.9954940359668948,0.4444444444444444,0.673469387755102,0.2228145825245165,1,node,17,0.6896751999993285,0.1823748999986492,spread_cv,email-Eu-core,4
0.9490935900809592,0.9955802130587154,0.4444444444444444,0.6938775510204082,0.2129383397431308,1,node,17,0.6824719000005643,0.1823748999986492,spread_cv,email-Eu-core,5
0.9476509819788624,0.9943634780056636,0.4444444444444444,0.6938775510204082,0.2609416066943463,1,node,17,0.7102276000005077,0.1823748999986492,spread_cv,email-Eu-core,6
0.949058686501763,0.9955494552535044,0.1111111111111111,0.673469387755102,0.2216963790032808,1,node,17,0.726120099999207,0.1823748999986492,spread_cv,email-Eu-core,7
0.9483576486992646,0.9947136288911684,0.3333333333333333,0.7142857142857143,0.2468400236751656,1,node,17,0.7372965000004115,0.1823748999986492,spread_cv,email-Eu-core,8
0.9497889726633386,0.9956689221314484,0.4444444444444444,0.673469387755102,0.221278745059843,1,node,17,0.7264399999994566,0.1823748999986492,spread_cv,email-Eu-core,9
0.9501596477347352,0.9957642627347052,0.5555555555555556,0.7142857142857143,0.2225896016994536,1,node+edge,38,0.8440027999995436,0.3572692999987339,spread_cv,email-Eu-core,0
0.9497898472509344,0.9957024778138676,0.2222222222222222,0.7142857142857143,0.2171536470630785,1,node+edge,38,0.813327400000162,0.3572692999987339,spread_cv,email-Eu-core,1
0.949128703264607,0.9952146020345798,0.4444444444444444,0.7142857142857143,0.2343242852207029,1,node+edge,38,0.7888562999996793,0.3572692999987339,spread_cv,email-Eu-core,2
0.9488651107456648,0.9954753584500384,0.5555555555555556,0.6938775510204082,0.2368857518748774,1,node+edge,38,0.7791847999997117,0.3572692999987339,spread_cv,email-Eu-core,3
0.9500254841819076,0.995482206048663,0.4444444444444444,0.673469387755102,0.2242254473282016,1,node+edge,38,0.7852495000006456,0.3572692999987339,spread_cv,email-Eu-core,4
0.9497061862485654,0.9955796966583278,0.4444444444444444,0.6938775510204082,0.2135107215838785,1,node+edge,38,0.7823143000005075,0.3572692999987339,spread_cv,email-Eu-core,5
0.948042253332814,0.9943782748276933,0.4444444444444444,0.6938775510204082,0.2586805369374296,1,node+edge,38,0.7897879999991346,0.3572692999987339,spread_cv,email-Eu-core,6
0.9490400477402868,0.9954819087210546,0.1111111111111111,0.673469387755102,0.2235186838243106,1,node+edge,38,0.7933785000004718,0.3572692999987339,spread_cv,email-Eu-core,7
0.9486736999770696,0.9947429940562008,0.4444444444444444,0.7142857142857143,0.2474560129951504,1,node+edge,38,0.7822667000000365,0.3572692999987339,spread_cv,email-Eu-core,8
0.9499094936288212,0.9956006746223957,0.4444444444444444,0.673469387755102,0.2201167733303854,1,node+edge,38,0.7936826999994082,0.3572692999987339,spread_cv,email-Eu-core,9
0.954039569413542,0.9967096569930624,0.3333333333333333,0.7142857142857143,0.1770858912415499,2,node,35,0.815281799999866,0.4526431999884153,spread_cv,email-Eu-core,0
0.9530563032022562,0.9964613439333158,0.2222222222222222,0.7142857142857143,0.1875522375958767,2,node,35,0.8613873000003878,0.4526431999884153,spread_cv,email-Eu-core,1
0.954278259639142,0.9964910846129988,0.3333333333333333,0.7346938775510204,0.1818371709415891,2,node,35,0.8287904999997409,0.4526431999884153,spread_cv,email-Eu-core,2
0.9540488835611172,0.996588512723104,0.4444444444444444,0.7346938775510204,0.1838616651547901,2,node,35,0.8153990000000704,0.4526431999884153,spread_cv,email-Eu-core,3
0.9545264528197538,0.9965976448980786,0.3333333333333333,0.7346938775510204,0.1765331908175719,2,node,35,0.7843517999999676,0.4526431999884153,spread_cv,email-Eu-core,4
0.9539075845677452,0.9966274857701792,0.4444444444444444,0.7346938775510204,0.178955332911488,2,node,35,0.8306557000005341,0.4526431999884153,spread_cv,email-Eu-core,5
0.9527799687299958,0.9958326134826654,0.2222222222222222,0.7551020408163265,0.2121791737734169,2,node,35,0.8063407999998162,0.4526431999884153,spread_cv,email-Eu-core,6
0.95339599097375,0.996445013578212,0.1111111111111111,0.7755102040816326,0.1836264645345868,2,node,35,0.7944793999995454,0.4526431999884153,spread_cv,email-Eu-core,7
0.9519256510657316,0.9956299834841124,0.3333333333333333,0.7346938775510204,0.2222083420279851,2,node,35,0.793599799999356,0.4526431999884153,spread_cv,email-Eu-core,8
0.954139492556532,0.9965892513123246,0.3333333333333333,0.7142857142857143,0.1804969330620909,2,node,35,0.7831771000001027,0.4526431999884153,spread_cv,email-Eu-core,9
0.9561441714285924,0.9970053806068412,0.3333333333333333,0.6938775510204082,0.1743085463806208,3,node,45,0.9793200999993132,0.8314504000063607,spread_cv,email-Eu-core,0
0.9562770411301792,0.9970032305704736,0.3333333333333333,0.7346938775510204,0.1719744093967281,3,node,45,0.88144420000026,0.8314504000063607,spread_cv,email-Eu-core,1
0.9558845182818604,0.9966060792009082,0.4444444444444444,0.7551020408163265,0.1913082793036002,3,node,45,0.8119613999997455,0.8314504000063607,spread_cv,email-Eu-core,2
0.9567383232886542,0.9969133793140178,0.4444444444444444,0.7142857142857143,0.1824946697117427,3,node,45,0.8204604000002291,0.8314504000063607,spread_cv,email-Eu-core,3
0.956005032970998,0.9967559158071124,0.3333333333333333,0.7346938775510204,0.1771647628909066,3,node,45,0.8476404000002731,0.8314504000063607,spread_cv,email-Eu-core,4
0.9560080766389928,0.9968968955814564,0.4444444444444444,0.7142857142857143,0.1698211431956842,3,node,45,0.8241769999995086,0.8314504000063607,spread_cv,email-Eu-core,5
0.9555641589777172,0.9963739993966172,0.1111111111111111,0.7142857142857143,0.1947047241452498,3,node,45,0.8466382000005979,0.8314504000063607,spread_cv,email-Eu-core,6
0.9559536410658496,0.9967837255895168,0.1111111111111111,0.7346938775510204,0.1830076388426492,3,node,45,0.8660466999999699,0.8314504000063607,spread_cv,email-Eu-core,7
0.955109328233514,0.9962199159815324,0.3333333333333333,0.7551020408163265,0.2028956093731106,3,node,45,0.8613099000003785,0.8314504000063607,spread_cv,email-Eu-core,8
0.9565694610699268,0.9968722436499684,0.3333333333333333,0.7142857142857143,0.176825739735961,3,node,45,0.8796572999999626,0.8314504000063607,spread_cv,email-Eu-core,9
0.036170579918648,0.0484224873426946,0.0,0.1020408163265306,0.0447319544355679,0,node,2,0.9130768000004535,2.560000029916409e-05,spread_resid,email-Eu-core,0
0.0108881532053684,0.0143732642567422,0.0,0.0612244897959183,0.0445966944019295,0,node,2,0.7582351999999446,2.560000029916409e-05,spread_resid,email-Eu-core,1
0.0364548280616313,0.0516888891402951,0.0,0.0612244897959183,0.045221511890457,0,node,2,0.7348689000000377,2.560000029916409e-05,spread_resid,email-Eu-core,2
0.031108891132993,0.0441590962775101,0.0,0.0816326530612244,0.0444940141379779,0,node,2,0.6279793999992762,2.560000029916409e-05,spread_resid,email-Eu-core,3
0.0217557289455319,0.0298632108726726,0.0,0.1020408163265306,0.0448718533637526,0,node,2,0.6097368999999162,2.560000029916409e-05,spread_resid,email-Eu-core,4
0.0465108435435852,0.0641855225554762,0.0,0.0408163265306122,0.0446510322644066,0,node,2,0.6289802999999665,2.560000029916409e-05,spread_resid,email-Eu-core,5
0.012925129315166,0.0197226384833609,0.0,0.0612244897959183,0.045020018651447,0,node,2,0.6105575000001409,2.560000029916409e-05,spread_resid,email-Eu-core,6
0.0374762965330272,0.0532657850468212,0.0,0.0612244897959183,0.0449557587722397,0,node,2,0.6245242999993934,2.560000029916409e-05,spread_resid,email-Eu-core,7
0.040486710285207,0.0545744658115225,0.0,0.0408163265306122,0.0454817839714639,0,node,2,0.6331775999997262,2.560000029916409e-05,spread_resid,email-Eu-core,8
0.0382718293200712,0.0534285566700972,0.0,0.0612244897959183,0.0446596717977703,0,node,2,0.6309193999995841,2.560000029916409e-05,spread_resid,email-Eu-core,9
0.036170579918648,0.0484224873426946,0.0,0.1020408163265306,0.0447319544355679,0,node+edge,2,0.6353955000004134,2.560000029916409e-05,spread_resid,email-Eu-core,0
0.0108881532053684,0.0143732642567422,0.0,0.0612244897959183,0.0445966944019295,0,node+edge,2,0.6275332999994134,2.560000029916409e-05,spread_resid,email-Eu-core,1
0.0364548280616313,0.0516888891402951,0.0,0.0612244897959183,0.045221511890457,0,node+edge,2,0.6407419999995909,2.560000029916409e-05,spread_resid,email-Eu-core,2
0.031108891132993,0.0441590962775101,0.0,0.0816326530612244,0.0444940141379779,0,node+edge,2,0.649143899999217,2.560000029916409e-05,spread_resid,email-Eu-core,3
0.0217557289455319,0.0298632108726726,0.0,0.1020408163265306,0.0448718533637526,0,node+edge,2,0.6398306999999477,2.560000029916409e-05,spread_resid,email-Eu-core,4
0.0465108435435852,0.0641855225554762,0.0,0.0408163265306122,0.0446510322644066,0,node+edge,2,0.6359843000000183,2.560000029916409e-05,spread_resid,email-Eu-core,5
0.012925129315166,0.0197226384833609,0.0,0.0612244897959183,0.045020018651447,0,node+edge,2,0.6086092999994435,2.560000029916409e-05,spread_resid,email-Eu-core,6
0.0374762965330272,0.0532657850468212,0.0,0.0612244897959183,0.0449557587722397,0,node+edge,2,0.600936300000285,2.560000029916409e-05,spread_resid,email-Eu-core,7
0.040486710285207,0.0545744658115225,0.0,0.0408163265306122,0.0454817839714639,0,node+edge,2,0.5993270999997549,2.560000029916409e-05,spread_resid,email-Eu-core,8
0.0382718293200712,0.0534285566700972,0.0,0.0612244897959183,0.0446596717977703,0,node+edge,2,0.6064723999998023,2.560000029916409e-05,spread_resid,email-Eu-core,9
0.036170579918648,0.0484224873426946,0.0,0.1020408163265306,0.0447319544355679,0,node+edge+subgraph,2,0.6505244999998467,2.560000029916409e-05,spread_resid,email-Eu-core,0
0.0108881532053684,0.0143732642567422,0.0,0.0612244897959183,0.0445966944019295,0,node+edge+subgraph,2,0.6619056999998065,2.560000029916409e-05,spread_resid,email-Eu-core,1
0.0364548280616313,0.0516888891402951,0.0,0.0612244897959183,0.045221511890457,0,node+edge+subgraph,2,0.6982186999994155,2.560000029916409e-05,spread_resid,email-Eu-core,2
0.031108891132993,0.0441590962775101,0.0,0.0816326530612244,0.0444940141379779,0,node+edge+subgraph,2,0.6796341999997821,2.560000029916409e-05,spread_resid,email-Eu-core,3
0.0217557289455319,0.0298632108726726,0.0,0.1020408163265306,0.0448718533637526,0,node+edge+subgraph,2,0.6652589000004809,2.560000029916409e-05,spread_resid,email-Eu-core,4
0.0465108435435852,0.0641855225554762,0.0,0.0408163265306122,0.0446510322644066,0,node+edge+subgraph,2,0.918152100000043,2.560000029916409e-05,spread_resid,email-Eu-core,5
0.012925129315166,0.0197226384833609,0.0,0.0612244897959183,0.045020018651447,0,node+edge+subgraph,2,0.8121376999997665,2.560000029916409e-05,spread_resid,email-Eu-core,6
0.0374762965330272,0.0532657850468212,0.0,0.0612244897959183,0.0449557587722397,0,node+edge+subgraph,2,0.8253790999997364,2.560000029916409e-05,spread_resid,email-Eu-core,7
0.040486710285207,0.0545744658115225,0.0,0.0408163265306122,0.0454817839714639,0,node+edge+subgraph,2,0.8569224000002578,2.560000029916409e-05,spread_resid,email-Eu-core,8
0.0382718293200712,0.0534285566700972,0.0,0.0612244897959183,0.0446596717977703,0,node+edge+subgraph,2,0.7096392000003107,2.560000029916409e-05,spread_resid,email-Eu-core,9
0.036170579918648,0.0484224873426946,0.0,0.1020408163265306,0.0447319544355679,0,node+edge+subgraph+dynamic,2,0.7267776999997295,2.560000029916409e-05,spread_resid,email-Eu-core,0
0.0108881532053684,0.0143732642567422,0.0,0.0612244897959183,0.0445966944019295,0,node+edge+subgraph+dynamic,2,0.7021163999997952,2.560000029916409e-05,spread_resid,email-Eu-core,1
0.0364548280616313,0.0516888891402951,0.0,0.0612244897959183,0.045221511890457,0,node+edge+subgraph+dynamic,2,0.7132139000004827,2.560000029916409e-05,spread_resid,email-Eu-core,2
0.031108891132993,0.0441590962775101,0.0,0.0816326530612244,0.0444940141379779,0,node+edge+subgraph+dynamic,2,0.6812322999994649,2.560000029916409e-05,spread_resid,email-Eu-core,3
0.0217557289455319,0.0298632108726726,0.0,0.1020408163265306,0.0448718533637526,0,node+edge+subgraph+dynamic,2,0.6978805000007924,2.560000029916409e-05,spread_resid,email-Eu-core,4
0.0465108435435852,0.0641855225554762,0.0,0.0408163265306122,0.0446510322644066,0,node+edge+subgraph+dynamic,2,0.7137235000000146,2.560000029916409e-05,spread_resid,email-Eu-core,5
0.012925129315166,0.0197226384833609,0.0,0.0612244897959183,0.045020018651447,0,node+edge+subgraph+dynamic,2,0.6587077000003774,2.560000029916409e-05,spread_resid,email-Eu-core,6
0.0374762965330272,0.0532657850468212,0.0,0.0612244897959183,0.0449557587722397,0,node+edge+subgraph+dynamic,2,0.9356730999998036,2.560000029916409e-05,spread_resid,email-Eu-core,7
0.040486710285207,0.0545744658115225,0.0,0.0408163265306122,0.0454817839714639,0,node+edge+subgraph+dynamic,2,0.9612882999999784,2.560000029916409e-05,spread_resid,email-Eu-core,8
0.0382718293200712,0.0534285566700972,0.0,0.0612244897959183,0.0446596717977703,0,node+edge+subgraph+dynamic,2,0.8691696000005322,2.560000029916409e-05,spread_resid,email-Eu-core,9
0.0908972975688546,0.1208910731323093,0.2222222222222222,0.2653061224489796,0.0284982299685221,1,node,17,2.3057754000001296,0.1823748999986492,spread_resid,email-Eu-core,0
0.0796003646892167,0.1025910651740834,0.2222222222222222,0.2040816326530612,0.0285132166678394,1,node,17,3.4380157000005056,0.1823748999986492,spread_resid,email-Eu-core,1
0.0850699209213437,0.1179788504397402,0.3333333333333333,0.3469387755102041,0.0308050175623762,1,node,17,3.070940300000075,0.1823748999986492,spread_resid,email-Eu-core,2
0.0524004270328529,0.0713935670325944,0.2222222222222222,0.2653061224489796,0.0321554337229159,1,node,17,3.3641311999999743,0.1823748999986492,spread_resid,email-Eu-core,3
0.0719396042316818,0.0981721222866873,0.2222222222222222,0.2448979591836734,0.0294856643260986,1,node,17,3.402576299999964,0.1823748999986492,spread_resid,email-Eu-core,4
0.07209410484211,0.1023583502145956,0.2222222222222222,0.3265306122448979,0.0273135130006878,1,node,17,0.9836465000007591,0.1823748999986492,spread_resid,email-Eu-core,5
0.102545145153453,0.136648035807064,0.2222222222222222,0.3469387755102041,0.0344751172805483,1,node,17,1.172597300000234,0.1823748999986492,spread_resid,email-Eu-core,6
0.0512734441960527,0.0709037732655165,0.2222222222222222,0.2857142857142857,0.0284974547582525,1,node,17,1.2825602999992043,0.1823748999986492,spread_resid,email-Eu-core,7
0.0821795662185063,0.1095847061575622,0.2222222222222222,0.3469387755102041,0.0327083745594384,1,node,17,1.3329937999997128,0.1823748999986492,spread_resid,email-Eu-core,8
0.0699244122774612,0.0967079346471854,0.2222222222222222,0.2448979591836734,0.0283122933965054,1,node,17,1.091044700000566,0.1823748999986492,spread_resid,email-Eu-core,9
0.0600652843856415,0.0848992024785404,0.2222222222222222,0.2857142857142857,0.0283140790050988,1,node+edge,38,1.5235781000001225,0.3572692999987339,spread_resid,email-Eu-core,0
0.0648260623794664,0.0880113554789458,0.2222222222222222,0.2448979591836734,0.0289494976793848,1,node+edge,38,1.4669260000000577,0.3572692999987339,spread_resid,email-Eu-core,1
0.055245184503792,0.0821797467864735,0.3333333333333333,0.3469387755102041,0.0309997039368178,1,node+edge,38,1.4808892000000924,0.3572692999987339,spread_resid,email-Eu-core,2
0.0334441632641906,0.0464412050213117,0.2222222222222222,0.2857142857142857,0.0327567374267363,1,node+edge,38,1.4187466000003042,0.3572692999987339,spread_resid,email-Eu-core,3
0.0595218751695267,0.0832880419096616,0.2222222222222222,0.2857142857142857,0.0299660369098123,1,node+edge,38,1.5338280000005398,0.3572692999987339,spread_resid,email-Eu-core,4
0.0457713208414105,0.0702450468810346,0.2222222222222222,0.2857142857142857,0.027540412036019,1,node+edge,38,1.611578400000326,0.3572692999987339,spread_resid,email-Eu-core,5
0.0878408070569596,0.1214428163887911,0.2222222222222222,0.2857142857142857,0.0346765254027259,1,node+edge,38,1.5382893000005424,0.3572692999987339,spread_resid,email-Eu-core,6
0.0563534085748179,0.0765292646648578,0.2222222222222222,0.2653061224489796,0.0289571377706937,1,node+edge,38,1.4664227000002938,0.3572692999987339,spread_resid,email-Eu-core,7
0.0614642096924666,0.0881338002243919,0.2222222222222222,0.3061224489795918,0.032929766255422,1,node+edge,38,1.84749439999996,0.3572692999987339,spread_resid,email-Eu-core,8
0.0364907211608222,0.0556586848050311,0.2222222222222222,0.2244897959183673,0.0287845735770646,1,node+edge,38,1.9119233999999776,0.3572692999987339,spread_resid,email-Eu-core,9
0.0681381876167111,0.1007422795793111,0.1111111111111111,0.3673469387755102,0.0219135272416213,2,node,35,1.4046244999999544,0.4526431999884153,spread_resid,email-Eu-core,0
0.093708708866195,0.1326442207841372,0.1111111111111111,0.3469387755102041,0.0228399315455553,2,node,35,1.3802574999999706,0.4526431999884153,spread_resid,email-Eu-core,1
0.0886848624960172,0.1273073817126746,0.1111111111111111,0.3265306122448979,0.022793384368712,2,node,35,1.466468100000384,0.4526431999884153,spread_resid,email-Eu-core,2
0.0492913164596683,0.0695184126702565,0.2222222222222222,0.3061224489795918,0.0225845625412937,2,node,35,1.356406099999731,0.4526431999884153,spread_resid,email-Eu-core,3
0.082857050159794,0.1169703517321406,0.0,0.2857142857142857,0.0227940634306733,2,node,35,1.4555001000007906,0.4526431999884153,spread_resid,email-Eu-core,4
0.065691193703642,0.0950803541780138,0.1111111111111111,0.3265306122448979,0.0213959475647676,2,node,35,1.4731028999995033,0.4526431999884153,spread_resid,email-Eu-core,5
0.0857743539347225,0.1194675622956444,0.0,0.3877551020408163,0.0273478597318627,2,node,35,1.4568852000002153,0.4526431999884153,spread_resid,email-Eu-core,6
0.0586272883360943,0.0911139332261934,0.0,0.3265306122448979,0.022378603099243,2,node,35,1.355265700000018,0.4526431999884153,spread_resid,email-Eu-core,7
0.0872570161398553,0.1207574459648932,0.1111111111111111,0.3061224489795918,0.0282573144022345,2,node,35,1.3695244000000455,0.4526431999884153,spread_resid,email-Eu-core,8
0.054676116744923,0.0799107961362295,0.0,0.3673469387755102,0.0213493220457392,2,node,35,1.3868775000000824,0.4526431999884153,spread_resid,email-Eu-core,9
0.0695966583617192,0.1014519952086202,0.2222222222222222,0.3061224489795918,0.0218426209578061,3,node,45,1.606884199999513,0.8314504000063607,spread_resid,email-Eu-core,0
0.0994890262343758,0.1364065097891343,0.2222222222222222,0.3469387755102041,0.0219956687412568,3,node,45,1.6088754000002154,0.8314504000063607,spread_resid,email-Eu-core,1
0.0867031469093603,0.1229205534027986,0.1111111111111111,0.3673469387755102,0.0241181201434067,3,node,45,1.609727899999598,0.8314504000063607,spread_resid,email-Eu-core,2
0.058812566237192,0.0814399464494357,0.2222222222222222,0.2857142857142857,0.0226136552741904,3,node,45,1.613428899999235,0.8314504000063607,spread_resid,email-Eu-core,3
0.0897992275512341,0.1233214510294161,0.1111111111111111,0.2857142857142857,0.0225417741428611,3,node,45,1.7048225999997155,0.8314504000063607,spread_resid,email-Eu-core,4
0.0642079970067678,0.0944992293541275,0.3333333333333333,0.3265306122448979,0.0206995127075432,3,node,45,1.7339994000003571,0.8314504000063607,spread_resid,email-Eu-core,5
0.0858279139808895,0.1190921990440998,0.0,0.4081632653061224,0.0265579032001424,3,node,45,1.8272784000000684,0.8314504000063607,spread_resid,email-Eu-core,6
0.0746622430939354,0.1080125775054857,0.1111111111111111,0.3469387755102041,0.0237671775675056,3,node,45,1.7417836999993597,0.8314504000063607,spread_resid,email-Eu-core,7
0.0818392449408417,0.1125037171611351,0.3333333333333333,0.2653061224489796,0.0273225958215973,3,node,45,1.66003019999971,0.8314504000063607,spread_resid,email-Eu-core,8
0.0640902473124875,0.0885500469278607,0.1111111111111111,0.3061224489795918,0.0221458935067474,3,node,45,1.608092200000101,0.8314504000063607,spread_resid,email-Eu-core,9
0.7433305282930307,0.896042800317485,0.6666666666666666,0.6938775510204082,1281.6214527561858,0,node,2,0.7065935000000536,2.560000029916409e-05,betweenness,email-Eu-core,0
0.7455284745729901,0.8980364700820556,0.6666666666666666,0.7346938775510204,1295.9912982236383,0,node,2,0.710015999999996,2.560000029916409e-05,betweenness,email-Eu-core,1
0.7448414296914242,0.8980304712062175,0.6666666666666666,0.673469387755102,1361.0305441759076,0,node,2,0.7237983999993958,2.560000029916409e-05,betweenness,email-Eu-core,2
0.7359374896238038,0.888843825439569,0.6666666666666666,0.7142857142857143,1327.2984937942545,0,node,2,0.7068918999993912,2.560000029916409e-05,betweenness,email-Eu-core,3
0.7396988799173521,0.8924962429991389,0.6666666666666666,0.7142857142857143,1297.2625767700556,0,node,2,0.7392289999997956,2.560000029916409e-05,betweenness,email-Eu-core,4
0.7421706803556174,0.8961966934501207,0.6666666666666666,0.7142857142857143,1386.6211695399918,0,node,2,0.8132503000006182,2.560000029916409e-05,betweenness,email-Eu-core,5
0.7419773621128196,0.895274381059172,0.7777777777777778,0.6938775510204082,1339.5291270141388,0,node,2,0.7909333999996306,2.560000029916409e-05,betweenness,email-Eu-core,6
0.74743772006827,0.8994317849251666,0.6666666666666666,0.7551020408163265,1284.7253788630069,0,node,2,0.7990257999999812,2.560000029916409e-05,betweenness,email-Eu-core,7
0.7415141908143169,0.8961724426054656,0.6666666666666666,0.7346938775510204,1294.119744411121,0,node,2,0.7307575000004363,2.560000029916409e-05,betweenness,email-Eu-core,8
0.7468237028738668,0.898035170773181,0.6666666666666666,0.7142857142857143,1281.6403427408595,0,node,2,0.7454132000002573,2.560000029916409e-05,betweenness,email-Eu-core,9
0.7433305282930307,0.896042800317485,0.6666666666666666,0.6938775510204082,1281.6214527561858,0,node+edge,2,0.7944612000001143,2.560000029916409e-05,betweenness,email-Eu-core,0
0.7455284745729901,0.8980364700820556,0.6666666666666666,0.7346938775510204,1295.9912982236383,0,node+edge,2,0.7593752000002496,2.560000029916409e-05,betweenness,email-Eu-core,1
0.7448414296914242,0.8980304712062175,0.6666666666666666,0.673469387755102,1361.0305441759076,0,node+edge,2,0.7548041000000012,2.560000029916409e-05,betweenness,email-Eu-core,2
0.7359374896238038,0.888843825439569,0.6666666666666666,0.7142857142857143,1327.2984937942545,0,node+edge,2,0.7774406999997154,2.560000029916409e-05,betweenness,email-Eu-core,3
0.7396988799173521,0.8924962429991389,0.6666666666666666,0.7142857142857143,1297.2625767700554,0,node+edge,2,0.6935843999999634,2.560000029916409e-05,betweenness,email-Eu-core,4
0.7421706803556174,0.8961966934501207,0.6666666666666666,0.7142857142857143,1386.6211695399918,0,node+edge,2,0.6787311999996746,2.560000029916409e-05,betweenness,email-Eu-core,5
0.7419773621128196,0.895274381059172,0.7777777777777778,0.6938775510204082,1339.5291270141386,0,node+edge,2,0.6866091999991113,2.560000029916409e-05,betweenness,email-Eu-core,6
0.74743772006827,0.8994317849251666,0.6666666666666666,0.7551020408163265,1284.7253788630069,0,node+edge,2,0.6732774000001882,2.560000029916409e-05,betweenness,email-Eu-core,7
0.7415141908143169,0.8961724426054656,0.6666666666666666,0.7346938775510204,1294.119744411121,0,node+edge,2,0.7166341000001921,2.560000029916409e-05,betweenness,email-Eu-core,8
0.7468237028738668,0.898035170773181,0.6666666666666666,0.7142857142857143,1281.6403427408595,0,node+edge,2,0.7373579999994035,2.560000029916409e-05,betweenness,email-Eu-core,9
0.7433305282930307,0.896042800317485,0.6666666666666666,0.6938775510204082,1281.6214527561858,0,node+edge+subgraph,2,0.7885055000006105,2.560000029916409e-05,betweenness,email-Eu-core,0
0.7455284745729901,0.8980364700820556,0.6666666666666666,0.7346938775510204,1295.9912982236383,0,node+edge+subgraph,2,0.7462609000003795,2.560000029916409e-05,betweenness,email-Eu-core,1
0.7448414296914242,0.8980304712062175,0.6666666666666666,0.673469387755102,1361.0305441759076,0,node+edge+subgraph,2,0.7509918999994625,2.560000029916409e-05,betweenness,email-Eu-core,2
0.7359374896238038,0.888843825439569,0.6666666666666666,0.7142857142857143,1327.2984937942545,0,node+edge+subgraph,2,0.6947570000002088,2.560000029916409e-05,betweenness,email-Eu-core,3
0.7396988799173521,0.8924962429991389,0.6666666666666666,0.7142857142857143,1297.2625767700554,0,node+edge+subgraph,2,0.7338564000001497,2.560000029916409e-05,betweenness,email-Eu-core,4
0.7421706803556174,0.8961966934501207,0.6666666666666666,0.7142857142857143,1386.6211695399918,0,node+edge+subgraph,2,0.7460523999998259,2.560000029916409e-05,betweenness,email-Eu-core,5
0.7419773621128196,0.895274381059172,0.7777777777777778,0.6938775510204082,1339.5291270141386,0,node+edge+subgraph,2,0.778650999999627,2.560000029916409e-05,betweenness,email-Eu-core,6
0.74743772006827,0.8994317849251666,0.6666666666666666,0.7551020408163265,1284.7253788630069,0,node+edge+subgraph,2,0.8136748000006264,2.560000029916409e-05,betweenness,email-Eu-core,7
0.7415141908143169,0.8961724426054656,0.6666666666666666,0.7346938775510204,1294.119744411121,0,node+edge+subgraph,2,0.7934433999998873,2.560000029916409e-05,betweenness,email-Eu-core,8
0.7468237028738668,0.898035170773181,0.6666666666666666,0.7142857142857143,1281.6403427408595,0,node+edge+subgraph,2,0.7847881000006964,2.560000029916409e-05,betweenness,email-Eu-core,9
0.7433305282930307,0.896042800317485,0.6666666666666666,0.6938775510204082,1281.6214527561858,0,node+edge+subgraph+dynamic,2,0.8139314999998533,2.560000029916409e-05,betweenness,email-Eu-core,0
0.7455284745729901,0.8980364700820556,0.6666666666666666,0.7346938775510204,1295.9912982236388,0,node+edge+subgraph+dynamic,2,0.792833000000428,2.560000029916409e-05,betweenness,email-Eu-core,1
0.7448414296914242,0.8980304712062175,0.6666666666666666,0.673469387755102,1361.0305441759076,0,node+edge+subgraph+dynamic,2,0.6978815000002214,2.560000029916409e-05,betweenness,email-Eu-core,2
0.7359374896238038,0.888843825439569,0.6666666666666666,0.7142857142857143,1327.2984937942545,0,node+edge+subgraph+dynamic,2,0.6873088999991523,2.560000029916409e-05,betweenness,email-Eu-core,3
0.7396988799173521,0.8924962429991389,0.6666666666666666,0.7142857142857143,1297.2625767700554,0,node+edge+subgraph+dynamic,2,0.6884026999996422,2.560000029916409e-05,betweenness,email-Eu-core,4
0.7421706803556174,0.8961966934501207,0.6666666666666666,0.7142857142857143,1386.6211695399918,0,node+edge+subgraph+dynamic,2,0.6612887000001137,2.560000029916409e-05,betweenness,email-Eu-core,5
0.7419773621128196,0.895274381059172,0.7777777777777778,0.6938775510204082,1339.5291270141386,0,node+edge+subgraph+dynamic,2,0.7071843000003355,2.560000029916409e-05,betweenness,email-Eu-core,6
0.74743772006827,0.8994317849251666,0.6666666666666666,0.7551020408163265,1284.7253788630069,0,node+edge+subgraph+dynamic,2,0.711984399999892,2.560000029916409e-05,betweenness,email-Eu-core,7
0.7415141908143169,0.8961724426054656,0.6666666666666666,0.7346938775510204,1294.119744411121,0,node+edge+subgraph+dynamic,2,0.7170212999999421,2.560000029916409e-05,betweenness,email-Eu-core,8
0.7468237028738668,0.898035170773181,0.6666666666666666,0.7142857142857143,1281.6403427408595,0,node+edge+subgraph+dynamic,2,0.7484166000003825,2.560000029916409e-05,betweenness,email-Eu-core,9
0.8946901340444579,0.9798318262125096,0.8888888888888888,0.7755102040816326,1097.7505268741015,1,node,17,0.8469412999993438,0.1823748999986492,betweenness,email-Eu-core,0
0.8971268579260446,0.980817527105492,0.8888888888888888,0.8367346938775511,1087.44660744808,1,node,17,0.8404393000000709,0.1823748999986492,betweenness,email-Eu-core,1
0.8941205122777351,0.9801847413827148,0.8888888888888888,0.7755102040816326,1169.4213264858522,1,node,17,0.8059525999997277,0.1823748999986492,betweenness,email-Eu-core,2
0.890892651331976,0.9767677630232444,0.7777777777777778,0.8163265306122449,1128.6501313991448,1,node,17,0.8575663000001441,0.1823748999986492,betweenness,email-Eu-core,3
0.8943686330127033,0.9802828490811346,0.8888888888888888,0.7959183673469388,1160.0222350275478,1,node,17,0.8716888999997536,0.1823748999986492,betweenness,email-Eu-core,4
0.8953334156583095,0.981335460976228,0.7777777777777778,0.7959183673469388,1196.9992657246971,1,node,17,0.8493108000002394,0.1823748999986492,betweenness,email-Eu-core,5
0.8904025486246919,0.9780940488770816,0.8888888888888888,0.7959183673469388,1150.1254960376557,1,node,17,0.8930375999998432,0.1823748999986492,betweenness,email-Eu-core,6
0.890511468474551,0.9781626459249424,0.8888888888888888,0.7959183673469388,1096.8893080870605,1,node,17,0.8231380999995963,0.1823748999986492,betweenness,email-Eu-core,7
0.8892313113323916,0.9777451433722796,0.8888888888888888,0.7755102040816326,1108.069676562896,1,node,17,0.868920199999593,0.1823748999986492,betweenness,email-Eu-core,8
0.8938265786057715,0.9798764171081208,0.8888888888888888,0.7959183673469388,1103.4177162690792,1,node,17,0.7796035999999731,0.1823748999986492,betweenness,email-Eu-core,9
0.8958666374432895,0.9806343801001254,0.8888888888888888,0.7551020408163265,1109.3889954911826,1,node+edge,38,0.898263300000508,0.3572692999987339,betweenness,email-Eu-core,0
0.8977468704667482,0.9806440023353528,0.6666666666666666,0.8163265306122449,1151.407378822605,1,node+edge,38,1.2128266999998232,0.3572692999987339,betweenness,email-Eu-core,1
0.8958312511647983,0.9802293829487744,0.8888888888888888,0.7755102040816326,1161.8395241697835,1,node+edge,38,3.122490499999913,0.3572692999987339,betweenness,email-Eu-core,2
0.8926276184647396,0.9777866681776952,0.8888888888888888,0.7959183673469388,1097.1961951444555,1,node+edge,38,2.98589389999961,0.3572692999987339,betweenness,email-Eu-core,3
0.896539819975532,0.980803056830112,0.8888888888888888,0.7755102040816326,1135.0882331913483,1,node+edge,38,3.4010638999998264,0.3572692999987339,betweenness,email-Eu-core,4
0.8960995144572388,0.9814886022981792,0.6666666666666666,0.8163265306122449,1236.8472921063228,1,node+edge,38,3.4515193000006548,0.3572692999987339,betweenness,email-Eu-core,5
0.8916142170812179,0.977672882317113,0.8888888888888888,0.7959183673469388,1137.70463261311,1,node+edge,38,3.278548199999932,0.3572692999987339,betweenness,email-Eu-core,6
0.8924283890002431,0.9789691435669012,0.8888888888888888,0.7755102040816326,1087.0759585218188,1,node+edge,38,0.935350799999469,0.3572692999987339,betweenness,email-Eu-core,7
0.8919572011101031,0.9789859603911342,0.8888888888888888,0.7755102040816326,1108.2700876101917,1,node+edge,38,0.8984332999998514,0.3572692999987339,betweenness,email-Eu-core,8
0.8968546342153999,0.9808937049509534,0.8888888888888888,0.7959183673469388,1098.4532475957687,1,node+edge,38,0.9003791999994064,0.3572692999987339,betweenness,email-Eu-core,9
0.8985447227518872,0.978561200503618,0.8888888888888888,0.7959183673469388,1063.279122172543,2,node,35,0.9115169999995488,0.4526431999884153,betweenness,email-Eu-core,0
0.8989797729546842,0.9781058440914092,0.8888888888888888,0.8367346938775511,1077.8223224208002,2,node,35,0.9301400000003924,0.4526431999884153,betweenness,email-Eu-core,1
0.8985462364821655,0.9784221037089508,0.8888888888888888,0.7959183673469388,1082.51739317445,2,node,35,0.9472141000005648,0.4526431999884153,betweenness,email-Eu-core,2
0.8985274445567671,0.9780814950614856,0.8888888888888888,0.8367346938775511,1076.158066306983,2,node,35,0.8767545999999129,0.4526431999884153,betweenness,email-Eu-core,3
0.8991791427817518,0.9784040324414128,0.8888888888888888,0.8163265306122449,1095.9951074958149,2,node,35,0.9303601999999956,0.4526431999884153,betweenness,email-Eu-core,4
0.8982943453516894,0.9784045612400766,0.8888888888888888,0.8367346938775511,1183.0950232676382,2,node,35,0.91224450000027,0.4526431999884153,betweenness,email-Eu-core,5
0.8971516766225455,0.9782292309240158,0.8888888888888888,0.8163265306122449,1088.205391732247,2,node,35,0.8910085999996227,0.4526431999884153,betweenness,email-Eu-core,6
0.8965224361636046,0.9774021698535668,0.8888888888888888,0.8163265306122449,1062.6720691354149,2,node,35,0.9123281000001952,0.4526431999884153,betweenness,email-Eu-core,7
0.8956699662724069,0.9780017012470396,1.0,0.8163265306122449,1068.6930876036947,2,node,35,0.9111414000008152,0.4526431999884153,betweenness,email-Eu-core,8
0.8989719906780359,0.9797271244362898,0.8888888888888888,0.7959183673469388,1056.4901712037222,2,node,35,0.8716795999998794,0.4526431999884153,betweenness,email-Eu-core,9
0.8995837158112587,0.9794054054967783,0.8888888888888888,0.8163265306122449,1086.7455517858325,3,node,45,1.0088947000003827,0.8314504000063607,betweenness,email-Eu-core,0
0.9005420061395772,0.9790002451056772,0.8888888888888888,0.8163265306122449,1091.8883290612164,3,node,45,1.0322634000003743,0.8314504000063607,betweenness,email-Eu-core,1
0.8993064422621513,0.9792647878253428,0.8888888888888888,0.8163265306122449,1097.2489686296929,3,node,45,1.0686331000006248,0.8314504000063607,betweenness,email-Eu-core,2
0.8989043218426859,0.9789485609435914,0.8888888888888888,0.8163265306122449,1071.881834255847,3,node,45,1.0877866999999242,0.8314504000063607,betweenness,email-Eu-core,3
0.9004696035340787,0.979584601463948,0.8888888888888888,0.8163265306122449,1093.1492257371845,3,node,45,1.0763010000000577,0.8314504000063607,betweenness,email-Eu-core,4
0.8989187021892069,0.978213639522954,0.8888888888888888,0.8367346938775511,1175.7490709532476,3,node,45,1.0323134999998729,0.8314504000063607,betweenness,email-Eu-core,5
0.8956281333982932,0.977299452508951,0.8888888888888888,0.8163265306122449,1095.6913837218,3,node,45,1.0666386000002603,0.8314504000063607,betweenness,email-Eu-core,6
0.8972289736499912,0.9776563609617598,0.8888888888888888,0.8163265306122449,1075.2368143669476,3,node,45,1.018460000000232,0.8314504000063607,betweenness,email-Eu-core,7
0.8965900275186451,0.9787293540649092,1.0,0.8163265306122449,1089.2639532065746,3,node,45,0.974480300000323,0.8314504000063607,betweenness,email-Eu-core,8
0.8977561623528685,0.9783473808727814,0.8888888888888888,0.7959183673469388,1071.096132384307,3,node,45,0.976355899999362,0.8314504000063607,betweenness,email-Eu-core,9
0.9027418166363588,0.9801260554426582,0.8888888888888888,0.8367346938775511,1043.4897060602636,2,node+edge,80,1.617016300006071,0.6275375999885,betweenness,email-Eu-core,0
0.8966581153149686,0.9742148885169952,0.6666666666666666,0.8367346938775511,1096.880796758344,2,node+edge,80,1.7022884000034535,0.6275375999885,betweenness,email-Eu-core,1
0.9005544112251983,0.9793526261676876,0.8888888888888888,0.8163265306122449,1054.9441304405686,2,node+edge,80,1.6567937999789135,0.6275375999885,betweenness,email-Eu-core,2
0.901571834790781,0.9796877098124784,0.8888888888888888,0.8367346938775511,1039.1312880600992,2,node+edge,80,1.672799699997995,0.6275375999885,betweenness,email-Eu-core,3
0.8983857581228354,0.9772073425929584,1.0,0.8163265306122449,1057.1000579717872,2,node+edge,80,1.6050737999903504,0.6275375999885,betweenness,email-Eu-core,4
0.9021613228854864,0.979790127702412,0.7777777777777778,0.8367346938775511,1181.815736830698,2,node+edge,80,1.5385939999832772,0.6275375999885,betweenness,email-Eu-core,5
0.8985841078718859,0.9777497729551148,0.8888888888888888,0.8367346938775511,1077.2628691346022,2,node+edge,80,1.5615829000016674,0.6275375999885,betweenness,email-Eu-core,6
0.8991907573264478,0.9792467687819832,0.8888888888888888,0.8163265306122449,1043.0043245673428,2,node+edge,80,1.5791617000068072,0.6275375999885,betweenness,email-Eu-core,7
0.90111387297538,0.980378163357242,0.8888888888888888,0.8367346938775511,1058.421548421654,2,node+edge,80,1.6792010000208393,0.6275375999885,betweenness,email-Eu-core,8
0.9020095971210066,0.9811574345010398,0.8888888888888888,0.8367346938775511,1056.2180727605232,2,node+edge,80,1.557213899999624,0.6275375999885,betweenness,email-Eu-core,9
0.9031087033053812,0.9807058106010836,0.8888888888888888,0.8367346938775511,1042.925933656509,3,node+edge,93,1.7863547000160906,1.0063448000064454,betweenness,email-Eu-core,0
0.8993971160717265,0.9771972188707364,0.6666666666666666,0.8367346938775511,1110.1436896562177,3,node+edge,93,1.749776099983137,1.0063448000064454,betweenness,email-Eu-core,1
0.9015182463703824,0.9796228133728128,0.8888888888888888,0.8163265306122449,1066.711371102164,3,node+edge,93,1.783995399979176,1.0063448000064454,betweenness,email-Eu-core,2
0.8991114849948917,0.9785461045364786,0.8888888888888888,0.8163265306122449,1043.6795758405328,3,node+edge,93,1.7594375000044238,1.0063448000064454,betweenness,email-Eu-core,3
0.8971115350952249,0.9769150366952726,1.0,0.8163265306122449,1059.6821175208386,3,node+edge,93,1.7766602999763563,1.0063448000064454,betweenness,email-Eu-core,4
0.8986258194249833,0.976871560147662,0.6666666666666666,0.8163265306122449,1169.0855461418184,3,node+edge,93,1.7516553000023125,1.0063448000064454,betweenness,email-Eu-core,5
0.8964225707853787,0.9767044169291912,0.8888888888888888,0.8367346938775511,1082.9876889455932,3,node+edge,93,1.737926100002369,1.0063448000064454,betweenness,email-Eu-core,6
0.8978857475854262,0.9774356740902964,0.8888888888888888,0.8367346938775511,1050.850350990383,3,node+edge,93,1.796183399972506,1.0063448000064454,betweenness,email-Eu-core,7
0.8977040052670314,0.9775584444006926,0.8888888888888888,0.8163265306122449,1066.931530062094,3,node+edge,93,1.7662952000100631,1.0063448000064454,betweenness,email-Eu-core,8
0.8999035914827463,0.9793225490488624,0.8888888888888888,0.8367346938775511,1064.589284883765,3,node+edge,93,1.886404899996705,1.0063448000064454,betweenness,email-Eu-core,9
0.9599939868533364,0.9976938740696109,0.8888888888888888,0.9591836734693876,2.1220479722631342,2,node+edge,80,1.3420177999942098,0.6275375999885,spread_mean,email-Eu-core,0
0.9598086498901428,0.9976488514230252,0.8888888888888888,0.979591836734694,2.222121856234349,2,node+edge,80,1.2969231000170112,0.6275375999885,spread_mean,email-Eu-core,1
0.960302718319235,0.997702912370018,1.0,0.9591836734693876,2.1125386069051824,2,node+edge,80,1.2601838999835309,0.6275375999885,spread_mean,email-Eu-core,2
0.9608887927929244,0.9977893805485047,0.8888888888888888,0.979591836734694,2.0626472669843503,2,node+edge,80,1.2506091999821365,0.6275375999885,spread_mean,email-Eu-core,3
0.9607321244770504,0.9977470493430596,0.8888888888888888,0.979591836734694,2.10591993588496,2,node+edge,80,1.293070100015029,0.6275375999885,spread_mean,email-Eu-core,4
0.95905065901112,0.9975792299693976,1.0,0.979591836734694,2.1536602772469835,2,node+edge,80,1.3220237000205088,0.6275375999885,spread_mean,email-Eu-core,5
0.9603200998971604,0.9977254205355032,1.0,0.979591836734694,2.1145111541592407,2,node+edge,80,1.2267794999934267,0.6275375999885,spread_mean,email-Eu-core,6
0.9602441508236268,0.997703065742738,1.0,0.979591836734694,2.1033211843121538,2,node+edge,80,1.2505293999856804,0.6275375999885,spread_mean,email-Eu-core,7
0.9594698533801368,0.9976454150906212,0.8888888888888888,0.979591836734694,2.152436324009861,2,node+edge,80,1.2459116999816615,0.6275375999885,spread_mean,email-Eu-core,8
0.9607652349446836,0.9977718296656148,0.8888888888888888,0.9591836734693876,2.077388632877517,2,node+edge,80,1.2793265000218526,0.6275375999885,spread_mean,email-Eu-core,9
0.9620409306468306,0.9979428412308198,0.8888888888888888,0.9591836734693876,2.0506893007213804,3,node+edge,93,1.3913098000048194,1.0063448000064454,spread_mean,email-Eu-core,0
0.9621655572247444,0.9979687450635212,0.8888888888888888,0.979591836734694,2.13396636466382,3,node+edge,93,1.368672400014475,1.0063448000064454,spread_mean,email-Eu-core,1
0.9624649917954202,0.9979712330759792,0.8888888888888888,0.9591836734693876,2.0320729052091617,3,node+edge,93,1.4420977999980096,1.0063448000064454,spread_mean,email-Eu-core,2
0.9635988282643362,0.998121645551126,0.8888888888888888,0.979591836734694,1.9685037314894345,3,node+edge,93,1.3836576000030618,1.0063448000064454,spread_mean,email-Eu-core,3
0.9630138354720532,0.9980530568767134,0.8888888888888888,0.979591836734694,2.010667509846908,3,node+edge,93,1.38043399999151,1.0063448000064454,spread_mean,email-Eu-core,4
0.9613158978909332,0.9978526707261536,0.8888888888888888,0.979591836734694,2.0797949546100103,3,node+edge,93,1.3953090000140946,1.0063448000064454,spread_mean,email-Eu-core,5
0.9625194477124202,0.9979634903819852,0.8888888888888888,0.9591836734693876,2.021350386088577,3,node+edge,93,1.355808899999829,1.0063448000064454,spread_mean,email-Eu-core,6
0.9626988384636276,0.9980071579498696,0.8888888888888888,0.979591836734694,1.9937209081506169,3,node+edge,93,1.3595538999943528,1.0063448000064454,spread_mean,email-Eu-core,7
0.9619657270543656,0.9979463213502472,0.8888888888888888,0.979591836734694,2.0606714321870574,3,node+edge,93,1.3541181000182403,1.0063448000064454,spread_mean,email-Eu-core,8
0.9628986671243058,0.998022843594484,0.8888888888888888,0.979591836734694,1.9994359004876376,3,node+edge,93,1.393598299997393,1.0063448000064454,spread_mean,email-Eu-core,9
0.9551763016173658,0.9967829776215136,0.4444444444444444,0.7142857142857143,0.1764836025423334,2,node+edge,80,1.3617434999905529,0.6275375999885,spread_cv,email-Eu-core,0
0.9542754060496542,0.9965635446519092,0.3333333333333333,0.7142857142857143,0.1870285690572638,2,node+edge,80,1.3218231000064409,0.6275375999885,spread_cv,email-Eu-core,1
0.9549290003200382,0.9965029646330212,0.2222222222222222,0.7346938775510204,0.1811517941466632,2,node+edge,80,1.333640299999388,0.6275375999885,spread_cv,email-Eu-core,2
0.9552268005015088,0.996706561813787,0.4444444444444444,0.7346938775510204,0.181469675971319,2,node+edge,80,1.3426852999837138,0.6275375999885,spread_cv,email-Eu-core,3
0.9553254627064988,0.9966517246518576,0.3333333333333333,0.7346938775510204,0.1772145110736238,2,node+edge,80,1.2765053999901284,0.6275375999885,spread_cv,email-Eu-core,4
0.9546860022176782,0.9966485418225266,0.4444444444444444,0.7346938775510204,0.1764168349574928,2,node+edge,80,1.2638693999906536,0.6275375999885,spread_cv,email-Eu-core,5
0.9539990816195306,0.9960139183637384,0.3333333333333333,0.7346938775510204,0.2053374613156883,2,node+edge,80,1.2508645000052638,0.6275375999885,spread_cv,email-Eu-core,6
0.9543515059840032,0.9965562526266082,0.1111111111111111,0.7551020408163265,0.1855171654183214,2,node+edge,80,1.283235000009881,0.6275375999885,spread_cv,email-Eu-core,7
0.9528152684890704,0.9957489339051308,0.3333333333333333,0.7142857142857143,0.2200206041780953,2,node+edge,80,1.2908234000205994,0.6275375999885,spread_cv,email-Eu-core,8
0.955346239631828,0.996655586639104,0.3333333333333333,0.7142857142857143,0.1793904186405431,2,node+edge,80,1.2739740000106394,0.6275375999885,spread_cv,email-Eu-core,9
0.9577833722152658,0.9971720138466076,0.3333333333333333,0.7142857142857143,0.1693127564379255,3,node+edge,93,1.409168200014392,1.0063448000064454,spread_cv,email-Eu-core,0
0.9574096535728632,0.9971111146705272,0.3333333333333333,0.7142857142857143,0.1661608449484,3,node+edge,93,1.3761549000046216,1.0063448000064454,spread_cv,email-Eu-core,1
0.9568729851389182,0.9967901506597168,0.2222222222222222,0.7551020408163265,0.1827998842811582,3,node+edge,93,1.4155469000106675,1.0063448000064454,spread_cv,email-Eu-core,2
0.9579780190895556,0.997091128946956,0.4444444444444444,0.673469387755102,0.1733367553305773,3,node+edge,93,1.4210007000074256,1.0063448000064454,spread_cv,email-Eu-core,3
0.9574012409689696,0.9968861328438736,0.3333333333333333,0.7346938775510204,0.1727451491071121,3,node+edge,93,1.41422799997963,1.0063448000064454,spread_cv,email-Eu-core,4
0.95679061290083,0.9969805689785374,0.4444444444444444,0.7142857142857143,0.1669859197315573,3,node+edge,93,1.4653262000065297,1.0063448000064454,spread_cv,email-Eu-core,5
0.9565032053926292,0.9964748606426856,0.1111111111111111,0.7142857142857143,0.1906649265569599,3,node+edge,93,1.3837574000062889,1.0063448000064454,spread_cv,email-Eu-core,6
0.956662040125175,0.996923431619238,0.2222222222222222,0.7346938775510204,0.177081870306264,3,node+edge,93,1.387036200001603,1.0063448000064454,spread_cv,email-Eu-core,7
0.9559948270576708,0.9963501204994244,0.4444444444444444,0.7551020408163265,0.1970638195298676,3,node+edge,93,1.4335733000189066,1.0063448000064454,spread_cv,email-Eu-core,8
0.957524974112482,0.9969955630128868,0.4444444444444444,0.7346938775510204,0.171288055464075,3,node+edge,93,1.42486899998039,1.0063448000064454,spread_cv,email-Eu-core,9
0.0929321902818481,0.1337172916266878,0.2222222222222222,0.3469387755102041,0.0221361893015751,2,node+edge,80,3.170033499976853,0.6275375999885,spread_resid,email-Eu-core,0
0.1052899434506256,0.1432697752460028,0.1111111111111111,0.3265306122448979,0.0221595910738294,2,node+edge,80,3.496993200009456,0.6275375999885,spread_resid,email-Eu-core,1
0.1139198062970024,0.1589047248665277,0.1111111111111111,0.3265306122448979,0.0227257855673271,2,node+edge,80,3.442736800003331,0.6275375999885,spread_resid,email-Eu-core,2
0.066624028624983,0.0930748736912229,0.1111111111111111,0.3061224489795918,0.0229399894079729,2,node+edge,80,3.2696899000147823,0.6275375999885,spread_resid,email-Eu-core,3
0.0986736786498466,0.1371061058639134,0.0,0.3877551020408163,0.022825768265204,2,node+edge,80,3.423293600004399,0.6275375999885,spread_resid,email-Eu-core,4
0.0783766454527414,0.1110329072227332,0.1111111111111111,0.3469387755102041,0.0212837347592907,2,node+edge,80,3.0995184000057634,0.6275375999885,spread_resid,email-Eu-core,5
0.0915382389030052,0.1284250230219876,0.1111111111111111,0.3469387755102041,0.0273749003520439,2,node+edge,80,3.1790900000196416,0.6275375999885,spread_resid,email-Eu-core,6
0.080986409474533,0.1155144969399426,0.0,0.3061224489795918,0.0226950720486075,2,node+edge,80,3.4597659000137355,0.6275375999885,spread_resid,email-Eu-core,7
0.0713333007906631,0.1011942039360428,0.2222222222222222,0.2857142857142857,0.0292864099597286,2,node+edge,80,3.7144695000024512,0.6275375999885,spread_resid,email-Eu-core,8
0.0695327271723356,0.0988087194839696,0.0,0.3469387755102041,0.0212616724073392,2,node+edge,80,3.7992749999975786,0.6275375999885,spread_resid,email-Eu-core,9
0.0816187420733958,0.1188713057888336,0.2222222222222222,0.3469387755102041,0.0211116144746162,3,node+edge,93,4.06100400001742,1.0063448000064454,spread_resid,email-Eu-core,0
0.0693102488131896,0.0971395864543417,0.2222222222222222,0.3061224489795918,0.0217999054010056,3,node+edge,93,4.102718399983132,1.0063448000064454,spread_resid,email-Eu-core,1
0.1053502253817291,0.1462421475257674,0.0,0.3469387755102041,0.0233742959366192,3,node+edge,93,4.0222357000166085,1.0063448000064454,spread_resid,email-Eu-core,2
0.0518127378633224,0.0753619399663057,0.2222222222222222,0.3265306122448979,0.0217936796915892,3,node+edge,93,3.7127822999900673,1.0063448000064454,spread_resid,email-Eu-core,3
0.0696154132837769,0.1002742266122574,0.0,0.2857142857142857,0.0224680596559487,3,node+edge,93,3.502970200002892,1.0063448000064454,spread_resid,email-Eu-core,4
0.0742937345455126,0.1054960286175518,0.3333333333333333,0.3061224489795918,0.020401404590632,3,node+edge,93,3.4573135999962687,1.0063448000064454,spread_resid,email-Eu-core,5
0.0970137236226961,0.1367543829595444,0.0,0.3469387755102041,0.0269599698005431,3,node+edge,93,3.877444000012474,1.0063448000064454,spread_resid,email-Eu-core,6
0.069252711851118,0.1019311221166126,0.1111111111111111,0.3265306122448979,0.0231479337198231,3,node+edge,93,3.867848800000502,1.0063448000064454,spread_resid,email-Eu-core,7
0.0719100977243984,0.1014477614352723,0.3333333333333333,0.2857142857142857,0.026893294532875,3,node+edge,93,3.6507172000128776,1.0063448000064454,spread_resid,email-Eu-core,8
0.0826259906050359,0.1159592436651592,0.1111111111111111,0.3061224489795918,0.0214428042214074,3,node+edge,93,3.58961980001186,1.0063448000064454,spread_resid,email-Eu-core,9
0.9634700845630126,0.998102802131158,0.8888888888888888,0.979591836734694,1.994282267329018,2,node+edge+subgraph,144,1.8190450000001877,16.57047499998771,spread_mean,email-Eu-core,0
0.9637100303277528,0.9981530856669456,0.8888888888888888,0.979591836734694,2.081599998326448,2,node+edge+subgraph,144,1.816144799999165,16.57047499998771,spread_mean,email-Eu-core,1
0.9642483525862552,0.998192158886318,0.8888888888888888,1.0,1.9315884110846584,2,node+edge+subgraph,144,1.7676666000006662,16.57047499998771,spread_mean,email-Eu-core,2
0.9636358956188084,0.998125914346465,0.8888888888888888,0.9591836734693876,1.9838568074675544,2,node+edge+subgraph,144,2.284203199997137,16.57047499998771,spread_mean,email-Eu-core,3
0.9639652348219548,0.998142538839959,0.8888888888888888,0.979591836734694,1.996414256645867,2,node+edge+subgraph,144,1.859269900000072,16.57047499998771,spread_mean,email-Eu-core,4
0.9630004118942852,0.9980698660349352,1.0,0.979591836734694,1.9736023934282616,2,node+edge+subgraph,144,1.7313716999997268,16.57047499998771,spread_mean,email-Eu-core,5
0.9640556962800082,0.998151298604509,1.0,0.979591836734694,1.9272496640014465,2,node+edge+subgraph,144,1.6751665999981924,16.57047499998771,spread_mean,email-Eu-core,6
0.9643957030738296,0.998211384130515,0.8888888888888888,0.979591836734694,1.9213006907575751,2,node+edge+subgraph,144,2.0232389999982843,16.57047499998771,spread_mean,email-Eu-core,7
0.9628429895834264,0.9980467194116608,0.8888888888888888,0.979591836734694,2.046258918950102,2,node+edge+subgraph,144,1.701855200000864,16.57047499998771,spread_mean,email-Eu-core,8
0.9639859761888236,0.9981434902662782,1.0,0.979591836734694,1.941386181571229,2,node+edge+subgraph,144,1.7003350999984832,16.57047499998771,spread_mean,email-Eu-core,9
0.9633588823850964,0.9980922490681602,1.0,0.9591836734693876,1.995281211702255,2,node+edge+subgraph+dynamic,145,1.7533798000004026,16.57047499998771,spread_mean,email-Eu-core,0
0.9634618473646483,0.9981273257971276,0.8888888888888888,0.979591836734694,2.10322418563179,2,node+edge+subgraph+dynamic,145,1.7564142999981414,16.57047499998771,spread_mean,email-Eu-core,1
0.9645078254033972,0.9982191361710688,1.0,0.979591836734694,1.9279498669493669,2,node+edge+subgraph+dynamic,145,2.0571416999991925,16.57047499998771,spread_mean,email-Eu-core,2
0.9634999819857436,0.9981097404943294,0.8888888888888888,0.979591836734694,1.963572280649816,2,node+edge+subgraph+dynamic,145,2.157190300000366,16.57047499998771,spread_mean,email-Eu-core,3
0.963734592555312,0.998126878244545,0.8888888888888888,0.979591836734694,1.9898834750336,2,node+edge+subgraph+dynamic,145,1.870034999999916,16.57047499998771,spread_mean,email-Eu-core,4
0.9628974464906572,0.9980596384518072,0.8888888888888888,1.0,1.97076622224246,2,node+edge+subgraph+dynamic,145,2.110574099999212,16.57047499998771,spread_mean,email-Eu-core,5
0.9640804080532132,0.9981672158286342,1.0,0.979591836734694,1.9133782178303944,2,node+edge+subgraph+dynamic,145,1.8829213999997592,16.57047499998771,spread_mean,email-Eu-core,6
0.964107400834232,0.9981621740584224,1.0,0.979591836734694,1.9299205515759037,2,node+edge+subgraph+dynamic,145,1.7980655999999726,16.57047499998771,spread_mean,email-Eu-core,7
0.9626988384636276,0.9980417370639746,0.8888888888888888,0.979591836734694,2.024834622842608,2,node+edge+subgraph+dynamic,145,1.896390699999756,16.57047499998771,spread_mean,email-Eu-core,8
0.963631777023867,0.9981073557274316,1.0,0.979591836734694,1.9497863345660589,2,node+edge+subgraph+dynamic,145,1.7451703000006091,16.57047499998771,spread_mean,email-Eu-core,9
0.96861009634225,0.9986424980409546,0.8888888888888888,0.979591836734694,1.790387530326336,3,node+edge+subgraph,168,2.0655636000010418,16.949282200005655,spread_mean,email-Eu-core,0
0.9686317512826724,0.998631002968018,0.8888888888888888,0.979591836734694,1.9036495462426173,3,node+edge+subgraph,168,2.2707397999984096,16.949282200005655,spread_mean,email-Eu-core,1
0.9684946458318686,0.9986274320554244,0.8888888888888888,1.0,1.7570400684954737,3,node+edge+subgraph,168,2.057821499998681,16.949282200005655,spread_mean,email-Eu-core,2
0.9686441070674964,0.9986417062525194,0.8888888888888888,0.9591836734693876,1.782047523371952,3,node+edge+subgraph,168,2.1418942000018437,16.949282200005655,spread_mean,email-Eu-core,3
0.968269184261987,0.9986042322208298,1.0,0.979591836734694,1.8068022960529968,3,node+edge+subgraph,168,2.098788400002377,16.949282200005655,spread_mean,email-Eu-core,4
0.9687664744974462,0.998644607384741,0.8888888888888888,1.0,1.7840188938737784,3,node+edge+subgraph,168,2.057685699997819,16.949282200005655,spread_mean,email-Eu-core,5
0.9691257284159353,0.998679202136842,1.0,0.979591836734694,1.7073395001774463,3,node+edge+subgraph,168,2.173147199999221,16.949282200005655,spread_mean,email-Eu-core,6
0.969165045837455,0.9986928754553324,0.8888888888888888,0.979591836734694,1.7421672984290852,3,node+edge+subgraph,168,2.203809800001181,16.949282200005655,spread_mean,email-Eu-core,7
0.9681601066022868,0.9986102567348056,0.8888888888888888,0.979591836734694,1.8371607936514065,3,node+edge+subgraph,168,2.1508547000012186,16.949282200005655,spread_mean,email-Eu-core,8
0.96868529301691,0.9986530166823993,0.8888888888888888,0.979591836734694,1.7648020128490025,3,node+edge+subgraph,168,2.1740026999978,16.949282200005655,spread_mean,email-Eu-core,9
0.9683259129986864,0.9986299357648952,0.8888888888888888,0.979591836734694,1.778389599780689,3,node+edge+subgraph+dynamic,170,2.1961458000005223,16.949282200005655,spread_mean,email-Eu-core,0
0.9683516868266604,0.9986068423375056,0.8888888888888888,0.979591836734694,1.91901871638694,3,node+edge+subgraph+dynamic,170,2.1836121000014828,16.949282200005655,spread_mean,email-Eu-core,1
0.968255766095452,0.9985963987891144,1.0,0.979591836734694,1.755948531356075,3,node+edge+subgraph+dynamic,170,2.188706300003105,16.949282200005655,spread_mean,email-Eu-core,2
0.9680839781554724,0.9985853919538872,0.8888888888888888,0.9591836734693876,1.7797995952717578,3,node+edge+subgraph+dynamic,170,2.166905300000508,16.949282200005655,spread_mean,email-Eu-core,3
0.9679438139215444,0.998582468875404,0.8888888888888888,0.979591836734694,1.828107756028295,3,node+edge+subgraph+dynamic,170,2.137692599997536,16.949282200005655,spread_mean,email-Eu-core,4
0.9688817957495096,0.9986503032847696,0.8888888888888888,0.979591836734694,1.7601243214698483,3,node+edge+subgraph+dynamic,170,2.1221000000005006,16.949282200005655,spread_mean,email-Eu-core,5
0.9689156783436912,0.9986632723942552,1.0,0.979591836734694,1.7024427843389849,3,node+edge+subgraph+dynamic,170,2.086833500001376,16.949282200005655,spread_mean,email-Eu-core,6
0.9689755900800052,0.9986643458816108,0.8888888888888888,0.979591836734694,1.744110409129603,3,node+edge+subgraph+dynamic,170,2.1717815000010887,16.949282200005655,spread_mean,email-Eu-core,7
0.9683825111871192,0.9986244151147884,0.8888888888888888,0.979591836734694,1.8189166877112972,3,node+edge+subgraph+dynamic,170,2.174421899999288,16.949282200005655,spread_mean,email-Eu-core,8
0.9688871041690366,0.9986783603075142,0.8888888888888888,0.979591836734694,1.746609569515824,3,node+edge+subgraph+dynamic,170,2.1209625999981654,16.949282200005655,spread_mean,email-Eu-core,9
0.9582693664183498,0.997160997600571,0.3333333333333333,0.7346938775510204,0.1684030071361316,2,node+edge+subgraph,144,1.9346632000015236,16.57047499998771,spread_cv,email-Eu-core,0
0.9578245581646796,0.9970117587629272,0.3333333333333333,0.7142857142857143,0.18059133361659,2,node+edge+subgraph,144,2.281754399999045,16.57047499998771,spread_cv,email-Eu-core,1
0.958063263979292,0.9968787938860376,0.3333333333333333,0.7346938775510204,0.1792569194360868,2,node+edge+subgraph,144,2.10153210000135,16.57047499998771,spread_cv,email-Eu-core,2
0.9573931792100608,0.9969542646088396,0.4444444444444444,0.7346938775510204,0.1810413347511688,2,node+edge+subgraph,144,1.893029499999102,16.57047499998771,spread_cv,email-Eu-core,3
0.9581343531330964,0.9969729233376118,0.4444444444444444,0.7346938775510204,0.1710657348804963,2,node+edge+subgraph,144,1.8434964000007312,16.57047499998771,spread_cv,email-Eu-core,4
0.9572024740912708,0.9969418243400028,0.5555555555555556,0.7142857142857143,0.1743913400603167,2,node+edge+subgraph,144,1.9722256999993988,16.57047499998771,spread_cv,email-Eu-core,5
0.9564579005217342,0.9961959743525144,0.4444444444444444,0.7551020408163265,0.2076823402950889,2,node+edge+subgraph,144,1.9623667000014395,16.57047499998771,spread_cv,email-Eu-core,6
0.9576299109329744,0.9969161083192928,0.2222222222222222,0.7551020408163265,0.1792021945026448,2,node+edge+subgraph,144,1.9511420000017097,16.57047499998771,spread_cv,email-Eu-core,7
0.9554470533664484,0.9960476744699782,0.3333333333333333,0.7551020408163265,0.2159596363930304,2,node+edge+subgraph,144,1.908659999997326,16.57047499998771,spread_cv,email-Eu-core,8
0.9578585799592364,0.9969979540390076,0.4444444444444444,0.6938775510204082,0.1746412435137274,2,node+edge+subgraph,144,1.9488820000005944,16.57047499998771,spread_cv,email-Eu-core,9
0.958322908152588,0.9971535115606508,0.2222222222222222,0.7346938775510204,0.1717560951823246,2,node+edge+subgraph+dynamic,145,1.9140315000004196,16.57047499998771,spread_cv,email-Eu-core,0
0.9578091568708282,0.9970166378425966,0.3333333333333333,0.7142857142857143,0.1776759432231737,2,node+edge+subgraph+dynamic,145,2.0181472999975085,16.57047499998771,spread_cv,email-Eu-core,1
0.9580509081435784,0.9968642474337026,0.4444444444444444,0.7346938775510204,0.1789772402294894,2,node+edge+subgraph+dynamic,145,1.952249000001757,16.57047499998771,spread_cv,email-Eu-core,2
0.957026624637701,0.9969052923879752,0.4444444444444444,0.7346938775510204,0.183296689265318,2,node+edge+subgraph+dynamic,145,1.8935108999976364,16.57047499998771,spread_cv,email-Eu-core,3
0.9573106316003698,0.9968504802654564,0.4444444444444444,0.7346938775510204,0.1750021462898301,2,node+edge+subgraph+dynamic,145,1.9667230999984893,16.57047499998771,spread_cv,email-Eu-core,4
0.9571901182555576,0.9969631057246584,0.5555555555555556,0.7142857142857143,0.173709733370951,2,node+edge+subgraph+dynamic,145,1.902891199999431,16.57047499998771,spread_cv,email-Eu-core,5
0.956227257542633,0.9961623998381848,0.3333333333333333,0.7551020408163265,0.209340089836537,2,node+edge+subgraph+dynamic,145,2.1026875999996264,16.57047499998771,spread_cv,email-Eu-core,6
0.9568556142867348,0.9968332736599144,0.1111111111111111,0.7755102040816326,0.1810444056031873,2,node+edge+subgraph+dynamic,145,1.9930041000006893,16.57047499998771,spread_cv,email-Eu-core,7
0.9555582555443656,0.9959461622658068,0.3333333333333333,0.7346938775510204,0.2230419152150748,2,node+edge+subgraph+dynamic,145,2.0320816000021296,16.57047499998771,spread_cv,email-Eu-core,8
0.95751261834038,0.9969466533843292,0.3333333333333333,0.6938775510204082,0.176920509355084,2,node+edge+subgraph+dynamic,145,1.9439044000027932,16.57047499998771,spread_cv,email-Eu-core,9
0.9635699981079192,0.9978022933414448,0.2222222222222222,0.7346938775510204,0.1536386768820379,3,node+edge+subgraph,168,2.2273343999986537,16.949282200005655,spread_cv,email-Eu-core,0
0.9633692543167311,0.9977571048324062,0.3333333333333333,0.7551020408163265,0.1515497907295772,3,node+edge+subgraph,168,2.1894174000008206,16.949282200005655,spread_cv,email-Eu-core,1
0.9624701787170072,0.9974850504610272,0.3333333333333333,0.7755102040816326,0.1655703630972303,3,node+edge+subgraph,168,2.18602699999974,16.949282200005655,spread_cv,email-Eu-core,2
0.963225103642208,0.9976958332232494,0.4444444444444444,0.7551020408163265,0.1618102098385756,3,node+edge+subgraph,168,2.182435599999735,16.949282200005655,spread_cv,email-Eu-core,3
0.962288959793213,0.9974633935225248,0.3333333333333333,0.7755102040816326,0.1576149195375929,3,node+edge+subgraph,168,2.2809148999986064,16.949282200005655,spread_cv,email-Eu-core,4
0.9631662241288518,0.997681064532166,0.3333333333333333,0.7551020408163265,0.1485986428874648,3,node+edge+subgraph,168,2.221070800002053,16.949282200005655,spread_cv,email-Eu-core,5
0.9624958042246328,0.9972042112593452,0.1111111111111111,0.7755102040816326,0.1730143514153083,3,node+edge+subgraph,168,2.227257200000168,16.949282200005655,spread_cv,email-Eu-core,6
0.9631900198288428,0.9976156775001976,0.2222222222222222,0.7551020408163265,0.1589891722513284,3,node+edge+subgraph,168,2.193696700000146,16.949282200005655,spread_cv,email-Eu-core,7
0.9618761866897452,0.996981601770509,0.3333333333333333,0.7755102040816326,0.1849434365245768,3,node+edge+subgraph,168,2.241541399998823,16.949282200005655,spread_cv,email-Eu-core,8
0.9634063216330372,0.9976951822632584,0.3333333333333333,0.7551020408163265,0.1532668230163884,3,node+edge+subgraph,168,2.2331182999987504,16.949282200005655,spread_cv,email-Eu-core,9
0.9633434753861428,0.9977663653572112,0.3333333333333333,0.7551020408163265,0.1558108596853819,3,node+edge+subgraph+dynamic,170,2.306645000000572,16.949282200005655,spread_cv,email-Eu-core,0
0.963385728679534,0.997772277207582,0.3333333333333333,0.7551020408163265,0.1530187129596575,3,node+edge+subgraph+dynamic,170,2.3273487000005844,16.949282200005655,spread_cv,email-Eu-core,1
0.9625978556860436,0.9975029143056762,0.4444444444444444,0.7755102040816326,0.1627972439816447,3,node+edge+subgraph+dynamic,170,2.333849499998905,16.949282200005655,spread_cv,email-Eu-core,2
0.963188036325902,0.9976754406496836,0.4444444444444444,0.7551020408163265,0.1640930794039664,3,node+edge+subgraph+dynamic,170,2.280059099997743,16.949282200005655,spread_cv,email-Eu-core,3
0.9621870630741112,0.9974283825231992,0.3333333333333333,0.7755102040816326,0.1586549050701424,3,node+edge+subgraph+dynamic,170,2.2088715999998385,16.949282200005655,spread_cv,email-Eu-core,4
0.9633392058288368,0.997686234656791,0.3333333333333333,0.7551020408163265,0.150734237890026,3,node+edge+subgraph+dynamic,170,2.274492199998349,16.949282200005655,spread_cv,email-Eu-core,5
0.9619233154015068,0.9970656944804268,0.1111111111111111,0.7755102040816326,0.1802210145627248,3,node+edge+subgraph+dynamic,170,2.2750258000014583,16.949282200005655,spread_cv,email-Eu-core,6
0.9624775021703352,0.9975663547621062,0.3333333333333333,0.7551020408163265,0.1598509253140542,3,node+edge+subgraph+dynamic,170,2.237286099996709,16.949282200005655,spread_cv,email-Eu-core,7
0.9621562514341294,0.9969882615920184,0.3333333333333333,0.7755102040816326,0.1846780532395811,3,node+edge+subgraph+dynamic,170,2.2284319999998843,16.949282200005655,spread_cv,email-Eu-core,8
0.963163324781698,0.9976238520703936,0.3333333333333333,0.7551020408163265,0.1546156658991812,3,node+edge+subgraph+dynamic,170,2.240160299999843,16.949282200005655,spread_cv,email-Eu-core,9
0.9058799749257948,0.9806000341129602,0.7777777777777778,0.8571428571428571,1036.1088855533944,2,node+edge+subgraph,144,2.421190500001103,16.57047499998771,betweenness,email-Eu-core,0
0.9068068253699044,0.9809842103937108,0.8888888888888888,0.8367346938775511,1053.4943418989044,2,node+edge+subgraph,144,2.7263700000003155,16.57047499998771,betweenness,email-Eu-core,1
0.9051869296841089,0.9802840131887518,0.8888888888888888,0.8571428571428571,1065.6755152779945,2,node+edge+subgraph,144,2.473495100002765,16.57047499998771,betweenness,email-Eu-core,2
0.9040516883019306,0.9801662947514714,0.8888888888888888,0.8367346938775511,1039.3409358669214,2,node+edge+subgraph,144,2.51257540000006,16.57047499998771,betweenness,email-Eu-core,3
0.9012488531343084,0.9779187736256776,0.8888888888888888,0.8367346938775511,1053.9340740116756,2,node+edge+subgraph,144,2.533769499998016,16.57047499998771,betweenness,email-Eu-core,4
0.9078846580763802,0.9819503723704772,0.6666666666666666,0.8367346938775511,1184.8607338570523,2,node+edge+subgraph,144,2.817132399999537,16.57047499998771,betweenness,email-Eu-core,5
0.9039310188385448,0.9811999798858528,0.8888888888888888,0.8571428571428571,1056.1889338310089,2,node+edge+subgraph,144,2.523536699998658,16.57047499998771,betweenness,email-Eu-core,6
0.9045467254789382,0.98124316475162,0.8888888888888888,0.8571428571428571,1033.869184679248,2,node+edge+subgraph,144,2.62970900000073,16.57047499998771,betweenness,email-Eu-core,7
0.9020281853949312,0.9806294209062134,0.8888888888888888,0.8571428571428571,1047.1870393362435,2,node+edge+subgraph,144,2.419077599999582,16.57047499998771,betweenness,email-Eu-core,8
0.9060529442969544,0.9822837868495542,0.8888888888888888,0.8367346938775511,1060.2648609718954,2,node+edge+subgraph,144,2.394029799997952,16.57047499998771,betweenness,email-Eu-core,9
0.9057855868260272,0.9801794700428064,0.7777777777777778,0.8571428571428571,1035.9755137138131,2,node+edge+subgraph+dynamic,145,2.380688799999916,16.57047499998771,betweenness,email-Eu-core,0
0.9069774330929355,0.9813531875828544,0.8888888888888888,0.8367346938775511,1056.6313841311865,2,node+edge+subgraph+dynamic,145,2.4241269000012835,16.57047499998771,betweenness,email-Eu-core,1
0.9041089679017968,0.9799406624980456,0.8888888888888888,0.8367346938775511,1066.35540518203,2,node+edge+subgraph+dynamic,145,2.385516199999984,16.57047499998771,betweenness,email-Eu-core,2
0.90461323369136,0.9805348755659068,0.7777777777777778,0.8367346938775511,1042.3934239260195,2,node+edge+subgraph+dynamic,145,2.511273500000243,16.57047499998771,betweenness,email-Eu-core,3
0.901507405962148,0.9780929864548346,0.8888888888888888,0.8571428571428571,1058.499668817372,2,node+edge+subgraph+dynamic,145,2.718719099997543,16.57047499998771,betweenness,email-Eu-core,4
0.9086868170484336,0.9822512136944688,0.6666666666666666,0.8367346938775511,1188.3726561689095,2,node+edge+subgraph+dynamic,145,3.642386600000464,16.57047499998771,betweenness,email-Eu-core,5
0.9028914331318452,0.9799518837675192,0.8888888888888888,0.8571428571428571,1054.9914589793525,2,node+edge+subgraph+dynamic,145,3.539358500001981,16.57047499998771,betweenness,email-Eu-core,6
0.9043251699303676,0.9811648794509288,0.8888888888888888,0.8571428571428571,1025.5672546742628,2,node+edge+subgraph+dynamic,145,3.4324712000016007,16.57047499998771,betweenness,email-Eu-core,7
0.9019813908617892,0.9802560979843368,0.8888888888888888,0.8571428571428571,1050.0568033783286,2,node+edge+subgraph+dynamic,145,3.594275800001924,16.57047499998771,betweenness,email-Eu-core,8
0.9060229087811364,0.9825239448358524,0.8888888888888888,0.8367346938775511,1061.655276922806,2,node+edge+subgraph+dynamic,145,3.5383660000006785,16.57047499998771,betweenness,email-Eu-core,9
0.9059484616778736,0.9801197980336924,0.7777777777777778,0.8571428571428571,1059.6586784476856,3,node+edge+subgraph,168,4.033847200000309,16.949282200005655,betweenness,email-Eu-core,0
0.9067858397175822,0.9816605632166469,0.8888888888888888,0.8367346938775511,1066.9243618582473,3,node+edge+subgraph,168,3.9020290000007662,16.949282200005655,betweenness,email-Eu-core,1
0.9044697413037258,0.980030161536778,0.8888888888888888,0.8367346938775511,1077.020739949712,3,node+edge+subgraph,168,4.845189699997718,16.949282200005655,betweenness,email-Eu-core,2
0.903927722318318,0.9809493224856564,0.8888888888888888,0.8367346938775511,1041.4151620520397,3,node+edge+subgraph,168,4.856969700002082,16.949282200005655,betweenness,email-Eu-core,3
0.9000747466021021,0.9772589711675576,0.8888888888888888,0.8571428571428571,1051.6580184505458,3,node+edge+subgraph,168,4.369353399997635,16.949282200005655,betweenness,email-Eu-core,4
0.9056070082132038,0.9795517392255804,0.6666666666666666,0.8571428571428571,1187.892118873949,3,node+edge+subgraph,168,4.27250130000175,16.949282200005655,betweenness,email-Eu-core,5
0.9021417642483812,0.9806619925040228,0.8888888888888888,0.8571428571428571,1060.514991829741,3,node+edge+subgraph,168,4.3618021000002045,16.949282200005655,betweenness,email-Eu-core,6
0.9045663861335486,0.98036573499769,0.8888888888888888,0.8571428571428571,1032.204385093021,3,node+edge+subgraph,168,4.441394699999364,16.949282200005655,betweenness,email-Eu-core,7
0.8994746951827898,0.9784383051879152,0.8888888888888888,0.8571428571428571,1046.8917769793345,3,node+edge+subgraph,168,4.399571500001912,16.949282200005655,betweenness,email-Eu-core,8
0.9037928644796276,0.980371834385092,0.8888888888888888,0.8367346938775511,1054.7053825161092,3,node+edge+subgraph,168,4.660704699999769,16.949282200005655,betweenness,email-Eu-core,9
0.9075807547020014,0.9818893289235372,0.7777777777777778,0.8571428571428571,1052.9843883321682,3,node+edge+subgraph+dynamic,170,4.631908100000146,16.949282200005655,betweenness,email-Eu-core,0
0.9067932863663574,0.9811828274773426,0.8888888888888888,0.8367346938775511,1071.2312466195522,3,node+edge+subgraph+dynamic,170,4.381191300002683,16.949282200005655,betweenness,email-Eu-core,1
0.9036397563055986,0.9797403794076648,0.8888888888888888,0.8367346938775511,1072.07339146506,3,node+edge+subgraph+dynamic,170,4.008212799999456,16.949282200005655,betweenness,email-Eu-core,2
0.9035210279845456,0.9805283257013182,0.8888888888888888,0.8367346938775511,1037.9185450783418,3,node+edge+subgraph+dynamic,170,2.85826740000266,16.949282200005655,betweenness,email-Eu-core,3
0.8994099404471682,0.977181114529679,0.8888888888888888,0.8571428571428571,1059.7129666789494,3,node+edge+subgraph+dynamic,170,2.8010119999999006,16.949282200005655,betweenness,email-Eu-core,4
0.905005767209897,0.9794885801452888,0.6666666666666666,0.8367346938775511,1187.1393900364749,3,node+edge+subgraph+dynamic,170,2.819477900000493,16.949282200005655,betweenness,email-Eu-core,5
0.9010876706261782,0.978373358179764,0.8888888888888888,0.8571428571428571,1067.85510641671,3,node+edge+subgraph+dynamic,170,2.8153990999999223,16.949282200005655,betweenness,email-Eu-core,6
0.9031114810759594,0.980199203493471,0.8888888888888888,0.8571428571428571,1038.2627957837542,3,node+edge+subgraph+dynamic,170,2.8172482999980275,16.949282200005655,betweenness,email-Eu-core,7
0.899593724128769,0.978465835066326,0.7777777777777778,0.8571428571428571,1041.2829661518022,3,node+edge+subgraph+dynamic,170,2.810987799999566,16.949282200005655,betweenness,email-Eu-core,8
0.9032128531938496,0.9803120540341635,0.8888888888888888,0.8367346938775511,1059.8096464567489,3,node+edge+subgraph+dynamic,170,2.7198376000014832,16.949282200005655,betweenness,email-Eu-core,9
0.1034340036406773,0.1457931669667115,0.1111111111111111,0.3877551020408163,0.0216514946977633,2,node+edge+subgraph,144,4.826801700000942,16.57047499998771,spread_resid,email-Eu-core,0
0.108577679202449,0.1487446242206445,0.2222222222222222,0.3265306122448979,0.0228608408184009,2,node+edge+subgraph,144,4.745461300000898,16.57047499998771,spread_resid,email-Eu-core,1
0.1104054541235754,0.1541914246089958,0.1111111111111111,0.3469387755102041,0.0225997859800595,2,node+edge+subgraph,144,4.782227399999101,16.57047499998771,spread_resid,email-Eu-core,2
0.0676457810892089,0.0951258733620356,0.1111111111111111,0.3469387755102041,0.0227170826445542,2,node+edge+subgraph,144,4.817667700001039,16.57047499998771,spread_resid,email-Eu-core,3
0.0881223930121741,0.1233052081769004,0.0,0.2653061224489796,0.0229260733574634,2,node+edge+subgraph,144,5.386815500001831,16.57047499998771,spread_resid,email-Eu-core,4
0.0960843660170898,0.1345687067023622,0.1111111111111111,0.3469387755102041,0.0212864650002061,2,node+edge+subgraph,144,4.951845700001286,16.57047499998771,spread_resid,email-Eu-core,5
0.1112854159244339,0.1542698116048374,0.0,0.3469387755102041,0.0272377219811849,2,node+edge+subgraph,144,5.110986800002138,16.57047499998771,spread_resid,email-Eu-core,6
0.0997487897333225,0.1396945208995657,0.0,0.3265306122448979,0.0223219149142867,2,node+edge+subgraph,144,5.192217299998447,16.57047499998771,spread_resid,email-Eu-core,7
0.1011495822866796,0.1437933409985698,0.1111111111111111,0.2448979591836734,0.0294253029997806,2,node+edge+subgraph,144,4.825740800002677,16.57047499998771,spread_resid,email-Eu-core,8
0.0859178463264731,0.1216144227265524,0.0,0.3061224489795918,0.0213054236313888,2,node+edge+subgraph,144,4.677658200002043,16.57047499998771,spread_resid,email-Eu-core,9
0.1083697323201114,0.1521375061733162,0.1111111111111111,0.3877551020408163,0.0217625651498913,2,node+edge+subgraph+dynamic,145,4.812255999997433,16.57047499998771,spread_resid,email-Eu-core,0
0.1000658219803097,0.1375790309102978,0.2222222222222222,0.3673469387755102,0.0227946865970689,2,node+edge+subgraph+dynamic,145,4.864131199999974,16.57047499998771,spread_resid,email-Eu-core,1
0.1039494285013478,0.1461419238050369,0.1111111111111111,0.3265306122448979,0.0229307920240375,2,node+edge+subgraph+dynamic,145,4.805008499999531,16.57047499998771,spread_resid,email-Eu-core,2
0.0678970992356515,0.09538028212205,0.1111111111111111,0.3265306122448979,0.0227759198644851,2,node+edge+subgraph+dynamic,145,4.752144199999748,16.57047499998771,spread_resid,email-Eu-core,3
0.0879246336562161,0.1234165483929119,0.0,0.2653061224489796,0.0231492797810409,2,node+edge+subgraph+dynamic,145,4.779392700002063,16.57047499998771,spread_resid,email-Eu-core,4
0.0919602552016145,0.1287788026358509,0.1111111111111111,0.3265306122448979,0.021354258233326,2,node+edge+subgraph+dynamic,145,5.783404199999495,16.57047499998771,spread_resid,email-Eu-core,5
0.1123442568371206,0.1554083510836172,0.1111111111111111,0.3469387755102041,0.0274734598766718,2,node+edge+subgraph+dynamic,145,6.689432500003022,16.57047499998771,spread_resid,email-Eu-core,6
0.0964857670796199,0.1345517333794488,0.0,0.3265306122448979,0.0222004034152346,2,node+edge+subgraph+dynamic,145,5.953763599998638,16.57047499998771,spread_resid,email-Eu-core,7
0.1029582526717496,0.1445198315242694,0.1111111111111111,0.2448979591836734,0.029987341402445,2,node+edge+subgraph+dynamic,145,6.1848079999981564,16.57047499998771,spread_resid,email-Eu-core,8
0.0874216352355151,0.1236168816190674,0.0,0.3265306122448979,0.0212944480857611,2,node+edge+subgraph+dynamic,145,5.484920700000657,16.57047499998771,spread_resid,email-Eu-core,9
0.0799625125833019,0.1137329936757326,0.2222222222222222,0.3469387755102041,0.0211907064715102,3,node+edge+subgraph,168,5.954316600000311,16.949282200005655,spread_resid,email-Eu-core,0
0.0931360330898749,0.1275154979163049,0.2222222222222222,0.3265306122448979,0.0213882576645934,3,node+edge+subgraph,168,6.365373299999192,16.949282200005655,spread_resid,email-Eu-core,1
0.0704127031886917,0.0973952016513401,0.1111111111111111,0.3469387755102041,0.0226526713358296,3,node+edge+subgraph,168,7.100007400000322,16.949282200005655,spread_resid,email-Eu-core,2
0.0578732131652425,0.082289406940002,0.3333333333333333,0.2857142857142857,0.0219594188337872,3,node+edge+subgraph,168,7.697036599998682,16.949282200005655,spread_resid,email-Eu-core,3
0.0731009219325356,0.1046306535462969,0.1111111111111111,0.3265306122448979,0.0222201713713849,3,node+edge+subgraph,168,6.909842299999582,16.949282200005655,spread_resid,email-Eu-core,4
0.0868803065148203,0.1209800363937847,0.2222222222222222,0.3061224489795918,0.0203297119690281,3,node+edge+subgraph,168,6.393095799998264,16.949282200005655,spread_resid,email-Eu-core,5
0.0996010858529188,0.1381049933804039,0.1111111111111111,0.3469387755102041,0.0259031347304631,3,node+edge+subgraph,168,6.048939100001007,16.949282200005655,spread_resid,email-Eu-core,6
0.0745510036852864,0.1069301838651951,0.1111111111111111,0.3469387755102041,0.0224272464171618,3,node+edge+subgraph,168,7.838788299999578,16.949282200005655,spread_resid,email-Eu-core,7
0.0850734277478574,0.1187439707066263,0.3333333333333333,0.2448979591836734,0.0272043919782893,3,node+edge+subgraph,168,7.9252540999987104,16.949282200005655,spread_resid,email-Eu-core,8
0.0787449792288232,0.1107241567166547,0.2222222222222222,0.3265306122448979,0.0214114832935096,3,node+edge+subgraph,168,7.450459100000444,16.949282200005655,spread_resid,email-Eu-core,9
0.0731769156425441,0.1051315802530313,0.2222222222222222,0.3265306122448979,0.0211856619873151,3,node+edge+subgraph+dynamic,170,7.9391613000007055,16.949282200005655,spread_resid,email-Eu-core,0
0.1069791309922893,0.1448755830591203,0.2222222222222222,0.3265306122448979,0.0219195168031462,3,node+edge+subgraph+dynamic,170,7.634077100003196,16.949282200005655,spread_resid,email-Eu-core,1
0.0807827200943373,0.1096449726839626,0.1111111111111111,0.3673469387755102,0.0228098040284238,3,node+edge+subgraph+dynamic,170,7.514624100000219,16.949282200005655,spread_resid,email-Eu-core,2
0.0709994363548533,0.0995852530102617,0.3333333333333333,0.3061224489795918,0.0217932534457148,3,node+edge+subgraph+dynamic,170,7.792159500000707,16.949282200005655,spread_resid,email-Eu-core,3
0.0774928276294349,0.1084942178792031,0.1111111111111111,0.3265306122448979,0.0219396872259064,3,node+edge+subgraph+dynamic,170,7.985909499999252,16.949282200005655,spread_resid,email-Eu-core,4
0.0832011547084072,0.1174699215280659,0.2222222222222222,0.3061224489795918,0.0202683188753065,3,node+edge+subgraph+dynamic,170,7.998127200000454,16.949282200005655,spread_resid,email-Eu-core,5
0.088213396037098,0.1246396058412762,0.1111111111111111,0.3265306122448979,0.0259330954426287,3,node+edge+subgraph+dynamic,170,7.730784499999572,16.949282200005655,spread_resid,email-Eu-core,6
0.0620468701575249,0.0895784798003789,0.1111111111111111,0.3469387755102041,0.0227821057004813,3,node+edge+subgraph+dynamic,170,7.813220900003216,16.949282200005655,spread_resid,email-Eu-core,7
0.0869026980234179,0.1220518542130764,0.3333333333333333,0.2653061224489796,0.0272446414809526,3,node+edge+subgraph+dynamic,170,8.03096319999895,16.949282200005655,spread_resid,email-Eu-core,8
0.0824817916685524,0.1166440285482161,0.2222222222222222,0.3469387755102041,0.0215547543228165,3,node+edge+subgraph+dynamic,170,7.831516999998712,16.949282200005655,spread_resid,email-Eu-core,9
0.9572014003619633,0.9974114137324022,0.8888888888888888,0.9795918367346939,2.2472118090770272,1,node+edge+subgraph,56,1.2550118000071961,16.300206699997943,spread_mean,email-Eu-core,0
0.956962343410542,0.9973751226793611,1.0,0.9795918367346939,2.3802658393893243,1,node+edge+subgraph,56,1.3248151000007056,16.300206699997943,spread_mean,email-Eu-core,1
0.9569643141293749,0.9973771475159254,1.0,0.9795918367346939,2.2843155349104722,1,node+edge+subgraph,56,1.35166320001008,16.300206699997943,spread_mean,email-Eu-core,2
0.9568962678091621,0.9973729663167732,1.0,0.9795918367346939,2.258711240049035,1,node+edge+subgraph,56,1.3696963999827858,16.300206699997943,spread_mean,email-Eu-core,3
0.9575480878784334,0.9974414892723429,0.8888888888888888,0.9795918367346939,2.2449473631576544,1,node+edge+subgraph,56,1.3158148000075016,16.300206699997943,spread_mean,email-Eu-core,4
0.9567531892330642,0.9973371760504898,1.0,1.0,2.225332787534068,1,node+edge+subgraph,56,1.3825297000003047,16.300206699997943,spread_mean,email-Eu-core,5
0.957025916823317,0.997364669697814,1.0,0.9795918367346939,2.2634679499637715,1,node+edge+subgraph,56,1.362776900001336,16.300206699997943,spread_mean,email-Eu-core,6
0.9568799707483748,0.9973813568733165,1.0,0.9795918367346939,2.2417169385069666,1,node+edge+subgraph,56,1.33508509999956,16.300206699997943,spread_mean,email-Eu-core,7
0.9564063279409136,0.9973076544128648,0.8888888888888888,1.0,2.3026438047621025,1,node+edge+subgraph,56,1.4147644999902695,16.300206699997943,spread_mean,email-Eu-core,8
0.9573043657655912,0.9974278629909463,1.0,0.9795918367346939,2.223963487167403,1,node+edge+subgraph,56,1.4485976000141818,16.300206699997943,spread_mean,email-Eu-core,9
0.9572014003619633,0.9974114137324022,0.8888888888888888,0.9795918367346939,2.2472118090770277,1,node+edge+subgraph+dynamic,56,1.3993876000167802,16.300206699997943,spread_mean,email-Eu-core,0
0.956962343410542,0.9973751226793611,1.0,0.9795918367346939,2.380265839389325,1,node+edge+subgraph+dynamic,56,1.4547093999863137,16.300206699997943,spread_mean,email-Eu-core,1
0.9569643141293749,0.9973771475159254,1.0,0.9795918367346939,2.2843155349104722,1,node+edge+subgraph+dynamic,56,1.2043972000246868,16.300206699997943,spread_mean,email-Eu-core,2
0.9568962678091621,0.9973729663167732,1.0,0.9795918367346939,2.2587112400490357,1,node+edge+subgraph+dynamic,56,1.2570284999965224,16.300206699997943,spread_mean,email-Eu-core,3
0.9575480878784334,0.9974414892723429,0.8888888888888888,0.9795918367346939,2.2449473631576544,1,node+edge+subgraph+dynamic,56,1.162440100015374,16.300206699997943,spread_mean,email-Eu-core,4
0.9567531892330642,0.9973371760504898,1.0,1.0,2.2253327875340676,1,node+edge+subgraph+dynamic,56,1.1922082000237424,16.300206699997943,spread_mean,email-Eu-core,5
0.957025916823317,0.997364669697814,1.0,0.9795918367346939,2.2634679499637715,1,node+edge+subgraph+dynamic,56,1.218984899984207,16.300206699997943,spread_mean,email-Eu-core,6
0.9568799707483748,0.9973813568733165,1.0,0.9795918367346939,2.2417169385069666,1,node+edge+subgraph+dynamic,56,1.1773014000209514,16.300206699997943,spread_mean,email-Eu-core,7
0.9564063279409136,0.9973076544128648,0.8888888888888888,1.0,2.3026438047621016,1,node+edge+subgraph+dynamic,56,1.2214308999828063,16.300206699997943,spread_mean,email-Eu-core,8
0.9573043657655912,0.9974278629909463,1.0,0.9795918367346939,2.223963487167403,1,node+edge+subgraph+dynamic,56,1.3369173000101,16.300206699997943,spread_mean,email-Eu-core,9
0.9505879833727935,0.9958441555563942,0.5555555555555556,0.7142857142857143,0.22058510416271498,1,node+edge+subgraph,56,1.477082600002177,16.300206699997943,spread_cv,email-Eu-core,0
0.949921643238992,0.9957356767743459,0.2222222222222222,0.7142857142857143,0.2160234996722112,1,node+edge+subgraph,56,1.553379099990707,16.300206699997943,spread_cv,email-Eu-core,1
0.9492245137521925,0.9952452128181698,0.4444444444444444,0.7142857142857143,0.23604436198134113,1,node+edge+subgraph,56,1.8440305000112858,16.300206699997943,spread_cv,email-Eu-core,2
0.949033974703112,0.9954671213021502,0.5555555555555556,0.6938775510204082,0.23912043995511392,1,node+edge+subgraph,56,1.490148999990197,16.300206699997943,spread_cv,email-Eu-core,3
0.949931836720759,0.9954901646748893,0.4444444444444444,0.673469387755102,0.22584856082067054,1,node+edge+subgraph,56,1.2992455999774393,16.300206699997943,spread_cv,email-Eu-core,4
0.9500738267794245,0.99564026412052,0.5555555555555556,0.6938775510204082,0.21127629904765924,1,node+edge+subgraph,56,1.486289399996167,16.300206699997943,spread_cv,email-Eu-core,5
0.948050490624476,0.9944003448761177,0.4444444444444444,0.6938775510204082,0.25827093536056145,1,node+edge+subgraph,56,1.426936800009571,16.300206699997943,spread_cv,email-Eu-core,6
0.9494024882002235,0.9955249597114445,0.1111111111111111,0.673469387755102,0.22499528495859059,1,node+edge+subgraph,56,1.4094050000130665,16.300206699997943,spread_cv,email-Eu-core,7
0.9486283951061748,0.9948167277957244,0.4444444444444444,0.7142857142857143,0.2445367599129681,1,node+edge+subgraph,56,1.3555162999837194,16.300206699997943,spread_cv,email-Eu-core,8
0.9504902173093935,0.995663342040779,0.4444444444444444,0.673469387755102,0.2191166201858236,1,node+edge+subgraph,56,1.4451722000085283,16.300206699997943,spread_cv,email-Eu-core,9
0.9505879833727935,0.9958441555563942,0.5555555555555556,0.7142857142857143,0.22058510416271504,1,node+edge+subgraph+dynamic,56,1.3713002000004053,16.300206699997943,spread_cv,email-Eu-core,0
0.949921643238992,0.9957356767743459,0.2222222222222222,0.7142857142857143,0.21602349967221118,1,node+edge+subgraph+dynamic,56,1.429541599994991,16.300206699997943,spread_cv,email-Eu-core,1
0.9492245137521925,0.9952452128181698,0.4444444444444444,0.7142857142857143,0.2360443619813411,1,node+edge+subgraph+dynamic,56,1.4892479999980424,16.300206699997943,spread_cv,email-Eu-core,2
0.949033974703112,0.9954671213021502,0.5555555555555556,0.6938775510204082,0.23912043995511398,1,node+edge+subgraph+dynamic,56,1.3966294999991078,16.300206699997943,spread_cv,email-Eu-core,3
0.949931836720759,0.9954901646748893,0.4444444444444444,0.673469387755102,0.22584856082067056,1,node+edge+subgraph+dynamic,56,1.3369192999962252,16.300206699997943,spread_cv,email-Eu-core,4
0.9500738267794245,0.99564026412052,0.5555555555555556,0.6938775510204082,0.21127629904765927,1,node+edge+subgraph+dynamic,56,1.3895895000023302,16.300206699997943,spread_cv,email-Eu-core,5
0.948050490624476,0.9944003448761177,0.4444444444444444,0.6938775510204082,0.2582709353605615,1,node+edge+subgraph+dynamic,56,1.2931953000079375,16.300206699997943,spread_cv,email-Eu-core,6
0.9494024882002235,0.9955249597114445,0.1111111111111111,0.673469387755102,0.22499528495859059,1,node+edge+subgraph+dynamic,56,1.3225341999786906,16.300206699997943,spread_cv,email-Eu-core,7
0.9486283951061748,0.9948167277957244,0.4444444444444444,0.7142857142857143,0.24453675991296817,1,node+edge+subgraph+dynamic,56,1.3403710999991745,16.300206699997943,spread_cv,email-Eu-core,8
0.9504902173093935,0.995663342040779,0.4444444444444444,0.673469387755102,0.21911662018582362,1,node+edge+subgraph+dynamic,56,1.3476346999814268,16.300206699997943,spread_cv,email-Eu-core,9
0.06631530403122889,0.08942033005930304,0.2222222222222222,0.2653061224489796,0.028461944314452217,1,node+edge+subgraph,56,2.6846930000174325,16.300206699997943,spread_resid,email-Eu-core,0
0.06325022939295158,0.08324885746274038,0.2222222222222222,0.22448979591836735,0.028813529382448598,1,node+edge+subgraph,56,2.4369230000011157,16.300206699997943,spread_resid,email-Eu-core,1
0.06246755816589567,0.0909709483282782,0.3333333333333333,0.3469387755102041,0.030953198967122827,1,node+edge+subgraph,56,2.1933492999814916,16.300206699997943,spread_resid,email-Eu-core,2
0.027766792524670483,0.03858363262019054,0.2222222222222222,0.2857142857142857,0.03266528324342358,1,node+edge+subgraph,56,2.0955676999874413,16.300206699997943,spread_resid,email-Eu-core,3
0.05475089631950171,0.07666893850979863,0.2222222222222222,0.2653061224489796,0.02997374113354674,1,node+edge+subgraph,56,2.07319880000432,16.300206699997943,spread_resid,email-Eu-core,4
0.053801232567402595,0.07997868449796743,0.2222222222222222,0.30612244897959184,0.027456235215032376,1,node+edge+subgraph,56,2.0914788999943994,16.300206699997943,spread_resid,email-Eu-core,5
0.08800972772436119,0.1196953921194635,0.2222222222222222,0.2857142857142857,0.03471082266022518,1,node+edge+subgraph,56,2.2863742999907117,16.300206699997943,spread_resid,email-Eu-core,6
0.047363560825859574,0.06720423978919858,0.2222222222222222,0.2653061224489796,0.02874841722350165,1,node+edge+subgraph,56,2.253185300010955,16.300206699997943,spread_resid,email-Eu-core,7
0.050134211592504654,0.07422139940571608,0.2222222222222222,0.30612244897959184,0.03254806239507053,1,node+edge+subgraph,56,2.4478307999961544,16.300206699997943,spread_resid,email-Eu-core,8
0.038686674009271824,0.05653924770860158,0.2222222222222222,0.22448979591836735,0.02860687998186642,1,node+edge+subgraph,56,2.149323599995114,16.300206699997943,spread_resid,email-Eu-core,9
0.06631530403122889,0.08942033005930304,0.2222222222222222,0.2653061224489796,0.02846194431445222,1,node+edge+subgraph+dynamic,56,2.1863175999897067,16.300206699997943,spread_resid,email-Eu-core,0
0.06325022939295158,0.08324885746274038,0.2222222222222222,0.22448979591836735,0.028813529382448598,1,node+edge+subgraph+dynamic,56,2.353834400011692,16.300206699997943,spread_resid,email-Eu-core,1
0.06246755816589567,0.0909709483282782,0.3333333333333333,0.3469387755102041,0.03095319896712283,1,node+edge+subgraph+dynamic,56,2.264452200004598,16.300206699997943,spread_resid,email-Eu-core,2
0.027766792524670483,0.03858363262019054,0.2222222222222222,0.2857142857142857,0.03266528324342358,1,node+edge+subgraph+dynamic,56,2.0865862000209745,16.300206699997943,spread_resid,email-Eu-core,3
0.05475089631950171,0.07666893850979863,0.2222222222222222,0.2653061224489796,0.02997374113354674,1,node+edge+subgraph+dynamic,56,2.233979399985401,16.300206699997943,spread_resid,email-Eu-core,4
0.053801232567402595,0.07997868449796743,0.2222222222222222,0.30612244897959184,0.027456235215032373,1,node+edge+subgraph+dynamic,56,2.2482636000204366,16.300206699997943,spread_resid,email-Eu-core,5
0.08800972772436119,0.1196953921194635,0.2222222222222222,0.2857142857142857,0.03471082266022518,1,node+edge+subgraph+dynamic,56,2.197316400008276,16.300206699997943,spread_resid,email-Eu-core,6
0.047363560825859574,0.06720423978919858,0.2222222222222222,0.2653061224489796,0.028748417223501653,1,node+edge+subgraph+dynamic,56,2.179759600025136,16.300206699997943,spread_resid,email-Eu-core,7
0.050134211592504654,0.07422139940571608,0.2222222222222222,0.30612244897959184,0.03254806239507053,1,node+edge+subgraph+dynamic,56,2.1024753999954555,16.300206699997943,spread_resid,email-Eu-core,8
0.038686674009271824,0.05653924770860158,0.2222222222222222,0.22448979591836735,0.02860687998186642,1,node+edge+subgraph+dynamic,56,2.0764767000218853,16.300206699997943,spread_resid,email-Eu-core,9
0.900084490369412,0.9820309431715658,0.7777777777777778,0.7959183673469388,1059.8101646600371,1,node+edge+subgraph,56,1.1886459999950603,16.300206699997943,betweenness,email-Eu-core,0
0.9015166179646383,0.9817940231569977,0.8888888888888888,0.8367346938775511,1072.5466614635127,1,node+edge+subgraph,56,1.2090122000081465,16.300206699997943,betweenness,email-Eu-core,1
0.8990628902931302,0.9810237553253335,0.8888888888888888,0.8571428571428571,1115.983398240671,1,node+edge+subgraph,56,1.1105269999825396,16.300206699997943,betweenness,email-Eu-core,2
0.8971864383609915,0.9792764992980272,0.7777777777777778,0.8367346938775511,1094.4399903084802,1,node+edge+subgraph,56,1.1461128999944776,16.300206699997943,betweenness,email-Eu-core,3
0.8985139498845215,0.9815812582260105,0.8888888888888888,0.8571428571428571,1097.20891799411,1,node+edge+subgraph,56,1.2261874999967404,16.300206699997943,betweenness,email-Eu-core,4
0.9004313841943794,0.9824617149431759,0.5555555555555556,0.8163265306122449,1215.1482528680606,1,node+edge+subgraph,56,1.183291299996199,16.300206699997943,betweenness,email-Eu-core,5
0.896561586346837,0.9794957155191941,0.7777777777777778,0.8571428571428571,1118.3309814956403,1,node+edge+subgraph,56,1.2815896000247449,16.300206699997943,betweenness,email-Eu-core,6
0.8978097888767556,0.9811029887986659,0.8888888888888888,0.8367346938775511,1082.178462394844,1,node+edge+subgraph,56,1.1597856000007596,16.300206699997943,betweenness,email-Eu-core,7
0.8954248627766606,0.9802336153225664,0.7777777777777778,0.8571428571428571,1125.60151419805,1,node+edge+subgraph,56,1.1310002999962308,16.300206699997943,betweenness,email-Eu-core,8
0.9001222491052195,0.9820451317145884,0.8888888888888888,0.8571428571428571,1065.5132467524304,1,node+edge+subgraph,56,1.1616211000073235,16.300206699997943,betweenness,email-Eu-core,9
0.900084490369412,0.9820309431715658,0.7777777777777778,0.7959183673469388,1059.8101646600371,1,node+edge+subgraph+dynamic,56,1.2856515000166837,16.300206699997943,betweenness,email-Eu-core,0
0.9015166179646383,0.9817940231569977,0.8888888888888888,0.8367346938775511,1072.5466614635127,1,node+edge+subgraph+dynamic,56,1.1727968000050168,16.300206699997943,betweenness,email-Eu-core,1
0.8990628902931302,0.9810237553253335,0.8888888888888888,0.8571428571428571,1115.983398240671,1,node+edge+subgraph+dynamic,56,1.1970782999997027,16.300206699997943,betweenness,email-Eu-core,2
0.8971864383609915,0.9792764992980272,0.7777777777777778,0.8367346938775511,1094.4399903084804,1,node+edge+subgraph+dynamic,56,1.2512784999853466,16.300206699997943,betweenness,email-Eu-core,3
0.8985139498845215,0.9815812582260105,0.8888888888888888,0.8571428571428571,1097.2089179941097,1,node+edge+subgraph+dynamic,56,1.2908640999812633,16.300206699997943,betweenness,email-Eu-core,4
0.9004313841943794,0.9824617149431759,0.5555555555555556,0.8163265306122449,1215.1482528680606,1,node+edge+subgraph+dynamic,56,1.2729348000138998,16.300206699997943,betweenness,email-Eu-core,5
0.896561586346837,0.9794957155191941,0.7777777777777778,0.8571428571428571,1118.3309814956403,1,node+edge+subgraph+dynamic,56,1.2372549999854527,16.300206699997943,betweenness,email-Eu-core,6
0.8978097888767556,0.9811029887986659,0.8888888888888888,0.8367346938775511,1082.178462394844,1,node+edge+subgraph+dynamic,56,1.2914233000192326,16.300206699997943,betweenness,email-Eu-core,7
0.8954248627766606,0.9802336153225664,0.7777777777777778,0.8571428571428571,1125.60151419805,1,node+edge+subgraph+dynamic,56,1.2405886999913491,16.300206699997943,betweenness,email-Eu-core,8
0.9001222491052195,0.9820451317145884,0.8888888888888888,0.8571428571428571,1065.5132467524304,1,node+edge+subgraph+dynamic,56,1.174022099992726,16.300206699997943,betweenness,email-Eu-core,9
