kendall_tau,spearman,precision_at_1pct,precision_at_5pct,rmse,radius,richness,n_features,fit_seconds,feature_seconds,target,network,seed
0.7809055546326367,0.915634557567043,0.8292682926829268,0.7053140096618358,0.9130927216734728,0,node,2,0.667059700000209,3.170000036334386e-05,spread_mean,ca-GrQc,0
0.7787514610128716,0.9152734169218922,0.8292682926829268,0.7198067632850241,0.91730185244808,0,node,2,0.677238799999941,3.170000036334386e-05,spread_mean,ca-GrQc,1
0.7829781961213644,0.917345002140916,0.8292682926829268,0.7053140096618358,0.9562805853261086,0,node,2,0.749905800000306,3.170000036334386e-05,spread_mean,ca-GrQc,2
0.7818992216411518,0.9160545317489918,0.8292682926829268,0.714975845410628,0.9121107308478266,0,node,2,0.7655922000003557,3.170000036334386e-05,spread_mean,ca-GrQc,3
0.7822588575861275,0.9162751438841072,0.8292682926829268,0.7101449275362319,0.9291575066623594,0,node,2,0.7593824000005043,3.170000036334386e-05,spread_mean,ca-GrQc,4
0.7819915501245116,0.9162374684405248,0.8292682926829268,0.7101449275362319,0.9143963496718028,0,node,2,0.7807826000007481,3.170000036334386e-05,spread_mean,ca-GrQc,5
0.7810344343822223,0.9157184143098532,0.8292682926829268,0.6908212560386473,0.9355301301380632,0,node,2,0.9640614999998434,3.170000036334386e-05,spread_mean,ca-GrQc,6
0.7778982990273096,0.9138861493298556,0.8292682926829268,0.7101449275362319,0.9233063756589877,0,node,2,0.963579700000082,3.170000036334386e-05,spread_mean,ca-GrQc,7
0.7815324897576011,0.916799172299483,0.8048780487804879,0.7053140096618358,0.9544860631984032,0,node,2,0.803482499999518,3.170000036334386e-05,spread_mean,ca-GrQc,8
0.7778389501874885,0.9148282774403026,0.8292682926829268,0.7101449275362319,0.9328611565776416,0,node,2,0.6971026000001075,3.170000036334386e-05,spread_mean,ca-GrQc,9
0.7809055546326367,0.915634557567043,0.8292682926829268,0.7053140096618358,0.9130927216734728,0,node+edge,2,0.6913263000005827,3.170000036334386e-05,spread_mean,ca-GrQc,0
0.7787514610128716,0.9152734169218922,0.8292682926829268,0.7198067632850241,0.91730185244808,0,node+edge,2,0.6840154999999868,3.170000036334386e-05,spread_mean,ca-GrQc,1
0.7829781961213644,0.917345002140916,0.8292682926829268,0.7053140096618358,0.9562805853261086,0,node+edge,2,0.7195840000003955,3.170000036334386e-05,spread_mean,ca-GrQc,2
0.7818992216411518,0.9160545317489918,0.8292682926829268,0.714975845410628,0.9121107308478263,0,node+edge,2,0.7018157000002248,3.170000036334386e-05,spread_mean,ca-GrQc,3
0.7822588575861275,0.9162751438841072,0.8292682926829268,0.7101449275362319,0.9291575066623594,0,node+edge,2,0.7263026000000536,3.170000036334386e-05,spread_mean,ca-GrQc,4
0.7819915501245116,0.9162374684405248,0.8292682926829268,0.7101449275362319,0.9143963496718028,0,node+edge,2,0.7867495000000417,3.170000036334386e-05,spread_mean,ca-GrQc,5
0.7810344343822223,0.9157184143098532,0.8292682926829268,0.6908212560386473,0.9355301301380634,0,node+edge,2,0.7710139000000709,3.170000036334386e-05,spread_mean,ca-GrQc,6
0.7778982990273096,0.9138861493298556,0.8292682926829268,0.7101449275362319,0.9233063756589877,0,node+edge,2,0.7660248000001957,3.170000036334386e-05,spread_mean,ca-GrQc,7
0.7815324897576011,0.916799172299483,0.8048780487804879,0.7053140096618358,0.9544860631984032,0,node+edge,2,0.7206151999998838,3.170000036334386e-05,spread_mean,ca-GrQc,8
0.7778389501874885,0.9148282774403026,0.8292682926829268,0.7101449275362319,0.9328611565776416,0,node+edge,2,0.7188968999998906,3.170000036334386e-05,spread_mean,ca-GrQc,9
0.7809055546326367,0.915634557567043,0.8292682926829268,0.7053140096618358,0.9130927216734728,0,node+edge+subgraph,2,0.7100375999998505,3.170000036334386e-05,spread_mean,ca-GrQc,0
0.7787514610128716,0.9152734169218922,0.8292682926829268,0.7198067632850241,0.9173018524480798,0,node+edge+subgraph,2,0.6866763999996692,3.170000036334386e-05,spread_mean,ca-GrQc,1
0.7829781961213644,0.917345002140916,0.8292682926829268,0.7053140096618358,0.9562805853261088,0,node+edge+subgraph,2,0.6975890000003346,3.170000036334386e-05,spread_mean,ca-GrQc,2
0.7818992216411518,0.9160545317489918,0.8292682926829268,0.714975845410628,0.9121107308478266,0,node+edge+subgraph,2,0.6959749999996347,3.170000036334386e-05,spread_mean,ca-GrQc,3
0.7822588575861275,0.9162751438841072,0.8292682926829268,0.7101449275362319,0.9291575066623594,0,node+edge+subgraph,2,0.6915673000003153,3.170000036334386e-05,spread_mean,ca-GrQc,4
0.7819915501245116,0.9162374684405248,0.8292682926829268,0.7101449275362319,0.9143963496718028,0,node+edge+subgraph,2,0.7012150999998994,3.170000036334386e-05,spread_mean,ca-GrQc,5
0.7810344343822223,0.9157184143098532,0.8292682926829268,0.6908212560386473,0.9355301301380634,0,node+edge+subgraph,2,0.716119499999877,3.170000036334386e-05,spread_mean,ca-GrQc,6
0.7778982990273096,0.9138861493298556,0.8292682926829268,0.7101449275362319,0.9233063756589877,0,node+edge+subgraph,2,0.6888153999998394,3.170000036334386e-05,spread_mean,ca-GrQc,7
0.7815324897576011,0.916799172299483,0.8048780487804879,0.7053140096618358,0.9544860631984032,0,node+edge+subgraph,2,0.8167028999996546,3.170000036334386e-05,spread_mean,ca-GrQc,8
0.7778389501874885,0.9148282774403026,0.8292682926829268,0.7101449275362319,0.9328611565776416,0,node+edge+subgraph,2,0.6901442000007592,3.170000036334386e-05,spread_mean,ca-GrQc,9
0.7809055546326367,0.915634557567043,0.8292682926829268,0.7053140096618358,0.9130927216734728,0,node+edge+subgraph+dynamic,2,0.7023533000001407,3.170000036334386e-05,spread_mean,ca-GrQc,0
0.7787514610128716,0.9152734169218922,0.8292682926829268,0.7198067632850241,0.9173018524480798,0,node+edge+subgraph+dynamic,2,0.6741645000001881,3.170000036334386e-05,spread_mean,ca-GrQc,1
0.7829781961213644,0.917345002140916,0.8292682926829268,0.7053140096618358,0.9562805853261084,0,node+edge+subgraph+dynamic,2,0.6798639999997249,3.170000036334386e-05,spread_mean,ca-GrQc,2
0.7818992216411518,0.9160545317489918,0.8292682926829268,0.714975845410628,0.9121107308478266,0,node+edge+subgraph+dynamic,2,0.6911619000002247,3.170000036334386e-05,spread_mean,ca-GrQc,3
0.7822588575861275,0.9162751438841072,0.8292682926829268,0.7101449275362319,0.9291575066623594,0,node+edge+subgraph+dynamic,2,0.6889998999995441,3.170000036334386e-05,spread_mean,ca-GrQc,4
0.7819915501245116,0.9162374684405248,0.8292682926829268,0.7101449275362319,0.9143963496718028,0,node+edge+subgraph+dynamic,2,0.6985851999997976,3.170000036334386e-05,spread_mean,ca-GrQc,5
0.7810344343822223,0.9157184143098532,0.8292682926829268,0.6908212560386473,0.9355301301380632,0,node+edge+subgraph+dynamic,2,0.7686704999996437,3.170000036334386e-05,spread_mean,ca-GrQc,6
0.7778982990273096,0.9138861493298556,0.8292682926829268,0.7101449275362319,0.9233063756589877,0,node+edge+subgraph+dynamic,2,0.7687811999994665,3.170000036334386e-05,spread_mean,ca-GrQc,7
0.7815324897576011,0.916799172299483,0.8048780487804879,0.7053140096618358,0.9544860631984032,0,node+edge+subgraph+dynamic,2,0.7539450999993278,3.170000036334386e-05,spread_mean,ca-GrQc,8
0.7778389501874885,0.9148282774403026,0.8292682926829268,0.7101449275362319,0.9328611565776416,0,node+edge+subgraph+dynamic,2,0.8496020000002318,3.170000036334386e-05,spread_mean,ca-GrQc,9
0.9063817546742746,0.9827992692693724,0.926829268292683,0.9565217391304348,0.1948610497009434,1,node,17,1.4826024999993024,0.3710246999826267,spread_mean,ca-GrQc,0
0.90776567384676,0.983283298573666,0.902439024390244,0.9516908212560388,0.2110432274153967,1,node,17,1.2082886999996845,0.3710246999826267,spread_mean,ca-GrQc,1
0.9075109955708632,0.9832558546984272,0.926829268292683,0.9516908212560388,0.2320798228033911,1,node,17,1.179377399999794,0.3710246999826267,spread_mean,ca-GrQc,2
0.9070311731068283,0.9828169307642612,0.902439024390244,0.9565217391304348,0.1909385170936907,1,node,17,1.242374500000551,0.3710246999826267,spread_mean,ca-GrQc,3
0.9081850731071918,0.9835562808460788,0.926829268292683,0.9516908212560388,0.2112882225593766,1,node,17,1.2090355000000272,0.3710246999826267,spread_mean,ca-GrQc,4
0.906480240036274,0.983156895718529,0.926829268292683,0.9565217391304348,0.19455212883475,1,node,17,1.1923299000000045,0.3710246999826267,spread_mean,ca-GrQc,5
0.9073998009105648,0.9832596933943478,0.926829268292683,0.9516908212560388,0.204778929279125,1,node,17,1.2124980999997206,0.3710246999826267,spread_mean,ca-GrQc,6
0.9075551529266463,0.9830825425404036,0.902439024390244,0.9565217391304348,0.1984255940051258,1,node,17,1.1967388000002757,0.3710246999826267,spread_mean,ca-GrQc,7
0.9068787870245772,0.9830531239063084,0.926829268292683,0.9468599033816424,0.2308123604476434,1,node,17,1.2145594000003257,0.3710246999826267,spread_mean,ca-GrQc,8
0.9075812919202242,0.9832238475089932,0.926829268292683,0.9468599033816424,0.2053026110924342,1,node,17,1.2582270000002609,0.3710246999826267,spread_mean,ca-GrQc,9
0.9065429630832352,0.9828045852056838,0.926829268292683,0.961352657004831,0.1850103054246016,1,node+edge,38,1.9684825000003912,0.5384428999823285,spread_mean,ca-GrQc,0
0.9078878791409516,0.9833126608539368,0.926829268292683,0.961352657004831,0.2084137080182912,1,node+edge,38,1.9701912999998967,0.5384428999823285,spread_mean,ca-GrQc,1
0.9076318122609148,0.983430678343598,0.951219512195122,0.966183574879227,0.2459191197289334,1,node+edge,38,1.9004811000004336,0.5384428999823285,spread_mean,ca-GrQc,2
0.906586867938628,0.9827210264185526,0.926829268292683,0.9565217391304348,0.1829427493928866,1,node+edge,38,1.894620099999884,0.5384428999823285,spread_mean,ca-GrQc,3
0.9082293059287864,0.9835731377004306,0.926829268292683,0.961352657004831,0.1938401553713535,1,node+edge,38,1.7741972999992868,0.5384428999823285,spread_mean,ca-GrQc,4
0.9065403854371622,0.983180475624703,0.926829268292683,0.961352657004831,0.2020827383181535,1,node+edge,38,1.7643017000000327,0.5384428999823285,spread_mean,ca-GrQc,5
0.9072946334378604,0.9832878608056042,0.926829268292683,0.961352657004831,0.1831121221572001,1,node+edge,38,1.7742404999999053,0.5384428999823285,spread_mean,ca-GrQc,6
0.907116179989043,0.9829661033798665,0.926829268292683,0.966183574879227,0.1959050700995962,1,node+edge,38,1.7948549000002458,0.5384428999823285,spread_mean,ca-GrQc,7
0.9072013828084454,0.9832499901344935,0.926829268292683,0.9516908212560388,0.2266921840358691,1,node+edge,38,1.8600149000003512,0.5384428999823285,spread_mean,ca-GrQc,8
0.9079736308242428,0.9834055264554395,0.926829268292683,0.966183574879227,0.1807073483723315,1,node+edge,38,1.8327288000000408,0.5384428999823285,spread_mean,ca-GrQc,9
0.9414656327451216,0.9944044845587428,0.926829268292683,0.966183574879227,0.1771305499855907,2,node,35,2.174143200000799,0.7341094999837878,spread_mean,ca-GrQc,0
0.9421208792800536,0.99453138540997,0.926829268292683,0.966183574879227,0.1713388117832482,2,node,35,2.5403214999996635,0.7341094999837878,spread_mean,ca-GrQc,1
0.942612919596965,0.9946492096192344,0.926829268292683,0.9710144927536232,0.1812173564607969,2,node,35,2.465097500000411,0.7341094999837878,spread_mean,ca-GrQc,2
0.9417170042387588,0.9943598182422912,0.926829268292683,0.9758454106280192,0.1659904315167071,2,node,35,2.214786700000332,0.7341094999837878,spread_mean,ca-GrQc,3
0.9425854000796312,0.994739253933578,0.926829268292683,0.9710144927536232,0.1845710102154994,2,node,35,2.1929159999999683,0.7341094999837878,spread_mean,ca-GrQc,4
0.94211530401927,0.9945540531132656,0.926829268292683,0.9710144927536232,0.1659441923865444,2,node,35,2.188694899999973,0.7341094999837878,spread_mean,ca-GrQc,5
0.9423256819900652,0.9945451993887328,0.926829268292683,0.966183574879227,0.1674258287522546,2,node,35,2.4019703999993,0.7341094999837878,spread_mean,ca-GrQc,6
0.9417522788170996,0.9945561178515874,0.926829268292683,0.9758454106280192,0.1757939207369903,2,node,35,2.618804900000214,0.7341094999837878,spread_mean,ca-GrQc,7
0.9421199985410086,0.9945110225562218,0.926829268292683,0.966183574879227,0.1890924219544011,2,node,35,2.280187800000021,0.7341094999837878,spread_mean,ca-GrQc,8
0.9426289548362944,0.9946668675921204,0.926829268292683,0.9710144927536232,0.1816340374263647,2,node,35,2.290335900000173,0.7341094999837878,spread_mean,ca-GrQc,9
0.9427945930372276,0.9946517394193122,0.926829268292683,0.961352657004831,0.183443089156134,3,node,45,2.894866399999956,0.9753201999856174,spread_mean,ca-GrQc,0
0.942962194309864,0.9946755228144428,0.926829268292683,0.966183574879227,0.1663699220532873,3,node,45,2.9891075999985333,0.9753201999856174,spread_mean,ca-GrQc,1
0.9436891840357716,0.994830965314708,0.926829268292683,0.966183574879227,0.1683631731197227,3,node,45,3.017299499999353,0.9753201999856174,spread_mean,ca-GrQc,2
0.9432423138759416,0.994705795059104,0.926829268292683,0.9710144927536232,0.1652296744976118,3,node,45,2.929463399999804,0.9753201999856174,spread_mean,ca-GrQc,3
0.943808919053354,0.994951934423016,0.951219512195122,0.961352657004831,0.173603430337876,3,node,45,2.900031199998921,0.9753201999856174,spread_mean,ca-GrQc,4
0.9435368918508024,0.9947925738602212,0.926829268292683,0.9710144927536232,0.1575419802692922,3,node,45,2.8604476999989856,0.9753201999856174,spread_mean,ca-GrQc,5
0.9437337350891568,0.994849914008022,0.926829268292683,0.961352657004831,0.1607734754250886,3,node,45,2.859077300001445,0.9753201999856174,spread_mean,ca-GrQc,6
0.942727784156164,0.9947291773720036,0.926829268292683,0.966183574879227,0.1740998157980798,3,node,45,3.032716800000344,0.9753201999856174,spread_mean,ca-GrQc,7
0.9434458781498456,0.9947522974896672,0.926829268292683,0.961352657004831,0.1720201640849137,3,node,45,2.89364409999871,0.9753201999856174,spread_mean,ca-GrQc,8
0.9443614602177514,0.994999118874651,0.926829268292683,0.966183574879227,0.1709360645321938,3,node,45,2.8767344000007142,0.9753201999856174,spread_mean,ca-GrQc,9
0.4570150075303626,0.6125039627492697,0.0,0.0434782608695652,0.5721480039321303,0,node,2,0.6666715999999724,3.170000036334386e-05,spread_cv,ca-GrQc,0
0.4590619409326807,0.6150907312898819,0.0,0.0676328502415458,0.5717659302749932,0,node,2,0.6627551000001404,3.170000036334386e-05,spread_cv,ca-GrQc,1
0.45920964078354,0.6152777016752368,0.0,0.0434782608695652,0.5725597438221608,0,node,2,0.6683959000001778,3.170000036334386e-05,spread_cv,ca-GrQc,2
0.4612439221738733,0.6167851287860516,0.0,0.0531400966183574,0.5704741651918115,0,node,2,0.6702726000003167,3.170000036334386e-05,spread_cv,ca-GrQc,3
0.4591939420182492,0.6145760163669047,0.0,0.0531400966183574,0.5716766164274669,0,node,2,0.664938700001585,3.170000036334386e-05,spread_cv,ca-GrQc,4
0.4630723432115552,0.6192403041282349,0.0,0.0531400966183574,0.5716479826917725,0,node,2,0.7161469000002398,3.170000036334386e-05,spread_cv,ca-GrQc,5
0.4601554765511023,0.6149330814043736,0.0,0.0628019323671497,0.572083226611515,0,node,2,0.7064274999993359,3.170000036334386e-05,spread_cv,ca-GrQc,6
0.4572716205586112,0.6115950563208239,0.0,0.0483091787439613,0.5728059144126484,0,node,2,0.7094286999999895,3.170000036334386e-05,spread_cv,ca-GrQc,7
0.4615808571556739,0.6167692820023905,0.0,0.0193236714975845,0.5718694474514324,0,node,2,0.7577271999998629,3.170000036334386e-05,spread_cv,ca-GrQc,8
0.4602854882041244,0.6159058613665073,0.0,0.0338164251207729,0.5720415282492033,0,node,2,0.6688396999998076,3.170000036334386e-05,spread_cv,ca-GrQc,9
0.4570150075303626,0.6125039627492697,0.0,0.0434782608695652,0.5721480039321303,0,node+edge,2,0.6674707000001945,3.170000036334386e-05,spread_cv,ca-GrQc,0
0.4590619409326807,0.6150907312898819,0.0,0.0676328502415458,0.5717659302749932,0,node+edge,2,0.6488642999993317,3.170000036334386e-05,spread_cv,ca-GrQc,1
0.45920964078354,0.6152777016752368,0.0,0.0434782608695652,0.5725597438221608,0,node+edge,2,0.6477197999993223,3.170000036334386e-05,spread_cv,ca-GrQc,2
0.4612439221738733,0.6167851287860516,0.0,0.0531400966183574,0.5704741651918115,0,node+edge,2,0.6590712999986863,3.170000036334386e-05,spread_cv,ca-GrQc,3
0.4591939420182492,0.6145760163669047,0.0,0.0531400966183574,0.5716766164274669,0,node+edge,2,0.6751934999992955,3.170000036334386e-05,spread_cv,ca-GrQc,4
0.4630723432115552,0.6192403041282349,0.0,0.0531400966183574,0.5716479826917725,0,node+edge,2,0.6487680999998702,3.170000036334386e-05,spread_cv,ca-GrQc,5
0.4601554765511023,0.6149330814043736,0.0,0.0628019323671497,0.572083226611515,0,node+edge,2,0.662826200001291,3.170000036334386e-05,spread_cv,ca-GrQc,6
0.4572716205586112,0.6115950563208239,0.0,0.0483091787439613,0.5728059144126484,0,node+edge,2,0.6573291999993671,3.170000036334386e-05,spread_cv,ca-GrQc,7
0.4615808571556739,0.6167692820023905,0.0,0.0193236714975845,0.5718694474514324,0,node+edge,2,0.692818299999999,3.170000036334386e-05,spread_cv,ca-GrQc,8
0.4602854882041244,0.6159058613665073,0.0,0.0338164251207729,0.5720415282492033,0,node+edge,2,0.6546834000000672,3.170000036334386e-05,spread_cv,ca-GrQc,9
0.4570150075303626,0.6125039627492697,0.0,0.0434782608695652,0.5721480039321303,0,node+edge+subgraph,2,0.6546164999999746,3.170000036334386e-05,spread_cv,ca-GrQc,0
0.4590619409326807,0.6150907312898819,0.0,0.0676328502415458,0.5717659302749932,0,node+edge+subgraph,2,0.6685658999995212,3.170000036334386e-05,spread_cv,ca-GrQc,1
0.45920964078354,0.6152777016752368,0.0,0.0434782608695652,0.5725597438221608,0,node+edge+subgraph,2,0.677044100000785,3.170000036334386e-05,spread_cv,ca-GrQc,2
0.4612439221738733,0.6167851287860516,0.0,0.0531400966183574,0.5704741651918115,0,node+edge+subgraph,2,0.6712471999999252,3.170000036334386e-05,spread_cv,ca-GrQc,3
0.4591939420182492,0.6145760163669047,0.0,0.0531400966183574,0.5716766164274669,0,node+edge+subgraph,2,0.6678501000005781,3.170000036334386e-05,spread_cv,ca-GrQc,4
0.4630723432115552,0.6192403041282349,0.0,0.0531400966183574,0.5716479826917725,0,node+edge+subgraph,2,0.6642687000003207,3.170000036334386e-05,spread_cv,ca-GrQc,5
0.4601554765511023,0.6149330814043736,0.0,0.0628019323671497,0.572083226611515,0,node+edge+subgraph,2,0.679248299999017,3.170000036334386e-05,spread_cv,ca-GrQc,6
0.4572716205586112,0.6115950563208239,0.0,0.0483091787439613,0.5728059144126484,0,node+edge+subgraph,2,0.6601731999999174,3.170000036334386e-05,spread_cv,ca-GrQc,7
0.4615808571556739,0.6167692820023905,0.0,0.0193236714975845,0.5718694474514324,0,node+edge+subgraph,2,0.6565660000014759,3.170000036334386e-05,spread_cv,ca-GrQc,8
0.4602854882041244,0.6159058613665073,0.0,0.0338164251207729,0.5720415282492033,0,node+edge+subgraph,2,0.7038269999993645,3.170000036334386e-05,spread_cv,ca-GrQc,9
0.4570150075303626,0.6125039627492697,0.0,0.0434782608695652,0.5721480039321303,0,node+edge+subgraph+dynamic,2,0.7022495999990497,3.170000036334386e-05,spread_cv,ca-GrQc,0
0.4590619409326807,0.6150907312898819,0.0,0.0676328502415458,0.5717659302749931,0,node+edge+subgraph+dynamic,2,0.7017967000010685,3.170000036334386e-05,spread_cv,ca-GrQc,1
0.45920964078354,0.6152777016752368,0.0,0.0434782608695652,0.5725597438221608,0,node+edge+subgraph+dynamic,2,0.6859590000003664,3.170000036334386e-05,spread_cv,ca-GrQc,2
0.4612439221738733,0.6167851287860516,0.0,0.0531400966183574,0.5704741651918115,0,node+edge+subgraph+dynamic,2,0.7053170999988652,3.170000036334386e-05,spread_cv,ca-GrQc,3
0.4591939420182492,0.6145760163669047,0.0,0.0531400966183574,0.5716766164274669,0,node+edge+subgraph+dynamic,2,0.679782699999123,3.170000036334386e-05,spread_cv,ca-GrQc,4
0.4630723432115552,0.6192403041282349,0.0,0.0531400966183574,0.5716479826917725,0,node+edge+subgraph+dynamic,2,0.6512136000001192,3.170000036334386e-05,spread_cv,ca-GrQc,5
0.4601554765511023,0.6149330814043736,0.0,0.0628019323671497,0.572083226611515,0,node+edge+subgraph+dynamic,2,0.668402999999671,3.170000036334386e-05,spread_cv,ca-GrQc,6
0.4572716205586112,0.6115950563208239,0.0,0.0483091787439613,0.5728059144126484,0,node+edge+subgraph+dynamic,2,0.6902504000008776,3.170000036334386e-05,spread_cv,ca-GrQc,7
0.4615808571556739,0.6167692820023905,0.0,0.0193236714975845,0.5718694474514324,0,node+edge+subgraph+dynamic,2,0.6664239000001544,3.170000036334386e-05,spread_cv,ca-GrQc,8
0.4602854882041244,0.6159058613665073,0.0,0.0338164251207729,0.5720415282492033,0,node+edge+subgraph+dynamic,2,0.6479985000005399,3.170000036334386e-05,spread_cv,ca-GrQc,9
0.6678348438315372,0.8287679432744852,0.7073170731707317,0.821256038647343,0.3233795484209352,1,node,17,1.0514074000002438,0.3710246999826267,spread_cv,ca-GrQc,0
0.6691944488627934,0.8300657590965769,0.7317073170731707,0.8260869565217391,0.3230898209826384,1,node,17,1.0340068000004976,0.3710246999826267,spread_cv,ca-GrQc,1
0.6722556495890778,0.8328771233631537,0.7317073170731707,0.8067632850241546,0.3224571894544027,1,node,17,1.0215105999996013,0.3710246999826267,spread_cv,ca-GrQc,2
0.6679982528060321,0.8284101461727377,0.7073170731707317,0.8067632850241546,0.3238418477527717,1,node,17,1.0268588999988424,0.3710246999826267,spread_cv,ca-GrQc,3
0.6710870660260638,0.8313412785388057,0.7560975609756098,0.821256038647343,0.3188498757804449,1,node,17,1.0146994999995511,0.3710246999826267,spread_cv,ca-GrQc,4
0.6655333136971023,0.8271042453464305,0.7317073170731707,0.8309178743961353,0.3226987406211541,1,node,17,1.1058524000000034,0.3710246999826267,spread_cv,ca-GrQc,5
0.6706426720311714,0.8318873248285058,0.7073170731707317,0.8164251207729468,0.3222769208350334,1,node,17,1.102973799999745,0.3710246999826267,spread_cv,ca-GrQc,6
0.6680687079639813,0.8287134855913845,0.7560975609756098,0.8115942028985508,0.3241514066583201,1,node,17,1.136505100001159,0.3710246999826267,spread_cv,ca-GrQc,7
0.6682880903452679,0.828878536387325,0.7560975609756098,0.8357487922705314,0.3209183815591238,1,node,17,1.2710151999999653,0.3710246999826267,spread_cv,ca-GrQc,8
0.6710177542004858,0.8324281583788387,0.6585365853658537,0.8309178743961353,0.3206571320951073,1,node,17,1.0293703000006644,0.3710246999826267,spread_cv,ca-GrQc,9
0.672185762164971,0.8317704116035308,0.7073170731707317,0.8115942028985508,0.3222530641319397,1,node+edge,38,1.7499783000002935,0.5384428999823285,spread_cv,ca-GrQc,0
0.6714667209447811,0.831815494684801,0.7073170731707317,0.8309178743961353,0.3229537866792052,1,node+edge,38,1.7072905999993964,0.5384428999823285,spread_cv,ca-GrQc,1
0.674549843262078,0.834389728803193,0.7317073170731707,0.8067632850241546,0.3209204478891588,1,node+edge,38,1.8489510999988847,0.5384428999823285,spread_cv,ca-GrQc,2
0.6684000740873444,0.8286157805475207,0.7073170731707317,0.8164251207729468,0.3239552065919134,1,node+edge,38,2.021877199998926,0.5384428999823285,spread_cv,ca-GrQc,3
0.6734597268279409,0.8335182512868532,0.7560975609756098,0.8260869565217391,0.3178008646674465,1,node+edge,38,1.897952100000112,0.5384428999823285,spread_cv,ca-GrQc,4
0.6685060907051845,0.8292332616337711,0.7560975609756098,0.8164251207729468,0.3219747758635555,1,node+edge,38,1.8241202999997768,0.5384428999823285,spread_cv,ca-GrQc,5
0.6734356065723962,0.8337656654117225,0.7073170731707317,0.8260869565217391,0.320576603780529,1,node+edge,38,1.9917623000001183,0.5384428999823285,spread_cv,ca-GrQc,6
0.6718924456605125,0.8313306010422171,0.7560975609756098,0.7971014492753623,0.3220282790786132,1,node+edge,38,1.9857881999996607,0.5384428999823285,spread_cv,ca-GrQc,7
0.6717795028018132,0.8318094223523068,0.7317073170731707,0.8260869565217391,0.319051720490825,1,node+edge,38,1.938399599999684,0.5384428999823285,spread_cv,ca-GrQc,8
0.673441806353691,0.8341131346847271,0.6829268292682927,0.8260869565217391,0.3186310711609228,1,node+edge,38,1.882715499999904,0.5384428999823285,spread_cv,ca-GrQc,9
0.8071002219706822,0.9301719431641708,0.7804878048780488,0.9130434782608696,0.1705897347381726,2,node,35,2.202543199999127,0.7341094999837878,spread_cv,ca-GrQc,0
0.8012161827509553,0.926044182393306,0.8536585365853658,0.8985507246376812,0.1718317750804964,2,node,35,2.291545500000211,0.7341094999837878,spread_cv,ca-GrQc,1
0.8029621680575251,0.9270528901756404,0.8292682926829268,0.927536231884058,0.1732528690373888,2,node,35,2.1815045999992435,0.7341094999837878,spread_cv,ca-GrQc,2
0.8024516007190785,0.9263969924198712,0.8048780487804879,0.9178743961352656,0.1704458840136074,2,node,35,2.043259500000204,0.7341094999837878,spread_cv,ca-GrQc,3
0.8036150886759629,0.9277855590938578,0.7317073170731707,0.9178743961352656,0.1695454760561714,2,node,35,2.1340684999995574,0.7341094999837878,spread_cv,ca-GrQc,4
0.8001900696057082,0.9257936907641214,0.8292682926829268,0.9082125603864736,0.1725335570085965,2,node,35,2.1736651999999594,0.7341094999837878,spread_cv,ca-GrQc,5
0.8042795359365165,0.928038612506644,0.8048780487804879,0.9082125603864736,0.1707772893193893,2,node,35,2.242841600000247,0.7341094999837878,spread_cv,ca-GrQc,6
0.8014021094204189,0.9262581158845232,0.8292682926829268,0.9130434782608696,0.1719160430755015,2,node,35,2.304464400000142,0.7341094999837878,spread_cv,ca-GrQc,7
0.8028213380909702,0.9267588627263796,0.7804878048780488,0.9130434782608696,0.170891519554385,2,node,35,2.32153339999968,0.7341094999837878,spread_cv,ca-GrQc,8
0.8027664315638208,0.9269181239494764,0.8048780487804879,0.9178743961352656,0.1709520986179679,2,node,35,2.051098800000545,0.7341094999837878,spread_cv,ca-GrQc,9
0.8216692248603833,0.9390711357796818,0.7804878048780488,0.9178743961352656,0.1617603460072936,3,node,45,2.7695003000008,0.9753201999856174,spread_cv,ca-GrQc,0
0.8191818553365706,0.9362416136940764,0.8048780487804879,0.9082125603864736,0.1627100041622927,3,node,45,2.812088300001051,0.9753201999856174,spread_cv,ca-GrQc,1
0.8167950333469558,0.9353477483465222,0.8292682926829268,0.927536231884058,0.1646198852162587,3,node,45,2.6526111000002857,0.9753201999856174,spread_cv,ca-GrQc,2
0.81802737937389,0.9356474399046868,0.8536585365853658,0.9130434782608696,0.1617619049687226,3,node,45,2.6866628999996465,0.9753201999856174,spread_cv,ca-GrQc,3
0.8202485814999079,0.9377461916250698,0.7317073170731707,0.9178743961352656,0.160130284745408,3,node,45,2.6313559000009263,0.9753201999856174,spread_cv,ca-GrQc,4
0.818748172437382,0.9372347190910836,0.8048780487804879,0.9178743961352656,0.1630833257344888,3,node,45,2.84020690000034,0.9753201999856174,spread_cv,ca-GrQc,5
0.8220877377675316,0.9385674877323654,0.8048780487804879,0.9227053140096618,0.160717826813776,3,node,45,2.830864600000496,0.9753201999856174,spread_cv,ca-GrQc,6
0.8177868823139973,0.9358699247509654,0.7317073170731707,0.927536231884058,0.1631309850836218,3,node,45,2.7056325000012293,0.9753201999856174,spread_cv,ca-GrQc,7
0.8197140253494974,0.9367018346660612,0.7804878048780488,0.9178743961352656,0.1614547226751886,3,node,45,2.925074200000381,0.9753201999856174,spread_cv,ca-GrQc,8
0.817884195902765,0.9357048796647488,0.8048780487804879,0.9178743961352656,0.1630116234618049,3,node,45,3.678535499999271,0.9753201999856174,spread_cv,ca-GrQc,9
0.2181462831882401,0.3114661858405673,0.0,0.0338164251207729,0.1592655218949878,0,node,2,0.7188843000003544,3.170000036334386e-05,spread_resid,ca-GrQc,0
0.2230915435542597,0.3178580320772654,0.0,0.0483091787439613,0.1588997033675926,0,node,2,0.7074764000008145,3.170000036334386e-05,spread_resid,ca-GrQc,1
0.2237055512104367,0.3184096330505066,0.0,0.0434782608695652,0.1590537223818575,0,node,2,0.6848583999999391,3.170000036334386e-05,spread_resid,ca-GrQc,2
0.225906717384084,0.3215175349866507,0.0,0.0579710144927536,0.1583522186256781,0,node,2,0.6536713000004966,3.170000036334386e-05,spread_resid,ca-GrQc,3
0.2248993475019289,0.3203110631701995,0.0,0.0483091787439613,0.1584743589313829,0,node,2,0.6687863999995898,3.170000036334386e-05,spread_resid,ca-GrQc,4
0.2272632762994022,0.3231623113089251,0.0,0.0483091787439613,0.1588454489349794,0,node,2,0.7040904000004957,3.170000036334386e-05,spread_resid,ca-GrQc,5
0.2215870791145782,0.3159506972119145,0.0,0.0628019323671497,0.1587971619533542,0,node,2,0.6611028000006627,3.170000036334386e-05,spread_resid,ca-GrQc,6
0.2237055053131688,0.3183299135483167,0.0,0.038647342995169,0.158799026441454,0,node,2,0.6605119000014383,3.170000036334386e-05,spread_resid,ca-GrQc,7
0.2276450917898345,0.323544163872952,0.0,0.0676328502415458,0.1587516371522701,0,node,2,0.6674368000003597,3.170000036334386e-05,spread_resid,ca-GrQc,8
0.2237962641212822,0.3184428209101775,0.0,0.0531400966183574,0.1591468253080125,0,node,2,0.687859199999366,3.170000036334386e-05,spread_resid,ca-GrQc,9
0.2181462831882401,0.3114661858405673,0.0,0.0338164251207729,0.1592655218949878,0,node+edge,2,0.679144499999893,3.170000036334386e-05,spread_resid,ca-GrQc,0
0.2230915435542597,0.3178580320772654,0.0,0.0483091787439613,0.1588997033675926,0,node+edge,2,0.6650468999996519,3.170000036334386e-05,spread_resid,ca-GrQc,1
0.2237055512104367,0.3184096330505066,0.0,0.0434782608695652,0.1590537223818575,0,node+edge,2,0.6547452999984671,3.170000036334386e-05,spread_resid,ca-GrQc,2
0.225906717384084,0.3215175349866507,0.0,0.0579710144927536,0.1583522186256781,0,node+edge,2,0.6861733000005188,3.170000036334386e-05,spread_resid,ca-GrQc,3
0.2248993475019289,0.3203110631701995,0.0,0.0483091787439613,0.1584743589313829,0,node+edge,2,0.6665818999990734,3.170000036334386e-05,spread_resid,ca-GrQc,4
0.2272632762994022,0.3231623113089251,0.0,0.0483091787439613,0.1588454489349794,0,node+edge,2,0.6794038000007276,3.170000036334386e-05,spread_resid,ca-GrQc,5
0.2215870791145782,0.3159506972119145,0.0,0.0628019323671497,0.1587971619533542,0,node+edge,2,0.7890404999998282,3.170000036334386e-05,spread_resid,ca-GrQc,6
0.2237055053131688,0.3183299135483167,0.0,0.038647342995169,0.158799026441454,0,node+edge,2,0.839961100000437,3.170000036334386e-05,spread_resid,ca-GrQc,7
0.2276450917898345,0.323544163872952,0.0,0.0676328502415458,0.1587516371522701,0,node+edge,2,0.9915823999999702,3.170000036334386e-05,spread_resid,ca-GrQc,8
0.2237962641212822,0.3184428209101775,0.0,0.0531400966183574,0.1591468253080125,0,node+edge,2,0.7315149999994901,3.170000036334386e-05,spread_resid,ca-GrQc,9
0.2181462831882401,0.3114661858405673,0.0,0.0338164251207729,0.1592655218949878,0,node+edge+subgraph,2,0.7062691999999515,3.170000036334386e-05,spread_resid,ca-GrQc,0
0.2230915435542597,0.3178580320772654,0.0,0.0483091787439613,0.1588997033675926,0,node+edge+subgraph,2,0.7667528999991191,3.170000036334386e-05,spread_resid,ca-GrQc,1
0.2237055512104367,0.3184096330505066,0.0,0.0434782608695652,0.1590537223818575,0,node+edge+subgraph,2,0.6821403000012651,3.170000036334386e-05,spread_resid,ca-GrQc,2
0.225906717384084,0.3215175349866507,0.0,0.0579710144927536,0.1583522186256781,0,node+edge+subgraph,2,0.7184268000000884,3.170000036334386e-05,spread_resid,ca-GrQc,3
0.2248993475019289,0.3203110631701995,0.0,0.0483091787439613,0.1584743589313829,0,node+edge+subgraph,2,0.6877526999996917,3.170000036334386e-05,spread_resid,ca-GrQc,4
0.2272632762994022,0.3231623113089251,0.0,0.0483091787439613,0.1588454489349794,0,node+edge+subgraph,2,0.688354599999002,3.170000036334386e-05,spread_resid,ca-GrQc,5
0.2215870791145782,0.3159506972119145,0.0,0.0628019323671497,0.1587971619533542,0,node+edge+subgraph,2,0.6782227999992756,3.170000036334386e-05,spread_resid,ca-GrQc,6
0.2237055053131688,0.3183299135483167,0.0,0.038647342995169,0.158799026441454,0,node+edge+subgraph,2,0.7161058000001503,3.170000036334386e-05,spread_resid,ca-GrQc,7
0.2276450917898345,0.323544163872952,0.0,0.0676328502415458,0.1587516371522701,0,node+edge+subgraph,2,0.7134779000007256,3.170000036334386e-05,spread_resid,ca-GrQc,8
0.2237962641212822,0.3184428209101775,0.0,0.0531400966183574,0.1591468253080125,0,node+edge+subgraph,2,0.7131874999995489,3.170000036334386e-05,spread_resid,ca-GrQc,9
0.2181462831882401,0.3114661858405673,0.0,0.0338164251207729,0.1592655218949878,0,node+edge+subgraph+dynamic,2,0.7279230000003736,3.170000036334386e-05,spread_resid,ca-GrQc,0
0.2230915435542597,0.3178580320772654,0.0,0.0483091787439613,0.1588997033675926,0,node+edge+subgraph+dynamic,2,0.7331933000004938,3.170000036334386e-05,spread_resid,ca-GrQc,1
0.2237055512104367,0.3184096330505066,0.0,0.0434782608695652,0.1590537223818575,0,node+edge+subgraph+dynamic,2,0.6678400000000693,3.170000036334386e-05,spread_resid,ca-GrQc,2
0.225906717384084,0.3215175349866507,0.0,0.0579710144927536,0.1583522186256781,0,node+edge+subgraph+dynamic,2,0.6814739999990707,3.170000036334386e-05,spread_resid,ca-GrQc,3
0.2248993475019289,0.3203110631701995,0.0,0.0483091787439613,0.1584743589313829,0,node+edge+subgraph+dynamic,2,0.7232459000006202,3.170000036334386e-05,spread_resid,ca-GrQc,4
0.2272632762994022,0.3231623113089251,0.0,0.0483091787439613,0.1588454489349794,0,node+edge+subgraph+dynamic,2,0.6908480000001873,3.170000036334386e-05,spread_resid,ca-GrQc,5
0.2215870791145782,0.3159506972119145,0.0,0.0628019323671497,0.1587971619533542,0,node+edge+subgraph+dynamic,2,0.6639402999990125,3.170000036334386e-05,spread_resid,ca-GrQc,6
0.2237055053131688,0.3183299135483167,0.0,0.038647342995169,0.158799026441454,0,node+edge+subgraph+dynamic,2,0.6644023000008019,3.170000036334386e-05,spread_resid,ca-GrQc,7
0.2276450917898345,0.323544163872952,0.0,0.0676328502415458,0.1587516371522701,0,node+edge+subgraph+dynamic,2,0.678888200000074,3.170000036334386e-05,spread_resid,ca-GrQc,8
0.2237962641212822,0.3184428209101775,0.0,0.0531400966183574,0.1591468253080125,0,node+edge+subgraph+dynamic,2,0.7452718999993522,3.170000036334386e-05,spread_resid,ca-GrQc,9
0.4946998374892846,0.6666686482499041,0.0975609756097561,0.2898550724637681,0.1314921623340313,1,node,17,1.1537662000009732,0.3710246999826267,spread_resid,ca-GrQc,0
0.497621088795389,0.670429413904088,0.073170731707317,0.2705314009661835,0.1308157803930409,1,node,17,1.1425420999985365,0.3710246999826267,spread_resid,ca-GrQc,1
0.5002478229260573,0.6744798572310604,0.073170731707317,0.2753623188405797,0.1309442299085152,1,node,17,1.1426854000001183,0.3710246999826267,spread_resid,ca-GrQc,2
0.492549298608868,0.6650075106666704,0.073170731707317,0.2801932367149758,0.1314439335479859,1,node,17,1.1055500000002212,0.3710246999826267,spread_resid,ca-GrQc,3
0.4962947438494894,0.668891231910463,0.0975609756097561,0.3043478260869565,0.1302609510693837,1,node,17,1.1114667000001646,0.3710246999826267,spread_resid,ca-GrQc,4
0.4939916354885015,0.6674570430533987,0.073170731707317,0.2801932367149758,0.1317535045716044,1,node,17,1.1940966000001936,0.3710246999826267,spread_resid,ca-GrQc,5
0.4956798343182284,0.668239222369889,0.048780487804878,0.2801932367149758,0.1310564173405678,1,node,17,1.0975329000011698,0.3710246999826267,spread_resid,ca-GrQc,6
0.4959842889346225,0.6691209819329164,0.048780487804878,0.2657004830917874,0.1311734829262137,1,node,17,1.0625956999992925,0.3710246999826267,spread_resid,ca-GrQc,7
0.4981748877159916,0.6705789636852001,0.0975609756097561,0.2850241545893719,0.1309346067977196,1,node,17,1.071734999999535,0.3710246999826267,spread_resid,ca-GrQc,8
0.4976713008459364,0.6710425384509753,0.048780487804878,0.3091787439613526,0.1306257115599329,1,node,17,1.094457400000465,0.3710246999826267,spread_resid,ca-GrQc,9
0.4966457846587069,0.6702554884703759,0.0975609756097561,0.2898550724637681,0.1312020972724299,1,node+edge,38,1.7952419000012014,0.5384428999823285,spread_resid,ca-GrQc,0
0.4994920565101343,0.6734785384539432,0.0975609756097561,0.2608695652173913,0.1307530933165816,1,node+edge,38,1.8014767000004213,0.5384428999823285,spread_resid,ca-GrQc,1
0.5013182991765708,0.6765753668236314,0.073170731707317,0.2753623188405797,0.130733065950432,1,node+edge,38,1.789535199999591,0.5384428999823285,spread_resid,ca-GrQc,2
0.4910267107619558,0.663933411863801,0.073170731707317,0.2753623188405797,0.1319474821956184,1,node+edge,38,1.7934206999998423,0.5384428999823285,spread_resid,ca-GrQc,3
0.4992373252490039,0.6728458457244364,0.0975609756097561,0.2995169082125604,0.130030894118027,1,node+edge,38,1.8666264000003137,0.5384428999823285,spread_resid,ca-GrQc,4
0.4976421951125067,0.6722358548933295,0.073170731707317,0.2850241545893719,0.1311497586463883,1,node+edge,38,1.8988336000002164,0.5384428999823285,spread_resid,ca-GrQc,5
0.5020114940165553,0.6763843881848743,0.048780487804878,0.2898550724637681,0.1306431101986271,1,node+edge,38,1.8704459000000493,0.5384428999823285,spread_resid,ca-GrQc,6
0.4999553070471007,0.673722669698678,0.073170731707317,0.2850241545893719,0.130885351643221,1,node+edge,38,1.8127237999997303,0.5384428999823285,spread_resid,ca-GrQc,7
0.4983887928838095,0.6715250409998167,0.1219512195121951,0.2753623188405797,0.1310516732564976,1,node+edge,38,1.901680299999498,0.5384428999823285,spread_resid,ca-GrQc,8
0.4985061465625733,0.6728383159775613,0.048780487804878,0.2898550724637681,0.1307157029594634,1,node+edge,38,1.955303599999752,0.5384428999823285,spread_resid,ca-GrQc,9
0.6520803306737171,0.8245602943780956,0.4878048780487805,0.6859903381642513,0.0907252495923224,2,node,35,2.1904890000005253,0.7341094999837878,spread_resid,ca-GrQc,0
0.6494923235792511,0.8212194320659275,0.4878048780487805,0.6811594202898551,0.0915893041540064,2,node,35,2.2050849000006565,0.7341094999837878,spread_resid,ca-GrQc,1
0.6504907654377516,0.8227931709038401,0.4634146341463415,0.6714975845410628,0.0916543141622834,2,node,35,2.1885866000011447,0.7341094999837878,spread_resid,ca-GrQc,2
0.6531256347207129,0.8253882637322484,0.5365853658536586,0.6811594202898551,0.0904810519772621,2,node,35,2.0984078999990743,0.7341094999837878,spread_resid,ca-GrQc,3
0.6510991804685714,0.8237434661715695,0.5121951219512195,0.6763285024154589,0.0910787878694618,2,node,35,2.184579400000075,0.7341094999837878,spread_resid,ca-GrQc,4
0.6486040050928372,0.8209421991353657,0.5121951219512195,0.6763285024154589,0.091334964562927,2,node,35,2.311187700001028,0.7341094999837878,spread_resid,ca-GrQc,5
0.6533698620182734,0.8254844638319649,0.5121951219512195,0.6763285024154589,0.0904527874474368,2,node,35,2.323351900000489,0.7341094999837878,spread_resid,ca-GrQc,6
0.6503492211608011,0.8229506395570972,0.5365853658536586,0.6714975845410628,0.0911103949196479,2,node,35,2.1350421000006463,0.7341094999837878,spread_resid,ca-GrQc,7
0.6492489094940606,0.8213953659253826,0.5365853658536586,0.6714975845410628,0.0916690390244876,2,node,35,2.18650499999967,0.7341094999837878,spread_resid,ca-GrQc,8
0.6511067341433082,0.8236069148381479,0.5365853658536586,0.6763285024154589,0.0915130792727076,2,node,35,2.1699931000002834,0.7341094999837878,spread_resid,ca-GrQc,9
0.6708943510634124,0.8410567167758741,0.4634146341463415,0.6859903381642513,0.0852169360237875,3,node,45,3.5858893000004173,0.9753201999856174,spread_resid,ca-GrQc,0
0.6702095451307376,0.8397837376445663,0.4878048780487805,0.6908212560386473,0.0863790280606911,3,node,45,3.538183200000276,0.9753201999856174,spread_resid,ca-GrQc,1
0.6689067675036942,0.83929481143222,0.4634146341463415,0.6714975845410628,0.0866939392667256,3,node,45,3.095553700000892,0.9753201999856174,spread_resid,ca-GrQc,2
0.6736233378842013,0.8440329164974253,0.5121951219512195,0.6763285024154589,0.085519846852208,3,node,45,3.1838728000002448,0.9753201999856174,spread_resid,ca-GrQc,3
0.6706079128272149,0.8414860004384827,0.4634146341463415,0.6859903381642513,0.0855929819203091,3,node,45,3.2599929999996675,0.9753201999856174,spread_resid,ca-GrQc,4
0.671470059018845,0.8418047005822146,0.4878048780487805,0.6956521739130435,0.0857859336473327,3,node,45,3.5320840000003955,0.9753201999856174,spread_resid,ca-GrQc,5
0.6742356222086981,0.843830245108937,0.4878048780487805,0.6908212560386473,0.0850876886565383,3,node,45,3.589442100001179,0.9753201999856174,spread_resid,ca-GrQc,6
0.6704702878370183,0.8407738220511961,0.5121951219512195,0.6763285024154589,0.0858613976632947,3,node,45,3.65643369999998,0.9753201999856174,spread_resid,ca-GrQc,7
0.672583407427908,0.8427492005545729,0.5121951219512195,0.6908212560386473,0.0857482624530174,3,node,45,3.737366999999722,0.9753201999856174,spread_resid,ca-GrQc,8
0.6692259071176757,0.8398764059220428,0.5121951219512195,0.6859903381642513,0.0863791932515735,3,node,45,3.777171400000952,0.9753201999856174,spread_resid,ca-GrQc,9
0.5442822494387292,0.6762813606064281,0.3170731707317073,0.5072463768115942,23765.295887139404,0,node,2,0.9639047999989998,3.170000036334386e-05,betweenness,ca-GrQc,0
0.5434340474248759,0.6754814376934521,0.3170731707317073,0.5169082125603864,23601.20708842887,0,node,2,0.9645882000004348,3.170000036334386e-05,betweenness,ca-GrQc,1
0.5414911029649696,0.6725149975180024,0.2682926829268293,0.5265700483091788,23897.21204220513,0,node,2,0.91085319999911,3.170000036334386e-05,betweenness,ca-GrQc,2
0.5438919339615759,0.6755072275511683,0.2682926829268293,0.5169082125603864,24142.189688078684,0,node,2,0.7970458999989205,3.170000036334386e-05,betweenness,ca-GrQc,3
0.5415842355258742,0.673098146275069,0.2682926829268293,0.5362318840579711,23825.121945055675,0,node,2,0.826977499998975,3.170000036334386e-05,betweenness,ca-GrQc,4
0.5425414048472575,0.6746632408692833,0.2682926829268293,0.5410628019323671,24017.413357206515,0,node,2,0.8891797000014776,3.170000036334386e-05,betweenness,ca-GrQc,5
0.542763495273354,0.6745308764339883,0.3170731707317073,0.5314009661835749,23948.119116728725,0,node,2,0.8127347999998165,3.170000036334386e-05,betweenness,ca-GrQc,6
0.541881851259573,0.6734297402104596,0.2682926829268293,0.5410628019323671,23695.22279415343,0,node,2,0.8199454999994487,3.170000036334386e-05,betweenness,ca-GrQc,7
0.5406079382907646,0.6719817212198557,0.2439024390243902,0.5120772946859904,24221.6355417709,0,node,2,0.8354596999997739,3.170000036334386e-05,betweenness,ca-GrQc,8
0.5392301719905397,0.6702933966937814,0.2682926829268293,0.5217391304347826,24321.83550998316,0,node,2,0.8120371999993949,3.170000036334386e-05,betweenness,ca-GrQc,9
0.5442822494387292,0.6762813606064281,0.3170731707317073,0.5072463768115942,23765.295887139404,0,node+edge,2,0.8012638999989576,3.170000036334386e-05,betweenness,ca-GrQc,0
0.5434340474248759,0.6754814376934521,0.3170731707317073,0.5169082125603864,23601.207088428862,0,node+edge,2,0.7997994999986986,3.170000036334386e-05,betweenness,ca-GrQc,1
0.5414911029649696,0.6725149975180024,0.2682926829268293,0.5265700483091788,23897.21204220513,0,node+edge,2,0.817601900000227,3.170000036334386e-05,betweenness,ca-GrQc,2
0.5438919339615759,0.6755072275511683,0.2682926829268293,0.5169082125603864,24142.189688078684,0,node+edge,2,0.7963187000004837,3.170000036334386e-05,betweenness,ca-GrQc,3
0.5415842355258742,0.673098146275069,0.2682926829268293,0.5362318840579711,23825.121945055675,0,node+edge,2,0.7847929999988992,3.170000036334386e-05,betweenness,ca-GrQc,4
0.5425414048472575,0.6746632408692833,0.2682926829268293,0.5410628019323671,24017.413357206515,0,node+edge,2,0.7937669999992067,3.170000036334386e-05,betweenness,ca-GrQc,5
0.542763495273354,0.6745308764339883,0.3170731707317073,0.5314009661835749,23948.119116728725,0,node+edge,2,0.792131000000154,3.170000036334386e-05,betweenness,ca-GrQc,6
0.541881851259573,0.6734297402104596,0.2682926829268293,0.5410628019323671,23695.22279415343,0,node+edge,2,0.9621618000001037,3.170000036334386e-05,betweenness,ca-GrQc,7
0.5406079382907646,0.6719817212198557,0.2439024390243902,0.5120772946859904,24221.6355417709,0,node+edge,2,0.8191430000006221,3.170000036334386e-05,betweenness,ca-GrQc,8
0.5392301719905397,0.6702933966937814,0.2682926829268293,0.5217391304347826,24321.83550998316,0,node+edge,2,0.811800100000255,3.170000036334386e-05,betweenness,ca-GrQc,9
0.5442822494387292,0.6762813606064281,0.3170731707317073,0.5072463768115942,23765.295887139404,0,node+edge+subgraph,2,0.7930390000001353,3.170000036334386e-05,betweenness,ca-GrQc,0
0.5434340474248759,0.6754814376934521,0.3170731707317073,0.5169082125603864,23601.207088428862,0,node+edge+subgraph,2,0.8831903000009333,3.170000036334386e-05,betweenness,ca-GrQc,1
0.5414911029649696,0.6725149975180024,0.2682926829268293,0.5265700483091788,23897.21204220513,0,node+edge+subgraph,2,0.8028805999983888,3.170000036334386e-05,betweenness,ca-GrQc,2
0.5438919339615759,0.6755072275511683,0.2682926829268293,0.5169082125603864,24142.189688078684,0,node+edge+subgraph,2,0.8426466999990225,3.170000036334386e-05,betweenness,ca-GrQc,3
0.5415842355258742,0.673098146275069,0.2682926829268293,0.5362318840579711,23825.121945055675,0,node+edge+subgraph,2,0.8165494999993825,3.170000036334386e-05,betweenness,ca-GrQc,4
0.5425414048472575,0.6746632408692833,0.2682926829268293,0.5410628019323671,24017.413357206515,0,node+edge+subgraph,2,0.8060809999988123,3.170000036334386e-05,betweenness,ca-GrQc,5
0.542763495273354,0.6745308764339883,0.3170731707317073,0.5314009661835749,23948.119116728725,0,node+edge+subgraph,2,0.8583455999996659,3.170000036334386e-05,betweenness,ca-GrQc,6
0.541881851259573,0.6734297402104596,0.2682926829268293,0.5410628019323671,23695.22279415343,0,node+edge+subgraph,2,1.0957300000009127,3.170000036334386e-05,betweenness,ca-GrQc,7
0.5406079382907646,0.6719817212198557,0.2439024390243902,0.5120772946859904,24221.6355417709,0,node+edge+subgraph,2,1.1201450999997178,3.170000036334386e-05,betweenness,ca-GrQc,8
0.5392301719905397,0.6702933966937814,0.2682926829268293,0.5217391304347826,24321.83550998316,0,node+edge+subgraph,2,0.8419582999995328,3.170000036334386e-05,betweenness,ca-GrQc,9
0.5442822494387292,0.6762813606064281,0.3170731707317073,0.5072463768115942,23765.295887139404,0,node+edge+subgraph+dynamic,2,0.8852348000000347,3.170000036334386e-05,betweenness,ca-GrQc,0
0.5434340474248759,0.6754814376934521,0.3170731707317073,0.5169082125603864,23601.207088428862,0,node+edge+subgraph+dynamic,2,0.8026863000013691,3.170000036334386e-05,betweenness,ca-GrQc,1
0.5414911029649696,0.6725149975180024,0.2682926829268293,0.5265700483091788,23897.21204220513,0,node+edge+subgraph+dynamic,2,0.819859400000496,3.170000036334386e-05,betweenness,ca-GrQc,2
0.5438919339615759,0.6755072275511683,0.2682926829268293,0.5169082125603864,24142.189688078684,0,node+edge+subgraph+dynamic,2,0.8652174999988347,3.170000036334386e-05,betweenness,ca-GrQc,3
0.5415842355258742,0.673098146275069,0.2682926829268293,0.5362318840579711,23825.121945055675,0,node+edge+subgraph+dynamic,2,0.8686373000000458,3.170000036334386e-05,betweenness,ca-GrQc,4
0.5425414048472575,0.6746632408692833,0.2682926829268293,0.5410628019323671,24017.413357206515,0,node+edge+subgraph+dynamic,2,0.8795561999995698,3.170000036334386e-05,betweenness,ca-GrQc,5
0.542763495273354,0.6745308764339883,0.3170731707317073,0.5314009661835749,23948.119116728725,0,node+edge+subgraph+dynamic,2,0.8911385999999766,3.170000036334386e-05,betweenness,ca-GrQc,6
0.541881851259573,0.6734297402104596,0.2682926829268293,0.5410628019323671,23695.22279415343,0,node+edge+subgraph+dynamic,2,0.8942638000007719,3.170000036334386e-05,betweenness,ca-GrQc,7
0.5406079382907646,0.6719817212198557,0.2439024390243902,0.5120772946859904,24221.6355417709,0,node+edge+subgraph+dynamic,2,0.7768156000001909,3.170000036334386e-05,betweenness,ca-GrQc,8
0.5392301719905397,0.6702933966937814,0.2682926829268293,0.5217391304347826,24321.83550998316,0,node+edge+subgraph+dynamic,2,0.7822462999993149,3.170000036334386e-05,betweenness,ca-GrQc,9
0.9076206819198568,0.9838225226131914,0.6341463414634146,0.748792270531401,11480.200966242626,1,node,17,0.9812032999998336,0.3710246999826267,betweenness,ca-GrQc,0
0.9077434430211364,0.9841979698354684,0.6585365853658537,0.7294685990338164,11813.782135053772,1,node,17,0.9787655000000086,0.3710246999826267,betweenness,ca-GrQc,1
0.9086126012654182,0.984499746531605,0.7073170731707317,0.7246376811594203,11486.909046448638,1,node,17,1.017395699998815,0.3710246999826267,betweenness,ca-GrQc,2
0.906663005933277,0.9836920106212802,0.7073170731707317,0.7342995169082126,11729.53094763958,1,node,17,1.124699699999837,0.3710246999826267,betweenness,ca-GrQc,3
0.9073583555992212,0.9838430238479654,0.7317073170731707,0.7342995169082126,11370.692659511486,1,node,17,1.0553271999997378,0.3710246999826267,betweenness,ca-GrQc,4
0.907720919723374,0.9834855827246672,0.7073170731707317,0.7294685990338164,11687.06010354227,1,node,17,1.0290461999993568,0.3710246999826267,betweenness,ca-GrQc,5
0.9087021330001628,0.9844999245228652,0.6585365853658537,0.7391304347826086,11616.6234905044,1,node,17,1.0548036000000138,0.3710246999826267,betweenness,ca-GrQc,6
0.9072769608923348,0.983632423950818,0.6829268292682927,0.7053140096618358,11805.246960655031,1,node,17,1.0263344000013603,0.3710246999826267,betweenness,ca-GrQc,7
0.9072227930914472,0.984094231457646,0.7073170731707317,0.7294685990338164,11525.642035555791,1,node,17,1.0414841000001616,0.3710246999826267,betweenness,ca-GrQc,8
0.9087826213210936,0.984603820836087,0.7073170731707317,0.7198067632850241,11644.932614438932,1,node,17,1.028872599999886,0.3710246999826267,betweenness,ca-GrQc,9
0.9174401813706428,0.9861754140484472,0.6341463414634146,0.748792270531401,11116.766787101162,1,node+edge,38,1.6015244999998686,0.5384428999823285,betweenness,ca-GrQc,0
0.9165163431178716,0.9861962724999546,0.7073170731707317,0.7342995169082126,11284.37826450878,1,node+edge,38,1.5644486000001052,0.5384428999823285,betweenness,ca-GrQc,1
0.9170044621674716,0.9862136161238444,0.6829268292682927,0.7391304347826086,11451.931232465144,1,node+edge,38,1.583606399999553,0.5384428999823285,betweenness,ca-GrQc,2
0.917625812784898,0.9863179475244256,0.7073170731707317,0.7439613526570048,11245.06619967406,1,node+edge,38,1.6620130999999674,0.5384428999823285,betweenness,ca-GrQc,3
0.916607388749904,0.9858803106718298,0.6829268292682927,0.7294685990338164,11114.536411529454,1,node+edge,38,1.7075053000007756,0.5384428999823285,betweenness,ca-GrQc,4
0.9175521394684184,0.9863755393274712,0.7317073170731707,0.7439613526570048,11141.522042905972,1,node+edge,38,1.676452599998811,0.5384428999823285,betweenness,ca-GrQc,5
0.9186341512975807,0.9868293613895918,0.7073170731707317,0.748792270531401,11306.748651688473,1,node+edge,38,1.5717671000002156,0.5384428999823285,betweenness,ca-GrQc,6
0.9181793876863306,0.9866101832977664,0.7073170731707317,0.7246376811594203,11221.466831246458,1,node+edge,38,1.7179812000013044,0.5384428999823285,betweenness,ca-GrQc,7
0.9172294465895496,0.9863149870752652,0.7317073170731707,0.7584541062801933,11139.353792531512,1,node+edge,38,1.8184619000003293,0.5384428999823285,betweenness,ca-GrQc,8
0.917957863770361,0.9863820856613617,0.7073170731707317,0.7439613526570048,11343.84216043695,1,node+edge,38,2.029249499999424,0.5384428999823285,betweenness,ca-GrQc,9
0.9123437077255804,0.9852709961098084,0.7317073170731707,0.748792270531401,11079.087939626694,2,node,35,2.3099315999988903,0.7341094999837878,betweenness,ca-GrQc,0
0.9111095527826828,0.985196887585718,0.8048780487804879,0.7391304347826086,11131.092427165271,2,node,35,1.995804100000896,0.7341094999837878,betweenness,ca-GrQc,1
0.912519502037878,0.9857343389607875,0.7317073170731707,0.7294685990338164,11040.62534715178,2,node,35,1.837995599998976,0.7341094999837878,betweenness,ca-GrQc,2
0.9116902017653012,0.985020635217489,0.7560975609756098,0.7391304347826086,11061.556075521416,2,node,35,1.8111236999993707,0.7341094999837878,betweenness,ca-GrQc,3
0.9111272562343824,0.9845610923955366,0.7804878048780488,0.7391304347826086,10769.146472769564,2,node,35,1.7977302000017517,0.7341094999837878,betweenness,ca-GrQc,4
0.9111078690421416,0.9845568543128236,0.7804878048780488,0.7391304347826086,10838.857978710985,2,node,35,1.9978006000001187,0.7341094999837878,betweenness,ca-GrQc,5
0.9134379183057014,0.9857659560113788,0.7560975609756098,0.7536231884057971,10954.843650484943,2,node,35,1.95420809999996,0.7341094999837878,betweenness,ca-GrQc,6
0.9114488629923972,0.9847647066584294,0.7317073170731707,0.7342995169082126,11110.60403461678,2,node,35,2.0459331999991264,0.7341094999837878,betweenness,ca-GrQc,7
0.911573214417526,0.9854660275433174,0.8292682926829268,0.7536231884057971,10904.509572378229,2,node,35,1.857959100001608,0.7341094999837878,betweenness,ca-GrQc,8
0.9126884697498758,0.9855857678774566,0.7804878048780488,0.748792270531401,10965.799218865866,2,node,35,1.8261879999990924,0.7341094999837878,betweenness,ca-GrQc,9
0.912488180579564,0.984881627125828,0.7804878048780488,0.7439613526570048,10816.679216080434,3,node,45,2.2558619000010367,0.9753201999856174,betweenness,ca-GrQc,0
0.911037697008219,0.9849447669929589,0.7804878048780488,0.7536231884057971,11113.480874601506,3,node,45,2.2123697999995784,0.9753201999856174,betweenness,ca-GrQc,1
0.91315268325608,0.985647952734564,0.7317073170731707,0.7342995169082126,11238.76990232929,3,node,45,2.193053200000577,0.9753201999856174,betweenness,ca-GrQc,2
0.9129731111558912,0.9852347070278774,0.7804878048780488,0.748792270531401,11072.546486765536,3,node,45,2.212237100000493,0.9753201999856174,betweenness,ca-GrQc,3
0.9106775430363252,0.9839795745604036,0.7560975609756098,0.7198067632850241,10827.814873386546,3,node,45,2.355943299999126,0.9753201999856174,betweenness,ca-GrQc,4
0.9107772898931036,0.9839530082265598,0.8048780487804879,0.7536231884057971,10695.827391322477,3,node,45,2.3229979000007006,0.9753201999856174,betweenness,ca-GrQc,5
0.9136914790767684,0.9854620194961216,0.7560975609756098,0.7536231884057971,10998.938469395154,3,node,45,2.232006399999591,0.9753201999856174,betweenness,ca-GrQc,6
0.9106449742211746,0.9836256864798272,0.7804878048780488,0.748792270531401,11281.542419385389,3,node,45,2.4616937000009784,0.9753201999856174,betweenness,ca-GrQc,7
0.9112278509537582,0.984897958117702,0.7560975609756098,0.7342995169082126,10919.836007102644,3,node,45,2.4116943000008177,0.9753201999856174,betweenness,ca-GrQc,8
0.912261677905026,0.984749469048784,0.7560975609756098,0.7536231884057971,10642.523230381428,3,node,45,2.3059725999992224,0.9753201999856174,betweenness,ca-GrQc,9
0.9198591354995496,0.9852488966193184,0.7560975609756098,0.7584541062801933,10566.49359953033,2,node+edge,80,3.490439899993362,0.9015276999834896,betweenness,ca-GrQc,0
0.920208049774638,0.9861586294786324,0.7560975609756098,0.7632850241545893,10694.967369028682,2,node+edge,80,3.7183107000018936,0.9015276999834896,betweenness,ca-GrQc,1
0.9165194607870032,0.9833560610312692,0.7560975609756098,0.7536231884057971,11043.612902787898,2,node+edge,80,3.2324605000030715,0.9015276999834896,betweenness,ca-GrQc,2
0.9211769852498984,0.9859465745335854,0.7560975609756098,0.7777777777777778,10553.17981523288,2,node+edge,80,3.359026999998605,0.9015276999834896,betweenness,ca-GrQc,3
0.9200851649968832,0.9856460462607606,0.7317073170731707,0.7681159420289855,10541.00723321116,2,node+edge,80,3.800184699997772,0.9015276999834896,betweenness,ca-GrQc,4
0.9211387166239012,0.9863833023341356,0.7804878048780488,0.7729468599033816,10525.651455621295,2,node+edge,80,3.651693599997088,0.9015276999834896,betweenness,ca-GrQc,5
0.9230438239406284,0.9871766173661438,0.7073170731707317,0.7874396135265701,10815.189691119183,2,node+edge,80,3.7826134999922942,0.9015276999834896,betweenness,ca-GrQc,6
0.9188158824965592,0.984561193955871,0.6829268292682927,0.7729468599033816,10748.114723808005,2,node+edge,80,4.008675600023707,0.9015276999834896,betweenness,ca-GrQc,7
0.9194740966748844,0.9850550074824908,0.7560975609756098,0.782608695652174,10600.863625680367,2,node+edge,80,3.653611600020668,0.9015276999834896,betweenness,ca-GrQc,8
0.9202661821528264,0.9855695490184552,0.7804878048780488,0.7681159420289855,10599.12597879713,2,node+edge,80,3.332119599974249,0.9015276999834896,betweenness,ca-GrQc,9
0.9189935343964758,0.9846581798750464,0.7560975609756098,0.7681159420289855,10459.412716201388,3,node+edge,93,4.204464799986454,1.1427383999853191,betweenness,ca-GrQc,0
0.918704840044826,0.9850298604477136,0.7804878048780488,0.7729468599033816,10649.682413461614,3,node+edge,93,4.404864400014048,1.1427383999853191,betweenness,ca-GrQc,1
0.9145397721974776,0.9820069447575784,0.6829268292682927,0.7584541062801933,11011.527374466785,3,node+edge,93,4.256855499988888,1.1427383999853191,betweenness,ca-GrQc,2
0.9188382193232572,0.9842401554500316,0.7317073170731707,0.7584541062801933,10526.446506506216,3,node+edge,93,4.5160381000023335,1.1427383999853191,betweenness,ca-GrQc,3
0.9174971783736396,0.983770562752714,0.7317073170731707,0.7729468599033816,10414.81466865773,3,node+edge,93,4.439054299989948,1.1427383999853191,betweenness,ca-GrQc,4
0.9182687912228228,0.984395960590125,0.7560975609756098,0.7729468599033816,10590.868398437176,3,node+edge,93,4.330076599988388,1.1427383999853191,betweenness,ca-GrQc,5
0.9221173092564442,0.986554516549287,0.7073170731707317,0.7681159420289855,10614.850952368011,3,node+edge,93,4.881889100011904,1.1427383999853191,betweenness,ca-GrQc,6
0.91468318534101,0.9815435366801326,0.7317073170731707,0.7584541062801933,10711.891075160072,3,node+edge,93,4.2290752999833785,1.1427383999853191,betweenness,ca-GrQc,7
0.9183790747714956,0.9844048188524398,0.7560975609756098,0.7777777777777778,10437.443904376649,3,node+edge,93,4.529801099997712,1.1427383999853191,betweenness,ca-GrQc,8
0.9175130759836232,0.98375446259636,0.7560975609756098,0.7681159420289855,10368.702583085404,3,node+edge,93,4.980005599994911,1.1427383999853191,betweenness,ca-GrQc,9
0.9413864015581406,0.994410527377879,0.926829268292683,0.9758454106280192,0.1536970403805489,2,node+edge,80,5.326059399987571,0.9015276999834896,spread_mean,ca-GrQc,0
0.9418623047004008,0.9945069275181352,0.926829268292683,0.9710144927536232,0.1891562136912477,2,node+edge,80,4.513267500005895,0.9015276999834896,spread_mean,ca-GrQc,1
0.9422293399637244,0.9945894236797272,0.926829268292683,0.9710144927536232,0.196122673343994,2,node+edge,80,4.382946500001708,0.9015276999834896,spread_mean,ca-GrQc,2
0.9413436098817386,0.9943164541351224,0.926829268292683,0.9710144927536232,0.1625865543423903,2,node+edge,80,4.304308799997671,0.9015276999834896,spread_mean,ca-GrQc,3
0.941980746776227,0.9946437849750552,0.926829268292683,0.9758454106280192,0.1532898097000484,2,node+edge,80,4.862638800026616,0.9015276999834896,spread_mean,ca-GrQc,4
0.9419949289428616,0.99455281192341,0.926829268292683,0.9710144927536232,0.1442801990704687,2,node+edge,80,5.302168700000038,0.9015276999834896,spread_mean,ca-GrQc,5
0.9420606251167364,0.9945154179265544,0.926829268292683,0.9710144927536232,0.142769068428963,2,node+edge,80,5.384972800005926,0.9015276999834896,spread_mean,ca-GrQc,6
0.9415152940582228,0.9945166623953005,0.926829268292683,0.9710144927536232,0.145947142738157,2,node+edge,80,5.462260500004049,0.9015276999834896,spread_mean,ca-GrQc,7
0.941830865461888,0.9944884148053345,0.926829268292683,0.9710144927536232,0.1809582350727426,2,node+edge,80,4.584061800007476,0.9015276999834896,spread_mean,ca-GrQc,8
0.942438438040642,0.994665551535254,0.926829268292683,0.966183574879227,0.1572900768459803,2,node+edge,80,4.919235100009246,0.9015276999834896,spread_mean,ca-GrQc,9
0.9431558887062074,0.9947707644023376,0.926829268292683,0.9710144927536232,0.1536540392877083,3,node+edge,93,6.1696857000060845,1.1427383999853191,spread_mean,ca-GrQc,0
0.9432152127728152,0.9947733593894684,0.926829268292683,0.9710144927536232,0.1618390565091204,3,node+edge,93,6.35909119999269,1.1427383999853191,spread_mean,ca-GrQc,1
0.9438215964053102,0.9948952933530124,0.951219512195122,0.9710144927536232,0.1756345295846285,3,node+edge,93,5.992911600013031,1.1427383999853191,spread_mean,ca-GrQc,2
0.9431441619871032,0.994737734226848,0.926829268292683,0.9710144927536232,0.1473161072203082,3,node+edge,93,7.226305099989986,1.1427383999853191,spread_mean,ca-GrQc,3
0.9437811402329624,0.994989512820939,0.926829268292683,0.9710144927536232,0.1430231912228474,3,node+edge,93,6.106688700005179,1.1427383999853191,spread_mean,ca-GrQc,4
0.9436704617406756,0.9948408376249483,0.926829268292683,0.9710144927536232,0.1396210586857965,3,node+edge,93,5.650141199992504,1.1427383999853191,spread_mean,ca-GrQc,5
0.9439446228779922,0.9949739386796594,0.926829268292683,0.9710144927536232,0.1327051549039825,3,node+edge,93,5.803798500011908,1.1427383999853191,spread_mean,ca-GrQc,6
0.9432646706574288,0.9948472106377264,0.926829268292683,0.9710144927536232,0.1458695063016812,3,node+edge,93,5.595438099990133,1.1427383999853191,spread_mean,ca-GrQc,7
0.9434484245549748,0.9948023738385304,0.926829268292683,0.9710144927536232,0.1758711362267842,3,node+edge,93,6.102721400005976,1.1427383999853191,spread_mean,ca-GrQc,8
0.9441795088599686,0.9949907864352174,0.926829268292683,0.966183574879227,0.1431350383141062,3,node+edge,93,5.457937300001504,1.1427383999853191,spread_mean,ca-GrQc,9
0.8075705472215122,0.930125507072044,0.8048780487804879,0.9178743961352656,0.1697331330321113,2,node+edge,80,4.564799200015841,0.9015276999834896,spread_cv,ca-GrQc,0
0.8027940355122077,0.9263210751839605,0.8292682926829268,0.9227053140096618,0.1705008559547624,2,node+edge,80,4.243277700006729,0.9015276999834896,spread_cv,ca-GrQc,1
0.8038036285472485,0.9271762464108916,0.8292682926829268,0.927536231884058,0.1719475327542691,2,node+edge,80,4.690457499993499,0.9015276999834896,spread_cv,ca-GrQc,2
0.8028910074680313,0.9263905626624326,0.8048780487804879,0.9178743961352656,0.1697434072591337,2,node+edge,80,4.356304099987028,0.9015276999834896,spread_cv,ca-GrQc,3
0.8033855151774848,0.927465890885298,0.7317073170731707,0.927536231884058,0.1703053385047744,2,node+edge,80,4.7806367999874055,0.9015276999834896,spread_cv,ca-GrQc,4
0.8005543323735487,0.9257279611497278,0.7804878048780488,0.9178743961352656,0.1718197771459692,2,node+edge,80,4.19890590000432,0.9015276999834896,spread_cv,ca-GrQc,5
0.8055389511768527,0.9283182449959576,0.7560975609756098,0.932367149758454,0.1700724264118023,2,node+edge,80,4.138554100005422,0.9015276999834896,spread_cv,ca-GrQc,6
0.8026788789556397,0.9266483892406726,0.8292682926829268,0.932367149758454,0.1710066487817375,2,node+edge,80,4.296071699995082,0.9015276999834896,spread_cv,ca-GrQc,7
0.8028099982165283,0.9265886717277516,0.7317073170731707,0.9033816425120772,0.1705445357497453,2,node+edge,80,4.510327600000892,0.9015276999834896,spread_cv,ca-GrQc,8
0.8046296341694847,0.9276622209642156,0.7804878048780488,0.9227053140096618,0.1706536348029496,2,node+edge,80,4.513959900010377,0.9015276999834896,spread_cv,ca-GrQc,9
0.82197216017411,0.939139713177311,0.8048780487804879,0.927536231884058,0.1608939464234065,3,node+edge,93,5.251504699990619,1.1427383999853191,spread_cv,ca-GrQc,0
0.8189934759821393,0.9361902920913676,0.7804878048780488,0.9227053140096618,0.1609725547620077,3,node+edge,93,5.220880700013368,1.1427383999853191,spread_cv,ca-GrQc,1
0.8170995880188907,0.9353540478557142,0.8292682926829268,0.932367149758454,0.1627622909870406,3,node+edge,93,5.183844299986959,1.1427383999853191,spread_cv,ca-GrQc,2
0.8179762345247716,0.9354925655914418,0.7560975609756098,0.9371980676328504,0.160792040858643,3,node+edge,93,5.209705799992662,1.1427383999853191,spread_cv,ca-GrQc,3
0.8199655493085883,0.9375995886520332,0.7317073170731707,0.9227053140096618,0.159059635860238,3,node+edge,93,5.46309669999755,1.1427383999853191,spread_cv,ca-GrQc,4
0.8195391818222592,0.9375381808109486,0.7560975609756098,0.932367149758454,0.1608185154283815,3,node+edge,93,5.383367700007511,1.1427383999853191,spread_cv,ca-GrQc,5
0.8217035726152329,0.9384314668762036,0.7560975609756098,0.927536231884058,0.1604323954655657,3,node+edge,93,5.373105600010604,1.1427383999853191,spread_cv,ca-GrQc,6
0.8182194144216821,0.9360920683334488,0.7560975609756098,0.927536231884058,0.1615398817953623,3,node+edge,93,5.686314399994444,1.1427383999853191,spread_cv,ca-GrQc,7
0.8188466416714072,0.9360144685233632,0.7560975609756098,0.9227053140096618,0.1614572252533147,3,node+edge,93,5.368612099991879,1.1427383999853191,spread_cv,ca-GrQc,8
0.8177955602643986,0.9355888855157158,0.8048780487804879,0.927536231884058,0.1618276184824903,3,node+edge,93,5.745088299998315,1.1427383999853191,spread_cv,ca-GrQc,9
0.6517199970838948,0.8247181332511835,0.5365853658536586,0.6714975845410628,0.0910427845340157,2,node+edge,80,5.073092600010568,0.9015276999834896,spread_resid,ca-GrQc,0
0.6495472500057288,0.8212232105605637,0.5365853658536586,0.6714975845410628,0.0921028177623458,2,node+edge,80,4.379848599986872,0.9015276999834896,spread_resid,ca-GrQc,1
0.6488441581428265,0.8212624236230134,0.5121951219512195,0.6763285024154589,0.0922224720928078,2,node+edge,80,4.54482419998385,0.9015276999834896,spread_resid,ca-GrQc,2
0.6526613906013647,0.8250962967859629,0.5609756097560976,0.6859903381642513,0.0908712227745949,2,node+edge,80,4.439947300008498,0.9015276999834896,spread_resid,ca-GrQc,3
0.6510494235110514,0.8234611563146294,0.5121951219512195,0.6666666666666666,0.0915644404345161,2,node+edge,80,4.363791999989189,0.9015276999834896,spread_resid,ca-GrQc,4
0.6485644309568203,0.8211398066453628,0.5121951219512195,0.6714975845410628,0.0916103318201157,2,node+edge,80,4.848735900013708,0.9015276999834896,spread_resid,ca-GrQc,5
0.6534890473782579,0.826136773895478,0.5365853658536586,0.6714975845410628,0.0908905822077291,2,node+edge,80,4.520615999994334,0.9015276999834896,spread_resid,ca-GrQc,6
0.6507775933056283,0.8236135415842779,0.5121951219512195,0.6618357487922706,0.0914793545345927,2,node+edge,80,4.649149799981387,0.9015276999834896,spread_resid,ca-GrQc,7
0.6502785363176556,0.8225236281869279,0.5609756097560976,0.6666666666666666,0.0920038769856017,2,node+edge,80,4.530093200010015,0.9015276999834896,spread_resid,ca-GrQc,8
0.6500616061843957,0.8228457626270502,0.5365853658536586,0.6714975845410628,0.0919223574974209,2,node+edge,80,4.536036200006492,0.9015276999834896,spread_resid,ca-GrQc,9
0.6691284025994256,0.8397158246833976,0.4878048780487805,0.6811594202898551,0.0856784354467058,3,node+edge,93,5.657154799991986,1.1427383999853191,spread_resid,ca-GrQc,0
0.6672593128846815,0.8379490673295358,0.5121951219512195,0.6956521739130435,0.0867582796471463,3,node+edge,93,5.735609499999555,1.1427383999853191,spread_resid,ca-GrQc,1
0.6679657840161484,0.838509786504142,0.4878048780487805,0.6763285024154589,0.0870430443299618,3,node+edge,93,5.780089500010945,1.1427383999853191,spread_resid,ca-GrQc,2
0.6723738609824332,0.8429110456667478,0.5121951219512195,0.6859903381642513,0.0858818720687511,3,node+edge,93,5.891386099974625,1.1427383999853191,spread_resid,ca-GrQc,3
0.6704503108124351,0.8415665534685071,0.4634146341463415,0.6956521739130435,0.0857217550711809,3,node+edge,93,6.0583800000022165,1.1427383999853191,spread_resid,ca-GrQc,4
0.6690953820406148,0.8396853965234425,0.4878048780487805,0.6811594202898551,0.0861674263576243,3,node+edge,93,5.48815619997913,1.1427383999853191,spread_resid,ca-GrQc,5
0.6740733914595025,0.844167015643677,0.5365853658536586,0.6859903381642513,0.0852145526687317,3,node+edge,93,6.27179050000268,1.1427383999853191,spread_resid,ca-GrQc,6
0.6698165061088592,0.8403731446641536,0.5121951219512195,0.6714975845410628,0.0861146975705953,3,node+edge,93,5.587349099980202,1.1427383999853191,spread_resid,ca-GrQc,7
0.6713614647389492,0.8416473821965399,0.5121951219512195,0.6811594202898551,0.0858050375719021,3,node+edge,93,5.918689499987522,1.1427383999853191,spread_resid,ca-GrQc,8
0.6693696235589077,0.840158246795848,0.5121951219512195,0.6908212560386473,0.0862940444524225,3,node+edge,93,5.754451699991478,1.1427383999853191,spread_resid,ca-GrQc,9
0.9409498708859084,0.994308485187244,0.926829268292683,0.9710144927536232,0.1326233673030077,2,node+edge+subgraph,144,9.59373179999966,1.6171485999839206,spread_mean,ca-GrQc,0
0.9413639062491984,0.994420938709811,0.926829268292683,0.9710144927536232,0.1143597778003161,2,node+edge+subgraph,144,153.50521630000003,1.6171485999839206,spread_mean,ca-GrQc,1
0.9420189151679392,0.994559051878274,0.926829268292683,0.9758454106280192,0.1320006764237244,2,node+edge+subgraph,144,388.07820530000026,1.6171485999839206,spread_mean,ca-GrQc,2
0.9410510057482768,0.9942770468787892,0.926829268292683,0.9758454106280192,0.1208459982646611,2,node+edge+subgraph,144,11.708490599998186,1.6171485999839206,spread_mean,ca-GrQc,3
0.9418430099019828,0.9946210457692628,0.951219512195122,0.9710144927536232,0.1202210701113854,2,node+edge+subgraph,144,9.487564299997755,1.6171485999839206,spread_mean,ca-GrQc,4
0.941752558356324,0.9945159854506505,0.902439024390244,0.9710144927536232,0.1265005676344647,2,node+edge+subgraph,144,9.525086200002988,1.6171485999839206,spread_mean,ca-GrQc,5
0.941923119629612,0.9944888084218352,0.926829268292683,0.9710144927536232,0.1116591458531996,2,node+edge+subgraph,144,9.079253300002163,1.6171485999839206,spread_mean,ca-GrQc,6
0.9412141252425954,0.9944514516442255,0.926829268292683,0.9710144927536232,0.123365254168854,2,node+edge+subgraph,144,8.94597149999754,1.6171485999839206,spread_mean,ca-GrQc,7
0.941669747268879,0.994468402694571,0.926829268292683,0.966183574879227,0.1347390717276283,2,node+edge+subgraph,144,9.036868200000754,1.6171485999839206,spread_mean,ca-GrQc,8
0.9421837983380684,0.9946067661595316,0.926829268292683,0.9758454106280192,0.12189556093535,2,node+edge+subgraph,144,9.370966400001636,1.6171485999839206,spread_mean,ca-GrQc,9
0.9417022165063949,0.9944436996816974,0.926829268292683,0.9710144927536232,0.132593595843086,2,node+edge+subgraph+dynamic,145,9.15479740000228,1.6171485999839206,spread_mean,ca-GrQc,0
0.942026199778641,0.9944500670677696,0.926829268292683,0.9710144927536232,0.1245004917990595,2,node+edge+subgraph+dynamic,145,6.259270999998989,1.6171485999839206,spread_mean,ca-GrQc,1
0.94259740973853,0.9946349810480524,0.951219512195122,0.9758454106280192,0.1330851880459033,2,node+edge+subgraph+dynamic,145,6.305328300000838,1.6171485999839206,spread_mean,ca-GrQc,2
0.9416797342502404,0.9943520619533076,0.926829268292683,0.9710144927536232,0.1158340209945161,2,node+edge+subgraph+dynamic,145,6.332569199999853,1.6171485999839206,spread_mean,ca-GrQc,3
0.9426377169427896,0.9947652700942592,0.951219512195122,0.9710144927536232,0.1153040865883497,2,node+edge+subgraph+dynamic,145,6.15970539999762,1.6171485999839206,spread_mean,ca-GrQc,4
0.9425778221013156,0.9946251594954272,0.902439024390244,0.9710144927536232,0.1226416649265993,2,node+edge+subgraph+dynamic,145,6.223291400001472,1.6171485999839206,spread_mean,ca-GrQc,5
0.94227498552259,0.9945358345857952,0.926829268292683,0.9710144927536232,0.1076197912399577,2,node+edge+subgraph+dynamic,145,6.101196100000379,1.6171485999839206,spread_mean,ca-GrQc,6
0.941955820004525,0.994562238626293,0.926829268292683,0.9758454106280192,0.1225161470856603,2,node+edge+subgraph+dynamic,145,6.411734599998454,1.6171485999839206,spread_mean,ca-GrQc,7
0.9421753250469412,0.9945373571318572,0.926829268292683,0.9710144927536232,0.1310080619405627,2,node+edge+subgraph+dynamic,145,6.410640000001877,1.6171485999839206,spread_mean,ca-GrQc,8
0.942478717411776,0.9946796877120322,0.926829268292683,0.9710144927536232,0.1228277580040281,2,node+edge+subgraph+dynamic,145,6.142695999998978,1.6171485999839206,spread_mean,ca-GrQc,9
0.9436680071159862,0.9948692658093696,0.926829268292683,0.9710144927536232,0.1327362786780013,3,node+edge+subgraph,168,7.92339599999832,1.85835929998575,spread_mean,ca-GrQc,0
0.9439344518985144,0.9949162105676224,0.926829268292683,0.9758454106280192,0.110497886418938,3,node+edge+subgraph,168,7.932277500000055,1.85835929998575,spread_mean,ca-GrQc,1
0.9443727133622164,0.995004253730334,0.951219512195122,0.9758454106280192,0.1298470162839713,3,node+edge+subgraph,168,7.933092600000236,1.85835929998575,spread_mean,ca-GrQc,2
0.9437346937522608,0.994850092748714,0.926829268292683,0.9710144927536232,0.1184539928510747,3,node+edge+subgraph,168,7.870338800003083,1.85835929998575,spread_mean,ca-GrQc,3
0.9443473651886092,0.995070586530993,0.951219512195122,0.9710144927536232,0.1161612475839996,3,node+edge+subgraph,168,7.713935600000696,1.85835929998575,spread_mean,ca-GrQc,4
0.9439757974161406,0.9948994604965804,0.902439024390244,0.9710144927536232,0.1204247256354239,3,node+edge+subgraph,168,7.892026400000759,1.85835929998575,spread_mean,ca-GrQc,5
0.9445078391131588,0.9950544005168922,0.926829268292683,0.9710144927536232,0.1076412212889855,3,node+edge+subgraph,168,7.905580900001951,1.85835929998575,spread_mean,ca-GrQc,6
0.9436294988908316,0.9949247897191736,0.926829268292683,0.9710144927536232,0.1242113469067891,3,node+edge+subgraph,168,7.862134099999821,1.85835929998575,spread_mean,ca-GrQc,7
0.9440662750357932,0.994943949694172,0.926829268292683,0.9758454106280192,0.1274691993729895,3,node+edge+subgraph,168,7.997580900002504,1.85835929998575,spread_mean,ca-GrQc,8
0.944822357359412,0.9950882323166864,0.926829268292683,0.9758454106280192,0.124527459896513,3,node+edge+subgraph,168,8.1662565000006,1.85835929998575,spread_mean,ca-GrQc,9
0.9444641033303648,0.9949873753201488,0.926829268292683,0.9710144927536232,0.131512272623773,3,node+edge+subgraph+dynamic,170,8.039396100000886,1.85835929998575,spread_mean,ca-GrQc,0
0.9450500017365396,0.995051073928318,0.926829268292683,0.9758454106280192,0.1121795592663091,3,node+edge+subgraph+dynamic,170,8.052884100001393,1.85835929998575,spread_mean,ca-GrQc,1
0.9451009814368136,0.9951123601899466,0.926829268292683,0.9758454106280192,0.1237690239746696,3,node+edge+subgraph+dynamic,170,8.36562309999863,1.85835929998575,spread_mean,ca-GrQc,2
0.9447583438759486,0.9949895469517692,0.926829268292683,0.9710144927536232,0.1163649216558798,3,node+edge+subgraph+dynamic,170,8.3563979999999,1.85835929998575,spread_mean,ca-GrQc,3
0.9452117494831246,0.9951615913456984,0.926829268292683,0.9710144927536232,0.1184097039352208,3,node+edge+subgraph+dynamic,170,8.183160000000498,1.85835929998575,spread_mean,ca-GrQc,4
0.9446554528696391,0.994977032984551,0.902439024390244,0.9710144927536232,0.1171697285183385,3,node+edge+subgraph+dynamic,170,8.107371499998408,1.85835929998575,spread_mean,ca-GrQc,5
0.9451400394987894,0.9951169866661912,0.926829268292683,0.9710144927536232,0.1048348609178838,3,node+edge+subgraph+dynamic,170,8.205944200002705,1.85835929998575,spread_mean,ca-GrQc,6
0.9444885582652964,0.9950346288864786,0.926829268292683,0.9710144927536232,0.1211013885191399,3,node+edge+subgraph+dynamic,170,8.399981000002299,1.85835929998575,spread_mean,ca-GrQc,7
0.9449306638313634,0.9950668164756188,0.926829268292683,0.9806763285024156,0.1296156165330514,3,node+edge+subgraph+dynamic,170,8.219842300000892,1.85835929998575,spread_mean,ca-GrQc,8
0.9454327972200646,0.995150430693175,0.926829268292683,0.9710144927536232,0.1213698466682463,3,node+edge+subgraph+dynamic,170,8.040704499999265,1.85835929998575,spread_mean,ca-GrQc,9
0.8078825085430902,0.9302934454648456,0.8048780487804879,0.9178743961352656,0.1690499204455084,2,node+edge+subgraph,144,7.767376499999955,1.6171485999839206,spread_cv,ca-GrQc,0
0.8037967982013405,0.9268501705219698,0.8292682926829268,0.9227053140096618,0.1702490652568568,2,node+edge+subgraph,144,8.991173899998103,1.6171485999839206,spread_cv,ca-GrQc,1
0.8042979518712445,0.9274611089047304,0.8292682926829268,0.927536231884058,0.1710119604231294,2,node+edge+subgraph,144,9.060938599999645,1.6171485999839206,spread_cv,ca-GrQc,2
0.8040734268710537,0.9268521932220248,0.8048780487804879,0.9130434782608696,0.1689589466578228,2,node+edge+subgraph,144,9.194580700001096,1.6171485999839206,spread_cv,ca-GrQc,3
0.8063496052667072,0.9291268070305224,0.7073170731707317,0.9227053140096618,0.1684345096051244,2,node+edge+subgraph,144,9.13931109999976,1.6171485999839206,spread_cv,ca-GrQc,4
0.8021168438885156,0.9259241889465908,0.7804878048780488,0.9130434782608696,0.1710078441057239,2,node+edge+subgraph,144,8.75695899999846,1.6171485999839206,spread_cv,ca-GrQc,5
0.8065456502388636,0.9286086874584232,0.7804878048780488,0.932367149758454,0.169161999158007,2,node+edge+subgraph,144,8.74791600000026,1.6171485999839206,spread_cv,ca-GrQc,6
0.8026008888644001,0.9264459433508369,0.8048780487804879,0.9227053140096618,0.1704545582399208,2,node+edge+subgraph,144,8.883942000000388,1.6171485999839206,spread_cv,ca-GrQc,7
0.8038074443153963,0.9268234452167649,0.7560975609756098,0.9033816425120772,0.169836819069803,2,node+edge+subgraph,144,8.856675700000778,1.6171485999839206,spread_cv,ca-GrQc,8
0.8038411000199557,0.9268698650036308,0.7804878048780488,0.9227053140096618,0.1700334254950457,2,node+edge+subgraph,144,8.918512200001715,1.6171485999839206,spread_cv,ca-GrQc,9
0.8077100966850964,0.9300627705503144,0.7804878048780488,0.9178743961352656,0.1691735071950642,2,node+edge+subgraph+dynamic,145,9.666233100000682,1.6171485999839206,spread_cv,ca-GrQc,0
0.8039252388411902,0.9268132302222192,0.8048780487804879,0.9227053140096618,0.1702795125959747,2,node+edge+subgraph+dynamic,145,9.091129000000365,1.6171485999839206,spread_cv,ca-GrQc,1
0.8045721902321692,0.927604912337258,0.8048780487804879,0.927536231884058,0.1712537217075391,2,node+edge+subgraph+dynamic,145,8.87226649999866,1.6171485999839206,spread_cv,ca-GrQc,2
0.8041454000350468,0.9269039077723248,0.7804878048780488,0.9130434782608696,0.1688976630450953,2,node+edge+subgraph+dynamic,145,9.311954500000866,1.6171485999839206,spread_cv,ca-GrQc,3
0.8061648591289614,0.929039699386477,0.7560975609756098,0.9227053140096618,0.1682176455208565,2,node+edge+subgraph+dynamic,145,8.906054699997185,1.6171485999839206,spread_cv,ca-GrQc,4
0.8022503760544651,0.9259333375739872,0.7804878048780488,0.9130434782608696,0.1708554529238379,2,node+edge+subgraph+dynamic,145,8.854095700000471,1.6171485999839206,spread_cv,ca-GrQc,5
0.8066657598510897,0.9286979899038428,0.7804878048780488,0.927536231884058,0.1692564667661794,2,node+edge+subgraph+dynamic,145,9.338728200000332,1.6171485999839206,spread_cv,ca-GrQc,6
0.8023511817176711,0.926278884333666,0.7560975609756098,0.9227053140096618,0.1705972482165046,2,node+edge+subgraph+dynamic,145,9.227343700000349,1.6171485999839206,spread_cv,ca-GrQc,7
0.8035563470956116,0.9267308726599064,0.7560975609756098,0.9033816425120772,0.1696126530197242,2,node+edge+subgraph+dynamic,145,8.114890699998796,1.6171485999839206,spread_cv,ca-GrQc,8
0.80355552156406,0.92674618826762,0.7560975609756098,0.9227053140096618,0.170234496583757,2,node+edge+subgraph+dynamic,145,6.012220500000694,1.6171485999839206,spread_cv,ca-GrQc,9
0.8236070143735317,0.9394747289947972,0.8048780487804879,0.927536231884058,0.1567082193495979,3,node+edge+subgraph,168,7.522015200000169,1.85835929998575,spread_cv,ca-GrQc,0
0.819931669966002,0.9363971932751598,0.7317073170731707,0.932367149758454,0.1568814600422344,3,node+edge+subgraph,168,7.5902602999995,1.85835929998575,spread_cv,ca-GrQc,1
0.8185307172675577,0.935521509585832,0.8292682926829268,0.927536231884058,0.1590461883053094,3,node+edge+subgraph,168,7.729600900001969,1.85835929998575,spread_cv,ca-GrQc,2
0.819843831503889,0.9361943618473284,0.7804878048780488,0.927536231884058,0.1567476497039003,3,node+edge+subgraph,168,7.397176700000273,1.85835929998575,spread_cv,ca-GrQc,3
0.8204568635703802,0.9374144941221012,0.7317073170731707,0.9371980676328504,0.15616303588467,3,node+edge+subgraph,168,7.462395400001696,1.85835929998575,spread_cv,ca-GrQc,4
0.8199504233895285,0.9374955826711672,0.7804878048780488,0.927536231884058,0.1582287156885449,3,node+edge+subgraph,168,7.573167899998225,1.85835929998575,spread_cv,ca-GrQc,5
0.8232999408203875,0.9386474610182196,0.7317073170731707,0.932367149758454,0.1559275159147646,3,node+edge+subgraph,168,7.35590830000001,1.85835929998575,spread_cv,ca-GrQc,6
0.8194371693444414,0.936584039250658,0.7317073170731707,0.932367149758454,0.1576162569764,3,node+edge+subgraph,168,7.211571100000583,1.85835929998575,spread_cv,ca-GrQc,7
0.8197489706364215,0.9362773960848384,0.7804878048780488,0.9371980676328504,0.1581518945200085,3,node+edge+subgraph,168,7.407662400000845,1.85835929998575,spread_cv,ca-GrQc,8
0.819853388192216,0.93661195281681,0.7804878048780488,0.927536231884058,0.1573908284128246,3,node+edge+subgraph,168,7.388406699999905,1.85835929998575,spread_cv,ca-GrQc,9
0.8233158817512101,0.9392639701147204,0.8048780487804879,0.932367149758454,0.1568110165986271,3,node+edge+subgraph+dynamic,170,7.540861400000722,1.85835929998575,spread_cv,ca-GrQc,0
0.8198016095271932,0.9365077616964476,0.7317073170731707,0.9371980676328504,0.1570265140267123,3,node+edge+subgraph+dynamic,170,7.456286399999954,1.85835929998575,spread_cv,ca-GrQc,1
0.818739693611598,0.9357239793467874,0.8292682926829268,0.927536231884058,0.1587303522193145,3,node+edge+subgraph+dynamic,170,7.611005200000363,1.85835929998575,spread_cv,ca-GrQc,2
0.8197889838602644,0.9360656408968204,0.7804878048780488,0.932367149758454,0.1567965351138425,3,node+edge+subgraph+dynamic,170,11.37992299999678,1.85835929998575,spread_cv,ca-GrQc,3
0.8204529293534935,0.937458548620684,0.7560975609756098,0.9371980676328504,0.1561287614410908,3,node+edge+subgraph+dynamic,170,11.346459799999138,1.85835929998575,spread_cv,ca-GrQc,4
0.8196778051755479,0.9374335400675132,0.7804878048780488,0.927536231884058,0.1583911970092994,3,node+edge+subgraph+dynamic,170,11.76100569999835,1.85835929998575,spread_cv,ca-GrQc,5
0.8230546305424136,0.9385630412851104,0.7317073170731707,0.927536231884058,0.1560529104991188,3,node+edge+subgraph+dynamic,170,11.530886500000634,1.85835929998575,spread_cv,ca-GrQc,6
0.8192050507227143,0.9364525654161058,0.7317073170731707,0.932367149758454,0.1575216496035574,3,node+edge+subgraph+dynamic,170,12.371256700000233,1.85835929998575,spread_cv,ca-GrQc,7
0.8197373993493606,0.936167229621786,0.7560975609756098,0.932367149758454,0.1581635168101175,3,node+edge+subgraph+dynamic,170,11.304760400002124,1.85835929998575,spread_cv,ca-GrQc,8
0.8198823162726226,0.9365886269551924,0.7804878048780488,0.927536231884058,0.1574707233481666,3,node+edge+subgraph+dynamic,170,11.03322289999778,1.85835929998575,spread_cv,ca-GrQc,9
0.9220376798561932,0.985089213147438,0.7804878048780488,0.7922705314009661,10314.724189329076,2,node+edge+subgraph,144,7.719193299999461,1.6171485999839206,betweenness,ca-GrQc,0
0.9208002401140368,0.985379119066846,0.7804878048780488,0.782608695652174,10555.45084152349,2,node+edge+subgraph,144,7.35593019999942,1.6171485999839206,betweenness,ca-GrQc,1
0.9205761439982796,0.9845770078884,0.7317073170731707,0.7681159420289855,11132.181085398935,2,node+edge+subgraph,144,7.571308700000372,1.6171485999839206,betweenness,ca-GrQc,2
0.9220839202770484,0.9855454957149952,0.7804878048780488,0.7777777777777778,10541.5953657626,2,node+edge+subgraph,144,7.469225799999549,1.6171485999839206,betweenness,ca-GrQc,3
0.9210296967374078,0.9850250141814568,0.7560975609756098,0.7729468599033816,10352.730045882665,2,node+edge+subgraph,144,7.59173759999976,1.6171485999839206,betweenness,ca-GrQc,4
0.9212847320135196,0.9851811051434298,0.7804878048780488,0.7729468599033816,10662.954542259651,2,node+edge+subgraph,144,7.687224000001152,1.6171485999839206,betweenness,ca-GrQc,5
0.9217987457056898,0.9853089539391664,0.7804878048780488,0.782608695652174,10336.433188231176,2,node+edge+subgraph,144,7.367891000001691,1.6171485999839206,betweenness,ca-GrQc,6
0.9199570862932376,0.984113993342116,0.7317073170731707,0.7874396135265701,10933.133057763493,2,node+edge+subgraph,144,7.301968800002214,1.6171485999839206,betweenness,ca-GrQc,7
0.921757383047844,0.985562290848778,0.8292682926829268,0.7729468599033816,10292.436355748952,2,node+edge+subgraph,144,7.494402600001194,1.6171485999839206,betweenness,ca-GrQc,8
0.9228033409836124,0.9859724051006656,0.8048780487804879,0.782608695652174,10337.843652470552,2,node+edge+subgraph,144,5.232063400002517,1.6171485999839206,betweenness,ca-GrQc,9
0.9225867978210848,0.9853867983085424,0.7804878048780488,0.7874396135265701,10282.07938898013,2,node+edge+subgraph+dynamic,145,5.0073247000000265,1.6171485999839206,betweenness,ca-GrQc,0
0.9211273196625828,0.9855287112791924,0.8048780487804879,0.782608695652174,10528.096080779387,2,node+edge+subgraph+dynamic,145,5.041828400000668,1.6171485999839206,betweenness,ca-GrQc,1
0.9211150887543746,0.9849510198477618,0.7560975609756098,0.7681159420289855,11141.496896957988,2,node+edge+subgraph+dynamic,145,5.0018084000003,1.6171485999839206,betweenness,ca-GrQc,2
0.922751545627489,0.9860231175318888,0.7804878048780488,0.782608695652174,10522.635570777273,2,node+edge+subgraph+dynamic,145,4.98503619999974,1.6171485999839206,betweenness,ca-GrQc,3
0.9216750890150772,0.9854307787049058,0.7804878048780488,0.7729468599033816,10285.93683184391,2,node+edge+subgraph+dynamic,145,5.180840299999545,1.6171485999839206,betweenness,ca-GrQc,4
0.9215065312697288,0.9854182945617588,0.7804878048780488,0.7729468599033816,10698.720655071042,2,node+edge+subgraph+dynamic,145,5.196917599998415,1.6171485999839206,betweenness,ca-GrQc,5
0.9213618839208284,0.9850474207268128,0.7804878048780488,0.7874396135265701,10321.906333633133,2,node+edge+subgraph+dynamic,145,5.073098100001516,1.6171485999839206,betweenness,ca-GrQc,6
0.9202588212196589,0.9844184592729784,0.7317073170731707,0.7874396135265701,10929.237047906625,2,node+edge+subgraph+dynamic,145,5.17334259999916,1.6171485999839206,betweenness,ca-GrQc,7
0.9211859885032074,0.9850304021206028,0.7560975609756098,0.7729468599033816,10283.158309869044,2,node+edge+subgraph+dynamic,145,6.82888329999696,1.6171485999839206,betweenness,ca-GrQc,8
0.9205493369567556,0.9843535613148808,0.8048780487804879,0.7777777777777778,10346.636658543885,2,node+edge+subgraph+dynamic,145,8.033396099999663,1.6171485999839206,betweenness,ca-GrQc,9
0.9241086890061202,0.9865427105650466,0.8048780487804879,0.7874396135265701,10159.86243553491,3,node+edge+subgraph,168,9.267030400002112,1.85835929998575,betweenness,ca-GrQc,0
0.9208367552609298,0.9852370828989924,0.7804878048780488,0.7874396135265701,10477.489971886767,3,node+edge+subgraph,168,9.087083400001577,1.85835929998575,betweenness,ca-GrQc,1
0.9209385472026907,0.9845886352413004,0.7560975609756098,0.7584541062801933,10952.29599184481,3,node+edge+subgraph,168,9.347517700000026,1.85835929998575,betweenness,ca-GrQc,2
0.922289771148177,0.9854704114809136,0.7560975609756098,0.7874396135265701,10616.16661547174,3,node+edge+subgraph,168,9.097100999999384,1.85835929998575,betweenness,ca-GrQc,3
0.9206287770352048,0.9845791624253905,0.7804878048780488,0.7729468599033816,10279.337587045356,3,node+edge+subgraph,168,9.093147100000351,1.85835929998575,betweenness,ca-GrQc,4
0.9204776637574156,0.984453717346154,0.7804878048780488,0.7777777777777778,10591.622135007636,3,node+edge+subgraph,168,8.937526599998819,1.85835929998575,betweenness,ca-GrQc,5
0.922248945857738,0.9854617965967728,0.7804878048780488,0.782608695652174,10277.825023693553,3,node+edge+subgraph,168,9.333815300000424,1.85835929998575,betweenness,ca-GrQc,6
0.9201034795804698,0.9841947399815894,0.7560975609756098,0.7777777777777778,10719.098888266812,3,node+edge+subgraph,168,8.924873699997988,1.85835929998575,betweenness,ca-GrQc,7
0.9201087665999182,0.9843650486675202,0.7560975609756098,0.7777777777777778,10333.014783519642,3,node+edge+subgraph,168,8.74380839999867,1.85835929998575,betweenness,ca-GrQc,8
0.9212025941674626,0.9847525274728816,0.7804878048780488,0.782608695652174,10186.73589462004,3,node+edge+subgraph,168,9.136730700000044,1.85835929998575,betweenness,ca-GrQc,9
0.9241780660792964,0.986560525022468,0.8048780487804879,0.7922705314009661,10214.572888110166,3,node+edge+subgraph+dynamic,170,8.953036700000666,1.85835929998575,betweenness,ca-GrQc,0
0.9207558771284108,0.9852917096628026,0.7804878048780488,0.7874396135265701,10477.18210820754,3,node+edge+subgraph+dynamic,170,8.976387899998372,1.85835929998575,betweenness,ca-GrQc,1
0.9222382862211232,0.9855705376997296,0.7560975609756098,0.7632850241545893,10951.863353304012,3,node+edge+subgraph+dynamic,170,9.518922900002508,1.85835929998575,betweenness,ca-GrQc,2
0.9218517990173576,0.985118498582051,0.7560975609756098,0.7874396135265701,10578.906632105736,3,node+edge+subgraph+dynamic,170,9.003743000001123,1.85835929998575,betweenness,ca-GrQc,3
0.9215172585519756,0.9852841895023742,0.7804878048780488,0.7729468599033816,10252.825269280933,3,node+edge+subgraph+dynamic,170,9.115290799996728,1.85835929998575,betweenness,ca-GrQc,4
0.9219605266947382,0.9856431147627802,0.8048780487804879,0.782608695652174,10601.393684599145,3,node+edge+subgraph+dynamic,170,9.280877299999702,1.85835929998575,betweenness,ca-GrQc,5
0.922142220898076,0.9853948963970888,0.7804878048780488,0.782608695652174,10372.54697717626,3,node+edge+subgraph+dynamic,170,9.12733389999994,1.85835929998575,betweenness,ca-GrQc,6
0.9217039768016162,0.9853153679226546,0.7317073170731707,0.7729468599033816,10742.373160494302,3,node+edge+subgraph+dynamic,170,8.966829900000448,1.85835929998575,betweenness,ca-GrQc,7
0.9211495749947888,0.9850267058770756,0.7560975609756098,0.7777777777777778,10272.613723943903,3,node+edge+subgraph+dynamic,170,8.980085200000758,1.85835929998575,betweenness,ca-GrQc,8
0.9209644495646908,0.9845958389763672,0.7804878048780488,0.7777777777777778,10220.890310687417,3,node+edge+subgraph+dynamic,170,7.094389900001261,1.85835929998575,betweenness,ca-GrQc,9
0.6547267112771958,0.827389698235578,0.5365853658536586,0.6714975845410628,0.0906330430014245,2,node+edge+subgraph,144,5.756004799997754,1.6171485999839206,spread_resid,ca-GrQc,0
0.6509591885001474,0.8230029404510875,0.5365853658536586,0.6714975845410628,0.0918104589667075,2,node+edge+subgraph,144,5.9505833000002895,1.6171485999839206,spread_resid,ca-GrQc,1
0.651234342280843,0.8235256248574967,0.5121951219512195,0.6714975845410628,0.092122854978116,2,node+edge+subgraph,144,5.663557399999263,1.6171485999839206,spread_resid,ca-GrQc,2
0.6533607653414797,0.8257702802970917,0.5121951219512195,0.6859903381642513,0.090859355929291,2,node+edge+subgraph,144,5.863292300000467,1.6171485999839206,spread_resid,ca-GrQc,3
0.6527371478478423,0.8252803942690691,0.5121951219512195,0.6763285024154589,0.0911632432611012,2,node+edge+subgraph,144,5.9520206000015605,1.6171485999839206,spread_resid,ca-GrQc,4
0.6504593609317134,0.8230628430394885,0.5121951219512195,0.6859903381642513,0.0913181006460609,2,node+edge+subgraph,144,5.878878399998939,1.6171485999839206,spread_resid,ca-GrQc,5
0.6540789570532094,0.8262438558770361,0.5609756097560976,0.6666666666666666,0.0907076811723321,2,node+edge+subgraph,144,5.634159000001091,1.6171485999839206,spread_resid,ca-GrQc,6
0.6510224435105053,0.8236993322145346,0.5121951219512195,0.6618357487922706,0.0914775599779642,2,node+edge+subgraph,144,5.833281799998076,1.6171485999839206,spread_resid,ca-GrQc,7
0.652554407341084,0.8246769424422894,0.5365853658536586,0.6714975845410628,0.0916452469203134,2,node+edge+subgraph,144,5.794516199999634,1.6171485999839206,spread_resid,ca-GrQc,8
0.6508361950414551,0.8233398690812224,0.5609756097560976,0.6666666666666666,0.0919727542261194,2,node+edge+subgraph,144,5.9067214999995485,1.6171485999839206,spread_resid,ca-GrQc,9
0.6547394398240425,0.8274118084494327,0.5609756097560976,0.6666666666666666,0.0907514006548249,2,node+edge+subgraph+dynamic,145,5.891494100000273,1.6171485999839206,spread_resid,ca-GrQc,0
0.6518587467574505,0.8238979200128781,0.4878048780487805,0.6618357487922706,0.0918169091098193,2,node+edge+subgraph+dynamic,145,5.85487170000124,1.6171485999839206,spread_resid,ca-GrQc,1
0.6507247387301156,0.8232227282505499,0.5121951219512195,0.6666666666666666,0.0922138457522545,2,node+edge+subgraph+dynamic,145,5.824523499999486,1.6171485999839206,spread_resid,ca-GrQc,2
0.6527678473784835,0.8252301332378043,0.5365853658536586,0.6763285024154589,0.0908765493342807,2,node+edge+subgraph+dynamic,145,5.808173299999908,1.6171485999839206,spread_resid,ca-GrQc,3
0.6524659925202609,0.8249912042525471,0.5365853658536586,0.6666666666666666,0.0911485628315302,2,node+edge+subgraph+dynamic,145,5.993602099999407,1.6171485999839206,spread_resid,ca-GrQc,4
0.6504086782662882,0.8229788119082515,0.5121951219512195,0.6763285024154589,0.0913836221825417,2,node+edge+subgraph+dynamic,145,5.855473499999789,1.6171485999839206,spread_resid,ca-GrQc,5
0.6542693443420904,0.8262256688693824,0.5365853658536586,0.6859903381642513,0.0906873254519508,2,node+edge+subgraph+dynamic,145,5.744765600000392,1.6171485999839206,spread_resid,ca-GrQc,6
0.6518171652529888,0.8243286492655568,0.5609756097560976,0.6570048309178744,0.0914140678436803,2,node+edge+subgraph+dynamic,145,5.800196899999719,1.6171485999839206,spread_resid,ca-GrQc,7
0.6524467929394271,0.8247796530960301,0.5365853658536586,0.6714975845410628,0.0917536330703778,2,node+edge+subgraph+dynamic,145,5.858940699999948,1.6171485999839206,spread_resid,ca-GrQc,8
0.6516485066304238,0.8240433416683544,0.5853658536585366,0.6666666666666666,0.0918029583699066,2,node+edge+subgraph+dynamic,145,6.111926500001573,1.6171485999839206,spread_resid,ca-GrQc,9
0.6731677430077534,0.8434167437775133,0.4878048780487805,0.6763285024154589,0.0850660099244225,3,node+edge+subgraph,168,7.541944299999159,1.85835929998575,spread_resid,ca-GrQc,0
0.6693592820877498,0.8397460529293583,0.5121951219512195,0.6908212560386473,0.0866466654891259,3,node+edge+subgraph,168,7.483723599998484,1.85835929998575,spread_resid,ca-GrQc,1
0.6686822830022383,0.8391283563475721,0.5121951219512195,0.6811594202898551,0.0867847210622163,3,node+edge+subgraph,168,7.537566200000583,1.85835929998575,spread_resid,ca-GrQc,2
0.6731461344444076,0.8434358329759658,0.4878048780487805,0.6859903381642513,0.0856943598172238,3,node+edge+subgraph,168,7.762210900000355,1.85835929998575,spread_resid,ca-GrQc,3
0.6727419042784396,0.8430741880501363,0.4634146341463415,0.6956521739130435,0.085485009354936,3,node+edge+subgraph,168,10.026992999999491,1.85835929998575,spread_resid,ca-GrQc,4
0.6707998451479791,0.8411334934942947,0.4634146341463415,0.6956521739130435,0.0859676322512056,3,node+edge+subgraph,168,10.941680500000077,1.85835929998575,spread_resid,ca-GrQc,5
0.6747392086712509,0.8447180818471076,0.5365853658536586,0.6763285024154589,0.085219578841021,3,node+edge+subgraph,168,11.476194899998518,1.85835929998575,spread_resid,ca-GrQc,6
0.6715906267205646,0.8416586227084935,0.5121951219512195,0.6763285024154589,0.0859580369227922,3,node+edge+subgraph,168,11.162155499998336,1.85835929998575,spread_resid,ca-GrQc,7
0.6722911131824241,0.8421951395758212,0.5121951219512195,0.6811594202898551,0.085715489537013,3,node+edge+subgraph,168,11.125972400001046,1.85835929998575,spread_resid,ca-GrQc,8
0.6699039895215559,0.8403518377800023,0.5121951219512195,0.7004830917874396,0.0860475440093444,3,node+edge+subgraph,168,11.357104200000322,1.85835929998575,spread_resid,ca-GrQc,9
0.6729497380424363,0.8431022750875856,0.4878048780487805,0.6859903381642513,0.0850727243727824,3,node+edge+subgraph+dynamic,170,10.792088800000784,1.85835929998575,spread_resid,ca-GrQc,0
0.6697480795597747,0.83997538834628,0.5121951219512195,0.6908212560386473,0.0865084244710175,3,node+edge+subgraph+dynamic,170,11.131681800001388,1.85835929998575,spread_resid,ca-GrQc,1
0.6679507412402776,0.8384559310220778,0.5121951219512195,0.6811594202898551,0.0869131466647246,3,node+edge+subgraph+dynamic,170,11.272418800002924,1.85835929998575,spread_resid,ca-GrQc,2
0.673089897569592,0.8434349231376843,0.5121951219512195,0.6811594202898551,0.0856718867437515,3,node+edge+subgraph+dynamic,170,10.662906999998086,1.85835929998575,spread_resid,ca-GrQc,3
0.6722554440213662,0.8427164414911434,0.4634146341463415,0.7053140096618358,0.0853610231791753,3,node+edge+subgraph+dynamic,170,11.03482140000051,1.85835929998575,spread_resid,ca-GrQc,4
0.6698683496955499,0.8403181880040141,0.4634146341463415,0.6908212560386473,0.0861389923362029,3,node+edge+subgraph+dynamic,170,11.65601759999845,1.85835929998575,spread_resid,ca-GrQc,5
0.6742448793127892,0.8442750658045672,0.5365853658536586,0.6908212560386473,0.0852244239759457,3,node+edge+subgraph+dynamic,170,11.198448900002404,1.85835929998575,spread_resid,ca-GrQc,6
0.6722909253079662,0.8424382582966059,0.4878048780487805,0.6763285024154589,0.0858896546376151,3,node+edge+subgraph+dynamic,170,11.579352999997354,1.85835929998575,spread_resid,ca-GrQc,7
0.672860890246859,0.8425689944798255,0.5121951219512195,0.6908212560386473,0.0856183622860753,3,node+edge+subgraph+dynamic,170,10.930064199998014,1.85835929998575,spread_resid,ca-GrQc,8
0.6695779082563452,0.840182816435687,0.5121951219512195,0.7004830917874396,0.0860780754168726,3,node+edge+subgraph+dynamic,170,11.274445600000035,1.85835929998575,spread_resid,ca-GrQc,9
0.9064454888182238,0.982811695488111,0.926829268292683,0.966183574879227,0.18227156842046216,1,node+edge+subgraph,56,2.936004499992123,1.2540637999827595,spread_mean,ca-GrQc,0
0.9078888052556949,0.983320486588022,0.926829268292683,0.961352657004831,0.19106729901460331,1,node+edge+subgraph,56,2.8237120999838226,1.2540637999827595,spread_mean,ca-GrQc,1
0.9077573013533674,0.9834900469906335,0.9512195121951219,0.9710144927536232,0.20229101408536102,1,node+edge+subgraph,56,2.6453499000053853,1.2540637999827595,spread_mean,ca-GrQc,2
0.9066505385593968,0.9827369760195261,0.926829268292683,0.961352657004831,0.17777057208856234,1,node+edge+subgraph,56,3.0242170999990776,1.2540637999827595,spread_mean,ca-GrQc,3
0.9083698444918156,0.9835676992816706,0.926829268292683,0.961352657004831,0.19041746104370447,1,node+edge+subgraph,56,2.8118522000149824,1.2540637999827595,spread_mean,ca-GrQc,4
0.9065945635165256,0.983196785706513,0.926829268292683,0.966183574879227,0.19572320345514846,1,node+edge+subgraph,56,3.271788899990497,1.2540637999827595,spread_mean,ca-GrQc,5
0.9073247324335543,0.9832601413870821,0.926829268292683,0.961352657004831,0.17988130928471482,1,node+edge+subgraph,56,2.908428800001275,1.2540637999827595,spread_mean,ca-GrQc,6
0.9071289142193287,0.9829255296149155,0.926829268292683,0.9710144927536232,0.19319044977941638,1,node+edge+subgraph,56,2.8888626000261866,1.2540637999827595,spread_mean,ca-GrQc,7
0.90720184586906,0.9832439765666098,0.926829268292683,0.9516908212560387,0.19682673025190522,1,node+edge+subgraph,56,2.747628799988888,1.2540637999827595,spread_mean,ca-GrQc,8
0.9078541611580222,0.9833012300704094,0.926829268292683,0.966183574879227,0.1758664770864302,1,node+edge+subgraph,56,2.8615963000047486,1.2540637999827595,spread_mean,ca-GrQc,9
0.9064454888182238,0.982811695488111,0.926829268292683,0.966183574879227,0.18227156842046213,1,node+edge+subgraph+dynamic,56,2.9308615000045393,1.2540637999827595,spread_mean,ca-GrQc,0
0.9078888052556949,0.983320486588022,0.926829268292683,0.961352657004831,0.1910672990146033,1,node+edge+subgraph+dynamic,56,2.8602020000107586,1.2540637999827595,spread_mean,ca-GrQc,1
0.9077573013533674,0.9834900469906335,0.9512195121951219,0.9710144927536232,0.20229101408536102,1,node+edge+subgraph+dynamic,56,3.1536921999941114,1.2540637999827595,spread_mean,ca-GrQc,2
0.9066505385593968,0.9827369760195261,0.926829268292683,0.961352657004831,0.1777705720885623,1,node+edge+subgraph+dynamic,56,2.931128099997295,1.2540637999827595,spread_mean,ca-GrQc,3
0.9083698444918156,0.9835676992816706,0.926829268292683,0.961352657004831,0.19041746104370452,1,node+edge+subgraph+dynamic,56,2.8345773000037298,1.2540637999827595,spread_mean,ca-GrQc,4
0.9065945635165256,0.983196785706513,0.926829268292683,0.966183574879227,0.1957232034551485,1,node+edge+subgraph+dynamic,56,2.908760100021027,1.2540637999827595,spread_mean,ca-GrQc,5
0.9073247324335543,0.9832601413870821,0.926829268292683,0.961352657004831,0.17988130928471482,1,node+edge+subgraph+dynamic,56,2.797638400021242,1.2540637999827595,spread_mean,ca-GrQc,6
0.9071289142193287,0.9829255296149155,0.926829268292683,0.9710144927536232,0.19319044977941638,1,node+edge+subgraph+dynamic,56,2.758845200005453,1.2540637999827595,spread_mean,ca-GrQc,7
0.90720184586906,0.9832439765666098,0.926829268292683,0.9516908212560387,0.19682673025190525,1,node+edge+subgraph+dynamic,56,2.696222400001716,1.2540637999827595,spread_mean,ca-GrQc,8
0.9078541611580222,0.9833012300704094,0.926829268292683,0.966183574879227,0.17586647708643016,1,node+edge+subgraph+dynamic,56,2.7948461000050884,1.2540637999827595,spread_mean,ca-GrQc,9
0.6721406265558569,0.8316905062223602,0.7073170731707317,0.8164251207729468,0.3222704165005865,1,node+edge+subgraph,56,3.0960167000012007,1.2540637999827595,spread_cv,ca-GrQc,0
0.6719537191551601,0.8322945837585609,0.7073170731707317,0.8309178743961353,0.32240931328100564,1,node+edge+subgraph,56,3.213614799984498,1.2540637999827595,spread_cv,ca-GrQc,1
0.6746697416309038,0.8345351900572535,0.7073170731707317,0.8115942028985508,0.3208520512342011,1,node+edge+subgraph,56,3.1722345000016503,1.2540637999827595,spread_cv,ca-GrQc,2
0.668019316018359,0.8281369815920012,0.7317073170731707,0.8164251207729468,0.32451847671584555,1,node+edge+subgraph,56,3.003608600003645,1.2540637999827595,spread_cv,ca-GrQc,3
0.6735479146498371,0.833491645956279,0.7560975609756098,0.8260869565217391,0.31789990093522225,1,node+edge+subgraph,56,3.1753158000065014,1.2540637999827595,spread_cv,ca-GrQc,4
0.668862777646295,0.8296341413288323,0.7560975609756098,0.8164251207729468,0.3215837300956928,1,node+edge+subgraph,56,3.2028157000022475,1.2540637999827595,spread_cv,ca-GrQc,5
0.6734182466915896,0.8337128424391743,0.7073170731707317,0.8164251207729468,0.32063337561780597,1,node+edge+subgraph,56,3.37128799999482,1.2540637999827595,spread_cv,ca-GrQc,6
0.6720683596691573,0.8315359664228799,0.7560975609756098,0.7971014492753623,0.3218619600424176,1,node+edge+subgraph,56,3.34462839999469,1.2540637999827595,spread_cv,ca-GrQc,7
0.6716804359321583,0.831710771090723,0.7560975609756098,0.8164251207729468,0.3193262926085488,1,node+edge+subgraph,56,4.0984616999921855,1.2540637999827595,spread_cv,ca-GrQc,8
0.6735279112229515,0.833979699391838,0.6829268292682927,0.8309178743961353,0.3188386793548195,1,node+edge+subgraph,56,3.9248568000039086,1.2540637999827595,spread_cv,ca-GrQc,9
0.6721406265558569,0.8316905062223602,0.7073170731707317,0.8164251207729468,0.32227041650058647,1,node+edge+subgraph+dynamic,56,3.9120550000225194,1.2540637999827595,spread_cv,ca-GrQc,0
0.6719537191551601,0.8322945837585609,0.7073170731707317,0.8309178743961353,0.32240931328100564,1,node+edge+subgraph+dynamic,56,3.9062522999884095,1.2540637999827595,spread_cv,ca-GrQc,1
0.6746697416309038,0.8345351900572535,0.7073170731707317,0.8115942028985508,0.3208520512342011,1,node+edge+subgraph+dynamic,56,3.622586899989983,1.2540637999827595,spread_cv,ca-GrQc,2
0.668019316018359,0.8281369815920012,0.7317073170731707,0.8164251207729468,0.32451847671584555,1,node+edge+subgraph+dynamic,56,3.7587798000022303,1.2540637999827595,spread_cv,ca-GrQc,3
0.6735479146498371,0.833491645956279,0.7560975609756098,0.8260869565217391,0.31789990093522225,1,node+edge+subgraph+dynamic,56,3.4751082000148017,1.2540637999827595,spread_cv,ca-GrQc,4
0.668862777646295,0.8296341413288323,0.7560975609756098,0.8164251207729468,0.3215837300956928,1,node+edge+subgraph+dynamic,56,3.7661559999978635,1.2540637999827595,spread_cv,ca-GrQc,5
0.6734182466915896,0.8337128424391743,0.7073170731707317,0.8164251207729468,0.32063337561780597,1,node+edge+subgraph+dynamic,56,3.5606779000081588,1.2540637999827595,spread_cv,ca-GrQc,6
0.6720683596691573,0.8315359664228799,0.7560975609756098,0.7971014492753623,0.3218619600424176,1,node+edge+subgraph+dynamic,56,3.941581299994141,1.2540637999827595,spread_cv,ca-GrQc,7
0.6716804359321583,0.831710771090723,0.7560975609756098,0.8164251207729468,0.3193262926085488,1,node+edge+subgraph+dynamic,56,3.9409453000116628,1.2540637999827595,spread_cv,ca-GrQc,8
0.6735279112229515,0.833979699391838,0.6829268292682927,0.8309178743961353,0.31883867935481947,1,node+edge+subgraph+dynamic,56,4.555811099999119,1.2540637999827595,spread_cv,ca-GrQc,9
0.4962232120395193,0.6699984629803062,0.07317073170731707,0.2898550724637681,0.13137541150057655,1,node+edge+subgraph,56,3.949305000016466,1.2540637999827595,spread_resid,ca-GrQc,0
0.49963371360418124,0.6735390992714726,0.0975609756097561,0.25120772946859904,0.13081086907136089,1,node+edge+subgraph,56,4.309384799998952,1.2540637999827595,spread_resid,ca-GrQc,1
0.5005243678992716,0.6759439576377296,0.07317073170731707,0.26570048309178745,0.13077243020424625,1,node+edge+subgraph,56,3.877992699999595,1.2540637999827595,spread_resid,ca-GrQc,2
0.49320805279134183,0.6664295042810809,0.07317073170731707,0.28019323671497587,0.13177456113116184,1,node+edge+subgraph,56,3.955647599999793,1.2540637999827595,spread_resid,ca-GrQc,3
0.500175460642032,0.6740092905244176,0.0975609756097561,0.2898550724637681,0.13006502383587398,1,node+edge+subgraph,56,3.7912155999802053,1.2540637999827595,spread_resid,ca-GrQc,4
0.4968329850563828,0.6713877146275306,0.07317073170731707,0.28502415458937197,0.13135372747674803,1,node+edge+subgraph,56,3.8502840000146534,1.2540637999827595,spread_resid,ca-GrQc,5
0.5017293346590779,0.675896561322852,0.04878048780487805,0.2946859903381642,0.13079569931209964,1,node+edge+subgraph,56,3.699322400003439,1.2540637999827595,spread_resid,ca-GrQc,6
0.4999432706792205,0.6739557111823992,0.07317073170731707,0.28502415458937197,0.13091917611266246,1,node+edge+subgraph,56,3.8959675999940373,1.2540637999827595,spread_resid,ca-GrQc,7
0.4989697762107824,0.6723243858162803,0.12195121951219512,0.2753623188405797,0.13103776870825562,1,node+edge+subgraph,56,3.7604716999921948,1.2540637999827595,spread_resid,ca-GrQc,8
0.49792562603612517,0.67236089496349,0.04878048780487805,0.2898550724637681,0.1308525061913703,1,node+edge+subgraph,56,4.005155899998499,1.2540637999827595,spread_resid,ca-GrQc,9
0.4962232120395193,0.6699984629803062,0.07317073170731707,0.2898550724637681,0.13137541150057655,1,node+edge+subgraph+dynamic,56,4.300331799982814,1.2540637999827595,spread_resid,ca-GrQc,0
0.49963371360418124,0.6735390992714726,0.0975609756097561,0.25120772946859904,0.13081086907136089,1,node+edge+subgraph+dynamic,56,3.978737800003728,1.2540637999827595,spread_resid,ca-GrQc,1
0.5005243678992716,0.6759439576377296,0.07317073170731707,0.26570048309178745,0.13077243020424625,1,node+edge+subgraph+dynamic,56,3.743004899995867,1.2540637999827595,spread_resid,ca-GrQc,2
0.49320805279134183,0.6664295042810809,0.07317073170731707,0.28019323671497587,0.13177456113116184,1,node+edge+subgraph+dynamic,56,3.837051700014854,1.2540637999827595,spread_resid,ca-GrQc,3
0.500175460642032,0.6740092905244176,0.0975609756097561,0.2898550724637681,0.13006502383587398,1,node+edge+subgraph+dynamic,56,3.9620164000079967,1.2540637999827595,spread_resid,ca-GrQc,4
0.4968329850563828,0.6713877146275306,0.07317073170731707,0.28502415458937197,0.13135372747674803,1,node+edge+subgraph+dynamic,56,3.78065100000822,1.2540637999827595,spread_resid,ca-GrQc,5
0.5017293346590779,0.675896561322852,0.04878048780487805,0.2946859903381642,0.13079569931209964,1,node+edge+subgraph+dynamic,56,4.232391599973198,1.2540637999827595,spread_resid,ca-GrQc,6
0.4999432706792205,0.6739557111823992,0.07317073170731707,0.28502415458937197,0.13091917611266246,1,node+edge+subgraph+dynamic,56,4.013917300006142,1.2540637999827595,spread_resid,ca-GrQc,7
0.4989697762107824,0.6723243858162803,0.12195121951219512,0.2753623188405797,0.13103776870825562,1,node+edge+subgraph+dynamic,56,3.921600400004536,1.2540637999827595,spread_resid,ca-GrQc,8
0.49792562603612517,0.67236089496349,0.04878048780487805,0.2898550724637681,0.1308525061913703,1,node+edge+subgraph+dynamic,56,4.0974439999845345,1.2540637999827595,spread_resid,ca-GrQc,9
0.9188278934010248,0.9868079358812363,0.6829268292682927,0.7536231884057971,11025.995864101107,1,node+edge+subgraph,56,3.255741600005422,1.2540637999827595,betweenness,ca-GrQc,0
0.9174999902664956,0.9865981605060283,0.6829268292682927,0.7391304347826086,11141.590995509596,1,node+edge+subgraph,56,3.519314100005431,1.2540637999827595,betweenness,ca-GrQc,1
0.9175798981138478,0.9864551023793734,0.6585365853658537,0.7246376811594203,11600.215360659317,1,node+edge+subgraph,56,3.3964088000066113,1.2540637999827595,betweenness,ca-GrQc,2
0.918534745190161,0.9867812282696685,0.7073170731707317,0.7584541062801933,11064.425211037746,1,node+edge+subgraph,56,3.3647770000097807,1.2540637999827595,betweenness,ca-GrQc,3
0.9173059970612465,0.9860486156744099,0.6829268292682927,0.748792270531401,11012.992859381824,1,node+edge+subgraph,56,3.242247000016505,1.2540637999827595,betweenness,ca-GrQc,4
0.9185664709842155,0.9868042283803388,0.7073170731707317,0.7439613526570048,11061.239045848497,1,node+edge+subgraph,56,3.1006984999985434,1.2540637999827595,betweenness,ca-GrQc,5
0.919101992169582,0.986969695224695,0.6829268292682927,0.748792270531401,11295.367674312036,1,node+edge+subgraph,56,3.2655368999985512,1.2540637999827595,betweenness,ca-GrQc,6
0.9178250406163311,0.9866086943844105,0.6829268292682927,0.7342995169082126,11113.925373127366,1,node+edge+subgraph,56,2.942378400010057,1.2540637999827595,betweenness,ca-GrQc,7
0.9186674362165405,0.9868960194042466,0.7317073170731707,0.7536231884057971,11231.522320719834,1,node+edge+subgraph,56,2.9822705000115093,1.2540637999827595,betweenness,ca-GrQc,8
0.918736584975985,0.9866549611949147,0.7317073170731707,0.7342995169082126,11125.970674135275,1,node+edge+subgraph,56,2.7931787999987137,1.2540637999827595,betweenness,ca-GrQc,9
0.9188278934010248,0.9868079358812363,0.6829268292682927,0.7536231884057971,11025.995864101107,1,node+edge+subgraph+dynamic,56,2.869145499978913,1.2540637999827595,betweenness,ca-GrQc,0
0.9174999902664956,0.9865981605060283,0.6829268292682927,0.7391304347826086,11141.590995509596,1,node+edge+subgraph+dynamic,56,2.349749899993185,1.2540637999827595,betweenness,ca-GrQc,1
0.9175798981138478,0.9864551023793734,0.6585365853658537,0.7246376811594203,11600.215360659315,1,node+edge+subgraph+dynamic,56,2.129720200027805,1.2540637999827595,betweenness,ca-GrQc,2
0.918534745190161,0.9867812282696685,0.7073170731707317,0.7584541062801933,11064.425211037747,1,node+edge+subgraph+dynamic,56,2.070423099998152,1.2540637999827595,betweenness,ca-GrQc,3
0.9173059970612465,0.9860486156744099,0.6829268292682927,0.748792270531401,11012.992859381824,1,node+edge+subgraph+dynamic,56,2.122085100010736,1.2540637999827595,betweenness,ca-GrQc,4
0.9185664709842155,0.9868042283803388,0.7073170731707317,0.7439613526570048,11061.239045848497,1,node+edge+subgraph+dynamic,56,2.0548566999787,1.2540637999827595,betweenness,ca-GrQc,5
0.919101992169582,0.986969695224695,0.6829268292682927,0.748792270531401,11295.367674312036,1,node+edge+subgraph+dynamic,56,1.8965418000007048,1.2540637999827595,betweenness,ca-GrQc,6
0.9178250406163311,0.9866086943844105,0.6829268292682927,0.7342995169082126,11113.925373127366,1,node+edge+subgraph+dynamic,56,2.0014446999994107,1.2540637999827595,betweenness,ca-GrQc,7
0.9186674362165405,0.9868960194042466,0.7317073170731707,0.7536231884057971,11231.522320719834,1,node+edge+subgraph+dynamic,56,2.1817993000149727,1.2540637999827595,betweenness,ca-GrQc,8
0.918736584975985,0.9866549611949147,0.7317073170731707,0.7342995169082126,11125.970674135277,1,node+edge+subgraph+dynamic,56,2.041191800002707,1.2540637999827595,betweenness,ca-GrQc,9
