kendall_tau,spearman,precision_at_1pct,precision_at_5pct,rmse,radius,richness,n_features,fit_seconds,feature_seconds,target,network,seed
0.671436119543107,0.857841144510112,0.8870967741935484,0.2929936305732484,16.04314995687001,0,node,2,4.079035400005523,3.499999911582563e-05,spread_mean,p2p-Gnutella08,0
0.6722805591294965,0.8582757287116644,0.8709677419354839,0.286624203821656,16.054859125608168,0,node,2,0.5599839999995311,3.499999911582563e-05,spread_mean,p2p-Gnutella08,1
0.6706847886706097,0.8578213344670811,0.8709677419354839,0.2738853503184713,16.090762512440786,0,node,2,0.5876273000030778,3.499999911582563e-05,spread_mean,p2p-Gnutella08,2
0.6708184392683962,0.8571726051510437,0.9032258064516128,0.2993630573248407,16.12077198045818,0,node,2,0.5750798000008217,3.499999911582563e-05,spread_mean,p2p-Gnutella08,3
0.6702921496726578,0.8568072840857764,0.8870967741935484,0.2929936305732484,16.062636714915175,0,node,2,0.5771024999994552,3.499999911582563e-05,spread_mean,p2p-Gnutella08,4
0.6696423680302854,0.8558988418001546,0.9032258064516128,0.2929936305732484,16.10337916967354,0,node,2,0.5934599000029266,3.499999911582563e-05,spread_mean,p2p-Gnutella08,5
0.6707052996853882,0.8576399241665648,0.8709677419354839,0.2961783439490446,16.110032151469042,0,node,2,0.5900561000016751,3.499999911582563e-05,spread_mean,p2p-Gnutella08,6
0.6716974755039175,0.8582790182408053,0.8709677419354839,0.2898089171974522,16.056500882569818,0,node,2,0.5764171999981045,3.499999911582563e-05,spread_mean,p2p-Gnutella08,7
0.6708649466661155,0.8577560313971554,0.8870967741935484,0.286624203821656,16.085284781982583,0,node,2,0.5816482000009273,3.499999911582563e-05,spread_mean,p2p-Gnutella08,8
0.6682494699624636,0.8561737314123291,0.8870967741935484,0.2738853503184713,16.037389441120368,0,node,2,0.5857771999944816,3.499999911582563e-05,spread_mean,p2p-Gnutella08,9
0.671436119543107,0.857841144510112,0.8870967741935484,0.2929936305732484,16.04314995687001,0,node+edge,2,0.6033955999955651,3.499999911582563e-05,spread_mean,p2p-Gnutella08,0
0.6722805591294965,0.8582757287116644,0.8709677419354839,0.286624203821656,16.054859125608168,0,node+edge,2,0.541791399999056,3.499999911582563e-05,spread_mean,p2p-Gnutella08,1
0.6706847886706097,0.8578213344670811,0.8709677419354839,0.2738853503184713,16.090762512440786,0,node+edge,2,0.6162456999954884,3.499999911582563e-05,spread_mean,p2p-Gnutella08,2
0.6708184392683962,0.8571726051510437,0.9032258064516128,0.2993630573248407,16.12077198045818,0,node+edge,2,0.5654530000028899,3.499999911582563e-05,spread_mean,p2p-Gnutella08,3
0.6702921496726578,0.8568072840857764,0.8870967741935484,0.2929936305732484,16.062636714915175,0,node+edge,2,0.5837080999990576,3.499999911582563e-05,spread_mean,p2p-Gnutella08,4
0.6696423680302854,0.8558988418001546,0.9032258064516128,0.2929936305732484,16.10337916967354,0,node+edge,2,0.6036585999972885,3.499999911582563e-05,spread_mean,p2p-Gnutella08,5
0.6707052996853882,0.8576399241665648,0.8709677419354839,0.2961783439490446,16.110032151469042,0,node+edge,2,0.5416912000000593,3.499999911582563e-05,spread_mean,p2p-Gnutella08,6
0.6716974755039175,0.8582790182408053,0.8709677419354839,0.2898089171974522,16.056500882569818,0,node+edge,2,0.5745370000004186,3.499999911582563e-05,spread_mean,p2p-Gnutella08,7
0.6708649466661155,0.8577560313971554,0.8870967741935484,0.286624203821656,16.085284781982583,0,node+edge,2,0.5986709999997402,3.499999911582563e-05,spread_mean,p2p-Gnutella08,8
0.6682494699624636,0.8561737314123291,0.8870967741935484,0.2738853503184713,16.037389441120368,0,node+edge,2,0.5759280999991461,3.499999911582563e-05,spread_mean,p2p-Gnutella08,9
0.671436119543107,0.857841144510112,0.8870967741935484,0.2929936305732484,16.04314995687001,0,node+edge+subgraph,2,0.591113000002224,3.499999911582563e-05,spread_mean,p2p-Gnutella08,0
0.6722805591294965,0.8582757287116644,0.8709677419354839,0.286624203821656,16.054859125608168,0,node+edge+subgraph,2,0.5691404999961378,3.499999911582563e-05,spread_mean,p2p-Gnutella08,1
0.6706847886706097,0.8578213344670811,0.8709677419354839,0.2738853503184713,16.090762512440786,0,node+edge+subgraph,2,0.5962432000014815,3.499999911582563e-05,spread_mean,p2p-Gnutella08,2
0.6708184392683962,0.8571726051510437,0.9032258064516128,0.2993630573248407,16.12077198045818,0,node+edge+subgraph,2,0.5644918000034522,3.499999911582563e-05,spread_mean,p2p-Gnutella08,3
0.6702921496726578,0.8568072840857764,0.8870967741935484,0.2929936305732484,16.062636714915175,0,node+edge+subgraph,2,0.5970443999976851,3.499999911582563e-05,spread_mean,p2p-Gnutella08,4
0.6696423680302854,0.8558988418001546,0.9032258064516128,0.2929936305732484,16.10337916967354,0,node+edge+subgraph,2,0.5604429000013624,3.499999911582563e-05,spread_mean,p2p-Gnutella08,5
0.6707052996853882,0.8576399241665648,0.8709677419354839,0.2961783439490446,16.110032151469042,0,node+edge+subgraph,2,0.584790000000794,3.499999911582563e-05,spread_mean,p2p-Gnutella08,6
0.6716974755039175,0.8582790182408053,0.8709677419354839,0.2898089171974522,16.056500882569818,0,node+edge+subgraph,2,0.564116900000954,3.499999911582563e-05,spread_mean,p2p-Gnutella08,7
0.6708649466661155,0.8577560313971554,0.8870967741935484,0.286624203821656,16.085284781982583,0,node+edge+subgraph,2,0.5966497999979765,3.499999911582563e-05,spread_mean,p2p-Gnutella08,8
0.6682494699624636,0.8561737314123291,0.8870967741935484,0.2738853503184713,16.037389441120368,0,node+edge+subgraph,2,0.5782247999959509,3.499999911582563e-05,spread_mean,p2p-Gnutella08,9
0.671436119543107,0.857841144510112,0.8870967741935484,0.2929936305732484,16.04314995687001,0,node+edge+subgraph+dynamic,2,0.5880904000005103,3.499999911582563e-05,spread_mean,p2p-Gnutella08,0
0.6722805591294965,0.8582757287116644,0.8709677419354839,0.286624203821656,16.054859125608168,0,node+edge+subgraph+dynamic,2,0.5890847999980906,3.499999911582563e-05,spread_mean,p2p-Gnutella08,1
0.6706847886706097,0.8578213344670811,0.8709677419354839,0.2738853503184713,16.090762512440786,0,node+edge+subgraph+dynamic,2,0.5570450000013807,3.499999911582563e-05,spread_mean,p2p-Gnutella08,2
0.6708184392683962,0.8571726051510437,0.9032258064516128,0.2993630573248407,16.12077198045818,0,node+edge+subgraph+dynamic,2,0.5682469999956083,3.499999911582563e-05,spread_mean,p2p-Gnutella08,3
0.6702921496726578,0.8568072840857764,0.8870967741935484,0.2929936305732484,16.062636714915175,0,node+edge+subgraph+dynamic,2,0.5825328999999329,3.499999911582563e-05,spread_mean,p2p-Gnutella08,4
0.6696423680302854,0.8558988418001546,0.9032258064516128,0.2929936305732484,16.10337916967354,0,node+edge+subgraph+dynamic,2,0.6106288999944809,3.499999911582563e-05,spread_mean,p2p-Gnutella08,5
0.6707052996853882,0.8576399241665648,0.8709677419354839,0.2961783439490446,16.110032151469042,0,node+edge+subgraph+dynamic,2,0.600900500001444,3.499999911582563e-05,spread_mean,p2p-Gnutella08,6
0.6716974755039175,0.8582790182408053,0.8709677419354839,0.2898089171974522,16.056500882569818,0,node+edge+subgraph+dynamic,2,0.5574324000044726,3.499999911582563e-05,spread_mean,p2p-Gnutella08,7
0.6708649466661155,0.8577560313971554,0.8870967741935484,0.286624203821656,16.085284781982583,0,node+edge+subgraph+dynamic,2,0.5758235000030254,3.499999911582563e-05,spread_mean,p2p-Gnutella08,8
0.6682494699624636,0.8561737314123291,0.8870967741935484,0.2738853503184713,16.037389441120368,0,node+edge+subgraph+dynamic,2,0.5904979000042658,3.499999911582563e-05,spread_mean,p2p-Gnutella08,9
0.7993320342638968,0.94207871052349,0.967741935483871,0.9554140127388536,2.8916907589849465,1,node,17,0.8292345000008936,0.6081389000055424,spread_mean,p2p-Gnutella08,0
0.798945720508962,0.9420704620447892,0.935483870967742,0.945859872611465,3.0240961069007355,1,node,17,0.8099851000006311,0.6081389000055424,spread_mean,p2p-Gnutella08,1
0.7990179079247846,0.9419094141716142,0.967741935483871,0.9554140127388536,2.8382102835067893,1,node,17,0.8813018000000739,0.6081389000055424,spread_mean,p2p-Gnutella08,2
0.799411526714291,0.9421213831076124,0.967741935483871,0.9522292993630572,3.0126785284870303,1,node,17,0.9127882000029786,0.6081389000055424,spread_mean,p2p-Gnutella08,3
0.799597526840506,0.9421248495540644,0.9516129032258064,0.945859872611465,2.9771286405365376,1,node,17,0.8867509000046994,0.6081389000055424,spread_mean,p2p-Gnutella08,4
0.7992578288308481,0.9421382677702388,0.9516129032258064,0.9490445859872612,2.86272110573285,1,node,17,0.8289517000011983,0.6081389000055424,spread_mean,p2p-Gnutella08,5
0.8001148466732235,0.9425783084435893,0.967741935483871,0.9490445859872612,2.8981126486198856,1,node,17,0.7526486999995541,0.6081389000055424,spread_mean,p2p-Gnutella08,6
0.7994170310299215,0.9421227028412356,0.9516129032258064,0.9490445859872612,2.87247406091287,1,node,17,0.7167816000001039,0.6081389000055424,spread_mean,p2p-Gnutella08,7
0.7999318897031066,0.94228851084271,0.967741935483871,0.9554140127388536,2.8861593701464754,1,node,17,0.7172903000027873,0.6081389000055424,spread_mean,p2p-Gnutella08,8
0.7992578394162998,0.942082346866444,0.9516129032258064,0.9394904458598726,2.8402960667914385,1,node,17,0.967248799999652,0.6081389000055424,spread_mean,p2p-Gnutella08,9
0.7995485685104661,0.9423152938532235,0.9516129032258064,0.961783439490446,2.9288005161249018,1,node+edge,38,0.9005212999982177,0.861909100005505,spread_mean,p2p-Gnutella08,0
0.7988438898627992,0.9419234374517912,0.967741935483871,0.9554140127388536,2.9899936809435217,1,node+edge,38,0.976949900003092,0.861909100005505,spread_mean,p2p-Gnutella08,1
0.799895351007623,0.9423908380428976,0.9516129032258064,0.9585987261146496,2.7965918276280064,1,node+edge,38,1.018273900001077,0.861909100005505,spread_mean,p2p-Gnutella08,2
0.7991133055158331,0.9419384722893478,0.9516129032258064,0.9554140127388536,2.963091273398345,1,node+edge,38,1.0047500000000582,0.861909100005505,spread_mean,p2p-Gnutella08,3
0.7997544833898735,0.9422934709506424,0.9516129032258064,0.945859872611465,2.9076810893825247,1,node+edge,38,1.024368800004595,0.861909100005505,spread_mean,p2p-Gnutella08,4
0.7989272294627175,0.9419784181068082,0.967741935483871,0.9490445859872612,2.876590215685854,1,node+edge,38,0.9982861999960732,0.861909100005505,spread_mean,p2p-Gnutella08,5
0.7999651540719169,0.9423885388086644,0.9516129032258064,0.961783439490446,2.845181768102245,1,node+edge,38,1.0084781999976258,0.861909100005505,spread_mean,p2p-Gnutella08,6
0.8003717670066196,0.9425860865156048,0.9516129032258064,0.9522292993630572,2.839288459487041,1,node+edge,38,1.07724220000091,0.861909100005505,spread_mean,p2p-Gnutella08,7
0.800319634538651,0.94258238345905,0.935483870967742,0.9554140127388536,2.8398318050341858,1,node+edge,38,0.9995787000007113,0.861909100005505,spread_mean,p2p-Gnutella08,8
0.7987602693301915,0.9419276939276308,0.9516129032258064,0.9363057324840764,2.8605327101987026,1,node+edge,38,1.0759996000051617,0.861909100005505,spread_mean,p2p-Gnutella08,9
0.8851095984961184,0.9796295928582088,0.967741935483871,0.9585987261146496,1.7663032520849762,2,node,35,0.8296600999965449,1.287088100039,spread_mean,p2p-Gnutella08,0
0.8849212361179776,0.9795880911204496,0.9516129032258064,0.9585987261146496,1.8551818967187648,2,node,35,0.912446700000146,1.287088100039,spread_mean,p2p-Gnutella08,1
0.8850628731698986,0.9796946708600648,0.9516129032258064,0.9585987261146496,1.661644361428456,2,node,35,0.9089573999954156,1.287088100039,spread_mean,p2p-Gnutella08,2
0.8846607856907502,0.9794529280615862,0.967741935483871,0.9585987261146496,1.830870305006885,2,node,35,0.8846415000007255,1.287088100039,spread_mean,p2p-Gnutella08,3
0.8846187046858586,0.979511436092009,0.9516129032258064,0.9585987261146496,1.8431062254505468,2,node,35,0.8929047000056016,1.287088100039,spread_mean,p2p-Gnutella08,4
0.8850618801275844,0.9794995490735728,1.0,0.9585987261146496,1.6388618902073282,2,node,35,0.8410747000016272,1.287088100039,spread_mean,p2p-Gnutella08,5
0.8847420678737171,0.9794995281931258,0.967741935483871,0.9554140127388536,1.744517365705755,2,node,35,0.8165537000022596,1.287088100039,spread_mean,p2p-Gnutella08,6
0.8848305710742617,0.9795082246833028,0.967741935483871,0.9554140127388536,1.765072335428309,2,node,35,0.8428764000054798,1.287088100039,spread_mean,p2p-Gnutella08,7
0.8852560907535811,0.9795485082443772,0.9516129032258064,0.961783439490446,1.7027920065467468,2,node,35,0.8323725999944145,1.287088100039,spread_mean,p2p-Gnutella08,8
0.884214478559639,0.9792945084501948,0.967741935483871,0.9522292993630572,1.737001781873769,2,node,35,0.8440138999940245,1.287088100039,spread_mean,p2p-Gnutella08,9
0.8849410652289673,0.9795363869557596,0.967741935483871,0.9585987261146496,1.466483113268308,2,node+edge,80,1.2429288999992425,1.5408583000389626,spread_mean,p2p-Gnutella08,0
0.8850621925605122,0.9795485938684406,0.967741935483871,0.9585987261146496,1.3969878381421903,2,node+edge,80,1.208372799999779,1.5408583000389626,spread_mean,p2p-Gnutella08,1
0.8853228630501887,0.9796698193039848,0.967741935483871,0.961783439490446,1.3484306263487615,2,node+edge,80,1.2284325000000536,1.5408583000389626,spread_mean,p2p-Gnutella08,2
0.8848999888679927,0.9794946844802528,0.967741935483871,0.964968152866242,1.4025028717176864,2,node+edge,80,1.2021490999977686,1.5408583000389626,spread_mean,p2p-Gnutella08,3
0.8847490150229623,0.9795095333906726,0.967741935483871,0.961783439490446,1.3983917330710942,2,node+edge,80,1.1611985999988974,1.5408583000389626,spread_mean,p2p-Gnutella08,4
0.8851099986961087,0.9795417703064954,0.9838709677419356,0.9490445859872612,1.3727601306332784,2,node+edge,80,1.179235299998254,1.5408583000389626,spread_mean,p2p-Gnutella08,5
0.8848209061603369,0.9793679869047722,0.9516129032258064,0.9585987261146496,1.4158990781660272,2,node+edge,80,1.1806087000004482,1.5408583000389626,spread_mean,p2p-Gnutella08,6
0.8845419643052468,0.9793874912513726,0.967741935483871,0.9554140127388536,1.4243722882839642,2,node+edge,80,1.268808900000295,1.5408583000389626,spread_mean,p2p-Gnutella08,7
0.8849294179207148,0.97949981048767,0.967741935483871,0.961783439490446,1.438101431926115,2,node+edge,80,1.2733838999993168,1.5408583000389626,spread_mean,p2p-Gnutella08,8
0.8845744645954395,0.9794010178016688,0.967741935483871,0.9554140127388536,1.4197257943501564,2,node+edge,80,1.4084149999980582,1.5408583000389626,spread_mean,p2p-Gnutella08,9
0.88616330761285,0.9798347433883058,0.9838709677419356,0.9554140127388536,1.2573169341039845,2,node+edge+subgraph,144,2.058389999998326,2.343988400039052,spread_mean,p2p-Gnutella08,0
0.885955026133267,0.9797018736184668,0.967741935483871,0.9522292993630572,1.2953865645081024,2,node+edge+subgraph,144,1.759311500005424,2.343988400039052,spread_mean,p2p-Gnutella08,1
0.886325300263214,0.9798725772887448,0.967741935483871,0.9554140127388536,1.244141561176094,2,node+edge+subgraph,144,1.7511836999983643,2.343988400039052,spread_mean,p2p-Gnutella08,2
0.885679043161493,0.9796963499917632,0.9838709677419356,0.9554140127388536,1.2673130763096576,2,node+edge+subgraph,144,1.8131974000061744,2.343988400039052,spread_mean,p2p-Gnutella08,3
0.8848248351419588,0.9793787306024836,0.9838709677419356,0.9522292993630572,1.2749996783909876,2,node+edge+subgraph,144,1.795831499999622,2.343988400039052,spread_mean,p2p-Gnutella08,4
0.8862325746705008,0.979799432493402,0.9838709677419356,0.9426751592356688,1.3429243187599116,2,node+edge+subgraph,144,1.840075400003116,2.343988400039052,spread_mean,p2p-Gnutella08,5
0.885856481047319,0.9796738878555964,0.9838709677419356,0.9554140127388536,1.2669244772474897,2,node+edge+subgraph,144,1.733398299998953,2.343988400039052,spread_mean,p2p-Gnutella08,6
0.8860385475180187,0.9797950843356698,0.967741935483871,0.9490445859872612,1.281443402861974,2,node+edge+subgraph,144,1.6827740000007907,2.343988400039052,spread_mean,p2p-Gnutella08,7
0.8857219231647034,0.9796395397503784,0.967741935483871,0.9490445859872612,1.3047026491628912,2,node+edge+subgraph,144,1.6431729000032649,2.343988400039052,spread_mean,p2p-Gnutella08,8
0.8860343911640257,0.9797723548033046,0.9838709677419356,0.9522292993630572,1.3125900243480193,2,node+edge+subgraph,144,1.6948577000002842,2.343988400039052,spread_mean,p2p-Gnutella08,9
0.8855077508464264,0.97958951056654,0.9838709677419356,0.9554140127388536,1.2637648243549606,2,node+edge+subgraph+dynamic,145,1.6878421000001254,2.343988400039052,spread_mean,p2p-Gnutella08,0
0.8858263070786908,0.9796247347122888,0.967741935483871,0.945859872611465,1.294528748854046,2,node+edge+subgraph+dynamic,145,1.7296631999997771,2.343988400039052,spread_mean,p2p-Gnutella08,1
0.8863234346077373,0.9798269674538972,0.967741935483871,0.9554140127388536,1.2362586248183554,2,node+edge+subgraph+dynamic,145,1.7203111000053468,2.343988400039052,spread_mean,p2p-Gnutella08,2
0.8851853384787599,0.9794905267541492,0.9838709677419356,0.9554140127388536,1.2692222905988482,2,node+edge+subgraph+dynamic,145,1.7285805999999866,2.343988400039052,spread_mean,p2p-Gnutella08,3
0.8852876575699383,0.9795537528090272,0.9838709677419356,0.9554140127388536,1.2378477102792245,2,node+edge+subgraph+dynamic,145,1.7752548999997089,2.343988400039052,spread_mean,p2p-Gnutella08,4
0.8858553539767607,0.9796809905897814,0.9838709677419356,0.9426751592356688,1.330666973007263,2,node+edge+subgraph+dynamic,145,1.956808999995701,2.343988400039052,spread_mean,p2p-Gnutella08,5
0.8860595463164204,0.979769820711096,0.9838709677419356,0.9554140127388536,1.267129114489724,2,node+edge+subgraph+dynamic,145,2.0104597000026843,2.343988400039052,spread_mean,p2p-Gnutella08,6
0.8857832039094309,0.97968695527066,0.967741935483871,0.945859872611465,1.2672032548814942,2,node+edge+subgraph+dynamic,145,1.8752720000047705,2.343988400039052,spread_mean,p2p-Gnutella08,7
0.8860057175296852,0.9797413410434358,0.967741935483871,0.9490445859872612,1.297291307467623,2,node+edge+subgraph+dynamic,145,1.6740234999961103,2.343988400039052,spread_mean,p2p-Gnutella08,8
0.8860659852542607,0.9797904043134836,0.967741935483871,0.945859872611465,1.3252072159696104,2,node+edge+subgraph+dynamic,145,1.7952065999998013,2.343988400039052,spread_mean,p2p-Gnutella08,9
0.9119144966343892,0.9879494587839048,0.9516129032258064,0.9585987261146496,1.5498465262352044,3,node,45,1.0004853999998886,2.0839697999690543,spread_mean,p2p-Gnutella08,0
0.9106044768738052,0.9873603659252695,0.9838709677419356,0.9681528662420382,1.5357602733644276,3,node,45,0.920058900002914,2.0839697999690543,spread_mean,p2p-Gnutella08,1
0.9119732472719076,0.9880297616409413,0.935483870967742,0.961783439490446,1.5498648115740676,3,node,45,0.925726900000882,2.0839697999690543,spread_mean,p2p-Gnutella08,2
0.9111251999536244,0.9877474201965534,0.967741935483871,0.964968152866242,1.6389160362040878,3,node,45,0.8790196000045398,2.0839697999690543,spread_mean,p2p-Gnutella08,3
0.911545545679687,0.9879294093619976,0.967741935483871,0.9585987261146496,1.5334312157916956,3,node,45,0.9079023999947822,2.0839697999690543,spread_mean,p2p-Gnutella08,4
0.9118774400348192,0.9878428847069856,0.967741935483871,0.9554140127388536,1.4564740461718249,3,node,45,0.939965099998517,2.0839697999690543,spread_mean,p2p-Gnutella08,5
0.911695932052868,0.9878806623357188,0.967741935483871,0.964968152866242,1.469192404806732,3,node,45,0.9678572000048008,2.0839697999690543,spread_mean,p2p-Gnutella08,6
0.9108880141900134,0.9874411115706327,0.967741935483871,0.9554140127388536,1.454780412624303,3,node,45,0.8987641999992775,2.0839697999690543,spread_mean,p2p-Gnutella08,7
0.9117041730870435,0.98775700322126,0.9516129032258064,0.961783439490446,1.5141822400555305,3,node,45,0.9134298999997554,2.0839697999690543,spread_mean,p2p-Gnutella08,8
0.9122441177878844,0.988151076938014,0.9516129032258064,0.961783439490446,1.45902415462346,3,node,45,0.9458457000000636,2.0839697999690543,spread_mean,p2p-Gnutella08,9
0.9138387302473224,0.9888043879831988,0.967741935483871,0.9681528662420382,1.2681398906523047,3,node+edge,93,1.2957605999981752,2.337739999969017,spread_mean,p2p-Gnutella08,0
0.9134402284225068,0.9887184924973716,0.967741935483871,0.9585987261146496,1.2521537378346177,3,node+edge,93,1.2801983000026669,2.337739999969017,spread_mean,p2p-Gnutella08,1
0.9144720685717164,0.9890973786826776,0.9516129032258064,0.964968152866242,1.2191316246927906,3,node+edge,93,1.2689024999999674,2.337739999969017,spread_mean,p2p-Gnutella08,2
0.9140987862283052,0.9889088053655224,0.9838709677419356,0.9585987261146496,1.2384691851365155,3,node+edge,93,1.3200018999996246,2.337739999969017,spread_mean,p2p-Gnutella08,3
0.9144964219481384,0.9890807058579224,0.967741935483871,0.964968152866242,1.2383079970688926,3,node+edge,93,1.2746696999965934,2.337739999969017,spread_mean,p2p-Gnutella08,4
0.9140288609862393,0.9888773050353934,0.9838709677419356,0.964968152866242,1.300099039651022,3,node+edge,93,1.291161799999827,2.337739999969017,spread_mean,p2p-Gnutella08,5
0.9143867596643146,0.9890208998030944,0.967741935483871,0.961783439490446,1.2569280357716786,3,node+edge,93,1.2565308999983245,2.337739999969017,spread_mean,p2p-Gnutella08,6
0.9139719450551328,0.9888968584586378,0.967741935483871,0.9490445859872612,1.2530415386314826,3,node+edge,93,1.2562518999984604,2.337739999969017,spread_mean,p2p-Gnutella08,7
0.914300240112452,0.9889614989887806,0.9838709677419356,0.9554140127388536,1.2351939750807788,3,node+edge,93,1.3697172999964096,2.337739999969017,spread_mean,p2p-Gnutella08,8
0.914474974824524,0.988975462282492,0.967741935483871,0.961783439490446,1.312565547363405,3,node+edge,93,1.444277199996577,2.337739999969017,spread_mean,p2p-Gnutella08,9
0.91653140505752,0.9892152644490536,0.9838709677419356,0.9585987261146496,1.1374429931078942,3,node+edge+subgraph,168,2.270934299995133,3.1408700999691064,spread_mean,p2p-Gnutella08,0
0.9163716260366512,0.9892188016723432,0.967741935483871,0.961783439490446,1.173654397037194,3,node+edge+subgraph,168,2.010046200004581,3.1408700999691064,spread_mean,p2p-Gnutella08,1
0.916997758832648,0.989449600238788,0.9516129032258064,0.9585987261146496,1.2146431890416365,3,node+edge+subgraph,168,1.9814771999954248,3.1408700999691064,spread_mean,p2p-Gnutella08,2
0.9163912673082862,0.9891877398936127,0.9838709677419356,0.9585987261146496,1.2402655516584165,3,node+edge+subgraph,168,2.0351301999980933,3.1408700999691064,spread_mean,p2p-Gnutella08,3
0.9168475218476946,0.9894275366539284,0.9838709677419356,0.9522292993630572,1.1502364959014864,3,node+edge+subgraph,168,1.9898209999955725,3.1408700999691064,spread_mean,p2p-Gnutella08,4
0.9172471511452814,0.9894889174193916,0.9838709677419356,0.9585987261146496,1.1530419703420538,3,node+edge+subgraph,168,1.9909537999992608,3.1408700999691064,spread_mean,p2p-Gnutella08,5
0.9166429939468028,0.9892989670964326,0.9838709677419356,0.961783439490446,1.1145733560486963,3,node+edge+subgraph,168,2.0002383000028203,3.1408700999691064,spread_mean,p2p-Gnutella08,6
0.9159020124471668,0.9890506340278596,0.967741935483871,0.9490445859872612,1.1977012500159667,3,node+edge+subgraph,168,1.953267800003232,3.1408700999691064,spread_mean,p2p-Gnutella08,7
0.9170131312676651,0.9894355484091985,0.967741935483871,0.9585987261146496,1.129014901850913,3,node+edge+subgraph,168,1.9533602000010435,3.1408700999691064,spread_mean,p2p-Gnutella08,8
0.917030799517187,0.9894102424756138,0.9838709677419356,0.9585987261146496,1.1683630054548442,3,node+edge+subgraph,168,1.939631900000677,3.1408700999691064,spread_mean,p2p-Gnutella08,9
0.9165128327377166,0.9892202940773658,0.9838709677419356,0.961783439490446,1.141260967584814,3,node+edge+subgraph+dynamic,170,1.9427799000040975,3.1408700999691064,spread_mean,p2p-Gnutella08,0
0.9161785235883,0.9891486869133952,0.967741935483871,0.961783439490446,1.1893703580332022,3,node+edge+subgraph+dynamic,170,1.9754339999999504,3.1408700999691064,spread_mean,p2p-Gnutella08,1
0.9171141849087616,0.989490473524458,0.9516129032258064,0.9585987261146496,1.218741884366802,3,node+edge+subgraph+dynamic,170,1.9877588000017568,3.1408700999691064,spread_mean,p2p-Gnutella08,2
0.916378059452845,0.989169139250718,0.9838709677419356,0.961783439490446,1.2224432060948338,3,node+edge+subgraph+dynamic,170,2.0224949000039487,3.1408700999691064,spread_mean,p2p-Gnutella08,3
0.9170037845098676,0.9894540489152344,0.967741935483871,0.9554140127388536,1.1660575074529935,3,node+edge+subgraph+dynamic,170,2.282622300001094,3.1408700999691064,spread_mean,p2p-Gnutella08,4
0.917169652330162,0.9894525955686208,0.9838709677419356,0.9585987261146496,1.1476515840501034,3,node+edge+subgraph+dynamic,170,2.245758599994588,3.1408700999691064,spread_mean,p2p-Gnutella08,5
0.9168815871641568,0.989366849188413,0.967741935483871,0.964968152866242,1.115639819461995,3,node+edge+subgraph+dynamic,170,2.0426083999991533,3.1408700999691064,spread_mean,p2p-Gnutella08,6
0.9159149411210238,0.9890671519239426,0.967741935483871,0.9490445859872612,1.1851207275238598,3,node+edge+subgraph+dynamic,170,2.0009252000018023,3.1408700999691064,spread_mean,p2p-Gnutella08,7
0.917005127590141,0.9894069196856264,0.967741935483871,0.9554140127388536,1.1402724196655274,3,node+edge+subgraph+dynamic,170,1.9413886000038476,3.1408700999691064,spread_mean,p2p-Gnutella08,8
0.9173267885808892,0.9895009457516384,0.9838709677419356,0.9681528662420382,1.175594097934474,3,node+edge+subgraph+dynamic,170,2.0141187999979597,3.1408700999691064,spread_mean,p2p-Gnutella08,9
0.4558478666203151,0.6372547249875129,0.0,0.0382165605095541,1.377431712469612,0,node,2,0.5416581000026781,3.499999911582563e-05,spread_cv,p2p-Gnutella08,0
0.457037571369138,0.6393722932293687,0.0,0.0414012738853503,1.377917055728461,0,node,2,0.5328462000034051,3.499999911582563e-05,spread_cv,p2p-Gnutella08,1
0.4563590978002098,0.6373238005896865,0.0,0.019108280254777,1.378361614729087,0,node,2,0.5296034000057261,3.499999911582563e-05,spread_cv,p2p-Gnutella08,2
0.4574505324184249,0.6395445067606117,0.0,0.0222929936305732,1.3774026664681176,0,node,2,0.5204623000026913,3.499999911582563e-05,spread_cv,p2p-Gnutella08,3
0.4581403447983192,0.6395373424304803,0.0,0.0159235668789808,1.3774005861144425,0,node,2,0.5504027000060887,3.499999911582563e-05,spread_cv,p2p-Gnutella08,4
0.4554240913489864,0.6386436190532876,0.0,0.019108280254777,1.3772044091803743,0,node,2,0.5407474000021466,3.499999911582563e-05,spread_cv,p2p-Gnutella08,5
0.454104587853494,0.6352948059368828,0.0,0.0063694267515923,1.3785993048492342,0,node,2,0.507790900002874,3.499999911582563e-05,spread_cv,p2p-Gnutella08,6
0.4566501675681734,0.6375865544446518,0.0,0.0127388535031847,1.3776335292101425,0,node,2,0.4994975000008708,3.499999911582563e-05,spread_cv,p2p-Gnutella08,7
0.4562241848782322,0.6386371549371996,0.0,0.0350318471337579,1.3770290015384072,0,node,2,0.504077600002347,3.499999911582563e-05,spread_cv,p2p-Gnutella08,8
0.4550842568419417,0.6375824215424636,0.0,0.019108280254777,1.3781631290531688,0,node,2,0.5324059999984456,3.499999911582563e-05,spread_cv,p2p-Gnutella08,9
0.4558478666203151,0.6372547249875129,0.0,0.0382165605095541,1.377431712469612,0,node+edge,2,0.5347582000031252,3.499999911582563e-05,spread_cv,p2p-Gnutella08,0
0.457037571369138,0.6393722932293687,0.0,0.0414012738853503,1.377917055728461,0,node+edge,2,0.5053541999950539,3.499999911582563e-05,spread_cv,p2p-Gnutella08,1
0.4563590978002098,0.6373238005896865,0.0,0.019108280254777,1.378361614729087,0,node+edge,2,0.5325016000060714,3.499999911582563e-05,spread_cv,p2p-Gnutella08,2
0.4574505324184249,0.6395445067606117,0.0,0.0222929936305732,1.3774026664681176,0,node+edge,2,0.5235447000013664,3.499999911582563e-05,spread_cv,p2p-Gnutella08,3
0.4581403447983192,0.6395373424304803,0.0,0.0159235668789808,1.3774005861144425,0,node+edge,2,0.5373097000046982,3.499999911582563e-05,spread_cv,p2p-Gnutella08,4
0.4554240913489864,0.6386436190532876,0.0,0.019108280254777,1.3772044091803743,0,node+edge,2,0.5240517999991425,3.499999911582563e-05,spread_cv,p2p-Gnutella08,5
0.454104587853494,0.6352948059368828,0.0,0.0063694267515923,1.3785993048492342,0,node+edge,2,0.5309916000041994,3.499999911582563e-05,spread_cv,p2p-Gnutella08,6
0.4566501675681734,0.6375865544446518,0.0,0.0127388535031847,1.3776335292101425,0,node+edge,2,0.5261285999949905,3.499999911582563e-05,spread_cv,p2p-Gnutella08,7
0.4562241848782322,0.6386371549371996,0.0,0.0350318471337579,1.3770290015384072,0,node+edge,2,0.5623505999974441,3.499999911582563e-05,spread_cv,p2p-Gnutella08,8
0.4550842568419417,0.6375824215424636,0.0,0.019108280254777,1.3781631290531688,0,node+edge,2,0.5437338999981876,3.499999911582563e-05,spread_cv,p2p-Gnutella08,9
0.4558478666203151,0.6372547249875129,0.0,0.0382165605095541,1.377431712469612,0,node+edge+subgraph,2,0.5462103000027128,3.499999911582563e-05,spread_cv,p2p-Gnutella08,0
0.457037571369138,0.6393722932293687,0.0,0.0414012738853503,1.377917055728461,0,node+edge+subgraph,2,0.6659977999952389,3.499999911582563e-05,spread_cv,p2p-Gnutella08,1
0.4563590978002098,0.6373238005896865,0.0,0.019108280254777,1.378361614729087,0,node+edge+subgraph,2,0.6155933999980334,3.499999911582563e-05,spread_cv,p2p-Gnutella08,2
0.4574505324184249,0.6395445067606117,0.0,0.0222929936305732,1.3774026664681176,0,node+edge+subgraph,2,0.6488458000021637,3.499999911582563e-05,spread_cv,p2p-Gnutella08,3
0.4581403447983192,0.6395373424304803,0.0,0.0159235668789808,1.3774005861144425,0,node+edge+subgraph,2,0.6030536000034772,3.499999911582563e-05,spread_cv,p2p-Gnutella08,4
0.4554240913489864,0.6386436190532876,0.0,0.019108280254777,1.3772044091803743,0,node+edge+subgraph,2,0.6365221999949426,3.499999911582563e-05,spread_cv,p2p-Gnutella08,5
0.454104587853494,0.6352948059368828,0.0,0.0063694267515923,1.3785993048492342,0,node+edge+subgraph,2,0.6259363999997731,3.499999911582563e-05,spread_cv,p2p-Gnutella08,6
0.4566501675681734,0.6375865544446518,0.0,0.0127388535031847,1.3776335292101425,0,node+edge+subgraph,2,0.6108888000017032,3.499999911582563e-05,spread_cv,p2p-Gnutella08,7
0.4562241848782322,0.6386371549371996,0.0,0.0350318471337579,1.3770290015384072,0,node+edge+subgraph,2,0.6586032999985036,3.499999911582563e-05,spread_cv,p2p-Gnutella08,8
0.4550842568419417,0.6375824215424636,0.0,0.019108280254777,1.3781631290531688,0,node+edge+subgraph,2,0.6385292000049958,3.499999911582563e-05,spread_cv,p2p-Gnutella08,9
0.4558478666203151,0.6372547249875129,0.0,0.0382165605095541,1.377431712469612,0,node+edge+subgraph+dynamic,2,0.6449143999998341,3.499999911582563e-05,spread_cv,p2p-Gnutella08,0
0.457037571369138,0.6393722932293687,0.0,0.0414012738853503,1.377917055728461,0,node+edge+subgraph+dynamic,2,0.6977441000053659,3.499999911582563e-05,spread_cv,p2p-Gnutella08,1
0.4563590978002098,0.6373238005896865,0.0,0.019108280254777,1.378361614729087,0,node+edge+subgraph+dynamic,2,0.7080212000000756,3.499999911582563e-05,spread_cv,p2p-Gnutella08,2
0.4574505324184249,0.6395445067606117,0.0,0.0222929936305732,1.3774026664681176,0,node+edge+subgraph+dynamic,2,0.6897284000006039,3.499999911582563e-05,spread_cv,p2p-Gnutella08,3
0.4581403447983192,0.6395373424304803,0.0,0.0159235668789808,1.3774005861144425,0,node+edge+subgraph+dynamic,2,0.7008447999978671,3.499999911582563e-05,spread_cv,p2p-Gnutella08,4
0.4554240913489864,0.6386436190532876,0.0,0.019108280254777,1.3772044091803743,0,node+edge+subgraph+dynamic,2,0.660548400002881,3.499999911582563e-05,spread_cv,p2p-Gnutella08,5
0.454104587853494,0.6352948059368828,0.0,0.0063694267515923,1.3785993048492342,0,node+edge+subgraph+dynamic,2,0.638547299997299,3.499999911582563e-05,spread_cv,p2p-Gnutella08,6
0.4566501675681734,0.6375865544446518,0.0,0.0127388535031847,1.3776335292101425,0,node+edge+subgraph+dynamic,2,0.6080767000021297,3.499999911582563e-05,spread_cv,p2p-Gnutella08,7
0.4562241848782322,0.6386371549371996,0.0,0.0350318471337579,1.3770290015384072,0,node+edge+subgraph+dynamic,2,0.6167069000002812,3.499999911582563e-05,spread_cv,p2p-Gnutella08,8
0.4550842568419417,0.6375824215424636,0.0,0.019108280254777,1.3781631290531688,0,node+edge+subgraph+dynamic,2,0.608076999997138,3.499999911582563e-05,spread_cv,p2p-Gnutella08,9
0.590917038726752,0.7613736989646813,0.0,0.0828025477707006,1.051473803145598,1,node,17,0.8503609999970649,0.6081389000055424,spread_cv,p2p-Gnutella08,0
0.5912698211655654,0.7628471575116764,0.0161290322580645,0.0700636942675159,1.048514719720978,1,node,17,0.8656757999997353,0.6081389000055424,spread_cv,p2p-Gnutella08,1
0.5885378877593807,0.759479695348835,0.0,0.0636942675159235,1.0562849857254013,1,node,17,0.8657526000024518,0.6081389000055424,spread_cv,p2p-Gnutella08,2
0.5896766491889872,0.760608696461475,0.0,0.0700636942675159,1.052753322123935,1,node,17,0.847976999997627,0.6081389000055424,spread_cv,p2p-Gnutella08,3
0.5908153231177595,0.7624748676890704,0.0,0.0636942675159235,1.0497951268635073,1,node,17,0.8658194000017829,0.6081389000055424,spread_cv,p2p-Gnutella08,4
0.5882251611497348,0.7586870066969019,0.0,0.0764331210191082,1.0600946962542843,1,node,17,0.9187309999979334,0.6081389000055424,spread_cv,p2p-Gnutella08,5
0.590160868701911,0.7603834965277567,0.0,0.0796178343949044,1.0554655521953906,1,node,17,0.8632370999985142,0.6081389000055424,spread_cv,p2p-Gnutella08,6
0.5908420640429951,0.7616820296579719,0.0,0.0859872611464968,1.053583191687529,1,node,17,0.8674853999982588,0.6081389000055424,spread_cv,p2p-Gnutella08,7
0.5894408280174378,0.76067582033462,0.0,0.0796178343949044,1.0519877802771405,1,node,17,0.8834558999951696,0.6081389000055424,spread_cv,p2p-Gnutella08,8
0.58908420209333,0.7599467010287067,0.0,0.0636942675159235,1.056788999397533,1,node,17,0.8561123999970732,0.6081389000055424,spread_cv,p2p-Gnutella08,9
0.5901282205079424,0.7609523655688422,0.0,0.0796178343949044,1.051937647719677,1,node+edge,38,1.0312899999989895,0.861909100005505,spread_cv,p2p-Gnutella08,0
0.5909709638829838,0.7629150864525298,0.0161290322580645,0.0732484076433121,1.0481088917951618,1,node+edge,38,1.0682671000031403,0.861909100005505,spread_cv,p2p-Gnutella08,1
0.5881670276103101,0.7593453133282458,0.0,0.0668789808917197,1.0561261824140662,1,node+edge,38,1.0721942000018316,0.861909100005505,spread_cv,p2p-Gnutella08,2
0.5899639305080409,0.760808226524277,0.0,0.0668789808917197,1.0519906769653602,1,node+edge,38,1.0056249999979627,0.861909100005505,spread_cv,p2p-Gnutella08,3
0.591113062835425,0.7628688766101209,0.0,0.0700636942675159,1.0499613148250428,1,node+edge,38,1.123362199999974,0.861909100005505,spread_cv,p2p-Gnutella08,4
0.5881353503621668,0.7590043106093377,0.0,0.0796178343949044,1.0591189873933524,1,node+edge,38,1.116193400004704,0.861909100005505,spread_cv,p2p-Gnutella08,5
0.5900121533102881,0.7607117614998288,0.0,0.0764331210191082,1.0550163986780852,1,node+edge,38,1.0967386000047554,0.861909100005505,spread_cv,p2p-Gnutella08,6
0.5911744380989457,0.7622135047818782,0.0,0.0859872611464968,1.0525464119530654,1,node+edge,38,1.1375292999946396,0.861909100005505,spread_cv,p2p-Gnutella08,7
0.5890138948977017,0.7602108204118826,0.0,0.0732484076433121,1.0539562833537248,1,node+edge,38,1.116556799999671,0.861909100005505,spread_cv,p2p-Gnutella08,8
0.5889698182153424,0.7602418794555006,0.0,0.0732484076433121,1.0551514827168402,1,node+edge,38,1.1304380000001402,0.861909100005505,spread_cv,p2p-Gnutella08,9
0.7130168200634591,0.859534171746526,0.1129032258064516,0.3980891719745223,0.8345016013779882,2,node,35,1.0863492999997106,1.287088100039,spread_cv,p2p-Gnutella08,0
0.7126875413221676,0.8577130511169082,0.1612903225806451,0.3885350318471338,0.8512118796978461,2,node,35,1.0352578999954858,1.287088100039,spread_cv,p2p-Gnutella08,1
0.7128077719230782,0.8578817303593469,0.1129032258064516,0.3885350318471338,0.8451768075174652,2,node,35,1.0725430000020424,1.287088100039,spread_cv,p2p-Gnutella08,2
0.7133434694349651,0.8592482461510804,0.2096774193548387,0.3726114649681528,0.8345615167580891,2,node,35,1.129339599996456,1.287088100039,spread_cv,p2p-Gnutella08,3
0.712894881015574,0.8591607833099912,0.0967741935483871,0.3853503184713376,0.8350959345559199,2,node,35,1.0997693999961484,1.287088100039,spread_cv,p2p-Gnutella08,4
0.707596124024735,0.8529169119413602,0.1612903225806451,0.3789808917197452,0.8494698945848915,2,node,35,1.1296593000006396,1.287088100039,spread_cv,p2p-Gnutella08,5
0.7122307882425933,0.8578604654700942,0.2096774193548387,0.3853503184713376,0.8396439908416498,2,node,35,1.2379664999971285,1.287088100039,spread_cv,p2p-Gnutella08,6
0.7106398240490027,0.8568364677406006,0.1935483870967742,0.3853503184713376,0.8465302981611065,2,node,35,1.2435116999986349,1.287088100039,spread_cv,p2p-Gnutella08,7
0.711512139996967,0.8577076086175195,0.1612903225806451,0.3885350318471338,0.8407798322343185,2,node,35,1.1226565999968443,1.287088100039,spread_cv,p2p-Gnutella08,8
0.7079245784014668,0.8532392695927845,0.2096774193548387,0.3694267515923566,0.8550667078605834,2,node,35,1.0459116999991238,1.287088100039,spread_cv,p2p-Gnutella08,9
0.7118434212983934,0.8580627816523887,0.1451612903225806,0.3949044585987261,0.83832413640966,2,node+edge,80,1.3585845999987214,1.5408583000389626,spread_cv,p2p-Gnutella08,0
0.7122103417729394,0.8565922677040237,0.1612903225806451,0.3885350318471338,0.851295143506234,2,node+edge,80,1.355425199995807,1.5408583000389626,spread_cv,p2p-Gnutella08,1
0.7120261843630142,0.8573278834676719,0.1451612903225806,0.3980891719745223,0.844660511854599,2,node+edge,80,1.3368607000011252,1.5408583000389626,spread_cv,p2p-Gnutella08,2
0.7128041999357503,0.8587844510757399,0.1774193548387097,0.3853503184713376,0.8357043426031816,2,node+edge,80,1.4071342000024742,1.5408583000389626,spread_cv,p2p-Gnutella08,3
0.7107962848198692,0.857086847555143,0.1290322580645161,0.3821656050955414,0.8380180977124824,2,node+edge,80,1.3419149000037578,1.5408583000389626,spread_cv,p2p-Gnutella08,4
0.7082371664202167,0.8538184848498129,0.1451612903225806,0.3821656050955414,0.8484358384759724,2,node+edge,80,1.3640661999961594,1.5408583000389626,spread_cv,p2p-Gnutella08,5
0.7123563236020413,0.858413170401591,0.2258064516129032,0.3885350318471338,0.8371459453080361,2,node+edge,80,1.3635503000041354,1.5408583000389626,spread_cv,p2p-Gnutella08,6
0.7110475890191501,0.856495172373257,0.1774193548387097,0.3917197452229299,0.8474638036445598,2,node+edge,80,1.354405300000508,1.5408583000389626,spread_cv,p2p-Gnutella08,7
0.7132570822571549,0.8590876426239614,0.1290322580645161,0.3885350318471338,0.8381485924347069,2,node+edge,80,1.3598936999987927,1.5408583000389626,spread_cv,p2p-Gnutella08,8
0.7075986773645946,0.8521825575687192,0.1774193548387097,0.3885350318471338,0.8569496135946083,2,node+edge,80,1.3436685000051511,1.5408583000389626,spread_cv,p2p-Gnutella08,9
0.714519976076383,0.8599205545369317,0.1290322580645161,0.3885350318471338,0.836176451796488,2,node+edge+subgraph,144,1.998824099995545,2.343988400039052,spread_cv,p2p-Gnutella08,0
0.7160771877301879,0.8610900524781268,0.1129032258064516,0.410828025477707,0.8381027184781695,2,node+edge+subgraph,144,2.000682899997628,2.343988400039052,spread_cv,p2p-Gnutella08,1
0.7160178222406336,0.860366218386623,0.1774193548387097,0.3853503184713376,0.8365904148899139,2,node+edge+subgraph,144,1.977183099996182,2.343988400039052,spread_cv,p2p-Gnutella08,2
0.7153745605262792,0.8606108429541726,0.1612903225806451,0.3917197452229299,0.8307828221640186,2,node+edge+subgraph,144,1.952052200002072,2.343988400039052,spread_cv,p2p-Gnutella08,3
0.7133752378169356,0.859390798634304,0.1129032258064516,0.3694267515923566,0.8305187803025583,2,node+edge+subgraph,144,1.9577710000012305,2.343988400039052,spread_cv,p2p-Gnutella08,4
0.7113863393531785,0.8553681480197517,0.1774193548387097,0.3980891719745223,0.846976769441659,2,node+edge+subgraph,144,2.192260499999975,2.343988400039052,spread_cv,p2p-Gnutella08,5
0.7140433576875004,0.8591467570405644,0.2258064516129032,0.3980891719745223,0.8396775083745777,2,node+edge+subgraph,144,2.2574066999950446,2.343988400039052,spread_cv,p2p-Gnutella08,6
0.713078036402834,0.8585645343474335,0.1774193548387097,0.410828025477707,0.8368274123954106,2,node+edge+subgraph,144,1.949237999993784,2.343988400039052,spread_cv,p2p-Gnutella08,7
0.7127958006397721,0.8579783828439618,0.1451612903225806,0.3917197452229299,0.8433177589865702,2,node+edge+subgraph,144,1.9144373999952224,2.343988400039052,spread_cv,p2p-Gnutella08,8
0.7102962961828048,0.8551094967984786,0.1290322580645161,0.375796178343949,0.8507731912021159,2,node+edge+subgraph,144,1.909556300000986,2.343988400039052,spread_cv,p2p-Gnutella08,9
0.7142953616821888,0.8595578376750118,0.1290322580645161,0.3885350318471338,0.8367995491842124,2,node+edge+subgraph+dynamic,145,2.004743100005726,2.343988400039052,spread_cv,p2p-Gnutella08,0
0.7169158330956811,0.8615632628331463,0.1612903225806451,0.4044585987261146,0.8388026211031772,2,node+edge+subgraph+dynamic,145,1.9499102999980096,2.343988400039052,spread_cv,p2p-Gnutella08,1
0.7143322763919064,0.8593203278566998,0.1774193548387097,0.3885350318471338,0.8388721919783012,2,node+edge+subgraph+dynamic,145,2.0328074999997625,2.343988400039052,spread_cv,p2p-Gnutella08,2
0.7154315085894047,0.8609532827584314,0.1290322580645161,0.3789808917197452,0.8312513508969464,2,node+edge+subgraph+dynamic,145,2.124161499996262,2.343988400039052,spread_cv,p2p-Gnutella08,3
0.7122643952388239,0.8574142568663495,0.1290322580645161,0.3821656050955414,0.8381103515643542,2,node+edge+subgraph+dynamic,145,2.0798829999985173,2.343988400039052,spread_cv,p2p-Gnutella08,4
0.7113409209172856,0.855481932999113,0.1612903225806451,0.3980891719745223,0.8467814275162643,2,node+edge+subgraph+dynamic,145,2.161946200001694,2.343988400039052,spread_cv,p2p-Gnutella08,5
0.7151955863538364,0.8604267682643871,0.2096774193548387,0.3853503184713376,0.8373515308226591,2,node+edge+subgraph+dynamic,145,2.175327199998719,2.343988400039052,spread_cv,p2p-Gnutella08,6
0.7137928155399225,0.8585544096804465,0.1935483870967742,0.3980891719745223,0.8392883049476647,2,node+edge+subgraph+dynamic,145,2.080723699997179,2.343988400039052,spread_cv,p2p-Gnutella08,7
0.7119009305342442,0.8572559594042284,0.1612903225806451,0.3917197452229299,0.8396583038901774,2,node+edge+subgraph+dynamic,145,1.9957529000021168,2.343988400039052,spread_cv,p2p-Gnutella08,8
0.7117722332482205,0.8567403173184884,0.1290322580645161,0.3821656050955414,0.8504594602104224,2,node+edge+subgraph+dynamic,145,2.027061299995694,2.343988400039052,spread_cv,p2p-Gnutella08,9
0.7742243814656333,0.9115161650996736,0.1612903225806451,0.5222929936305732,0.7392186021360023,3,node,45,1.404115900004399,2.0839697999690543,spread_cv,p2p-Gnutella08,0
0.7747984886110105,0.911893148790898,0.1774193548387097,0.4840764331210191,0.7370575921333175,3,node,45,1.3108302999971784,2.0839697999690543,spread_cv,p2p-Gnutella08,1
0.775888990830737,0.9125264880812802,0.2096774193548387,0.5,0.7385926513688418,3,node,45,1.2552775000003749,2.0839697999690543,spread_cv,p2p-Gnutella08,2
0.7766178277597587,0.9141817545168462,0.1935483870967742,0.5127388535031847,0.7273883864892732,3,node,45,1.2052651000049082,2.0839697999690543,spread_cv,p2p-Gnutella08,3
0.7761294612978366,0.9135099848482924,0.1774193548387097,0.5286624203821656,0.734812922764493,3,node,45,1.2101173999981256,2.0839697999690543,spread_cv,p2p-Gnutella08,4
0.776078440933884,0.9142874761659202,0.2258064516129032,0.5095541401273885,0.7325557997091565,3,node,45,1.2415705999956117,2.0839697999690543,spread_cv,p2p-Gnutella08,5
0.7731255868106183,0.9116147754312084,0.1451612903225806,0.5159235668789809,0.7376371302452452,3,node,45,1.2174878000005265,2.0839697999690543,spread_cv,p2p-Gnutella08,6
0.7746779717686055,0.912562659889444,0.2741935483870967,0.4904458598726114,0.733809040995796,3,node,45,1.2174588999987463,2.0839697999690543,spread_cv,p2p-Gnutella08,7
0.7759357668924622,0.9128782417973396,0.1774193548387097,0.5127388535031847,0.7309463040565647,3,node,45,1.2290495000052033,2.0839697999690543,spread_cv,p2p-Gnutella08,8
0.7771824694517414,0.9144951106817908,0.1612903225806451,0.5031847133757962,0.7347653633973827,3,node,45,1.212395700000343,2.0839697999690543,spread_cv,p2p-Gnutella08,9
0.7738943829044845,0.9112971893354812,0.2096774193548387,0.4968152866242038,0.7398250735324872,3,node+edge,93,1.726311500002339,2.337739999969017,spread_cv,p2p-Gnutella08,0
0.7730401307546578,0.9107176256877352,0.1774193548387097,0.5191082802547771,0.7408180618877898,3,node+edge,93,1.6519604999994044,2.337739999969017,spread_cv,p2p-Gnutella08,1
0.7752380835840847,0.9121671509195938,0.1612903225806451,0.5191082802547771,0.7408289943931158,3,node+edge,93,1.834479299999657,2.337739999969017,spread_cv,p2p-Gnutella08,2
0.7763852697116235,0.9135752712891668,0.2096774193548387,0.5,0.7294828837397427,3,node+edge,93,1.8141143999964695,2.337739999969017,spread_cv,p2p-Gnutella08,3
0.7737943266950856,0.9116411603631716,0.1935483870967742,0.5031847133757962,0.73732997983689,3,node+edge,93,1.7571750999995857,2.337739999969017,spread_cv,p2p-Gnutella08,4
0.7757648741245992,0.9139560944868496,0.1774193548387097,0.5286624203821656,0.7336060063906634,3,node+edge,93,1.7341430999949807,2.337739999969017,spread_cv,p2p-Gnutella08,5
0.7737585105743132,0.9116488370342702,0.1774193548387097,0.5318471337579618,0.7392450206081546,3,node+edge,93,1.7782532999990508,2.337739999969017,spread_cv,p2p-Gnutella08,6
0.7753868502012384,0.9128993446276044,0.2903225806451613,0.5254777070063694,0.733214207479785,3,node+edge,93,1.7146228999990851,2.337739999969017,spread_cv,p2p-Gnutella08,7
0.7744813122166915,0.9124742265891952,0.1451612903225806,0.5159235668789809,0.7355729559098197,3,node+edge,93,1.6972911000048043,2.337739999969017,spread_cv,p2p-Gnutella08,8
0.7756880003188718,0.9129819524425395,0.1774193548387097,0.4968152866242038,0.7395190687746267,3,node+edge,93,1.831491400000232,2.337739999969017,spread_cv,p2p-Gnutella08,9
0.7765555500711341,0.911767337525514,0.1129032258064516,0.4904458598726114,0.7400793329649118,3,node+edge+subgraph,168,2.616186799998104,3.1408700999691064,spread_cv,p2p-Gnutella08,0
0.7759691659609075,0.9112250201036804,0.2258064516129032,0.4808917197452229,0.7399798565940626,3,node+edge+subgraph,168,2.313866500000586,3.1408700999691064,spread_cv,p2p-Gnutella08,1
0.7785887882368142,0.9132364474901832,0.1774193548387097,0.5127388535031847,0.7365388702642248,3,node+edge+subgraph,168,2.2740982999966945,3.1408700999691064,spread_cv,p2p-Gnutella08,2
0.7767861442363279,0.9122750497382864,0.1612903225806451,0.5127388535031847,0.735624894735212,3,node+edge+subgraph,168,2.2621733999985736,3.1408700999691064,spread_cv,p2p-Gnutella08,3
0.7772114725519206,0.9129186824410804,0.1774193548387097,0.4936305732484076,0.7338363116539477,3,node+edge+subgraph,168,2.336056700005429,3.1408700999691064,spread_cv,p2p-Gnutella08,4
0.7796038573172556,0.9146398711745694,0.1612903225806451,0.5,0.7307212977802923,3,node+edge+subgraph,168,2.234161799999129,3.1408700999691064,spread_cv,p2p-Gnutella08,5
0.7765698321368119,0.9122108179857136,0.1774193548387097,0.5127388535031847,0.7403061139903386,3,node+edge+subgraph,168,2.412298299997929,3.1408700999691064,spread_cv,p2p-Gnutella08,6
0.7775401260603707,0.9126343902071228,0.2258064516129032,0.5031847133757962,0.7351607830051253,3,node+edge+subgraph,168,2.561384699998598,3.1408700999691064,spread_cv,p2p-Gnutella08,7
0.7757190188774865,0.9113878648114104,0.1129032258064516,0.4872611464968153,0.7462874862474073,3,node+edge+subgraph,168,2.6007301999998163,3.1408700999691064,spread_cv,p2p-Gnutella08,8
0.7775379612434575,0.912284598693645,0.1774193548387097,0.4968152866242038,0.741880105032417,3,node+edge+subgraph,168,2.602638299998944,3.1408700999691064,spread_cv,p2p-Gnutella08,9
0.7770504432573537,0.912210457403062,0.1774193548387097,0.5063694267515924,0.739867088728412,3,node+edge+subgraph+dynamic,170,2.6570595000011963,3.1408700999691064,spread_cv,p2p-Gnutella08,0
0.7765538948221931,0.9117332642652844,0.1451612903225806,0.5127388535031847,0.7394990292490086,3,node+edge+subgraph+dynamic,170,3.000787700002548,3.1408700999691064,spread_cv,p2p-Gnutella08,1
0.7780192529077947,0.91237266117145,0.1451612903225806,0.5095541401273885,0.7376192651833359,3,node+edge+subgraph+dynamic,170,2.953509600003599,3.1408700999691064,spread_cv,p2p-Gnutella08,2
0.7768026612820794,0.912239995723083,0.2258064516129032,0.4872611464968153,0.7359867934727582,3,node+edge+subgraph+dynamic,170,2.775426399995922,3.1408700999691064,spread_cv,p2p-Gnutella08,3
0.7771558231074885,0.9126571589540996,0.1612903225806451,0.4936305732484076,0.7363910685021344,3,node+edge+subgraph+dynamic,170,2.598897899995791,3.1408700999691064,spread_cv,p2p-Gnutella08,4
0.7781841525720977,0.9133681509555897,0.0967741935483871,0.5159235668789809,0.7346449593236409,3,node+edge+subgraph+dynamic,170,2.523012800003926,3.1408700999691064,spread_cv,p2p-Gnutella08,5
0.7765165379067961,0.9120630680813818,0.1935483870967742,0.5127388535031847,0.7414818681687988,3,node+edge+subgraph+dynamic,170,2.596152999998594,3.1408700999691064,spread_cv,p2p-Gnutella08,6
0.7780869299347567,0.9132930868523408,0.1774193548387097,0.4904458598726114,0.7342137461747804,3,node+edge+subgraph+dynamic,170,2.239775299996836,3.1408700999691064,spread_cv,p2p-Gnutella08,7
0.7766769933534515,0.912378175107446,0.1451612903225806,0.5063694267515924,0.7404532003922507,3,node+edge+subgraph+dynamic,170,2.2763736999986577,3.1408700999691064,spread_cv,p2p-Gnutella08,8
0.7779746994169313,0.9124363679609652,0.2258064516129032,0.5191082802547771,0.7394718280725614,3,node+edge+subgraph+dynamic,170,2.331372900000133,3.1408700999691064,spread_cv,p2p-Gnutella08,9
0.8572656306378008,0.9664879481883042,0.7419354838709677,0.7579617834394905,8147.505843582873,0,node,2,0.6349855000007665,3.499999911582563e-05,betweenness,p2p-Gnutella08,0
0.8573587758454276,0.9665625924761172,0.7580645161290323,0.7420382165605095,7785.760820195986,0,node,2,0.5997437999976682,3.499999911582563e-05,betweenness,p2p-Gnutella08,1
0.8562950101530435,0.9663742644666268,0.7419354838709677,0.7547770700636943,7836.192654411678,0,node,2,0.5677967999945395,3.499999911582563e-05,betweenness,p2p-Gnutella08,2
0.8568766649870283,0.9663129184954063,0.7258064516129032,0.7484076433121019,7976.970003316464,0,node,2,0.6009238000042387,3.499999911582563e-05,betweenness,p2p-Gnutella08,3
0.8573289585987196,0.9663507011175828,0.7258064516129032,0.7515923566878981,7909.909145428952,0,node,2,0.599512799999502,3.499999911582563e-05,betweenness,p2p-Gnutella08,4
0.8569731503926243,0.966546378185477,0.7258064516129032,0.7452229299363057,8166.337608694551,0,node,2,0.6070102000012412,3.499999911582563e-05,betweenness,p2p-Gnutella08,5
0.8565809970441801,0.966349559234378,0.7419354838709677,0.7484076433121019,7967.396374901396,0,node,2,0.6001537999982247,3.499999911582563e-05,betweenness,p2p-Gnutella08,6
0.8566273063493285,0.9662269461970888,0.7419354838709677,0.7452229299363057,7760.578289058164,0,node,2,0.5973498999956064,3.499999911582563e-05,betweenness,p2p-Gnutella08,7
0.8573627332935514,0.9665624332774848,0.7419354838709677,0.7484076433121019,8158.810058066711,0,node,2,0.6185771000018576,3.499999911582563e-05,betweenness,p2p-Gnutella08,8
0.8574605298006072,0.9665590083240648,0.7419354838709677,0.7484076433121019,7981.64851459178,0,node,2,0.6318518000043696,3.499999911582563e-05,betweenness,p2p-Gnutella08,9
0.8572656306378008,0.9664879481883042,0.7419354838709677,0.7579617834394905,8147.505843582873,0,node+edge,2,0.6421015999949304,3.499999911582563e-05,betweenness,p2p-Gnutella08,0
0.8573587758454276,0.9665625924761172,0.7580645161290323,0.7420382165605095,7785.760820195986,0,node+edge,2,0.7051447999983793,3.499999911582563e-05,betweenness,p2p-Gnutella08,1
0.8562950101530435,0.9663742644666268,0.7419354838709677,0.7547770700636943,7836.192654411678,0,node+edge,2,0.7106582999986131,3.499999911582563e-05,betweenness,p2p-Gnutella08,2
0.8568766649870283,0.9663129184954063,0.7258064516129032,0.7484076433121019,7976.970003316464,0,node+edge,2,0.7129107000000658,3.499999911582563e-05,betweenness,p2p-Gnutella08,3
0.8573289585987196,0.9663507011175828,0.7258064516129032,0.7515923566878981,7909.909145428952,0,node+edge,2,0.6837254000056419,3.499999911582563e-05,betweenness,p2p-Gnutella08,4
0.8569731503926243,0.966546378185477,0.7258064516129032,0.7452229299363057,8166.337608694551,0,node+edge,2,0.6620054999948479,3.499999911582563e-05,betweenness,p2p-Gnutella08,5
0.8565809970441801,0.966349559234378,0.7419354838709677,0.7484076433121019,7967.396374901396,0,node+edge,2,0.6111911999978474,3.499999911582563e-05,betweenness,p2p-Gnutella08,6
0.8566273063493285,0.9662269461970888,0.7419354838709677,0.7452229299363057,7760.578289058164,0,node+edge,2,0.6227096000002348,3.499999911582563e-05,betweenness,p2p-Gnutella08,7
0.8573627332935514,0.9665624332774848,0.7419354838709677,0.7484076433121019,8158.810058066711,0,node+edge,2,0.6173597000015434,3.499999911582563e-05,betweenness,p2p-Gnutella08,8
0.8574605298006072,0.9665590083240648,0.7419354838709677,0.7484076433121019,7981.64851459178,0,node+edge,2,0.6283111999946414,3.499999911582563e-05,betweenness,p2p-Gnutella08,9
0.8572656306378008,0.9664879481883042,0.7419354838709677,0.7579617834394905,8147.505843582873,0,node+edge+subgraph,2,0.6337438999980805,3.499999911582563e-05,betweenness,p2p-Gnutella08,0
0.8573587758454276,0.9665625924761172,0.7580645161290323,0.7420382165605095,7785.760820195986,0,node+edge+subgraph,2,0.6035867000027793,3.499999911582563e-05,betweenness,p2p-Gnutella08,1
0.8562950101530435,0.9663742644666268,0.7419354838709677,0.7547770700636943,7836.192654411678,0,node+edge+subgraph,2,0.5875640000012936,3.499999911582563e-05,betweenness,p2p-Gnutella08,2
0.8568766649870283,0.9663129184954063,0.7258064516129032,0.7484076433121019,7976.970003316464,0,node+edge+subgraph,2,0.6022738999963622,3.499999911582563e-05,betweenness,p2p-Gnutella08,3
0.8573289585987196,0.9663507011175828,0.7258064516129032,0.7515923566878981,7909.909145428952,0,node+edge+subgraph,2,0.5713774999967427,3.499999911582563e-05,betweenness,p2p-Gnutella08,4
0.8569731503926243,0.966546378185477,0.7258064516129032,0.7452229299363057,8166.337608694551,0,node+edge+subgraph,2,0.6024073000007775,3.499999911582563e-05,betweenness,p2p-Gnutella08,5
0.8565809970441801,0.966349559234378,0.7419354838709677,0.7484076433121019,7967.396374901396,0,node+edge+subgraph,2,0.601785300001211,3.499999911582563e-05,betweenness,p2p-Gnutella08,6
0.8566273063493285,0.9662269461970888,0.7419354838709677,0.7452229299363057,7760.578289058164,0,node+edge+subgraph,2,0.6008480000018608,3.499999911582563e-05,betweenness,p2p-Gnutella08,7
0.8573627332935514,0.9665624332774848,0.7419354838709677,0.7484076433121019,8158.810058066711,0,node+edge+subgraph,2,0.6305409999986296,3.499999911582563e-05,betweenness,p2p-Gnutella08,8
0.8574605298006072,0.9665590083240648,0.7419354838709677,0.7484076433121019,7981.64851459178,0,node+edge+subgraph,2,0.6311338000014075,3.499999911582563e-05,betweenness,p2p-Gnutella08,9
0.8572656306378008,0.9664879481883042,0.7419354838709677,0.7579617834394905,8147.505843582873,0,node+edge+subgraph+dynamic,2,0.6539478999984567,3.499999911582563e-05,betweenness,p2p-Gnutella08,0
0.8573587758454276,0.9665625924761172,0.7580645161290323,0.7420382165605095,7785.760820195986,0,node+edge+subgraph+dynamic,2,0.6461455000026035,3.499999911582563e-05,betweenness,p2p-Gnutella08,1
0.8562950101530435,0.9663742644666268,0.7419354838709677,0.7547770700636943,7836.192654411678,0,node+edge+subgraph+dynamic,2,0.5971120999965933,3.499999911582563e-05,betweenness,p2p-Gnutella08,2
0.8568766649870283,0.9663129184954063,0.7258064516129032,0.7484076433121019,7976.970003316464,0,node+edge+subgraph+dynamic,2,0.5898952000061399,3.499999911582563e-05,betweenness,p2p-Gnutella08,3
0.8573289585987196,0.9663507011175828,0.7258064516129032,0.7515923566878981,7909.909145428952,0,node+edge+subgraph+dynamic,2,0.6161729999948875,3.499999911582563e-05,betweenness,p2p-Gnutella08,4
0.8569731503926243,0.966546378185477,0.7258064516129032,0.7452229299363057,8166.337608694551,0,node+edge+subgraph+dynamic,2,0.5923880999980611,3.499999911582563e-05,betweenness,p2p-Gnutella08,5
0.8565809970441801,0.966349559234378,0.7419354838709677,0.7484076433121019,7967.396374901396,0,node+edge+subgraph+dynamic,2,0.5946330999940983,3.499999911582563e-05,betweenness,p2p-Gnutella08,6
0.8566273063493285,0.9662269461970888,0.7419354838709677,0.7452229299363057,7760.578289058164,0,node+edge+subgraph+dynamic,2,0.5956724999996368,3.499999911582563e-05,betweenness,p2p-Gnutella08,7
0.8573627332935514,0.9665624332774848,0.7419354838709677,0.7484076433121019,8158.810058066711,0,node+edge+subgraph+dynamic,2,0.6233181999996305,3.499999911582563e-05,betweenness,p2p-Gnutella08,8
0.8574605298006072,0.9665590083240648,0.7419354838709677,0.7484076433121019,7981.64851459178,0,node+edge+subgraph+dynamic,2,0.5880862999983947,3.499999911582563e-05,betweenness,p2p-Gnutella08,9
0.8909508446157817,0.9787503808574932,0.8548387096774194,0.7898089171974523,5982.070183330091,1,node,17,0.8867781999942963,0.6081389000055424,betweenness,p2p-Gnutella08,0
0.8910500881687142,0.9789971787979456,0.8387096774193549,0.7961783439490446,6034.384728423103,1,node,17,0.8798979000057443,0.6081389000055424,betweenness,p2p-Gnutella08,1
0.8902728751883529,0.9787345323476636,0.8225806451612904,0.7866242038216561,5972.470793963231,1,node,17,0.8832423999992898,0.6081389000055424,betweenness,p2p-Gnutella08,2
0.8900836745128137,0.9783651886878888,0.8064516129032258,0.7770700636942676,6284.22566445812,1,node,17,0.8838958999986062,0.6081389000055424,betweenness,p2p-Gnutella08,3
0.8914141612925288,0.9790144118649516,0.8387096774193549,0.7961783439490446,5748.393446724746,1,node,17,0.8332613000020501,0.6081389000055424,betweenness,p2p-Gnutella08,4
0.8914491659725214,0.9789243181557348,0.8064516129032258,0.7802547770700637,6110.040284715351,1,node,17,0.8765925000043353,0.6081389000055424,betweenness,p2p-Gnutella08,5
0.8911954692612211,0.9787609384241536,0.8387096774193549,0.7993630573248408,5533.350649490314,1,node,17,0.8415849000011804,0.6081389000055424,betweenness,p2p-Gnutella08,6
0.8897647666848476,0.9787111729389714,0.8548387096774194,0.7866242038216561,6115.937287169934,1,node,17,0.8564452999999048,0.6081389000055424,betweenness,p2p-Gnutella08,7
0.8907523413600197,0.9785022015509466,0.8225806451612904,0.7929936305732485,5807.43857547037,1,node,17,0.8494186000025366,0.6081389000055424,betweenness,p2p-Gnutella08,8
0.890664327021867,0.978930276620155,0.8225806451612904,0.7802547770700637,5919.571178073491,1,node,17,0.8591983999940567,0.6081389000055424,betweenness,p2p-Gnutella08,9
0.8898489328510172,0.9782771194915504,0.8387096774193549,0.7738853503184714,6005.349752522852,1,node+edge,38,1.0337557000020752,0.861909100005505,betweenness,p2p-Gnutella08,0
0.8886290646910407,0.9775461996716852,0.8709677419354839,0.7898089171974523,5836.300974216465,1,node+edge,38,1.191577799996594,0.861909100005505,betweenness,p2p-Gnutella08,1
0.8888364180457268,0.9777745560082988,0.8225806451612904,0.7898089171974523,5741.362643363976,1,node+edge,38,1.2040751999957138,0.861909100005505,betweenness,p2p-Gnutella08,2
0.8884014551975032,0.9769624224925796,0.8225806451612904,0.7929936305732485,6043.480760383472,1,node+edge,38,1.1154791999942972,0.861909100005505,betweenness,p2p-Gnutella08,3
0.888902102674956,0.9775526081472372,0.8548387096774194,0.7993630573248408,5657.105424559991,1,node+edge,38,1.0189406999998027,0.861909100005505,betweenness,p2p-Gnutella08,4
0.8896525354483528,0.977746394993053,0.8548387096774194,0.7802547770700637,6038.902258457276,1,node+edge,38,1.0530949000021792,0.861909100005505,betweenness,p2p-Gnutella08,5
0.8889301236061575,0.9777189699265388,0.8548387096774194,0.7929936305732485,5689.122570531995,1,node+edge,38,1.0356983000019682,0.861909100005505,betweenness,p2p-Gnutella08,6
0.8890150486759484,0.9778075496724884,0.8387096774193549,0.7834394904458599,5836.472503076216,1,node+edge,38,0.9978570999955992,0.861909100005505,betweenness,p2p-Gnutella08,7
0.8903891099259601,0.9783358489790716,0.8225806451612904,0.7929936305732485,5775.355991968694,1,node+edge,38,1.0181292999986908,0.861909100005505,betweenness,p2p-Gnutella08,8
0.8878558263122756,0.9775292827325358,0.8387096774193549,0.7866242038216561,6024.551894152797,1,node+edge,38,1.0206512000004295,0.861909100005505,betweenness,p2p-Gnutella08,9
0.8944586810004829,0.980114078149014,0.8709677419354839,0.8089171974522293,4859.220622931371,2,node,35,1.085703700002341,1.287088100039,betweenness,p2p-Gnutella08,0
0.8928825457559105,0.9795684369039236,0.8709677419354839,0.8089171974522293,5125.654028867158,2,node,35,1.1216477999987546,1.287088100039,betweenness,p2p-Gnutella08,1
0.8921177347239151,0.9792610679557534,0.8709677419354839,0.7929936305732485,5274.459868997306,2,node,35,1.0376818000004278,1.287088100039,betweenness,p2p-Gnutella08,2
0.8936391319758953,0.9797330902170788,0.8709677419354839,0.802547770700637,5141.42265452458,2,node,35,1.0893174999946496,1.287088100039,betweenness,p2p-Gnutella08,3
0.8937093193812603,0.97977600604213,0.8870967741935484,0.8057324840764332,4902.233174637887,2,node,35,1.1435600999975577,1.287088100039,betweenness,p2p-Gnutella08,4
0.8929108494820227,0.9791951990031174,0.8870967741935484,0.8121019108280255,5147.222742504298,2,node,35,1.058819100006076,1.287088100039,betweenness,p2p-Gnutella08,5
0.8919149714238267,0.97905302197966,0.8709677419354839,0.7961783439490446,4695.45400455063,2,node,35,1.078513499996916,1.287088100039,betweenness,p2p-Gnutella08,6
0.8941809758672926,0.9801545561747516,0.8870967741935484,0.7898089171974523,5024.161999710904,2,node,35,1.1041398999950616,1.287088100039,betweenness,p2p-Gnutella08,7
0.892006911012583,0.979197070800029,0.8387096774193549,0.7929936305732485,4911.506097594668,2,node,35,1.0995490999994215,1.287088100039,betweenness,p2p-Gnutella08,8
0.8930466096355971,0.979440907218961,0.8225806451612904,0.8057324840764332,5064.885250802402,2,node,35,1.0807646999965073,1.287088100039,betweenness,p2p-Gnutella08,9
0.896961760112685,0.9800309800389492,0.8870967741935484,0.8057324840764332,5123.271220050071,2,node+edge,80,1.4513498000014806,1.5408583000389626,betweenness,p2p-Gnutella08,0
0.8943770561108806,0.9793691975008256,0.8709677419354839,0.802547770700637,5204.29079645501,2,node+edge,80,1.3985172000029706,1.5408583000389626,betweenness,p2p-Gnutella08,1
0.8958168116985809,0.9796134651132272,0.8548387096774194,0.7961783439490446,5197.646161735854,2,node+edge,80,1.3950312999950256,1.5408583000389626,betweenness,p2p-Gnutella08,2
0.8937434330640279,0.9787914667299156,0.8548387096774194,0.821656050955414,5146.72090581152,2,node+edge,80,1.3895336000059617,1.5408583000389626,betweenness,p2p-Gnutella08,3
0.8951416762364852,0.9793063375824084,0.8870967741935484,0.802547770700637,5066.290733994591,2,node+edge,80,1.4183153999983915,1.5408583000389626,betweenness,p2p-Gnutella08,4
0.8953978166026285,0.979683559243314,0.9032258064516128,0.8089171974522293,5354.528826760891,2,node+edge,80,1.6198349000042072,1.5408583000389626,betweenness,p2p-Gnutella08,5
0.8937857171407956,0.9790932225520592,0.8709677419354839,0.7929936305732485,5207.870031600634,2,node+edge,80,1.5960405000005269,1.5408583000389626,betweenness,p2p-Gnutella08,6
0.8955125512100738,0.9795091520655232,0.8870967741935484,0.7929936305732485,5081.427729613834,2,node+edge,80,1.6031364999944344,1.5408583000389626,betweenness,p2p-Gnutella08,7
0.894034710835706,0.9790668996295336,0.8870967741935484,0.8121019108280255,4919.987166731114,2,node+edge,80,1.343244700001378,1.5408583000389626,betweenness,p2p-Gnutella08,8
0.8954067008496571,0.9792351559623342,0.8548387096774194,0.8089171974522293,5486.171411532881,2,node+edge,80,1.4452125000025262,1.5408583000389626,betweenness,p2p-Gnutella08,9
0.8970213002368361,0.9799801739563766,0.8870967741935484,0.8184713375796179,4604.754190613535,2,node+edge+subgraph,144,1.957859699999972,2.343988400039052,betweenness,p2p-Gnutella08,0
0.8974532915060783,0.9803282585811748,0.8709677419354839,0.8184713375796179,4662.455015240449,2,node+edge+subgraph,144,1.8682164999991075,2.343988400039052,betweenness,p2p-Gnutella08,1
0.8975268838114209,0.980267672191008,0.8709677419354839,0.8152866242038217,4678.858323159715,2,node+edge+subgraph,144,1.9529724000021813,2.343988400039052,betweenness,p2p-Gnutella08,2
0.897514181347126,0.9805799287069228,0.9032258064516128,0.8184713375796179,4641.540679447017,2,node+edge+subgraph,144,1.9725644999998624,2.343988400039052,betweenness,p2p-Gnutella08,3
0.8978948311428909,0.9806233312311848,0.9032258064516128,0.8152866242038217,4678.06106405421,2,node+edge+subgraph,144,1.9410643000010168,2.343988400039052,betweenness,p2p-Gnutella08,4
0.8964867520062667,0.9801980499521592,0.8870967741935484,0.8152866242038217,4899.739387043965,2,node+edge+subgraph,144,2.045185599999968,2.343988400039052,betweenness,p2p-Gnutella08,5
0.8966986978973962,0.980340751367718,0.8709677419354839,0.8121019108280255,4736.087093096717,2,node+edge+subgraph,144,1.9714153000022636,2.343988400039052,betweenness,p2p-Gnutella08,6
0.897883368514542,0.9807226296899094,0.8870967741935484,0.8121019108280255,4562.357433065988,2,node+edge+subgraph,144,2.0334087000010186,2.343988400039052,betweenness,p2p-Gnutella08,7
0.8971305823742711,0.980617393021992,0.8870967741935484,0.8184713375796179,4755.695616571515,2,node+edge+subgraph,144,1.809318899999198,2.343988400039052,betweenness,p2p-Gnutella08,8
0.8950685839726016,0.9797099677217244,0.8709677419354839,0.8184713375796179,4911.450787077794,2,node+edge+subgraph,144,1.7445738999958849,2.343988400039052,betweenness,p2p-Gnutella08,9
0.8962089838265801,0.979945296221219,0.9032258064516128,0.8152866242038217,4544.258868645672,2,node+edge+subgraph+dynamic,145,1.7426650999987032,2.343988400039052,betweenness,p2p-Gnutella08,0
0.8957226969160216,0.979821380190436,0.9032258064516128,0.821656050955414,4672.201386559285,2,node+edge+subgraph+dynamic,145,1.7602345999985118,2.343988400039052,betweenness,p2p-Gnutella08,1
0.8966920061079255,0.9803139287962784,0.8709677419354839,0.8121019108280255,4696.689830385115,2,node+edge+subgraph+dynamic,145,1.7890773000035551,2.343988400039052,betweenness,p2p-Gnutella08,2
0.8970951495465656,0.9805891214628334,0.9193548387096774,0.8121019108280255,4644.161749150543,2,node+edge+subgraph+dynamic,145,1.813433100003749,2.343988400039052,betweenness,p2p-Gnutella08,3
0.8978877766979791,0.9806895575093532,0.9032258064516128,0.821656050955414,4686.84438302257,2,node+edge+subgraph+dynamic,145,1.9413337000005413,2.343988400039052,betweenness,p2p-Gnutella08,4
0.8962748223214191,0.9799694808100476,0.8709677419354839,0.8280254777070064,4891.513096076632,2,node+edge+subgraph+dynamic,145,1.948846200000844,2.343988400039052,betweenness,p2p-Gnutella08,5
0.8977478823690275,0.9807616537162024,0.8709677419354839,0.8057324840764332,4766.927322950803,2,node+edge+subgraph+dynamic,145,1.788408200001868,2.343988400039052,betweenness,p2p-Gnutella08,6
0.8985954099804628,0.9808434047193793,0.9193548387096774,0.8184713375796179,4602.841271997398,2,node+edge+subgraph+dynamic,145,1.8328503999946408,2.343988400039052,betweenness,p2p-Gnutella08,7
0.8977257345161139,0.980630186260579,0.8709677419354839,0.8280254777070064,4785.639502317284,2,node+edge+subgraph+dynamic,145,1.7395537000047625,2.343988400039052,betweenness,p2p-Gnutella08,8
0.8957491890388602,0.979857204882004,0.8709677419354839,0.8280254777070064,4915.394459795509,2,node+edge+subgraph+dynamic,145,1.852907699998468,2.343988400039052,betweenness,p2p-Gnutella08,9
0.8947822942626505,0.979964407205724,0.8870967741935484,0.8089171974522293,4772.785423055963,3,node,45,0.9222572999933618,2.0839697999690543,betweenness,p2p-Gnutella08,0
0.8938005496489722,0.9796992392962616,0.8870967741935484,0.8121019108280255,5076.122797912462,3,node,45,0.9472028000018328,2.0839697999690543,betweenness,p2p-Gnutella08,1
0.89403380791059,0.9799524701720468,0.8709677419354839,0.7993630573248408,5284.895980819092,3,node,45,0.9395854999966105,2.0839697999690543,betweenness,p2p-Gnutella08,2
0.8929544779406582,0.979324328860492,0.8225806451612904,0.8089171974522293,5124.300925214435,3,node,45,0.9475124000018696,2.0839697999690543,betweenness,p2p-Gnutella08,3
0.8942796923253721,0.9797945318078504,0.8387096774193549,0.8089171974522293,4965.616581299801,3,node,45,0.918431199999759,2.0839697999690543,betweenness,p2p-Gnutella08,4
0.8934877002776256,0.9792974244469178,0.8548387096774194,0.8057324840764332,5430.921577358688,3,node,45,1.0273663999978453,2.0839697999690543,betweenness,p2p-Gnutella08,5
0.8947491714385961,0.9800808423224914,0.8709677419354839,0.8057324840764332,4693.975270629017,3,node,45,1.112283700000262,2.0839697999690543,betweenness,p2p-Gnutella08,6
0.8940057120698447,0.9797047332804638,0.8870967741935484,0.7961783439490446,5065.305597010039,3,node,45,1.088990099997318,2.0839697999690543,betweenness,p2p-Gnutella08,7
0.8933443230756428,0.9797386088003632,0.8387096774193549,0.8184713375796179,4939.925346056176,3,node,45,0.9947743000011542,2.0839697999690543,betweenness,p2p-Gnutella08,8
0.892772359767637,0.9793127842428224,0.8709677419354839,0.8184713375796179,5158.774798893428,3,node,45,0.994342300000426,2.0839697999690543,betweenness,p2p-Gnutella08,9
0.8941500669292609,0.9789162709215632,0.8548387096774194,0.8057324840764332,5052.7529026237935,3,node+edge,93,1.6495814999943832,2.337739999969017,betweenness,p2p-Gnutella08,0
0.8944076913761349,0.9791798745877016,0.8548387096774194,0.8089171974522293,5045.339155714985,3,node+edge,93,1.5760260000024573,2.337739999969017,betweenness,p2p-Gnutella08,1
0.8960969980677356,0.9796066729750528,0.8387096774193549,0.7961783439490446,5113.457714771516,3,node+edge,93,1.834069000004092,2.337739999969017,betweenness,p2p-Gnutella08,2
0.8936262245677797,0.9784492110983052,0.8548387096774194,0.8184713375796179,5102.975791942877,3,node+edge,93,1.8426592000032544,2.337739999969017,betweenness,p2p-Gnutella08,3
0.8954414916300295,0.9794946630501412,0.8709677419354839,0.8089171974522293,4991.829904893991,3,node+edge,93,1.8008700999998837,2.337739999969017,betweenness,p2p-Gnutella08,4
0.8954423282209834,0.9796205731863168,0.8870967741935484,0.8152866242038217,5350.079891871497,3,node+edge,93,2.057355600001756,2.337739999969017,betweenness,p2p-Gnutella08,5
0.8952304804744553,0.9795530020682596,0.8548387096774194,0.8089171974522293,5174.813254408756,3,node+edge,93,1.8952331000036795,2.337739999969017,betweenness,p2p-Gnutella08,6
0.8946334346642824,0.9791181370713732,0.9032258064516128,0.8089171974522293,5050.00394170331,3,node+edge,93,1.798287600002368,2.337739999969017,betweenness,p2p-Gnutella08,7
0.8953316717684692,0.9797718614481332,0.8709677419354839,0.8121019108280255,4941.951418959653,3,node+edge,93,1.8012705000001006,2.337739999969017,betweenness,p2p-Gnutella08,8
0.8945401592464821,0.97892780221411,0.8709677419354839,0.8089171974522293,5421.077898264743,3,node+edge,93,1.7511702999981935,2.337739999969017,betweenness,p2p-Gnutella08,9
0.8980426858451742,0.9806810206087536,0.8870967741935484,0.8121019108280255,4594.215243093635,3,node+edge+subgraph,168,2.849946899994393,3.1408700999691064,betweenness,p2p-Gnutella08,0
0.8963501105644361,0.9798172213216668,0.8870967741935484,0.8089171974522293,4614.790174904631,3,node+edge+subgraph,168,2.6033282999997027,3.1408700999691064,betweenness,p2p-Gnutella08,1
0.8973698686748103,0.9804655151512274,0.8548387096774194,0.802547770700637,4686.455001277823,3,node+edge+subgraph,168,2.572871500000474,3.1408700999691064,betweenness,p2p-Gnutella08,2
0.8963865180734792,0.9799894571117328,0.9032258064516128,0.821656050955414,4681.475674591968,3,node+edge+subgraph,168,2.6368602000002284,3.1408700999691064,betweenness,p2p-Gnutella08,3
0.8985155550245544,0.980639259239197,0.9193548387096774,0.821656050955414,4625.655497067086,3,node+edge+subgraph,168,2.631474399997387,3.1408700999691064,betweenness,p2p-Gnutella08,4
0.8981763092979399,0.980676183363173,0.8709677419354839,0.8184713375796179,4859.066483556643,3,node+edge+subgraph,168,2.6025780999989365,3.1408700999691064,betweenness,p2p-Gnutella08,5
0.8971352667160551,0.9801633058234857,0.8870967741935484,0.8089171974522293,4766.80130798509,3,node+edge+subgraph,168,2.6954976999986684,3.1408700999691064,betweenness,p2p-Gnutella08,6
0.8984697434344019,0.9807829306467842,0.9032258064516128,0.8280254777070064,4539.729846918603,3,node+edge+subgraph,168,2.894584499998018,3.1408700999691064,betweenness,p2p-Gnutella08,7
0.8985463657067249,0.981221889440986,0.8548387096774194,0.8248407643312102,4668.262834515567,3,node+edge+subgraph,168,2.9756263000017498,3.1408700999691064,betweenness,p2p-Gnutella08,8
0.8982658115906421,0.9806249805620298,0.8548387096774194,0.8184713375796179,4972.006823567661,3,node+edge+subgraph,168,2.697372900001937,3.1408700999691064,betweenness,p2p-Gnutella08,9
0.8982489584972616,0.9807923372279226,0.8870967741935484,0.8089171974522293,4626.29986708859,3,node+edge+subgraph+dynamic,170,2.7151558000041405,3.1408700999691064,betweenness,p2p-Gnutella08,0
0.8961020293759043,0.9798116710790136,0.8870967741935484,0.8152866242038217,4636.753448683213,3,node+edge+subgraph+dynamic,170,2.2700593000045046,3.1408700999691064,betweenness,p2p-Gnutella08,1
0.8974466188622751,0.9804332365992944,0.8548387096774194,0.8152866242038217,4659.831313101945,3,node+edge+subgraph+dynamic,170,2.815153800002008,3.1408700999691064,betweenness,p2p-Gnutella08,2
0.8967039806634765,0.9799562953074034,0.9032258064516128,0.8152866242038217,4636.240991059209,3,node+edge+subgraph+dynamic,170,2.6769891000003554,3.1408700999691064,betweenness,p2p-Gnutella08,3
0.8976949678140796,0.9804475861237776,0.9193548387096774,0.8248407643312102,4645.378350385771,3,node+edge+subgraph+dynamic,170,2.6477685000063502,3.1408700999691064,betweenness,p2p-Gnutella08,4
0.8978675299952433,0.9805354875102268,0.8709677419354839,0.8121019108280255,4916.871143857026,3,node+edge+subgraph+dynamic,170,2.4541700999980094,3.1408700999691064,betweenness,p2p-Gnutella08,5
0.8974161713335904,0.9802998462289636,0.8870967741935484,0.8152866242038217,4773.452674670743,3,node+edge+subgraph+dynamic,170,2.5478424999964773,3.1408700999691064,betweenness,p2p-Gnutella08,6
0.897753277904664,0.9805642048755852,0.9032258064516128,0.8121019108280255,4502.321091464224,3,node+edge+subgraph+dynamic,170,2.508100099999865,3.1408700999691064,betweenness,p2p-Gnutella08,7
0.8983148365655119,0.9810022414845496,0.8709677419354839,0.821656050955414,4662.959058672059,3,node+edge+subgraph+dynamic,170,2.8708766999989166,3.1408700999691064,betweenness,p2p-Gnutella08,8
0.8973683511989137,0.980390180250801,0.8548387096774194,0.8057324840764332,4930.836616120834,3,node+edge+subgraph+dynamic,170,2.965019700000994,3.1408700999691064,betweenness,p2p-Gnutella08,9
0.1424702706029222,0.210495851276794,0.032258064516129,0.1401273885350318,0.0938368123880218,0,node,2,0.6753699000037159,3.499999911582563e-05,spread_resid,p2p-Gnutella08,0
0.1372658450356115,0.2022227745679966,0.0,0.1401273885350318,0.0938024176497453,0,node,2,0.6779150000002119,3.499999911582563e-05,spread_resid,p2p-Gnutella08,1
0.1420340059146166,0.2089792250906787,0.032258064516129,0.1305732484076433,0.0938698121125473,0,node,2,0.6495672000019113,3.499999911582563e-05,spread_resid,p2p-Gnutella08,2
0.1430901572272118,0.2109861914811153,0.0483870967741935,0.1305732484076433,0.0938013484946847,0,node,2,0.6624246999999741,3.499999911582563e-05,spread_resid,p2p-Gnutella08,3
0.1410662098978468,0.2080154628293749,0.0483870967741935,0.1305732484076433,0.0938200912520795,0,node,2,0.6059224999989965,3.499999911582563e-05,spread_resid,p2p-Gnutella08,4
0.1406377675651456,0.2057725826675674,0.0161290322580645,0.1337579617834395,0.0938188684824452,0,node,2,0.6110751999949571,3.499999911582563e-05,spread_resid,p2p-Gnutella08,5
0.1355436193421527,0.1999866460746591,0.032258064516129,0.0987261146496815,0.0939776099371944,0,node,2,0.6127450999993016,3.499999911582563e-05,spread_resid,p2p-Gnutella08,6
0.1407540500712578,0.2056618433737072,0.0806451612903225,0.1464968152866242,0.0938565576303889,0,node,2,0.5790677000040887,3.499999911582563e-05,spread_resid,p2p-Gnutella08,7
0.1361980248986337,0.1995900549660756,0.0161290322580645,0.1178343949044586,0.0938577475416173,0,node,2,0.644950499998231,3.499999911582563e-05,spread_resid,p2p-Gnutella08,8
0.1392491624034419,0.2050575606678878,0.0161290322580645,0.1273885350318471,0.0938586358710615,0,node,2,0.6387680999978329,3.499999911582563e-05,spread_resid,p2p-Gnutella08,9
0.1424702706029222,0.210495851276794,0.032258064516129,0.1401273885350318,0.0938368123880218,0,node+edge,2,0.6091587000046275,3.499999911582563e-05,spread_resid,p2p-Gnutella08,0
0.1372658450356115,0.2022227745679966,0.0,0.1401273885350318,0.0938024176497453,0,node+edge,2,0.636563499996555,3.499999911582563e-05,spread_resid,p2p-Gnutella08,1
0.1420340059146166,0.2089792250906787,0.032258064516129,0.1305732484076433,0.0938698121125473,0,node+edge,2,0.6603739999991376,3.499999911582563e-05,spread_resid,p2p-Gnutella08,2
0.1430901572272118,0.2109861914811153,0.0483870967741935,0.1305732484076433,0.0938013484946847,0,node+edge,2,0.6531388000003062,3.499999911582563e-05,spread_resid,p2p-Gnutella08,3
0.1410662098978468,0.2080154628293749,0.0483870967741935,0.1305732484076433,0.0938200912520795,0,node+edge,2,0.650749899999937,3.499999911582563e-05,spread_resid,p2p-Gnutella08,4
0.1406377675651456,0.2057725826675674,0.0161290322580645,0.1337579617834395,0.0938188684824452,0,node+edge,2,0.6395005000013043,3.499999911582563e-05,spread_resid,p2p-Gnutella08,5
0.1355436193421527,0.1999866460746591,0.032258064516129,0.0987261146496815,0.0939776099371944,0,node+edge,2,0.7035202999977628,3.499999911582563e-05,spread_resid,p2p-Gnutella08,6
0.1407540500712578,0.2056618433737072,0.0806451612903225,0.1464968152866242,0.0938565576303889,0,node+edge,2,0.710288499998569,3.499999911582563e-05,spread_resid,p2p-Gnutella08,7
0.1361980248986337,0.1995900549660756,0.0161290322580645,0.1178343949044586,0.0938577475416173,0,node+edge,2,0.6799088999978267,3.499999911582563e-05,spread_resid,p2p-Gnutella08,8
0.1392491624034419,0.2050575606678878,0.0161290322580645,0.1273885350318471,0.0938586358710615,0,node+edge,2,0.6672200000029989,3.499999911582563e-05,spread_resid,p2p-Gnutella08,9
0.1424702706029222,0.210495851276794,0.032258064516129,0.1401273885350318,0.0938368123880218,0,node+edge+subgraph,2,0.6790867999952752,3.499999911582563e-05,spread_resid,p2p-Gnutella08,0
0.1372658450356115,0.2022227745679966,0.0,0.1401273885350318,0.0938024176497453,0,node+edge+subgraph,2,0.6350884000057704,3.499999911582563e-05,spread_resid,p2p-Gnutella08,1
0.1420340059146166,0.2089792250906787,0.032258064516129,0.1305732484076433,0.0938698121125473,0,node+edge+subgraph,2,0.6355599000016809,3.499999911582563e-05,spread_resid,p2p-Gnutella08,2
0.1430901572272118,0.2109861914811153,0.0483870967741935,0.1305732484076433,0.0938013484946847,0,node+edge+subgraph,2,0.6086064999981318,3.499999911582563e-05,spread_resid,p2p-Gnutella08,3
0.1410662098978468,0.2080154628293749,0.0483870967741935,0.1305732484076433,0.0938200912520795,0,node+edge+subgraph,2,0.6636033000031603,3.499999911582563e-05,spread_resid,p2p-Gnutella08,4
0.1406377675651456,0.2057725826675674,0.0161290322580645,0.1337579617834395,0.0938188684824452,0,node+edge+subgraph,2,0.7056893999979366,3.499999911582563e-05,spread_resid,p2p-Gnutella08,5
0.1355436193421527,0.1999866460746591,0.032258064516129,0.0987261146496815,0.0939776099371944,0,node+edge+subgraph,2,0.6711808999971254,3.499999911582563e-05,spread_resid,p2p-Gnutella08,6
0.1407540500712578,0.2056618433737072,0.0806451612903225,0.1464968152866242,0.0938565576303889,0,node+edge+subgraph,2,0.6894656000004034,3.499999911582563e-05,spread_resid,p2p-Gnutella08,7
0.1361980248986337,0.1995900549660756,0.0161290322580645,0.1178343949044586,0.0938577475416173,0,node+edge+subgraph,2,0.6529795000024023,3.499999911582563e-05,spread_resid,p2p-Gnutella08,8
0.1392491624034419,0.2050575606678878,0.0161290322580645,0.1273885350318471,0.0938586358710615,0,node+edge+subgraph,2,0.6365282999977353,3.499999911582563e-05,spread_resid,p2p-Gnutella08,9
0.1424702706029222,0.210495851276794,0.032258064516129,0.1401273885350318,0.0938368123880218,0,node+edge+subgraph+dynamic,2,0.6488433999984409,3.499999911582563e-05,spread_resid,p2p-Gnutella08,0
0.1372658450356115,0.2022227745679966,0.0,0.1401273885350318,0.0938024176497453,0,node+edge+subgraph+dynamic,2,0.6274191999982577,3.499999911582563e-05,spread_resid,p2p-Gnutella08,1
0.1420340059146166,0.2089792250906787,0.032258064516129,0.1305732484076433,0.0938698121125473,0,node+edge+subgraph+dynamic,2,0.6532601999933831,3.499999911582563e-05,spread_resid,p2p-Gnutella08,2
0.1430901572272118,0.2109861914811153,0.0483870967741935,0.1305732484076433,0.0938013484946847,0,node+edge+subgraph+dynamic,2,0.6847557999935816,3.499999911582563e-05,spread_resid,p2p-Gnutella08,3
0.1410662098978468,0.2080154628293749,0.0483870967741935,0.1305732484076433,0.0938200912520795,0,node+edge+subgraph+dynamic,2,0.7792539000001852,3.499999911582563e-05,spread_resid,p2p-Gnutella08,4
0.1406377675651456,0.2057725826675674,0.0161290322580645,0.1337579617834395,0.0938188684824452,0,node+edge+subgraph+dynamic,2,0.7532376000017393,3.499999911582563e-05,spread_resid,p2p-Gnutella08,5
0.1355436193421527,0.1999866460746591,0.032258064516129,0.0987261146496815,0.0939776099371944,0,node+edge+subgraph+dynamic,2,0.7734888999984832,3.499999911582563e-05,spread_resid,p2p-Gnutella08,6
0.1407540500712578,0.2056618433737072,0.0806451612903225,0.1464968152866242,0.0938565576303889,0,node+edge+subgraph+dynamic,2,0.7399179999993066,3.499999911582563e-05,spread_resid,p2p-Gnutella08,7
0.1361980248986337,0.1995900549660756,0.0161290322580645,0.1178343949044586,0.0938577475416173,0,node+edge+subgraph+dynamic,2,0.7473510000054375,3.499999911582563e-05,spread_resid,p2p-Gnutella08,8
0.1392491624034419,0.2050575606678878,0.0161290322580645,0.1273885350318471,0.0938586358710615,0,node+edge+subgraph+dynamic,2,0.6341958999983035,3.499999911582563e-05,spread_resid,p2p-Gnutella08,9
0.2606080540502345,0.3619811697757221,0.1451612903225806,0.3503184713375796,0.0932511716527655,1,node,17,0.9180085999978472,0.6081389000055424,spread_resid,p2p-Gnutella08,0
0.2567439182002429,0.3583220520764035,0.1774193548387097,0.3630573248407643,0.0919110240654821,1,node,17,0.9155396999994992,0.6081389000055424,spread_resid,p2p-Gnutella08,1
0.2577689571032523,0.3587876827054845,0.1451612903225806,0.340764331210191,0.0933253591097657,1,node,17,0.9432092999995804,0.6081389000055424,spread_resid,p2p-Gnutella08,2
0.255777077678415,0.3559095373219841,0.0967741935483871,0.3280254777070063,0.0935947712729592,1,node,17,0.9140329000001656,0.6081389000055424,spread_resid,p2p-Gnutella08,3
0.2623159329461818,0.3645597849058625,0.0967741935483871,0.3662420382165605,0.0925522135097153,1,node,17,0.9023130999994464,0.6081389000055424,spread_resid,p2p-Gnutella08,4
0.2520465460601138,0.3505374426860114,0.1290322580645161,0.3503184713375796,0.0939140327375442,1,node,17,0.9935574999981328,0.6081389000055424,spread_resid,p2p-Gnutella08,5
0.2578751529161862,0.3589394959531852,0.1612903225806451,0.3343949044585987,0.0931924860597615,1,node,17,0.9357538999975076,0.6081389000055424,spread_resid,p2p-Gnutella08,6
0.2570591762853937,0.3575863653853043,0.1290322580645161,0.3566878980891719,0.0932560732379809,1,node,17,0.9152634999991278,0.6081389000055424,spread_resid,p2p-Gnutella08,7
0.2560899222692577,0.3559445603542788,0.1290322580645161,0.3343949044585987,0.0931759523901076,1,node,17,0.9290016000013566,0.6081389000055424,spread_resid,p2p-Gnutella08,8
0.2581498951779437,0.3581906222041935,0.1774193548387097,0.3503184713375796,0.0930154956586256,1,node,17,0.901471400000446,0.6081389000055424,spread_resid,p2p-Gnutella08,9
0.2579586473508672,0.3589016221830595,0.1451612903225806,0.3535031847133758,0.0933041646254827,1,node+edge,38,1.119755100000475,0.861909100005505,spread_resid,p2p-Gnutella08,0
0.2562333519404604,0.3576204993323525,0.1774193548387097,0.3630573248407643,0.0919473172857886,1,node+edge,38,1.1981020999955945,0.861909100005505,spread_resid,p2p-Gnutella08,1
0.2550606893512765,0.3552943300174878,0.1451612903225806,0.3535031847133758,0.0933270996053911,1,node+edge,38,1.0823139999993143,0.861909100005505,spread_resid,p2p-Gnutella08,2
0.2512619303567514,0.35015143718011,0.0967741935483871,0.3312101910828025,0.0936478616465808,1,node+edge,38,0.9917560999965644,0.861909100005505,spread_resid,p2p-Gnutella08,3
0.2594735755369408,0.360480687089926,0.0967741935483871,0.3598726114649681,0.0925752325081471,1,node+edge,38,1.0045778999992765,0.861909100005505,spread_resid,p2p-Gnutella08,4
0.250753009125543,0.3490597789428759,0.1290322580645161,0.3503184713375796,0.0939375624642692,1,node+edge,38,1.021657099998265,0.861909100005505,spread_resid,p2p-Gnutella08,5
0.2574796273939478,0.3579503000854264,0.1451612903225806,0.340764331210191,0.093206925774655,1,node+edge,38,1.0649828000023265,0.861909100005505,spread_resid,p2p-Gnutella08,6
0.2572365723985034,0.357782855459278,0.1290322580645161,0.3694267515923566,0.093316032650565,1,node+edge,38,1.1008860000001732,0.861909100005505,spread_resid,p2p-Gnutella08,7
0.2551518284014024,0.3543217163206151,0.1290322580645161,0.3375796178343949,0.0931746916192397,1,node+edge,38,1.1061531000013929,0.861909100005505,spread_resid,p2p-Gnutella08,8
0.2574150873757918,0.3574661544450038,0.1612903225806451,0.3535031847133758,0.0930231960686236,1,node+edge,38,1.1032257999977446,0.861909100005505,spread_resid,p2p-Gnutella08,9
0.3631473732584378,0.4925873934588383,0.1935483870967742,0.3439490445859872,0.0948956579340096,2,node,35,1.0587360999998054,1.287088100039,spread_resid,p2p-Gnutella08,0
0.3618568349201491,0.4921147531315962,0.1935483870967742,0.3280254777070063,0.0942593469776884,2,node,35,1.0187109999969834,1.287088100039,spread_resid,p2p-Gnutella08,1
0.3577632708691624,0.4865033800338749,0.2419354838709677,0.3439490445859872,0.0955160767884081,2,node,35,1.0800543000004836,1.287088100039,spread_resid,p2p-Gnutella08,2
0.3666637778019691,0.4998599620455726,0.2096774193548387,0.340764331210191,0.094765176916186,2,node,35,1.064608400003635,1.287088100039,spread_resid,p2p-Gnutella08,3
0.3627014236548943,0.4929206860566621,0.1935483870967742,0.3535031847133758,0.0946547314388704,2,node,35,1.0274987000011606,1.287088100039,spread_resid,p2p-Gnutella08,4
0.364199646002097,0.4967493238927588,0.1935483870967742,0.3343949044585987,0.0951501259446185,2,node,35,1.1282124999997905,1.287088100039,spread_resid,p2p-Gnutella08,5
0.3600523949303817,0.4891072571149278,0.1774193548387097,0.3471337579617834,0.0956054299039856,2,node,35,1.136808099996415,1.287088100039,spread_resid,p2p-Gnutella08,6
0.3579550216388797,0.4865585584212614,0.2096774193548387,0.340764331210191,0.095338848978115,2,node,35,1.1343984999984968,1.287088100039,spread_resid,p2p-Gnutella08,7
0.3680421651412247,0.50117695801646,0.2419354838709677,0.3503184713375796,0.0935089480041766,2,node,35,0.9663847999981954,1.287088100039,spread_resid,p2p-Gnutella08,8
0.3640227805495153,0.4967834246236101,0.2419354838709677,0.3312101910828025,0.0937271370331488,2,node,35,1.0876553999987664,1.287088100039,spread_resid,p2p-Gnutella08,9
0.3637874620919543,0.4944818297589268,0.2096774193548387,0.3471337579617834,0.0951951238643621,2,node+edge,80,1.321601700001338,1.5408583000389626,spread_resid,p2p-Gnutella08,0
0.3650064502833274,0.4958999819190152,0.1935483870967742,0.3280254777070063,0.0945608146292343,2,node+edge,80,1.5367276000033598,1.5408583000389626,spread_resid,p2p-Gnutella08,1
0.362023610131009,0.4923795357963409,0.2258064516129032,0.3312101910828025,0.0961068935616674,2,node+edge,80,1.3445897999990848,1.5408583000389626,spread_resid,p2p-Gnutella08,2
0.367152850922255,0.4986613747680547,0.1612903225806451,0.3503184713375796,0.0954225465755908,2,node+edge,80,1.370115199999418,1.5408583000389626,spread_resid,p2p-Gnutella08,3
0.3629294234120959,0.4930982200906389,0.2096774193548387,0.3535031847133758,0.0945914354434506,2,node+edge,80,1.4138614000039524,1.5408583000389626,spread_resid,p2p-Gnutella08,4
0.3697050541348115,0.5041463477145732,0.1935483870967742,0.3471337579617834,0.0948955171673587,2,node+edge,80,1.4124609999998938,1.5408583000389626,spread_resid,p2p-Gnutella08,5
0.3591480115416471,0.4873955613951302,0.1451612903225806,0.3503184713375796,0.0957841943564542,2,node+edge,80,1.3290410000045083,1.5408583000389626,spread_resid,p2p-Gnutella08,6
0.3592376159397731,0.4872163796640962,0.2096774193548387,0.340764331210191,0.0954028997081961,2,node+edge,80,1.346406799995748,1.5408583000389626,spread_resid,p2p-Gnutella08,7
0.3668115599785941,0.4990993010069972,0.2258064516129032,0.3566878980891719,0.094166620302147,2,node+edge,80,1.4490048000006936,1.5408583000389626,spread_resid,p2p-Gnutella08,8
0.3684330225592772,0.5023054792722025,0.2258064516129032,0.3535031847133758,0.0938067715714838,2,node+edge,80,1.460694199995487,1.5408583000389626,spread_resid,p2p-Gnutella08,9
0.3690504581766704,0.500723946029639,0.1612903225806451,0.3503184713375796,0.0955961605153509,2,node+edge+subgraph,144,2.106550700002117,2.343988400039052,spread_resid,p2p-Gnutella08,0
0.3627580850045662,0.4919645909954762,0.2096774193548387,0.3439490445859872,0.0945750719667293,2,node+edge+subgraph,144,1.9031363000030976,2.343988400039052,spread_resid,p2p-Gnutella08,1
0.3610972762483013,0.4896927103125272,0.2258064516129032,0.3503184713375796,0.0972026488895422,2,node+edge+subgraph,144,1.7842601999946055,2.343988400039052,spread_resid,p2p-Gnutella08,2
0.3683207166926672,0.4988856161705451,0.1612903225806451,0.3566878980891719,0.0961928793836003,2,node+edge+subgraph,144,1.8090722000051755,2.343988400039052,spread_resid,p2p-Gnutella08,3
0.3660361812472834,0.4949420847779993,0.2096774193548387,0.3598726114649681,0.0949278005275467,2,node+edge+subgraph,144,1.7958524999994552,2.343988400039052,spread_resid,p2p-Gnutella08,4
0.3670657727840299,0.4989395226762551,0.2096774193548387,0.3630573248407643,0.0956732036780582,2,node+edge+subgraph,144,2.127493999993021,2.343988400039052,spread_resid,p2p-Gnutella08,5
0.3630424539897224,0.4918339812583117,0.1935483870967742,0.3598726114649681,0.0969020812682544,2,node+edge+subgraph,144,1.9815543000004252,2.343988400039052,spread_resid,p2p-Gnutella08,6
0.3548454388231132,0.4814135088535622,0.2096774193548387,0.3503184713375796,0.0967225843214999,2,node+edge+subgraph,144,1.9783786999978477,2.343988400039052,spread_resid,p2p-Gnutella08,7
0.3690360559153783,0.4997926466054143,0.2419354838709677,0.3471337579617834,0.0950053759145455,2,node+edge+subgraph,144,2.1435772000040743,2.343988400039052,spread_resid,p2p-Gnutella08,8
0.3649190633467127,0.4958356482846784,0.1935483870967742,0.3471337579617834,0.0949198012680497,2,node+edge+subgraph,144,2.0213440999941668,2.343988400039052,spread_resid,p2p-Gnutella08,9
0.367872928755165,0.4996615470280857,0.1612903225806451,0.3535031847133758,0.095762807295348,2,node+edge+subgraph+dynamic,145,1.9088574999987031,2.343988400039052,spread_resid,p2p-Gnutella08,0
0.3628176568211411,0.4909218230520498,0.2096774193548387,0.3503184713375796,0.0943829927431141,2,node+edge+subgraph+dynamic,145,2.018189099995652,2.343988400039052,spread_resid,p2p-Gnutella08,1
0.3631377957460122,0.4919430414089101,0.2258064516129032,0.3439490445859872,0.0969731846451122,2,node+edge+subgraph+dynamic,145,1.892241000001377,2.343988400039052,spread_resid,p2p-Gnutella08,2
0.3684257559990332,0.5002052663823355,0.1774193548387097,0.340764331210191,0.0957413721508737,2,node+edge+subgraph+dynamic,145,2.002144199999748,2.343988400039052,spread_resid,p2p-Gnutella08,3
0.3654898930648488,0.4942681550393918,0.1774193548387097,0.3566878980891719,0.0953577906304182,2,node+edge+subgraph+dynamic,145,1.7817231000008178,2.343988400039052,spread_resid,p2p-Gnutella08,4
0.3694260082826388,0.5017140388692892,0.1935483870967742,0.3694267515923566,0.0952981696676915,2,node+edge+subgraph+dynamic,145,1.8301695000045584,2.343988400039052,spread_resid,p2p-Gnutella08,5
0.3641291381524055,0.4938824919738659,0.1612903225806451,0.3566878980891719,0.0971168914948772,2,node+edge+subgraph+dynamic,145,1.7852980000025127,2.343988400039052,spread_resid,p2p-Gnutella08,6
0.3567220936016739,0.4834920294101478,0.2096774193548387,0.3566878980891719,0.0966139460036903,2,node+edge+subgraph+dynamic,145,1.919252300001972,2.343988400039052,spread_resid,p2p-Gnutella08,7
0.3694515830801075,0.5008828532060646,0.2096774193548387,0.3535031847133758,0.0946899631392331,2,node+edge+subgraph+dynamic,145,1.844945299999381,2.343988400039052,spread_resid,p2p-Gnutella08,8
0.3656528775117079,0.497470429686471,0.2258064516129032,0.3471337579617834,0.0947462612714347,2,node+edge+subgraph+dynamic,145,1.9086787999985968,2.343988400039052,spread_resid,p2p-Gnutella08,9
0.4204226717680488,0.5591805152899342,0.1612903225806451,0.3694267515923566,0.096209944607654,3,node,45,1.3639280999996115,2.0839697999690543,spread_resid,p2p-Gnutella08,0
0.4159198653573874,0.5523167028411683,0.2096774193548387,0.375796178343949,0.0939878227455502,3,node,45,1.1642763999989256,2.0839697999690543,spread_resid,p2p-Gnutella08,1
0.4164773235240756,0.551654571533853,0.1774193548387097,0.375796178343949,0.0961479950848129,3,node,45,1.0600095999980113,2.0839697999690543,spread_resid,p2p-Gnutella08,2
0.4215105697303847,0.5604833705109977,0.1935483870967742,0.3949044585987261,0.094320386397117,3,node,45,1.0807270000004792,2.0839697999690543,spread_resid,p2p-Gnutella08,3
0.4137378441952506,0.5495573299692735,0.2258064516129032,0.3821656050955414,0.0940136951503847,3,node,45,1.187461900000926,2.0839697999690543,spread_resid,p2p-Gnutella08,4
0.4149731059254672,0.5508998533572023,0.1612903225806451,0.3694267515923566,0.0958733918061268,3,node,45,1.1307565000024624,2.0839697999690543,spread_resid,p2p-Gnutella08,5
0.4152768903803597,0.5511426571080762,0.1774193548387097,0.3726114649681528,0.0946545622447559,3,node,45,1.0808734000020197,2.0839697999690543,spread_resid,p2p-Gnutella08,6
0.4056245864940562,0.5364487227896702,0.1935483870967742,0.3917197452229299,0.0964638514371967,3,node,45,1.075525000000198,2.0839697999690543,spread_resid,p2p-Gnutella08,7
0.4157053340370521,0.5519096754189555,0.2096774193548387,0.3821656050955414,0.0948842061524449,3,node,45,1.0753199999962817,2.0839697999690543,spread_resid,p2p-Gnutella08,8
0.4180247963250553,0.5541932694960164,0.2258064516129032,0.375796178343949,0.0933593345741021,3,node,45,1.128146700000798,2.0839697999690543,spread_resid,p2p-Gnutella08,9
0.422528933702166,0.5606832714006046,0.1774193548387097,0.3662420382165605,0.0955801542823077,3,node+edge,93,1.5167218999995384,2.337739999969017,spread_resid,p2p-Gnutella08,0
0.4188949386814257,0.5564232439939469,0.1774193548387097,0.3789808917197452,0.094368378186038,3,node+edge,93,1.5306638999973077,2.337739999969017,spread_resid,p2p-Gnutella08,1
0.4174447053944504,0.5526126975629196,0.2258064516129032,0.3980891719745223,0.0958391644830983,3,node+edge,93,1.5284371000016108,2.337739999969017,spread_resid,p2p-Gnutella08,2
0.4231482165098987,0.5618905858749691,0.2096774193548387,0.3853503184713376,0.0943519669441439,3,node+edge,93,1.637417300000379,2.337739999969017,spread_resid,p2p-Gnutella08,3
0.4159148826523528,0.5517842901271152,0.2419354838709677,0.3949044585987261,0.0943447495047348,3,node+edge,93,1.2936301000008823,2.337739999969017,spread_resid,p2p-Gnutella08,4
0.4183320713860566,0.5552801299570346,0.1451612903225806,0.3726114649681528,0.0950715378887319,3,node+edge,93,1.340745399997104,2.337739999969017,spread_resid,p2p-Gnutella08,5
0.4188940514129968,0.5547266684789118,0.1774193548387097,0.3980891719745223,0.0949628269838573,3,node+edge,93,1.2581204000016442,2.337739999969017,spread_resid,p2p-Gnutella08,6
0.4091183710768243,0.5416942441691954,0.1935483870967742,0.3885350318471338,0.0955631624238025,3,node+edge,93,1.2201704999970389,2.337739999969017,spread_resid,p2p-Gnutella08,7
0.4155251939630595,0.5522807852169401,0.2096774193548387,0.3821656050955414,0.0941215953261435,3,node+edge,93,1.2333285999993675,2.337739999969017,spread_resid,p2p-Gnutella08,8
0.4164272848591661,0.5525700619064849,0.2258064516129032,0.3694267515923566,0.0939694709218417,3,node+edge,93,1.2483132999986992,2.337739999969017,spread_resid,p2p-Gnutella08,9
0.4185522525896334,0.5547449985894554,0.1290322580645161,0.3726114649681528,0.0957545592363863,3,node+edge+subgraph,168,1.7568259999970903,3.1408700999691064,spread_resid,p2p-Gnutella08,0
0.4180649999890695,0.5538878958233296,0.2096774193548387,0.3853503184713376,0.0946843651165845,3,node+edge+subgraph,168,1.9805072999952245,3.1408700999691064,spread_resid,p2p-Gnutella08,1
0.4176078835419548,0.5514911811926851,0.2096774193548387,0.3853503184713376,0.0965263911674651,3,node+edge+subgraph,168,2.041686299999128,3.1408700999691064,spread_resid,p2p-Gnutella08,2
0.4225012967871476,0.5581870312530537,0.1935483870967742,0.4171974522292994,0.0940449262835806,3,node+edge+subgraph,168,1.828949399998237,3.1408700999691064,spread_resid,p2p-Gnutella08,3
0.4178042170186129,0.5525884821944412,0.2258064516129032,0.3917197452229299,0.0951822716321533,3,node+edge+subgraph,168,1.8874596000023305,3.1408700999691064,spread_resid,p2p-Gnutella08,4
0.4191133566972587,0.5544442101611823,0.1612903225806451,0.3789808917197452,0.0952020114883249,3,node+edge+subgraph,168,1.8984400999979696,3.1408700999691064,spread_resid,p2p-Gnutella08,5
0.4200419248873943,0.5557953224842085,0.1612903225806451,0.3630573248407643,0.094727079288621,3,node+edge+subgraph,168,1.871679800002312,3.1408700999691064,spread_resid,p2p-Gnutella08,6
0.4133588680787136,0.5460925406436606,0.1935483870967742,0.3662420382165605,0.0970189535131993,3,node+edge+subgraph,168,1.7822859000007156,3.1408700999691064,spread_resid,p2p-Gnutella08,7
0.4200248019536248,0.5566514605589991,0.2580645161290322,0.3726114649681528,0.0937743660325354,3,node+edge+subgraph,168,1.830416000004334,3.1408700999691064,spread_resid,p2p-Gnutella08,8
0.4224648661731071,0.558740906872922,0.2096774193548387,0.4044585987261146,0.0942738499331489,3,node+edge+subgraph,168,1.9546534000037357,3.1408700999691064,spread_resid,p2p-Gnutella08,9
0.4199922209553582,0.5563742793682851,0.1612903225806451,0.3821656050955414,0.0959483360160223,3,node+edge+subgraph+dynamic,170,2.0050126999994973,3.1408700999691064,spread_resid,p2p-Gnutella08,0
0.4189544225315368,0.5540190107703756,0.2096774193548387,0.3789808917197452,0.0948927149845505,3,node+edge+subgraph+dynamic,170,1.856155999994371,3.1408700999691064,spread_resid,p2p-Gnutella08,1
0.4178435345630553,0.5515372091896913,0.2258064516129032,0.3853503184713376,0.0963942487199272,3,node+edge+subgraph+dynamic,170,1.8804875999994688,3.1408700999691064,spread_resid,p2p-Gnutella08,2
0.4231472350765563,0.5596778779946571,0.1774193548387097,0.3853503184713376,0.0940360434287758,3,node+edge+subgraph+dynamic,170,2.008400499995332,3.1408700999691064,spread_resid,p2p-Gnutella08,3
0.4182665986481942,0.5555065820098208,0.1935483870967742,0.3726114649681528,0.0947878437381694,3,node+edge+subgraph+dynamic,170,1.81702629999927,3.1408700999691064,spread_resid,p2p-Gnutella08,4
0.4161856980771956,0.5509468659459078,0.1451612903225806,0.3949044585987261,0.0954001106354154,3,node+edge+subgraph+dynamic,170,1.8465421000000788,3.1408700999691064,spread_resid,p2p-Gnutella08,5
0.4188805375729025,0.5552087531771127,0.1935483870967742,0.3821656050955414,0.0948673665328561,3,node+edge+subgraph+dynamic,170,1.9472447000007376,3.1408700999691064,spread_resid,p2p-Gnutella08,6
0.4141142819239906,0.5481728918432679,0.2096774193548387,0.3694267515923566,0.0973923703092164,3,node+edge+subgraph+dynamic,170,2.066793599995435,3.1408700999691064,spread_resid,p2p-Gnutella08,7
0.416862461476343,0.5529142080791726,0.2419354838709677,0.3662420382165605,0.0946006174952218,3,node+edge+subgraph+dynamic,170,1.8823573000045144,3.1408700999691064,spread_resid,p2p-Gnutella08,8
0.4197444082606119,0.5555510744751921,0.2258064516129032,0.3885350318471338,0.0940300846524195,3,node+edge+subgraph+dynamic,170,1.86542890000419,3.1408700999691064,spread_resid,p2p-Gnutella08,9
0.7995205948869702,0.9421731352552315,0.9516129032258065,0.9554140127388535,2.905138539333398,1,node+edge+subgraph,56,5.328204500023276,1.6650392000055945,spread_mean,p2p-Gnutella08,0
0.7986847656529157,0.9418509888136302,0.9516129032258065,0.9585987261146497,2.9420167200853666,1,node+edge+subgraph,56,1.5099961000087205,1.6650392000055945,spread_mean,p2p-Gnutella08,1
0.798952637402516,0.9419485822065738,0.9516129032258065,0.9554140127388535,2.809408676356416,1,node+edge+subgraph,56,1.3905639000004157,1.6650392000055945,spread_mean,p2p-Gnutella08,2
0.7985418264206579,0.9416565164750965,0.967741935483871,0.9522292993630573,2.953790516265873,1,node+edge+subgraph,56,1.4250262999848928,1.6650392000055945,spread_mean,p2p-Gnutella08,3
0.7992331409161781,0.9420489664289744,0.9516129032258065,0.9394904458598726,2.855268298128184,1,node+edge+subgraph,56,1.4167781999858562,1.6650392000055945,spread_mean,p2p-Gnutella08,4
0.7996406124104368,0.9423039273339014,0.967741935483871,0.9490445859872612,2.8633049146880314,1,node+edge+subgraph,56,1.4925133000069764,1.6650392000055945,spread_mean,p2p-Gnutella08,5
0.8002201597068699,0.9425782076678598,0.9516129032258065,0.9585987261146497,2.7854984627818555,1,node+edge+subgraph,56,1.3776497000071686,1.6650392000055945,spread_mean,p2p-Gnutella08,6
0.8003960004667654,0.9425832641350297,0.9516129032258065,0.9490445859872612,2.8480615717157134,1,node+edge+subgraph,56,1.3787996999744792,1.6650392000055945,spread_mean,p2p-Gnutella08,7
0.8000281361279358,0.9424504162249128,0.9516129032258065,0.9585987261146497,2.8488321809805695,1,node+edge+subgraph,56,1.52656769999885,1.6650392000055945,spread_mean,p2p-Gnutella08,8
0.7983400569631693,0.9417746299317091,0.967741935483871,0.9394904458598726,2.8715200348220757,1,node+edge+subgraph,56,1.4832682999840472,1.6650392000055945,spread_mean,p2p-Gnutella08,9
0.7995205948869702,0.9421731352552315,0.9516129032258065,0.9554140127388535,2.905138539333398,1,node+edge+subgraph+dynamic,56,1.43273020000197,1.6650392000055945,spread_mean,p2p-Gnutella08,0
0.7986847656529157,0.9418509888136302,0.9516129032258065,0.9585987261146497,2.9420167200853666,1,node+edge+subgraph+dynamic,56,1.423119199986104,1.6650392000055945,spread_mean,p2p-Gnutella08,1
0.798952637402516,0.9419485822065738,0.9516129032258065,0.9554140127388535,2.809408676356416,1,node+edge+subgraph+dynamic,56,1.4788535999832675,1.6650392000055945,spread_mean,p2p-Gnutella08,2
0.7985418264206579,0.9416565164750965,0.967741935483871,0.9522292993630573,2.953790516265873,1,node+edge+subgraph+dynamic,56,1.4457467999891378,1.6650392000055945,spread_mean,p2p-Gnutella08,3
0.7992331409161781,0.9420489664289744,0.9516129032258065,0.9394904458598726,2.855268298128184,1,node+edge+subgraph+dynamic,56,1.412013900000602,1.6650392000055945,spread_mean,p2p-Gnutella08,4
0.7996406124104368,0.9423039273339014,0.967741935483871,0.9490445859872612,2.8633049146880314,1,node+edge+subgraph+dynamic,56,1.519850700016832,1.6650392000055945,spread_mean,p2p-Gnutella08,5
0.8002201597068699,0.9425782076678598,0.9516129032258065,0.9585987261146497,2.7854984627818555,1,node+edge+subgraph+dynamic,56,1.4513428999925964,1.6650392000055945,spread_mean,p2p-Gnutella08,6
0.8003960004667654,0.9425832641350297,0.9516129032258065,0.9490445859872612,2.8480615717157134,1,node+edge+subgraph+dynamic,56,1.4416019000054803,1.6650392000055945,spread_mean,p2p-Gnutella08,7
0.8000281361279358,0.9424504162249128,0.9516129032258065,0.9585987261146497,2.8488321809805695,1,node+edge+subgraph+dynamic,56,1.439356399991084,1.6650392000055945,spread_mean,p2p-Gnutella08,8
0.7983400569631693,0.9417746299317091,0.967741935483871,0.9394904458598726,2.8715200348220757,1,node+edge+subgraph+dynamic,56,1.458240099978866,1.6650392000055945,spread_mean,p2p-Gnutella08,9
0.5902412290171797,0.7610970395616635,0.0,0.08280254777070063,1.0520688124476274,1,node+edge+subgraph,56,1.6785385999828577,1.6650392000055945,spread_cv,p2p-Gnutella08,0
0.5908499492136087,0.7629004777312053,0.016129032258064516,0.06687898089171974,1.048008637432563,1,node+edge+subgraph,56,1.6241752000059932,1.6650392000055945,spread_cv,p2p-Gnutella08,1
0.5879519087317121,0.7591660379951606,0.0,0.07006369426751592,1.0564753611959414,1,node+edge+subgraph,56,1.5719291999994311,1.6650392000055945,spread_cv,p2p-Gnutella08,2
0.5894087105773654,0.7605508719858741,0.0,0.06687898089171974,1.0525006602922242,1,node+edge+subgraph,56,1.5758960999955889,1.6650392000055945,spread_cv,p2p-Gnutella08,3
0.591070305247881,0.7627607015354289,0.0,0.0732484076433121,1.0499907979186442,1,node+edge+subgraph,56,1.6105670999968424,1.6650392000055945,spread_cv,p2p-Gnutella08,4
0.5886700563916334,0.7594674109752493,0.0,0.07961783439490445,1.058821110001083,1,node+edge+subgraph,56,1.5494502000219654,1.6650392000055945,spread_cv,p2p-Gnutella08,5
0.5896760021096523,0.7605632376046363,0.016129032258064516,0.07006369426751592,1.0548627634933934,1,node+edge+subgraph,56,1.5794218000082765,1.6650392000055945,spread_cv,p2p-Gnutella08,6
0.5914195568849824,0.7624160267051441,0.0,0.07643312101910828,1.0523116842147078,1,node+edge+subgraph,56,1.5699795999971684,1.6650392000055945,spread_cv,p2p-Gnutella08,7
0.5896715568196035,0.7606804288945936,0.0,0.08598726114649681,1.0532469798514732,1,node+edge+subgraph,56,1.5884382000076585,1.6650392000055945,spread_cv,p2p-Gnutella08,8
0.589198098121505,0.7605747257353531,0.0,0.0732484076433121,1.055688512379391,1,node+edge+subgraph,56,1.5932637999940198,1.6650392000055945,spread_cv,p2p-Gnutella08,9
0.5902412290171797,0.7610970395616635,0.0,0.08280254777070063,1.0520688124476274,1,node+edge+subgraph+dynamic,56,1.5396093000017572,1.6650392000055945,spread_cv,p2p-Gnutella08,0
0.5908499492136087,0.7629004777312053,0.016129032258064516,0.06687898089171974,1.048008637432563,1,node+edge+subgraph+dynamic,56,1.5453131000103895,1.6650392000055945,spread_cv,p2p-Gnutella08,1
0.5879519087317121,0.7591660379951606,0.0,0.07006369426751592,1.0564753611959414,1,node+edge+subgraph+dynamic,56,1.6073059000191279,1.6650392000055945,spread_cv,p2p-Gnutella08,2
0.5894087105773654,0.7605508719858741,0.0,0.06687898089171974,1.0525006602922242,1,node+edge+subgraph+dynamic,56,1.5872107000031974,1.6650392000055945,spread_cv,p2p-Gnutella08,3
0.591070305247881,0.7627607015354289,0.0,0.0732484076433121,1.0499907979186442,1,node+edge+subgraph+dynamic,56,1.5854305000102613,1.6650392000055945,spread_cv,p2p-Gnutella08,4
0.5886700563916334,0.7594674109752493,0.0,0.07961783439490445,1.058821110001083,1,node+edge+subgraph+dynamic,56,1.5277395999873988,1.6650392000055945,spread_cv,p2p-Gnutella08,5
0.5896760021096523,0.7605632376046363,0.016129032258064516,0.07006369426751592,1.0548627634933934,1,node+edge+subgraph+dynamic,56,1.5758894000027794,1.6650392000055945,spread_cv,p2p-Gnutella08,6
0.5914195568849824,0.7624160267051441,0.0,0.07643312101910828,1.0523116842147078,1,node+edge+subgraph+dynamic,56,1.5607505999796558,1.6650392000055945,spread_cv,p2p-Gnutella08,7
0.5896715568196035,0.7606804288945936,0.0,0.08598726114649681,1.0532469798514732,1,node+edge+subgraph+dynamic,56,1.593731500004651,1.6650392000055945,spread_cv,p2p-Gnutella08,8
0.589198098121505,0.7605747257353531,0.0,0.0732484076433121,1.055688512379391,1,node+edge+subgraph+dynamic,56,1.5362741999852005,1.6650392000055945,spread_cv,p2p-Gnutella08,9
0.2590974426985872,0.3602740762228729,0.14516129032258066,0.35668789808917195,0.0933265688832715,1,node+edge+subgraph,56,1.4672288000001572,1.6650392000055945,spread_resid,p2p-Gnutella08,0
0.2574946520061016,0.3587989492269828,0.1774193548387097,0.35987261146496813,0.09190571933465232,1,node+edge+subgraph,56,1.6376108000113163,1.6650392000055945,spread_resid,p2p-Gnutella08,1
0.2536544319990466,0.35339247109440514,0.14516129032258066,0.35668789808917195,0.09330677364738815,1,node+edge+subgraph,56,2.019458199996734,1.6650392000055945,spread_resid,p2p-Gnutella08,2
0.250399229201453,0.348867745849655,0.0967741935483871,0.3375796178343949,0.0935776923881633,1,node+edge+subgraph,56,2.5460136999899987,1.6650392000055945,spread_resid,p2p-Gnutella08,3
0.2590448428189598,0.35999783126405593,0.11290322580645161,0.3662420382165605,0.09258638893257244,1,node+edge+subgraph,56,1.8196377999847755,1.6650392000055945,spread_resid,p2p-Gnutella08,4
0.2514890895214309,0.34992875275791363,0.12903225806451613,0.35668789808917195,0.09392679685647007,1,node+edge+subgraph,56,1.447619799990207,1.6650392000055945,spread_resid,p2p-Gnutella08,5
0.2605994770681095,0.36211441601186767,0.14516129032258066,0.3471337579617834,0.09316059220644611,1,node+edge+subgraph,56,1.4664378000015859,1.6650392000055945,spread_resid,p2p-Gnutella08,6
0.25823431794753643,0.35887073452920715,0.12903225806451613,0.35987261146496813,0.09329202561540123,1,node+edge+subgraph,56,1.462555899983272,1.6650392000055945,spread_resid,p2p-Gnutella08,7
0.2526424477459391,0.3509535650871806,0.12903225806451613,0.34076433121019106,0.09320174887503634,1,node+edge+subgraph,56,1.4892373000038788,1.6650392000055945,spread_resid,p2p-Gnutella08,8
0.25581614104127326,0.35520172058545124,0.16129032258064516,0.35668789808917195,0.09302927512779438,1,node+edge+subgraph,56,1.4579358999908436,1.6650392000055945,spread_resid,p2p-Gnutella08,9
0.2590974426985872,0.3602740762228729,0.14516129032258066,0.35668789808917195,0.0933265688832715,1,node+edge+subgraph+dynamic,56,1.493632300000172,1.6650392000055945,spread_resid,p2p-Gnutella08,0
0.2574946520061016,0.3587989492269828,0.1774193548387097,0.35987261146496813,0.09190571933465232,1,node+edge+subgraph+dynamic,56,1.470483899989631,1.6650392000055945,spread_resid,p2p-Gnutella08,1
0.2536544319990466,0.35339247109440514,0.14516129032258066,0.35668789808917195,0.09330677364738815,1,node+edge+subgraph+dynamic,56,1.4682283000147436,1.6650392000055945,spread_resid,p2p-Gnutella08,2
0.250399229201453,0.348867745849655,0.0967741935483871,0.3375796178343949,0.0935776923881633,1,node+edge+subgraph+dynamic,56,1.4574236000189558,1.6650392000055945,spread_resid,p2p-Gnutella08,3
0.2590448428189598,0.35999783126405593,0.11290322580645161,0.3662420382165605,0.09258638893257244,1,node+edge+subgraph+dynamic,56,1.551515200000722,1.6650392000055945,spread_resid,p2p-Gnutella08,4
0.2514890895214309,0.34992875275791363,0.12903225806451613,0.35668789808917195,0.09392679685647007,1,node+edge+subgraph+dynamic,56,1.4264562999887858,1.6650392000055945,spread_resid,p2p-Gnutella08,5
0.2605994770681095,0.36211441601186767,0.14516129032258066,0.3471337579617834,0.09316059220644611,1,node+edge+subgraph+dynamic,56,1.4510882000031415,1.6650392000055945,spread_resid,p2p-Gnutella08,6
0.25823431794753643,0.35887073452920715,0.12903225806451613,0.35987261146496813,0.09329202561540123,1,node+edge+subgraph+dynamic,56,1.4211767000088003,1.6650392000055945,spread_resid,p2p-Gnutella08,7
0.2526424477459391,0.3509535650871806,0.12903225806451613,0.34076433121019106,0.09320174887503634,1,node+edge+subgraph+dynamic,56,1.4825173999997787,1.6650392000055945,spread_resid,p2p-Gnutella08,8
0.25581614104127326,0.35520172058545124,0.16129032258064516,0.35668789808917195,0.09302927512779438,1,node+edge+subgraph+dynamic,56,1.4634375000023283,1.6650392000055945,spread_resid,p2p-Gnutella08,9
0.8900297671434212,0.9783564948918007,0.8548387096774194,0.7802547770700637,5879.977356428004,1,node+edge+subgraph,56,1.5522693999810144,1.6650392000055945,betweenness,p2p-Gnutella08,0
0.8899646382671849,0.9783462600466636,0.8548387096774194,0.7929936305732485,5869.428392403021,1,node+edge+subgraph,56,1.497643499984406,1.6650392000055945,betweenness,p2p-Gnutella08,1
0.8904734515567577,0.978229131722051,0.8225806451612904,0.7961783439490446,5728.920022722691,1,node+edge+subgraph,56,1.4406845000048634,1.6650392000055945,betweenness,p2p-Gnutella08,2
0.8870710263594326,0.9757730331157192,0.8387096774193549,0.7961783439490446,6182.481457958186,1,node+edge+subgraph,56,1.4654113999858964,1.6650392000055945,betweenness,p2p-Gnutella08,3
0.88960167105259,0.9771057081116895,0.8225806451612904,0.7993630573248408,5656.126031335398,1,node+edge+subgraph,56,1.4688937999890186,1.6650392000055945,betweenness,p2p-Gnutella08,4
0.8893781347836269,0.9782246582953387,0.8548387096774194,0.7961783439490446,5999.672465228539,1,node+edge+subgraph,56,1.504457100003492,1.6650392000055945,betweenness,p2p-Gnutella08,5
0.8889689325082205,0.9777072571446674,0.8548387096774194,0.7898089171974523,5730.654276489565,1,node+edge+subgraph,56,1.4664521999948192,1.6650392000055945,betweenness,p2p-Gnutella08,6
0.8873234504241073,0.9768725459841712,0.8387096774193549,0.7834394904458599,5789.0685698032075,1,node+edge+subgraph,56,1.4826239999965765,1.6650392000055945,betweenness,p2p-Gnutella08,7
0.8892983783457312,0.9773582191136819,0.8387096774193549,0.7898089171974523,5703.5788903744615,1,node+edge+subgraph,56,1.4599946000089403,1.6650392000055945,betweenness,p2p-Gnutella08,8
0.889070252126947,0.9774741686345688,0.8548387096774194,0.7993630573248408,5945.037329985751,1,node+edge+subgraph,56,1.48722949999501,1.6650392000055945,betweenness,p2p-Gnutella08,9
0.8900297671434212,0.9783564948918007,0.8548387096774194,0.7802547770700637,5879.977356428004,1,node+edge+subgraph+dynamic,56,1.5184768999752123,1.6650392000055945,betweenness,p2p-Gnutella08,0
0.8899646382671849,0.9783462600466636,0.8548387096774194,0.7929936305732485,5869.428392403021,1,node+edge+subgraph+dynamic,56,1.50323859998025,1.6650392000055945,betweenness,p2p-Gnutella08,1
0.8904734515567577,0.978229131722051,0.8225806451612904,0.7961783439490446,5728.920022722691,1,node+edge+subgraph+dynamic,56,1.5157315999967977,1.6650392000055945,betweenness,p2p-Gnutella08,2
0.8870710263594326,0.9757730331157192,0.8387096774193549,0.7961783439490446,6182.481457958186,1,node+edge+subgraph+dynamic,56,1.4471789999806788,1.6650392000055945,betweenness,p2p-Gnutella08,3
0.88960167105259,0.9771057081116895,0.8225806451612904,0.7993630573248408,5656.126031335398,1,node+edge+subgraph+dynamic,56,1.4721661000221502,1.6650392000055945,betweenness,p2p-Gnutella08,4
0.8893781347836269,0.9782246582953387,0.8548387096774194,0.7961783439490446,5999.672465228539,1,node+edge+subgraph+dynamic,56,1.479276400001254,1.6650392000055945,betweenness,p2p-Gnutella08,5
0.8889689325082205,0.9777072571446674,0.8548387096774194,0.7898089171974523,5730.654276489565,1,node+edge+subgraph+dynamic,56,1.459652300021844,1.6650392000055945,betweenness,p2p-Gnutella08,6
0.8873234504241073,0.9768725459841712,0.8387096774193549,0.7834394904458599,5789.0685698032075,1,node+edge+subgraph+dynamic,56,1.5183388000004925,1.6650392000055945,betweenness,p2p-Gnutella08,7
0.8892983783457312,0.9773582191136819,0.8387096774193549,0.7898089171974523,5703.5788903744615,1,node+edge+subgraph+dynamic,56,1.4758818999980576,1.6650392000055945,betweenness,p2p-Gnutella08,8
0.889070252126947,0.9774741686345688,0.8548387096774194,0.7993630573248408,5945.037329985751,1,node+edge+subgraph+dynamic,56,1.5132166999974288,1.6650392000055945,betweenness,p2p-Gnutella08,9
