kendall_tau,spearman,precision_at_1pct,precision_at_5pct,rmse,radius,richness,n_features,fit_seconds,feature_seconds,target,network,seed
0.8716341619257979,0.9772053135600234,0.7777777777777778,0.8775510204081632,11.830906906343614,0,node,2,0.0488897000032011,2.560000029916409e-05,spread_mean,email-Eu-core,0
0.8679747593875349,0.9763311652799485,0.7777777777777778,0.8775510204081632,12.063478494129829,0,node,2,0.0301614999989396,2.560000029916409e-05,spread_mean,email-Eu-core,1
0.8718726719658931,0.9773576697951528,0.8888888888888888,0.8775510204081632,11.6829377604208,0,node,2,0.0301868999958969,2.560000029916409e-05,spread_mean,email-Eu-core,2
0.8717669121170432,0.9773891175937748,0.8888888888888888,0.8775510204081632,11.737195665167542,0,node,2,0.0311224000033689,2.560000029916409e-05,spread_mean,email-Eu-core,3
0.8719467665346555,0.977349578923148,0.7777777777777778,0.8775510204081632,11.74705018339244,0,node,2,0.0323655999964103,2.560000029916409e-05,spread_mean,email-Eu-core,4
0.8674140368934303,0.9759394037952362,0.7777777777777778,0.8571428571428571,12.194306182494923,0,node,2,0.0310650999963399,2.560000029916409e-05,spread_mean,email-Eu-core,5
0.8695726742172203,0.9766219500030972,0.7777777777777778,0.8775510204081632,11.762489707261873,0,node,2,0.0282940000033704,2.560000029916409e-05,spread_mean,email-Eu-core,6
0.8686539153537611,0.9762689221409662,0.7777777777777778,0.8775510204081632,11.758968538296902,0,node,2,0.0322645999985979,2.560000029916409e-05,spread_mean,email-Eu-core,7
0.8713800063904154,0.9770451498713768,0.7777777777777778,0.8775510204081632,11.7960145427398,0,node,2,0.0317320000031031,2.560000029916409e-05,spread_mean,email-Eu-core,8
0.8712835019883101,0.9769789456495088,0.7777777777777778,0.8775510204081632,11.810015731578146,0,node,2,0.030410599996685,2.560000029916409e-05,spread_mean,email-Eu-core,9
0.8716341619257979,0.9772053135600234,0.7777777777777778,0.8775510204081632,11.830906906343614,0,node+edge,2,0.0315107000060379,2.560000029916409e-05,spread_mean,email-Eu-core,0
0.8679747593875349,0.9763311652799485,0.7777777777777778,0.8775510204081632,12.063478494129829,0,node+edge,2,0.0305239000008441,2.560000029916409e-05,spread_mean,email-Eu-core,1
0.8718726719658931,0.9773576697951528,0.8888888888888888,0.8775510204081632,11.6829377604208,0,node+edge,2,0.030413899999985,2.560000029916409e-05,spread_mean,email-Eu-core,2
0.8717669121170432,0.9773891175937748,0.8888888888888888,0.8775510204081632,11.737195665167542,0,node+edge,2,0.0313128000052529,2.560000029916409e-05,spread_mean,email-Eu-core,3
0.8719467665346555,0.977349578923148,0.7777777777777778,0.8775510204081632,11.74705018339244,0,node+edge,2,0.0337510000026668,2.560000029916409e-05,spread_mean,email-Eu-core,4
0.8674140368934303,0.9759394037952362,0.7777777777777778,0.8571428571428571,12.194306182494923,0,node+edge,2,0.0331846999979461,2.560000029916409e-05,spread_mean,email-Eu-core,5
0.8695726742172203,0.9766219500030972,0.7777777777777778,0.8775510204081632,11.762489707261873,0,node+edge,2,0.0341862999994191,2.560000029916409e-05,spread_mean,email-Eu-core,6
0.8686539153537611,0.9762689221409662,0.7777777777777778,0.8775510204081632,11.758968538296902,0,node+edge,2,0.0335659999982453,2.560000029916409e-05,spread_mean,email-Eu-core,7
0.8713800063904154,0.9770451498713768,0.7777777777777778,0.8775510204081632,11.7960145427398,0,node+edge,2,0.0295740999936242,2.560000029916409e-05,spread_mean,email-Eu-core,8
0.8712835019883101,0.9769789456495088,0.7777777777777778,0.8775510204081632,11.810015731578146,0,node+edge,2,0.0309933000025921,2.560000029916409e-05,spread_mean,email-Eu-core,9
0.8716341619257979,0.9772053135600234,0.7777777777777778,0.8775510204081632,11.830906906343614,0,node+edge+subgraph,2,0.034660100005567,2.560000029916409e-05,spread_mean,email-Eu-core,0
0.8679747593875349,0.9763311652799485,0.7777777777777778,0.8775510204081632,12.063478494129829,0,node+edge+subgraph,2,0.0311271000027772,2.560000029916409e-05,spread_mean,email-Eu-core,1
0.8718726719658931,0.9773576697951528,0.8888888888888888,0.8775510204081632,11.6829377604208,0,node+edge+subgraph,2,0.0294191000066348,2.560000029916409e-05,spread_mean,email-Eu-core,2
0.8717669121170432,0.9773891175937748,0.8888888888888888,0.8775510204081632,11.737195665167542,0,node+edge+subgraph,2,0.0294193000008817,2.560000029916409e-05,spread_mean,email-Eu-core,3
0.8719467665346555,0.977349578923148,0.7777777777777778,0.8775510204081632,11.74705018339244,0,node+edge+subgraph,2,0.0303657999975257,2.560000029916409e-05,spread_mean,email-Eu-core,4
0.8674140368934303,0.9759394037952362,0.7777777777777778,0.8571428571428571,12.194306182494923,0,node+edge+subgraph,2,0.0292141999962041,2.560000029916409e-05,spread_mean,email-Eu-core,5
0.8695726742172203,0.9766219500030972,0.7777777777777778,0.8775510204081632,11.762489707261873,0,node+edge+subgraph,2,0.029017400003795,2.560000029916409e-05,spread_mean,email-Eu-core,6
0.8686539153537611,0.9762689221409662,0.7777777777777778,0.8775510204081632,11.758968538296902,0,node+edge+subgraph,2,0.0281554000030155,2.560000029916409e-05,spread_mean,email-Eu-core,7
0.8713800063904154,0.9770451498713768,0.7777777777777778,0.8775510204081632,11.7960145427398,0,node+edge+subgraph,2,0.0310910999978659,2.560000029916409e-05,spread_mean,email-Eu-core,8
0.8712835019883101,0.9769789456495088,0.7777777777777778,0.8775510204081632,11.810015731578146,0,node+edge+subgraph,2,0.032130400002643,2.560000029916409e-05,spread_mean,email-Eu-core,9
0.8716341619257979,0.9772053135600234,0.7777777777777778,0.8775510204081632,11.830906906343614,0,node+edge+subgraph+dynamic,2,0.0341341000021202,2.560000029916409e-05,spread_mean,email-Eu-core,0
0.8679747593875349,0.9763311652799485,0.7777777777777778,0.8775510204081632,12.063478494129829,0,node+edge+subgraph+dynamic,2,0.0300475999974878,2.560000029916409e-05,spread_mean,email-Eu-core,1
0.8718726719658931,0.9773576697951528,0.8888888888888888,0.8775510204081632,11.6829377604208,0,node+edge+subgraph+dynamic,2,0.0315610000034212,2.560000029916409e-05,spread_mean,email-Eu-core,2
0.8717669121170432,0.9773891175937748,0.8888888888888888,0.8775510204081632,11.737195665167542,0,node+edge+subgraph+dynamic,2,0.0282833000019309,2.560000029916409e-05,spread_mean,email-Eu-core,3
0.8719467665346555,0.977349578923148,0.7777777777777778,0.8775510204081632,11.74705018339244,0,node+edge+subgraph+dynamic,2,0.0308493999982601,2.560000029916409e-05,spread_mean,email-Eu-core,4
0.8674140368934303,0.9759394037952362,0.7777777777777778,0.8571428571428571,12.194306182494923,0,node+edge+subgraph+dynamic,2,0.0300758999946992,2.560000029916409e-05,spread_mean,email-Eu-core,5
0.8695726742172203,0.9766219500030972,0.7777777777777778,0.8775510204081632,11.762489707261873,0,node+edge+subgraph+dynamic,2,0.0274243999956524,2.560000029916409e-05,spread_mean,email-Eu-core,6
0.8686539153537611,0.9762689221409662,0.7777777777777778,0.8775510204081632,11.758968538296902,0,node+edge+subgraph+dynamic,2,0.0312526999987312,2.560000029916409e-05,spread_mean,email-Eu-core,7
0.8713800063904154,0.9770451498713768,0.7777777777777778,0.8775510204081632,11.7960145427398,0,node+edge+subgraph+dynamic,2,0.0286484999960521,2.560000029916409e-05,spread_mean,email-Eu-core,8
0.8712835019883101,0.9769789456495088,0.7777777777777778,0.8775510204081632,11.810015731578146,0,node+edge+subgraph+dynamic,2,0.0365757000035955,2.560000029916409e-05,spread_mean,email-Eu-core,9
0.9511275215161368,0.996446794295992,0.8888888888888888,0.979591836734694,2.552468338690532,1,node,17,0.0472908000010647,0.1823748999986492,spread_mean,email-Eu-core,0
0.9511923394062404,0.99644994580758,0.8888888888888888,0.979591836734694,2.620818429631723,1,node,17,0.0473676999972667,0.1823748999986492,spread_mean,email-Eu-core,1
0.9510696594606924,0.9964449571561288,0.8888888888888888,0.979591836734694,2.53686092314967,1,node,17,0.0456658999974024,0.1823748999986492,spread_mean,email-Eu-core,2
0.9511797825264066,0.9964335340374514,0.8888888888888888,0.9591836734693876,2.532391462576089,1,node,17,0.0465523000020766,0.1823748999986492,spread_mean,email-Eu-core,3
0.950890397997038,0.9964098052930406,0.8888888888888888,0.979591836734694,2.49193317845106,1,node,17,0.0627538999979151,0.1823748999986492,spread_mean,email-Eu-core,4
0.9509439402825776,0.9964287175480832,0.7777777777777778,0.979591836734694,2.582978220449957,1,node,17,0.0531585999997332,0.1823748999986492,spread_mean,email-Eu-core,5
0.9515010359088586,0.9964739968467567,0.8888888888888888,0.979591836734694,2.5046639490729445,1,node,17,0.0493145000000367,0.1823748999986492,spread_mean,email-Eu-core,6
0.9516731380898104,0.9965016188765062,0.8888888888888888,0.979591836734694,2.5268503270846376,1,node,17,0.0403163999944808,0.1823748999986492,spread_mean,email-Eu-core,7
0.9507763591755838,0.9963890841655896,0.8888888888888888,0.9591836734693876,2.5831242170028217,1,node,17,0.0446406000046408,0.1823748999986492,spread_mean,email-Eu-core,8
0.951447893550518,0.996466194814976,0.8888888888888888,0.979591836734694,2.4970916974558093,1,node,17,0.0428304000015486,0.1823748999986492,spread_mean,email-Eu-core,9
0.9560286696822976,0.9971441164196146,0.8888888888888888,0.9591836734693876,2.469730818654837,1,node+edge,38,0.0907857999991392,0.3572692999987339,spread_mean,email-Eu-core,0
0.9565712520917606,0.9972015605013496,0.8888888888888888,0.979591836734694,2.440867731306899,1,node+edge,38,0.0902407999965362,0.3572692999987339,spread_mean,email-Eu-core,1
0.9559296415243757,0.9971341360312896,0.8888888888888888,0.979591836734694,2.4429044133480358,1,node+edge,38,0.0934148000014829,0.3572692999987339,spread_mean,email-Eu-core,2
0.9562374639834708,0.9972005026387768,0.7777777777777778,0.979591836734694,2.486313650559988,1,node+edge,38,0.08295960000396,0.3572692999987339,spread_mean,email-Eu-core,3
0.955948084661858,0.9971291098509244,0.8888888888888888,0.979591836734694,2.3785983769571977,1,node+edge,38,0.0860461000047507,0.3572692999987339,spread_mean,email-Eu-core,4
0.9565318567624188,0.997211162091575,0.8888888888888888,1.0,2.392240617879228,1,node+edge,38,0.0848050999993574,0.3572692999987339,spread_mean,email-Eu-core,5
0.9559975083100486,0.997112623036686,0.8888888888888888,0.979591836734694,2.4227423735684472,1,node+edge,38,0.0844002000012551,0.3572692999987339,spread_mean,email-Eu-core,6
0.9560429943192568,0.9971467828340688,0.8888888888888888,1.0,2.419209316223568,1,node+edge,38,0.0870770000037737,0.3572692999987339,spread_mean,email-Eu-core,7
0.9559740527507188,0.997134871517818,0.8888888888888888,0.9591836734693876,2.4911757316984677,1,node+edge,38,0.0869955000016489,0.3572692999987339,spread_mean,email-Eu-core,8
0.9563603077959076,0.997208717957977,0.8888888888888888,1.0,2.4596026089577583,1,node+edge,38,0.0881815000029746,0.3572692999987339,spread_mean,email-Eu-core,9
0.9580664824361224,0.9975079123248524,1.0,0.9591836734693876,2.1010063260593985,2,node,35,0.0936509999955887,0.4526431999884153,spread_mean,email-Eu-core,0
0.9575156635359542,0.9974439649021776,1.0,0.9591836734693876,2.1047722392529398,2,node,35,0.0914669999983743,0.4526431999884153,spread_mean,email-Eu-core,1
0.9580673825749444,0.9975251408341792,1.0,0.9591836734693876,2.064122727460842,2,node,35,0.0996147000041673,0.4526431999884153,spread_mean,email-Eu-core,2
0.9581993502962192,0.9975316129097074,1.0,0.9591836734693876,2.0449882667611745,2,node,35,0.0857976999977836,0.4526431999884153,spread_mean,email-Eu-core,3
0.9578326216963972,0.9975299041088036,1.0,0.9591836734693876,2.0615532659462,2,node,35,0.0871171000035246,0.4526431999884153,spread_mean,email-Eu-core,4
0.9581868223201704,0.99754502015114,1.0,0.9591836734693876,2.061357050895944,2,node,35,0.0899363999997149,0.4526431999884153,spread_mean,email-Eu-core,5
0.9580589726488874,0.9974991931538444,1.0,0.9591836734693876,2.0505802185069,2,node,35,0.0916001000005053,0.4526431999884153,spread_mean,email-Eu-core,6
0.9581271886642976,0.9975428043988236,1.0,0.9591836734693876,2.081493942136638,2,node,35,0.0925845000019762,0.4526431999884153,spread_mean,email-Eu-core,7
0.9578841910623512,0.9974806283223648,1.0,0.9591836734693876,2.0892189874275537,2,node,35,0.0953997000033268,0.4526431999884153,spread_mean,email-Eu-core,8
0.9578863370806762,0.9974806126979416,1.0,0.9591836734693876,2.0273108783847524,2,node,35,0.084336500003701,0.4526431999884153,spread_mean,email-Eu-core,9
0.9607518091028392,0.9977054912018312,0.8888888888888888,0.979591836734694,2.020261167010032,2,node+edge,80,0.1125191999963135,0.6275375999885,spread_mean,email-Eu-core,0
0.960271003551721,0.9976493302615324,0.8888888888888888,0.979591836734694,2.0107681782725337,2,node+edge,80,0.1189441000024089,0.6275375999885,spread_mean,email-Eu-core,1
0.9607845964082132,0.9977270542232162,0.8888888888888888,0.9591836734693876,1.992846550720321,2,node+edge,80,0.117272999996203,0.6275375999885,spread_mean,email-Eu-core,2
0.960341019665724,0.9976772902450812,0.8888888888888888,0.979591836734694,1.9847033200612811,2,node+edge,80,0.1233186999961617,0.6275375999885,spread_mean,email-Eu-core,3
0.960386161077086,0.9977030845060532,1.0,0.979591836734694,1.9456523005135256,2,node+edge,80,0.1193860999992466,0.6275375999885,spread_mean,email-Eu-core,4
0.9611069181603452,0.997753521387687,0.8888888888888888,0.979591836734694,2.026194299490707,2,node+edge,80,0.1142284000015934,0.6275375999885,spread_mean,email-Eu-core,5
0.9605548617426094,0.9976845414986324,0.8888888888888888,0.979591836734694,1.9676752270309013,2,node+edge,80,0.1138658999989274,0.6275375999885,spread_mean,email-Eu-core,6
0.9604088949605396,0.9976898650251034,0.8888888888888888,0.979591836734694,1.9591266091309647,2,node+edge,80,0.105544900005043,0.6275375999885,spread_mean,email-Eu-core,7
0.9601247113243652,0.9976282460206428,0.8888888888888888,0.979591836734694,1.9900584341894347,2,node+edge,80,0.1035934999963501,0.6275375999885,spread_mean,email-Eu-core,8
0.9611111969197575,0.9977536966742688,0.8888888888888888,0.979591836734694,1.9397893820141652,2,node+edge,80,0.1105954999948153,0.6275375999885,spread_mean,email-Eu-core,9
0.9712006952277792,0.9987957678236508,1.0,1.0,1.351012778636604,2,node+edge+subgraph,144,0.2996410999985528,16.57047499998771,spread_mean,email-Eu-core,0
0.9709381644498316,0.998779728548744,1.0,1.0,1.9896544167660792,2,node+edge+subgraph,144,0.2921105999994324,16.57047499998771,spread_mean,email-Eu-core,1
0.9708093081054232,0.9987692349292124,1.0,1.0,1.4256302163229555,2,node+edge+subgraph,144,0.284452699997928,16.57047499998771,spread_mean,email-Eu-core,2
0.97087226693077,0.9987825139064068,1.0,1.0,1.4821386985365164,2,node+edge+subgraph,144,0.293124900003022,16.57047499998771,spread_mean,email-Eu-core,3
0.9702708296474948,0.9987419352980124,1.0,1.0,1.6793789710791265,2,node+edge+subgraph,144,0.2956555000055232,16.57047499998771,spread_mean,email-Eu-core,4
0.9708855624452938,0.9987688844199932,1.0,1.0,1.4663574246710924,2,node+edge+subgraph,144,0.3006273999999393,16.57047499998771,spread_mean,email-Eu-core,5
0.970147148375082,0.9986960958009844,1.0,1.0,1.5495098159141312,2,node+edge+subgraph,144,0.290840699999535,16.57047499998771,spread_mean,email-Eu-core,6
0.9713067196173214,0.9988007032233222,1.0,1.0,1.4124489047286193,2,node+edge+subgraph,144,0.2993802999990294,16.57047499998771,spread_mean,email-Eu-core,7
0.9709525197229588,0.998786992374586,1.0,0.979591836734694,1.398979463332796,2,node+edge+subgraph,144,0.3046289999983855,16.57047499998771,spread_mean,email-Eu-core,8
0.9713088379945536,0.9988152809791354,1.0,1.0,1.4684890184552144,2,node+edge+subgraph,144,0.2904288999998243,16.57047499998771,spread_mean,email-Eu-core,9
0.9711718650335044,0.9987940590536636,1.0,1.0,1.3509248281971613,2,node+edge+subgraph+dynamic,145,0.292155900002399,16.57047499998771,spread_mean,email-Eu-core,0
0.9709340458548902,0.9987791151441352,1.0,1.0,1.980720375215043,2,node+edge+subgraph+dynamic,145,0.3061461000033887,16.57047499998771,spread_mean,email-Eu-core,1
0.9708103678069628,0.9987693444696026,1.0,1.0,1.425900044073249,2,node+edge+subgraph+dynamic,145,0.287937500004773,16.57047499998771,spread_mean,email-Eu-core,2
0.9708599111459458,0.9987806111002732,1.0,1.0,1.4807492238936493,2,node+edge+subgraph+dynamic,145,0.2996464000025298,16.57047499998771,spread_mean,email-Eu-core,3
0.9702667110355904,0.9987408649695488,1.0,1.0,1.6796486458458284,2,node+edge+subgraph+dynamic,145,0.2902275999949779,16.57047499998771,spread_mean,email-Eu-core,4
0.9709050958807626,0.9987701268734502,1.0,1.0,1.4705843158727925,2,node+edge+subgraph+dynamic,145,0.2915454999965732,16.57047499998771,spread_mean,email-Eu-core,5
0.9700205313951832,0.9986837119168096,1.0,1.0,1.5497359422872836,2,node+edge+subgraph+dynamic,145,0.2873298000049544,16.57047499998771,spread_mean,email-Eu-core,6
0.9712161103420192,0.9987906508987509,1.0,1.0,1.4144146080038984,2,node+edge+subgraph+dynamic,145,0.2884432999999262,16.57047499998771,spread_mean,email-Eu-core,7
0.9709319267058446,0.9987863789699714,1.0,0.979591836734694,1.3988475307002357,2,node+edge+subgraph+dynamic,145,0.2888751999998931,16.57047499998771,spread_mean,email-Eu-core,8
0.9713006008046708,0.9988137224306904,1.0,1.0,1.4672056071788435,2,node+edge+subgraph+dynamic,145,0.2875760999959311,16.57047499998771,spread_mean,email-Eu-core,9
0.9589972858512724,0.997229921110784,0.8888888888888888,0.979591836734694,1.983909664524664,3,node,45,0.0734270000029937,0.8314504000063607,spread_mean,email-Eu-core,0
0.9607858279193904,0.9974939260816464,0.8888888888888888,0.979591836734694,2.0818574303324078,3,node,45,0.0680341999977827,0.8314504000063607,spread_mean,email-Eu-core,1
0.9584915996010912,0.9971160688064848,0.8888888888888888,0.979591836734694,1.967487932311988,3,node,45,0.0688568999976269,0.8314504000063607,spread_mean,email-Eu-core,2
0.9601268527287736,0.9974101713156138,0.8888888888888888,0.9591836734693876,1.9229417070685648,3,node,45,0.0693999999930383,0.8314504000063607,spread_mean,email-Eu-core,3
0.9606827011341984,0.9974835357271776,0.8888888888888888,0.9591836734693876,1.9225218281711207,3,node,45,0.076983700004348,0.8314504000063607,spread_mean,email-Eu-core,4
0.9588427536370095,0.9971707275481348,0.8888888888888888,0.979591836734694,1.970833679404769,3,node,45,0.0684261999995214,0.8314504000063607,spread_mean,email-Eu-core,5
0.9575770930713866,0.997044028143556,0.8888888888888888,1.0,1.959747462906936,3,node,45,0.0685479999956442,0.8314504000063607,spread_mean,email-Eu-core,6
0.9608701785438956,0.9974998598167036,0.8888888888888888,0.9591836734693876,1.9914456720041156,3,node,45,0.0659298999962629,0.8314504000063607,spread_mean,email-Eu-core,7
0.959556344052016,0.997325580917173,0.8888888888888888,0.979591836734694,2.009553277495485,3,node,45,0.0646739000003435,0.8314504000063607,spread_mean,email-Eu-core,8
0.9576804073336086,0.9969931563292784,0.8888888888888888,1.0,1.926589613326432,3,node,45,0.0681777999998303,0.8314504000063607,spread_mean,email-Eu-core,9
0.961760865902449,0.9977047213164524,0.8888888888888888,0.979591836734694,1.9414874816538263,3,node+edge,93,0.168028600004618,1.0063448000064454,spread_mean,email-Eu-core,0
0.9620708295410934,0.997761151418036,0.8888888888888888,1.0,1.9328045795431728,3,node+edge,93,0.1587189999991096,1.0063448000064454,spread_mean,email-Eu-core,1
0.9618554366059432,0.9976767738221948,0.8888888888888888,0.979591836734694,1.9492334037313508,3,node+edge,93,0.1576054999968619,1.0063448000064454,spread_mean,email-Eu-core,2
0.9622149803640409,0.9977927229777,0.8888888888888888,1.0,1.9885265749173289,3,node+edge,93,0.1551691999993636,1.0063448000064454,spread_mean,email-Eu-core,3
0.9616588121555264,0.9977095502914504,0.8888888888888888,0.979591836734694,1.8665810691899667,3,node+edge,93,0.1582961999956751,1.0063448000064454,spread_mean,email-Eu-core,4
0.96151054212697,0.9976461630613308,0.7777777777777778,0.979591836734694,2.037412595057864,3,node+edge,93,0.1650297000014688,1.0063448000064454,spread_mean,email-Eu-core,5
0.9620787544235948,0.9977644781361878,0.8888888888888888,1.0,1.9150553109377624,3,node+edge,93,0.1625041000006604,1.0063448000064454,spread_mean,email-Eu-core,6
0.9617567473032668,0.9976918085234724,0.8888888888888888,0.979591836734694,1.9217087970754492,3,node+edge,93,0.1585190999976475,1.0063448000064454,spread_mean,email-Eu-core,7
0.9626617710328224,0.9977805518827608,0.8888888888888888,0.979591836734694,1.9631699215942744,3,node+edge,93,0.1678045000007841,1.0063448000064454,spread_mean,email-Eu-core,8
0.9624456216807566,0.9977698141933284,0.8888888888888888,1.0,1.8981213068770737,3,node+edge,93,0.161828800002695,1.0063448000064454,spread_mean,email-Eu-core,9
0.9748868414957416,0.9990832793276476,1.0,1.0,1.203836347049679,3,node+edge+subgraph,168,0.3229227999981958,16.949282200005655,spread_mean,email-Eu-core,0
0.974500749074104,0.999051216421242,1.0,1.0,1.4383255937953892,3,node+edge+subgraph,168,0.3073203000021749,16.949282200005655,spread_mean,email-Eu-core,1
0.9746808072818314,0.9990641323291528,1.0,1.0,1.2238042154502966,3,node+edge+subgraph,168,0.3143511000016588,16.949282200005655,spread_mean,email-Eu-core,2
0.9749084899732982,0.9990819867993764,1.0,1.0,1.195649588459708,3,node+edge+subgraph,168,0.3107009999948786,16.949282200005655,spread_mean,email-Eu-core,3
0.9748342516375,0.999087576280972,1.0,0.979591836734694,1.2841065704711516,3,node+edge+subgraph,168,0.3162420999942696,16.949282200005655,spread_mean,email-Eu-core,4
0.9744336903131244,0.9990458929306,1.0,1.0,1.3036691441433303,3,node+edge+subgraph,168,0.3158535000038682,16.949282200005655,spread_mean,email-Eu-core,5
0.974464527367404,0.9990265612871329,1.0,1.0,1.2874789939327445,3,node+edge+subgraph,168,0.3100944999969215,16.949282200005655,spread_mean,email-Eu-core,6
0.9746716186137652,0.9990493949791576,1.0,1.0,1.1963827460115697,3,node+edge+subgraph,168,0.30833249999705,16.949282200005655,spread_mean,email-Eu-core,7
0.9745686535281948,0.999068739128851,1.0,1.0,1.2438162471595091,3,node+edge+subgraph,168,0.3103307000055793,16.949282200005655,spread_mean,email-Eu-core,8
0.9753986027713194,0.999127028223513,1.0,1.0,1.1817196514412929,3,node+edge+subgraph,168,0.3359127000003354,16.949282200005655,spread_mean,email-Eu-core,9
0.9748868414957416,0.9990839991391806,1.0,1.0,1.2029975342153818,3,node+edge+subgraph+dynamic,170,0.3173840999952517,16.949282200005655,spread_mean,email-Eu-core,0
0.9745501722134003,0.9990522804904616,1.0,1.0,1.4374483008444183,3,node+edge+subgraph+dynamic,170,0.3275154000002658,16.949282200005655,spread_mean,email-Eu-core,1
0.9747178748271376,0.9990650586953111,1.0,1.0,1.2236578671440144,3,node+edge+subgraph+dynamic,170,0.3177207000044291,16.949282200005655,spread_mean,email-Eu-core,2
0.9749290829480048,0.999082712870138,1.0,1.0,1.1958854739944285,3,node+edge+subgraph+dynamic,170,0.3111997000014526,16.949282200005655,spread_mean,email-Eu-core,3
0.9748548446970215,0.9990876764286644,1.0,0.979591836734694,1.2868969240276389,3,node+edge+subgraph+dynamic,170,0.3118109999995795,16.949282200005655,spread_mean,email-Eu-core,4
0.9743987347823204,0.9990462559719558,1.0,1.0,1.3070169300170056,3,node+edge+subgraph+dynamic,170,0.3286115000009886,16.949282200005655,spread_mean,email-Eu-core,5
0.974492301830324,0.9990302198045352,1.0,1.0,1.2865059144638618,3,node+edge+subgraph+dynamic,170,0.3202404000039678,16.949282200005655,spread_mean,email-Eu-core,6
0.9747498720787988,0.9990546840291344,1.0,1.0,1.1945074239692683,3,node+edge+subgraph+dynamic,170,0.3209399999977904,16.949282200005655,spread_mean,email-Eu-core,7
0.9745727721316176,0.9990701787519262,1.0,1.0,1.2437411624256358,3,node+edge+subgraph+dynamic,170,0.3092502999934368,16.949282200005655,spread_mean,email-Eu-core,8
0.9754274329359088,0.9991287682896484,1.0,1.0,1.1822094513110928,3,node+edge+subgraph+dynamic,170,0.3142178999987663,16.949282200005655,spread_mean,email-Eu-core,9
0.8617130038655204,0.9720801108500352,0.1111111111111111,0.3265306122448979,1.316159466290374,0,node,2,0.0169623999972827,2.560000029916409e-05,spread_cv,email-Eu-core,0
0.8566251178108718,0.9706239514009404,0.1111111111111111,0.3265306122448979,1.3221317936162944,0,node,2,0.0159835000013117,2.560000029916409e-05,spread_cv,email-Eu-core,1
0.8591904907634281,0.9708914004282744,0.0,0.2448979591836734,1.3094714344036762,0,node,2,0.0160181000028387,2.560000029916409e-05,spread_cv,email-Eu-core,2
0.8674628469903322,0.9736702180252692,0.1111111111111111,0.3877551020408163,1.3092360031863697,0,node,2,0.016379799999413,2.560000029916409e-05,spread_cv,email-Eu-core,3
0.8644026916441835,0.97301304115765,0.1111111111111111,0.4693877551020408,1.31107142145745,0,node,2,0.0163938000041525,2.560000029916409e-05,spread_cv,email-Eu-core,4
0.8473303999655616,0.966577684744955,0.2222222222222222,0.2653061224489796,1.326124295566378,0,node,2,0.0164035000052535,2.560000029916409e-05,spread_cv,email-Eu-core,5
0.8570100846242659,0.9702250732013442,0.2222222222222222,0.3061224489795918,1.3117734199340552,0,node,2,0.0179217999975662,2.560000029916409e-05,spread_cv,email-Eu-core,6
0.8564706177519649,0.9700755461928752,0.3333333333333333,0.3877551020408163,1.315261095889928,0,node,2,0.0167211000007228,2.560000029916409e-05,spread_cv,email-Eu-core,7
0.8496619108061285,0.9677397433111876,0.1111111111111111,0.2653061224489796,1.319476652213647,0,node,2,0.016258800002106,2.560000029916409e-05,spread_cv,email-Eu-core,8
0.8541220284774409,0.9689981814382258,0.1111111111111111,0.3673469387755102,1.3173939054727788,0,node,2,0.0158503999991808,2.560000029916409e-05,spread_cv,email-Eu-core,9
0.8617130038655204,0.9720801108500352,0.1111111111111111,0.3265306122448979,1.316159466290374,0,node+edge,2,0.0171027999967918,2.560000029916409e-05,spread_cv,email-Eu-core,0
0.8566251178108718,0.9706239514009404,0.1111111111111111,0.3265306122448979,1.3221317936162944,0,node+edge,2,0.0172976999965612,2.560000029916409e-05,spread_cv,email-Eu-core,1
0.8591904907634281,0.9708914004282744,0.0,0.2448979591836734,1.3094714344036762,0,node+edge,2,0.0165092999959597,2.560000029916409e-05,spread_cv,email-Eu-core,2
0.8674628469903322,0.9736702180252692,0.1111111111111111,0.3877551020408163,1.3092360031863697,0,node+edge,2,0.017473300002166,2.560000029916409e-05,spread_cv,email-Eu-core,3
0.8644026916441835,0.97301304115765,0.1111111111111111,0.4693877551020408,1.31107142145745,0,node+edge,2,0.0163163000033819,2.560000029916409e-05,spread_cv,email-Eu-core,4
0.8473303999655616,0.966577684744955,0.2222222222222222,0.2653061224489796,1.326124295566378,0,node+edge,2,0.020806900000025,2.560000029916409e-05,spread_cv,email-Eu-core,5
0.8570100846242659,0.9702250732013442,0.2222222222222222,0.3061224489795918,1.3117734199340552,0,node+edge,2,0.0212220999965211,2.560000029916409e-05,spread_cv,email-Eu-core,6
0.8564706177519649,0.9700755461928752,0.3333333333333333,0.3877551020408163,1.315261095889928,0,node+edge,2,0.0202929000006406,2.560000029916409e-05,spread_cv,email-Eu-core,7
0.8496619108061285,0.9677397433111876,0.1111111111111111,0.2653061224489796,1.319476652213647,0,node+edge,2,0.0183882999990601,2.560000029916409e-05,spread_cv,email-Eu-core,8
0.8541220284774409,0.9689981814382258,0.1111111111111111,0.3673469387755102,1.3173939054727788,0,node+edge,2,0.0167762999990372,2.560000029916409e-05,spread_cv,email-Eu-core,9
0.8617130038655204,0.9720801108500352,0.1111111111111111,0.3265306122448979,1.316159466290374,0,node+edge+subgraph,2,0.0201343000007909,2.560000029916409e-05,spread_cv,email-Eu-core,0
0.8566251178108718,0.9706239514009404,0.1111111111111111,0.3265306122448979,1.3221317936162944,0,node+edge+subgraph,2,0.0185630000050878,2.560000029916409e-05,spread_cv,email-Eu-core,1
0.8591904907634281,0.9708914004282744,0.0,0.2448979591836734,1.3094714344036762,0,node+edge+subgraph,2,0.0173259000002872,2.560000029916409e-05,spread_cv,email-Eu-core,2
0.8674628469903322,0.9736702180252692,0.1111111111111111,0.3877551020408163,1.3092360031863697,0,node+edge+subgraph,2,0.0179487999994307,2.560000029916409e-05,spread_cv,email-Eu-core,3
0.8644026916441835,0.97301304115765,0.1111111111111111,0.4693877551020408,1.31107142145745,0,node+edge+subgraph,2,0.0202311000030022,2.560000029916409e-05,spread_cv,email-Eu-core,4
0.8473303999655616,0.966577684744955,0.2222222222222222,0.2653061224489796,1.326124295566378,0,node+edge+subgraph,2,0.020101699999941,2.560000029916409e-05,spread_cv,email-Eu-core,5
0.8570100846242659,0.9702250732013442,0.2222222222222222,0.3061224489795918,1.3117734199340552,0,node+edge+subgraph,2,0.0209692999997059,2.560000029916409e-05,spread_cv,email-Eu-core,6
0.8564706177519649,0.9700755461928752,0.3333333333333333,0.3877551020408163,1.315261095889928,0,node+edge+subgraph,2,0.0216926999928546,2.560000029916409e-05,spread_cv,email-Eu-core,7
0.8496619108061285,0.9677397433111876,0.1111111111111111,0.2653061224489796,1.319476652213647,0,node+edge+subgraph,2,0.0198705000002519,2.560000029916409e-05,spread_cv,email-Eu-core,8
0.8541220284774409,0.9689981814382258,0.1111111111111111,0.3673469387755102,1.3173939054727788,0,node+edge+subgraph,2,0.0187774000005447,2.560000029916409e-05,spread_cv,email-Eu-core,9
0.8617130038655204,0.9720801108500352,0.1111111111111111,0.3265306122448979,1.316159466290374,0,node+edge+subgraph+dynamic,2,0.0213566999955219,2.560000029916409e-05,spread_cv,email-Eu-core,0
0.8566251178108718,0.9706239514009404,0.1111111111111111,0.3265306122448979,1.3221317936162944,0,node+edge+subgraph+dynamic,2,0.0203134000039426,2.560000029916409e-05,spread_cv,email-Eu-core,1
0.8591904907634281,0.9708914004282744,0.0,0.2448979591836734,1.3094714344036762,0,node+edge+subgraph+dynamic,2,0.0200415999934193,2.560000029916409e-05,spread_cv,email-Eu-core,2
0.8674628469903322,0.9736702180252692,0.1111111111111111,0.3877551020408163,1.3092360031863697,0,node+edge+subgraph+dynamic,2,0.0185981999966315,2.560000029916409e-05,spread_cv,email-Eu-core,3
0.8644026916441835,0.97301304115765,0.1111111111111111,0.4693877551020408,1.31107142145745,0,node+edge+subgraph+dynamic,2,0.0176416000031167,2.560000029916409e-05,spread_cv,email-Eu-core,4
0.8473303999655616,0.966577684744955,0.2222222222222222,0.2653061224489796,1.326124295566378,0,node+edge+subgraph+dynamic,2,0.0179773999989265,2.560000029916409e-05,spread_cv,email-Eu-core,5
0.8570100846242659,0.9702250732013442,0.2222222222222222,0.3061224489795918,1.3117734199340552,0,node+edge+subgraph+dynamic,2,0.0205303999973693,2.560000029916409e-05,spread_cv,email-Eu-core,6
0.8564706177519649,0.9700755461928752,0.3333333333333333,0.3877551020408163,1.315261095889928,0,node+edge+subgraph+dynamic,2,0.0204436000058194,2.560000029916409e-05,spread_cv,email-Eu-core,7
0.8496619108061285,0.9677397433111876,0.1111111111111111,0.2653061224489796,1.319476652213647,0,node+edge+subgraph+dynamic,2,0.0216093999988515,2.560000029916409e-05,spread_cv,email-Eu-core,8
0.8541220284774409,0.9689981814382258,0.1111111111111111,0.3673469387755102,1.3173939054727788,0,node+edge+subgraph+dynamic,2,0.0190710999959264,2.560000029916409e-05,spread_cv,email-Eu-core,9
0.9233238811600702,0.9879051882519676,0.0,0.5714285714285714,0.3823487862716451,1,node,17,0.0272405000068829,0.1823748999986492,spread_cv,email-Eu-core,0
0.9225937782585408,0.9878645188621158,0.1111111111111111,0.5306122448979592,0.3820052728403568,1,node,17,0.0255479000043123,0.1823748999986492,spread_cv,email-Eu-core,1
0.9221827063774496,0.9877596578156111,0.0,0.4897959183673469,0.3866975379177507,1,node,17,0.026943900003971,0.1823748999986492,spread_cv,email-Eu-core,2
0.9225975781229466,0.9878823887384556,0.2222222222222222,0.5510204081632653,0.3818717106652506,1,node,17,0.0264114000019617,0.1823748999986492,spread_cv,email-Eu-core,3
0.9224770284196844,0.9878690127620252,0.1111111111111111,0.4897959183673469,0.3855712388775054,1,node,17,0.0274104999989504,0.1823748999986492,spread_cv,email-Eu-core,4
0.9231101891040728,0.9879225165921508,0.0,0.4897959183673469,0.3826504374974508,1,node,17,0.0298285000026226,0.1823748999986492,spread_cv,email-Eu-core,5
0.9218068013803612,0.9877601992007748,0.2222222222222222,0.4693877551020408,0.3880467661183668,1,node,17,0.032580200000666,0.1823748999986492,spread_cv,email-Eu-core,6
0.9214765239368204,0.9876906280036488,0.0,0.4693877551020408,0.3898613740837169,1,node,17,0.0288099999961559,0.1823748999986492,spread_cv,email-Eu-core,7
0.9223537891757468,0.9878120413949606,0.2222222222222222,0.4285714285714285,0.3901651911964408,1,node,17,0.0290886000002501,0.1823748999986492,spread_cv,email-Eu-core,8
0.9220463239088216,0.987751953009076,0.0,0.5714285714285714,0.3826756280825076,1,node,17,0.0264158999998471,0.1823748999986492,spread_cv,email-Eu-core,9
0.911038074499453,0.987111655494493,0.1111111111111111,0.673469387755102,0.3367721025774879,1,node+edge,38,0.0697107999949366,0.3572692999987339,spread_cv,email-Eu-core,0
0.9105015337072024,0.987100366931444,0.0,0.6530612244897959,0.3351249565930054,1,node+edge,38,0.0665187999984482,0.3572692999987339,spread_cv,email-Eu-core,1
0.9114001471044698,0.9873335168602422,0.0,0.6326530612244898,0.3356980230060756,1,node+edge,38,0.062017399999604,0.3572692999987339,spread_cv,email-Eu-core,2
0.9115225850978824,0.9874714326745792,0.2222222222222222,0.6530612244897959,0.3334655522713929,1,node+edge,38,0.0666908000057446,0.3572692999987339,spread_cv,email-Eu-core,3
0.9117026842079216,0.9875907148378132,0.0,0.6530612244897959,0.3362148300959785,1,node+edge,38,0.0724163999984739,0.3572692999987339,spread_cv,email-Eu-core,4
0.9123234778861924,0.9876112450376168,0.3333333333333333,0.6326530612244898,0.3362252959018976,1,node+edge,38,0.0684799000009661,0.3572692999987339,spread_cv,email-Eu-core,5
0.9111507873713864,0.9873152460859672,0.1111111111111111,0.673469387755102,0.3438026035388661,1,node+edge,38,0.0688494999994873,0.3572692999987339,spread_cv,email-Eu-core,6
0.9113694399165152,0.9873818851851774,0.0,0.5918367346938775,0.3383383730774739,1,node+edge,38,0.0666255000032833,0.3572692999987339,spread_cv,email-Eu-core,7
0.9101009061437956,0.9868110902391156,0.1111111111111111,0.5714285714285714,0.3433425208404143,1,node+edge,38,0.0612440000040805,0.3572692999987339,spread_cv,email-Eu-core,8
0.9119917133958494,0.9873622063217457,0.0,0.6326530612244898,0.3334926484759357,1,node+edge,38,0.0648855999970692,0.3572692999987339,spread_cv,email-Eu-core,9
0.920963133439236,0.9910694516884176,0.3333333333333333,0.5306122448979592,0.2985114537762746,2,node,35,0.062477100000251,0.4526431999884153,spread_cv,email-Eu-core,0
0.9205029623041684,0.9908958363052944,0.2222222222222222,0.5102040816326531,0.3025863227961705,2,node,35,0.0614667000045301,0.4526431999884153,spread_cv,email-Eu-core,1
0.9198878502373457,0.9905656586095172,0.2222222222222222,0.4897959183673469,0.3093230009817079,2,node,35,0.0581997000044793,0.4526431999884153,spread_cv,email-Eu-core,2
0.9205441482111753,0.99094445175001,0.2222222222222222,0.4897959183673469,0.3036074394917433,2,node,35,0.0557487000041874,0.4526431999884153,spread_cv,email-Eu-core,3
0.9201772649050544,0.9906380184762608,0.4444444444444444,0.4897959183673469,0.3075853725740169,2,node,35,0.0593453999972553,0.4526431999884153,spread_cv,email-Eu-core,4
0.9197859971770094,0.9906163990932106,0.2222222222222222,0.4489795918367347,0.312255157993103,2,node,35,0.0570765000011306,0.4526431999884153,spread_cv,email-Eu-core,5
0.9187889596849608,0.9901971900891836,0.2222222222222222,0.4693877551020408,0.3182348850363182,2,node,35,0.0607804999963264,0.4526431999884153,spread_cv,email-Eu-core,6
0.9200806421895428,0.9907081907704866,0.2222222222222222,0.4693877551020408,0.3061974010653994,2,node,35,0.0629999000011594,0.4526431999884153,spread_cv,email-Eu-core,7
0.9202000815658242,0.99042696037456,0.3333333333333333,0.4693877551020408,0.3183050287261081,2,node,35,0.060042400000384,0.4526431999884153,spread_cv,email-Eu-core,8
0.921017786141752,0.99093299735786,0.2222222222222222,0.4693877551020408,0.3024533153484883,2,node,35,0.0590579999989131,0.4526431999884153,spread_cv,email-Eu-core,9
0.922491132162492,0.9913626465729922,0.4444444444444444,0.5102040816326531,0.279900044915466,2,node+edge,80,0.1072610999981407,0.6275375999885,spread_cv,email-Eu-core,0
0.921281375946595,0.9910620564353146,0.4444444444444444,0.5102040816326531,0.2785743668698713,2,node+edge,80,0.1099613000042154,0.6275375999885,spread_cv,email-Eu-core,1
0.9221736798442912,0.991172165553738,0.3333333333333333,0.5102040816326531,0.2851663570490043,2,node+edge,80,0.1054327000019839,0.6275375999885,spread_cv,email-Eu-core,2
0.921442000983921,0.991172099969954,0.4444444444444444,0.5306122448979592,0.282913014669242,2,node+edge,80,0.1088467999943532,0.6275375999885,spread_cv,email-Eu-core,3
0.9215487612570444,0.9909352317897372,0.4444444444444444,0.4897959183673469,0.2780965847603692,2,node+edge,80,0.1067906999960541,0.6275375999885,spread_cv,email-Eu-core,4
0.9205202208222396,0.990755050472356,0.3333333333333333,0.5102040816326531,0.3351344600249286,2,node+edge,80,0.1083849999995436,0.6275375999885,spread_cv,email-Eu-core,5
0.9201327431940508,0.9907131353883718,0.3333333333333333,0.4897959183673469,0.2916040476739825,2,node+edge,80,0.1077386999968439,0.6275375999885,spread_cv,email-Eu-core,6
0.9214933217090114,0.9911137388474436,0.4444444444444444,0.5306122448979592,0.2834973471437764,2,node+edge,80,0.1031845000034081,0.6275375999885,spread_cv,email-Eu-core,7
0.9187709276496268,0.9902800437105872,0.4444444444444444,0.5510204081632653,0.3029429148183141,2,node+edge,80,0.1050542000011773,0.6275375999885,spread_cv,email-Eu-core,8
0.9226569852406185,0.9914168609265857,0.3333333333333333,0.5306122448979592,0.2789100660389115,2,node+edge,80,0.0971014999959152,0.6275375999885,spread_cv,email-Eu-core,9
0.9317620893755616,0.9923057749368104,0.3333333333333333,0.5102040816326531,0.2462898521465947,2,node+edge+subgraph,144,0.2969130000055884,16.57047499998771,spread_cv,email-Eu-core,0
0.9325333657408226,0.9922638412449292,0.3333333333333333,0.5306122448979592,0.2469480104870573,2,node+edge+subgraph,144,0.2103843000004417,16.57047499998771,spread_cv,email-Eu-core,1
0.9297189768531644,0.9870158610566692,0.3333333333333333,0.5306122448979592,0.3449308026068498,2,node+edge+subgraph,144,0.2296685000037541,16.57047499998771,spread_cv,email-Eu-core,2
0.9321956413033676,0.992197462103535,0.3333333333333333,0.5306122448979592,0.250259700512278,2,node+edge+subgraph,144,0.2272532000060891,16.57047499998771,spread_cv,email-Eu-core,3
0.930506732925446,0.987482064252494,0.3333333333333333,0.4897959183673469,0.3784625009598394,2,node+edge+subgraph,144,0.217330800005584,16.57047499998771,spread_cv,email-Eu-core,4
0.928690426945784,0.9868237058425432,0.3333333333333333,0.4897959183673469,0.5400176095478028,2,node+edge+subgraph,144,0.2127259000044432,16.57047499998771,spread_cv,email-Eu-core,5
0.929494367331414,0.9906597691862316,0.2222222222222222,0.4693877551020408,0.2712124140156262,2,node+edge+subgraph,144,0.2197567000039271,16.57047499998771,spread_cv,email-Eu-core,6
0.9302082775783874,0.99065015518323,0.3333333333333333,0.5102040816326531,0.2599153216742043,2,node+edge+subgraph,144,0.208988300000783,16.57047499998771,spread_cv,email-Eu-core,7
0.9301876845824768,0.9899688097211792,0.3333333333333333,0.5306122448979592,0.2789922701890868,2,node+edge+subgraph,144,0.2097438999990117,16.57047499998771,spread_cv,email-Eu-core,8
0.9321091508986536,0.9916063278393626,0.3333333333333333,0.5102040816326531,0.2475575053325353,2,node+edge+subgraph,144,0.2108110999979544,16.57047499998771,spread_cv,email-Eu-core,9
0.9317662079705028,0.9922967616445986,0.3333333333333333,0.5102040816326531,0.2463087879927384,2,node+edge+subgraph+dynamic,145,0.4010685999965062,16.57047499998771,spread_cv,email-Eu-core,0
0.93251689137802,0.992262677028022,0.3333333333333333,0.5306122448979592,0.2469368103126343,2,node+edge+subgraph+dynamic,145,0.2269586000038543,16.57047499998771,spread_cv,email-Eu-core,1
0.9297230954650688,0.9870153352812836,0.3333333333333333,0.5306122448979592,0.3449325811028341,2,node+edge+subgraph+dynamic,145,0.2634792000026209,16.57047499998771,spread_cv,email-Eu-core,2
0.9321709297591638,0.9921882860713536,0.3333333333333333,0.5306122448979592,0.2502763881314642,2,node+edge+subgraph+dynamic,145,0.2102946000013617,16.57047499998771,spread_cv,email-Eu-core,3
0.9304984957101188,0.9874812630709564,0.3333333333333333,0.4897959183673469,0.3784482830368333,2,node+edge+subgraph+dynamic,145,0.2186380999992252,16.57047499998771,spread_cv,email-Eu-core,4
0.9286934424889672,0.986824604000924,0.3333333333333333,0.4897959183673469,0.5400255045683107,2,node+edge+subgraph+dynamic,145,0.271527299999434,16.57047499998771,spread_cv,email-Eu-core,5
0.9294891464654044,0.9906589460681424,0.2222222222222222,0.4693877551020408,0.2712160608070545,2,node+edge+subgraph+dynamic,145,0.2130550000001676,16.57047499998771,spread_cv,email-Eu-core,6
0.9302123961775696,0.9906568275231796,0.3333333333333333,0.5102040816326531,0.2599087167490433,2,node+edge+subgraph+dynamic,145,0.2118659000043408,16.57047499998771,spread_cv,email-Eu-core,7
0.9301876845824768,0.989968421648873,0.3333333333333333,0.5306122448979592,0.2789788337080593,2,node+edge+subgraph+dynamic,145,0.2130533000017749,16.57047499998771,spread_cv,email-Eu-core,8
0.9321173880800552,0.9916071415393516,0.3333333333333333,0.5102040816326531,0.2475728691976943,2,node+edge+subgraph+dynamic,145,0.2659225000024889,16.57047499998771,spread_cv,email-Eu-core,9
0.930353529905606,0.9909345903036976,0.2222222222222222,0.4897959183673469,0.268247869626348,3,node,45,0.083583899999212,0.8314504000063607,spread_cv,email-Eu-core,0
0.9278958326118693,0.9903902532060987,0.2222222222222222,0.5510204081632653,0.2866376788390107,3,node,45,0.0798432000010507,0.8314504000063607,spread_cv,email-Eu-core,1
0.9285833431465296,0.9906124557778307,0.2222222222222222,0.4693877551020408,0.2930888887303394,3,node,45,0.0795265000051586,0.8314504000063607,spread_cv,email-Eu-core,2
0.9296956567480616,0.9907500901188389,0.1111111111111111,0.5714285714285714,0.2669438215087599,3,node,45,0.0813201999990269,0.8314504000063607,spread_cv,email-Eu-core,3
0.9301566512740372,0.9912245960278387,0.4444444444444444,0.5102040816326531,0.2582555503051265,3,node,45,0.0756213999993633,0.8314504000063607,spread_cv,email-Eu-core,4
0.928732716047447,0.9904132714369276,0.3333333333333333,0.5102040816326531,0.2926582438276051,3,node,45,0.0723612000001594,0.8314504000063607,spread_cv,email-Eu-core,5
0.9276739371208048,0.9900837697274298,0.2222222222222222,0.5102040816326531,0.2878326436794524,3,node,45,0.0749198000048636,0.8314504000063607,spread_cv,email-Eu-core,6
0.9289356304311108,0.9904899188767398,0.1111111111111111,0.5306122448979592,0.2832836078621765,3,node,45,0.0742890000037732,0.8314504000063607,spread_cv,email-Eu-core,7
0.9302988867603944,0.990519246472618,0.2222222222222222,0.5714285714285714,0.2825813445619246,3,node,45,0.0708480000030249,0.8314504000063607,spread_cv,email-Eu-core,8
0.9307211858325284,0.9912012053926302,0.1111111111111111,0.5306122448979592,0.2579285206860651,3,node,45,0.0710653999994974,0.8314504000063607,spread_cv,email-Eu-core,9
0.9439407746172528,0.993207104157996,0.3333333333333333,0.6938775510204082,0.22170167169489,3,node+edge,93,0.1366571999969892,1.0063448000064454,spread_cv,email-Eu-core,0
0.9440777754747978,0.9930943284904228,0.3333333333333333,0.6530612244897959,0.2243902952401932,3,node+edge,93,0.1354261999949813,1.0063448000064454,spread_cv,email-Eu-core,1
0.943603905295799,0.99290012951037,0.4444444444444444,0.5918367346938775,0.2251580152128528,3,node+edge,93,0.1411597999976948,1.0063448000064454,spread_cv,email-Eu-core,2
0.9427515892691825,0.9930016981355436,0.3333333333333333,0.6530612244897959,0.2273104168844455,3,node+edge,93,0.1281328999975812,1.0063448000064454,spread_cv,email-Eu-core,3
0.9433485516206538,0.99340221996513,0.3333333333333333,0.7142857142857143,0.2114095608489267,3,node+edge,93,0.1278172999955131,1.0063448000064454,spread_cv,email-Eu-core,4
0.9442422894836622,0.9930489740178772,0.3333333333333333,0.7142857142857143,0.2282193867949859,3,node+edge,93,0.1239413000002969,1.0063448000064454,spread_cv,email-Eu-core,5
0.9427110201500672,0.9926834411090478,0.3333333333333333,0.673469387755102,0.2252090517759653,3,node+edge,93,0.1234097999986261,1.0063448000064454,spread_cv,email-Eu-core,6
0.9420698432229068,0.9927867936641216,0.3333333333333333,0.673469387755102,0.2295382025765396,3,node+edge,93,0.1385590999998385,1.0063448000064454,spread_cv,email-Eu-core,7
0.9426835145010436,0.992641976949488,0.3333333333333333,0.6530612244897959,0.2344092849023709,3,node+edge,93,0.1279427999979816,1.0063448000064454,spread_cv,email-Eu-core,8
0.9440983684283012,0.9932818237455348,0.3333333333333333,0.673469387755102,0.2176754015403445,3,node+edge,93,0.1236654999956954,1.0063448000064454,spread_cv,email-Eu-core,9
0.9409012515505067,0.9875991714468544,0.4444444444444444,0.6530612244897959,0.3096646750455956,3,node+edge+subgraph,168,0.3431601999982376,16.949282200005655,spread_cv,email-Eu-core,0
0.9464995068067912,0.9934574765361942,0.4444444444444444,0.6326530612244898,0.2484499633134835,3,node+edge+subgraph,168,0.3076752999986638,16.949282200005655,spread_cv,email-Eu-core,1
0.9461234080684164,0.993353570073236,0.4444444444444444,0.6326530612244898,0.2595699622510931,3,node+edge+subgraph,168,0.3092307000042638,16.949282200005655,spread_cv,email-Eu-core,2
0.9450003397917476,0.993305896746742,0.4444444444444444,0.6326530612244898,0.3245757932810842,3,node+edge+subgraph,168,0.3110597999984748,16.949282200005655,spread_cv,email-Eu-core,3
0.9442093406223532,0.9932065814484502,0.4444444444444444,0.6122448979591837,0.2339987812248963,3,node+edge+subgraph,168,0.3081131999933859,16.949282200005655,spread_cv,email-Eu-core,4
0.9441187312537532,0.9928494047042792,0.4444444444444444,0.6326530612244898,0.2280049861048242,3,node+edge+subgraph,168,0.3145720000029541,16.949282200005655,spread_cv,email-Eu-core,5
0.9451440386718964,0.9930681615813072,0.4444444444444444,0.6326530612244898,0.2371389118946988,3,node+edge+subgraph,168,0.3216543999951682,16.949282200005655,spread_cv,email-Eu-core,6
0.9457642266892728,0.9933430765353324,0.4444444444444444,0.6530612244897959,0.2430781794314186,3,node+edge+subgraph,168,0.3124609000005875,16.949282200005655,spread_cv,email-Eu-core,7
0.9449363882536655,0.9929783104541712,0.4444444444444444,0.6326530612244898,0.2256092515440926,3,node+edge+subgraph,168,0.3184722000005422,16.949282200005655,spread_cv,email-Eu-core,8
0.9445431762239732,0.9934271505635346,0.4444444444444444,0.6326530612244898,0.2285466242249123,3,node+edge+subgraph,168,0.3152719999998226,16.949282200005655,spread_cv,email-Eu-core,9
0.9413337040193528,0.9887976263494962,0.4444444444444444,0.673469387755102,0.2918412416998285,3,node+edge+subgraph+dynamic,170,0.3155352999965544,16.949282200005655,spread_cv,email-Eu-core,0
0.9467095549325252,0.9934859685542636,0.4444444444444444,0.6326530612244898,0.2493086728190769,3,node+edge+subgraph+dynamic,170,0.3238745000053313,16.949282200005655,spread_cv,email-Eu-core,1
0.9460904591731814,0.9933533071855432,0.4444444444444444,0.6326530612244898,0.2605593245073337,3,node+edge+subgraph+dynamic,170,0.3174600999991526,16.949282200005655,spread_cv,email-Eu-core,2
0.9455234008107326,0.9933718064458348,0.4444444444444444,0.6530612244897959,0.2859653383466104,3,node+edge+subgraph+dynamic,170,0.3152798000010079,16.949282200005655,spread_cv,email-Eu-core,3
0.944201103407026,0.9931441643992972,0.4444444444444444,0.6122448979591837,0.239339486197298,3,node+edge+subgraph+dynamic,170,0.3176500999979907,16.949282200005655,spread_cv,email-Eu-core,4
0.944448219866844,0.9928865219426944,0.4444444444444444,0.6326530612244898,0.2292973630599768,3,node+edge+subgraph+dynamic,170,0.3215588000020943,16.949282200005655,spread_cv,email-Eu-core,5
0.9453057509932432,0.9930844449920304,0.4444444444444444,0.6326530612244898,0.2375285416401242,3,node+edge+subgraph+dynamic,170,0.3174084000056609,16.949282200005655,spread_cv,email-Eu-core,6
0.9459166148590116,0.9933609654167366,0.4444444444444444,0.6530612244897959,0.2441967961739101,3,node+edge+subgraph+dynamic,170,0.3083905000021332,16.949282200005655,spread_cv,email-Eu-core,7
0.9450022858405798,0.9929880748541284,0.4444444444444444,0.6326530612244898,0.2257701117812684,3,node+edge+subgraph+dynamic,170,0.3206606000021565,16.949282200005655,spread_cv,email-Eu-core,8
0.9449385609312376,0.9934815057227864,0.4444444444444444,0.6326530612244898,0.2310026581519039,3,node+edge+subgraph+dynamic,170,0.3218567000003531,16.949282200005655,spread_cv,email-Eu-core,9
0.7926716796557018,0.9290413944525052,0.6666666666666666,0.7346938775510204,1387.1984556586644,0,node,2,0.0175792999943951,2.560000029916409e-05,betweenness,email-Eu-core,0
0.7862988991785377,0.9268082285177353,0.7777777777777778,0.7551020408163265,1395.9348950447927,0,node,2,0.0177858999959426,2.560000029916409e-05,betweenness,email-Eu-core,1
0.787635190233446,0.9254148668393536,0.7777777777777778,0.7551020408163265,1368.72646270705,0,node,2,0.0166460999971604,2.560000029916409e-05,betweenness,email-Eu-core,2
0.7894274995700321,0.9267703847047848,0.7777777777777778,0.7551020408163265,1373.3861709692244,0,node,2,0.0179495999982464,2.560000029916409e-05,betweenness,email-Eu-core,3
0.7891638388972232,0.9271109437318236,0.7777777777777778,0.7346938775510204,1372.568058306633,0,node,2,0.0173682000022381,2.560000029916409e-05,betweenness,email-Eu-core,4
0.7798797914112572,0.9224494618506608,0.6666666666666666,0.7142857142857143,1472.8325197496863,0,node,2,0.0167818000045372,2.560000029916409e-05,betweenness,email-Eu-core,5
0.7892720666603822,0.926800099892467,0.7777777777777778,0.7551020408163265,1372.9561628090064,0,node,2,0.0163039999970351,2.560000029916409e-05,betweenness,email-Eu-core,6
0.7885482800445341,0.9262487115455876,0.7777777777777778,0.7346938775510204,1380.1337188250482,0,node,2,0.016978999999992,2.560000029916409e-05,betweenness,email-Eu-core,7
0.7874533545088346,0.9256361660007886,0.7777777777777778,0.7551020408163265,1376.2809011954305,0,node,2,0.0172182000023894,2.560000029916409e-05,betweenness,email-Eu-core,8
0.7895800024320764,0.9276299255697588,0.6666666666666666,0.7346938775510204,1373.382113785012,0,node,2,0.016854699999385,2.560000029916409e-05,betweenness,email-Eu-core,9
0.7926716796557018,0.9290413944525052,0.6666666666666666,0.7346938775510204,1387.1984556586644,0,node+edge,2,0.0188190999979269,2.560000029916409e-05,betweenness,email-Eu-core,0
0.7862988991785377,0.9268082285177353,0.7777777777777778,0.7551020408163265,1395.9348950447927,0,node+edge,2,0.0165769000013824,2.560000029916409e-05,betweenness,email-Eu-core,1
0.787635190233446,0.9254148668393536,0.7777777777777778,0.7551020408163265,1368.72646270705,0,node+edge,2,0.0186381999956211,2.560000029916409e-05,betweenness,email-Eu-core,2
0.7894274995700321,0.9267703847047848,0.7777777777777778,0.7551020408163265,1373.3861709692244,0,node+edge,2,0.0164707000003545,2.560000029916409e-05,betweenness,email-Eu-core,3
0.7891638388972232,0.9271109437318236,0.7777777777777778,0.7346938775510204,1372.568058306633,0,node+edge,2,0.0170542999985627,2.560000029916409e-05,betweenness,email-Eu-core,4
0.7798797914112572,0.9224494618506608,0.6666666666666666,0.7142857142857143,1472.8325197496863,0,node+edge,2,0.0169430000023567,2.560000029916409e-05,betweenness,email-Eu-core,5
0.7892720666603822,0.926800099892467,0.7777777777777778,0.7551020408163265,1372.9561628090064,0,node+edge,2,0.0189941999997245,2.560000029916409e-05,betweenness,email-Eu-core,6
0.7885482800445341,0.9262487115455876,0.7777777777777778,0.7346938775510204,1380.1337188250482,0,node+edge,2,0.0210110999978496,2.560000029916409e-05,betweenness,email-Eu-core,7
0.7874533545088346,0.9256361660007886,0.7777777777777778,0.7551020408163265,1376.2809011954305,0,node+edge,2,0.0210489999954006,2.560000029916409e-05,betweenness,email-Eu-core,8
0.7895800024320764,0.9276299255697588,0.6666666666666666,0.7346938775510204,1373.382113785012,0,node+edge,2,0.020510499998636,2.560000029916409e-05,betweenness,email-Eu-core,9
0.7926716796557018,0.9290413944525052,0.6666666666666666,0.7346938775510204,1387.1984556586644,0,node+edge+subgraph,2,0.0189590000009047,2.560000029916409e-05,betweenness,email-Eu-core,0
0.7862988991785377,0.9268082285177353,0.7777777777777778,0.7551020408163265,1395.9348950447927,0,node+edge+subgraph,2,0.0193182000002707,2.560000029916409e-05,betweenness,email-Eu-core,1
0.787635190233446,0.9254148668393536,0.7777777777777778,0.7551020408163265,1368.72646270705,0,node+edge+subgraph,2,0.0178707000013673,2.560000029916409e-05,betweenness,email-Eu-core,2
0.7894274995700321,0.9267703847047848,0.7777777777777778,0.7551020408163265,1373.3861709692244,0,node+edge+subgraph,2,0.0179399000044213,2.560000029916409e-05,betweenness,email-Eu-core,3
0.7891638388972232,0.9271109437318236,0.7777777777777778,0.7346938775510204,1372.568058306633,0,node+edge+subgraph,2,0.01863289999892,2.560000029916409e-05,betweenness,email-Eu-core,4
0.7798797914112572,0.9224494618506608,0.6666666666666666,0.7142857142857143,1472.8325197496863,0,node+edge+subgraph,2,0.0201823000024887,2.560000029916409e-05,betweenness,email-Eu-core,5
0.7892720666603822,0.926800099892467,0.7777777777777778,0.7551020408163265,1372.9561628090064,0,node+edge+subgraph,2,0.0179025999968871,2.560000029916409e-05,betweenness,email-Eu-core,6
0.7885482800445341,0.9262487115455876,0.7777777777777778,0.7346938775510204,1380.1337188250482,0,node+edge+subgraph,2,0.0175315000014961,2.560000029916409e-05,betweenness,email-Eu-core,7
0.7874533545088346,0.9256361660007886,0.7777777777777778,0.7551020408163265,1376.2809011954305,0,node+edge+subgraph,2,0.0177685000016936,2.560000029916409e-05,betweenness,email-Eu-core,8
0.7895800024320764,0.9276299255697588,0.6666666666666666,0.7346938775510204,1373.382113785012,0,node+edge+subgraph,2,0.0192716000019572,2.560000029916409e-05,betweenness,email-Eu-core,9
0.7926716796557018,0.9290413944525052,0.6666666666666666,0.7346938775510204,1387.1984556586644,0,node+edge+subgraph+dynamic,2,0.0192871000035665,2.560000029916409e-05,betweenness,email-Eu-core,0
0.7862988991785377,0.9268082285177353,0.7777777777777778,0.7551020408163265,1395.9348950447927,0,node+edge+subgraph+dynamic,2,0.0171015000014449,2.560000029916409e-05,betweenness,email-Eu-core,1
0.787635190233446,0.9254148668393536,0.7777777777777778,0.7551020408163265,1368.72646270705,0,node+edge+subgraph+dynamic,2,0.0179204000014578,2.560000029916409e-05,betweenness,email-Eu-core,2
0.7894274995700321,0.9267703847047848,0.7777777777777778,0.7551020408163265,1373.3861709692244,0,node+edge+subgraph+dynamic,2,0.0166634000051999,2.560000029916409e-05,betweenness,email-Eu-core,3
0.7891638388972232,0.9271109437318236,0.7777777777777778,0.7346938775510204,1372.568058306633,0,node+edge+subgraph+dynamic,2,0.0180783999967388,2.560000029916409e-05,betweenness,email-Eu-core,4
0.7798797914112572,0.9224494618506608,0.6666666666666666,0.7142857142857143,1472.8325197496863,0,node+edge+subgraph+dynamic,2,0.0172501999986707,2.560000029916409e-05,betweenness,email-Eu-core,5
0.7892720666603822,0.926800099892467,0.7777777777777778,0.7551020408163265,1372.9561628090064,0,node+edge+subgraph+dynamic,2,0.0175772000002325,2.560000029916409e-05,betweenness,email-Eu-core,6
0.7885482800445341,0.9262487115455876,0.7777777777777778,0.7346938775510204,1380.1337188250482,0,node+edge+subgraph+dynamic,2,0.0189220999964163,2.560000029916409e-05,betweenness,email-Eu-core,7
0.7874533545088346,0.9256361660007886,0.7777777777777778,0.7551020408163265,1376.2809011954305,0,node+edge+subgraph+dynamic,2,0.0226660999978776,2.560000029916409e-05,betweenness,email-Eu-core,8
0.7895800024320764,0.9276299255697588,0.6666666666666666,0.7346938775510204,1373.382113785012,0,node+edge+subgraph+dynamic,2,0.0195117999974172,2.560000029916409e-05,betweenness,email-Eu-core,9
0.6155783295525479,0.7967735858079129,0.8888888888888888,0.8367346938775511,673.1935628378387,1,node,17,0.027856900000188,0.1823748999986492,betweenness,email-Eu-core,0
0.6149332045761267,0.794263088333422,0.8888888888888888,0.8367346938775511,668.2451033391566,1,node,17,0.0263402999989921,0.1823748999986492,betweenness,email-Eu-core,1
0.6111438632286021,0.7928604360705748,0.8888888888888888,0.8163265306122449,688.3852011528709,1,node,17,0.0296644999980344,0.1823748999986492,betweenness,email-Eu-core,2
0.6094446816584935,0.7899478609858849,1.0,0.8367346938775511,671.1524196544033,1,node,17,0.0259995000014896,0.1823748999986492,betweenness,email-Eu-core,3
0.6123283246703717,0.7934799917694311,0.8888888888888888,0.8163265306122449,693.6459594788769,1,node,17,0.0258480999982566,0.1823748999986492,betweenness,email-Eu-core,4
0.6236139382523598,0.8045516670835293,0.8888888888888888,0.8367346938775511,827.9888595311911,1,node,17,0.0278888000029837,0.1823748999986492,betweenness,email-Eu-core,5
0.6132025968151142,0.794561580619131,0.8888888888888888,0.7959183673469388,702.7297297598557,1,node,17,0.0282850000003236,0.1823748999986492,betweenness,email-Eu-core,6
0.6176293628015872,0.7986639193088134,0.8888888888888888,0.8367346938775511,671.5280863542426,1,node,17,0.0274139999964972,0.1823748999986492,betweenness,email-Eu-core,7
0.6128167821404746,0.7935479969449701,0.8888888888888888,0.7959183673469388,690.4877242160699,1,node,17,0.0263937000054284,0.1823748999986492,betweenness,email-Eu-core,8
0.6138807973751114,0.7951451940627152,0.8888888888888888,0.8367346938775511,679.2912623495633,1,node,17,0.0253421000015805,0.1823748999986492,betweenness,email-Eu-core,9
0.6691470926578476,0.8471174444853903,0.8888888888888888,0.8571428571428571,493.0938504763289,1,node+edge,38,0.0633309000040753,0.3572692999987339,betweenness,email-Eu-core,0
0.6633227707709904,0.8412515667601621,0.7777777777777778,0.8571428571428571,534.3266643654079,1,node+edge,38,0.0611318000010214,0.3572692999987339,betweenness,email-Eu-core,1
0.6702733420010426,0.8484322935443722,0.8888888888888888,0.8775510204081632,479.7223365976861,1,node+edge,38,0.0566579000005731,0.3572692999987339,betweenness,email-Eu-core,2
0.6682631364048045,0.8462012507662647,0.8888888888888888,0.8367346938775511,480.3277677617693,1,node+edge,38,0.0599230000007082,0.3572692999987339,betweenness,email-Eu-core,3
0.6661265601285687,0.8451055392584763,0.8888888888888888,0.8571428571428571,493.105506420062,1,node+edge,38,0.0569780000005266,0.3572692999987339,betweenness,email-Eu-core,4
0.6763747337550714,0.853954510235862,0.8888888888888888,0.8571428571428571,594.5051122953304,1,node+edge,38,0.0586679999978514,0.3572692999987339,betweenness,email-Eu-core,5
0.6697921329264007,0.8485000584158167,0.8888888888888888,0.8367346938775511,492.059476759082,1,node+edge,38,0.0589410000029602,0.3572692999987339,betweenness,email-Eu-core,6
0.6697484020375153,0.8484467899190631,0.8888888888888888,0.8367346938775511,480.4056821662135,1,node+edge,38,0.0631002000009175,0.3572692999987339,betweenness,email-Eu-core,7
0.6652648963972131,0.8438131541663154,0.8888888888888888,0.8367346938775511,501.8784358041718,1,node+edge,38,0.0614391000053728,0.3572692999987339,betweenness,email-Eu-core,8
0.6723071477567805,0.8504077874922615,0.8888888888888888,0.8571428571428571,473.4555151658936,1,node+edge,38,0.0576839999994263,0.3572692999987339,betweenness,email-Eu-core,9
0.5918750941010115,0.7676227675027895,0.8888888888888888,0.8367346938775511,619.1373613157139,2,node,35,0.0592692999998689,0.4526431999884153,betweenness,email-Eu-core,0
0.5984528583392248,0.7750688729650267,0.8888888888888888,0.8367346938775511,583.7144110524114,2,node,35,0.0703940999956103,0.4526431999884153,betweenness,email-Eu-core,1
0.5974935504114823,0.7745713559722024,0.8888888888888888,0.7959183673469388,636.4466001994756,2,node,35,0.0628962999981013,0.4526431999884153,betweenness,email-Eu-core,2
0.5912662246659226,0.7662556290835529,0.8888888888888888,0.8367346938775511,613.7418211483764,2,node,35,0.0708822999949916,0.4526431999884153,betweenness,email-Eu-core,3
0.5974137777451823,0.7729932049748334,1.0,0.8163265306122449,635.1506327812202,2,node,35,0.058509900001809,0.4526431999884153,betweenness,email-Eu-core,4
0.601171054553163,0.7790163709424988,0.8888888888888888,0.8367346938775511,771.985744048513,2,node,35,0.0537474999946425,0.4526431999884153,betweenness,email-Eu-core,5
0.5905330698784615,0.7655407613014947,0.8888888888888888,0.8163265306122449,638.9656207701177,2,node,35,0.0551057000047876,0.4526431999884153,betweenness,email-Eu-core,6
0.5994123105356707,0.7744455337124544,1.0,0.8367346938775511,608.7413505835974,2,node,35,0.0546315999963553,0.4526431999884153,betweenness,email-Eu-core,7
0.5986998949479313,0.7735584984627186,0.8888888888888888,0.7959183673469388,620.3164148637791,2,node,35,0.0534762999959639,0.4526431999884153,betweenness,email-Eu-core,8
0.5937784218282421,0.7704417268094623,0.8888888888888888,0.8163265306122449,620.1626255640723,2,node,35,0.0534509999997681,0.4526431999884153,betweenness,email-Eu-core,9
0.6365614199847667,0.8112733511627521,0.8888888888888888,0.8979591836734694,415.9825517213792,2,node+edge,80,0.1150467000043136,0.6275375999885,betweenness,email-Eu-core,0
0.6377897830599895,0.813094681382225,0.7777777777777778,0.8979591836734694,437.8372644644546,2,node+edge,80,0.0973312999994959,0.6275375999885,betweenness,email-Eu-core,1
0.6379417355569622,0.8130112345416245,0.8888888888888888,0.9183673469387756,410.7340009618203,2,node+edge,80,0.1007822999963536,0.6275375999885,betweenness,email-Eu-core,2
0.6341360568388381,0.8078941634900275,0.8888888888888888,0.8775510204081632,415.6966013787544,2,node+edge,80,0.0994478999928105,0.6275375999885,betweenness,email-Eu-core,3
0.6391172556331937,0.8138213286078132,0.8888888888888888,0.9183673469387756,413.6359807307008,2,node+edge,80,0.1028478000007453,0.6275375999885,betweenness,email-Eu-core,4
0.6300509957177151,0.8060873597544628,0.8888888888888888,0.8979591836734694,568.0291106351955,2,node+edge,80,0.0995708000045851,0.6275375999885,betweenness,email-Eu-core,5
0.6364153696482684,0.8103315246686644,0.8888888888888888,0.8571428571428571,416.5986392724968,2,node+edge,80,0.1035334999978658,0.6275375999885,betweenness,email-Eu-core,6
0.6301378366150763,0.8048290317959249,0.8888888888888888,0.8775510204081632,404.7639673091266,2,node+edge,80,0.0991963999986182,0.6275375999885,betweenness,email-Eu-core,7
0.6280047560248857,0.802020311584265,0.8888888888888888,0.8979591836734694,435.1226464946134,2,node+edge,80,0.0982769999973243,0.6275375999885,betweenness,email-Eu-core,8
0.6375898071664714,0.8118171006057603,0.8888888888888888,0.9183673469387756,407.7419704460536,2,node+edge,80,0.0984944000010727,0.6275375999885,betweenness,email-Eu-core,9
0.6847431614397013,0.8535562470364453,0.8888888888888888,0.9183673469387756,387.1741292173581,2,node+edge+subgraph,144,0.2562803999971947,16.57047499998771,betweenness,email-Eu-core,0
0.6828801808838442,0.8505176989499993,0.8888888888888888,0.8775510204081632,444.7906893433731,2,node+edge+subgraph,144,0.2280243000059272,16.57047499998771,betweenness,email-Eu-core,1
0.6849410871307198,0.854601009771,0.7777777777777778,0.8775510204081632,328.0993980650936,2,node+edge+subgraph,144,0.2156998999998904,16.57047499998771,betweenness,email-Eu-core,2
0.6794264305562108,0.8492264807970809,0.8888888888888888,0.8775510204081632,319.9615201700817,2,node+edge+subgraph,144,0.2099651000025915,16.57047499998771,betweenness,email-Eu-core,3
0.6869491866653873,0.8544806998939114,0.7777777777777778,0.9183673469387756,343.7265403345384,2,node+edge+subgraph,144,0.2041114999956335,16.57047499998771,betweenness,email-Eu-core,4
0.682474707619261,0.8510856890909158,0.7777777777777778,0.8775510204081632,614.4927261910115,2,node+edge+subgraph,144,0.2202045000012731,16.57047499998771,betweenness,email-Eu-core,5
0.6757234145341421,0.8457166362857271,0.8888888888888888,0.8979591836734694,428.980686302563,2,node+edge+subgraph,144,0.2135157000011531,16.57047499998771,betweenness,email-Eu-core,6
0.6868936117716518,0.8547302052406881,0.8888888888888888,0.8979591836734694,350.6524005274338,2,node+edge+subgraph,144,0.2190935000035097,16.57047499998771,betweenness,email-Eu-core,7
0.6817567204284779,0.8498807191828815,0.8888888888888888,0.8979591836734694,411.8408729161629,2,node+edge+subgraph,144,0.2153502000001026,16.57047499998771,betweenness,email-Eu-core,8
0.6848216135167478,0.853737185702935,0.7777777777777778,0.8979591836734694,327.5351185783413,2,node+edge+subgraph,144,0.2102978999973856,16.57047499998771,betweenness,email-Eu-core,9
0.6847223305960113,0.8535499142777045,0.8888888888888888,0.9183673469387756,387.11189534785785,2,node+edge+subgraph+dynamic,145,0.4219916000001831,16.57047499998771,betweenness,email-Eu-core,0
0.68279269143043,0.8503872942808121,0.8888888888888888,0.8775510204081632,444.68755495470793,2,node+edge+subgraph+dynamic,145,0.2873724000019138,16.57047499998771,betweenness,email-Eu-core,1
0.684945253312327,0.8546078441344577,0.7777777777777778,0.8775510204081632,328.0929892277616,2,node+edge+subgraph+dynamic,145,0.2918672000014339,16.57047499998771,betweenness,email-Eu-core,2
0.6794055997339694,0.84920541967179,0.8888888888888888,0.8775510204081632,319.9654857311931,2,node+edge+subgraph+dynamic,145,0.2916791000025114,16.57047499998771,betweenness,email-Eu-core,3
0.6869533528469945,0.8544825621012022,0.7777777777777778,0.9183673469387756,343.74447048837675,2,node+edge+subgraph+dynamic,145,0.2903327999956673,16.57047499998771,betweenness,email-Eu-core,4
0.6824573401938979,0.8510668511725168,0.7777777777777778,0.8775510204081632,614.3456181344246,2,node+edge+subgraph+dynamic,145,0.2907563999979174,16.57047499998771,betweenness,email-Eu-core,5
0.6756824483174916,0.8456816520070908,0.8888888888888888,0.8979591836734694,429.0070607368376,2,node+edge+subgraph+dynamic,145,0.2951357000056305,16.57047499998771,betweenness,email-Eu-core,6
0.68686028238743,0.8547074574696153,0.8888888888888888,0.8979591836734694,350.6396389514136,2,node+edge+subgraph+dynamic,145,0.3002593999990495,16.57047499998771,betweenness,email-Eu-core,7
0.6818150468508659,0.8499029089188459,0.8888888888888888,0.8979591836734694,411.8415746505568,2,node+edge+subgraph+dynamic,145,0.2951131000008899,16.57047499998771,betweenness,email-Eu-core,8
0.6848132811878512,0.8537185260099116,0.7777777777777778,0.8979591836734694,327.54850606642344,2,node+edge+subgraph+dynamic,145,0.2925325999967754,16.57047499998771,betweenness,email-Eu-core,9
0.5717400005902722,0.744864638365084,1.0,0.8775510204081632,524.7592077410283,3,node,45,0.0728821000011521,0.8314504000063607,betweenness,email-Eu-core,0
0.5768512956748354,0.7488801881784567,1.0,0.8571428571428571,473.3004070347214,3,node,45,0.0663263000024017,0.8314504000063607,betweenness,email-Eu-core,1
0.5770334114715472,0.7497487471742533,1.0,0.8775510204081632,536.2188636738325,3,node,45,0.0740078000017092,0.8314504000063607,betweenness,email-Eu-core,2
0.5707020369491577,0.7416846757275207,1.0,0.8571428571428571,516.4739628540319,3,node,45,0.0756476999958977,0.8314504000063607,betweenness,email-Eu-core,3
0.5785368088829866,0.7502421357090089,1.0,0.8775510204081632,532.9984278322629,3,node,45,0.0700746999937109,0.8314504000063607,betweenness,email-Eu-core,4
0.5776827416535117,0.752423902786922,0.7777777777777778,0.8571428571428571,680.4973106770201,3,node,45,0.0742654999994556,0.8314504000063607,betweenness,email-Eu-core,5
0.5714608199795109,0.7427772166594588,0.8888888888888888,0.8775510204081632,537.9297901089948,3,node,45,0.0724715999967884,0.8314504000063607,betweenness,email-Eu-core,6
0.5772732670663877,0.7498909952149391,1.0,0.8775510204081632,507.537775630256,3,node,45,0.0733992000023135,0.8314504000063607,betweenness,email-Eu-core,7
0.5774732433717181,0.7498629704016625,1.0,0.8775510204081632,503.3632982088152,3,node,45,0.0701107999993837,0.8314504000063607,betweenness,email-Eu-core,8
0.5777636856890112,0.7502751946037598,0.8888888888888888,0.8571428571428571,521.9561425869967,3,node,45,0.0716987000050721,0.8314504000063607,betweenness,email-Eu-core,9
0.6338325794613786,0.807988618174536,0.8888888888888888,0.8775510204081632,379.9204611708015,3,node+edge,93,0.1331899000069825,1.0063448000064454,betweenness,email-Eu-core,0
0.6270910727567779,0.8025346682737009,0.8888888888888888,0.8979591836734694,387.3199689727173,3,node+edge,93,0.1317749000008916,1.0063448000064454,betweenness,email-Eu-core,1
0.6346761060399249,0.8081466625780037,0.8888888888888888,0.9183673469387756,376.332018899662,3,node+edge,93,0.1355136999991373,1.0063448000064454,betweenness,email-Eu-core,2
0.6223083159701397,0.7949138138887494,0.8888888888888888,0.8979591836734694,387.3051057436137,3,node+edge,93,0.1350508999967132,1.0063448000064454,betweenness,email-Eu-core,3
0.628276851091275,0.8026259139373317,0.8888888888888888,0.9183673469387756,382.56330722052223,3,node+edge,93,0.1271709000066039,1.0063448000064454,betweenness,email-Eu-core,4
0.6234476046695594,0.7988828747826872,0.8888888888888888,0.8979591836734694,484.2857337509639,3,node+edge,93,0.1321939000044949,1.0063448000064454,betweenness,email-Eu-core,5
0.6273920384172065,0.8019036408590918,0.8888888888888888,0.8979591836734694,382.8384836505634,3,node+edge,93,0.1332188999949721,1.0063448000064454,betweenness,email-Eu-core,6
0.6242718649920521,0.7984938904131923,0.8888888888888888,0.9183673469387756,376.4080822665072,3,node+edge,93,0.1315247999955318,1.0063448000064454,betweenness,email-Eu-core,7
0.6245135030276597,0.797551101881218,0.8888888888888888,0.9183673469387756,378.9777122967482,3,node+edge,93,0.1309437999952933,1.0063448000064454,betweenness,email-Eu-core,8
0.6347943108216682,0.8086304125269528,0.8888888888888888,0.8979591836734694,386.8154009265289,3,node+edge,93,0.1256140999976196,1.0063448000064454,betweenness,email-Eu-core,9
0.6883718944104966,0.8555200104417365,0.8888888888888888,0.8979591836734694,453.3298667369571,3,node+edge+subgraph,168,0.3340509999979986,16.949282200005655,betweenness,email-Eu-core,0
0.6743645407515371,0.8431618799226084,0.8888888888888888,0.8775510204081632,431.63533950105386,3,node+edge+subgraph,168,0.3170517000035033,16.949282200005655,betweenness,email-Eu-core,1
0.6854660260132263,0.8527800093028388,0.8888888888888888,0.8775510204081632,355.0184652342534,3,node+edge+subgraph,168,0.3187266000022646,16.949282200005655,betweenness,email-Eu-core,2
0.6767892484604425,0.845583583288037,0.8888888888888888,0.8775510204081632,310.7312682758877,3,node+edge+subgraph,168,0.3151333999994676,16.949282200005655,betweenness,email-Eu-core,3
0.6833537719383789,0.8498543311676413,0.7777777777777778,0.9183673469387756,327.88903758432696,3,node+edge+subgraph,168,0.3189430000056745,16.949282200005655,betweenness,email-Eu-core,4
0.6803291240915561,0.8473755075415301,0.7777777777777778,0.8775510204081632,640.0378972513718,3,node+edge+subgraph,168,0.3168885999984923,16.949282200005655,betweenness,email-Eu-core,5
0.6758490962681439,0.8436741172755278,0.8888888888888888,0.9183673469387756,352.89543144555466,3,node+edge+subgraph,168,0.3168185999966226,16.949282200005655,betweenness,email-Eu-core,6
0.6831107266624856,0.8490474007108816,0.8888888888888888,0.8979591836734694,420.7512744984581,3,node+edge+subgraph,168,0.3160391999990679,16.949282200005655,betweenness,email-Eu-core,7
0.6750283509887165,0.8446277772852601,0.8888888888888888,0.8775510204081632,512.6103090605599,3,node+edge+subgraph,168,0.3144690999979502,16.949282200005655,betweenness,email-Eu-core,8
0.686513076282754,0.8530249447186262,0.8888888888888888,0.8775510204081632,884.8051543787404,3,node+edge+subgraph,168,0.3146446000027936,16.949282200005655,betweenness,email-Eu-core,9
0.6885510396662304,0.8555585336790668,0.8888888888888888,0.8979591836734694,452.3090528254767,3,node+edge+subgraph+dynamic,170,0.3135570000013103,16.949282200005655,betweenness,email-Eu-core,0
0.674506190342779,0.8431874492197017,0.8888888888888888,0.8775510204081632,431.5815252581722,3,node+edge+subgraph+dynamic,170,0.3156835999980103,16.949282200005655,betweenness,email-Eu-core,1
0.6856535041855499,0.8528241254324612,0.8888888888888888,0.8775510204081632,354.2440147114113,3,node+edge+subgraph+dynamic,170,0.3158994000041275,16.949282200005655,betweenness,email-Eu-core,2
0.6772183633986165,0.8457656908566432,0.8888888888888888,0.8775510204081632,311.0432529418396,3,node+edge+subgraph+dynamic,170,0.3112456000017118,16.949282200005655,betweenness,email-Eu-core,3
0.6824330458031891,0.8494031879387338,0.7777777777777778,0.9183673469387756,329.2190094970609,3,node+edge+subgraph+dynamic,170,0.3119711999970604,16.949282200005655,betweenness,email-Eu-core,4
0.6799541677469086,0.8471811984373518,0.7777777777777778,0.8775510204081632,642.2870437413603,3,node+edge+subgraph+dynamic,170,0.3447869000010541,16.949282200005655,betweenness,email-Eu-core,5
0.6763823697102315,0.8440999420160138,0.8888888888888888,0.9183673469387756,353.91107476479164,3,node+edge+subgraph+dynamic,170,0.3202519999977085,16.949282200005655,betweenness,email-Eu-core,6
0.6825357947846608,0.8484974162876667,0.8888888888888888,0.8979591836734694,421.6199782250332,3,node+edge+subgraph+dynamic,170,0.3129888999974355,16.949282200005655,betweenness,email-Eu-core,7
0.6748575378945801,0.8444161377408291,0.8888888888888888,0.8775510204081632,512.3158852576029,3,node+edge+subgraph+dynamic,170,0.3234022999968147,16.949282200005655,betweenness,email-Eu-core,8
0.6858673207932688,0.8525403381950755,0.8888888888888888,0.8775510204081632,734.0607959015059,3,node+edge+subgraph+dynamic,170,0.3085761000038474,16.949282200005655,betweenness,email-Eu-core,9
-0.056630684214278,-0.0795228435240564,0.0,0.1224489795918367,0.0453756816656465,0,node,2,0.016603700001724,2.560000029916409e-05,spread_resid,email-Eu-core,0
-0.0160244541485583,-0.0228403631440683,0.0,0.0,0.045332289882393,0,node,2,0.0165371999974013,2.560000029916409e-05,spread_resid,email-Eu-core,1
-0.0445283750952254,-0.0655710175205563,0.1111111111111111,0.1020408163265306,0.0453631719929912,0,node,2,0.0190599000052316,2.560000029916409e-05,spread_resid,email-Eu-core,2
-0.0018601688309641,0.000480483309935,0.1111111111111111,0.2653061224489796,0.0453089631016785,0,node,2,0.018110599994543,2.560000029916409e-05,spread_resid,email-Eu-core,3
-0.0301188111526195,-0.0477951744460303,0.3333333333333333,0.2040816326530612,0.0453519693508815,0,node,2,0.0178019000013591,2.560000029916409e-05,spread_resid,email-Eu-core,4
-0.0286550004673127,-0.0441726662306787,0.2222222222222222,0.1836734693877551,0.0453654480867834,0,node,2,0.0171903000009479,2.560000029916409e-05,spread_resid,email-Eu-core,5
-0.0269918090230803,-0.0378231934778104,0.2222222222222222,0.2040816326530612,0.0453679062339251,0,node,2,0.0162312999964342,2.560000029916409e-05,spread_resid,email-Eu-core,6
-0.0114680513152381,-0.0175689847556193,0.0,0.1428571428571428,0.0453613851947537,0,node,2,0.0167503999982727,2.560000029916409e-05,spread_resid,email-Eu-core,7
0.0126056837195435,0.0178699366731377,0.1111111111111111,0.1020408163265306,0.0453784527981567,0,node,2,0.0173627000040141,2.560000029916409e-05,spread_resid,email-Eu-core,8
-0.0151100792826926,-0.0252353707111439,0.0,0.0,0.0453314896078761,0,node,2,0.016335500004061,2.560000029916409e-05,spread_resid,email-Eu-core,9
-0.056630684214278,-0.0795228435240564,0.0,0.1224489795918367,0.0453756816656465,0,node+edge,2,0.0178589000061037,2.560000029916409e-05,spread_resid,email-Eu-core,0
-0.0160244541485583,-0.0228403631440683,0.0,0.0,0.045332289882393,0,node+edge,2,0.020776699995622,2.560000029916409e-05,spread_resid,email-Eu-core,1
-0.0445283750952254,-0.0655710175205563,0.1111111111111111,0.1020408163265306,0.0453631719929912,0,node+edge,2,0.0176427999977022,2.560000029916409e-05,spread_resid,email-Eu-core,2
-0.0018601688309641,0.000480483309935,0.1111111111111111,0.2653061224489796,0.0453089631016785,0,node+edge,2,0.0189370000007329,2.560000029916409e-05,spread_resid,email-Eu-core,3
-0.0301188111526195,-0.0477951744460303,0.3333333333333333,0.2040816326530612,0.0453519693508815,0,node+edge,2,0.0193581999992602,2.560000029916409e-05,spread_resid,email-Eu-core,4
-0.0286550004673127,-0.0441726662306787,0.2222222222222222,0.1836734693877551,0.0453654480867834,0,node+edge,2,0.0183825999993132,2.560000029916409e-05,spread_resid,email-Eu-core,5
-0.0269918090230803,-0.0378231934778104,0.2222222222222222,0.2040816326530612,0.0453679062339251,0,node+edge,2,0.0185827999957837,2.560000029916409e-05,spread_resid,email-Eu-core,6
-0.0114680513152381,-0.0175689847556193,0.0,0.1428571428571428,0.0453613851947537,0,node+edge,2,0.0180101000005379,2.560000029916409e-05,spread_resid,email-Eu-core,7
0.0126056837195435,0.0178699366731377,0.1111111111111111,0.1020408163265306,0.0453784527981567,0,node+edge,2,0.0183290999993914,2.560000029916409e-05,spread_resid,email-Eu-core,8
-0.0151100792826926,-0.0252353707111439,0.0,0.0,0.0453314896078761,0,node+edge,2,0.0171697000041604,2.560000029916409e-05,spread_resid,email-Eu-core,9
-0.056630684214278,-0.0795228435240564,0.0,0.1224489795918367,0.0453756816656465,0,node+edge+subgraph,2,0.0219087000004947,2.560000029916409e-05,spread_resid,email-Eu-core,0
-0.0160244541485583,-0.0228403631440683,0.0,0.0,0.045332289882393,0,node+edge+subgraph,2,0.0206633999987388,2.560000029916409e-05,spread_resid,email-Eu-core,1
-0.0445283750952254,-0.0655710175205563,0.1111111111111111,0.1020408163265306,0.0453631719929912,0,node+edge+subgraph,2,0.0186606999996001,2.560000029916409e-05,spread_resid,email-Eu-core,2
-0.0018601688309641,0.000480483309935,0.1111111111111111,0.2653061224489796,0.0453089631016785,0,node+edge+subgraph,2,0.0182988999949884,2.560000029916409e-05,spread_resid,email-Eu-core,3
-0.0301188111526195,-0.0477951744460303,0.3333333333333333,0.2040816326530612,0.0453519693508815,0,node+edge+subgraph,2,0.0174850999974296,2.560000029916409e-05,spread_resid,email-Eu-core,4
-0.0286550004673127,-0.0441726662306787,0.2222222222222222,0.1836734693877551,0.0453654480867834,0,node+edge+subgraph,2,0.0186506000027293,2.560000029916409e-05,spread_resid,email-Eu-core,5
-0.0269918090230803,-0.0378231934778104,0.2222222222222222,0.2040816326530612,0.0453679062339251,0,node+edge+subgraph,2,0.0167434000031789,2.560000029916409e-05,spread_resid,email-Eu-core,6
-0.0114680513152381,-0.0175689847556193,0.0,0.1428571428571428,0.0453613851947537,0,node+edge+subgraph,2,0.0215746999965631,2.560000029916409e-05,spread_resid,email-Eu-core,7
0.0126056837195435,0.0178699366731377,0.1111111111111111,0.1020408163265306,0.0453784527981567,0,node+edge+subgraph,2,0.0185836000018753,2.560000029916409e-05,spread_resid,email-Eu-core,8
-0.0151100792826926,-0.0252353707111439,0.0,0.0,0.0453314896078761,0,node+edge+subgraph,2,0.0174744999967515,2.560000029916409e-05,spread_resid,email-Eu-core,9
-0.056630684214278,-0.0795228435240564,0.0,0.1224489795918367,0.0453756816656465,0,node+edge+subgraph+dynamic,2,0.0179188999973121,2.560000029916409e-05,spread_resid,email-Eu-core,0
-0.0160244541485583,-0.0228403631440683,0.0,0.0,0.045332289882393,0,node+edge+subgraph+dynamic,2,0.0210455999986152,2.560000029916409e-05,spread_resid,email-Eu-core,1
-0.0445283750952254,-0.0655710175205563,0.1111111111111111,0.1020408163265306,0.0453631719929912,0,node+edge+subgraph+dynamic,2,0.0185154999999213,2.560000029916409e-05,spread_resid,email-Eu-core,2
-0.0018601688309641,0.000480483309935,0.1111111111111111,0.2653061224489796,0.0453089631016785,0,node+edge+subgraph+dynamic,2,0.0181318999966606,2.560000029916409e-05,spread_resid,email-Eu-core,3
-0.0301188111526195,-0.0477951744460303,0.3333333333333333,0.2040816326530612,0.0453519693508815,0,node+edge+subgraph+dynamic,2,0.01990929999738,2.560000029916409e-05,spread_resid,email-Eu-core,4
-0.0286550004673127,-0.0441726662306787,0.2222222222222222,0.1836734693877551,0.0453654480867834,0,node+edge+subgraph+dynamic,2,0.0170572999995783,2.560000029916409e-05,spread_resid,email-Eu-core,5
-0.0269918090230803,-0.0378231934778104,0.2222222222222222,0.2040816326530612,0.0453679062339251,0,node+edge+subgraph+dynamic,2,0.0175810000000637,2.560000029916409e-05,spread_resid,email-Eu-core,6
-0.0114680513152381,-0.0175689847556193,0.0,0.1428571428571428,0.0453613851947537,0,node+edge+subgraph+dynamic,2,0.0160993000026792,2.560000029916409e-05,spread_resid,email-Eu-core,7
0.0126056837195435,0.0178699366731377,0.1111111111111111,0.1020408163265306,0.0453784527981567,0,node+edge+subgraph+dynamic,2,0.018293299996003,2.560000029916409e-05,spread_resid,email-Eu-core,8
-0.0151100792826926,-0.0252353707111439,0.0,0.0,0.0453314896078761,0,node+edge+subgraph+dynamic,2,0.0204585999963455,2.560000029916409e-05,spread_resid,email-Eu-core,9
0.035975722838015,0.0508715155742098,0.0,0.0816326530612244,0.0443323947077836,1,node,17,0.025954200005799,0.1823748999986492,spread_resid,email-Eu-core,0
0.0397743914211772,0.0572262610858765,0.0,0.0816326530612244,0.0437423902057289,1,node,17,0.0304631000035442,0.1823748999986492,spread_resid,email-Eu-core,1
0.0286957656406611,0.0418948642730712,0.0,0.0612244897959183,0.0451024252082502,1,node,17,0.0296450000023469,0.1823748999986492,spread_resid,email-Eu-core,2
0.0496522739240398,0.0705247302158673,0.0,0.0612244897959183,0.0435178164863486,1,node,17,0.0256905000060214,0.1823748999986492,spread_resid,email-Eu-core,3
0.040769579100408,0.0568455034001337,0.0,0.0816326530612244,0.0441190885312811,1,node,17,0.025879699998768,0.1823748999986492,spread_resid,email-Eu-core,4
0.0427986850280469,0.060855691834153,0.0,0.0816326530612244,0.0441837036759413,1,node,17,0.0259734999999636,0.1823748999986492,spread_resid,email-Eu-core,5
0.0351849027858606,0.0514448487096608,0.0,0.0816326530612244,0.0448392290361064,1,node,17,0.0247863000040524,0.1823748999986492,spread_resid,email-Eu-core,6
0.0385631538257844,0.0573420925208923,0.0,0.0612244897959183,0.0448404928703784,1,node,17,0.0281910999983665,0.1823748999986492,spread_resid,email-Eu-core,7
0.0390884129488729,0.0573752323217334,0.0,0.0816326530612244,0.0453186295717302,1,node,17,0.0242684000040753,0.1823748999986492,spread_resid,email-Eu-core,8
0.0422853516705937,0.060433062613305,0.0,0.0816326530612244,0.0442116611943009,1,node,17,0.0281620000023394,0.1823748999986492,spread_resid,email-Eu-core,9
0.0663482639238885,0.0981794588440097,0.0,0.0204081632653061,0.035732572228189,1,node+edge,38,0.0690247000020463,0.3572692999987339,spread_resid,email-Eu-core,0
0.0720091254881845,0.1054032312122561,0.0,0.0204081632653061,0.0354135941960993,1,node+edge,38,0.059539499998209,0.3572692999987339,spread_resid,email-Eu-core,1
0.0700975960675103,0.1026602209186473,0.0,0.0204081632653061,0.0364910014252647,1,node+edge,38,0.0602558000027784,0.3572692999987339,spread_resid,email-Eu-core,2
0.0771904060161679,0.1138099989985392,0.0,0.0,0.0352066370284916,1,node+edge,38,0.0617347999941557,0.3572692999987339,spread_resid,email-Eu-core,3
0.0662271334697093,0.0970794943724661,0.0,0.0,0.0357774362253995,1,node+edge,38,0.0597086999987368,0.3572692999987339,spread_resid,email-Eu-core,4
0.0678956684339056,0.0993353731351547,0.0,0.0204081632653061,0.0361386072523779,1,node+edge,38,0.0629492999942158,0.3572692999987339,spread_resid,email-Eu-core,5
0.0691338019609768,0.1024297242372229,0.0,0.0408163265306122,0.0364010698130058,1,node+edge,38,0.0653290999980527,0.3572692999987339,spread_resid,email-Eu-core,6
0.0775259471730541,0.1142608725172804,0.0,0.0204081632653061,0.0361144886346771,1,node+edge,38,0.0640396000017062,0.3572692999987339,spread_resid,email-Eu-core,7
0.0648012756855175,0.09566503144728,0.0,0.0,0.036780606532847,1,node+edge,38,0.0634253999960492,0.3572692999987339,spread_resid,email-Eu-core,8
0.0694153795120572,0.1017060190232186,0.0,0.0,0.0356668106722018,1,node+edge,38,0.0685378999987733,0.3572692999987339,spread_resid,email-Eu-core,9
0.0071048949145943,0.0136488563222442,0.1111111111111111,0.1632653061224489,0.0323598910510719,2,node,35,0.0612838000015472,0.4526431999884153,spread_resid,email-Eu-core,0
0.0275749566252558,0.0388969618593489,0.1111111111111111,0.1632653061224489,0.0324409234579491,2,node,35,0.0600565999993705,0.4526431999884153,spread_resid,email-Eu-core,1
0.0111631151393909,0.0179688168284286,0.1111111111111111,0.2040816326530612,0.0337570866918037,2,node,35,0.0569151999952737,0.4526431999884153,spread_resid,email-Eu-core,2
0.0071440273103531,0.011574593964932,0.2222222222222222,0.2040816326530612,0.0327267484152856,2,node,35,0.0582766999941668,0.4526431999884153,spread_resid,email-Eu-core,3
0.019813015475036,0.0287619606752371,0.0,0.1836734693877551,0.0334487791542071,2,node,35,0.0549812000026577,0.4526431999884153,spread_resid,email-Eu-core,4
0.0176088226534214,0.0263683932728686,0.1111111111111111,0.1836734693877551,0.0345588389981353,2,node,35,0.0571940000008908,0.4526431999884153,spread_resid,email-Eu-core,5
0.0107058182046368,0.0178546601000675,0.0,0.1836734693877551,0.0352818650071683,2,node,35,0.0568053999959374,0.4526431999884153,spread_resid,email-Eu-core,6
0.0131056503300854,0.020650311296067,0.1111111111111111,0.1836734693877551,0.0330370447968335,2,node,35,0.0645243000035407,0.4526431999884153,spread_resid,email-Eu-core,7
0.0153345584811625,0.0233476952081221,0.1111111111111111,0.1836734693877551,0.0347782707137922,2,node,35,0.0612677000026451,0.4526431999884153,spread_resid,email-Eu-core,8
0.012079750907702,0.0182327738510815,0.1111111111111111,0.1836734693877551,0.0331068118349699,2,node,35,0.0628280999953858,0.4526431999884153,spread_resid,email-Eu-core,9
0.0554404281926579,0.0791044968135073,0.0,0.2040816326530612,0.0296399236719943,2,node+edge,80,0.1193628000037279,0.6275375999885,spread_resid,email-Eu-core,0
0.0558832678417704,0.0805611799725393,0.0,0.1836734693877551,0.0293602496664712,2,node+edge,80,0.1122419000021182,0.6275375999885,spread_resid,email-Eu-core,1
0.0468793155982872,0.0665194480051676,0.0,0.2040816326530612,0.0308482258787114,2,node+edge,80,0.1159956999981659,0.6275375999885,spread_resid,email-Eu-core,2
0.0514831402942173,0.0742085847849421,0.0,0.2653061224489796,0.0296147243755878,2,node+edge,80,0.1091080000041984,0.6275375999885,spread_resid,email-Eu-core,3
0.0447389342989012,0.0644602265256324,0.0,0.1836734693877551,0.0303306457715346,2,node+edge,80,0.108508500001335,0.6275375999885,spread_resid,email-Eu-core,4
0.0502328846838223,0.0727163962499906,0.0,0.2040816326530612,0.0321131617085745,2,node+edge,80,0.1109419999993406,0.6275375999885,spread_resid,email-Eu-core,5
0.0443147581978901,0.0647085303658931,0.0,0.2040816326530612,0.0314890235050347,2,node+edge,80,0.1067515999966417,0.6275375999885,spread_resid,email-Eu-core,6
0.0504120520084645,0.0717147096418663,0.0,0.2040816326530612,0.0302933636981378,2,node+edge,80,0.1040251000013086,0.6275375999885,spread_resid,email-Eu-core,7
0.0496951758193935,0.0723311308118146,0.0,0.2040816326530612,0.0317256908699713,2,node+edge,80,0.1136482999936561,0.6275375999885,spread_resid,email-Eu-core,8
0.0405487409391554,0.0597818398432734,0.0,0.2244897959183673,0.0294173765432001,2,node+edge,80,0.110385200001474,0.6275375999885,spread_resid,email-Eu-core,9
0.06897454230947,0.0971257380836485,0.0,0.2040816326530612,0.0285011072856037,2,node+edge+subgraph,144,0.2345411999995121,16.57047499998771,spread_resid,email-Eu-core,0
0.062862496367571,0.0897999641449174,0.0,0.1836734693877551,0.0286909490849471,2,node+edge+subgraph,144,0.2113907999955699,16.57047499998771,spread_resid,email-Eu-core,1
0.0577127720470585,0.081804106588982,0.0,0.2040816326530612,0.0304122154594246,2,node+edge+subgraph,144,0.2126136999941081,16.57047499998771,spread_resid,email-Eu-core,2
0.0621579815636089,0.0877585599625805,0.0,0.2244897959183673,0.0283982891484672,2,node+edge+subgraph,144,0.2209635000035632,16.57047499998771,spread_resid,email-Eu-core,3
0.0500042771512813,0.0706024283431932,0.0,0.1428571428571428,0.0298458228503005,2,node+edge+subgraph,144,0.2123116000002483,16.57047499998771,spread_resid,email-Eu-core,4
0.0578693315371919,0.0822468260334666,0.0,0.2040816326530612,0.0355020158676143,2,node+edge+subgraph,144,0.2186298000015085,16.57047499998771,spread_resid,email-Eu-core,5
0.0534466910370026,0.0752888302380367,0.0,0.2040816326530612,0.0306262093867361,2,node+edge+subgraph,144,0.2242784999980358,16.57047499998771,spread_resid,email-Eu-core,6
0.0480224647115611,0.0685876945324186,0.0,0.2040816326530612,0.0293669777399525,2,node+edge+subgraph,144,0.2088520000033895,16.57047499998771,spread_resid,email-Eu-core,7
0.0516439254597991,0.0727106564828576,0.0,0.1836734693877551,0.0307263281295829,2,node+edge+subgraph,144,0.2138169000027119,16.57047499998771,spread_resid,email-Eu-core,8
0.043346200306935,0.0624751300910357,0.0,0.2040816326530612,0.0282967339455339,2,node+edge+subgraph,144,0.2124146999994991,16.57047499998771,spread_resid,email-Eu-core,9
0.0689209826493426,0.0970792253145112,0.0,0.2040816326530612,0.0285020134704757,2,node+edge+subgraph+dynamic,145,0.3918821000042953,16.57047499998771,spread_resid,email-Eu-core,0
0.0628006968233638,0.0897638918682791,0.0,0.1836734693877551,0.028695817051475,2,node+edge+subgraph+dynamic,145,0.2156301999930292,16.57047499998771,spread_resid,email-Eu-core,1
0.0577333719799708,0.0818099214675897,0.0,0.2040816326530612,0.0304123414863173,2,node+edge+subgraph+dynamic,145,0.2199006000009831,16.57047499998771,spread_resid,email-Eu-core,2
0.0620714622017188,0.0876182455038958,0.0,0.2244897959183673,0.0283989814094301,2,node+edge+subgraph+dynamic,145,0.2741505000012694,16.57047499998771,spread_resid,email-Eu-core,3
0.050082556896348,0.0706211561330687,0.0,0.1428571428571428,0.0298456376374325,2,node+edge+subgraph+dynamic,145,0.2200092999992193,16.57047499998771,spread_resid,email-Eu-core,4
0.0578012922429104,0.0821841765620691,0.0,0.2040816326530612,0.0355106774828182,2,node+edge+subgraph+dynamic,145,0.2305017999970005,16.57047499998771,spread_resid,email-Eu-core,5
0.053471411032857,0.075272606163182,0.0,0.2040816326530612,0.030626979486897,2,node+edge+subgraph+dynamic,145,0.2186456999988877,16.57047499998771,spread_resid,email-Eu-core,6
0.0479936248648743,0.0685334828388701,0.0,0.2040816326530612,0.0293701400307012,2,node+edge+subgraph+dynamic,145,0.2124696000028052,16.57047499998771,spread_resid,email-Eu-core,7
0.0516109656350143,0.0726845802888812,0.0,0.1836734693877551,0.0307260079818063,2,node+edge+subgraph+dynamic,145,0.2674093000023276,16.57047499998771,spread_resid,email-Eu-core,8
0.0433297204284798,0.0624813893790173,0.0,0.2040816326530612,0.0282969242680942,2,node+edge+subgraph+dynamic,145,0.2846514999982901,16.57047499998771,spread_resid,email-Eu-core,9
0.060470916270779,0.0898333671163753,0.0,0.1428571428571428,0.0288160735707864,3,node,45,0.0765718999973614,0.8314504000063607,spread_resid,email-Eu-core,0
0.0833717051051362,0.1205114485541531,0.1111111111111111,0.1632653061224489,0.0281513777617928,3,node,45,0.0752002999943215,0.8314504000063607,spread_resid,email-Eu-core,1
0.0539780597891603,0.0825080795863779,0.1111111111111111,0.1020408163265306,0.0287843387612482,3,node,45,0.0665778000038699,0.8314504000063607,spread_resid,email-Eu-core,2
0.079791451510732,0.1147952977685306,0.1111111111111111,0.2040816326530612,0.0282246978283758,3,node,45,0.0686483999961637,0.8314504000063607,spread_resid,email-Eu-core,3
0.0700480118749349,0.1025100630851576,0.0,0.1428571428571428,0.026889726975071,3,node,45,0.0717118000029586,0.8314504000063607,spread_resid,email-Eu-core,4
0.0736571201211673,0.1071563889456966,0.1111111111111111,0.2040816326530612,0.0304506553572432,3,node,45,0.0659233000042149,0.8314504000063607,spread_resid,email-Eu-core,5
0.0802102065487674,0.1164479123230284,0.0,0.1428571428571428,0.0293820789496227,3,node,45,0.0638192999977036,0.8314504000063607,spread_resid,email-Eu-core,6
0.0649514547166919,0.0945194741339922,0.0,0.1632653061224489,0.0292299572514733,3,node,45,0.0691433999963919,0.8314504000063607,spread_resid,email-Eu-core,7
0.0728535727088654,0.1050007148463691,0.1111111111111111,0.1632653061224489,0.0298170424133775,3,node,45,0.0711401000007754,0.8314504000063607,spread_resid,email-Eu-core,8
0.0546225571399434,0.0836095471089248,0.2222222222222222,0.2040816326530612,0.0272218674156574,3,node,45,0.071547699997609,0.8314504000063607,spread_resid,email-Eu-core,9
0.060013599172768,0.0885502694097123,0.1111111111111111,0.2040816326530612,0.028659747489197,3,node+edge,93,0.139328099998238,1.0063448000064454,spread_resid,email-Eu-core,0
0.0807225646434539,0.1161978727601718,0.1111111111111111,0.2040816326530612,0.0279680739080204,3,node+edge,93,0.1300180000034743,1.0063448000064454,spread_resid,email-Eu-core,1
0.0561554171188897,0.0851454647783295,0.1111111111111111,0.1632653061224489,0.0280671079526577,3,node+edge,93,0.1296062000037636,1.0063448000064454,spread_resid,email-Eu-core,2
0.0771093512921392,0.110643862570426,0.1111111111111111,0.1836734693877551,0.0295513776787407,3,node+edge,93,0.1266876999943633,1.0063448000064454,spread_resid,email-Eu-core,3
0.0515080722538782,0.0786955501004505,0.0,0.2040816326530612,0.0259549716212637,3,node+edge,93,0.1355105999973602,1.0063448000064454,spread_resid,email-Eu-core,4
0.0745882370888026,0.1079569268514198,0.1111111111111111,0.1836734693877551,0.0296778236754089,3,node+edge,93,0.1344545000029029,1.0063448000064454,spread_resid,email-Eu-core,5
0.0723080478739575,0.1060454198465186,0.1111111111111111,0.2244897959183673,0.0290222426217477,3,node+edge,93,0.1252528000040911,1.0063448000064454,spread_resid,email-Eu-core,6
0.0573294952351898,0.0835971605012631,0.1111111111111111,0.1632653061224489,0.02953019354676,3,node+edge,93,0.1271863000001758,1.0063448000064454,spread_resid,email-Eu-core,7
0.0692815516978047,0.1013120976262842,0.2222222222222222,0.2040816326530612,0.0295686973983149,3,node+edge,93,0.1238395000036689,1.0063448000064454,spread_resid,email-Eu-core,8
0.0448458692463632,0.069669392955662,0.2222222222222222,0.2040816326530612,0.0274569242611602,3,node+edge,93,0.1276604000013321,1.0063448000064454,spread_resid,email-Eu-core,9
0.060738714571416,0.0895383418357247,0.1111111111111111,0.2040816326530612,0.0307527203166832,3,node+edge+subgraph,168,0.3719635000015842,16.949282200005655,spread_resid,email-Eu-core,0
0.0906352115342899,0.1276201532113582,0.1111111111111111,0.2448979591836734,0.0310491146079935,3,node+edge+subgraph,168,0.3108464000033564,16.949282200005655,spread_resid,email-Eu-core,1
0.0637032325379511,0.0933020119014989,0.1111111111111111,0.2040816326530612,0.0312405778146944,3,node+edge+subgraph,168,0.3076112999988254,16.949282200005655,spread_resid,email-Eu-core,2
0.0758404006510845,0.1079200082194493,0.1111111111111111,0.2244897959183673,0.0303738374316245,3,node+edge+subgraph,168,0.3107022999975015,16.949282200005655,spread_resid,email-Eu-core,3
0.0758530729696169,0.1074520088614828,0.0,0.2244897959183673,0.027308904821632,3,node+edge+subgraph,168,0.3276408000019728,16.949282200005655,spread_resid,email-Eu-core,4
0.0703446509088718,0.1023135089214972,0.1111111111111111,0.2040816326530612,0.0298291532522474,3,node+edge+subgraph,168,0.323605999998108,16.949282200005655,spread_resid,email-Eu-core,5
0.0981569235391073,0.1398618624614417,0.1111111111111111,0.2040816326530612,0.0298494662102693,3,node+edge+subgraph,168,0.3218927000052645,16.949282200005655,spread_resid,email-Eu-core,6
0.0440219659782971,0.0654576499275687,0.1111111111111111,0.2040816326530612,0.0301942173560267,3,node+edge+subgraph,168,0.3181014000001596,16.949282200005655,spread_resid,email-Eu-core,7
0.0786380219586108,0.1120478031388468,0.1111111111111111,0.2244897959183673,0.0284871465535492,3,node+edge+subgraph,168,0.3206638000046951,16.949282200005655,spread_resid,email-Eu-core,8
0.0514131008107824,0.0782762957470041,0.2222222222222222,0.2244897959183673,0.0275759668578789,3,node+edge+subgraph,168,0.3218425999948522,16.949282200005655,spread_resid,email-Eu-core,9
0.0612207515125628,0.0898234211077414,0.1111111111111111,0.2040816326530612,0.0313435633146213,3,node+edge+subgraph+dynamic,170,0.309321100001398,16.949282200005655,spread_resid,email-Eu-core,0
0.0845129366881626,0.1195408833597177,0.1111111111111111,0.2448979591836734,0.032117397824724,3,node+edge+subgraph+dynamic,170,0.3158672999998089,16.949282200005655,spread_resid,email-Eu-core,1
0.0635013531954107,0.0931896639401097,0.1111111111111111,0.2040816326530612,0.0312737798865596,3,node+edge+subgraph+dynamic,170,0.3135454000002937,16.949282200005655,spread_resid,email-Eu-core,2
0.0756344021703938,0.107641012976243,0.1111111111111111,0.2244897959183673,0.0303611295993163,3,node+edge+subgraph+dynamic,170,0.3114870000063092,16.949282200005655,spread_resid,email-Eu-core,3
0.0736983199869919,0.1056036723938018,0.0,0.2244897959183673,0.0289656844098032,3,node+edge+subgraph+dynamic,170,0.3077250999995158,16.949282200005655,spread_resid,email-Eu-core,4
0.0680188484467964,0.0992923630799768,0.1111111111111111,0.2040816326530612,0.0308238118792103,3,node+edge+subgraph+dynamic,170,0.3177561999982572,16.949282200005655,spread_resid,email-Eu-core,5
0.0988388851959265,0.1400883552411513,0.1111111111111111,0.2040816326530612,0.0320995566109526,3,node+edge+subgraph+dynamic,170,0.351426100001845,16.949282200005655,spread_resid,email-Eu-core,6
0.0442423392521724,0.0657305609388537,0.1111111111111111,0.2040816326530612,0.0301956820112454,3,node+edge+subgraph+dynamic,170,0.325638299997081,16.949282200005655,spread_resid,email-Eu-core,7
0.0785556223966486,0.1118733755590243,0.1111111111111111,0.2244897959183673,0.0284917840835788,3,node+edge+subgraph+dynamic,170,0.3195163999989745,16.949282200005655,spread_resid,email-Eu-core,8
0.051400740901941,0.0782514526330049,0.2222222222222222,0.2244897959183673,0.0275852104642732,3,node+edge+subgraph+dynamic,170,0.3279932000004919,16.949282200005655,spread_resid,email-Eu-core,9
0.9586316324058386,0.9974853571633351,1.0,1.0,2.171772068558533,1,node+edge+subgraph,56,0.06804490002105013,16.300206699997943,spread_mean,email-Eu-core,0
0.9580045305102607,0.9974349546994434,0.8888888888888888,1.0,2.2470005987855206,1,node+edge+subgraph,56,0.05723420000867918,16.300206699997943,spread_mean,email-Eu-core,1
0.9587797327007048,0.9975314782667181,1.0,0.9795918367346939,2.0487792884963207,1,node+edge+subgraph,56,0.05685049999738112,16.300206699997943,spread_mean,email-Eu-core,2
0.9580084762200649,0.9974453700115262,1.0,0.9795918367346939,2.0994190802342465,1,node+edge+subgraph,56,0.05582209999556653,16.300206699997943,spread_mean,email-Eu-core,3
0.9588311308062996,0.99757723948851,1.0,1.0,2.2489816238592173,1,node+edge+subgraph,56,0.05553499999223277,16.300206699997943,spread_mean,email-Eu-core,4
0.959247113178569,0.9976062854420944,1.0,1.0,5.474674573674824,1,node+edge+subgraph,56,0.05602519999956712,16.300206699997943,spread_mean,email-Eu-core,5
0.959112269893105,0.9975800029465338,1.0,1.0,2.309315099785015,1,node+edge+subgraph,56,0.06120610001380555,16.300206699997943,spread_mean,email-Eu-core,6
0.958497692069257,0.997511070067805,1.0,0.9795918367346939,2.024454325440493,1,node+edge+subgraph,56,0.06021729999338277,16.300206699997943,spread_mean,email-Eu-core,7
0.9588982702137507,0.9975836896637812,1.0,0.9795918367346939,2.2851525626557994,1,node+edge+subgraph,56,0.0581897999800276,16.300206699997943,spread_mean,email-Eu-core,8
0.9589560998594518,0.9975743853551227,1.0,1.0,2.2072443130357655,1,node+edge+subgraph,56,0.057128499989630654,16.300206699997943,spread_mean,email-Eu-core,9
0.9586316324058386,0.9974853571633351,1.0,1.0,2.171772068558533,1,node+edge+subgraph+dynamic,56,0.06296199999633245,16.300206699997943,spread_mean,email-Eu-core,0
0.9580045305102607,0.9974349546994434,0.8888888888888888,1.0,2.2470005987855206,1,node+edge+subgraph+dynamic,56,0.10612489999039099,16.300206699997943,spread_mean,email-Eu-core,1
0.9587797327007048,0.9975314782667181,1.0,0.9795918367346939,2.0487792884963207,1,node+edge+subgraph+dynamic,56,0.09742799997911789,16.300206699997943,spread_mean,email-Eu-core,2
0.9580084762200649,0.9974453700115262,1.0,0.9795918367346939,2.0994190802342465,1,node+edge+subgraph+dynamic,56,0.098956800007727,16.300206699997943,spread_mean,email-Eu-core,3
0.9588311308062996,0.99757723948851,1.0,1.0,2.2489816238592173,1,node+edge+subgraph+dynamic,56,0.09513820000574924,16.300206699997943,spread_mean,email-Eu-core,4
0.959247113178569,0.9976062854420944,1.0,1.0,5.474674573674824,1,node+edge+subgraph+dynamic,56,0.096740500011947,16.300206699997943,spread_mean,email-Eu-core,5
0.959112269893105,0.9975800029465338,1.0,1.0,2.309315099785015,1,node+edge+subgraph+dynamic,56,0.10512229998130351,16.300206699997943,spread_mean,email-Eu-core,6
0.958497692069257,0.997511070067805,1.0,0.9795918367346939,2.024454325440493,1,node+edge+subgraph+dynamic,56,0.094040900003165,16.300206699997943,spread_mean,email-Eu-core,7
0.9588982702137507,0.9975836896637812,1.0,0.9795918367346939,2.2851525626557994,1,node+edge+subgraph+dynamic,56,0.10105060000205413,16.300206699997943,spread_mean,email-Eu-core,8
0.9589560998594518,0.9975743853551227,1.0,1.0,2.2072443130357655,1,node+edge+subgraph+dynamic,56,0.10249479999765754,16.300206699997943,spread_mean,email-Eu-core,9
0.9118041355248886,0.9873866485387663,0.1111111111111111,0.6938775510204082,0.35122247434888726,1,node+edge+subgraph,56,0.10396179999224842,16.300206699997943,spread_cv,email-Eu-core,0
0.9109298693452609,0.9871503781853845,0.0,0.673469387755102,0.3322741979942217,1,node+edge+subgraph,56,0.10061130000394769,16.300206699997943,spread_cv,email-Eu-core,1
0.9117090439514803,0.9873372849172196,0.0,0.6530612244897959,0.33494816929541743,1,node+edge+subgraph,56,0.09999039999092929,16.300206699997943,spread_cv,email-Eu-core,2
0.9124904628817759,0.987605905991204,0.2222222222222222,0.6530612244897959,0.33915910730956483,1,node+edge+subgraph,56,0.09547250001924112,16.300206699997943,spread_cv,email-Eu-core,3
0.9123740214046027,0.987643918300451,0.0,0.673469387755102,0.33420561946026717,1,node+edge+subgraph,56,0.09846789998118766,16.300206699997943,spread_cv,email-Eu-core,4
0.9123904959370365,0.9876121870906417,0.3333333333333333,0.6530612244897959,0.45686343376550415,1,node+edge+subgraph,56,0.10483289998956025,16.300206699997943,spread_cv,email-Eu-core,5
0.9121733284589681,0.9874790971419999,0.1111111111111111,0.673469387755102,0.34983338988815443,1,node+edge+subgraph,56,0.10064270001021214,16.300206699997943,spread_cv,email-Eu-core,6
0.9116495058143884,0.9873773034282314,0.0,0.6122448979591837,0.3356800702686651,1,node+edge+subgraph,56,0.09634819999337196,16.300206699997943,spread_cv,email-Eu-core,7
0.9109699341504316,0.9869292770354626,0.2222222222222222,0.6326530612244898,0.34358232724631926,1,node+edge+subgraph,56,0.1206813000026159,16.300206699997943,spread_cv,email-Eu-core,8
0.9125653183537412,0.9874539259983987,0.0,0.6530612244897959,0.3668869553070334,1,node+edge+subgraph,56,0.11947749997489154,16.300206699997943,spread_cv,email-Eu-core,9
0.9118041355248886,0.9873866485387663,0.1111111111111111,0.6938775510204082,0.35122247434888726,1,node+edge+subgraph+dynamic,56,0.10266999999294057,16.300206699997943,spread_cv,email-Eu-core,0
0.9109298693452609,0.9871503781853845,0.0,0.673469387755102,0.3322741979942217,1,node+edge+subgraph+dynamic,56,0.09043919999385253,16.300206699997943,spread_cv,email-Eu-core,1
0.9117090439514803,0.9873372849172196,0.0,0.6530612244897959,0.33494816929541743,1,node+edge+subgraph+dynamic,56,0.08618809998733923,16.300206699997943,spread_cv,email-Eu-core,2
0.9124904628817759,0.987605905991204,0.2222222222222222,0.6530612244897959,0.33915910730956483,1,node+edge+subgraph+dynamic,56,0.10169410001253709,16.300206699997943,spread_cv,email-Eu-core,3
0.9123740214046027,0.987643918300451,0.0,0.673469387755102,0.33420561946026717,1,node+edge+subgraph+dynamic,56,0.09046889998717234,16.300206699997943,spread_cv,email-Eu-core,4
0.9123904959370365,0.9876121870906417,0.3333333333333333,0.6530612244897959,0.45686343376550415,1,node+edge+subgraph+dynamic,56,0.11194850000902079,16.300206699997943,spread_cv,email-Eu-core,5
0.9121733284589681,0.9874790971419999,0.1111111111111111,0.673469387755102,0.34983338988815443,1,node+edge+subgraph+dynamic,56,0.10609980000299402,16.300206699997943,spread_cv,email-Eu-core,6
0.9116495058143884,0.9873773034282314,0.0,0.6122448979591837,0.3356800702686651,1,node+edge+subgraph+dynamic,56,0.10486910000327043,16.300206699997943,spread_cv,email-Eu-core,7
0.9109699341504316,0.9869292770354626,0.2222222222222222,0.6326530612244898,0.34358232724631926,1,node+edge+subgraph+dynamic,56,0.09535550000146031,16.300206699997943,spread_cv,email-Eu-core,8
0.9125653183537412,0.9874539259983987,0.0,0.6530612244897959,0.3668869553070334,1,node+edge+subgraph+dynamic,56,0.09460089998901822,16.300206699997943,spread_cv,email-Eu-core,9
0.06851537686626097,0.10081988317853297,0.0,0.0,0.056455196343755364,1,node+edge+subgraph,56,0.09110269998200238,16.300206699997943,spread_resid,email-Eu-core,0
0.07317096170443745,0.10819924892937509,0.0,0.0,0.06277184955432703,1,node+edge+subgraph,56,0.0934648999827914,16.300206699997943,spread_resid,email-Eu-core,1
0.07200103378839842,0.10569822273118194,0.0,0.02040816326530612,0.04430705786975196,1,node+edge+subgraph,56,0.10130889998981729,16.300206699997943,spread_resid,email-Eu-core,2
0.07606976389632071,0.11157254132101481,0.0,0.0,0.0538593868038638,1,node+edge+subgraph,56,0.1038624000211712,16.300206699997943,spread_resid,email-Eu-core,3
0.059058312527391105,0.08771845972425758,0.0,0.0,0.03578307792509801,1,node+edge+subgraph,56,0.0964179000002332,16.300206699997943,spread_resid,email-Eu-core,4
0.07673308515108324,0.11318342860178551,0.0,0.02040816326530612,0.11286725118328854,1,node+edge+subgraph,56,0.1040076999925077,16.300206699997943,spread_resid,email-Eu-core,5
0.07178083578322896,0.10655791224839442,0.0,0.04081632653061224,0.05026673992294558,1,node+edge+subgraph,56,0.09661059998325072,16.300206699997943,spread_resid,email-Eu-core,6
0.0732493922936562,0.10815989433269554,0.0,0.02040816326530612,0.05700059519943982,1,node+edge+subgraph,56,0.0996162999945227,16.300206699997943,spread_resid,email-Eu-core,7
0.05704745295352505,0.08412596498425483,0.0,0.0,0.058333368675125556,1,node+edge+subgraph,56,0.0980709999857936,16.300206699997943,spread_resid,email-Eu-core,8
0.06975321736824554,0.10319797039261913,0.0,0.0,0.04794263036610591,1,node+edge+subgraph,56,0.10511479998240247,16.300206699997943,spread_resid,email-Eu-core,9
0.06851537686626097,0.10081988317853297,0.0,0.0,0.056455196343755364,1,node+edge+subgraph+dynamic,56,0.08798049998586066,16.300206699997943,spread_resid,email-Eu-core,0
0.07317096170443745,0.10819924892937509,0.0,0.0,0.06277184955432703,1,node+edge+subgraph+dynamic,56,0.0945415000023786,16.300206699997943,spread_resid,email-Eu-core,1
0.07200103378839842,0.10569822273118194,0.0,0.02040816326530612,0.04430705786975196,1,node+edge+subgraph+dynamic,56,0.08678179999697022,16.300206699997943,spread_resid,email-Eu-core,2
0.07606976389632071,0.11157254132101481,0.0,0.0,0.0538593868038638,1,node+edge+subgraph+dynamic,56,0.0877457000024151,16.300206699997943,spread_resid,email-Eu-core,3
0.059058312527391105,0.08771845972425758,0.0,0.0,0.03578307792509801,1,node+edge+subgraph+dynamic,56,0.10111669998150319,16.300206699997943,spread_resid,email-Eu-core,4
0.07673308515108324,0.11318342860178551,0.0,0.02040816326530612,0.11286725118328854,1,node+edge+subgraph+dynamic,56,0.10438730000169016,16.300206699997943,spread_resid,email-Eu-core,5
0.07178083578322896,0.10655791224839442,0.0,0.04081632653061224,0.05026673992294558,1,node+edge+subgraph+dynamic,56,0.09698719999869354,16.300206699997943,spread_resid,email-Eu-core,6
0.0732493922936562,0.10815989433269554,0.0,0.02040816326530612,0.05700059519943982,1,node+edge+subgraph+dynamic,56,0.09579069999745116,16.300206699997943,spread_resid,email-Eu-core,7
0.05704745295352505,0.08412596498425483,0.0,0.0,0.058333368675125556,1,node+edge+subgraph+dynamic,56,0.10359629997401498,16.300206699997943,spread_resid,email-Eu-core,8
0.06975321736824554,0.10319797039261913,0.0,0.0,0.04794263036610591,1,node+edge+subgraph+dynamic,56,0.09889389999443665,16.300206699997943,spread_resid,email-Eu-core,9
0.6989769529653562,0.8714857059769971,0.8888888888888888,0.8775510204081632,467.14029975380566,1,node+edge+subgraph,56,0.09173399998690002,16.300206699997943,betweenness,email-Eu-core,0
0.7023515600671832,0.8726613105425964,0.7777777777777778,0.8571428571428571,572.0648397148576,1,node+edge+subgraph,56,0.0975077000039164,16.300206699997943,betweenness,email-Eu-core,1
0.7086106240992847,0.8798578756905654,0.8888888888888888,0.8979591836734694,463.90466128298783,1,node+edge+subgraph,56,0.10448589999577962,16.300206699997943,betweenness,email-Eu-core,2
0.703025934705075,0.8749227327971396,0.8888888888888888,0.8775510204081632,533.0259601870064,1,node+edge+subgraph,56,0.10312729998258874,16.300206699997943,betweenness,email-Eu-core,3
0.7102258648854041,0.8804627118277325,0.8888888888888888,0.8775510204081632,447.57468537568235,1,node+edge+subgraph,56,0.1009665000019595,16.300206699997943,betweenness,email-Eu-core,4
0.7022434116105721,0.8725545783774581,0.7777777777777778,0.8571428571428571,1596.8983122640184,1,node+edge+subgraph,56,0.08975149999605492,16.300206699997943,betweenness,email-Eu-core,5
0.7012969604367849,0.873650365931055,0.8888888888888888,0.8775510204081632,513.4980105738985,1,node+edge+subgraph,56,0.08637319999979809,16.300206699997943,betweenness,email-Eu-core,6
0.7016072583954003,0.8746752461769224,0.8888888888888888,0.8979591836734694,439.2449395485038,1,node+edge+subgraph,56,0.08528800000203773,16.300206699997943,betweenness,email-Eu-core,7
0.702856391745418,0.873224530257808,0.8888888888888888,0.8775510204081632,432.39799881522123,1,node+edge+subgraph,56,0.1074668999935966,16.300206699997943,betweenness,email-Eu-core,8
0.7097818355550629,0.8809371521136593,0.8888888888888888,0.8571428571428571,474.729276254303,1,node+edge+subgraph,56,0.10700930000166409,16.300206699997943,betweenness,email-Eu-core,9
0.6989769529653562,0.8714857059769971,0.8888888888888888,0.8775510204081632,467.14029975380566,1,node+edge+subgraph+dynamic,56,0.10124129999894649,16.300206699997943,betweenness,email-Eu-core,0
0.7023515600671832,0.8726613105425964,0.7777777777777778,0.8571428571428571,572.0648397148576,1,node+edge+subgraph+dynamic,56,0.09683259998564608,16.300206699997943,betweenness,email-Eu-core,1
0.7086106240992847,0.8798578756905654,0.8888888888888888,0.8979591836734694,463.90466128298783,1,node+edge+subgraph+dynamic,56,0.08408329999656416,16.300206699997943,betweenness,email-Eu-core,2
0.703025934705075,0.8749227327971396,0.8888888888888888,0.8775510204081632,533.0259601870064,1,node+edge+subgraph+dynamic,56,0.09217429999262094,16.300206699997943,betweenness,email-Eu-core,3
0.7102258648854041,0.8804627118277325,0.8888888888888888,0.8775510204081632,447.57468537568235,1,node+edge+subgraph+dynamic,56,0.09007470001233742,16.300206699997943,betweenness,email-Eu-core,4
0.7022434116105721,0.8725545783774581,0.7777777777777778,0.8571428571428571,1596.8983122640184,1,node+edge+subgraph+dynamic,56,0.09070470000733621,16.300206699997943,betweenness,email-Eu-core,5
0.7012969604367849,0.873650365931055,0.8888888888888888,0.8775510204081632,513.4980105738985,1,node+edge+subgraph+dynamic,56,0.09444740001345053,16.300206699997943,betweenness,email-Eu-core,6
0.7016072583954003,0.8746752461769224,0.8888888888888888,0.8979591836734694,439.2449395485038,1,node+edge+subgraph+dynamic,56,0.09562990002450533,16.300206699997943,betweenness,email-Eu-core,7
0.702856391745418,0.873224530257808,0.8888888888888888,0.8775510204081632,432.39799881522123,1,node+edge+subgraph+dynamic,56,0.09429090001503937,16.300206699997943,betweenness,email-Eu-core,8
0.7097818355550629,0.8809371521136593,0.8888888888888888,0.8571428571428571,474.729276254303,1,node+edge+subgraph+dynamic,56,0.0990219000086654,16.300206699997943,betweenness,email-Eu-core,9
