kendall_tau,spearman,precision_at_1pct,precision_at_5pct,rmse,radius,richness,n_features,fit_seconds,feature_seconds,target,network,seed
0.6778625945507795,0.84312157136782,0.35,0.6417910447761194,9.818226559217972,0,node,2,4.250270999997156,4.180000178166665e-05,spread_mean,facebook_combined,0
0.6777369028437584,0.842863161774525,0.4,0.6417910447761194,9.717617871276198,0,node,2,0.7026928000050248,4.180000178166665e-05,spread_mean,facebook_combined,1
0.6785666540415063,0.8435901986961745,0.325,0.6268656716417911,9.696345666517097,0,node,2,0.7517929999958142,4.180000178166665e-05,spread_mean,facebook_combined,2
0.6799286620855355,0.8446390830616435,0.325,0.6417910447761194,9.668429409947889,0,node,2,0.7258358000035514,4.180000178166665e-05,spread_mean,facebook_combined,3
0.678963878322698,0.8443324978645671,0.425,0.6467661691542289,9.762937923709996,0,node,2,0.6754025999980513,4.180000178166665e-05,spread_mean,facebook_combined,4
0.6789902096438316,0.8440996998968265,0.35,0.6368159203980099,9.778855738854292,0,node,2,0.7345043000022997,4.180000178166665e-05,spread_mean,facebook_combined,5
0.6797626821824295,0.8445997635830476,0.45,0.6417910447761194,9.610856252028787,0,node,2,0.7091084999992745,4.180000178166665e-05,spread_mean,facebook_combined,6
0.6805773211610002,0.8454118163397117,0.4,0.6368159203980099,9.80238809769471,0,node,2,0.6563100999992457,4.180000178166665e-05,spread_mean,facebook_combined,7
0.6800995193490016,0.8448429810574792,0.325,0.6368159203980099,9.804385701565437,0,node,2,0.7053009000010206,4.180000178166665e-05,spread_mean,facebook_combined,8
0.6775758031153316,0.8430556326967267,0.35,0.6368159203980099,9.77531097663105,0,node,2,0.771609499999613,4.180000178166665e-05,spread_mean,facebook_combined,9
0.6778625945507795,0.84312157136782,0.35,0.6417910447761194,9.818226559217972,0,node+edge,2,0.7158743999971193,4.180000178166665e-05,spread_mean,facebook_combined,0
0.6777369028437584,0.842863161774525,0.4,0.6417910447761194,9.717617871276198,0,node+edge,2,0.6940479000040796,4.180000178166665e-05,spread_mean,facebook_combined,1
0.6785666540415063,0.8435901986961745,0.325,0.6268656716417911,9.696345666517097,0,node+edge,2,0.7665291000012076,4.180000178166665e-05,spread_mean,facebook_combined,2
0.6799286620855355,0.8446390830616435,0.325,0.6417910447761194,9.668429409947889,0,node+edge,2,0.6893000999989454,4.180000178166665e-05,spread_mean,facebook_combined,3
0.678963878322698,0.8443324978645671,0.425,0.6467661691542289,9.762937923709996,0,node+edge,2,0.7365280000012717,4.180000178166665e-05,spread_mean,facebook_combined,4
0.6789902096438316,0.8440996998968265,0.35,0.6368159203980099,9.778855738854292,0,node+edge,2,0.7074948999943445,4.180000178166665e-05,spread_mean,facebook_combined,5
0.6797626821824295,0.8445997635830476,0.45,0.6417910447761194,9.610856252028787,0,node+edge,2,0.7622842999990098,4.180000178166665e-05,spread_mean,facebook_combined,6
0.6805773211610002,0.8454118163397117,0.4,0.6368159203980099,9.80238809769471,0,node+edge,2,0.7549887999994098,4.180000178166665e-05,spread_mean,facebook_combined,7
0.6800995193490016,0.8448429810574792,0.325,0.6368159203980099,9.804385701565437,0,node+edge,2,0.7113568000058876,4.180000178166665e-05,spread_mean,facebook_combined,8
0.6775758031153316,0.8430556326967267,0.35,0.6368159203980099,9.77531097663105,0,node+edge,2,0.6934340000007069,4.180000178166665e-05,spread_mean,facebook_combined,9
0.6778625945507795,0.84312157136782,0.35,0.6417910447761194,9.818226559217972,0,node+edge+subgraph,2,0.7564156000007642,4.180000178166665e-05,spread_mean,facebook_combined,0
0.6777369028437584,0.842863161774525,0.4,0.6417910447761194,9.717617871276198,0,node+edge+subgraph,2,0.7470780000003288,4.180000178166665e-05,spread_mean,facebook_combined,1
0.6785666540415063,0.8435901986961745,0.325,0.6268656716417911,9.696345666517097,0,node+edge+subgraph,2,0.687373300002946,4.180000178166665e-05,spread_mean,facebook_combined,2
0.6799286620855355,0.8446390830616435,0.325,0.6417910447761194,9.668429409947889,0,node+edge+subgraph,2,0.7028922000026796,4.180000178166665e-05,spread_mean,facebook_combined,3
0.678963878322698,0.8443324978645671,0.425,0.6467661691542289,9.762937923709996,0,node+edge+subgraph,2,0.7156286999961594,4.180000178166665e-05,spread_mean,facebook_combined,4
0.6789902096438316,0.8440996998968265,0.35,0.6368159203980099,9.778855738854292,0,node+edge+subgraph,2,0.7540178999988711,4.180000178166665e-05,spread_mean,facebook_combined,5
0.6797626821824295,0.8445997635830476,0.45,0.6417910447761194,9.610856252028787,0,node+edge+subgraph,2,0.7171994000018458,4.180000178166665e-05,spread_mean,facebook_combined,6
0.6805773211610002,0.8454118163397117,0.4,0.6368159203980099,9.80238809769471,0,node+edge+subgraph,2,0.7515577999947709,4.180000178166665e-05,spread_mean,facebook_combined,7
0.6800995193490016,0.8448429810574792,0.325,0.6368159203980099,9.804385701565437,0,node+edge+subgraph,2,0.7463226999971084,4.180000178166665e-05,spread_mean,facebook_combined,8
0.6775758031153316,0.8430556326967267,0.35,0.6368159203980099,9.77531097663105,0,node+edge+subgraph,2,0.7609935000000405,4.180000178166665e-05,spread_mean,facebook_combined,9
0.6778625945507795,0.84312157136782,0.35,0.6417910447761194,9.818226559217972,0,node+edge+subgraph+dynamic,2,0.8165532999992138,4.180000178166665e-05,spread_mean,facebook_combined,0
0.6777369028437584,0.842863161774525,0.4,0.6417910447761194,9.717617871276198,0,node+edge+subgraph+dynamic,2,0.7913926999972318,4.180000178166665e-05,spread_mean,facebook_combined,1
0.6785666540415063,0.8435901986961745,0.325,0.6268656716417911,9.696345666517097,0,node+edge+subgraph+dynamic,2,0.6976761999976588,4.180000178166665e-05,spread_mean,facebook_combined,2
0.6799286620855355,0.8446390830616435,0.325,0.6417910447761194,9.668429409947889,0,node+edge+subgraph+dynamic,2,0.7203312999990885,4.180000178166665e-05,spread_mean,facebook_combined,3
0.678963878322698,0.8443324978645671,0.425,0.6467661691542289,9.762937923709996,0,node+edge+subgraph+dynamic,2,0.6818847000031383,4.180000178166665e-05,spread_mean,facebook_combined,4
0.6789902096438316,0.8440996998968265,0.35,0.6368159203980099,9.778855738854292,0,node+edge+subgraph+dynamic,2,0.6603790000008303,4.180000178166665e-05,spread_mean,facebook_combined,5
0.6797626821824295,0.8445997635830476,0.45,0.6417910447761194,9.610856252028787,0,node+edge+subgraph+dynamic,2,0.7349470000044676,4.180000178166665e-05,spread_mean,facebook_combined,6
0.6805773211610002,0.8454118163397117,0.4,0.6368159203980099,9.80238809769471,0,node+edge+subgraph+dynamic,2,0.7450623999975505,4.180000178166665e-05,spread_mean,facebook_combined,7
0.6800995193490016,0.8448429810574792,0.325,0.6368159203980099,9.804385701565437,0,node+edge+subgraph+dynamic,2,0.7275923000051989,4.180000178166665e-05,spread_mean,facebook_combined,8
0.6775758031153316,0.8430556326967267,0.35,0.6368159203980099,9.77531097663105,0,node+edge+subgraph+dynamic,2,0.7367871999958879,4.180000178166665e-05,spread_mean,facebook_combined,9
0.9204122862985236,0.9878986249356608,0.775,0.9850746268656716,1.7183279667253328,1,node,17,0.875374200004444,1.836423400018248,spread_mean,facebook_combined,0
0.9227624438801556,0.9890877767774752,0.775,0.9850746268656716,1.840392986311936,1,node,17,0.8377993000030983,1.836423400018248,spread_mean,facebook_combined,1
0.9254430682739828,0.989606336199458,0.8,0.9850746268656716,1.5867063587822383,1,node,17,0.8135662999993656,1.836423400018248,spread_mean,facebook_combined,2
0.9248254816751632,0.9903497542816848,0.775,0.9800995024875622,1.9270481138309072,1,node,17,0.8340656999935163,1.836423400018248,spread_mean,facebook_combined,3
0.9272577896513932,0.9910257958740454,0.8,0.9850746268656716,1.915322247273268,1,node,17,0.8198373000050196,1.836423400018248,spread_mean,facebook_combined,4
0.9219478984302228,0.9891879488282604,0.8,0.9800995024875622,1.8724289339977669,1,node,17,0.8559476000009454,1.836423400018248,spread_mean,facebook_combined,5
0.921503949685026,0.9880692593772046,0.8,0.9800995024875622,1.7710205801521226,1,node,17,0.783737799996743,1.836423400018248,spread_mean,facebook_combined,6
0.9240563589906252,0.9899935483146552,0.775,0.9800995024875622,1.8857545258586224,1,node,17,0.8128916999994544,1.836423400018248,spread_mean,facebook_combined,7
0.923724213509149,0.9893911004237136,0.8,0.9900497512437813,1.862606480241012,1,node,17,0.830876600004558,1.836423400018248,spread_mean,facebook_combined,8
0.9265130490808084,0.9906498242745716,0.75,0.9800995024875622,1.7787431481718692,1,node,17,0.8368822999982513,1.836423400018248,spread_mean,facebook_combined,9
0.9259106305395643,0.9898825241811192,0.775,0.9850746268656716,1.6649873332177676,1,node+edge,38,0.9589463000011164,2.849816000019928,spread_mean,facebook_combined,0
0.9307915703412928,0.9926343513113802,0.775,0.9800995024875622,1.9328436331901848,1,node+edge,38,0.9930937999961316,2.849816000019928,spread_mean,facebook_combined,1
0.927151416787462,0.9908798707126416,0.8,0.9850746268656716,1.6563882585437633,1,node+edge,38,1.0317782999991325,2.849816000019928,spread_mean,facebook_combined,2
0.928516570873347,0.99183704593735,0.8,0.9850746268656716,1.950498463713944,1,node+edge,38,1.0146082999999635,2.849816000019928,spread_mean,facebook_combined,3
0.9285542728030984,0.9919305787515984,0.8,0.9850746268656716,1.8934912340860808,1,node+edge,38,0.9899548999965192,2.849816000019928,spread_mean,facebook_combined,4
0.9280796964280332,0.9910230623111784,0.8,0.9800995024875622,1.731680942936414,1,node+edge,38,1.0018694000027608,2.849816000019928,spread_mean,facebook_combined,5
0.9256494857784,0.9905563587605696,0.75,0.9800995024875622,1.7732243327027422,1,node+edge,38,1.0161436999987927,2.849816000019928,spread_mean,facebook_combined,6
0.9273773321261836,0.9908007462695466,0.8,0.9800995024875622,1.877817568542807,1,node+edge,38,0.9457407999943824,2.849816000019928,spread_mean,facebook_combined,7
0.927398551221359,0.9908950321089344,0.8,0.9900497512437813,1.8636976445199844,1,node+edge,38,1.0209239999967394,2.849816000019928,spread_mean,facebook_combined,8
0.9284439345420236,0.9916784686792716,0.8,0.9850746268656716,1.7020799259742267,1,node+edge,38,1.011365400001523,2.849816000019928,spread_mean,facebook_combined,9
0.9438893217544662,0.9949609509534936,0.8,0.9950248756218906,0.8452694321981462,2,node,35,1.0130113000050187,3.628884799938533,spread_mean,facebook_combined,0
0.9448128448678936,0.9948256027071108,0.8,0.9950248756218906,0.9791732752088524,2,node,35,1.0297224000023562,3.628884799938533,spread_mean,facebook_combined,1
0.9459177681711513,0.995331046655455,0.825,0.9950248756218906,1.002743702147944,2,node,35,1.0096718999993757,3.628884799938533,spread_mean,facebook_combined,2
0.9468392458402086,0.9955049344125876,0.75,0.9850746268656716,0.9890013358279832,2,node,35,0.9815387000053306,3.628884799938533,spread_mean,facebook_combined,3
0.9463444704961192,0.9954296992632234,0.875,0.9950248756218906,0.8979440795779403,2,node,35,0.972434900002554,3.628884799938533,spread_mean,facebook_combined,4
0.9463936303714144,0.9954703223242414,0.8,0.9950248756218906,0.853217706629123,2,node,35,0.9927793000024394,3.628884799938533,spread_mean,facebook_combined,5
0.9453023560389486,0.9950624928263272,0.825,0.9950248756218906,0.905971362234506,2,node,35,0.9695157000023756,3.628884799938533,spread_mean,facebook_combined,6
0.9455563407433,0.9951606878374812,0.825,0.9950248756218906,1.0558218469234917,2,node,35,1.0419389999951818,3.628884799938533,spread_mean,facebook_combined,7
0.9457749518605654,0.9952320136649218,0.8,0.9950248756218906,0.9386669807362966,2,node,35,1.0854143999968071,3.628884799938533,spread_mean,facebook_combined,8
0.9452278543294071,0.9951314233484592,0.75,0.9900497512437813,0.9500219226151576,2,node,35,1.0965646999975434,3.628884799938533,spread_mean,facebook_combined,9
0.9478677773635852,0.9956956700583262,0.8,1.0,0.9149348313604868,2,node+edge,80,1.4241771000015433,4.6422773999402125,spread_mean,facebook_combined,0
0.9478727670767684,0.9956236956469208,0.8,0.9950248756218906,1.178962423913143,2,node+edge,80,1.436278900000616,4.6422773999402125,spread_mean,facebook_combined,1
0.9487760458730262,0.9958492485641656,0.8,0.9950248756218906,1.1512425661731462,2,node+edge,80,1.4336444000000483,4.6422773999402125,spread_mean,facebook_combined,2
0.947858953407272,0.9956138454817112,0.775,0.9900497512437813,1.1971985807287149,2,node+edge,80,1.4464381000070716,4.6422773999402125,spread_mean,facebook_combined,3
0.9481598035250206,0.9957064131494158,0.8,1.0,0.9903845732009792,2,node+edge,80,1.4205549000034807,4.6422773999402125,spread_mean,facebook_combined,4
0.9484153372069712,0.9957502229030052,0.8,0.9950248756218906,0.9886188774856444,2,node+edge,80,1.4268708000017796,4.6422773999402125,spread_mean,facebook_combined,5
0.9486078029544333,0.995690222188113,0.8,0.9950248756218906,1.074953279764869,2,node+edge,80,1.4666813000003458,4.6422773999402125,spread_mean,facebook_combined,6
0.9483822610534496,0.9957266638112264,0.75,0.9900497512437813,1.19175871394235,2,node+edge,80,1.4013406000012765,4.6422773999402125,spread_mean,facebook_combined,7
0.9476048645520508,0.9956207159763578,0.825,0.9950248756218906,1.043788336433981,2,node+edge,80,1.4231347000022652,4.6422773999402125,spread_mean,facebook_combined,8
0.9476552302030272,0.995610809260221,0.75,0.9900497512437813,0.9915252946014504,2,node+edge,80,1.4171504999976603,4.6422773999402125,spread_mean,facebook_combined,9
0.9517816869846392,0.9963535607481018,0.8,1.0,0.9138167256777322,2,node+edge+subgraph,144,2.281445599997824,240.36142989994187,spread_mean,facebook_combined,0
0.951780321043589,0.9963063998200956,0.8,0.9950248756218906,1.0973304747559829,2,node+edge+subgraph,144,2.2169794000001275,240.36142989994187,spread_mean,facebook_combined,1
0.9518985936013482,0.9963560842969598,0.775,0.9950248756218906,1.0924075619569305,2,node+edge+subgraph,144,2.1990240000013728,240.36142989994187,spread_mean,facebook_combined,2
0.9517067078162506,0.9962964553739956,0.775,0.9900497512437813,1.1316393528592463,2,node+edge+subgraph,144,2.09120790000452,240.36142989994187,spread_mean,facebook_combined,3
0.9512982288507976,0.9962021388837932,0.775,1.0,0.9535961312183396,2,node+edge+subgraph,144,2.0643598000024213,240.36142989994187,spread_mean,facebook_combined,4
0.9521670863223264,0.9963752563897652,0.85,0.9950248756218906,0.9435902973924394,2,node+edge+subgraph,144,1.984800899997936,240.36142989994187,spread_mean,facebook_combined,5
0.9521062417445856,0.996310662677512,0.775,0.9950248756218906,1.033684268708712,2,node+edge+subgraph,144,2.1981101000055787,240.36142989994187,spread_mean,facebook_combined,6
0.9513832485176648,0.9962571758772923,0.75,0.9900497512437813,1.236449894413178,2,node+edge+subgraph,144,2.050803300000553,240.36142989994187,spread_mean,facebook_combined,7
0.9521209221046067,0.9963632627648336,0.825,0.9950248756218906,1.0011840475923215,2,node+edge+subgraph,144,1.9667267000040736,240.36142989994187,spread_mean,facebook_combined,8
0.9520563572851408,0.996342232417888,0.775,0.9900497512437813,1.0181730407729548,2,node+edge+subgraph,144,1.9796581999980845,240.36142989994187,spread_mean,facebook_combined,9
0.952126224491668,0.9963677568230868,0.8,0.9950248756218906,0.9137531015803864,2,node+edge+subgraph+dynamic,145,2.00146759999916,240.36142989994187,spread_mean,facebook_combined,0
0.9519048362676736,0.9963352113325494,0.8,0.9950248756218906,1.0732218312485535,2,node+edge+subgraph+dynamic,145,2.013232800003607,240.36142989994187,spread_mean,facebook_combined,1
0.9519863891208696,0.9963829363234158,0.8,0.9950248756218906,1.094291417687977,2,node+edge+subgraph+dynamic,145,2.015427500002261,240.36142989994187,spread_mean,facebook_combined,2
0.9517647031410876,0.9962773040346818,0.75,0.9900497512437813,1.1265716298185668,2,node+edge+subgraph+dynamic,145,1.9674646000057687,240.36142989994187,spread_mean,facebook_combined,3
0.9510813052194332,0.9961709123789264,0.775,1.0,0.9502347766693856,2,node+edge+subgraph+dynamic,145,1.9993166999993264,240.36142989994187,spread_mean,facebook_combined,4
0.9515504805421834,0.9962748146226584,0.825,0.9950248756218906,0.9527967660114396,2,node+edge+subgraph+dynamic,145,1.9771343000029449,240.36142989994187,spread_mean,facebook_combined,5
0.9516883634558614,0.9962404929732376,0.775,0.9950248756218906,1.0379229428534549,2,node+edge+subgraph+dynamic,145,1.9857552999965264,240.36142989994187,spread_mean,facebook_combined,6
0.9517097559577798,0.9962918847233352,0.75,0.9950248756218906,1.2598452530191842,2,node+edge+subgraph+dynamic,145,1.974729200002912,240.36142989994187,spread_mean,facebook_combined,7
0.9518122085661952,0.9962837040202366,0.825,0.9950248756218906,0.9909183103266044,2,node+edge+subgraph+dynamic,145,1.994563600004767,240.36142989994187,spread_mean,facebook_combined,8
0.952117820564089,0.9963588410040992,0.775,0.9900497512437813,1.0179246218811715,2,node+edge+subgraph+dynamic,145,1.9821248999942327,240.36142989994187,spread_mean,facebook_combined,9
0.9453677753698384,0.995220407199038,0.8,0.9950248756218906,0.808602377819709,3,node,45,1.0413310000003548,5.6599381999149045,spread_mean,facebook_combined,0
0.945530567065011,0.995149320898,0.825,0.9950248756218906,0.8651047088804338,3,node,45,1.1037425999966215,5.6599381999149045,spread_mean,facebook_combined,1
0.9436137141013332,0.9947333313133672,0.825,0.9950248756218906,0.9446587190427854,3,node,45,1.1169745000006517,5.6599381999149045,spread_mean,facebook_combined,2
0.9449993316846328,0.9951984388333628,0.775,0.9900497512437813,0.8268517765887844,3,node,45,1.1669305000032182,5.6599381999149045,spread_mean,facebook_combined,3
0.9455924742012564,0.9952042277132808,0.85,1.0,0.8168970118696334,3,node,45,1.066585099993972,5.6599381999149045,spread_mean,facebook_combined,4
0.944400377426092,0.9950326090802076,0.825,0.9900497512437813,0.8337877028651526,3,node,45,1.0596061999967787,5.6599381999149045,spread_mean,facebook_combined,5
0.9434702831700792,0.9945860231233002,0.825,0.9950248756218906,0.84829955384382,3,node,45,1.02805900000385,5.6599381999149045,spread_mean,facebook_combined,6
0.944185698671203,0.9948758392937044,0.825,1.0,1.000832801619895,3,node,45,1.0607133000012254,5.6599381999149045,spread_mean,facebook_combined,7
0.9452426941806582,0.9951203358206164,0.8,0.9950248756218906,0.844724540223395,3,node,45,1.072618500002136,5.6599381999149045,spread_mean,facebook_combined,8
0.94611906660561,0.9953217773689588,0.775,0.9900497512437813,0.8826948783133931,3,node,45,1.0683964999989255,5.6599381999149045,spread_mean,facebook_combined,9
0.9504759951647594,0.9961257578129964,0.825,0.9950248756218906,0.8426427824439303,3,node+edge,93,1.5658657000021776,6.6733307999165845,spread_mean,facebook_combined,0
0.9505508581476088,0.9961158342829832,0.825,0.9900497512437813,0.9123045344155128,3,node+edge,93,1.4884186999988742,6.6733307999165845,spread_mean,facebook_combined,1
0.9501658822387264,0.9960628526792876,0.775,0.9900497512437813,1.0535174464669148,3,node+edge,93,1.5095111999980872,6.6733307999165845,spread_mean,facebook_combined,2
0.9509375694736718,0.9962308087639103,0.775,0.9950248756218906,0.9982475192454014,3,node+edge,93,1.5263658999974723,6.6733307999165845,spread_mean,facebook_combined,3
0.9503568697770084,0.9961662249179858,0.775,0.9950248756218906,0.8553241998665018,3,node+edge,93,1.4861810000002151,6.6733307999165845,spread_mean,facebook_combined,4
0.9503686099985074,0.9961346737401806,0.85,0.9900497512437813,0.9468926140620596,3,node+edge,93,1.5474229999963427,6.6733307999165845,spread_mean,facebook_combined,5
0.9490502193344909,0.9959019803577788,0.8,0.9950248756218906,0.9542635858941192,3,node+edge,93,1.4998240999993868,6.6733307999165845,spread_mean,facebook_combined,6
0.949665170154412,0.9959653036564902,0.775,1.0,1.082518347679802,3,node+edge,93,1.4920408000034513,6.6733307999165845,spread_mean,facebook_combined,7
0.9503460795066812,0.9961363594823416,0.825,0.9950248756218906,0.9591444950207444,3,node+edge,93,1.463123400004406,6.6733307999165845,spread_mean,facebook_combined,8
0.9505478747776646,0.996156272962922,0.775,0.9900497512437813,0.9268589605510144,3,node+edge,93,1.535842599994794,6.6733307999165845,spread_mean,facebook_combined,9
0.9522263955147814,0.996420109121832,0.8,0.9950248756218906,0.8795068024802162,3,node+edge+subgraph,168,2.257471500000974,242.39248329991824,spread_mean,facebook_combined,0
0.9529077256903448,0.9965171982824412,0.825,0.9900497512437813,0.8863465877219198,3,node+edge+subgraph,168,2.2515123000048334,242.39248329991824,spread_mean,facebook_combined,1
0.9519206275293384,0.9962083313505664,0.825,0.9900497512437813,1.0207841506898874,3,node+edge+subgraph,168,2.4338289000006625,242.39248329991824,spread_mean,facebook_combined,2
0.953403656076552,0.9966115064565054,0.775,0.9900497512437813,0.9401742481894112,3,node+edge+subgraph,168,2.3676439999981085,242.39248329991824,spread_mean,facebook_combined,3
0.9522944758548708,0.9964337138876338,0.775,0.9950248756218906,0.8706655285952687,3,node+edge+subgraph,168,2.273580399996717,242.39248329991824,spread_mean,facebook_combined,4
0.9528361918822232,0.996512805221064,0.825,0.9900497512437813,0.914773677729624,3,node+edge+subgraph,168,2.2749688000039896,242.39248329991824,spread_mean,facebook_combined,5
0.9523026225840736,0.9963305081271296,0.75,0.9950248756218906,0.90663447400218,3,node+edge+subgraph,168,2.292293400001654,242.39248329991824,spread_mean,facebook_combined,6
0.9522039652625052,0.996344847634196,0.775,0.9950248756218906,1.1674899197944844,3,node+edge+subgraph,168,2.293953599997621,242.39248329991824,spread_mean,facebook_combined,7
0.9532586466586966,0.996553150971511,0.85,0.9950248756218906,0.9702989616736648,3,node+edge+subgraph,168,2.301242200002889,242.39248329991824,spread_mean,facebook_combined,8
0.9532031736127669,0.9966008482455526,0.8,0.9900497512437813,0.9549094320098288,3,node+edge+subgraph,168,2.216799900001206,242.39248329991824,spread_mean,facebook_combined,9
0.953003479883275,0.9965552136701024,0.8,0.9950248756218906,0.8789509332009798,3,node+edge+subgraph+dynamic,170,2.325912100001005,242.39248329991824,spread_mean,facebook_combined,0
0.9528658613708534,0.996452130443218,0.8,0.9900497512437813,0.8888867633286922,3,node+edge+subgraph+dynamic,170,2.3033543000055943,242.39248329991824,spread_mean,facebook_combined,1
0.9519413183337068,0.9962632454059146,0.8,0.9900497512437813,1.0283566532157056,3,node+edge+subgraph+dynamic,170,2.3381684999985737,242.39248329991824,spread_mean,facebook_combined,2
0.9538293774119482,0.9966525883253312,0.775,0.9900497512437813,0.93225371226133,3,node+edge+subgraph+dynamic,170,2.295931500004372,242.39248329991824,spread_mean,facebook_combined,3
0.9528560208626948,0.9965204282746783,0.8,0.9950248756218906,0.8655235158203713,3,node+edge+subgraph+dynamic,170,2.322255499995663,242.39248329991824,spread_mean,facebook_combined,4
0.9529849848214256,0.9965294021863208,0.8,0.9900497512437813,0.9169456223928152,3,node+edge+subgraph+dynamic,170,2.500713599998562,242.39248329991824,spread_mean,facebook_combined,5
0.9518983830860992,0.9962495123448762,0.775,0.9950248756218906,0.8988251203673816,3,node+edge+subgraph+dynamic,170,2.4340961999987485,242.39248329991824,spread_mean,facebook_combined,6
0.9516680120189054,0.9963124949809166,0.775,0.9950248756218906,1.1717356876907266,3,node+edge+subgraph+dynamic,170,2.3160868999984814,242.39248329991824,spread_mean,facebook_combined,7
0.952848887674189,0.9965080333460608,0.8,0.9950248756218906,0.9677322909372736,3,node+edge+subgraph+dynamic,170,2.3204257000033977,242.39248329991824,spread_mean,facebook_combined,8
0.9531368338328876,0.9965839732814612,0.8,0.9900497512437813,0.959548003576258,3,node+edge+subgraph+dynamic,170,2.3598431999998866,242.39248329991824,spread_mean,facebook_combined,9
0.1451790281620422,0.218240733762891,0.0,0.0199004975124378,1.4578628934396902,0,node,2,0.7777035999970394,4.180000178166665e-05,spread_cv,facebook_combined,0
0.1421620582460936,0.213826780173447,0.0,0.0099502487562189,1.4613281931474589,0,node,2,0.7081592999966233,4.180000178166665e-05,spread_cv,facebook_combined,1
0.1441720285793051,0.2169622282312318,0.0,0.0149253731343283,1.459727527018785,0,node,2,0.7326699000041117,4.180000178166665e-05,spread_cv,facebook_combined,2
0.1509606832143439,0.2274114267761769,0.0,0.0199004975124378,1.4539558378100657,0,node,2,0.799832199998491,4.180000178166665e-05,spread_cv,facebook_combined,3
0.1478605734967906,0.2214686295401474,0.0,0.0248756218905472,1.4537331304401746,0,node,2,0.7617686000012327,4.180000178166665e-05,spread_cv,facebook_combined,4
0.1466880383631992,0.2208785430220443,0.0,0.0199004975124378,1.4557991329807634,0,node,2,0.7811087000009138,4.180000178166665e-05,spread_cv,facebook_combined,5
0.14336180107283,0.2148920904025011,0.0,0.0199004975124378,1.4574739948093842,0,node,2,0.7658317999957944,4.180000178166665e-05,spread_cv,facebook_combined,6
0.1489783150766743,0.2244074186438967,0.0,0.0099502487562189,1.4556887676623138,0,node,2,0.7339199999987613,4.180000178166665e-05,spread_cv,facebook_combined,7
0.1545785734662547,0.2326143632227946,0.0,0.0199004975124378,1.4518238676886492,0,node,2,0.7218982000049436,4.180000178166665e-05,spread_cv,facebook_combined,8
0.1439022891936253,0.2154720324006635,0.0,0.0199004975124378,1.45747877592054,0,node,2,0.7596935000037774,4.180000178166665e-05,spread_cv,facebook_combined,9
0.1451790281620422,0.218240733762891,0.0,0.0199004975124378,1.4578628934396902,0,node+edge,2,0.7722471000015503,4.180000178166665e-05,spread_cv,facebook_combined,0
0.1421620582460936,0.213826780173447,0.0,0.0099502487562189,1.4613281931474589,0,node+edge,2,0.7391675999970175,4.180000178166665e-05,spread_cv,facebook_combined,1
0.1441720285793051,0.2169622282312318,0.0,0.0149253731343283,1.459727527018785,0,node+edge,2,0.7206913999980316,4.180000178166665e-05,spread_cv,facebook_combined,2
0.1509606832143439,0.2274114267761769,0.0,0.0199004975124378,1.4539558378100657,0,node+edge,2,0.7903255999990506,4.180000178166665e-05,spread_cv,facebook_combined,3
0.1478605734967906,0.2214686295401474,0.0,0.0248756218905472,1.4537331304401746,0,node+edge,2,0.7520695999992313,4.180000178166665e-05,spread_cv,facebook_combined,4
0.1466880383631992,0.2208785430220443,0.0,0.0199004975124378,1.4557991329807634,0,node+edge,2,0.7568047999957344,4.180000178166665e-05,spread_cv,facebook_combined,5
0.14336180107283,0.2148920904025011,0.0,0.0199004975124378,1.4574739948093842,0,node+edge,2,0.7724096000019927,4.180000178166665e-05,spread_cv,facebook_combined,6
0.1489783150766743,0.2244074186438967,0.0,0.0099502487562189,1.4556887676623138,0,node+edge,2,0.7683476000020164,4.180000178166665e-05,spread_cv,facebook_combined,7
0.1545785734662547,0.2326143632227946,0.0,0.0199004975124378,1.4518238676886492,0,node+edge,2,0.7377606000009109,4.180000178166665e-05,spread_cv,facebook_combined,8
0.1439022891936253,0.2154720324006635,0.0,0.0199004975124378,1.45747877592054,0,node+edge,2,0.7409886999957962,4.180000178166665e-05,spread_cv,facebook_combined,9
0.1451790281620422,0.218240733762891,0.0,0.0199004975124378,1.4578628934396902,0,node+edge+subgraph,2,0.7700565999984974,4.180000178166665e-05,spread_cv,facebook_combined,0
0.1421620582460936,0.213826780173447,0.0,0.0099502487562189,1.4613281931474589,0,node+edge+subgraph,2,0.7157479000015883,4.180000178166665e-05,spread_cv,facebook_combined,1
0.1441720285793051,0.2169622282312318,0.0,0.0149253731343283,1.459727527018785,0,node+edge+subgraph,2,0.7390325000014855,4.180000178166665e-05,spread_cv,facebook_combined,2
0.1509606832143439,0.2274114267761769,0.0,0.0199004975124378,1.4539558378100657,0,node+edge+subgraph,2,0.7436297999956878,4.180000178166665e-05,spread_cv,facebook_combined,3
0.1478605734967906,0.2214686295401474,0.0,0.0248756218905472,1.4537331304401746,0,node+edge+subgraph,2,0.8288354999967851,4.180000178166665e-05,spread_cv,facebook_combined,4
0.1466880383631992,0.2208785430220443,0.0,0.0199004975124378,1.4557991329807634,0,node+edge+subgraph,2,0.8258887999982107,4.180000178166665e-05,spread_cv,facebook_combined,5
0.14336180107283,0.2148920904025011,0.0,0.0199004975124378,1.4574739948093842,0,node+edge+subgraph,2,0.8112073000011151,4.180000178166665e-05,spread_cv,facebook_combined,6
0.1489783150766743,0.2244074186438967,0.0,0.0099502487562189,1.4556887676623138,0,node+edge+subgraph,2,0.7319872000007308,4.180000178166665e-05,spread_cv,facebook_combined,7
0.1545785734662547,0.2326143632227946,0.0,0.0199004975124378,1.4518238676886492,0,node+edge+subgraph,2,0.7699951000031433,4.180000178166665e-05,spread_cv,facebook_combined,8
0.1439022891936253,0.2154720324006635,0.0,0.0199004975124378,1.45747877592054,0,node+edge+subgraph,2,0.7717042000003858,4.180000178166665e-05,spread_cv,facebook_combined,9
0.1451790281620422,0.218240733762891,0.0,0.0199004975124378,1.4578628934396902,0,node+edge+subgraph+dynamic,2,0.7724026000068989,4.180000178166665e-05,spread_cv,facebook_combined,0
0.1421620582460936,0.213826780173447,0.0,0.0099502487562189,1.4613281931474589,0,node+edge+subgraph+dynamic,2,0.7749485000022105,4.180000178166665e-05,spread_cv,facebook_combined,1
0.1441720285793051,0.2169622282312318,0.0,0.0149253731343283,1.459727527018785,0,node+edge+subgraph+dynamic,2,0.7546235999980127,4.180000178166665e-05,spread_cv,facebook_combined,2
0.1509606832143439,0.2274114267761769,0.0,0.0199004975124378,1.4539558378100657,0,node+edge+subgraph+dynamic,2,0.7573412999990978,4.180000178166665e-05,spread_cv,facebook_combined,3
0.1478605734967906,0.2214686295401474,0.0,0.0248756218905472,1.4537331304401746,0,node+edge+subgraph+dynamic,2,0.7549491000027047,4.180000178166665e-05,spread_cv,facebook_combined,4
0.1466880383631992,0.2208785430220443,0.0,0.0199004975124378,1.4557991329807634,0,node+edge+subgraph+dynamic,2,0.7760392999989563,4.180000178166665e-05,spread_cv,facebook_combined,5
0.14336180107283,0.2148920904025011,0.0,0.0199004975124378,1.4574739948093842,0,node+edge+subgraph+dynamic,2,0.7954858000011882,4.180000178166665e-05,spread_cv,facebook_combined,6
0.1489783150766743,0.2244074186438967,0.0,0.0099502487562189,1.4556887676623138,0,node+edge+subgraph+dynamic,2,0.7799306000015349,4.180000178166665e-05,spread_cv,facebook_combined,7
0.1545785734662547,0.2326143632227946,0.0,0.0199004975124378,1.4518238676886492,0,node+edge+subgraph+dynamic,2,0.7762438999998267,4.180000178166665e-05,spread_cv,facebook_combined,8
0.1439022891936253,0.2154720324006635,0.0,0.0199004975124378,1.45747877592054,0,node+edge+subgraph+dynamic,2,0.7526061000025948,4.180000178166665e-05,spread_cv,facebook_combined,9
0.8149841836431929,0.9362936576337544,0.55,0.9054726368159204,0.3449030080631067,1,node,17,0.8341671999951359,1.836423400018248,spread_cv,facebook_combined,0
0.8153661238814733,0.9363337612697088,0.6,0.9104477611940298,0.3447398607980524,1,node,17,0.8670501000015065,1.836423400018248,spread_cv,facebook_combined,1
0.8138256661423863,0.9352996034533496,0.5,0.9054726368159204,0.3518209129324801,1,node,17,0.8800375999999233,1.836423400018248,spread_cv,facebook_combined,2
0.8142927909172506,0.9360274517610486,0.55,0.9054726368159204,0.3454748145808071,1,node,17,0.8760226000013063,1.836423400018248,spread_cv,facebook_combined,3
0.8160991702200131,0.9372462019299476,0.575,0.9104477611940298,0.3462483871064267,1,node,17,0.8423018000030424,1.836423400018248,spread_cv,facebook_combined,4
0.8196691539060039,0.9395338662637228,0.475,0.900497512437811,0.3397177039233119,1,node,17,0.8630537999997614,1.836423400018248,spread_cv,facebook_combined,5
0.8147214759345354,0.9360860005211276,0.5,0.9104477611940298,0.3459195364847474,1,node,17,0.8249534999995376,1.836423400018248,spread_cv,facebook_combined,6
0.8147124648736315,0.9362000102939269,0.525,0.9154228855721394,0.3453475084170767,1,node,17,0.8165059000020847,1.836423400018248,spread_cv,facebook_combined,7
0.8135706143497463,0.9343381579115924,0.6,0.9104477611940298,0.3498681217746963,1,node,17,0.8591375000032713,1.836423400018248,spread_cv,facebook_combined,8
0.8151959325705451,0.9370382665986058,0.55,0.9054726368159204,0.3451974092515937,1,node,17,0.8804755000019213,1.836423400018248,spread_cv,facebook_combined,9
0.8159512437627447,0.937949702751748,0.575,0.9104477611940298,0.3396481000496129,1,node+edge,38,1.0844384000010905,2.849816000019928,spread_cv,facebook_combined,0
0.8159412528920281,0.9384463639972324,0.575,0.9154228855721394,0.3385389870778688,1,node+edge,38,1.086820999997144,2.849816000019928,spread_cv,facebook_combined,1
0.816694903029406,0.937036506625179,0.575,0.9054726368159204,0.3457757930148726,1,node+edge,38,1.0619334999937564,2.849816000019928,spread_cv,facebook_combined,2
0.8163614348640561,0.9375416268294886,0.575,0.9104477611940298,0.3409273759849551,1,node+edge,38,1.07745349999459,2.849816000019928,spread_cv,facebook_combined,3
0.8184394618626407,0.9386499281948744,0.625,0.9104477611940298,0.3402289640552967,1,node+edge,38,1.0511729999998352,2.849816000019928,spread_cv,facebook_combined,4
0.8184925379879805,0.9393676899100324,0.525,0.9104477611940298,0.3364993882342672,1,node+edge,38,1.053828899996006,2.849816000019928,spread_cv,facebook_combined,5
0.8182992300052143,0.939287708855925,0.6,0.9154228855721394,0.3394334388034339,1,node+edge,38,1.061605299997609,2.849816000019928,spread_cv,facebook_combined,6
0.8189857684984695,0.9394811133696525,0.525,0.9104477611940298,0.3365057097986602,1,node+edge,38,1.0843444999991334,2.849816000019928,spread_cv,facebook_combined,7
0.8172874844812866,0.9377628567593636,0.65,0.9154228855721394,0.3389914209377446,1,node+edge,38,1.173130899995158,2.849816000019928,spread_cv,facebook_combined,8
0.8188775932808301,0.940013169014426,0.625,0.9104477611940298,0.3365738843376685,1,node+edge,38,1.171510299995134,2.849816000019928,spread_cv,facebook_combined,9
0.8289397162374855,0.9441763892630206,0.575,0.9154228855721394,0.3224631050017306,2,node,35,1.0818742999981623,3.628884799938533,spread_cv,facebook_combined,0
0.8299289788308364,0.943240834724022,0.6,0.9154228855721394,0.3273995094419254,2,node,35,1.1231507000047714,3.628884799938533,spread_cv,facebook_combined,1
0.8267438592553253,0.940969651974407,0.525,0.9154228855721394,0.3287232471450169,2,node,35,1.134230399999069,3.628884799938533,spread_cv,facebook_combined,2
0.8277822994216606,0.9434660685936996,0.65,0.9104477611940298,0.3246851656712836,2,node,35,1.0967630999948597,3.628884799938533,spread_cv,facebook_combined,3
0.8287253353133611,0.9433526217287798,0.6,0.9104477611940298,0.3236760488354075,2,node,35,1.086091099998157,3.628884799938533,spread_cv,facebook_combined,4
0.8296900257989231,0.9439091674301878,0.575,0.9154228855721394,0.3243911172123132,2,node,35,1.035696699997061,3.628884799938533,spread_cv,facebook_combined,5
0.8292887598100711,0.94463350749934,0.575,0.9054726368159204,0.3258812631874467,2,node,35,1.030472099999315,3.628884799938533,spread_cv,facebook_combined,6
0.8299351469980019,0.944701305908938,0.525,0.9154228855721394,0.323890538291368,2,node,35,0.9980730999959632,3.628884799938533,spread_cv,facebook_combined,7
0.8274980450186181,0.9424621102139004,0.525,0.9054726368159204,0.3242898847690005,2,node,35,1.0824728999941726,3.628884799938533,spread_cv,facebook_combined,8
0.8304916380436134,0.9450818620572704,0.575,0.9154228855721394,0.3202756205689985,2,node,35,1.0842892000000577,3.628884799938533,spread_cv,facebook_combined,9
0.8292657354396364,0.9440193841841126,0.6,0.9203980099502488,0.3158133253974137,2,node+edge,80,1.4887705000001006,4.6422773999402125,spread_cv,facebook_combined,0
0.829951165494174,0.94473104817672,0.625,0.9253731343283582,0.3176130141087533,2,node+edge,80,1.441380800002662,4.6422773999402125,spread_cv,facebook_combined,1
0.8293991436888529,0.9437441855857648,0.675,0.9203980099502488,0.3186336649189906,2,node+edge,80,1.4671556999965103,4.6422773999402125,spread_cv,facebook_combined,2
0.8319313582588347,0.94528592212183,0.65,0.9203980099502488,0.3105893949034546,2,node+edge,80,1.4296846999932311,4.6422773999402125,spread_cv,facebook_combined,3
0.830914383938094,0.94445239639559,0.625,0.9203980099502488,0.3178468440600794,2,node+edge,80,1.450268500004313,4.6422773999402125,spread_cv,facebook_combined,4
0.8320976734492753,0.9458807074311216,0.575,0.9203980099502488,0.3089703277383521,2,node+edge,80,1.4594709999946645,4.6422773999402125,spread_cv,facebook_combined,5
0.8297799754745967,0.944731301458804,0.6,0.9104477611940298,0.321262054842766,2,node+edge,80,1.4486876999944798,4.6422773999402125,spread_cv,facebook_combined,6
0.8298359660251758,0.9438976151217202,0.625,0.9203980099502488,0.3144010648998286,2,node+edge,80,1.4901027000014435,4.6422773999402125,spread_cv,facebook_combined,7
0.8310713109757626,0.943801804094501,0.625,0.9154228855721394,0.3123200453948672,2,node+edge,80,1.4565033000035328,4.6422773999402125,spread_cv,facebook_combined,8
0.8319564049550708,0.9461630016914891,0.575,0.9203980099502488,0.3099564132794027,2,node+edge,80,1.4380616999987978,4.6422773999402125,spread_cv,facebook_combined,9
0.8304689808531598,0.9449866856936764,0.5,0.9203980099502488,0.3116952736123231,2,node+edge+subgraph,144,2.211114199999429,240.36142989994187,spread_cv,facebook_combined,0
0.8325670253029861,0.9457458579303604,0.575,0.9203980099502488,0.3121829995394425,2,node+edge+subgraph,144,2.138273399999889,240.36142989994187,spread_cv,facebook_combined,1
0.8289496281973359,0.9433758629823495,0.6,0.9203980099502488,0.3195591668805937,2,node+edge+subgraph,144,2.32459640000161,240.36142989994187,spread_cv,facebook_combined,2
0.833620254504585,0.9460690015797358,0.625,0.9203980099502488,0.3056581488926229,2,node+edge+subgraph,144,2.284083799997461,240.36142989994187,spread_cv,facebook_combined,3
0.8314851517419648,0.944026583079762,0.575,0.9203980099502488,0.3193430053226186,2,node+edge+subgraph,144,2.151603800004523,240.36142989994187,spread_cv,facebook_combined,4
0.8346065584206315,0.94644700285902,0.575,0.9203980099502488,0.3041688573955511,2,node+edge+subgraph,144,2.1537148999996134,240.36142989994187,spread_cv,facebook_combined,5
0.8332116547551901,0.9462114119663988,0.55,0.9104477611940298,0.3144034587516389,2,node+edge+subgraph,144,2.195179399997869,240.36142989994187,spread_cv,facebook_combined,6
0.8325848059485139,0.945549077403138,0.55,0.9203980099502488,0.3091438480676004,2,node+edge+subgraph,144,2.131122799997684,240.36142989994187,spread_cv,facebook_combined,7
0.8313235378797879,0.9444251716829708,0.575,0.9203980099502488,0.309609708362931,2,node+edge+subgraph,144,2.184391800001322,240.36142989994187,spread_cv,facebook_combined,8
0.8351212830612806,0.9468481539720556,0.65,0.9203980099502488,0.3072702892855985,2,node+edge+subgraph,144,2.24622869999439,240.36142989994187,spread_cv,facebook_combined,9
0.8306471095190703,0.9448129353293112,0.6,0.9203980099502488,0.3107974807528875,2,node+edge+subgraph+dynamic,145,2.22519789999933,240.36142989994187,spread_cv,facebook_combined,0
0.8331139502359584,0.945877702325992,0.6,0.9203980099502488,0.312525754675647,2,node+edge+subgraph+dynamic,145,2.1642809999975725,240.36142989994187,spread_cv,facebook_combined,1
0.8289401228479697,0.9433428312923048,0.55,0.9203980099502488,0.3195665668785086,2,node+edge+subgraph+dynamic,145,2.1570045000044047,240.36142989994187,spread_cv,facebook_combined,2
0.8345235898333859,0.9458896988344624,0.6,0.9154228855721394,0.3064622953151234,2,node+edge+subgraph+dynamic,145,2.15755899999931,240.36142989994187,spread_cv,facebook_combined,3
0.8320740051492268,0.9442071373688448,0.625,0.9203980099502488,0.3195374865369015,2,node+edge+subgraph+dynamic,145,2.13502840000001,240.36142989994187,spread_cv,facebook_combined,4
0.8359193116608479,0.9473633480086994,0.625,0.9203980099502488,0.3025389794096411,2,node+edge+subgraph+dynamic,145,2.2069598000016413,240.36142989994187,spread_cv,facebook_combined,5
0.8325467604451005,0.9457472965977112,0.575,0.9104477611940298,0.3154928671508819,2,node+edge+subgraph+dynamic,145,2.4591227999990224,240.36142989994187,spread_cv,facebook_combined,6
0.8319149151637188,0.945549521400518,0.575,0.9203980099502488,0.3105545821820401,2,node+edge+subgraph+dynamic,145,2.1749259999996866,240.36142989994187,spread_cv,facebook_combined,7
0.831119973928727,0.9436870722211405,0.6,0.9104477611940298,0.3101379500414651,2,node+edge+subgraph+dynamic,145,2.167557200002193,240.36142989994187,spread_cv,facebook_combined,8
0.8360091876207724,0.9475330089403012,0.6,0.9203980099502488,0.3056190268649713,2,node+edge+subgraph+dynamic,145,2.2559059000050183,240.36142989994187,spread_cv,facebook_combined,9
0.8275007937383027,0.942419851044424,0.65,0.9154228855721394,0.3253349265204902,3,node,45,1.1655570000002626,5.6599381999149045,spread_cv,facebook_combined,0
0.8287254437100003,0.942348883482396,0.6,0.9203980099502488,0.3279920494173777,3,node,45,1.1412343999982113,5.6599381999149045,spread_cv,facebook_combined,1
0.8273508181213243,0.9410507136792045,0.6,0.9154228855721394,0.3310390239144121,3,node,45,1.0935945999954129,5.6599381999149045,spread_cv,facebook_combined,2
0.8254250768262634,0.941295430917574,0.575,0.9154228855721394,0.3243796588561989,3,node,45,1.1420450000005076,5.6599381999149045,spread_cv,facebook_combined,3
0.828525605588157,0.9423488388584408,0.625,0.9054726368159204,0.3212094321962422,3,node,45,1.111961299997347,5.6599381999149045,spread_cv,facebook_combined,4
0.8286268621706047,0.9425686287398862,0.55,0.9203980099502488,0.3247377079825662,3,node,45,1.0967449999952803,5.6599381999149045,spread_cv,facebook_combined,5
0.8282863820966009,0.9429850586715552,0.65,0.9054726368159204,0.3284635575255651,3,node,45,1.089912399998866,5.6599381999149045,spread_cv,facebook_combined,6
0.8281448927872243,0.9425906923526216,0.55,0.9154228855721394,0.3245732632915413,3,node,45,1.1275507000027574,5.6599381999149045,spread_cv,facebook_combined,7
0.8265565114190564,0.9403500585405,0.65,0.900497512437811,0.3276534906672318,3,node,45,1.0677108000018052,5.6599381999149045,spread_cv,facebook_combined,8
0.8301682858220337,0.9438684596668976,0.625,0.9104477611940298,0.3202937182846074,3,node,45,1.1038008000032278,5.6599381999149045,spread_cv,facebook_combined,9
0.8319766397179751,0.945104094804598,0.625,0.9253731343283582,0.310031762563262,3,node+edge,93,1.582305700001598,6.6733307999165845,spread_cv,facebook_combined,0
0.8333020323294357,0.946110539449332,0.675,0.9203980099502488,0.3129168725747176,3,node+edge,93,1.592823400002089,6.6733307999165845,spread_cv,facebook_combined,1
0.8302838901827435,0.9434346716170712,0.625,0.9253731343283582,0.3165462430685169,3,node+edge,93,1.6294161999976495,6.6733307999165845,spread_cv,facebook_combined,2
0.8337831565732241,0.9463017358292388,0.6,0.9203980099502488,0.3053816623261543,3,node+edge,93,1.5625853999954415,6.6733307999165845,spread_cv,facebook_combined,3
0.831284836619066,0.9443362536950002,0.65,0.9253731343283582,0.3177622106983237,3,node+edge,93,1.587948999993387,6.6733307999165845,spread_cv,facebook_combined,4
0.8339622563060088,0.946116960163683,0.55,0.9203980099502488,0.3074606910567037,3,node+edge,93,1.7152808000028017,6.6733307999165845,spread_cv,facebook_combined,5
0.8310326397538591,0.9452531192554906,0.65,0.9104477611940298,0.3186519763188466,3,node+edge,93,1.7779519999967306,6.6733307999165845,spread_cv,facebook_combined,6
0.8315105869163002,0.9443372778492672,0.575,0.9253731343283582,0.3113467207501925,3,node+edge,93,1.6357184000007692,6.6733307999165845,spread_cv,facebook_combined,7
0.8299230859686441,0.9426856815815514,0.6,0.9154228855721394,0.3141281596367621,3,node+edge,93,1.5930907000001753,6.6733307999165845,spread_cv,facebook_combined,8
0.8336237798150985,0.9467748291145331,0.65,0.9203980099502488,0.3064468521683538,3,node+edge,93,1.5869899000026635,6.6733307999165845,spread_cv,facebook_combined,9
0.8308613401448467,0.944523862433456,0.6,0.9253731343283582,0.3129864485340062,3,node+edge+subgraph,168,2.53128299999662,242.39248329991824,spread_cv,facebook_combined,0
0.8332452347068843,0.9461770629167604,0.65,0.9253731343283582,0.3076568665573573,3,node+edge+subgraph,168,2.539725800001179,242.39248329991824,spread_cv,facebook_combined,1
0.8307826728021677,0.9438907181154116,0.6,0.9253731343283582,0.3151004797949353,3,node+edge+subgraph,168,2.4168806000016048,242.39248329991824,spread_cv,facebook_combined,2
0.8332107146282615,0.945955898063946,0.675,0.9203980099502488,0.3074844230436345,3,node+edge+subgraph,168,2.411316600002465,242.39248329991824,spread_cv,facebook_combined,3
0.8325751493298117,0.9452027405169542,0.6,0.9154228855721394,0.3170420350500292,3,node+edge+subgraph,168,2.3936931999996887,242.39248329991824,spread_cv,facebook_combined,4
0.8345386431985033,0.9466743204012568,0.55,0.9154228855721394,0.3055716297759654,3,node+edge+subgraph,168,2.436351000003924,242.39248329991824,spread_cv,facebook_combined,5
0.8305718945099849,0.9447391480275814,0.575,0.9104477611940298,0.3183481060896798,3,node+edge+subgraph,168,2.4322727999970084,242.39248329991824,spread_cv,facebook_combined,6
0.8311829637739464,0.9445190166448952,0.6,0.9203980099502488,0.3161183585723535,3,node+edge+subgraph,168,2.405741399998078,242.39248329991824,spread_cv,facebook_combined,7
0.8323527826792099,0.9438162421387968,0.6,0.9154228855721394,0.3151897812548166,3,node+edge+subgraph,168,2.4535643000053824,242.39248329991824,spread_cv,facebook_combined,8
0.8346352844777637,0.9468976444461232,0.65,0.9154228855721394,0.3077197222462869,3,node+edge+subgraph,168,2.7263409000006504,242.39248329991824,spread_cv,facebook_combined,9
0.8308675545467954,0.9439549821949256,0.625,0.9203980099502488,0.313976332545994,3,node+edge+subgraph+dynamic,170,2.5040999999982887,242.39248329991824,spread_cv,facebook_combined,0
0.8328812825387615,0.9454255323863688,0.625,0.9253731343283582,0.3076694055412443,3,node+edge+subgraph+dynamic,170,2.4587012999982107,242.39248329991824,spread_cv,facebook_combined,1
0.8308493716376724,0.9441890169491882,0.625,0.9203980099502488,0.3162643136686144,3,node+edge+subgraph+dynamic,170,2.5789972999991733,242.39248329991824,spread_cv,facebook_combined,2
0.8333555393932939,0.945967010385397,0.6,0.9203980099502488,0.3075058329934969,3,node+edge+subgraph+dynamic,170,2.46746250000433,242.39248329991824,spread_cv,facebook_combined,3
0.8324211989812107,0.9446977749820282,0.625,0.9154228855721394,0.3190594881766918,3,node+edge+subgraph+dynamic,170,2.499624299998686,242.39248329991824,spread_cv,facebook_combined,4
0.8347100262890825,0.9464791498861682,0.6,0.9203980099502488,0.3062536081401862,3,node+edge+subgraph+dynamic,170,2.505347800004529,242.39248329991824,spread_cv,facebook_combined,5
0.8313361782636398,0.9447806935594582,0.575,0.9104477611940298,0.3169696957336825,3,node+edge+subgraph+dynamic,170,2.466257300002326,242.39248329991824,spread_cv,facebook_combined,6
0.8309944321773282,0.9437926968518624,0.55,0.9154228855721394,0.3152710801699782,3,node+edge+subgraph+dynamic,170,2.4916284999999334,242.39248329991824,spread_cv,facebook_combined,7
0.8315191102933233,0.9435134060342296,0.65,0.9203980099502488,0.316353490097425,3,node+edge+subgraph+dynamic,170,2.482879299997876,242.39248329991824,spread_cv,facebook_combined,8
0.8341486005432297,0.9463697831557024,0.65,0.9154228855721394,0.3090671932617426,3,node+edge+subgraph+dynamic,170,2.4089304999943124,242.39248329991824,spread_cv,facebook_combined,9
0.342878185508275,0.4581560694688594,0.25,0.1641791044776119,90484.8894943337,0,node,2,0.7752165999991121,4.180000178166665e-05,betweenness,facebook_combined,0
0.3494391728672435,0.4672451719397331,0.25,0.1691542288557214,88138.75942253938,0,node,2,0.7162233000053675,4.180000178166665e-05,betweenness,facebook_combined,1
0.3484307158862099,0.4635057797476961,0.25,0.1691542288557214,89808.85530053155,0,node,2,0.7591134999966016,4.180000178166665e-05,betweenness,facebook_combined,2
0.35107933692403,0.466604294656906,0.25,0.1393034825870646,88830.21105413411,0,node,2,0.78489609999815,4.180000178166665e-05,betweenness,facebook_combined,3
0.3476993373093667,0.4648064082215248,0.25,0.1691542288557214,95839.07978781514,0,node,2,0.831176300001971,4.180000178166665e-05,betweenness,facebook_combined,4
0.3432257745698818,0.4552341329286885,0.25,0.1641791044776119,88632.58228922794,0,node,2,0.80496210000274,4.180000178166665e-05,betweenness,facebook_combined,5
0.3400823210144557,0.4555338763303561,0.25,0.1791044776119403,91679.89771383842,0,node,2,0.7629037000006065,4.180000178166665e-05,betweenness,facebook_combined,6
0.3509141473519725,0.4664305857325707,0.225,0.1492537313432835,88530.48056279834,0,node,2,0.709436299999652,4.180000178166665e-05,betweenness,facebook_combined,7
0.3338410432089573,0.4463235915027196,0.225,0.1691542288557214,90442.45049851332,0,node,2,0.7569941000037943,4.180000178166665e-05,betweenness,facebook_combined,8
0.3214341603630564,0.4325143851939713,0.25,0.1791044776119403,97017.92799906032,0,node,2,0.7425894999978482,4.180000178166665e-05,betweenness,facebook_combined,9
0.342878185508275,0.4581560694688594,0.25,0.1641791044776119,90484.8894943337,0,node+edge,2,0.7184722999954829,4.180000178166665e-05,betweenness,facebook_combined,0
0.3494391728672435,0.4672451719397331,0.25,0.1691542288557214,88138.75942253938,0,node+edge,2,0.7205813000036869,4.180000178166665e-05,betweenness,facebook_combined,1
0.3484307158862099,0.4635057797476961,0.25,0.1691542288557214,89808.85530053155,0,node+edge,2,0.7872205000021495,4.180000178166665e-05,betweenness,facebook_combined,2
0.35107933692403,0.466604294656906,0.25,0.1393034825870646,88830.21105413411,0,node+edge,2,0.77884990000166,4.180000178166665e-05,betweenness,facebook_combined,3
0.3476993373093667,0.4648064082215248,0.25,0.1691542288557214,95839.07978781514,0,node+edge,2,0.7772268999979133,4.180000178166665e-05,betweenness,facebook_combined,4
0.3432257745698818,0.4552341329286885,0.25,0.1641791044776119,88632.58228922794,0,node+edge,2,0.7731083999969997,4.180000178166665e-05,betweenness,facebook_combined,5
0.3400823210144557,0.4555338763303561,0.25,0.1791044776119403,91679.89771383842,0,node+edge,2,0.7890389999956824,4.180000178166665e-05,betweenness,facebook_combined,6
0.3509141473519725,0.4664305857325707,0.225,0.1492537313432835,88530.48056279834,0,node+edge,2,0.7810344000026817,4.180000178166665e-05,betweenness,facebook_combined,7
0.3338410432089573,0.4463235915027196,0.225,0.1691542288557214,90442.45049851332,0,node+edge,2,0.6963327999983449,4.180000178166665e-05,betweenness,facebook_combined,8
0.3214341603630564,0.4325143851939713,0.25,0.1791044776119403,97017.92799906032,0,node+edge,2,0.7302402999994229,4.180000178166665e-05,betweenness,facebook_combined,9
0.342878185508275,0.4581560694688594,0.25,0.1641791044776119,90484.8894943337,0,node+edge+subgraph,2,0.7277019000030123,4.180000178166665e-05,betweenness,facebook_combined,0
0.3494391728672435,0.4672451719397331,0.25,0.1691542288557214,88138.75942253938,0,node+edge+subgraph,2,0.7252221000017016,4.180000178166665e-05,betweenness,facebook_combined,1
0.3484307158862099,0.4635057797476961,0.25,0.1691542288557214,89808.85530053155,0,node+edge+subgraph,2,0.7238041000018711,4.180000178166665e-05,betweenness,facebook_combined,2
0.35107933692403,0.466604294656906,0.25,0.1393034825870646,88830.21105413411,0,node+edge+subgraph,2,0.6783423000015318,4.180000178166665e-05,betweenness,facebook_combined,3
0.3476993373093667,0.4648064082215248,0.25,0.1691542288557214,95839.07978781514,0,node+edge+subgraph,2,0.7448791999995592,4.180000178166665e-05,betweenness,facebook_combined,4
0.3432257745698818,0.4552341329286885,0.25,0.1641791044776119,88632.58228922794,0,node+edge+subgraph,2,0.7807094000017969,4.180000178166665e-05,betweenness,facebook_combined,5
0.3400823210144557,0.4555338763303561,0.25,0.1791044776119403,91679.89771383842,0,node+edge+subgraph,2,0.7687253999974928,4.180000178166665e-05,betweenness,facebook_combined,6
0.3509141473519725,0.4664305857325707,0.225,0.1492537313432835,88530.48056279834,0,node+edge+subgraph,2,0.7421861999973771,4.180000178166665e-05,betweenness,facebook_combined,7
0.3338410432089573,0.4463235915027196,0.225,0.1691542288557214,90442.45049851332,0,node+edge+subgraph,2,0.7392652000053204,4.180000178166665e-05,betweenness,facebook_combined,8
0.3214341603630564,0.4325143851939713,0.25,0.1791044776119403,97017.92799906032,0,node+edge+subgraph,2,0.7451246999989962,4.180000178166665e-05,betweenness,facebook_combined,9
0.342878185508275,0.4581560694688594,0.25,0.1641791044776119,90484.8894943337,0,node+edge+subgraph+dynamic,2,0.7775925999958417,4.180000178166665e-05,betweenness,facebook_combined,0
0.3494391728672435,0.4672451719397331,0.25,0.1691542288557214,88138.75942253938,0,node+edge+subgraph+dynamic,2,0.7138730000006035,4.180000178166665e-05,betweenness,facebook_combined,1
0.3484307158862099,0.4635057797476961,0.25,0.1691542288557214,89808.85530053155,0,node+edge+subgraph+dynamic,2,0.7360943000021507,4.180000178166665e-05,betweenness,facebook_combined,2
0.35107933692403,0.466604294656906,0.25,0.1393034825870646,88830.21105413411,0,node+edge+subgraph+dynamic,2,0.7901345999998739,4.180000178166665e-05,betweenness,facebook_combined,3
0.3476993373093667,0.4648064082215248,0.25,0.1691542288557214,95839.07978781514,0,node+edge+subgraph+dynamic,2,0.7176802000030875,4.180000178166665e-05,betweenness,facebook_combined,4
0.3432257745698818,0.4552341329286885,0.25,0.1641791044776119,88632.58228922794,0,node+edge+subgraph+dynamic,2,0.7440273000029265,4.180000178166665e-05,betweenness,facebook_combined,5
0.3400823210144557,0.4555338763303561,0.25,0.1791044776119403,91679.89771383842,0,node+edge+subgraph+dynamic,2,0.7927339000016218,4.180000178166665e-05,betweenness,facebook_combined,6
0.3509141473519725,0.4664305857325707,0.225,0.1492537313432835,88530.48056279834,0,node+edge+subgraph+dynamic,2,0.8888839999999618,4.180000178166665e-05,betweenness,facebook_combined,7
0.3338410432089573,0.4463235915027196,0.225,0.1691542288557214,90442.45049851332,0,node+edge+subgraph+dynamic,2,0.8573541000005207,4.180000178166665e-05,betweenness,facebook_combined,8
0.3214341603630564,0.4325143851939713,0.25,0.1791044776119403,97017.92799906032,0,node+edge+subgraph+dynamic,2,0.7713367000033031,4.180000178166665e-05,betweenness,facebook_combined,9
0.1412778784746871,0.2009261333128261,0.4,0.2786069651741293,64911.632892825895,1,node,17,0.9145792999988772,1.836423400018248,betweenness,facebook_combined,0
0.1183824667058441,0.171537022482558,0.35,0.2786069651741293,64733.94043107032,1,node,17,0.9178868000017246,1.836423400018248,betweenness,facebook_combined,1
0.1137117137836959,0.1620065509091047,0.35,0.2885572139303483,63226.4156514168,1,node,17,0.928518399996392,1.836423400018248,betweenness,facebook_combined,2
0.1191654965812291,0.1680334647423549,0.375,0.2736318407960199,68086.4110510824,1,node,17,0.8877288000003318,1.836423400018248,betweenness,facebook_combined,3
0.1235758986001616,0.1772925075420332,0.45,0.2885572139303483,77178.78409642592,1,node,17,0.8323668000011821,1.836423400018248,betweenness,facebook_combined,4
0.1249393860712436,0.1785665200036739,0.35,0.2786069651741293,66106.38505067951,1,node,17,0.8519977999967523,1.836423400018248,betweenness,facebook_combined,5
0.1334294438154877,0.1894262114260677,0.325,0.2736318407960199,63790.0703676593,1,node,17,0.860230500002217,1.836423400018248,betweenness,facebook_combined,6
0.1337322698788482,0.1879633020353747,0.375,0.2935323383084577,64796.322540385845,1,node,17,0.8866650999989361,1.836423400018248,betweenness,facebook_combined,7
0.1281220359227753,0.1806854875119967,0.4,0.2537313432835821,68270.0594219213,1,node,17,0.8063269999984186,1.836423400018248,betweenness,facebook_combined,8
0.0927191455781875,0.1353970189204381,0.375,0.2835820895522388,83398.72264574614,1,node,17,0.8781297000023187,1.836423400018248,betweenness,facebook_combined,9
0.1267308979553048,0.1799491658342326,0.425,0.3034825870646766,63699.60365562248,1,node+edge,38,1.127974399998493,2.849816000019928,betweenness,facebook_combined,0
0.1271409401245794,0.1813439232491334,0.5,0.3034825870646766,61806.47133239125,1,node+edge,38,1.088885900004243,2.849816000019928,betweenness,facebook_combined,1
0.11950279591005,0.1707908712867193,0.45,0.3333333333333333,62995.6612254682,1,node+edge,38,1.1109880000003614,2.849816000019928,betweenness,facebook_combined,2
0.1204480835064862,0.1724393247158571,0.45,0.2985074626865671,62935.83144596432,1,node+edge,38,1.1746168000026955,2.849816000019928,betweenness,facebook_combined,3
0.1326680011118541,0.1877927673423455,0.525,0.308457711442786,74720.73104905602,1,node+edge,38,1.220802600000752,2.849816000019928,betweenness,facebook_combined,4
0.1253979069818414,0.1768910946689646,0.425,0.3283582089552239,62501.05810785078,1,node+edge,38,1.157464700001583,2.849816000019928,betweenness,facebook_combined,5
0.1223984376328833,0.1733298256885526,0.525,0.2985074626865671,64756.8311571394,1,node+edge,38,1.0887908000004245,2.849816000019928,betweenness,facebook_combined,6
0.1261170446792937,0.1803604073567068,0.5,0.3184079601990049,63350.31486746017,1,node+edge,38,1.024538499994378,2.849816000019928,betweenness,facebook_combined,7
0.1011561401033615,0.1438288469858771,0.45,0.2686567164179104,67300.5933775498,1,node+edge,38,1.071124599999166,2.849816000019928,betweenness,facebook_combined,8
0.1200279916333945,0.171835470580849,0.45,0.3134328358208955,79832.67684350611,1,node+edge,38,1.0353832999971928,2.849816000019928,betweenness,facebook_combined,9
0.1529700628769472,0.2088688122222328,0.575,0.4577114427860697,66108.4543196868,2,node,35,1.046493300003931,3.628884799938533,betweenness,facebook_combined,0
0.1403009824585422,0.1925892348305816,0.525,0.4626865671641791,66426.46244857246,2,node,35,1.0357543999998595,3.628884799938533,betweenness,facebook_combined,1
0.1382132083013438,0.1923456204487326,0.525,0.4776119402985074,65462.77228773363,2,node,35,1.0335567000001902,3.628884799938533,betweenness,facebook_combined,2
0.1586985030844639,0.218189330208134,0.575,0.4676616915422885,65216.50002319077,2,node,35,0.997701300002518,3.628884799938533,betweenness,facebook_combined,3
0.113958719137626,0.1632152505956287,0.55,0.4427860696517413,77462.92270839131,2,node,35,1.0433806000000914,3.628884799938533,betweenness,facebook_combined,4
0.1377273426340536,0.191438969395411,0.525,0.4626865671641791,64678.73296730631,2,node,35,1.02495959999942,3.628884799938533,betweenness,facebook_combined,5
0.1468051455450628,0.2037856869395458,0.55,0.4626865671641791,66474.23128475097,2,node,35,1.038993299996946,3.628884799938533,betweenness,facebook_combined,6
0.1304638558911013,0.1823373217451404,0.525,0.4527363184079602,65345.525860889145,2,node,35,1.0094014999995125,3.628884799938533,betweenness,facebook_combined,7
0.1430593987248022,0.1965569822456674,0.575,0.4527363184079602,69853.71901574865,2,node,35,1.0190207999985432,3.628884799938533,betweenness,facebook_combined,8
0.1281081511214925,0.1735060971118034,0.55,0.4079601990049751,82031.4568263325,2,node,35,1.0446612000014284,3.628884799938533,betweenness,facebook_combined,9
0.1902038384556549,0.248175949696,0.55,0.3383084577114428,63123.14209633983,2,node+edge,80,1.4433088000005228,4.6422773999402125,betweenness,facebook_combined,0
0.1831255536107155,0.2385754776249016,0.55,0.3383084577114428,62658.40087248733,2,node+edge,80,1.4833302999977604,4.6422773999402125,betweenness,facebook_combined,1
0.1989203028676849,0.2533109501050561,0.575,0.3532338308457711,59230.16055778774,2,node+edge,80,1.6028240000014191,4.6422773999402125,betweenness,facebook_combined,2
0.195847493850901,0.2540367805180656,0.65,0.3432835820895522,63235.38077721634,2,node+edge,80,1.484957000000577,4.6422773999402125,betweenness,facebook_combined,3
0.1926859196373682,0.2448239247435461,0.55,0.2985074626865671,72612.77313129559,2,node+edge,80,1.417823399999179,4.6422773999402125,betweenness,facebook_combined,4
0.1765691183813671,0.2288689697924845,0.625,0.3383084577114428,60353.08814303673,2,node+edge,80,1.3819306000004872,4.6422773999402125,betweenness,facebook_combined,5
0.1878021081070219,0.2407769221335016,0.625,0.3482587064676617,62725.65100606006,2,node+edge,80,1.4181508000037866,4.6422773999402125,betweenness,facebook_combined,6
0.2125905186827357,0.2764423021965352,0.6,0.3233830845771144,63392.36406144948,2,node+edge,80,1.50276699999813,4.6422773999402125,betweenness,facebook_combined,7
0.2050035695364416,0.2569399062929076,0.575,0.3283582089552239,67820.97649362203,2,node+edge,80,1.4564014999996289,4.6422773999402125,betweenness,facebook_combined,8
0.1976283718736,0.2486918251631162,0.6,0.3383084577114428,77942.66862618596,2,node+edge,80,1.4697130999993533,4.6422773999402125,betweenness,facebook_combined,9
0.2075722785887964,0.2581594738276119,0.575,0.472636815920398,61477.72890946962,2,node+edge+subgraph,144,2.061149100001785,240.36142989994187,betweenness,facebook_combined,0
0.1860458479836484,0.2309660689530216,0.625,0.4129353233830846,58994.07571277168,2,node+edge+subgraph,144,2.0454604999977164,240.36142989994187,betweenness,facebook_combined,1
0.1850217886714814,0.2301502339156218,0.625,0.4577114427860697,57863.689303036364,2,node+edge+subgraph,144,2.044893199999933,240.36142989994187,betweenness,facebook_combined,2
0.2080672160162712,0.256983216044084,0.625,0.4378109452736318,61263.95273866958,2,node+edge+subgraph,144,2.0154037999964203,240.36142989994187,betweenness,facebook_combined,3
0.2049343991735306,0.2540389851823461,0.6,0.4228855721393035,71256.90364409673,2,node+edge+subgraph,144,2.0777721000049496,240.36142989994187,betweenness,facebook_combined,4
0.1723849789231503,0.2181330800900996,0.625,0.417910447761194,58670.37370300863,2,node+edge+subgraph,144,2.0292113999967114,240.36142989994187,betweenness,facebook_combined,5
0.1971376047898151,0.2351276181978591,0.7,0.4278606965174129,59285.92471218498,2,node+edge+subgraph,144,2.036478400004853,240.36142989994187,betweenness,facebook_combined,6
0.1976755805379617,0.2424886570989802,0.675,0.417910447761194,61793.09815018788,2,node+edge+subgraph,144,2.022445700000389,240.36142989994187,betweenness,facebook_combined,7
0.1859017379806321,0.2302145810799863,0.575,0.4278606965174129,62131.491720866485,2,node+edge+subgraph,144,2.1544422000006307,240.36142989994187,betweenness,facebook_combined,8
0.1795287953575497,0.2260247697976313,0.625,0.4228855721393035,76110.66696008435,2,node+edge+subgraph,144,2.153583199993591,240.36142989994187,betweenness,facebook_combined,9
0.2050585931545249,0.2550149251357044,0.575,0.4477611940298507,62034.07051092762,2,node+edge+subgraph+dynamic,145,2.055349299997033,240.36142989994187,betweenness,facebook_combined,0
0.155130769735517,0.1953553243807516,0.6,0.4129353233830846,59008.387248865416,2,node+edge+subgraph+dynamic,145,2.0011730000042007,240.36142989994187,betweenness,facebook_combined,1
0.1776828352865693,0.2185746573194006,0.625,0.4427860696517413,57661.458569014496,2,node+edge+subgraph+dynamic,145,2.1036937999961083,240.36142989994187,betweenness,facebook_combined,2
0.1993518002912772,0.2427659246116355,0.625,0.4278606965174129,61463.31118155513,2,node+edge+subgraph+dynamic,145,2.0678939999997965,240.36142989994187,betweenness,facebook_combined,3
0.2092583140647974,0.2547522772184987,0.575,0.4129353233830846,71154.56352346907,2,node+edge+subgraph+dynamic,145,2.029502400000638,240.36142989994187,betweenness,facebook_combined,4
0.1705835746763774,0.2160902822988932,0.625,0.417910447761194,58576.04657370331,2,node+edge+subgraph+dynamic,145,2.055225900003279,240.36142989994187,betweenness,facebook_combined,5
0.1852092920498245,0.2267907812959421,0.675,0.4427860696517413,59237.32152230221,2,node+edge+subgraph+dynamic,145,2.005351500003598,240.36142989994187,betweenness,facebook_combined,6
0.192247809067006,0.236096422647687,0.65,0.4029850746268656,61485.45637507831,2,node+edge+subgraph+dynamic,145,2.051778599998215,240.36142989994187,betweenness,facebook_combined,7
0.1777046714716839,0.2189792886830988,0.6,0.4328358208955223,62089.96095741849,2,node+edge+subgraph+dynamic,145,2.029260199997225,240.36142989994187,betweenness,facebook_combined,8
0.1694875752533046,0.2131653838984724,0.625,0.417910447761194,76451.59103249731,2,node+edge+subgraph+dynamic,145,2.040517200002796,240.36142989994187,betweenness,facebook_combined,9
0.1563415571507138,0.2059380461851715,0.6,0.4676616915422885,65862.86252437966,3,node,45,1.101321699999971,5.6599381999149045,betweenness,facebook_combined,0
0.1914204232721874,0.2481716101858886,0.6,0.4776119402985074,66468.91635884914,3,node,45,1.0834458999961498,5.6599381999149045,betweenness,facebook_combined,1
0.1867048264347563,0.2432936499300136,0.575,0.4676616915422885,66029.77662579331,3,node,45,1.0645201999941492,5.6599381999149045,betweenness,facebook_combined,2
0.2334843265881629,0.3012426156271934,0.625,0.4875621890547263,64702.38262676323,3,node,45,1.074100099998759,5.6599381999149045,betweenness,facebook_combined,3
0.1658207368493682,0.2164307843454456,0.575,0.5074626865671642,80043.81973275021,3,node,45,1.1358210999969742,5.6599381999149045,betweenness,facebook_combined,4
0.1714997762782827,0.2250171956369694,0.525,0.4676616915422885,64921.30896287231,3,node,45,1.1930418999982066,5.6599381999149045,betweenness,facebook_combined,5
0.1990987099734664,0.2586068287072477,0.525,0.4477611940298507,67400.01593319424,3,node,45,1.1851599000001445,5.6599381999149045,betweenness,facebook_combined,6
0.1918280481770165,0.2450535313848185,0.575,0.4527363184079602,65349.88584632624,3,node,45,1.0756546999982677,5.6599381999149045,betweenness,facebook_combined,7
0.2034140420564277,0.2706012027341386,0.625,0.4825870646766169,68847.8430744032,3,node,45,1.1019140999997037,5.6599381999149045,betweenness,facebook_combined,8
0.1943019831922287,0.252932722841564,0.525,0.4477611940298507,82094.38345548997,3,node,45,1.1055846999952337,5.6599381999149045,betweenness,facebook_combined,9
0.2065397407812591,0.2618958453186784,0.625,0.3432835820895522,62818.8144560093,3,node+edge,93,1.5494846000001417,6.6733307999165845,betweenness,facebook_combined,0
0.2075165255484275,0.2656259112732617,0.6,0.36318407960199,62452.525040074834,3,node+edge,93,1.619671100001142,6.6733307999165845,betweenness,facebook_combined,1
0.1969651963981459,0.2416251458240157,0.575,0.3532338308457711,59405.63003469816,3,node+edge,93,1.5819807000007131,6.6733307999165845,betweenness,facebook_combined,2
0.2065958246349365,0.2614457985428874,0.625,0.3582089552238806,62734.2378169817,3,node+edge,93,1.6213012000007438,6.6733307999165845,betweenness,facebook_combined,3
0.1868825198207414,0.2371350256794276,0.625,0.36318407960199,72428.62566605228,3,node+edge,93,1.5892069000037736,6.6733307999165845,betweenness,facebook_combined,4
0.1920287642622017,0.2396953915805569,0.625,0.3532338308457711,60291.615366737504,3,node+edge,93,1.6278830000010205,6.6733307999165845,betweenness,facebook_combined,5
0.1941635698984571,0.2420070815902646,0.625,0.3383084577114428,62433.96521336633,3,node+edge,93,1.6043419999987236,6.6733307999165845,betweenness,facebook_combined,6
0.2075696117573147,0.2595749598211266,0.625,0.3034825870646766,63708.02877025115,3,node+edge,93,1.6025392999945325,6.6733307999165845,betweenness,facebook_combined,7
0.2070157591575691,0.2559040297319862,0.6,0.3582089552238806,67117.44756639034,3,node+edge,93,1.610400600002322,6.6733307999165845,betweenness,facebook_combined,8
0.2124698045703546,0.2639480586530208,0.625,0.373134328358209,77291.47257562613,3,node+edge,93,1.6404717000041271,6.6733307999165845,betweenness,facebook_combined,9
0.2090356789835395,0.2619877785535333,0.6,0.4527363184079602,60804.81337988783,3,node+edge+subgraph,168,2.341874599995208,242.39248329991824,betweenness,facebook_combined,0
0.1742976500627771,0.2146349500050718,0.625,0.4278606965174129,58745.30999421014,3,node+edge+subgraph,168,2.350851499999408,242.39248329991824,betweenness,facebook_combined,1
0.1723198832198647,0.2110964814057244,0.625,0.4527363184079602,58135.06392761166,3,node+edge+subgraph,168,2.336481799997273,242.39248329991824,betweenness,facebook_combined,2
0.1737359063848773,0.2162514714638706,0.65,0.4328358208955223,61391.133800785006,3,node+edge+subgraph,168,2.575255900002958,242.39248329991824,betweenness,facebook_combined,3
0.180405541937446,0.2284779215671649,0.625,0.4527363184079602,71031.26294527118,3,node+edge+subgraph,168,2.3718026999995345,242.39248329991824,betweenness,facebook_combined,4
0.1748640337404645,0.2247680922520001,0.65,0.4378109452736318,58328.70481216584,3,node+edge+subgraph,168,2.289537600001495,242.39248329991824,betweenness,facebook_combined,5
0.1700106170776722,0.2042926088833064,0.7,0.4328358208955223,59549.44842966868,3,node+edge+subgraph,168,2.306749299998046,242.39248329991824,betweenness,facebook_combined,6
0.2009357538745129,0.2482975860746415,0.7,0.4228855721393035,61625.32052205295,3,node+edge+subgraph,168,2.299725800003216,242.39248329991824,betweenness,facebook_combined,7
0.19197254668756,0.2360245089610978,0.625,0.4427860696517413,62533.79871670716,3,node+edge+subgraph,168,2.2756869999939227,242.39248329991824,betweenness,facebook_combined,8
0.1845738468801353,0.2348818405142506,0.675,0.4328358208955223,76091.1764662215,3,node+edge+subgraph,168,2.3137495999981184,242.39248329991824,betweenness,facebook_combined,9
0.1955266416836287,0.245956848541667,0.625,0.472636815920398,61329.29544176452,3,node+edge+subgraph+dynamic,170,2.333103999997548,242.39248329991824,betweenness,facebook_combined,0
0.1722429044758173,0.2141630281876195,0.6,0.4228855721393035,58919.0781867146,3,node+edge+subgraph+dynamic,170,2.332664300003671,242.39248329991824,betweenness,facebook_combined,1
0.1740889499844025,0.2148175632189821,0.625,0.4427860696517413,58051.04173755582,3,node+edge+subgraph+dynamic,170,2.3041402000017115,242.39248329991824,betweenness,facebook_combined,2
0.1732129661780704,0.2093518733152491,0.65,0.4477611940298507,61178.50186355953,3,node+edge+subgraph+dynamic,170,2.3016398000036133,242.39248329991824,betweenness,facebook_combined,3
0.1863280688079293,0.2302445030730592,0.625,0.4577114427860697,71363.90089461039,3,node+edge+subgraph+dynamic,170,2.345362699998077,242.39248329991824,betweenness,facebook_combined,4
0.1678632703957085,0.2132249872172698,0.65,0.4328358208955223,58678.94611339292,3,node+edge+subgraph+dynamic,170,2.3703039000029094,242.39248329991824,betweenness,facebook_combined,5
0.1677768004070628,0.200013844296821,0.725,0.4378109452736318,59737.65740126478,3,node+edge+subgraph+dynamic,170,2.5215551999936,242.39248329991824,betweenness,facebook_combined,6
0.2020310661729067,0.2499428997478927,0.675,0.4079601990049751,61483.13134427597,3,node+edge+subgraph+dynamic,170,2.2617761000001337,242.39248329991824,betweenness,facebook_combined,7
0.19091986386408,0.2390262438325814,0.6,0.4577114427860697,62669.54372756126,3,node+edge+subgraph+dynamic,170,2.260686599998735,242.39248329991824,betweenness,facebook_combined,8
0.1571104288312401,0.2029359010083716,0.65,0.4278606965174129,76395.10643761733,3,node+edge+subgraph+dynamic,170,2.2352370000007795,242.39248329991824,betweenness,facebook_combined,9
0.3071993832592392,0.4399936921297397,0.05,0.2388059701492537,0.1811237376142266,0,node,2,0.7582318999993731,4.180000178166665e-05,spread_resid,facebook_combined,0
0.3025421176922091,0.4344969582083591,0.05,0.2288557213930348,0.1824926567320529,0,node,2,0.7512491000015871,4.180000178166665e-05,spread_resid,facebook_combined,1
0.3026181653641622,0.4346159611949734,0.0,0.2388059701492537,0.1825570556589135,0,node,2,0.7399758999963524,4.180000178166665e-05,spread_resid,facebook_combined,2
0.3028837734994026,0.4347693819249268,0.025,0.2189054726368159,0.1818839699823809,0,node,2,0.6943097000039415,4.180000178166665e-05,spread_resid,facebook_combined,3
0.3071298890144281,0.4400201413956263,0.075,0.2139303482587064,0.1815622013862385,0,node,2,0.7410223000042606,4.180000178166665e-05,spread_resid,facebook_combined,4
0.3056405403840878,0.4385422107206582,0.0,0.2338308457711442,0.1818210864491999,0,node,2,0.7700749999930849,4.180000178166665e-05,spread_resid,facebook_combined,5
0.3039342222870028,0.4356852258958327,0.05,0.2437810945273631,0.181752037717745,0,node,2,0.7682870999997249,4.180000178166665e-05,spread_resid,facebook_combined,6
0.3026296279504437,0.4347481443657616,0.025,0.2338308457711442,0.1821762031790602,0,node,2,0.7552279999945313,4.180000178166665e-05,spread_resid,facebook_combined,7
0.3070121928973836,0.4398366366030761,0.075,0.2189054726368159,0.1814443155581244,0,node,2,0.7554294000001391,4.180000178166665e-05,spread_resid,facebook_combined,8
0.3041753472316232,0.437009221294564,0.05,0.2338308457711442,0.1816739751083459,0,node,2,0.7236646000019391,4.180000178166665e-05,spread_resid,facebook_combined,9
0.3071993832592392,0.4399936921297397,0.05,0.2388059701492537,0.1811237376142266,0,node+edge,2,0.7721783999950276,4.180000178166665e-05,spread_resid,facebook_combined,0
0.3025421176922091,0.4344969582083591,0.05,0.2288557213930348,0.1824926567320529,0,node+edge,2,0.7640812000026926,4.180000178166665e-05,spread_resid,facebook_combined,1
0.3026181653641622,0.4346159611949734,0.0,0.2388059701492537,0.1825570556589135,0,node+edge,2,0.7643593999964651,4.180000178166665e-05,spread_resid,facebook_combined,2
0.3028837734994026,0.4347693819249268,0.025,0.2189054726368159,0.1818839699823809,0,node+edge,2,0.7835753000035766,4.180000178166665e-05,spread_resid,facebook_combined,3
0.3071298890144281,0.4400201413956263,0.075,0.2139303482587064,0.1815622013862385,0,node+edge,2,0.7773807000048691,4.180000178166665e-05,spread_resid,facebook_combined,4
0.3056405403840878,0.4385422107206582,0.0,0.2338308457711442,0.1818210864491999,0,node+edge,2,0.7691342999969493,4.180000178166665e-05,spread_resid,facebook_combined,5
0.3039342222870028,0.4356852258958327,0.05,0.2437810945273631,0.181752037717745,0,node+edge,2,0.7857590999992681,4.180000178166665e-05,spread_resid,facebook_combined,6
0.3026296279504437,0.4347481443657616,0.025,0.2338308457711442,0.1821762031790602,0,node+edge,2,0.711747599998489,4.180000178166665e-05,spread_resid,facebook_combined,7
0.3070121928973836,0.4398366366030761,0.075,0.2189054726368159,0.1814443155581244,0,node+edge,2,0.7699280000015278,4.180000178166665e-05,spread_resid,facebook_combined,8
0.3041753472316232,0.437009221294564,0.05,0.2338308457711442,0.1816739751083459,0,node+edge,2,0.7057257999986177,4.180000178166665e-05,spread_resid,facebook_combined,9
0.3071993832592392,0.4399936921297397,0.05,0.2388059701492537,0.1811237376142266,0,node+edge+subgraph,2,0.7798976000049151,4.180000178166665e-05,spread_resid,facebook_combined,0
0.3025421176922091,0.4344969582083591,0.05,0.2288557213930348,0.1824926567320529,0,node+edge+subgraph,2,0.7734323999975459,4.180000178166665e-05,spread_resid,facebook_combined,1
0.3026181653641622,0.4346159611949734,0.0,0.2388059701492537,0.1825570556589135,0,node+edge+subgraph,2,0.7714248999982374,4.180000178166665e-05,spread_resid,facebook_combined,2
0.3028837734994026,0.4347693819249268,0.025,0.2189054726368159,0.1818839699823809,0,node+edge+subgraph,2,0.7319852000000537,4.180000178166665e-05,spread_resid,facebook_combined,3
0.3071298890144281,0.4400201413956263,0.075,0.2139303482587064,0.1815622013862385,0,node+edge+subgraph,2,0.7961996000012732,4.180000178166665e-05,spread_resid,facebook_combined,4
0.3056405403840878,0.4385422107206582,0.0,0.2338308457711442,0.1818210864491999,0,node+edge+subgraph,2,0.8296453000002657,4.180000178166665e-05,spread_resid,facebook_combined,5
0.3039342222870028,0.4356852258958327,0.05,0.2437810945273631,0.181752037717745,0,node+edge+subgraph,2,0.8459206999978051,4.180000178166665e-05,spread_resid,facebook_combined,6
0.3026296279504437,0.4347481443657616,0.025,0.2338308457711442,0.1821762031790602,0,node+edge+subgraph,2,0.7818498999986332,4.180000178166665e-05,spread_resid,facebook_combined,7
0.3070121928973836,0.4398366366030761,0.075,0.2189054726368159,0.1814443155581244,0,node+edge+subgraph,2,0.7329250000038883,4.180000178166665e-05,spread_resid,facebook_combined,8
0.3041753472316232,0.437009221294564,0.05,0.2338308457711442,0.1816739751083459,0,node+edge+subgraph,2,0.7703565999981947,4.180000178166665e-05,spread_resid,facebook_combined,9
0.3071993832592392,0.4399936921297397,0.05,0.2388059701492537,0.1811237376142266,0,node+edge+subgraph+dynamic,2,0.7387555000022985,4.180000178166665e-05,spread_resid,facebook_combined,0
0.3025421176922091,0.4344969582083591,0.05,0.2288557213930348,0.1824926567320529,0,node+edge+subgraph+dynamic,2,0.7594928000034997,4.180000178166665e-05,spread_resid,facebook_combined,1
0.3026181653641622,0.4346159611949734,0.0,0.2388059701492537,0.1825570556589135,0,node+edge+subgraph+dynamic,2,0.7936790999956429,4.180000178166665e-05,spread_resid,facebook_combined,2
0.3028837734994026,0.4347693819249268,0.025,0.2189054726368159,0.1818839699823809,0,node+edge+subgraph+dynamic,2,0.7511247000002186,4.180000178166665e-05,spread_resid,facebook_combined,3
0.3071298890144281,0.4400201413956263,0.075,0.2139303482587064,0.1815622013862385,0,node+edge+subgraph+dynamic,2,0.7462923999992199,4.180000178166665e-05,spread_resid,facebook_combined,4
0.3056405403840878,0.4385422107206582,0.0,0.2338308457711442,0.1818210864491999,0,node+edge+subgraph+dynamic,2,0.7543713999984902,4.180000178166665e-05,spread_resid,facebook_combined,5
0.3039342222870028,0.4356852258958327,0.05,0.2437810945273631,0.181752037717745,0,node+edge+subgraph+dynamic,2,0.7175246999977389,4.180000178166665e-05,spread_resid,facebook_combined,6
0.3026296279504437,0.4347481443657616,0.025,0.2338308457711442,0.1821762031790602,0,node+edge+subgraph+dynamic,2,0.738186599999608,4.180000178166665e-05,spread_resid,facebook_combined,7
0.3070121928973836,0.4398366366030761,0.075,0.2189054726368159,0.1814443155581244,0,node+edge+subgraph+dynamic,2,0.7385426000037114,4.180000178166665e-05,spread_resid,facebook_combined,8
0.3041753472316232,0.437009221294564,0.05,0.2338308457711442,0.1816739751083459,0,node+edge+subgraph+dynamic,2,0.7957352999947034,4.180000178166665e-05,spread_resid,facebook_combined,9
0.7021910190541399,0.8605478394749426,0.35,0.5771144278606966,0.0948464460153581,1,node,17,0.8492829999959213,1.836423400018248,spread_resid,facebook_combined,0
0.7071166265304253,0.8655370176756285,0.35,0.6069651741293532,0.094131866604336,1,node,17,0.8788335999997798,1.836423400018248,spread_resid,facebook_combined,1
0.7085961305696998,0.8657273063987454,0.3,0.5870646766169154,0.0948830510140868,1,node,17,0.8866546999997809,1.836423400018248,spread_resid,facebook_combined,2
0.7060774290998025,0.8640177187295879,0.375,0.5671641791044776,0.0939485606285299,1,node,17,0.8735974000010174,1.836423400018248,spread_resid,facebook_combined,3
0.7114644126897167,0.868671319475804,0.375,0.6069651741293532,0.0930036616894497,1,node,17,0.8665757999988273,1.836423400018248,spread_resid,facebook_combined,4
0.7074232203965142,0.8647172652527753,0.325,0.6019900497512438,0.0948799213136587,1,node,17,0.8599609000011696,1.836423400018248,spread_resid,facebook_combined,5
0.7081059358956694,0.8646417695908508,0.3,0.5870646766169154,0.0943359180040037,1,node,17,0.9132122000009986,1.836423400018248,spread_resid,facebook_combined,6
0.7052836559282767,0.8633217942741126,0.4,0.5870646766169154,0.094924280478713,1,node,17,0.880720699999074,1.836423400018248,spread_resid,facebook_combined,7
0.7041358850197483,0.8605502491212816,0.35,0.6119402985074627,0.095198043787618,1,node,17,0.8622515000024578,1.836423400018248,spread_resid,facebook_combined,8
0.710180137635922,0.8665500636165667,0.4,0.6019900497512438,0.0935858263616994,1,node,17,0.8087824000031105,1.836423400018248,spread_resid,facebook_combined,9
0.7085087604961697,0.8677212249117776,0.35,0.5870646766169154,0.093418388962045,1,node+edge,38,1.082738800003426,2.849816000019928,spread_resid,facebook_combined,0
0.7106365875757372,0.8694094714498172,0.375,0.6218905472636815,0.0929996622204034,1,node+edge,38,1.0729614999945625,2.849816000019928,spread_resid,facebook_combined,1
0.7115505052174509,0.8700942878034881,0.35,0.5771144278606966,0.0928980431255168,1,node+edge,38,1.0942962000044645,2.849816000019928,spread_resid,facebook_combined,2
0.7126048157181389,0.8713267340990976,0.4,0.6119402985074627,0.0926067112204917,1,node+edge,38,1.0247128999981214,2.849816000019928,spread_resid,facebook_combined,3
0.7111387464779326,0.8699825576074842,0.375,0.6019900497512438,0.0931782968140159,1,node+edge,38,1.0820830999946338,2.849816000019928,spread_resid,facebook_combined,4
0.712997327768239,0.8717046815065915,0.275,0.5970149253731343,0.0928021944455197,1,node+edge,38,1.0931154999998398,2.849816000019928,spread_resid,facebook_combined,5
0.7102722023222472,0.8677929077727581,0.35,0.5970149253731343,0.0937474264612196,1,node+edge,38,1.091487599995162,2.849816000019928,spread_resid,facebook_combined,6
0.7065026515059359,0.8659195703206714,0.375,0.5970149253731343,0.0942495618897501,1,node+edge,38,1.1344792999952915,2.849816000019928,spread_resid,facebook_combined,7
0.7062191957431684,0.8637961444819529,0.4,0.6119402985074627,0.0939509885628303,1,node+edge,38,1.1668980000031297,2.849816000019928,spread_resid,facebook_combined,8
0.7104192872441764,0.8685131859955554,0.375,0.5920398009950248,0.0928072244585228,1,node+edge,38,1.1314006999964477,2.849816000019928,spread_resid,facebook_combined,9
0.7232876493979725,0.8762751922248044,0.325,0.6218905472636815,0.0899943711727458,2,node,35,1.1214894000004278,3.628884799938533,spread_resid,facebook_combined,0
0.7262153978753338,0.8796079102327292,0.35,0.6218905472636815,0.0905246339913401,2,node,35,1.1202324999976554,3.628884799938533,spread_resid,facebook_combined,1
0.7229121859302884,0.8761695597515736,0.35,0.6119402985074627,0.0911136885209031,2,node,35,1.0692233000008855,3.628884799938533,spread_resid,facebook_combined,2
0.7211467335738685,0.8749168063112019,0.35,0.6268656716417911,0.0903962558583772,2,node,35,1.0267218000008145,3.628884799938533,spread_resid,facebook_combined,3
0.7257706128020472,0.8786564602972763,0.4,0.6318407960199005,0.0901416841917542,2,node,35,1.0372279999937746,3.628884799938533,spread_resid,facebook_combined,4
0.7256574170858104,0.8782048114791192,0.3,0.6368159203980099,0.0898942525430693,2,node,35,1.001567500003148,3.628884799938533,spread_resid,facebook_combined,5
0.7206462098708616,0.8751646674837407,0.35,0.6268656716417911,0.0910938527736178,2,node,35,1.0399542999948608,3.628884799938533,spread_resid,facebook_combined,6
0.7224693972941298,0.8772218143141798,0.4,0.6368159203980099,0.0904113330748404,2,node,35,1.0219943000047351,3.628884799938533,spread_resid,facebook_combined,7
0.7205922226002701,0.873359370388522,0.35,0.6218905472636815,0.0912791174346483,2,node,35,1.013655100003234,3.628884799938533,spread_resid,facebook_combined,8
0.7253539404758993,0.8783689805460979,0.375,0.6517412935323383,0.0895358488623326,2,node,35,1.0253471000032732,3.628884799938533,spread_resid,facebook_combined,9
0.7261637633250037,0.8800104115518346,0.375,0.6119402985074627,0.0894357174416475,2,node+edge,80,1.4482036999979755,4.6422773999402125,spread_resid,facebook_combined,0
0.7290663911257629,0.8821171191629504,0.375,0.6169154228855721,0.0892832351544564,2,node+edge,80,1.4259825999979512,4.6422773999402125,spread_resid,facebook_combined,1
0.7259572184034201,0.8788256729165872,0.3,0.6019900497512438,0.0906569997499399,2,node+edge,80,1.4270902999996906,4.6422773999402125,spread_resid,facebook_combined,2
0.7272750126497236,0.8796471492406209,0.4,0.6417910447761194,0.0887275285838531,2,node+edge,80,1.4164019000018016,4.6422773999402125,spread_resid,facebook_combined,3
0.7260486895381634,0.8788474551832637,0.425,0.6268656716417911,0.0890832929197018,2,node+edge,80,1.42437140000402,4.6422773999402125,spread_resid,facebook_combined,4
0.7285831397318533,0.8812193828455467,0.35,0.6318407960199005,0.0889043865122344,2,node+edge,80,1.3903798999963328,4.6422773999402125,spread_resid,facebook_combined,5
0.7245903975348924,0.8790845642980695,0.375,0.6069651741293532,0.0890669378467038,2,node+edge,80,1.4423280999981216,4.6422773999402125,spread_resid,facebook_combined,6
0.7265506930314016,0.879935938839509,0.35,0.6318407960199005,0.0896617870562373,2,node+edge,80,1.3749766999972053,4.6422773999402125,spread_resid,facebook_combined,7
0.7215351263802826,0.8732131218587894,0.35,0.6417910447761194,0.0914338008726683,2,node+edge,80,1.438582700000552,4.6422773999402125,spread_resid,facebook_combined,8
0.7248349784655068,0.8786721253635615,0.375,0.6467661691542289,0.0892313069453629,2,node+edge,80,1.416271499998402,4.6422773999402125,spread_resid,facebook_combined,9
0.7281587835627797,0.8799868265960026,0.375,0.6467661691542289,0.0884825924957549,2,node+edge+subgraph,144,2.119891700000153,240.36142989994187,spread_resid,facebook_combined,0
0.7322043484232077,0.8852699479947166,0.375,0.6318407960199005,0.0882540517440321,2,node+edge+subgraph,144,2.1313478000010946,240.36142989994187,spread_resid,facebook_combined,1
0.7265215411374695,0.8798245745603448,0.35,0.6467661691542289,0.0894496662722561,2,node+edge+subgraph,144,2.3515331000016886,240.36142989994187,spread_resid,facebook_combined,2
0.7299976467278885,0.8822101302120738,0.45,0.6169154228855721,0.0881660045148094,2,node+edge+subgraph,144,2.121368000000075,240.36142989994187,spread_resid,facebook_combined,3
0.7321948489653426,0.8841222239197267,0.375,0.6218905472636815,0.0875420632652277,2,node+edge+subgraph,144,2.085125999998126,240.36142989994187,spread_resid,facebook_combined,4
0.7309000321234125,0.8828523010574655,0.3,0.6368159203980099,0.0882894673160275,2,node+edge+subgraph,144,2.0900070999996387,240.36142989994187,spread_resid,facebook_combined,5
0.7300679547845198,0.8834482988078554,0.325,0.6218905472636815,0.0879018127369272,2,node+edge+subgraph,144,2.0745486000014357,240.36142989994187,spread_resid,facebook_combined,6
0.7296033661446519,0.8826192532538439,0.35,0.6467661691542289,0.0880817925385355,2,node+edge+subgraph,144,2.096583400001691,240.36142989994187,spread_resid,facebook_combined,7
0.7273392930700934,0.8778965340932565,0.425,0.6616915422885572,0.0899255693377037,2,node+edge+subgraph,144,2.116893200000049,240.36142989994187,spread_resid,facebook_combined,8
0.7321321697325811,0.8845369735471791,0.4,0.6467661691542289,0.0874008137721998,2,node+edge+subgraph,144,2.1041180999964126,240.36142989994187,spread_resid,facebook_combined,9
0.7303281714586647,0.8817793306338597,0.4,0.6318407960199005,0.0879505922872981,2,node+edge+subgraph+dynamic,145,2.1285654999956023,240.36142989994187,spread_resid,facebook_combined,0
0.7318900806141952,0.8834433815737881,0.35,0.6318407960199005,0.0885419994012621,2,node+edge+subgraph+dynamic,145,2.060627699996985,240.36142989994187,spread_resid,facebook_combined,1
0.7310909880876632,0.8833113125221438,0.325,0.6218905472636815,0.0884355316083745,2,node+edge+subgraph+dynamic,145,2.0537306999976863,240.36142989994187,spread_resid,facebook_combined,2
0.7317558217039661,0.8829960537309463,0.4,0.6268656716417911,0.0881405610657646,2,node+edge+subgraph+dynamic,145,2.0766724000059185,240.36142989994187,spread_resid,facebook_combined,3
0.7330317657647778,0.8843271207319146,0.4,0.6318407960199005,0.0872169913613915,2,node+edge+subgraph+dynamic,145,2.169412499999453,240.36142989994187,spread_resid,facebook_combined,4
0.7338702972334001,0.8846282034332106,0.3,0.6417910447761194,0.0881781943973894,2,node+edge+subgraph+dynamic,145,2.2336165999950026,240.36142989994187,spread_resid,facebook_combined,5
0.7316074753050875,0.8836086608522796,0.35,0.6417910447761194,0.0875272578832839,2,node+edge+subgraph+dynamic,145,2.371774799998093,240.36142989994187,spread_resid,facebook_combined,6
0.7309639789753986,0.8828077570736695,0.375,0.6616915422885572,0.0881138875111984,2,node+edge+subgraph+dynamic,145,2.051574500001152,240.36142989994187,spread_resid,facebook_combined,7
0.7261747656900451,0.876905324572935,0.4,0.6517412935323383,0.0899020520049827,2,node+edge+subgraph+dynamic,145,2.0974537000001874,240.36142989994187,spread_resid,facebook_combined,8
0.729506196950009,0.8815018053952796,0.3,0.6467661691542289,0.0879450669297519,2,node+edge+subgraph+dynamic,145,2.0913645999971777,240.36142989994187,spread_resid,facebook_combined,9
0.7247416237918151,0.8782696366991642,0.35,0.6169154228855721,0.0899069597187265,3,node,45,1.0910747999951127,5.6599381999149045,spread_resid,facebook_combined,0
0.726547980252807,0.8799740742333342,0.375,0.6218905472636815,0.0899203428990048,3,node,45,1.0932164000041666,5.6599381999149045,spread_resid,facebook_combined,1
0.7229043109965468,0.8761920813388561,0.375,0.6268656716417911,0.0912365476574441,3,node,45,1.0677308000013,5.6599381999149045,spread_resid,facebook_combined,2
0.7251050242459287,0.8778214250487848,0.375,0.6169154228855721,0.0897686385037653,3,node,45,1.0917897000035737,5.6599381999149045,spread_resid,facebook_combined,3
0.7267231638167629,0.8788740733350306,0.375,0.6268656716417911,0.0899781658534661,3,node,45,1.0763440000009723,5.6599381999149045,spread_resid,facebook_combined,4
0.7246388381527414,0.8777366476311553,0.3,0.6318407960199005,0.0902026560109472,3,node,45,1.0884670000014012,5.6599381999149045,spread_resid,facebook_combined,5
0.7234816508057712,0.8771910593491349,0.35,0.6268656716417911,0.0905078252924478,3,node,45,1.0617079000003289,5.6599381999149045,spread_resid,facebook_combined,6
0.720860323083164,0.875480529482402,0.375,0.6119402985074627,0.0911311930700673,3,node,45,1.0899487000060617,5.6599381999149045,spread_resid,facebook_combined,7
0.7242708434994842,0.8755533851117835,0.325,0.6268656716417911,0.0913190205743987,3,node,45,1.1496831000040402,5.6599381999149045,spread_resid,facebook_combined,8
0.7265700078021634,0.8785719763045247,0.375,0.6368159203980099,0.089628779210043,3,node,45,1.0795282999970368,5.6599381999149045,spread_resid,facebook_combined,9
0.7310828167095201,0.88269676917747,0.375,0.6218905472636815,0.0882885712515052,3,node+edge,93,1.6001632999978028,6.6733307999165845,spread_resid,facebook_combined,0
0.732116766525757,0.8848838536703577,0.375,0.6169154228855721,0.0885119370001111,3,node+edge,93,1.583218500003568,6.6733307999165845,spread_resid,facebook_combined,1
0.7279642597524398,0.8809548064002791,0.35,0.6169154228855721,0.0898365853302264,3,node+edge,93,1.5630754999947385,6.6733307999165845,spread_resid,facebook_combined,2
0.7308581468816288,0.8824256151169735,0.375,0.6368159203980099,0.0884473185561754,3,node+edge,93,1.5190071999968495,6.6733307999165845,spread_resid,facebook_combined,3
0.7267022305715901,0.8805605974714859,0.375,0.6318407960199005,0.0892256701440362,3,node+edge,93,1.6095191999993403,6.6733307999165845,spread_resid,facebook_combined,4
0.731298914412466,0.8826401207951615,0.325,0.6417910447761194,0.0881082276508434,3,node+edge,93,1.6957714999953168,6.6733307999165845,spread_resid,facebook_combined,5
0.7279907478176043,0.8818588126613083,0.325,0.6417910447761194,0.0887794546118159,3,node+edge,93,1.747860399998899,6.6733307999165845,spread_resid,facebook_combined,6
0.7276644073938298,0.8805864080390171,0.35,0.6318407960199005,0.0893633877682077,3,node+edge,93,1.597125699998287,6.6733307999165845,spread_resid,facebook_combined,7
0.7252221547835872,0.877210887633389,0.35,0.6467661691542289,0.0906279794773079,3,node+edge,93,1.522148099997139,6.6733307999165845,spread_resid,facebook_combined,8
0.7310511781891801,0.8829220438075003,0.375,0.6368159203980099,0.0879551766627253,3,node+edge,93,1.5537100999936229,6.6733307999165845,spread_resid,facebook_combined,9
0.7322209953135024,0.883673290183322,0.325,0.6467661691542289,0.0876765456099848,3,node+edge+subgraph,168,2.4337708999955794,242.39248329991824,spread_resid,facebook_combined,0
0.7319861207432219,0.8836559603483503,0.375,0.6368159203980099,0.0882309320364736,3,node+edge+subgraph,168,2.382458100000804,242.39248329991824,spread_resid,facebook_combined,1
0.7295120831856294,0.881521375961413,0.35,0.6218905472636815,0.0891808290196812,3,node+edge+subgraph,168,2.39491559999442,242.39248329991824,spread_resid,facebook_combined,2
0.7314060033130994,0.8818936648926002,0.4,0.6517412935323383,0.0876055963294006,3,node+edge+subgraph,168,2.394809799996437,242.39248329991824,spread_resid,facebook_combined,3
0.7336952839509154,0.8854177551443388,0.35,0.6368159203980099,0.087429411249313,3,node+edge+subgraph,168,2.3666018999938387,242.39248329991824,spread_resid,facebook_combined,4
0.7335861309424345,0.8845028367836428,0.35,0.6318407960199005,0.0875561125021369,3,node+edge+subgraph,168,2.401788700000907,242.39248329991824,spread_resid,facebook_combined,5
0.7303397027956303,0.8828040284489267,0.375,0.6318407960199005,0.088467653166148,3,node+edge+subgraph,168,2.373348499997519,242.39248329991824,spread_resid,facebook_combined,6
0.7315235725155141,0.8832831485347815,0.425,0.6417910447761194,0.088428334464858,3,node+edge+subgraph,168,2.354989299994486,242.39248329991824,spread_resid,facebook_combined,7
0.7312461954047841,0.8811104148548546,0.375,0.6567164179104478,0.0894162017121565,3,node+edge+subgraph,168,2.445061099999293,242.39248329991824,spread_resid,facebook_combined,8
0.7345569474265402,0.8858211672273694,0.4,0.6368159203980099,0.0868799223338219,3,node+edge+subgraph,168,2.6536145999998557,242.39248329991824,spread_resid,facebook_combined,9
0.7306283692176182,0.8818000734732078,0.375,0.6417910447761194,0.0878409039751761,3,node+edge+subgraph+dynamic,170,2.4470127999957185,242.39248329991824,spread_resid,facebook_combined,0
0.7341766920729863,0.8856964025056828,0.4,0.6318407960199005,0.0875078470666047,3,node+edge+subgraph+dynamic,170,2.3964408000028925,242.39248329991824,spread_resid,facebook_combined,1
0.7276445969205453,0.8799383055767639,0.35,0.6169154228855721,0.0893049462015986,3,node+edge+subgraph+dynamic,170,2.381995800002187,242.39248329991824,spread_resid,facebook_combined,2
0.7319664999518051,0.8826745855640714,0.375,0.6368159203980099,0.0876679844037545,3,node+edge+subgraph+dynamic,170,2.4517708999992465,242.39248329991824,spread_resid,facebook_combined,3
0.7339545237687781,0.8849002435967493,0.375,0.6417910447761194,0.0876696622684588,3,node+edge+subgraph+dynamic,170,2.474022900001728,242.39248329991824,spread_resid,facebook_combined,4
0.7330558012416322,0.883112552042363,0.375,0.6368159203980099,0.0876597933181692,3,node+edge+subgraph+dynamic,170,2.400053699995624,242.39248329991824,spread_resid,facebook_combined,5
0.730492565836481,0.882509904164685,0.35,0.6318407960199005,0.0879249002848073,3,node+edge+subgraph+dynamic,170,2.4438539999973727,242.39248329991824,spread_resid,facebook_combined,6
0.7306165116700543,0.8818641854121755,0.375,0.6417910447761194,0.0885597058789631,3,node+edge+subgraph+dynamic,170,2.413811500002339,242.39248329991824,spread_resid,facebook_combined,7
0.7287305980085835,0.8791568767352002,0.4,0.6517412935323383,0.0900503419536871,3,node+edge+subgraph+dynamic,170,2.361014399997657,242.39248329991824,spread_resid,facebook_combined,8
0.732955351259424,0.8837245694587403,0.4,0.6368159203980099,0.0872607064652821,3,node+edge+subgraph+dynamic,170,2.400294200000644,242.39248329991824,spread_resid,facebook_combined,9
0.9278941288563984,0.9912217627541193,0.8,0.9800995024875622,1.644263730141138,1,node+edge+subgraph,56,5.038048699992942,238.56896850002158,spread_mean,facebook_combined,0
0.9296878969887649,0.9920317857993787,0.8,0.9800995024875622,1.8851378600094753,1,node+edge+subgraph,56,1.4775597000261769,238.56896850002158,spread_mean,facebook_combined,1
0.930250417806144,0.9924401593151618,0.8,0.9900497512437811,1.6418229989312212,1,node+edge+subgraph,56,1.4747747000074014,238.56896850002158,spread_mean,facebook_combined,2
0.9295176959600979,0.9920911999955704,0.825,0.9800995024875622,1.9086827557045718,1,node+edge+subgraph,56,1.5151251999777742,238.56896850002158,spread_mean,facebook_combined,3
0.9278565575778006,0.991728292030802,0.8,0.9850746268656716,1.8530285169873455,1,node+edge+subgraph,56,1.4661833999853116,238.56896850002158,spread_mean,facebook_combined,4
0.9298756883706102,0.9913894447152571,0.8,0.9900497512437811,1.64612529268329,1,node+edge+subgraph,56,1.475282100000186,238.56896850002158,spread_mean,facebook_combined,5
0.9277247540861584,0.9907393083979299,0.775,0.9850746268656716,1.745161774182512,1,node+edge+subgraph,56,1.5064513999968767,238.56896850002158,spread_mean,facebook_combined,6
0.9296908526612485,0.9913089868230903,0.725,0.9800995024875622,1.8202907288811991,1,node+edge+subgraph,56,1.5005807999987155,238.56896850002158,spread_mean,facebook_combined,7
0.9283395227442484,0.99098464769648,0.8,0.9900497512437811,1.81089464867243,1,node+edge+subgraph,56,1.4989402999926824,238.56896850002158,spread_mean,facebook_combined,8
0.9303953748108623,0.9922642808892496,0.775,0.9800995024875622,1.7253644352483457,1,node+edge+subgraph,56,1.5005711000121664,238.56896850002158,spread_mean,facebook_combined,9
0.9278941288563984,0.9912217627541193,0.8,0.9800995024875622,1.644263730141138,1,node+edge+subgraph+dynamic,56,1.4909530000004452,238.56896850002158,spread_mean,facebook_combined,0
0.9296878969887649,0.9920317857993787,0.8,0.9800995024875622,1.8851378600094753,1,node+edge+subgraph+dynamic,56,1.4868903999740724,238.56896850002158,spread_mean,facebook_combined,1
0.930250417806144,0.9924401593151618,0.8,0.9900497512437811,1.6418229989312212,1,node+edge+subgraph+dynamic,56,1.4806140000000596,238.56896850002158,spread_mean,facebook_combined,2
0.9295176959600979,0.9920911999955704,0.825,0.9800995024875622,1.9086827557045718,1,node+edge+subgraph+dynamic,56,1.4736407000164036,238.56896850002158,spread_mean,facebook_combined,3
0.9278565575778006,0.991728292030802,0.8,0.9850746268656716,1.8530285169873455,1,node+edge+subgraph+dynamic,56,1.486662699986482,238.56896850002158,spread_mean,facebook_combined,4
0.9298756883706102,0.9913894447152571,0.8,0.9900497512437811,1.64612529268329,1,node+edge+subgraph+dynamic,56,1.5699636999925133,238.56896850002158,spread_mean,facebook_combined,5
0.9277247540861584,0.9907393083979299,0.775,0.9850746268656716,1.745161774182512,1,node+edge+subgraph+dynamic,56,1.522484599991003,238.56896850002158,spread_mean,facebook_combined,6
0.9296908526612485,0.9913089868230903,0.725,0.9800995024875622,1.8202907288811991,1,node+edge+subgraph+dynamic,56,1.4920912999950815,238.56896850002158,spread_mean,facebook_combined,7
0.9283395227442484,0.99098464769648,0.8,0.9900497512437811,1.81089464867243,1,node+edge+subgraph+dynamic,56,1.51641660000314,238.56896850002158,spread_mean,facebook_combined,8
0.9303953748108623,0.9922642808892496,0.775,0.9800995024875622,1.7253644352483457,1,node+edge+subgraph+dynamic,56,1.5363560000259895,238.56896850002158,spread_mean,facebook_combined,9
0.8172612378026045,0.9383567853299687,0.6,0.9054726368159204,0.33934380794384617,1,node+edge+subgraph,56,1.7030642000027,238.56896850002158,spread_cv,facebook_combined,0
0.8166995905286389,0.9388375292977053,0.55,0.9154228855721394,0.34047592098360646,1,node+edge+subgraph,56,1.6807483999873511,238.56896850002158,spread_cv,facebook_combined,1
0.8177176007813094,0.9381068819792013,0.55,0.9104477611940298,0.34598754420131766,1,node+edge+subgraph,56,1.6889932000194676,238.56896850002158,spread_cv,facebook_combined,2
0.8169254454767836,0.9380010463962212,0.575,0.9054726368159204,0.3422459556978526,1,node+edge+subgraph,56,1.6923241000040434,238.56896850002158,spread_cv,facebook_combined,3
0.8180578513070271,0.9380927667358403,0.625,0.9054726368159204,0.34220131728744535,1,node+edge+subgraph,56,1.7086942000023555,238.56896850002158,spread_cv,facebook_combined,4
0.8190878075520988,0.9398311960198712,0.5,0.9104477611940298,0.33714847739884357,1,node+edge+subgraph,56,1.615611599991098,238.56896850002158,spread_cv,facebook_combined,5
0.8183023234550574,0.938867416934414,0.6,0.9154228855721394,0.341354840614812,1,node+edge+subgraph,56,1.7062306000152603,238.56896850002158,spread_cv,facebook_combined,6
0.8181848114738832,0.938808283005205,0.6,0.9104477611940298,0.34009892585388046,1,node+edge+subgraph,56,1.7910113999969326,238.56896850002158,spread_cv,facebook_combined,7
0.8171294552195663,0.9377284024757006,0.6,0.9054726368159204,0.3424168193775883,1,node+edge+subgraph,56,1.7436446000065189,238.56896850002158,spread_cv,facebook_combined,8
0.8190271493839287,0.9404436111886899,0.65,0.9104477611940298,0.3363847357979629,1,node+edge+subgraph,56,1.6805085000232793,238.56896850002158,spread_cv,facebook_combined,9
0.8172612378026045,0.9383567853299687,0.6,0.9054726368159204,0.33934380794384617,1,node+edge+subgraph+dynamic,56,1.7668475999962538,238.56896850002158,spread_cv,facebook_combined,0
0.8166995905286389,0.9388375292977053,0.55,0.9154228855721394,0.34047592098360646,1,node+edge+subgraph+dynamic,56,1.6870417000027373,238.56896850002158,spread_cv,facebook_combined,1
0.8177176007813094,0.9381068819792013,0.55,0.9104477611940298,0.34598754420131766,1,node+edge+subgraph+dynamic,56,1.670119699992938,238.56896850002158,spread_cv,facebook_combined,2
0.8169254454767836,0.9380010463962212,0.575,0.9054726368159204,0.3422459556978526,1,node+edge+subgraph+dynamic,56,1.6529182000085711,238.56896850002158,spread_cv,facebook_combined,3
0.8180578513070271,0.9380927667358403,0.625,0.9054726368159204,0.34220131728744535,1,node+edge+subgraph+dynamic,56,1.6698909999977332,238.56896850002158,spread_cv,facebook_combined,4
0.8190878075520988,0.9398311960198712,0.5,0.9104477611940298,0.33714847739884357,1,node+edge+subgraph+dynamic,56,1.67600149998907,238.56896850002158,spread_cv,facebook_combined,5
0.8183023234550574,0.938867416934414,0.6,0.9154228855721394,0.341354840614812,1,node+edge+subgraph+dynamic,56,1.7387657999934163,238.56896850002158,spread_cv,facebook_combined,6
0.8181848114738832,0.938808283005205,0.6,0.9104477611940298,0.34009892585388046,1,node+edge+subgraph+dynamic,56,1.7338099000044167,238.56896850002158,spread_cv,facebook_combined,7
0.8171294552195663,0.9377284024757006,0.6,0.9054726368159204,0.3424168193775883,1,node+edge+subgraph+dynamic,56,1.6633154000155628,238.56896850002158,spread_cv,facebook_combined,8
0.8190271493839287,0.9404436111886899,0.65,0.9104477611940298,0.3363847357979629,1,node+edge+subgraph+dynamic,56,1.7155509000003804,238.56896850002158,spread_cv,facebook_combined,9
0.7090539807669451,0.8687203777158685,0.35,0.5920398009950248,0.09311984317316534,1,node+edge+subgraph,56,1.7123852999939118,238.56896850002158,spread_resid,facebook_combined,0
0.711209490280939,0.8702679057292156,0.375,0.6019900497512438,0.09305667993764592,1,node+edge+subgraph,56,1.655103400000371,238.56896850002158,spread_resid,facebook_combined,1
0.7119100646305276,0.8713684296975169,0.35,0.572139303482587,0.09314077068896848,1,node+edge+subgraph,56,1.6905403999844566,238.56896850002158,spread_resid,facebook_combined,2
0.7073991859693166,0.8669719616811444,0.35,0.6019900497512438,0.09326608131789278,1,node+edge+subgraph,56,1.7197511999984272,238.56896850002158,spread_resid,facebook_combined,3
0.7106834727126575,0.8692529773198506,0.375,0.6019900497512438,0.0934323629135561,1,node+edge+subgraph,56,1.6611536999989767,238.56896850002158,spread_resid,facebook_combined,4
0.7102462127881223,0.869290438737335,0.325,0.5970149253731343,0.09334954129647273,1,node+edge+subgraph,56,1.6804270999855362,238.56896850002158,spread_resid,facebook_combined,5
0.7125383418046027,0.8708898182768067,0.375,0.5970149253731343,0.09225684756413623,1,node+edge+subgraph,56,1.733553199999733,238.56896850002158,spread_resid,facebook_combined,6
0.7065624876032605,0.8660617769731193,0.4,0.5970149253731343,0.09399549987238984,1,node+edge+subgraph,56,1.657673599984264,238.56896850002158,spread_resid,facebook_combined,7
0.7054742906742301,0.8634250785203318,0.375,0.6218905472636815,0.09378410788980983,1,node+edge+subgraph,56,1.6906225999991875,238.56896850002158,spread_resid,facebook_combined,8
0.7105594888100029,0.8683569896733649,0.4,0.5970149253731343,0.09283715014201017,1,node+edge+subgraph,56,1.6497040999820456,238.56896850002158,spread_resid,facebook_combined,9
0.7090539807669451,0.8687203777158685,0.35,0.5920398009950248,0.09311984317316534,1,node+edge+subgraph+dynamic,56,1.6751548000029288,238.56896850002158,spread_resid,facebook_combined,0
0.711209490280939,0.8702679057292156,0.375,0.6019900497512438,0.09305667993764592,1,node+edge+subgraph+dynamic,56,1.702497599995695,238.56896850002158,spread_resid,facebook_combined,1
0.7119100646305276,0.8713684296975169,0.35,0.572139303482587,0.09314077068896848,1,node+edge+subgraph+dynamic,56,1.6664714999787975,238.56896850002158,spread_resid,facebook_combined,2
0.7073991859693166,0.8669719616811444,0.35,0.6019900497512438,0.09326608131789278,1,node+edge+subgraph+dynamic,56,1.6435719999717548,238.56896850002158,spread_resid,facebook_combined,3
0.7106834727126575,0.8692529773198506,0.375,0.6019900497512438,0.0934323629135561,1,node+edge+subgraph+dynamic,56,1.7046686000248883,238.56896850002158,spread_resid,facebook_combined,4
0.7102462127881223,0.869290438737335,0.325,0.5970149253731343,0.09334954129647273,1,node+edge+subgraph+dynamic,56,1.6592165000038221,238.56896850002158,spread_resid,facebook_combined,5
0.7125383418046027,0.8708898182768067,0.375,0.5970149253731343,0.09225684756413623,1,node+edge+subgraph+dynamic,56,1.6439094999805093,238.56896850002158,spread_resid,facebook_combined,6
0.7065624876032605,0.8660617769731193,0.4,0.5970149253731343,0.09399549987238984,1,node+edge+subgraph+dynamic,56,1.7246611999871675,238.56896850002158,spread_resid,facebook_combined,7
0.7054742906742301,0.8634250785203318,0.375,0.6218905472636815,0.09378410788980983,1,node+edge+subgraph+dynamic,56,1.6764474999799859,238.56896850002158,spread_resid,facebook_combined,8
0.7105594888100029,0.8683569896733649,0.4,0.5970149253731343,0.09283715014201017,1,node+edge+subgraph+dynamic,56,1.6847173999994993,238.56896850002158,spread_resid,facebook_combined,9
0.21843735843982512,0.2845277898914007,0.55,0.34328358208955223,63562.011321974365,1,node+edge+subgraph,56,1.529378099978203,238.56896850002158,betweenness,facebook_combined,0
0.22346749759288176,0.2917536323875761,0.525,0.38308457711442784,64067.6893007841,1,node+edge+subgraph,56,1.4783317999972496,238.56896850002158,betweenness,facebook_combined,1
0.22658362019693357,0.29744261321027926,0.55,0.39800995024875624,65015.70101565667,1,node+edge+subgraph,56,1.5269122000026982,238.56896850002158,betweenness,facebook_combined,2
0.1981648524615662,0.2607384092982447,0.575,0.3482587064676617,64380.72843752617,1,node+edge+subgraph,56,1.5283562999975402,238.56896850002158,betweenness,facebook_combined,3
0.23500878581192322,0.30540223349699386,0.575,0.3781094527363184,75407.1687135991,1,node+edge+subgraph,56,1.548826599988388,238.56896850002158,betweenness,facebook_combined,4
0.21405907577573274,0.2798641659941271,0.575,0.3880597014925373,64139.60885652233,1,node+edge+subgraph,56,1.4995234999805689,238.56896850002158,betweenness,facebook_combined,5
0.22478452458219664,0.293757526010292,0.525,0.36318407960199006,65256.24271843941,1,node+edge+subgraph,56,1.5106834000034723,238.56896850002158,betweenness,facebook_combined,6
0.21368924954385787,0.2775465959959564,0.575,0.38308457711442784,64136.20513381716,1,node+edge+subgraph,56,1.5171053999802098,238.56896850002158,betweenness,facebook_combined,7
0.19824394811592638,0.25522899892326195,0.6,0.3383084577114428,66468.5571749292,1,node+edge+subgraph,56,1.5152763999940362,238.56896850002158,betweenness,facebook_combined,8
0.2261790754092153,0.2983041272719298,0.575,0.3681592039800995,79881.3958153617,1,node+edge+subgraph,56,1.5356573000026401,238.56896850002158,betweenness,facebook_combined,9
0.21843735843982512,0.2845277898914007,0.55,0.34328358208955223,63562.011321974365,1,node+edge+subgraph+dynamic,56,1.5687513000157196,238.56896850002158,betweenness,facebook_combined,0
0.22346749759288176,0.2917536323875761,0.525,0.38308457711442784,64067.6893007841,1,node+edge+subgraph+dynamic,56,1.4961148999864236,238.56896850002158,betweenness,facebook_combined,1
0.22658362019693357,0.29744261321027926,0.55,0.39800995024875624,65015.70101565667,1,node+edge+subgraph+dynamic,56,1.5181809999921825,238.56896850002158,betweenness,facebook_combined,2
0.1981648524615662,0.2607384092982447,0.575,0.3482587064676617,64380.72843752617,1,node+edge+subgraph+dynamic,56,1.4748714000161272,238.56896850002158,betweenness,facebook_combined,3
0.23500878581192322,0.30540223349699386,0.575,0.3781094527363184,75407.1687135991,1,node+edge+subgraph+dynamic,56,1.5136621000128798,238.56896850002158,betweenness,facebook_combined,4
0.21405907577573274,0.2798641659941271,0.575,0.3880597014925373,64139.60885652233,1,node+edge+subgraph+dynamic,56,1.5193479000008665,238.56896850002158,betweenness,facebook_combined,5
0.22478452458219664,0.293757526010292,0.525,0.36318407960199006,65256.24271843941,1,node+edge+subgraph+dynamic,56,1.532492700003786,238.56896850002158,betweenness,facebook_combined,6
0.21368924954385787,0.2775465959959564,0.575,0.38308457711442784,64136.20513381716,1,node+edge+subgraph+dynamic,56,1.5408689999894705,238.56896850002158,betweenness,facebook_combined,7
0.19824394811592638,0.25522899892326195,0.6,0.3383084577114428,66468.5571749292,1,node+edge+subgraph+dynamic,56,1.5208580000035,238.56896850002158,betweenness,facebook_combined,8
0.2261790754092153,0.2983041272719298,0.575,0.3681592039800995,79881.3958153617,1,node+edge+subgraph+dynamic,56,1.5722741000063252,238.56896850002158,betweenness,facebook_combined,9
