kendall_tau,spearman,precision_at_1pct,precision_at_5pct,rmse,radius,richness,n_features,fit_seconds,feature_seconds,target,network,seed
0.8623646403297051,0.9742299809916805,0.4444444444444444,0.8571428571428571,7.665236888021375,0,node,2,4.4395624999961,2.560000029916409e-05,spread_mean,email-Eu-core,0
0.8627729912414979,0.9743668692433922,0.1111111111111111,0.8571428571428571,7.719419591999308,0,node,2,0.627434699999867,2.560000029916409e-05,spread_mean,email-Eu-core,1
0.8633849918179572,0.9747264125314908,0.4444444444444444,0.8571428571428571,7.671903891545301,0,node,2,0.5840985000031651,2.560000029916409e-05,spread_mean,email-Eu-core,2
0.8623113903023364,0.9744387197764622,0.2222222222222222,0.8571428571428571,7.80966930441723,0,node,2,0.5953614999962156,2.560000029916409e-05,spread_mean,email-Eu-core,3
0.8646941620100144,0.9750909611685208,0.5555555555555556,0.8571428571428571,7.529723258361736,0,node,2,0.6117319999975734,2.560000029916409e-05,spread_mean,email-Eu-core,4
0.8623647448484972,0.9742615670682788,0.2222222222222222,0.8367346938775511,7.811076383211755,0,node,2,0.5592402000038419,2.560000029916409e-05,spread_mean,email-Eu-core,5
0.8639223642759488,0.9747204372785212,0.3333333333333333,0.8367346938775511,7.5522689498439854,0,node,2,0.587048200002755,2.560000029916409e-05,spread_mean,email-Eu-core,6
0.8630653137774038,0.974535005463269,0.1111111111111111,0.8571428571428571,7.667031147001984,0,node,2,0.6031311000042479,2.560000029916409e-05,spread_mean,email-Eu-core,7
0.8622179640473927,0.9742547176623284,0.1111111111111111,0.8571428571428571,7.720293201436176,0,node,2,0.5544016999992891,2.560000029916409e-05,spread_mean,email-Eu-core,8
0.8654024197262485,0.9752488953882338,0.3333333333333333,0.8367346938775511,7.629216813075439,0,node,2,0.5573150999989593,2.560000029916409e-05,spread_mean,email-Eu-core,9
0.8623646403297051,0.9742299809916805,0.4444444444444444,0.8571428571428571,7.665236888021375,0,node+edge,2,0.561447699998098,2.560000029916409e-05,spread_mean,email-Eu-core,0
0.8627729912414979,0.9743668692433922,0.1111111111111111,0.8571428571428571,7.719419591999308,0,node+edge,2,0.5589398000010988,2.560000029916409e-05,spread_mean,email-Eu-core,1
0.8633849918179572,0.9747264125314908,0.4444444444444444,0.8571428571428571,7.671903891545301,0,node+edge,2,0.5866062999994028,2.560000029916409e-05,spread_mean,email-Eu-core,2
0.8623113903023364,0.9744387197764622,0.2222222222222222,0.8571428571428571,7.80966930441723,0,node+edge,2,0.5973747000025469,2.560000029916409e-05,spread_mean,email-Eu-core,3
0.8646941620100144,0.9750909611685208,0.5555555555555556,0.8571428571428571,7.529723258361736,0,node+edge,2,0.5658182000042871,2.560000029916409e-05,spread_mean,email-Eu-core,4
0.8623647448484972,0.9742615670682788,0.2222222222222222,0.8367346938775511,7.811076383211755,0,node+edge,2,0.5454778999992413,2.560000029916409e-05,spread_mean,email-Eu-core,5
0.8639223642759488,0.9747204372785212,0.3333333333333333,0.8367346938775511,7.5522689498439854,0,node+edge,2,0.5831030999979703,2.560000029916409e-05,spread_mean,email-Eu-core,6
0.8630653137774038,0.974535005463269,0.1111111111111111,0.8571428571428571,7.667031147001984,0,node+edge,2,0.5362857999934931,2.560000029916409e-05,spread_mean,email-Eu-core,7
0.8622179640473927,0.9742547176623284,0.1111111111111111,0.8571428571428571,7.720293201436176,0,node+edge,2,0.5640234999955283,2.560000029916409e-05,spread_mean,email-Eu-core,8
0.8654024197262485,0.9752488953882338,0.3333333333333333,0.8367346938775511,7.629216813075439,0,node+edge,2,0.5733419000025606,2.560000029916409e-05,spread_mean,email-Eu-core,9
0.8623646403297051,0.9742299809916805,0.4444444444444444,0.8571428571428571,7.665236888021375,0,node+edge+subgraph,2,0.5844399999987218,2.560000029916409e-05,spread_mean,email-Eu-core,0
0.8627729912414979,0.9743668692433922,0.1111111111111111,0.8571428571428571,7.719419591999308,0,node+edge+subgraph,2,0.5763881000020774,2.560000029916409e-05,spread_mean,email-Eu-core,1
0.8633849918179572,0.9747264125314908,0.4444444444444444,0.8571428571428571,7.671903891545301,0,node+edge+subgraph,2,0.599956199999724,2.560000029916409e-05,spread_mean,email-Eu-core,2
0.8623113903023364,0.9744387197764622,0.2222222222222222,0.8571428571428571,7.80966930441723,0,node+edge+subgraph,2,0.6030956999966293,2.560000029916409e-05,spread_mean,email-Eu-core,3
0.8646941620100144,0.9750909611685208,0.5555555555555556,0.8571428571428571,7.529723258361736,0,node+edge+subgraph,2,0.5838255000053323,2.560000029916409e-05,spread_mean,email-Eu-core,4
0.8623647448484972,0.9742615670682788,0.2222222222222222,0.8367346938775511,7.811076383211755,0,node+edge+subgraph,2,0.6049702000018442,2.560000029916409e-05,spread_mean,email-Eu-core,5
0.8639223642759488,0.9747204372785212,0.3333333333333333,0.8367346938775511,7.5522689498439854,0,node+edge+subgraph,2,0.6085404999976163,2.560000029916409e-05,spread_mean,email-Eu-core,6
0.8630653137774038,0.974535005463269,0.1111111111111111,0.8571428571428571,7.667031147001984,0,node+edge+subgraph,2,0.5688435999982175,2.560000029916409e-05,spread_mean,email-Eu-core,7
0.8622179640473927,0.9742547176623284,0.1111111111111111,0.8571428571428571,7.720293201436176,0,node+edge+subgraph,2,0.5698673000006238,2.560000029916409e-05,spread_mean,email-Eu-core,8
0.8654024197262485,0.9752488953882338,0.3333333333333333,0.8367346938775511,7.629216813075439,0,node+edge+subgraph,2,0.5662324000004446,2.560000029916409e-05,spread_mean,email-Eu-core,9
0.8623646403297051,0.9742299809916805,0.4444444444444444,0.8571428571428571,7.665236888021375,0,node+edge+subgraph+dynamic,2,0.5537802999970154,2.560000029916409e-05,spread_mean,email-Eu-core,0
0.8627729912414979,0.9743668692433922,0.1111111111111111,0.8571428571428571,7.719419591999308,0,node+edge+subgraph+dynamic,2,0.9130971000049612,2.560000029916409e-05,spread_mean,email-Eu-core,1
0.8633849918179572,0.9747264125314908,0.4444444444444444,0.8571428571428571,7.671903891545301,0,node+edge+subgraph+dynamic,2,0.679889800005185,2.560000029916409e-05,spread_mean,email-Eu-core,2
0.8623113903023364,0.9744387197764622,0.2222222222222222,0.8571428571428571,7.80966930441723,0,node+edge+subgraph+dynamic,2,0.6970959999962361,2.560000029916409e-05,spread_mean,email-Eu-core,3
0.8646941620100144,0.9750909611685208,0.5555555555555556,0.8571428571428571,7.529723258361736,0,node+edge+subgraph+dynamic,2,0.5880763999957708,2.560000029916409e-05,spread_mean,email-Eu-core,4
0.8623647448484972,0.9742615670682788,0.2222222222222222,0.8367346938775511,7.811076383211755,0,node+edge+subgraph+dynamic,2,0.5853704000037396,2.560000029916409e-05,spread_mean,email-Eu-core,5
0.8639223642759488,0.9747204372785212,0.3333333333333333,0.8367346938775511,7.5522689498439854,0,node+edge+subgraph+dynamic,2,0.5652532000021893,2.560000029916409e-05,spread_mean,email-Eu-core,6
0.8630653137774038,0.974535005463269,0.1111111111111111,0.8571428571428571,7.667031147001984,0,node+edge+subgraph+dynamic,2,0.5872845999983838,2.560000029916409e-05,spread_mean,email-Eu-core,7
0.8622179640473927,0.9742547176623284,0.1111111111111111,0.8571428571428571,7.720293201436176,0,node+edge+subgraph+dynamic,2,0.5798821999997017,2.560000029916409e-05,spread_mean,email-Eu-core,8
0.8654024197262485,0.9752488953882338,0.3333333333333333,0.8367346938775511,7.629216813075439,0,node+edge+subgraph+dynamic,2,0.5733006000009482,2.560000029916409e-05,spread_mean,email-Eu-core,9
0.956241402447744,0.9973905954490964,0.7777777777777778,0.9387755102040816,2.5474756474763143,1,node,17,0.7199230999976862,0.1823748999986492,spread_mean,email-Eu-core,0
0.9565823548136352,0.9973339275429876,0.5555555555555556,0.9387755102040816,2.646010507884009,1,node,17,0.7288221000053454,0.1823748999986492,spread_mean,email-Eu-core,1
0.9574748506056612,0.9974850534883232,0.8888888888888888,0.9183673469387756,2.502282906093233,1,node,17,0.7229537999955937,0.1823748999986492,spread_mean,email-Eu-core,2
0.9559036731418556,0.9973478918373228,0.7777777777777778,0.9183673469387756,2.5340951002167853,1,node,17,0.8076833000013721,0.1823748999986492,spread_mean,email-Eu-core,3
0.9568672596830384,0.997404359465565,0.7777777777777778,0.9591836734693876,2.4265539707643486,1,node,17,0.8210342000020319,0.1823748999986492,spread_mean,email-Eu-core,4
0.9546958323769944,0.9971819095492376,0.6666666666666666,0.9591836734693876,2.550607271250437,1,node,17,0.8127576999977464,0.1823748999986492,spread_mean,email-Eu-core,5
0.9565728643824192,0.9973821141747106,0.8888888888888888,0.9387755102040816,2.455438739663911,1,node,17,0.7680048999973224,0.1823748999986492,spread_mean,email-Eu-core,6
0.9557607777408068,0.9972951391060392,0.7777777777777778,0.9591836734693876,2.596279747367707,1,node,17,0.7514302000054158,0.1823748999986492,spread_mean,email-Eu-core,7
0.956262175782121,0.997354814596496,0.7777777777777778,0.9591836734693876,2.5027752901295486,1,node,17,0.8665408000015304,0.1823748999986492,spread_mean,email-Eu-core,8
0.956825532192579,0.997453763672062,0.7777777777777778,0.9591836734693876,2.4577338369598647,1,node,17,0.7346455000006245,0.1823748999986492,spread_mean,email-Eu-core,9
0.9590667963970068,0.997676476428744,0.8888888888888888,0.9387755102040816,2.2533042390526035,1,node+edge,38,0.903247599999304,0.3572692999987339,spread_mean,email-Eu-core,0
0.9593033674692996,0.9976622053381302,0.8888888888888888,0.9387755102040816,2.422961116448062,1,node+edge,38,0.9090575000009268,0.3572692999987339,spread_mean,email-Eu-core,1
0.9590399408560356,0.997648998389868,0.8888888888888888,0.9387755102040816,2.317999998102743,1,node+edge,38,0.877207699995779,0.3572692999987339,spread_mean,email-Eu-core,2
0.9579939745268896,0.9975389361018,0.8888888888888888,0.9387755102040816,2.396571669427056,1,node+edge,38,0.8795484000002034,0.3572692999987339,spread_mean,email-Eu-core,3
0.9598253682474566,0.9977449273226776,0.8888888888888888,0.979591836734694,2.2161211239549994,1,node+edge,38,0.8600106000012602,0.3572692999987339,spread_mean,email-Eu-core,4
0.958548918815349,0.9976194047752394,0.8888888888888888,0.979591836734694,2.284851844992913,1,node+edge,38,0.8267135999994935,0.3572692999987339,spread_mean,email-Eu-core,5
0.9582253471448414,0.9975729956388028,0.8888888888888888,0.9183673469387756,2.3313658578153293,1,node+edge,38,0.8607247000036296,0.3572692999987339,spread_mean,email-Eu-core,6
0.9589215717018326,0.9976401478519265,0.8888888888888888,0.9591836734693876,2.275465589401403,1,node+edge,38,0.8680819000001065,0.3572692999987339,spread_mean,email-Eu-core,7
0.958843317269891,0.997642623370416,0.8888888888888888,0.9591836734693876,2.2717265286681383,1,node+edge,38,0.8763372000030358,0.3572692999987339,spread_mean,email-Eu-core,8
0.9593790768318408,0.9977146515502324,0.8888888888888888,0.9387755102040816,2.268651403767473,1,node+edge,38,0.930801300004532,0.3572692999987339,spread_mean,email-Eu-core,9
0.9617855774975416,0.9980015215188408,0.8888888888888888,0.9591836734693876,2.202620038019827,2,node,35,0.8113475999998627,0.4526431999884153,spread_mean,email-Eu-core,0
0.9624558408616812,0.9980338160135992,0.6666666666666666,0.9387755102040816,2.3886476743812004,2,node,35,0.9120257000031416,0.4526431999884153,spread_mean,email-Eu-core,1
0.9641525578591064,0.9981761821939916,0.8888888888888888,0.9387755102040816,2.174558943140205,2,node,35,0.8693978000010247,0.4526431999884153,spread_mean,email-Eu-core,2
0.9627658041028768,0.998093356951998,0.7777777777777778,0.9387755102040816,2.244488521214864,2,node,35,0.8812822999971104,0.4526431999884153,spread_mean,email-Eu-core,3
0.9622837726850352,0.9980370238509244,0.8888888888888888,0.9387755102040816,2.2373638531538176,2,node,35,0.8598936999987927,0.4526431999884153,spread_mean,email-Eu-core,4
0.961773064283041,0.9979959570376415,0.8888888888888888,0.9591836734693876,2.233335946513757,2,node,35,0.8751566999999341,0.4526431999884153,spread_mean,email-Eu-core,5
0.9627459723001344,0.9981024453074988,0.7777777777777778,0.9387755102040816,2.1929646757427204,2,node,35,0.8658436000041547,0.4526431999884153,spread_mean,email-Eu-core,6
0.9624959586345978,0.9980527846062686,0.7777777777777778,0.9591836734693876,2.285447656690794,2,node,35,0.867663500001072,0.4526431999884153,spread_mean,email-Eu-core,7
0.9628841756176544,0.9981080097992768,0.8888888888888888,0.9591836734693876,2.199711011057355,2,node,35,0.8753135000006296,0.4526431999884153,spread_mean,email-Eu-core,8
0.9619956260558276,0.9980144969041282,0.7777777777777778,0.9387755102040816,2.183095464059812,2,node,35,0.8804720999978599,0.4526431999884153,spread_mean,email-Eu-core,9
0.9627905156979693,0.9980341821847498,0.8888888888888888,0.9591836734693876,2.048196591016023,2,node+edge,80,1.1552368999982718,0.6275375999885,spread_mean,email-Eu-core,0
0.964052792331428,0.9981942025308258,0.8888888888888888,0.9591836734693876,2.199064450547103,2,node+edge,80,1.1629411999965669,0.6275375999885,spread_mean,email-Eu-core,1
0.9631404448432191,0.9980406166494042,0.8888888888888888,0.9387755102040816,2.122255782758921,2,node+edge,80,1.1886480000030133,0.6275375999885,spread_mean,email-Eu-core,2
0.9642042617207156,0.9982073782340604,0.8888888888888888,0.9591836734693876,2.0703378886353097,2,node+edge,80,1.1645015999965835,0.6275375999885,spread_mean,email-Eu-core,3
0.9641783361117882,0.9982139848241196,0.8888888888888888,0.9591836734693876,2.019577298909875,2,node+edge,80,1.1595764000012423,0.6275375999885,spread_mean,email-Eu-core,4
0.9614919290898108,0.9978969015740248,0.8888888888888888,0.9591836734693876,2.196841403429333,2,node+edge,80,1.1486856999981685,0.6275375999885,spread_mean,email-Eu-core,5
0.963204056138314,0.9981098311762744,0.7777777777777778,0.9183673469387756,2.09360361858948,2,node+edge,80,1.1460879000005662,0.6275375999885,spread_mean,email-Eu-core,6
0.9640198434701196,0.9981830079022604,0.8888888888888888,0.9591836734693876,2.0723762380211155,2,node+edge,80,1.1823416000042926,0.6275375999885,spread_mean,email-Eu-core,7
0.9623054342245072,0.9979814324862516,0.8888888888888888,0.979591836734694,2.123575762927754,2,node+edge,80,1.2033809999993537,0.6275375999885,spread_mean,email-Eu-core,8
0.9624569091642208,0.9980222333133008,0.8888888888888888,0.9183673469387756,2.1199261132846674,2,node+edge,80,1.199642199993832,0.6275375999885,spread_mean,email-Eu-core,9
0.9667567267103137,0.9984797392644836,0.8888888888888888,0.979591836734694,1.89901056923387,2,node+edge+subgraph,144,1.8303459000017028,16.57047499998771,spread_mean,email-Eu-core,0
0.9665137293585708,0.9984270615787252,0.8888888888888888,0.979591836734694,2.08108753386419,2,node+edge+subgraph,144,1.7821678000036627,16.57047499998771,spread_mean,email-Eu-core,1
0.966497117001488,0.9984064686897004,0.8888888888888888,0.9591836734693876,1.909970825401416,2,node+edge+subgraph,144,2.028992799998377,16.57047499998771,spread_mean,email-Eu-core,2
0.9669431273567168,0.9984827843849784,0.8888888888888888,0.9591836734693876,1.979262589485308,2,node+edge+subgraph,144,1.9050736999997755,16.57047499998771,spread_mean,email-Eu-core,3
0.9658752059635756,0.9983709475549072,0.8888888888888888,0.979591836734694,1.9504417228993445,2,node+edge+subgraph,144,1.7929460000013933,16.57047499998771,spread_mean,email-Eu-core,4
0.965245057693373,0.998328409822386,0.8888888888888888,0.979591836734694,2.0495692709108564,2,node+edge+subgraph,144,1.810496999998577,16.57047499998771,spread_mean,email-Eu-core,5
0.9666040635172092,0.9984406284173942,0.8888888888888888,0.9591836734693876,1.930131534298404,2,node+edge+subgraph,144,1.8336927999989712,16.57047499998771,spread_mean,email-Eu-core,6
0.9664806425369076,0.9984497168400658,0.8888888888888888,0.9591836734693876,1.9531432856244029,2,node+edge+subgraph,144,1.7651106999983313,16.57047499998771,spread_mean,email-Eu-core,7
0.9664014629407428,0.9984210902627334,0.8888888888888888,0.979591836734694,1.9517363483625167,2,node+edge+subgraph,144,1.789334200002486,16.57047499998771,spread_mean,email-Eu-core,8
0.9658722926719644,0.998421299961786,0.8888888888888888,0.9387755102040816,1.9670935296797096,2,node+edge+subgraph,144,1.8243154999945543,16.57047499998771,spread_mean,email-Eu-core,9
0.9671191634383366,0.9984993306566442,0.8888888888888888,0.979591836734694,1.8933173929479443,2,node+edge+subgraph+dynamic,145,1.8034962000019727,16.57047499998771,spread_mean,email-Eu-core,0
0.9665672711479376,0.9984426282855312,0.8888888888888888,0.9591836734693876,2.070697253243494,2,node+edge+subgraph+dynamic,145,1.7961723000044003,16.57047499998771,spread_mean,email-Eu-core,1
0.9667607084347752,0.9984441680368126,0.8888888888888888,0.9591836734693876,1.9346172520436773,2,node+edge+subgraph+dynamic,145,1.7977829999945245,16.57047499998771,spread_mean,email-Eu-core,2
0.9664159472042232,0.9984502927184008,0.8888888888888888,0.9591836734693876,1.9939220259077892,2,node+edge+subgraph+dynamic,145,1.7782283999986248,16.57047499998771,spread_mean,email-Eu-core,3
0.9665259473145036,0.998447147430674,0.8888888888888888,0.9591836734693876,1.9147148490556825,2,node+edge+subgraph+dynamic,145,1.7748191999999108,16.57047499998771,spread_mean,email-Eu-core,4
0.9662005766390396,0.99842968417674,0.8888888888888888,0.979591836734694,2.025285462598424,2,node+edge+subgraph+dynamic,145,1.9889699999985169,16.57047499998771,spread_mean,email-Eu-core,5
0.9664074333633668,0.9984191936861292,0.7777777777777778,0.9591836734693876,1.9336237945699373,2,node+edge+subgraph+dynamic,145,1.994207899995672,16.57047499998771,spread_mean,email-Eu-core,6
0.966610447690506,0.9984645919165256,0.8888888888888888,0.9591836734693876,1.9498142970499384,2,node+edge+subgraph+dynamic,145,1.8986110000041665,16.57047499998771,spread_mean,email-Eu-core,7
0.9660925676840312,0.998410631088131,0.8888888888888888,0.979591836734694,1.957321121717966,2,node+edge+subgraph+dynamic,145,2.0131517999980133,16.57047499998771,spread_mean,email-Eu-core,8
0.9658764112669056,0.9984148905095463,0.8888888888888888,0.9387755102040816,2.0134908829773783,2,node+edge+subgraph+dynamic,145,1.9071500999998532,16.57047499998771,spread_mean,email-Eu-core,9
0.966617620888348,0.998497743927552,0.8888888888888888,0.9591836734693876,2.083258764694919,3,node,45,0.9403242999978828,0.8314504000063607,spread_mean,email-Eu-core,0
0.9651463544301198,0.9983576091546308,0.5555555555555556,0.9183673469387756,2.267399154596375,3,node,45,0.9259548999980324,0.8314504000063607,spread_mean,email-Eu-core,1
0.9665465403952292,0.9984811726093058,0.7777777777777778,0.9387755102040816,2.098108630233641,3,node,45,0.92050670000026,0.8314504000063607,spread_mean,email-Eu-core,2
0.9669554831415408,0.998513567281574,0.7777777777777778,0.9387755102040816,2.0512675528681403,3,node,45,0.9183147000003372,0.8314504000063607,spread_mean,email-Eu-core,3
0.966051241857009,0.9984349012407144,0.7777777777777778,0.9387755102040816,2.0759010449464794,3,node,45,0.9190041999972892,0.8314504000063607,spread_mean,email-Eu-core,4
0.9655168863589506,0.9983833596095846,0.7777777777777778,0.9387755102040816,2.0847616506178746,3,node,45,0.8776152999998885,0.8314504000063607,spread_mean,email-Eu-core,5
0.9668110589923844,0.998501127018335,0.7777777777777778,0.9387755102040816,2.0619566690829307,3,node,45,0.9598490999997012,0.8314504000063607,spread_mean,email-Eu-core,6
0.966438530371548,0.998478027360118,0.7777777777777778,0.9591836734693876,2.133035959711485,3,node,45,0.9387597000022652,0.8314504000063607,spread_mean,email-Eu-core,7
0.9662686032544296,0.9984657592582608,0.7777777777777778,0.9591836734693876,2.028493377110061,3,node,45,0.9389814000023762,0.8314504000063607,spread_mean,email-Eu-core,8
0.9650197435191038,0.9983620250470316,0.7777777777777778,0.9387755102040816,2.053014925241192,3,node,45,0.9057339999999384,0.8314504000063607,spread_mean,email-Eu-core,9
0.9667690825078596,0.9984660065122792,0.8888888888888888,0.9387755102040816,1.9421926048200435,3,node+edge,93,1.219322099997953,1.0063448000064454,spread_mean,email-Eu-core,0
0.9660204221622192,0.9984165460512896,0.7777777777777778,0.9183673469387756,2.169048051721681,3,node+edge,93,1.2593359000020428,1.0063448000064454,spread_mean,email-Eu-core,1
0.9663364909718284,0.9983886736965344,0.7777777777777778,0.9387755102040816,2.033243664167044,3,node+edge,93,1.2647054999979446,1.0063448000064454,spread_mean,email-Eu-core,2
0.9676556442815712,0.998557025120343,0.8888888888888888,0.9387755102040816,1.9762650060548763,3,node+edge,93,1.2812007999964408,1.0063448000064454,spread_mean,email-Eu-core,3
0.9670130076311642,0.9984807814121353,0.8888888888888888,0.979591836734694,1.919064736763612,3,node+edge,93,1.259566699998686,1.0063448000064454,spread_mean,email-Eu-core,4
0.9645984349585898,0.998254388158938,0.8888888888888888,0.9387755102040816,2.1049113112872004,3,node+edge,93,1.2701948000030825,1.0063448000064454,spread_mean,email-Eu-core,5
0.9665917076178842,0.9984426438897436,0.7777777777777778,0.9183673469387756,1.9829288515268264,3,node+edge,93,1.2903020000012475,1.0063448000064454,spread_mean,email-Eu-core,6
0.9668452083273296,0.9985059153580128,0.8888888888888888,0.9591836734693876,1.9676297612984188,3,node+edge,93,1.2696541999976034,1.0063448000064454,spread_mean,email-Eu-core,7
0.965940179357387,0.9984022312004492,0.7777777777777778,0.9591836734693876,1.9973800236969048,3,node+edge,93,1.289445499998692,1.0063448000064454,spread_mean,email-Eu-core,8
0.965843462507375,0.9984274402671054,0.8888888888888888,0.9387755102040816,2.015311903971683,3,node+edge,93,1.2801994000037666,1.0063448000064454,spread_mean,email-Eu-core,9
0.9689807702686372,0.9986793774283704,0.8888888888888888,0.9591836734693876,1.781451084653211,3,node+edge+subgraph,168,2.0760550999984844,16.949282200005655,spread_mean,email-Eu-core,0
0.9691918801946968,0.9986922620589048,0.8888888888888888,0.979591836734694,1.9836001763597368,3,node+edge+subgraph,168,1.986921200004872,16.949282200005655,spread_mean,email-Eu-core,1
0.9678768534101014,0.9985406478203734,0.7777777777777778,0.9591836734693876,1.8448340861750456,3,node+edge+subgraph,168,2.205606900002749,16.949282200005655,spread_mean,email-Eu-core,2
0.9687141231814996,0.998656302778518,0.8888888888888888,0.9387755102040816,1.9023213380611224,3,node+edge+subgraph,168,2.100464999995893,16.949282200005655,spread_mean,email-Eu-core,3
0.9692483525864248,0.9986961709280766,0.8888888888888888,0.979591836734694,1.8446574955195785,3,node+edge+subgraph,168,1.9346167999974568,16.949282200005655,spread_mean,email-Eu-core,4
0.9682104613178558,0.998630824558518,0.8888888888888888,1.0,1.9114595993181784,3,node+edge+subgraph,168,1.980261299999256,16.949282200005655,spread_mean,email-Eu-core,5
0.9694758118696748,0.9987187604759972,0.7777777777777778,0.9591836734693876,1.8179254904662077,3,node+edge+subgraph,168,1.865787000002456,16.949282200005655,spread_mean,email-Eu-core,6
0.9697653011608022,0.9987660552476892,0.8888888888888888,0.9591836734693876,1.833440897455041,3,node+edge+subgraph,168,1.9186962000021597,16.949282200005655,spread_mean,email-Eu-core,7
0.9685637297377232,0.9986633788262784,0.8888888888888888,0.979591836734694,1.8699663313295896,3,node+edge+subgraph,168,1.9975917000047048,16.949282200005655,spread_mean,email-Eu-core,8
0.9690971525110456,0.9986975886642327,0.8888888888888888,0.9591836734693876,1.8516436712355149,3,node+edge+subgraph,168,1.9563984999986133,16.949282200005655,spread_mean,email-Eu-core,9
0.9691825816285592,0.9986987184513022,0.8888888888888888,0.9591836734693876,1.8086710386632017,3,node+edge+subgraph+dynamic,170,1.9714039999962552,16.949282200005655,spread_mean,email-Eu-core,0
0.969642803834502,0.9987169421975346,0.8888888888888888,0.979591836734694,1.974273203092814,3,node+edge+subgraph+dynamic,170,2.0002792999948724,16.949282200005655,spread_mean,email-Eu-core,1
0.9684905272157236,0.9985827286290462,0.7777777777777778,0.979591836734694,1.8344330509133588,3,node+edge+subgraph+dynamic,170,1.987774199995329,16.949282200005655,spread_mean,email-Eu-core,2
0.9687100045865584,0.9986547191931502,0.8888888888888888,0.9591836734693876,1.8896247199710972,3,node+edge+subgraph+dynamic,170,2.006924000001163,16.949282200005655,spread_mean,email-Eu-core,3
0.9686552718615282,0.9986432804278113,0.8888888888888888,0.9591836734693876,1.8690219015304983,3,node+edge+subgraph+dynamic,170,2.056934300002468,16.949282200005655,spread_mean,email-Eu-core,4
0.9682804777923226,0.9986353249454638,0.8888888888888888,0.979591836734694,1.9200194427209052,3,node+edge+subgraph+dynamic,170,2.0209211999972467,16.949282200005655,spread_mean,email-Eu-core,5
0.9698382512100174,0.9987548449420144,0.7777777777777778,0.9387755102040816,1.8076254638743592,3,node+edge+subgraph+dynamic,170,2.0250967999963905,16.949282200005655,spread_mean,email-Eu-core,6
0.9696746917922036,0.99875899483539,0.8888888888888888,0.9591836734693876,1.8407156278016243,3,node+edge+subgraph+dynamic,170,2.269769799997448,16.949282200005655,spread_mean,email-Eu-core,7
0.968020074085911,0.9986054872009656,0.8888888888888888,0.979591836734694,1.8856763163521064,3,node+edge+subgraph+dynamic,170,2.182430100001511,16.949282200005655,spread_mean,email-Eu-core,8
0.9683516868266604,0.9986347146918244,0.8888888888888888,0.979591836734694,1.867560492040604,3,node+edge+subgraph+dynamic,170,2.036067799999728,16.949282200005655,spread_mean,email-Eu-core,9
0.8574939772487694,0.970025744359994,0.0,0.4489795918367347,0.4834493055510352,0,node,2,0.5868913000012981,2.560000029916409e-05,spread_cv,email-Eu-core,0
0.8578048587709325,0.9701337216193782,0.1111111111111111,0.4489795918367347,0.4880177631855092,0,node,2,0.5799476999964099,2.560000029916409e-05,spread_cv,email-Eu-core,1
0.8581648694195696,0.9701145704152132,0.0,0.4285714285714285,0.4854095080454449,0,node,2,0.5623091000015847,2.560000029916409e-05,spread_cv,email-Eu-core,2
0.8577435706931064,0.9701297629967234,0.0,0.3877551020408163,0.484279948774751,0,node,2,0.5557307999988552,2.560000029916409e-05,spread_cv,email-Eu-core,3
0.859189486145411,0.9705570671438654,0.1111111111111111,0.4285714285714285,0.4807141108512289,0,node,2,0.5938881999973091,2.560000029916409e-05,spread_cv,email-Eu-core,4
0.8582365503474002,0.9702915570925368,0.1111111111111111,0.4081632653061224,0.484131898860771,0,node,2,0.6162489999987883,2.560000029916409e-05,spread_cv,email-Eu-core,5
0.8588177420321473,0.9701397732721934,0.1111111111111111,0.3877551020408163,0.4836406214703327,0,node,2,0.5707504999954836,2.560000029916409e-05,spread_cv,email-Eu-core,6
0.8567945889859644,0.9699232822542548,0.0,0.3265306122448979,0.4874463992475866,0,node,2,0.552917900000466,2.560000029916409e-05,spread_cv,email-Eu-core,7
0.8567214937496996,0.9697445401135169,0.0,0.3265306122448979,0.4869528737053105,0,node,2,0.6082951999997022,2.560000029916409e-05,spread_cv,email-Eu-core,8
0.8591046872236971,0.9705865802039768,0.0,0.4081632653061224,0.4834342537302284,0,node,2,0.5737735000002431,2.560000029916409e-05,spread_cv,email-Eu-core,9
0.8574939772487694,0.970025744359994,0.0,0.4489795918367347,0.4834493055510352,0,node+edge,2,0.5948648999983561,2.560000029916409e-05,spread_cv,email-Eu-core,0
0.8578048587709325,0.9701337216193782,0.1111111111111111,0.4489795918367347,0.4880177631855092,0,node+edge,2,0.5680912999960128,2.560000029916409e-05,spread_cv,email-Eu-core,1
0.8581648694195696,0.9701145704152132,0.0,0.4285714285714285,0.4854095080454449,0,node+edge,2,0.6037383000002592,2.560000029916409e-05,spread_cv,email-Eu-core,2
0.8577435706931064,0.9701297629967234,0.0,0.3877551020408163,0.484279948774751,0,node+edge,2,0.5944337999972049,2.560000029916409e-05,spread_cv,email-Eu-core,3
0.859189486145411,0.9705570671438654,0.1111111111111111,0.4285714285714285,0.4807141108512289,0,node+edge,2,0.6176829999967595,2.560000029916409e-05,spread_cv,email-Eu-core,4
0.8582365503474002,0.9702915570925368,0.1111111111111111,0.4081632653061224,0.484131898860771,0,node+edge,2,0.5775125000000116,2.560000029916409e-05,spread_cv,email-Eu-core,5
0.8588177420321473,0.9701397732721934,0.1111111111111111,0.3877551020408163,0.4836406214703327,0,node+edge,2,0.6342637999987346,2.560000029916409e-05,spread_cv,email-Eu-core,6
0.8567945889859644,0.9699232822542548,0.0,0.3265306122448979,0.4874463992475866,0,node+edge,2,0.5961203999977442,2.560000029916409e-05,spread_cv,email-Eu-core,7
0.8567214937496996,0.9697445401135169,0.0,0.3265306122448979,0.4869528737053105,0,node+edge,2,0.5801548000017647,2.560000029916409e-05,spread_cv,email-Eu-core,8
0.8591046872236971,0.9705865802039768,0.0,0.4081632653061224,0.4834342537302284,0,node+edge,2,0.5918081000054372,2.560000029916409e-05,spread_cv,email-Eu-core,9
0.8574939772487694,0.970025744359994,0.0,0.4489795918367347,0.4834493055510352,0,node+edge+subgraph,2,0.6126272999972571,2.560000029916409e-05,spread_cv,email-Eu-core,0
0.8578048587709325,0.9701337216193782,0.1111111111111111,0.4489795918367347,0.4880177631855092,0,node+edge+subgraph,2,0.5975651999979164,2.560000029916409e-05,spread_cv,email-Eu-core,1
0.8581648694195696,0.9701145704152132,0.0,0.4285714285714285,0.4854095080454449,0,node+edge+subgraph,2,0.5621586999986903,2.560000029916409e-05,spread_cv,email-Eu-core,2
0.8577435706931064,0.9701297629967234,0.0,0.3877551020408163,0.484279948774751,0,node+edge+subgraph,2,0.621007700006885,2.560000029916409e-05,spread_cv,email-Eu-core,3
0.859189486145411,0.9705570671438654,0.1111111111111111,0.4285714285714285,0.4807141108512289,0,node+edge+subgraph,2,0.6004982000013115,2.560000029916409e-05,spread_cv,email-Eu-core,4
0.8582365503474002,0.9702915570925368,0.1111111111111111,0.4081632653061224,0.484131898860771,0,node+edge+subgraph,2,0.5762703000000329,2.560000029916409e-05,spread_cv,email-Eu-core,5
0.8588177420321473,0.9701397732721934,0.1111111111111111,0.3877551020408163,0.4836406214703327,0,node+edge+subgraph,2,0.5733460999981617,2.560000029916409e-05,spread_cv,email-Eu-core,6
0.8567945889859644,0.9699232822542548,0.0,0.3265306122448979,0.4874463992475866,0,node+edge+subgraph,2,0.6123903999978211,2.560000029916409e-05,spread_cv,email-Eu-core,7
0.8567214937496996,0.9697445401135169,0.0,0.3265306122448979,0.4869528737053105,0,node+edge+subgraph,2,0.5970977999968454,2.560000029916409e-05,spread_cv,email-Eu-core,8
0.8591046872236971,0.9705865802039768,0.0,0.4081632653061224,0.4834342537302284,0,node+edge+subgraph,2,0.6201709000015398,2.560000029916409e-05,spread_cv,email-Eu-core,9
0.8574939772487694,0.970025744359994,0.0,0.4489795918367347,0.4834493055510352,0,node+edge+subgraph+dynamic,2,0.6128023999990546,2.560000029916409e-05,spread_cv,email-Eu-core,0
0.8578048587709325,0.9701337216193782,0.1111111111111111,0.4489795918367347,0.4880177631855092,0,node+edge+subgraph+dynamic,2,0.5931473000018741,2.560000029916409e-05,spread_cv,email-Eu-core,1
0.8581648694195696,0.9701145704152132,0.0,0.4285714285714285,0.4854095080454449,0,node+edge+subgraph+dynamic,2,0.5891057999979239,2.560000029916409e-05,spread_cv,email-Eu-core,2
0.8577435706931064,0.9701297629967234,0.0,0.3877551020408163,0.484279948774751,0,node+edge+subgraph+dynamic,2,0.597168899999815,2.560000029916409e-05,spread_cv,email-Eu-core,3
0.859189486145411,0.9705570671438654,0.1111111111111111,0.4285714285714285,0.4807141108512289,0,node+edge+subgraph+dynamic,2,0.5946289999992587,2.560000029916409e-05,spread_cv,email-Eu-core,4
0.8582365503474002,0.9702915570925368,0.1111111111111111,0.4081632653061224,0.484131898860771,0,node+edge+subgraph+dynamic,2,0.5861201000006986,2.560000029916409e-05,spread_cv,email-Eu-core,5
0.8588177420321473,0.9701397732721934,0.1111111111111111,0.3877551020408163,0.4836406214703327,0,node+edge+subgraph+dynamic,2,0.5698383999988437,2.560000029916409e-05,spread_cv,email-Eu-core,6
0.8567945889859644,0.9699232822542548,0.0,0.3265306122448979,0.4874463992475866,0,node+edge+subgraph+dynamic,2,0.5903776999984984,2.560000029916409e-05,spread_cv,email-Eu-core,7
0.8567214937496996,0.9697445401135169,0.0,0.3265306122448979,0.4869528737053105,0,node+edge+subgraph+dynamic,2,0.5864652000018395,2.560000029916409e-05,spread_cv,email-Eu-core,8
0.8591046872236971,0.9705865802039768,0.0,0.4081632653061224,0.4834342537302284,0,node+edge+subgraph+dynamic,2,0.5956096000008984,2.560000029916409e-05,spread_cv,email-Eu-core,9
0.9473132530207148,0.9952089123337168,0.3333333333333333,0.7142857142857143,0.2338225885994483,1,node,17,0.8263665000049514,0.1823748999986492,spread_cv,email-Eu-core,0
0.947823750284646,0.9951342866067112,0.1111111111111111,0.7142857142857143,0.2328632334183504,1,node,17,0.8309537999957683,0.1823748999986492,spread_cv,email-Eu-core,1
0.9471331166840288,0.9948784531207026,0.1111111111111111,0.7346938775510204,0.2410046297012919,1,node,17,0.8207474000009825,0.1823748999986492,spread_cv,email-Eu-core,2
0.9471638977236138,0.995005424703395,0.3333333333333333,0.6530612244897959,0.2432491364609382,1,node,17,0.7737211999992724,0.1823748999986492,spread_cv,email-Eu-core,3
0.9485744295095117,0.9952353637543576,0.4444444444444444,0.6938775510204082,0.2328792701049933,1,node,17,0.7589968999964185,0.1823748999986492,spread_cv,email-Eu-core,4
0.947021477122646,0.995055207388956,0.1111111111111111,0.7142857142857143,0.2374076398645188,1,node,17,0.7518940000009025,0.1823748999986492,spread_cv,email-Eu-core,5
0.945858062739334,0.9945235264389094,0.1111111111111111,0.7142857142857143,0.260660157492796,1,node,17,0.7803304000044591,0.1823748999986492,spread_cv,email-Eu-core,6
0.9465963887718212,0.9950213011961236,0.2222222222222222,0.7346938775510204,0.2385531948067429,1,node,17,0.7551849000010407,0.1823748999986492,spread_cv,email-Eu-core,7
0.9468278993733196,0.994769708191611,0.3333333333333333,0.7551020408163265,0.2480038045485239,1,node,17,0.7593588000017917,0.1823748999986492,spread_cv,email-Eu-core,8
0.9470507438522252,0.9950854771846166,0.3333333333333333,0.7142857142857143,0.2391413596728719,1,node,17,0.7612759000039659,0.1823748999986492,spread_cv,email-Eu-core,9
0.9481493381244216,0.9952851748039396,0.3333333333333333,0.7142857142857143,0.2344404460240652,1,node+edge,38,0.8873915000003763,0.3572692999987339,spread_cv,email-Eu-core,0
0.9488824570823516,0.9952681653585684,0.1111111111111111,0.6938775510204082,0.2300966561739292,1,node+edge,38,0.861475400000927,0.3572692999987339,spread_cv,email-Eu-core,1
0.9480966651172728,0.9949574414068636,0.1111111111111111,0.6938775510204082,0.2425794463414787,1,node+edge,38,0.9076346000001648,0.3572692999987339,spread_cv,email-Eu-core,2
0.9466377951044196,0.9949601861269988,0.2222222222222222,0.6530612244897959,0.238776161442547,1,node+edge,38,0.8697295999954804,0.3572692999987339,spread_cv,email-Eu-core,3
0.9500220351123838,0.9953849656367464,0.2222222222222222,0.7142857142857143,0.2314117119409919,1,node+edge,38,0.8966369999980088,0.3572692999987339,spread_cv,email-Eu-core,4
0.9481285313314548,0.9950656728852136,0.1111111111111111,0.7346938775510204,0.2349061331502305,1,node+edge,38,0.8754620000036084,0.3572692999987339,spread_cv,email-Eu-core,5
0.9466254391669262,0.994532799609546,0.1111111111111111,0.6938775510204082,0.2614054826706806,1,node+edge,38,0.9217491000017616,0.3572692999987339,spread_cv,email-Eu-core,6
0.9483108353620696,0.9951340800520873,0.0,0.6938775510204082,0.2364354444898383,1,node+edge,38,0.8970848000026308,0.3572692999987339,spread_cv,email-Eu-core,7
0.948474711145076,0.9949550254068308,0.3333333333333333,0.7142857142857143,0.2450306575237627,1,node+edge,38,0.9072135000023992,0.3572692999987339,spread_cv,email-Eu-core,8
0.9480721669665922,0.99524647086407,0.1111111111111111,0.7142857142857143,0.2319214499754559,1,node+edge,38,0.8865363000004436,0.3572692999987339,spread_cv,email-Eu-core,9
0.9549075168735898,0.9965003326593354,0.3333333333333333,0.7142857142857143,0.193360782414427,2,node,35,0.8924709999992047,0.4526431999884153,spread_cv,email-Eu-core,0
0.9547497475383266,0.9966532236643068,0.1111111111111111,0.7346938775510204,0.1813953109878827,2,node,35,0.8896538999979384,0.4526431999884153,spread_cv,email-Eu-core,1
0.954800247167582,0.9963315274200634,0.1111111111111111,0.6938775510204082,0.1949336231281488,2,node,35,0.9058076000001164,0.4526431999884153,spread_cv,email-Eu-core,2
0.9553440883868952,0.9965389896682764,0.2222222222222222,0.673469387755102,0.1854889601250162,2,node,35,0.8869718999994802,0.4526431999884153,spread_cv,email-Eu-core,3
0.9549567545810992,0.9963325820889756,0.2222222222222222,0.7142857142857143,0.2006896805826964,2,node,35,0.8837143000055221,0.4526431999884153,spread_cv,email-Eu-core,4
0.9547631796222752,0.9963783026518364,0.2222222222222222,0.7346938775510204,0.1872283818379279,2,node,35,0.8707204000020283,0.4526431999884153,spread_cv,email-Eu-core,5
0.9547228832904824,0.9961711721382516,0.2222222222222222,0.673469387755102,0.2050168691789679,2,node,35,0.908282299998973,0.4526431999884153,spread_cv,email-Eu-core,6
0.9544986990609364,0.996335611602565,0.3333333333333333,0.7142857142857143,0.1981264169504655,2,node,35,0.8574311999982456,0.4526431999884153,spread_cv,email-Eu-core,7
0.9548817291792636,0.996145809807102,0.3333333333333333,0.7142857142857143,0.204581305333386,2,node,35,0.8686452000038116,0.4526431999884153,spread_cv,email-Eu-core,8
0.954632647085102,0.9965015626091211,0.3333333333333333,0.6938775510204082,0.1909859990926496,2,node,35,0.8813521000047331,0.4526431999884153,spread_cv,email-Eu-core,9
0.9563067659635774,0.9966320362520378,0.3333333333333333,0.7551020408163265,0.1915979592899644,2,node+edge,80,1.1975861999962945,0.6275375999885,spread_cv,email-Eu-core,0
0.9554069429340836,0.9966640146827784,0.2222222222222222,0.7346938775510204,0.1832952294694668,2,node+edge,80,1.2073860000018612,0.6275375999885,spread_cv,email-Eu-core,1
0.9550092206226442,0.9963173784173134,0.2222222222222222,0.673469387755102,0.1956231286732269,2,node+edge,80,1.1706470999997691,0.6275375999885,spread_cv,email-Eu-core,2
0.956058755823044,0.996627382545646,0.2222222222222222,0.6530612244897959,0.186025727590519,2,node+edge,80,1.200159400003031,0.6275375999885,spread_cv,email-Eu-core,3
0.9562612812199862,0.9964631965770476,0.2222222222222222,0.7142857142857143,0.1963201279670544,2,node+edge,80,1.1773671000046306,0.6275375999885,spread_cv,email-Eu-core,4
0.954451241339127,0.9963254653665328,0.1111111111111111,0.7142857142857143,0.1882953281279543,2,node+edge,80,1.1864013000013074,0.6275375999885,spread_cv,email-Eu-core,5
0.9552788981876128,0.9961848548169532,0.2222222222222222,0.673469387755102,0.2057037534984421,2,node+edge,80,1.2137514000060037,0.6275375999885,spread_cv,email-Eu-core,6
0.9551247267812132,0.9964020095222746,0.1111111111111111,0.7142857142857143,0.1964905419806696,2,node+edge,80,1.1755727999989176,0.6275375999885,spread_cv,email-Eu-core,7
0.9561832078608912,0.9962771785423232,0.3333333333333333,0.6938775510204082,0.2025972110017454,2,node+edge,80,1.1654379999963569,0.6275375999885,spread_cv,email-Eu-core,8
0.9555140264025596,0.9965156083228176,0.2222222222222222,0.673469387755102,0.1905978676487038,2,node+edge,80,1.1732766999994055,0.6275375999885,spread_cv,email-Eu-core,9
0.9586224933358664,0.9969077710239708,0.3333333333333333,0.7142857142857143,0.1887078193261256,2,node+edge+subgraph,144,1.9311304000002565,16.57047499998771,spread_cv,email-Eu-core,0
0.958412444777578,0.9970093395609008,0.1111111111111111,0.7551020408163265,0.1815229118825105,2,node+edge+subgraph,144,1.861925299999712,16.57047499998771,spread_cv,email-Eu-core,1
0.9580292422254136,0.9966747961556314,0.2222222222222222,0.6530612244897959,0.1955362518244854,2,node+edge+subgraph,144,1.6924531999975445,16.57047499998771,spread_cv,email-Eu-core,2
0.9585299102434452,0.9969385289029024,0.2222222222222222,0.673469387755102,0.1828357195111374,2,node+edge+subgraph,144,1.6842789000002083,16.57047499998771,spread_cv,email-Eu-core,3
0.9574320428843608,0.9966198181913152,0.1111111111111111,0.7142857142857143,0.1942339978925172,2,node+edge+subgraph,144,1.7062933999986851,16.57047499998771,spread_cv,email-Eu-core,4
0.9584792437816368,0.996794945230495,0.2222222222222222,0.7551020408163265,0.1811199800567945,2,node+edge+subgraph,144,1.70890060000238,16.57047499998771,spread_cv,email-Eu-core,5
0.9576800588174426,0.9964377527813874,0.2222222222222222,0.673469387755102,0.206566677732907,2,node+edge+subgraph,144,1.7666563999955542,16.57047499998771,spread_cv,email-Eu-core,6
0.958510218794814,0.9967017014901948,0.0,0.7142857142857143,0.1959960633911416,2,node+edge+subgraph,144,1.758106699999189,16.57047499998771,spread_cv,email-Eu-core,7
0.9578718352642688,0.996478250071304,0.3333333333333333,0.6938775510204082,0.2009647349151063,2,node+edge+subgraph,144,1.746373300004052,16.57047499998771,spread_cv,email-Eu-core,8
0.9573303267717128,0.99668229163643,0.1111111111111111,0.6938775510204082,0.1974731503177102,2,node+edge+subgraph,144,1.7311351000025752,16.57047499998771,spread_cv,email-Eu-core,9
0.9588160674974264,0.9969315811376382,0.3333333333333333,0.7142857142857143,0.186532144105332,2,node+edge+subgraph+dynamic,145,1.7981128000028548,16.57047499998771,spread_cv,email-Eu-core,0
0.9584844347845052,0.9969874165770116,0.1111111111111111,0.7551020408163265,0.1832375519313623,2,node+edge+subgraph+dynamic,145,1.8095228000020145,16.57047499998771,spread_cv,email-Eu-core,1
0.9578480231150251,0.9967154811558352,0.2222222222222222,0.6938775510204082,0.1920423479670768,2,node+edge+subgraph+dynamic,145,1.7355156000048737,16.57047499998771,spread_cv,email-Eu-core,2
0.9577668978355002,0.996845576187771,0.2222222222222222,0.673469387755102,0.1878520356504481,2,node+edge+subgraph+dynamic,145,1.8430948000022909,16.57047499998771,spread_cv,email-Eu-core,3
0.9571560956026328,0.9965663268047256,0.1111111111111111,0.6938775510204082,0.1963675284779735,2,node+edge+subgraph+dynamic,145,1.855402100001811,16.57047499998771,spread_cv,email-Eu-core,4
0.9579273497864464,0.9967190833534288,0.1111111111111111,0.7551020408163265,0.1825006853074146,2,node+edge+subgraph+dynamic,145,1.748294299999543,16.57047499998771,spread_cv,email-Eu-core,5
0.95759768624009,0.9964155199933052,0.2222222222222222,0.6530612244897959,0.2076269440267826,2,node+edge+subgraph+dynamic,145,1.7254175000052785,16.57047499998771,spread_cv,email-Eu-core,6
0.9569182898698668,0.9965629499604548,0.1111111111111111,0.7142857142857143,0.1997076205312775,2,node+edge+subgraph+dynamic,145,1.9671183000027668,16.57047499998771,spread_cv,email-Eu-core,7
0.9575598947468782,0.9964507438928308,0.3333333333333333,0.7142857142857143,0.1997368543163037,2,node+edge+subgraph+dynamic,145,1.884708600002341,16.57047499998771,spread_cv,email-Eu-core,8
0.9575815610631376,0.996754185160281,0.1111111111111111,0.6938775510204082,0.1921962950983429,2,node+edge+subgraph+dynamic,145,1.7509313999980805,16.57047499998771,spread_cv,email-Eu-core,9
0.9589838581884444,0.997114935903772,0.3333333333333333,0.7551020408163265,0.1805249646042964,3,node,45,0.9461453999974764,0.8314504000063607,spread_cv,email-Eu-core,0
0.9583023151778808,0.997132004843956,0.2222222222222222,0.7346938775510204,0.1711127886031847,3,node,45,0.9301722000018344,0.8314504000063607,spread_cv,email-Eu-core,1
0.9592741358791872,0.996971430501597,0.2222222222222222,0.7142857142857143,0.173585252169944,3,node,45,0.8994716000015615,0.8314504000063607,spread_cv,email-Eu-core,2
0.9592454734194592,0.9971643337705356,0.1111111111111111,0.7346938775510204,0.1790120706486912,3,node,45,0.9304462000000058,0.8314504000063607,spread_cv,email-Eu-core,3
0.9586882208086448,0.9967769874772106,0.2222222222222222,0.7755102040816326,0.1852924510259896,3,node,45,0.9164521999991848,0.8314504000063607,spread_cv,email-Eu-core,4
0.9580344336959608,0.996868666450634,0.3333333333333333,0.7346938775510204,0.1824965028097976,3,node,45,0.959741300001042,0.8314504000063607,spread_cv,email-Eu-core,5
0.9581166334774116,0.9965620986620292,0.2222222222222222,0.7142857142857143,0.1937378475283266,3,node,45,0.9380964000010864,0.8314504000063607,spread_cv,email-Eu-core,6
0.9580706010454616,0.9968619158996994,0.3333333333333333,0.6938775510204082,0.1888822653497276,3,node,45,0.9456299000012224,0.8314504000063607,spread_cv,email-Eu-core,7
0.9591290810352676,0.9967374917715766,0.3333333333333333,0.7551020408163265,0.1890227619497408,3,node,45,0.9191971000036574,0.8314504000063607,spread_cv,email-Eu-core,8
0.9577762081452228,0.9969889657837464,0.4444444444444444,0.6938775510204082,0.1784288355651467,3,node,45,0.9349771999986842,0.8314504000063607,spread_cv,email-Eu-core,9
0.9590395436723896,0.9971190607548628,0.3333333333333333,0.7346938775510204,0.1786828950021194,3,node+edge,93,1.2714522999958715,1.0063448000064454,spread_cv,email-Eu-core,0
0.9579615447267528,0.9971047302552304,0.3333333333333333,0.7142857142857143,0.174371815821347,3,node+edge,93,1.2471739999964484,1.0063448000064454,spread_cv,email-Eu-core,1
0.959076442507776,0.9969070104983986,0.2222222222222222,0.7142857142857143,0.1745058163312135,3,node+edge,93,1.2696290999956543,1.0063448000064454,spread_cv,email-Eu-core,2
0.9594318816068916,0.997175503376564,0.2222222222222222,0.673469387755102,0.1778762469571141,3,node+edge,93,1.308233099996869,1.0063448000064454,spread_cv,email-Eu-core,3
0.9581239703967532,0.9967072846827968,0.3333333333333333,0.7346938775510204,0.1884941636329853,3,node+edge,93,1.2960163000025204,1.0063448000064454,spread_cv,email-Eu-core,4
0.9586151579744822,0.9969566962723384,0.2222222222222222,0.7346938775510204,0.1817476045648133,3,node+edge,93,1.2641194999960137,1.0063448000064454,spread_cv,email-Eu-core,5
0.9586561738590716,0.996624578304663,0.2222222222222222,0.7346938775510204,0.1944688254215162,3,node+edge,93,1.3003252999988035,1.0063448000064454,spread_cv,email-Eu-core,6
0.9594544503706556,0.9969515105282578,0.3333333333333333,0.6938775510204082,0.1917293255171834,3,node+edge,93,1.3570608999943945,1.0063448000064454,spread_cv,email-Eu-core,7
0.9587625257080588,0.9966826233548935,0.3333333333333333,0.7142857142857143,0.1905990565363667,3,node+edge,93,1.3277395999975852,1.0063448000064454,spread_cv,email-Eu-core,8
0.9582240618739944,0.9969250746769256,0.2222222222222222,0.6938775510204082,0.182835607331425,3,node+edge,93,1.2877305000001795,1.0063448000064454,spread_cv,email-Eu-core,9
0.9620244562603016,0.9973283662915844,0.2222222222222222,0.7551020408163265,0.1701956243157041,3,node+edge+subgraph,168,1.9970374000040465,16.949282200005655,spread_cv,email-Eu-core,0
0.9619401033435993,0.9973981504711924,0.1111111111111111,0.7346938775510204,0.1668853079846168,3,node+edge+subgraph,168,2.157087499996124,16.949282200005655,spread_cv,email-Eu-core,1
0.9613406096061496,0.997131369487152,0.3333333333333333,0.7142857142857143,0.1765932266727745,3,node+edge+subgraph,168,1.9495992000011029,16.949282200005655,spread_cv,email-Eu-core,2
0.9614541096409202,0.9972125079483626,0.2222222222222222,0.7142857142857143,0.1809359180658435,3,node+edge+subgraph,168,1.8943232000019636,16.949282200005655,spread_cv,email-Eu-core,3
0.9612088138895032,0.9969739779895844,0.1111111111111111,0.7346938775510204,0.1795248271067356,3,node+edge+subgraph,168,1.8879031999967992,16.949282200005655,spread_cv,email-Eu-core,4
0.9601390443791128,0.997087514195662,0.3333333333333333,0.7346938775510204,0.176683913178509,3,node+edge+subgraph,168,1.928828700001759,16.949282200005655,spread_cv,email-Eu-core,5
0.9607278441794908,0.9967541068284728,0.1111111111111111,0.7346938775510204,0.1978398689573276,3,node+edge+subgraph,168,1.8690633000005616,16.949282200005655,spread_cv,email-Eu-core,6
0.9616908497265494,0.997126593730021,0.2222222222222222,0.7142857142857143,0.1889880607517677,3,node+edge+subgraph,168,1.882130400001188,16.949282200005655,spread_cv,email-Eu-core,7
0.9613242943993404,0.9968236187865844,0.3333333333333333,0.7346938775510204,0.1879851834541924,3,node+edge+subgraph,168,1.8849757999996652,16.949282200005655,spread_cv,email-Eu-core,8
0.9606705072691804,0.9971475652914832,0.2222222222222222,0.6530612244897959,0.1750481696055054,3,node+edge+subgraph,168,1.8722428000037328,16.949282200005655,spread_cv,email-Eu-core,9
0.9621603700333116,0.99736204095287,0.3333333333333333,0.7346938775510204,0.1706218369664261,3,node+edge+subgraph+dynamic,170,1.9134301000012783,16.949282200005655,spread_cv,email-Eu-core,0
0.9617959526690758,0.9973851312713716,0.1111111111111111,0.7142857142857143,0.1663396548983061,3,node+edge+subgraph+dynamic,170,1.867978800000856,16.949282200005655,spread_cv,email-Eu-core,1
0.961225288354084,0.997057648266782,0.3333333333333333,0.7346938775510204,0.1768462645809717,3,node+edge+subgraph+dynamic,170,1.9017411000022548,16.949282200005655,spread_cv,email-Eu-core,2
0.9621254399251292,0.9972800200105104,0.1111111111111111,0.7142857142857143,0.1793754279883348,3,node+edge+subgraph+dynamic,170,2.015369399996416,16.949282200005655,spread_cv,email-Eu-core,3
0.9605045305286752,0.9969245676214896,0.1111111111111111,0.7755102040816326,0.1837817889779172,3,node+edge+subgraph+dynamic,170,1.948175400000764,16.949282200005655,spread_cv,email-Eu-core,4
0.961012190102847,0.997150319317319,0.2222222222222222,0.7346938775510204,0.17571745395128,3,node+edge+subgraph+dynamic,170,1.8474403000000168,16.949282200005655,spread_cv,email-Eu-core,5
0.9610130993589824,0.9968015549381606,0.1111111111111111,0.7142857142857143,0.1953304368837676,3,node+edge+subgraph+dynamic,170,2.002527300006477,16.949282200005655,spread_cv,email-Eu-core,6
0.9607806393072998,0.997083304890346,0.2222222222222222,0.7142857142857143,0.1923598371049386,3,node+edge+subgraph+dynamic,170,2.102380000003905,16.949282200005655,spread_cv,email-Eu-core,7
0.9611101272418696,0.9968393795295925,0.4444444444444444,0.7346938775510204,0.1873681880622603,3,node+edge+subgraph+dynamic,170,1.8893991000004464,16.949282200005655,spread_cv,email-Eu-core,8
0.9606540328894148,0.9971180092041048,0.1111111111111111,0.6938775510204082,0.1759736832085355,3,node+edge+subgraph+dynamic,170,1.8394954999967013,16.949282200005655,spread_cv,email-Eu-core,9
0.7548542374474083,0.9050380285912164,0.2222222222222222,0.673469387755102,1494.4620059167412,0,node,2,0.5855836000046111,2.560000029916409e-05,betweenness,email-Eu-core,0
0.7501650751236355,0.9011585945371624,0.1111111111111111,0.7346938775510204,1522.777834270721,0,node,2,0.6125728000042727,2.560000029916409e-05,betweenness,email-Eu-core,1
0.7539439959212374,0.9052109602157088,0.1111111111111111,0.673469387755102,1499.569541385728,0,node,2,0.619916400006332,2.560000029916409e-05,betweenness,email-Eu-core,2
0.741923927977205,0.8923754545514014,0.4444444444444444,0.6938775510204082,1470.383360938434,0,node,2,0.6063903000031132,2.560000029916409e-05,betweenness,email-Eu-core,3
0.7491771496949625,0.900429726367681,0.3333333333333333,0.7142857142857143,1465.3887724514984,0,node,2,0.6165356000055908,2.560000029916409e-05,betweenness,email-Eu-core,4
0.7505079246664944,0.903057861336052,0.1111111111111111,0.7142857142857143,1589.9349288517865,0,node,2,0.584851500003424,2.560000029916409e-05,betweenness,email-Eu-core,5
0.753028908880914,0.9046117323433224,0.1111111111111111,0.7346938775510204,1504.34690532341,0,node,2,0.5935177999999723,2.560000029916409e-05,betweenness,email-Eu-core,6
0.7552389938928595,0.9055452707370496,0.1111111111111111,0.7142857142857143,1500.6244489883811,0,node,2,0.5881953000061912,2.560000029916409e-05,betweenness,email-Eu-core,7
0.7517988570039535,0.9043916803111915,0.1111111111111111,0.7346938775510204,1490.1878669606651,0,node,2,0.640260499996657,2.560000029916409e-05,betweenness,email-Eu-core,8
0.7551288444329168,0.9048449300547732,0.2222222222222222,0.6938775510204082,1470.8014994556984,0,node,2,0.614764699996158,2.560000029916409e-05,betweenness,email-Eu-core,9
0.7548542374474083,0.9050380285912164,0.2222222222222222,0.673469387755102,1494.4620059167412,0,node+edge,2,0.5919057999999495,2.560000029916409e-05,betweenness,email-Eu-core,0
0.7501650751236355,0.9011585945371624,0.1111111111111111,0.7346938775510204,1522.777834270721,0,node+edge,2,0.5811679999969783,2.560000029916409e-05,betweenness,email-Eu-core,1
0.7539439959212374,0.9052109602157088,0.1111111111111111,0.673469387755102,1499.569541385728,0,node+edge,2,0.6116528999991715,2.560000029916409e-05,betweenness,email-Eu-core,2
0.741923927977205,0.8923754545514014,0.4444444444444444,0.6938775510204082,1470.383360938434,0,node+edge,2,0.6381351000018185,2.560000029916409e-05,betweenness,email-Eu-core,3
0.7491771496949625,0.900429726367681,0.3333333333333333,0.7142857142857143,1465.3887724514984,0,node+edge,2,0.6044462999998359,2.560000029916409e-05,betweenness,email-Eu-core,4
0.7505079246664944,0.903057861336052,0.1111111111111111,0.7142857142857143,1589.9349288517865,0,node+edge,2,0.6031997000027332,2.560000029916409e-05,betweenness,email-Eu-core,5
0.753028908880914,0.9046117323433224,0.1111111111111111,0.7346938775510204,1504.34690532341,0,node+edge,2,0.6151947000034852,2.560000029916409e-05,betweenness,email-Eu-core,6
0.7552389938928595,0.9055452707370496,0.1111111111111111,0.7142857142857143,1500.6244489883811,0,node+edge,2,0.584178700002667,2.560000029916409e-05,betweenness,email-Eu-core,7
0.7517988570039535,0.9043916803111915,0.1111111111111111,0.7346938775510204,1490.1878669606651,0,node+edge,2,0.6167647000038414,2.560000029916409e-05,betweenness,email-Eu-core,8
0.7551288444329168,0.9048449300547732,0.2222222222222222,0.6938775510204082,1470.8014994556984,0,node+edge,2,0.582887299999129,2.560000029916409e-05,betweenness,email-Eu-core,9
0.7548542374474083,0.9050380285912164,0.2222222222222222,0.673469387755102,1494.4620059167412,0,node+edge+subgraph,2,0.6130342999967979,2.560000029916409e-05,betweenness,email-Eu-core,0
0.7501650751236355,0.9011585945371624,0.1111111111111111,0.7346938775510204,1522.777834270721,0,node+edge+subgraph,2,0.5966674000010244,2.560000029916409e-05,betweenness,email-Eu-core,1
0.7539439959212374,0.9052109602157088,0.1111111111111111,0.673469387755102,1499.569541385728,0,node+edge+subgraph,2,0.6189432999963174,2.560000029916409e-05,betweenness,email-Eu-core,2
0.741923927977205,0.8923754545514014,0.4444444444444444,0.6938775510204082,1470.383360938434,0,node+edge+subgraph,2,0.5846807999987504,2.560000029916409e-05,betweenness,email-Eu-core,3
0.7491771496949625,0.900429726367681,0.3333333333333333,0.7142857142857143,1465.3887724514984,0,node+edge+subgraph,2,0.5767122999968706,2.560000029916409e-05,betweenness,email-Eu-core,4
0.7505079246664944,0.903057861336052,0.1111111111111111,0.7142857142857143,1589.9349288517865,0,node+edge+subgraph,2,0.6159180000031483,2.560000029916409e-05,betweenness,email-Eu-core,5
0.753028908880914,0.9046117323433224,0.1111111111111111,0.7346938775510204,1504.34690532341,0,node+edge+subgraph,2,0.5768414000049233,2.560000029916409e-05,betweenness,email-Eu-core,6
0.7552389938928595,0.9055452707370496,0.1111111111111111,0.7142857142857143,1500.6244489883811,0,node+edge+subgraph,2,0.6106445999976131,2.560000029916409e-05,betweenness,email-Eu-core,7
0.7517988570039535,0.9043916803111915,0.1111111111111111,0.7346938775510204,1490.1878669606651,0,node+edge+subgraph,2,0.6147793000054662,2.560000029916409e-05,betweenness,email-Eu-core,8
0.7551288444329168,0.9048449300547732,0.2222222222222222,0.6938775510204082,1470.8014994556984,0,node+edge+subgraph,2,0.6314697000052547,2.560000029916409e-05,betweenness,email-Eu-core,9
0.7548542374474083,0.9050380285912164,0.2222222222222222,0.673469387755102,1494.4620059167412,0,node+edge+subgraph+dynamic,2,0.6496071000001393,2.560000029916409e-05,betweenness,email-Eu-core,0
0.7501650751236355,0.9011585945371624,0.1111111111111111,0.7346938775510204,1522.777834270721,0,node+edge+subgraph+dynamic,2,0.6180165999976452,2.560000029916409e-05,betweenness,email-Eu-core,1
0.7539439959212374,0.9052109602157088,0.1111111111111111,0.673469387755102,1499.569541385728,0,node+edge+subgraph+dynamic,2,0.6010519999981625,2.560000029916409e-05,betweenness,email-Eu-core,2
0.741923927977205,0.8923754545514014,0.4444444444444444,0.6938775510204082,1470.383360938434,0,node+edge+subgraph+dynamic,2,0.6009756000057678,2.560000029916409e-05,betweenness,email-Eu-core,3
0.7491771496949625,0.900429726367681,0.3333333333333333,0.7142857142857143,1465.3887724514984,0,node+edge+subgraph+dynamic,2,0.6293652000022121,2.560000029916409e-05,betweenness,email-Eu-core,4
0.7505079246664944,0.903057861336052,0.1111111111111111,0.7142857142857143,1589.9349288517865,0,node+edge+subgraph+dynamic,2,0.596264699997846,2.560000029916409e-05,betweenness,email-Eu-core,5
0.753028908880914,0.9046117323433224,0.1111111111111111,0.7346938775510204,1504.34690532341,0,node+edge+subgraph+dynamic,2,0.5949407000007341,2.560000029916409e-05,betweenness,email-Eu-core,6
0.7552389938928595,0.9055452707370496,0.1111111111111111,0.7142857142857143,1500.6244489883811,0,node+edge+subgraph+dynamic,2,0.6421136999997543,2.560000029916409e-05,betweenness,email-Eu-core,7
0.7517988570039535,0.9043916803111915,0.1111111111111111,0.7346938775510204,1490.1878669606651,0,node+edge+subgraph+dynamic,2,0.665260899993882,2.560000029916409e-05,betweenness,email-Eu-core,8
0.7551288444329168,0.9048449300547732,0.2222222222222222,0.6938775510204082,1470.8014994556984,0,node+edge+subgraph+dynamic,2,0.622780600002443,2.560000029916409e-05,betweenness,email-Eu-core,9
0.7536859018649019,0.8917222499417138,0.6666666666666666,0.7551020408163265,1205.8575595439695,1,node,17,0.8254856999992626,0.1823748999986492,betweenness,email-Eu-core,0
0.7599157017279801,0.8998831008758454,0.5555555555555556,0.7755102040816326,1196.6024970024066,1,node,17,0.7816355000031763,0.1823748999986492,betweenness,email-Eu-core,1
0.736570502974147,0.8785064826572769,0.6666666666666666,0.7142857142857143,1161.6137509681969,1,node,17,0.7590113999976893,0.1823748999986492,betweenness,email-Eu-core,2
0.7445238337443172,0.8865528075800684,0.7777777777777778,0.7755102040816326,1155.0501154092003,1,node,17,0.78532450000057,0.1823748999986492,betweenness,email-Eu-core,3
0.751298298951948,0.8937179428644436,0.7777777777777778,0.7551020408163265,1133.8489863113816,1,node,17,0.7347827999983565,0.1823748999986492,betweenness,email-Eu-core,4
0.75563672207657,0.8970978198410688,0.2222222222222222,0.7551020408163265,1332.1451293877208,1,node,17,0.7872989999959827,0.1823748999986492,betweenness,email-Eu-core,5
0.7443610168844849,0.887331045808099,0.6666666666666666,0.8163265306122449,1172.900785944234,1,node,17,0.7890123999968637,0.1823748999986492,betweenness,email-Eu-core,6
0.736164677552575,0.8774862775547624,0.6666666666666666,0.7959183673469388,1177.518472625309,1,node,17,0.7663510999991558,0.1823748999986492,betweenness,email-Eu-core,7
0.747728433612073,0.8909843943535234,0.6666666666666666,0.7959183673469388,1141.0811091453086,1,node,17,0.7406852999993134,0.1823748999986492,betweenness,email-Eu-core,8
0.737775670628638,0.8797533319553255,0.7777777777777778,0.7346938775510204,1166.7460920008668,1,node,17,0.7627487999998266,0.1823748999986492,betweenness,email-Eu-core,9
0.7703312415420692,0.9103084181706534,0.6666666666666666,0.7346938775510204,1253.3953342064297,1,node+edge,38,0.9423126999972736,0.3572692999987339,betweenness,email-Eu-core,0
0.772456617749509,0.9105641111477696,0.4444444444444444,0.7346938775510204,1259.2585634337202,1,node+edge,38,0.9329859999998008,0.3572692999987339,betweenness,email-Eu-core,1
0.7566564168785537,0.8981629598674813,0.5555555555555556,0.7142857142857143,1231.1430489885834,1,node+edge,38,0.901523399996222,0.3572692999987339,betweenness,email-Eu-core,2
0.7586447455042853,0.900911271952511,0.6666666666666666,0.7755102040816326,1219.8350542137966,1,node+edge,38,0.8877291999961017,0.3572692999987339,betweenness,email-Eu-core,3
0.7717549069169268,0.909437135931335,0.5555555555555556,0.6938775510204082,1208.4755609765157,1,node+edge,38,0.9355700000014622,0.3572692999987339,betweenness,email-Eu-core,4
0.7729487255931772,0.9099834330522308,0.4444444444444444,0.7551020408163265,1352.2570208456289,1,node+edge,38,0.903988300000492,0.3572692999987339,betweenness,email-Eu-core,5
0.7687807010863981,0.9073970788828132,0.6666666666666666,0.7142857142857143,1265.09768470863,1,node+edge,38,0.917210999999952,0.3572692999987339,betweenness,email-Eu-core,6
0.7546152501439778,0.8950638133966671,0.4444444444444444,0.6938775510204082,1264.1724509778455,1,node+edge,38,0.9017199000008986,0.3572692999987339,betweenness,email-Eu-core,7
0.7731105317807405,0.9103514723629448,0.7777777777777778,0.7551020408163265,1202.0486615465877,1,node+edge,38,0.9085276000041632,0.3572692999987339,betweenness,email-Eu-core,8
0.7427576949462211,0.8878602172349613,0.5555555555555556,0.7142857142857143,1195.1745323749722,1,node+edge,38,0.8577628999992157,0.3572692999987339,betweenness,email-Eu-core,9
0.7745269783231444,0.9079445965582538,0.8888888888888888,0.8163265306122449,1131.4126578448354,2,node,35,0.8970867999960319,0.4526431999884153,betweenness,email-Eu-core,0
0.7592574346398453,0.8948559839127617,0.7777777777777778,0.7959183673469388,1198.222017447817,2,node,35,0.8958339000018896,0.4526431999884153,betweenness,email-Eu-core,1
0.7508323416641696,0.8872236474984843,0.8888888888888888,0.7346938775510204,1124.628975934803,2,node,35,0.8661082999969949,0.4526431999884153,betweenness,email-Eu-core,2
0.7530508886864113,0.8900156605878503,0.8888888888888888,0.7959183673469388,1099.2703853570567,2,node,35,0.9050311999963014,0.4526431999884153,betweenness,email-Eu-core,3
0.78236966074385,0.9155529314712492,1.0,0.7755102040816326,1108.9369156391565,2,node,35,0.8867957999973441,0.4526431999884153,betweenness,email-Eu-core,4
0.7730524579231753,0.9054813311933666,0.5555555555555556,0.7755102040816326,1263.5452046207745,2,node,35,0.8849017999964417,0.4526431999884153,betweenness,email-Eu-core,5
0.748689603301685,0.8811714701964454,0.8888888888888888,0.8163265306122449,1144.0016235511812,2,node,35,0.909550099997432,0.4526431999884153,betweenness,email-Eu-core,6
0.7608564649536411,0.8970441220319244,0.7777777777777778,0.7755102040816326,1139.9123230836003,2,node,35,0.9230726000023424,0.4526431999884153,betweenness,email-Eu-core,7
0.7621846907285357,0.8984599387934857,0.8888888888888888,0.7551020408163265,1137.734232110891,2,node,35,0.9075614000030328,0.4526431999884153,betweenness,email-Eu-core,8
0.7483897212500806,0.8833768254733512,0.8888888888888888,0.7959183673469388,1118.8267718892646,2,node,35,0.8728174999996554,0.4526431999884153,betweenness,email-Eu-core,9
0.7630213058579258,0.8942975801410562,0.7777777777777778,0.7755102040816326,1165.112290682085,2,node+edge,80,1.2070680999968315,0.6275375999885,betweenness,email-Eu-core,0
0.7566556542261527,0.8880802203979529,0.5555555555555556,0.7551020408163265,1178.0780467387262,2,node+edge,80,1.210748400000739,0.6275375999885,betweenness,email-Eu-core,1
0.7652533579240797,0.8916794281982009,0.7777777777777778,0.7755102040816326,1144.1058773088057,2,node+edge,80,1.2264232999950764,0.6275375999885,betweenness,email-Eu-core,2
0.7517588427266764,0.8835029253780156,0.7777777777777778,0.8163265306122449,1129.2171425042202,2,node+edge,80,1.2254675000003772,0.6275375999885,betweenness,email-Eu-core,3
0.7652070225978663,0.8904536276329456,0.7777777777777778,0.7755102040816326,1138.3172241042123,2,node+edge,80,1.249879000002693,0.6275375999885,betweenness,email-Eu-core,4
0.764778412731827,0.8950819756218232,0.5555555555555556,0.7959183673469388,1262.6263956799366,2,node+edge,80,1.2376787000030165,0.6275375999885,betweenness,email-Eu-core,5
0.7595646942783527,0.8864529946308406,0.8888888888888888,0.7959183673469388,1142.2505740793194,2,node+edge,80,1.2194538000039756,0.6275375999885,betweenness,email-Eu-core,6
0.7712581207593674,0.902358105770142,0.8888888888888888,0.7959183673469388,1133.3292222668913,2,node+edge,80,1.254741799995827,0.6275375999885,betweenness,email-Eu-core,7
0.763426210290795,0.8914656010922897,0.8888888888888888,0.7959183673469388,1133.238592188615,2,node+edge,80,1.3023557999986224,0.6275375999885,betweenness,email-Eu-core,8
0.7498603788145936,0.8811452239936729,0.7777777777777778,0.7959183673469388,1127.2531425281431,2,node+edge,80,1.3405264000030002,0.6275375999885,betweenness,email-Eu-core,9
0.7635087476002715,0.8918192456027548,0.7777777777777778,0.7346938775510204,1175.9861963555609,2,node+edge+subgraph,144,1.6567968000017572,16.57047499998771,betweenness,email-Eu-core,0
0.7669945374890339,0.8952283417262213,0.5555555555555556,0.7755102040816326,1205.519637596179,2,node+edge+subgraph,144,1.6162803999977768,16.57047499998771,betweenness,email-Eu-core,1
0.7745939467050478,0.9025469940985866,0.7777777777777778,0.7755102040816326,1156.6227324517636,2,node+edge+subgraph,144,1.6550324999989243,16.57047499998771,betweenness,email-Eu-core,2
0.760433332088783,0.8894670430407524,0.7777777777777778,0.7755102040816326,1151.816650839697,2,node+edge+subgraph,144,1.6659779000037815,16.57047499998771,betweenness,email-Eu-core,3
0.7728140020981515,0.8963375897655763,0.7777777777777778,0.8163265306122449,1143.7287060413864,2,node+edge+subgraph,144,1.6589445999998134,16.57047499998771,betweenness,email-Eu-core,4
0.7671060174159952,0.894224717247969,0.4444444444444444,0.7959183673469388,1273.2824147716517,2,node+edge+subgraph,144,1.64263480000227,16.57047499998771,betweenness,email-Eu-core,5
0.7695552389199612,0.8929297642296055,0.8888888888888888,0.8163265306122449,1136.996931146698,2,node+edge+subgraph,144,1.6207540000032168,16.57047499998771,betweenness,email-Eu-core,6
0.7766587755187226,0.9054054076610828,0.8888888888888888,0.8367346938775511,1141.629635553795,2,node+edge+subgraph,144,1.610700999997789,16.57047499998771,betweenness,email-Eu-core,7
0.7726542835471861,0.8972408764581922,0.8888888888888888,0.7959183673469388,1149.549040551462,2,node+edge+subgraph,144,1.612720699995407,16.57047499998771,betweenness,email-Eu-core,8
0.7661451435473903,0.8934183458995085,0.7777777777777778,0.7755102040816326,1133.3063291890494,2,node+edge+subgraph,144,1.6214755999972112,16.57047499998771,betweenness,email-Eu-core,9
0.7676582516633164,0.8950306126404499,0.7777777777777778,0.7346938775510204,1176.0636250891223,2,node+edge+subgraph+dynamic,145,1.6591740000003483,16.57047499998771,betweenness,email-Eu-core,0
0.7655405431023611,0.8947759632986764,0.5555555555555556,0.7959183673469388,1208.0726519602174,2,node+edge+subgraph+dynamic,145,1.5828068999981042,16.57047499998771,betweenness,email-Eu-core,1
0.7730649564808663,0.9012501955736316,0.7777777777777778,0.7959183673469388,1153.5980416064672,2,node+edge+subgraph+dynamic,145,1.638363500002015,16.57047499998771,betweenness,email-Eu-core,2
0.7589960053541226,0.8887052874073155,0.7777777777777778,0.7551020408163265,1151.8933361890438,2,node+edge+subgraph+dynamic,145,1.712698300005286,16.57047499998771,betweenness,email-Eu-core,3
0.7721599082183407,0.8974124470660026,0.7777777777777778,0.8163265306122449,1142.769310258665,2,node+edge+subgraph+dynamic,145,1.8568937000018195,16.57047499998771,betweenness,email-Eu-core,4
0.7662686131884634,0.8934380255785388,0.4444444444444444,0.7959183673469388,1275.332099790693,2,node+edge+subgraph+dynamic,145,1.9105368000018643,16.57047499998771,betweenness,email-Eu-core,5
0.7726590570008612,0.8953213901935022,0.8888888888888888,0.8163265306122449,1139.3294600688555,2,node+edge+subgraph+dynamic,145,1.901969899998221,16.57047499998771,betweenness,email-Eu-core,6
0.7770087344133884,0.9043136024269852,0.8888888888888888,0.8367346938775511,1143.0058175429208,2,node+edge+subgraph+dynamic,145,1.8992278000005167,16.57047499998771,betweenness,email-Eu-core,7
0.7718585444988922,0.8977117327486636,0.8888888888888888,0.7959183673469388,1149.3872202102805,2,node+edge+subgraph+dynamic,145,1.6558920000024957,16.57047499998771,betweenness,email-Eu-core,8
0.7628038796598609,0.8903109364358182,0.7777777777777778,0.7755102040816326,1133.843699801501,2,node+edge+subgraph+dynamic,145,1.7405800000051386,16.57047499998771,betweenness,email-Eu-core,9
0.7491174890271045,0.8808610614445956,0.8888888888888888,0.7755102040816326,1157.320588004298,3,node,45,0.9847765000013168,0.8314504000063607,betweenness,email-Eu-core,0
0.7482391969477487,0.8779900609828013,0.7777777777777778,0.8367346938775511,1195.6259684878414,3,node,45,0.9831844000000274,0.8314504000063607,betweenness,email-Eu-core,1
0.7476803858107328,0.8783820893295399,0.8888888888888888,0.7959183673469388,1125.7787478693515,3,node,45,1.01598859999649,0.8314504000063607,betweenness,email-Eu-core,2
0.7459684091243164,0.8752006668946954,0.8888888888888888,0.7959183673469388,1120.7763252518102,3,node,45,1.0337493999977596,0.8314504000063607,betweenness,email-Eu-core,3
0.7533708640901009,0.885532365466956,0.8888888888888888,0.7755102040816326,1117.8676798156582,3,node,45,0.9973291999995126,0.8314504000063607,betweenness,email-Eu-core,4
0.7618745811616511,0.8931671750767272,0.5555555555555556,0.7959183673469388,1253.2272367463631,3,node,45,1.0208513000034145,0.8314504000063607,betweenness,email-Eu-core,5
0.7537682048270962,0.8785907643458889,0.8888888888888888,0.8367346938775511,1149.3449752286092,3,node,45,1.0549825000052806,0.8314504000063607,betweenness,email-Eu-core,6
0.751507563053287,0.8774991593162694,0.7777777777777778,0.7755102040816326,1153.2955149761742,3,node,45,1.0497235000002547,0.8314504000063607,betweenness,email-Eu-core,7
0.7471739693096748,0.8831865848967532,0.8888888888888888,0.7551020408163265,1132.5118532429308,3,node,45,1.0162108000004082,0.8314504000063607,betweenness,email-Eu-core,8
0.7424771633166484,0.8739814290092195,0.8888888888888888,0.7959183673469388,1117.2680337751233,3,node,45,1.0210800999993808,0.8314504000063607,betweenness,email-Eu-core,9
0.7590600609577488,0.886438572887405,0.7777777777777778,0.7755102040816326,1152.747171289354,3,node+edge,93,1.4281187000015052,1.0063448000064454,betweenness,email-Eu-core,0
0.7414449251782876,0.8722296699244908,0.5555555555555556,0.7551020408163265,1180.9819579474988,3,node+edge,93,1.3935952999963774,1.0063448000064454,betweenness,email-Eu-core,1
0.7522173622525145,0.8787458781084915,0.7777777777777778,0.7755102040816326,1138.0326520536369,3,node+edge,93,1.371530000003986,1.0063448000064454,betweenness,email-Eu-core,2
0.7431611794838945,0.8767392290449608,0.8888888888888888,0.8163265306122449,1118.466953286319,3,node+edge,93,1.3160512000031304,1.0063448000064454,betweenness,email-Eu-core,3
0.7490671851958658,0.8765873184693735,0.7777777777777778,0.7959183673469388,1134.3758107945428,3,node+edge,93,1.3566086999999245,1.0063448000064454,betweenness,email-Eu-core,4
0.7521897479560101,0.8822802652990157,0.5555555555555556,0.7755102040816326,1258.3911717955457,3,node+edge,93,1.3409232999983942,1.0063448000064454,betweenness,email-Eu-core,5
0.7458287369458325,0.8757695802071566,0.8888888888888888,0.7959183673469388,1139.8125981259643,3,node+edge,93,1.3516736999954446,1.0063448000064454,betweenness,email-Eu-core,6
0.7647825789177242,0.8929275487855185,0.8888888888888888,0.7959183673469388,1122.951537859871,3,node+edge,93,1.322906300003524,1.0063448000064454,betweenness,email-Eu-core,7
0.7571894492683043,0.8855682226130305,0.8888888888888888,0.7959183673469388,1136.488008159087,3,node+edge,93,1.3704457999992885,1.0063448000064454,betweenness,email-Eu-core,8
0.7506886734442303,0.8779212639316383,0.7777777777777778,0.8163265306122449,1128.9174369099549,3,node+edge,93,1.378615100002207,1.0063448000064454,betweenness,email-Eu-core,9
0.7605466016275557,0.8882965639073965,0.7777777777777778,0.7346938775510204,1167.1981308160046,3,node+edge+subgraph,168,2.07669259999966,16.949282200005655,betweenness,email-Eu-core,0
0.7534344200626069,0.8826280508747207,0.5555555555555556,0.8163265306122449,1206.913333120288,3,node+edge+subgraph,168,1.822060099999362,16.949282200005655,betweenness,email-Eu-core,1
0.7593040444632311,0.8847553903461869,0.7777777777777778,0.8163265306122449,1136.8238759447484,3,node+edge+subgraph,168,1.8462285999994488,16.949282200005655,betweenness,email-Eu-core,2
0.753430785423057,0.8829624059793181,0.7777777777777778,0.7755102040816326,1147.2661447693215,3,node+edge+subgraph,168,1.8659645000007004,16.949282200005655,betweenness,email-Eu-core,3
0.7552159603890981,0.8807283044722343,0.7777777777777778,0.8163265306122449,1139.6605145738122,3,node+edge+subgraph,168,1.8199202999967383,16.949282200005655,betweenness,email-Eu-core,4
0.7548699168375843,0.8830241861398751,0.4444444444444444,0.8163265306122449,1268.631770382243,3,node+edge+subgraph,168,1.8142027999929269,16.949282200005655,betweenness,email-Eu-core,5
0.7622602248801544,0.8911399886233637,0.8888888888888888,0.7755102040816326,1140.2062703604984,3,node+edge+subgraph,168,1.8608401000019512,16.949282200005655,betweenness,email-Eu-core,6
0.7703845124786455,0.897820580958989,0.8888888888888888,0.8163265306122449,1129.74458591545,3,node+edge+subgraph,168,1.8608533000005991,16.949282200005655,betweenness,email-Eu-core,7
0.7627179608760833,0.8871233475276453,0.8888888888888888,0.7551020408163265,1146.794394271415,3,node+edge+subgraph,168,1.832521299998916,16.949282200005655,betweenness,email-Eu-core,8
0.7621589089291605,0.886274507771399,0.7777777777777778,0.8367346938775511,1133.3801572844752,3,node+edge+subgraph,168,1.8619238999963272,16.949282200005655,betweenness,email-Eu-core,9
0.7667250298660052,0.8925104881645172,0.7777777777777778,0.7551020408163265,1165.7329589139829,3,node+edge+subgraph+dynamic,170,1.8842059000016889,16.949282200005655,betweenness,email-Eu-core,0
0.7525386919393555,0.8810858234649936,0.5555555555555556,0.8163265306122449,1208.1003053906632,3,node+edge+subgraph+dynamic,170,1.8675923000046168,16.949282200005655,betweenness,email-Eu-core,1
0.7607129985744658,0.8864674826827604,0.7777777777777778,0.8571428571428571,1135.977252994303,3,node+edge+subgraph+dynamic,170,1.8594298000025449,16.949282200005655,betweenness,email-Eu-core,2
0.7543015146892982,0.8831093134419883,0.7777777777777778,0.7755102040816326,1149.4460207420068,3,node+edge+subgraph+dynamic,170,1.8306800999998811,16.949282200005655,betweenness,email-Eu-core,3
0.7586280806920608,0.8821582100993182,0.7777777777777778,0.8163265306122449,1139.9098013553769,3,node+edge+subgraph+dynamic,170,1.8148562999995197,16.949282200005655,betweenness,email-Eu-core,4
0.7543949711562976,0.8820620707805211,0.4444444444444444,0.8163265306122449,1267.1948036422318,3,node+edge+subgraph+dynamic,170,1.9092236999931629,16.949282200005655,betweenness,email-Eu-core,5
0.7687011681728678,0.8960218058678878,0.8888888888888888,0.7959183673469388,1139.677191457641,3,node+edge+subgraph+dynamic,170,2.0371906999935163,16.949282200005655,betweenness,email-Eu-core,6
0.7728550556278924,0.8983715560531204,0.8888888888888888,0.8163265306122449,1130.8594931615096,3,node+edge+subgraph+dynamic,170,1.8797941999946488,16.949282200005655,betweenness,email-Eu-core,7
0.759335028377578,0.8868247548161181,0.8888888888888888,0.7755102040816326,1151.3996412207064,3,node+edge+subgraph+dynamic,170,1.845380099999602,16.949282200005655,betweenness,email-Eu-core,8
0.7591426027628507,0.8839218690890153,0.7777777777777778,0.8367346938775511,1131.4414876130406,3,node+edge+subgraph+dynamic,170,1.8004110000038054,16.949282200005655,betweenness,email-Eu-core,9
0.0278325757741727,0.0386602322676064,0.0,0.1428571428571428,0.0449485015464002,0,node,2,0.6199394999930519,2.560000029916409e-05,spread_resid,email-Eu-core,0
-0.0022341638928172,-0.0018141230851043,0.0,0.0612244897959183,0.0448006933976031,0,node,2,0.5753476999962004,2.560000029916409e-05,spread_resid,email-Eu-core,1
0.0258537343169423,0.0381401015413023,0.0,0.0816326530612244,0.0454096549511229,0,node,2,0.616148000000976,2.560000029916409e-05,spread_resid,email-Eu-core,2
0.0331830098353026,0.0466357577470718,0.0,0.1020408163265306,0.0446660729272481,0,node,2,0.5992895999952452,2.560000029916409e-05,spread_resid,email-Eu-core,3
0.0180031357288709,0.0253782524407053,0.0,0.1020408163265306,0.0450929211383662,0,node,2,0.6269902999993064,2.560000029916409e-05,spread_resid,email-Eu-core,4
0.0413193864652035,0.0585333724169739,0.0,0.0408163265306122,0.044820247863094,0,node,2,0.6014193999944837,2.560000029916409e-05,spread_resid,email-Eu-core,5
0.0103706832484248,0.0167975022604759,0.0,0.0612244897959183,0.045203091891317,0,node,2,0.5953233000036562,2.560000029916409e-05,spread_resid,email-Eu-core,6
0.0291355263987848,0.0413373877240176,0.0,0.0816326530612244,0.0450979414020391,0,node,2,0.5958305000021937,2.560000029916409e-05,spread_resid,email-Eu-core,7
0.0351882502037921,0.048724363559522,0.0,0.0204081632653061,0.0455687532161329,0,node,2,0.5796904999951948,2.560000029916409e-05,spread_resid,email-Eu-core,8
0.0260604274410786,0.0386511137933703,0.0,0.0612244897959183,0.0448630863345763,0,node,2,0.5989106999986689,2.560000029916409e-05,spread_resid,email-Eu-core,9
0.0278325757741727,0.0386602322676064,0.0,0.1428571428571428,0.0449485015464002,0,node+edge,2,0.621537699997134,2.560000029916409e-05,spread_resid,email-Eu-core,0
-0.0022341638928172,-0.0018141230851043,0.0,0.0612244897959183,0.0448006933976031,0,node+edge,2,0.5964682999983779,2.560000029916409e-05,spread_resid,email-Eu-core,1
0.0258537343169423,0.0381401015413023,0.0,0.0816326530612244,0.0454096549511229,0,node+edge,2,0.5644811000020127,2.560000029916409e-05,spread_resid,email-Eu-core,2
0.0331830098353026,0.0466357577470718,0.0,0.1020408163265306,0.0446660729272481,0,node+edge,2,0.6222312999962014,2.560000029916409e-05,spread_resid,email-Eu-core,3
0.0180031357288709,0.0253782524407053,0.0,0.1020408163265306,0.0450929211383662,0,node+edge,2,0.613842199993087,2.560000029916409e-05,spread_resid,email-Eu-core,4
0.0413193864652035,0.0585333724169739,0.0,0.0408163265306122,0.044820247863094,0,node+edge,2,0.6014923999973689,2.560000029916409e-05,spread_resid,email-Eu-core,5
0.0103706832484248,0.0167975022604759,0.0,0.0612244897959183,0.045203091891317,0,node+edge,2,0.6107839000032982,2.560000029916409e-05,spread_resid,email-Eu-core,6
0.0291355263987848,0.0413373877240176,0.0,0.0816326530612244,0.0450979414020391,0,node+edge,2,0.580278499997803,2.560000029916409e-05,spread_resid,email-Eu-core,7
0.0351882502037921,0.048724363559522,0.0,0.0204081632653061,0.0455687532161329,0,node+edge,2,0.5675086999981431,2.560000029916409e-05,spread_resid,email-Eu-core,8
0.0260604274410786,0.0386511137933703,0.0,0.0612244897959183,0.0448630863345763,0,node+edge,2,0.5986989999946672,2.560000029916409e-05,spread_resid,email-Eu-core,9
0.0278325757741727,0.0386602322676064,0.0,0.1428571428571428,0.0449485015464002,0,node+edge+subgraph,2,0.6012020999987726,2.560000029916409e-05,spread_resid,email-Eu-core,0
-0.0022341638928172,-0.0018141230851043,0.0,0.0612244897959183,0.0448006933976031,0,node+edge+subgraph,2,0.5652837000016007,2.560000029916409e-05,spread_resid,email-Eu-core,1
0.0258537343169423,0.0381401015413023,0.0,0.0816326530612244,0.0454096549511229,0,node+edge+subgraph,2,0.5938993000017945,2.560000029916409e-05,spread_resid,email-Eu-core,2
0.0331830098353026,0.0466357577470718,0.0,0.1020408163265306,0.0446660729272481,0,node+edge+subgraph,2,0.6245221000062884,2.560000029916409e-05,spread_resid,email-Eu-core,3
0.0180031357288709,0.0253782524407053,0.0,0.1020408163265306,0.0450929211383662,0,node+edge+subgraph,2,0.5979647999993176,2.560000029916409e-05,spread_resid,email-Eu-core,4
0.0413193864652035,0.0585333724169739,0.0,0.0408163265306122,0.044820247863094,0,node+edge+subgraph,2,0.5765775000036228,2.560000029916409e-05,spread_resid,email-Eu-core,5
0.0103706832484248,0.0167975022604759,0.0,0.0612244897959183,0.045203091891317,0,node+edge+subgraph,2,0.5801276999991387,2.560000029916409e-05,spread_resid,email-Eu-core,6
0.0291355263987848,0.0413373877240176,0.0,0.0816326530612244,0.0450979414020391,0,node+edge+subgraph,2,0.561853200000769,2.560000029916409e-05,spread_resid,email-Eu-core,7
0.0351882502037921,0.048724363559522,0.0,0.0204081632653061,0.0455687532161329,0,node+edge+subgraph,2,0.5875474999993457,2.560000029916409e-05,spread_resid,email-Eu-core,8
0.0260604274410786,0.0386511137933703,0.0,0.0612244897959183,0.0448630863345763,0,node+edge+subgraph,2,0.5743786000020918,2.560000029916409e-05,spread_resid,email-Eu-core,9
0.0278325757741727,0.0386602322676064,0.0,0.1428571428571428,0.0449485015464002,0,node+edge+subgraph+dynamic,2,0.5973873999973875,2.560000029916409e-05,spread_resid,email-Eu-core,0
-0.0022341638928172,-0.0018141230851043,0.0,0.0612244897959183,0.0448006933976031,0,node+edge+subgraph+dynamic,2,0.5962968000021647,2.560000029916409e-05,spread_resid,email-Eu-core,1
0.0258537343169423,0.0381401015413023,0.0,0.0816326530612244,0.0454096549511229,0,node+edge+subgraph+dynamic,2,0.5658665999944787,2.560000029916409e-05,spread_resid,email-Eu-core,2
0.0331830098353026,0.0466357577470718,0.0,0.1020408163265306,0.0446660729272481,0,node+edge+subgraph+dynamic,2,0.6072457999980543,2.560000029916409e-05,spread_resid,email-Eu-core,3
0.0180031357288709,0.0253782524407053,0.0,0.1020408163265306,0.0450929211383662,0,node+edge+subgraph+dynamic,2,0.5952316999973846,2.560000029916409e-05,spread_resid,email-Eu-core,4
0.0413193864652035,0.0585333724169739,0.0,0.0408163265306122,0.044820247863094,0,node+edge+subgraph+dynamic,2,0.6665218999987701,2.560000029916409e-05,spread_resid,email-Eu-core,5
0.0103706832484248,0.0167975022604759,0.0,0.0612244897959183,0.045203091891317,0,node+edge+subgraph+dynamic,2,0.6337315000055241,2.560000029916409e-05,spread_resid,email-Eu-core,6
0.0291355263987848,0.0413373877240176,0.0,0.0816326530612244,0.0450979414020391,0,node+edge+subgraph+dynamic,2,0.6623595999990357,2.560000029916409e-05,spread_resid,email-Eu-core,7
0.0351882502037921,0.048724363559522,0.0,0.0204081632653061,0.0455687532161329,0,node+edge+subgraph+dynamic,2,0.650178900003084,2.560000029916409e-05,spread_resid,email-Eu-core,8
0.0260604274410786,0.0386511137933703,0.0,0.0612244897959183,0.0448630863345763,0,node+edge+subgraph+dynamic,2,0.6003444000016316,2.560000029916409e-05,spread_resid,email-Eu-core,9
0.0607462080455453,0.0820494609387295,0.3333333333333333,0.2653061224489796,0.0307620762833097,1,node,17,0.8231436999994912,0.1823748999986492,spread_resid,email-Eu-core,0
0.0224071007564371,0.0303843335324935,0.2222222222222222,0.2653061224489796,0.0313838924814023,1,node,17,0.7655195999977877,0.1823748999986492,spread_resid,email-Eu-core,1
0.0440103764151807,0.0630141342363322,0.2222222222222222,0.3061224489795918,0.0312061127844463,1,node,17,0.795651699998416,0.1823748999986492,spread_resid,email-Eu-core,2
0.0192797352848737,0.0238538914350023,0.3333333333333333,0.2244897959183673,0.0327954627703286,1,node,17,0.7717703999951482,0.1823748999986492,spread_resid,email-Eu-core,3
0.0488992691602048,0.0680124635985166,0.3333333333333333,0.3061224489795918,0.0323065843196929,1,node,17,0.7802049000019906,0.1823748999986492,spread_resid,email-Eu-core,4
0.0293472687874734,0.0445141101187469,0.3333333333333333,0.3265306122448979,0.0312672608419381,1,node,17,0.7158459999991464,0.1823748999986492,spread_resid,email-Eu-core,5
0.0298004766446434,0.0410295739790702,0.2222222222222222,0.2857142857142857,0.0348630039361556,1,node,17,0.7323034000000916,0.1823748999986492,spread_resid,email-Eu-core,6
0.0289741934802594,0.0421550206474859,0.3333333333333333,0.3061224489795918,0.0318894763991616,1,node,17,0.7714156000001822,0.1823748999986492,spread_resid,email-Eu-core,7
0.0171312922813427,0.023145969989089,0.2222222222222222,0.2857142857142857,0.0330556562291083,1,node,17,0.7701003999973182,0.1823748999986492,spread_resid,email-Eu-core,8
0.0153038634971222,0.0245664579070628,0.2222222222222222,0.3061224489795918,0.0313859265627056,1,node,17,0.8069289999984903,0.1823748999986492,spread_resid,email-Eu-core,9
0.0283561872204601,0.0390210575714055,0.3333333333333333,0.2857142857142857,0.0306975438994942,1,node+edge,38,0.9263151000050128,0.3572692999987339,spread_resid,email-Eu-core,0
-0.0021630486366445,-0.0009043357815104,0.2222222222222222,0.2653061224489796,0.0314008885759771,1,node+edge,38,0.9395296000002418,0.3572692999987339,spread_resid,email-Eu-core,1
0.014838376134545,0.0251288773415074,0.2222222222222222,0.3061224489795918,0.0319436897255851,1,node+edge,38,0.9126691999990726,0.3572692999987339,spread_resid,email-Eu-core,2
-0.004575315765686,-0.0052818567450277,0.3333333333333333,0.2653061224489796,0.0328125838212765,1,node+edge,38,0.9061780999982147,0.3572692999987339,spread_resid,email-Eu-core,3
0.0377995953236943,0.054172415003903,0.3333333333333333,0.2857142857142857,0.0324690898736004,1,node+edge,38,0.971063299999514,0.3572692999987339,spread_resid,email-Eu-core,4
0.0195970995719966,0.0320489498657718,0.3333333333333333,0.3469387755102041,0.031631432560393,1,node+edge,38,0.9219541999991634,0.3572692999987339,spread_resid,email-Eu-core,5
0.0198917048583352,0.0276974082528808,0.2222222222222222,0.2653061224489796,0.0352160848952538,1,node+edge,38,0.9155917000025512,0.3572692999987339,spread_resid,email-Eu-core,6
-0.0088910225927522,-0.0090673395705758,0.3333333333333333,0.3061224489795918,0.0317606093900065,1,node+edge,38,0.9348084000012022,0.3572692999987339,spread_resid,email-Eu-core,7
0.0019240654324122,0.0055952718714081,0.2222222222222222,0.2653061224489796,0.0332259990633918,1,node+edge,38,0.9555547999989358,0.3572692999987339,spread_resid,email-Eu-core,8
-0.0121849732355994,-0.0126423915323617,0.2222222222222222,0.2448979591836734,0.0310723053045968,1,node+edge,38,0.8914873000030639,0.3572692999987339,spread_resid,email-Eu-core,9
0.0578796911001044,0.0844156539622289,0.1111111111111111,0.2448979591836734,0.026672933805629,2,node,35,0.9412414000034914,0.4526431999884153,spread_resid,email-Eu-core,0
0.0744811174376587,0.1077308291852721,0.3333333333333333,0.2244897959183673,0.0255249775066219,2,node,35,0.9065078999992692,0.4526431999884153,spread_resid,email-Eu-core,1
0.0550844474810144,0.081280558845642,0.0,0.2040816326530612,0.0282858139855466,2,node,35,0.91995709999901,0.4526431999884153,spread_resid,email-Eu-core,2
0.0348426547757097,0.0560918647434203,0.2222222222222222,0.2653061224489796,0.0268080652649309,2,node,35,0.8861819000012474,0.4526431999884153,spread_resid,email-Eu-core,3
0.0273589117531084,0.0397273516670798,0.0,0.1836734693877551,0.0306238778805099,2,node,35,0.9390507000061916,0.4526431999884153,spread_resid,email-Eu-core,4
0.0521282912580979,0.07834369747629,0.1111111111111111,0.2448979591836734,0.0279315201991222,2,node,35,0.9413653000010528,0.4526431999884153,spread_resid,email-Eu-core,5
0.0494630591505455,0.0745195378912097,0.0,0.3265306122448979,0.030502407202541,2,node,35,0.9022676000022328,0.4526431999884153,spread_resid,email-Eu-core,6
0.0282095481300835,0.0468428280926365,0.0,0.2857142857142857,0.0291501079853659,2,node,35,0.9559334999939892,0.4526431999884153,spread_resid,email-Eu-core,7
0.0463872155112418,0.0681832732557902,0.1111111111111111,0.1836734693877551,0.0302538388541869,2,node,35,0.9170624999969732,0.4526431999884153,spread_resid,email-Eu-core,8
0.0451221859722213,0.0689980614418516,0.0,0.2857142857142857,0.0272953357409421,2,node,35,0.9203234000015073,0.4526431999884153,spread_resid,email-Eu-core,9
0.0591713691502047,0.0867755623220144,0.1111111111111111,0.2857142857142857,0.026373991469586,2,node+edge,80,1.2671841000046695,0.6275375999885,spread_resid,email-Eu-core,0
0.0926333967969896,0.1308252341409405,0.1111111111111111,0.2653061224489796,0.0257871958855263,2,node+edge,80,1.263160700000299,0.6275375999885,spread_resid,email-Eu-core,1
0.0866126854750732,0.1210301740488581,0.0,0.2244897959183673,0.0281073629908501,2,node+edge,80,1.225845099994331,0.6275375999885,spread_resid,email-Eu-core,2
0.0446564426054059,0.068453514175116,0.2222222222222222,0.2244897959183673,0.026716199863069,2,node+edge,80,1.199381699996593,0.6275375999885,spread_resid,email-Eu-core,3
0.0126195708776624,0.0223811677356715,0.0,0.2244897959183673,0.030653663057817,2,node+edge,80,1.24617340000259,0.6275375999885,spread_resid,email-Eu-core,4
0.071898033911727,0.1028928348422775,0.1111111111111111,0.2653061224489796,0.0280270096286563,2,node+edge,80,1.3207974999968428,0.6275375999885,spread_resid,email-Eu-core,5
0.0590728542211019,0.0848425773547079,0.1111111111111111,0.2857142857142857,0.0304281149613337,2,node+edge,80,1.4308108999975957,0.6275375999885,spread_resid,email-Eu-core,6
0.0482905616249043,0.0713019364192256,0.0,0.2653061224489796,0.0290169897980408,2,node+edge,80,1.3707934000049136,0.6275375999885,spread_resid,email-Eu-core,7
0.0737004558667629,0.1034544400780451,0.2222222222222222,0.2040816326530612,0.0301077436112453,2,node+edge,80,1.278816600002756,0.6275375999885,spread_resid,email-Eu-core,8
0.0579353706301475,0.0842229161519645,0.0,0.2857142857142857,0.0274281485202421,2,node+edge,80,1.269660499994643,0.6275375999885,spread_resid,email-Eu-core,9
0.0724397386744198,0.1018714501507213,0.1111111111111111,0.2653061224489796,0.0266002692862907,2,node+edge+subgraph,144,1.7307552999991458,16.57047499998771,spread_resid,email-Eu-core,0
0.1052879918758571,0.1478392875289461,0.1111111111111111,0.2653061224489796,0.025701929387154,2,node+edge+subgraph,144,1.6810511000003316,16.57047499998771,spread_resid,email-Eu-core,1
0.0794583884905643,0.1120406661740577,0.0,0.2653061224489796,0.0286895641584557,2,node+edge+subgraph,144,1.6735169000021417,16.57047499998771,spread_resid,email-Eu-core,2
0.0870037270707909,0.1208175664265215,0.3333333333333333,0.2244897959183673,0.0274091990657181,2,node+edge+subgraph,144,1.675705399997241,16.57047499998771,spread_resid,email-Eu-core,3
0.0377166113461081,0.0539380389954115,0.1111111111111111,0.2244897959183673,0.0303364616336633,2,node+edge+subgraph,144,1.7206064999991213,16.57047499998771,spread_resid,email-Eu-core,4
0.0536196205874157,0.0760318633598027,0.1111111111111111,0.2244897959183673,0.0277349622111786,2,node+edge+subgraph,144,1.6674933999966015,16.57047499998771,spread_resid,email-Eu-core,5
0.0646843221698493,0.0880470700516235,0.1111111111111111,0.2857142857142857,0.0311065097476626,2,node+edge+subgraph,144,1.6911156999995,16.57047499998771,spread_resid,email-Eu-core,6
0.0525093371270964,0.0772543121942334,0.1111111111111111,0.2653061224489796,0.0292920848968643,2,node+edge+subgraph,144,1.6653527000016766,16.57047499998771,spread_resid,email-Eu-core,7
0.0480823529190852,0.0671596701076414,0.3333333333333333,0.1632653061224489,0.0305063178074625,2,node+edge+subgraph,144,1.6695477000030223,16.57047499998771,spread_resid,email-Eu-core,8
0.0606463273841396,0.0860272623770412,0.1111111111111111,0.2857142857142857,0.0274911241871573,2,node+edge+subgraph,144,1.6565909999990254,16.57047499998771,spread_resid,email-Eu-core,9
0.0689830663725379,0.097158112337461,0.0,0.2857142857142857,0.0266232142798304,2,node+edge+subgraph+dynamic,145,1.7118518000061158,16.57047499998771,spread_resid,email-Eu-core,0
0.1030879258367771,0.1438567466859867,0.1111111111111111,0.2448979591836734,0.0257022494121557,2,node+edge+subgraph+dynamic,145,1.6877190000013798,16.57047499998771,spread_resid,email-Eu-core,1
0.076689746104084,0.1091657688728171,0.0,0.2857142857142857,0.0286896784353956,2,node+edge+subgraph+dynamic,145,1.6916074999971895,16.57047499998771,spread_resid,email-Eu-core,2
0.0921784248901783,0.1279391840616965,0.2222222222222222,0.2448979591836734,0.0273668742694742,2,node+edge+subgraph+dynamic,145,1.6532827999981237,16.57047499998771,spread_resid,email-Eu-core,3
0.0367937296003516,0.0519974781349418,0.1111111111111111,0.2244897959183673,0.0303469961765996,2,node+edge+subgraph+dynamic,145,1.8670424000010823,16.57047499998771,spread_resid,email-Eu-core,4
0.0483295523685642,0.0682645375217603,0.1111111111111111,0.2448979591836734,0.0277247217027379,2,node+edge+subgraph+dynamic,145,1.8524997999993504,16.57047499998771,spread_resid,email-Eu-core,5
0.0517907712791555,0.0733358776118644,0.0,0.2653061224489796,0.0308518284260944,2,node+edge+subgraph+dynamic,145,1.7073789999994915,16.57047499998771,spread_resid,email-Eu-core,6
0.0524846171566953,0.0776830108374886,0.1111111111111111,0.2448979591836734,0.029362753697568,2,node+edge+subgraph+dynamic,145,1.72334260000207,16.57047499998771,spread_resid,email-Eu-core,7
0.0666038402508153,0.0911380266519204,0.3333333333333333,0.1836734693877551,0.0303172704951545,2,node+edge+subgraph+dynamic,145,1.7066642999998294,16.57047499998771,spread_resid,email-Eu-core,8
0.0433215697016185,0.0630710898131215,0.1111111111111111,0.2857142857142857,0.0273629634311489,2,node+edge+subgraph+dynamic,145,1.6995583000025365,16.57047499998771,spread_resid,email-Eu-core,9
0.0696091616301431,0.0991752486710965,0.3333333333333333,0.2040816326530612,0.0260136274316056,3,node,45,0.9818221000023186,0.8314504000063607,spread_resid,email-Eu-core,0
0.0586189276653428,0.0833124875606035,0.2222222222222222,0.2040816326530612,0.025647316252576,3,node,45,1.0215204999985872,0.8314504000063607,spread_resid,email-Eu-core,1
0.0367812938317857,0.0548342838784098,0.2222222222222222,0.2040816326530612,0.0286593278753122,3,node,45,1.0010290999998688,0.8314504000063607,spread_resid,email-Eu-core,2
0.0457358768671105,0.0666458004982593,0.2222222222222222,0.2244897959183673,0.0265274873155177,3,node,45,0.9961282000003848,0.8314504000063607,spread_resid,email-Eu-core,3
0.0383345335713078,0.0551982334884695,0.1111111111111111,0.1632653061224489,0.0297890282285696,3,node,45,0.9707256000037888,0.8314504000063607,spread_resid,email-Eu-core,4
0.0392037726919631,0.0567704691168521,0.3333333333333333,0.1836734693877551,0.0281672125318691,3,node,45,0.9790575000006356,0.8314504000063607,spread_resid,email-Eu-core,5
0.0764715433967634,0.1092445305211424,0.1111111111111111,0.3265306122448979,0.0303810982433712,3,node,45,0.9898051999989548,0.8314504000063607,spread_resid,email-Eu-core,6
0.0357017069696668,0.0529964028707439,0.2222222222222222,0.2857142857142857,0.0288074177018196,3,node,45,0.942978699997184,0.8314504000063607,spread_resid,email-Eu-core,7
0.0240009571232812,0.0359569622259156,0.2222222222222222,0.1836734693877551,0.0297143655914719,3,node,45,0.9739629000032436,0.8314504000063607,spread_resid,email-Eu-core,8
0.0157259564004829,0.0261562251514246,0.1111111111111111,0.2244897959183673,0.0274483165019935,3,node,45,1.0079818000012892,0.8314504000063607,spread_resid,email-Eu-core,9
0.0599252048418379,0.0881474913137236,0.2222222222222222,0.2244897959183673,0.0263083723144688,3,node+edge,93,1.34061980000115,1.0063448000064454,spread_resid,email-Eu-core,0
0.0535493601927746,0.0775923623699468,0.2222222222222222,0.2448979591836734,0.0258001034964684,3,node+edge,93,1.3369579999998678,1.0063448000064454,spread_resid,email-Eu-core,1
0.0422155729204584,0.0632866199975007,0.2222222222222222,0.2448979591836734,0.0287111351309343,3,node+edge,93,1.339955600000394,1.0063448000064454,spread_resid,email-Eu-core,2
0.0369665415481317,0.0564942244727807,0.2222222222222222,0.2040816326530612,0.0269103440708064,3,node+edge,93,1.3059064999979455,1.0063448000064454,spread_resid,email-Eu-core,3
0.0209213349495014,0.0334241103298055,0.1111111111111111,0.2040816326530612,0.030022874444699,3,node+edge,93,1.319375899998704,1.0063448000064454,spread_resid,email-Eu-core,4
0.0609696842185924,0.0876722614014357,0.4444444444444444,0.2040816326530612,0.0280790307120816,3,node+edge,93,1.352500599998166,1.0063448000064454,spread_resid,email-Eu-core,5
0.0750689111882466,0.1079041084341635,0.1111111111111111,0.2653061224489796,0.0305202208473075,3,node+edge,93,1.3287224999949103,1.0063448000064454,spread_resid,email-Eu-core,6
0.0297525750105002,0.0480673832918507,0.1111111111111111,0.2244897959183673,0.0286319494931342,3,node+edge,93,1.4867975000015576,1.0063448000064454,spread_resid,email-Eu-core,7
0.0699593601290666,0.097714615945877,0.4444444444444444,0.2040816326530612,0.0294826758638634,3,node+edge,93,1.4883331999953953,1.0063448000064454,spread_resid,email-Eu-core,8
0.0298452442643143,0.0448294100034536,0.1111111111111111,0.2040816326530612,0.0276975461421259,3,node+edge,93,1.3616431999980705,1.0063448000064454,spread_resid,email-Eu-core,9
0.0546269020967982,0.0776215407697414,0.3333333333333333,0.2448979591836734,0.0262974529958654,3,node+edge+subgraph,168,1.9149813999974867,16.949282200005655,spread_resid,email-Eu-core,0
0.069246460583963,0.0976300583068407,0.2222222222222222,0.2040816326530612,0.0255089048025963,3,node+edge+subgraph,168,1.873825399998168,16.949282200005655,spread_resid,email-Eu-core,1
0.0484326518778558,0.0708343575383777,0.2222222222222222,0.2244897959183673,0.0283792381742938,3,node+edge+subgraph,168,1.864525799996045,16.949282200005655,spread_resid,email-Eu-core,2
0.047602226945554,0.070703609292133,0.3333333333333333,0.2040816326530612,0.0268818290798649,3,node+edge+subgraph,168,1.862977700002375,16.949282200005655,spread_resid,email-Eu-core,3
0.048970261364666,0.0692107576636036,0.1111111111111111,0.2244897959183673,0.0294028351995764,3,node+edge+subgraph,168,1.8775122000006377,16.949282200005655,spread_resid,email-Eu-core,4
0.0551646171466597,0.0780408444618313,0.3333333333333333,0.2040816326530612,0.0279257527352247,3,node+edge+subgraph,168,1.8593555000043125,16.949282200005655,spread_resid,email-Eu-core,5
0.0690720017804396,0.0991785497990196,0.3333333333333333,0.2653061224489796,0.030280298662279,3,node+edge+subgraph,168,1.8836979999978207,16.949282200005655,spread_resid,email-Eu-core,6
0.0374753979540294,0.0571778390543481,0.2222222222222222,0.2448979591836734,0.0290117768682734,3,node+edge+subgraph,168,1.8144497999965097,16.949282200005655,spread_resid,email-Eu-core,7
0.0187273797277272,0.02744639602936,0.4444444444444444,0.1428571428571428,0.0297540964787618,3,node+edge+subgraph,168,1.820791500002088,16.949282200005655,spread_resid,email-Eu-core,8
0.0097231483115377,0.0172917400855766,0.3333333333333333,0.2040816326530612,0.0276154537711013,3,node+edge+subgraph,168,1.855349199999182,16.949282200005655,spread_resid,email-Eu-core,9
0.0501546050193571,0.0719406107013286,0.3333333333333333,0.2244897959183673,0.0261930102774742,3,node+edge+subgraph+dynamic,170,1.9357171999945424,16.949282200005655,spread_resid,email-Eu-core,0
0.0607985167937978,0.0850820451391572,0.2222222222222222,0.2244897959183673,0.0257324718812802,3,node+edge+subgraph+dynamic,170,1.9223225999958231,16.949282200005655,spread_resid,email-Eu-core,1
0.0511292440717568,0.0732575660513735,0.2222222222222222,0.2040816326530612,0.0283809195075967,3,node+edge+subgraph+dynamic,170,1.900182999997924,16.949282200005655,spread_resid,email-Eu-core,2
0.0643601715908004,0.0911326732493175,0.3333333333333333,0.1836734693877551,0.026906053425501,3,node+edge+subgraph+dynamic,170,2.0021039999992354,16.949282200005655,spread_resid,email-Eu-core,3
0.0471615835303156,0.0677608248673291,0.1111111111111111,0.2040816326530612,0.0293961274844815,3,node+edge+subgraph+dynamic,170,2.081034399998316,16.949282200005655,spread_resid,email-Eu-core,4
0.0261063218603987,0.0389485671685838,0.3333333333333333,0.1632653061224489,0.0280169790395693,3,node+edge+subgraph+dynamic,170,1.896182000004046,16.949282200005655,spread_resid,email-Eu-core,5
0.0708971671123057,0.099423682302684,0.2222222222222222,0.2448979591836734,0.0303992006964696,3,node+edge+subgraph+dynamic,170,1.91616680000152,16.949282200005655,spread_resid,email-Eu-core,6
0.031999935785944,0.0516098142491083,0.2222222222222222,0.2448979591836734,0.0291308943304465,3,node+edge+subgraph+dynamic,170,1.8777759000004155,16.949282200005655,spread_resid,email-Eu-core,7
0.030407592281334,0.0409296413628035,0.4444444444444444,0.1428571428571428,0.0297924400247728,3,node+edge+subgraph+dynamic,170,1.855505200001062,16.949282200005655,spread_resid,email-Eu-core,8
-0.0067114443218199,-0.002227862125967,0.2222222222222222,0.2040816326530612,0.0276101136146509,3,node+edge+subgraph+dynamic,170,1.8800105999980588,16.949282200005655,spread_resid,email-Eu-core,9
0.9590666278799818,0.9976781788959832,0.8888888888888888,0.9591836734693877,2.2556366763564943,1,node+edge+subgraph,56,6.073188600013964,16.300206699997943,spread_mean,email-Eu-core,0
0.9594061672620597,0.9976936829393251,0.8888888888888888,0.9795918367346939,2.420926466147453,1,node+edge+subgraph,56,1.2816165999975055,16.300206699997943,spread_mean,email-Eu-core,1
0.9587115203318844,0.9976342453970783,0.7777777777777778,0.9591836734693877,2.3399233318464137,1,node+edge+subgraph,56,1.2619095999980345,16.300206699997943,spread_mean,email-Eu-core,2
0.958548918815349,0.9975910911363766,0.8888888888888888,0.9387755102040817,2.3564824375847513,1,node+edge+subgraph,56,1.3341166000172962,16.300206699997943,spread_mean,email-Eu-core,3
0.9598778401257096,0.9977507890856322,0.8888888888888888,0.9795918367346939,2.2083622695712615,1,node+edge+subgraph,56,1.2746732000086922,16.300206699997943,spread_mean,email-Eu-core,4
0.9585650522413988,0.9976016973357502,0.8888888888888888,0.9795918367346939,2.2795492868668936,1,node+edge+subgraph,56,1.2392006000154652,16.300206699997943,spread_mean,email-Eu-core,5
0.958237875085923,0.9975864593054393,0.8888888888888888,0.9591836734693877,2.3030950419984797,1,node+edge+subgraph,56,1.3201434999937192,16.300206699997943,spread_mean,email-Eu-core,6
0.9595640817746149,0.9977219747790002,0.8888888888888888,0.9591836734693877,2.2822742224167243,1,node+edge+subgraph,56,1.2790636999998242,16.300206699997943,spread_mean,email-Eu-core,7
0.9580947949800592,0.9975449167893155,0.7777777777777778,0.9591836734693877,2.332580234317353,1,node+edge+subgraph,56,1.2580155999748968,16.300206699997943,spread_mean,email-Eu-core,8
0.9590082322123153,0.9976688308145353,0.8888888888888888,0.9591836734693877,2.267155056884081,1,node+edge+subgraph,56,1.293878800002858,16.300206699997943,spread_mean,email-Eu-core,9
0.9590666278799818,0.9976781788959832,0.8888888888888888,0.9591836734693877,2.2556366763564943,1,node+edge+subgraph+dynamic,56,1.3527487999817822,16.300206699997943,spread_mean,email-Eu-core,0
0.9594061672620597,0.9976936829393251,0.8888888888888888,0.9795918367346939,2.420926466147453,1,node+edge+subgraph+dynamic,56,1.2910957999993116,16.300206699997943,spread_mean,email-Eu-core,1
0.9587115203318844,0.9976342453970783,0.7777777777777778,0.9591836734693877,2.3399233318464137,1,node+edge+subgraph+dynamic,56,1.2797712000028696,16.300206699997943,spread_mean,email-Eu-core,2
0.958548918815349,0.9975910911363766,0.8888888888888888,0.9387755102040817,2.3564824375847513,1,node+edge+subgraph+dynamic,56,1.358420999982627,16.300206699997943,spread_mean,email-Eu-core,3
0.9598778401257096,0.9977507890856322,0.8888888888888888,0.9795918367346939,2.2083622695712615,1,node+edge+subgraph+dynamic,56,1.3704014000250027,16.300206699997943,spread_mean,email-Eu-core,4
0.9585650522413988,0.9976016973357502,0.8888888888888888,0.9795918367346939,2.2795492868668936,1,node+edge+subgraph+dynamic,56,1.389370399992913,16.300206699997943,spread_mean,email-Eu-core,5
0.958237875085923,0.9975864593054393,0.8888888888888888,0.9591836734693877,2.3030950419984797,1,node+edge+subgraph+dynamic,56,1.300808900006814,16.300206699997943,spread_mean,email-Eu-core,6
0.9595640817746149,0.9977219747790002,0.8888888888888888,0.9591836734693877,2.2822742224167243,1,node+edge+subgraph+dynamic,56,1.2508500999829266,16.300206699997943,spread_mean,email-Eu-core,7
0.9580947949800592,0.9975449167893155,0.7777777777777778,0.9591836734693877,2.332580234317353,1,node+edge+subgraph+dynamic,56,1.320379899989348,16.300206699997943,spread_mean,email-Eu-core,8
0.9590082322123153,0.9976688308145353,0.8888888888888888,0.9591836734693877,2.267155056884081,1,node+edge+subgraph+dynamic,56,1.257839400001103,16.300206699997943,spread_mean,email-Eu-core,9
0.9484662616806213,0.9953178385275266,0.3333333333333333,0.7346938775510204,0.23537332486855722,1,node+edge+subgraph,56,1.281332199985627,16.300206699997943,spread_cv,email-Eu-core,0
0.9491902735590181,0.9952984975623603,0.1111111111111111,0.6938775510204082,0.2317163205698549,1,node+edge+subgraph,56,1.275083699991228,16.300206699997943,spread_cv,email-Eu-core,1
0.9479535953032732,0.9949282076840923,0.1111111111111111,0.7142857142857143,0.24335713794243155,1,node+edge+subgraph,56,1.315102199994726,16.300206699997943,spread_cv,email-Eu-core,2
0.946941490619728,0.9950572980649723,0.3333333333333333,0.6530612244897959,0.24020686462647656,1,node+edge+subgraph,56,1.2942952000012156,16.300206699997943,spread_cv,email-Eu-core,3
0.9503771169301468,0.995442450329539,0.4444444444444444,0.6938775510204082,0.2296371573670217,1,node+edge+subgraph,56,1.2129969999950845,16.300206699997943,spread_cv,email-Eu-core,4
0.9488625250790065,0.995158140445271,0.2222222222222222,0.7142857142857143,0.2323325028992937,1,node+edge+subgraph,56,1.2518700000073295,16.300206699997943,spread_cv,email-Eu-core,5
0.9465029645207299,0.9945292725500223,0.1111111111111111,0.7142857142857143,0.2600225783414258,1,node+edge+subgraph,56,1.2920513999997638,16.300206699997943,spread_cv,email-Eu-core,6
0.9483632951107535,0.9951211328174212,0.1111111111111111,0.6938775510204082,0.23697692594047223,1,node+edge+subgraph,56,1.281186300009722,16.300206699997943,spread_cv,email-Eu-core,7
0.9490211990227191,0.9949994564483735,0.3333333333333333,0.6938775510204082,0.2456033533945302,1,node+edge+subgraph,56,1.2716614000091795,16.300206699997943,spread_cv,email-Eu-core,8
0.9481380652320353,0.9952491247779962,0.2222222222222222,0.7142857142857143,0.23232751744868826,1,node+edge+subgraph,56,1.319859399984125,16.300206699997943,spread_cv,email-Eu-core,9
0.9484662616806213,0.9953178385275266,0.3333333333333333,0.7346938775510204,0.23537332486855722,1,node+edge+subgraph+dynamic,56,1.3274634999979753,16.300206699997943,spread_cv,email-Eu-core,0
0.9491902735590181,0.9952984975623603,0.1111111111111111,0.6938775510204082,0.2317163205698549,1,node+edge+subgraph+dynamic,56,1.2869485999981407,16.300206699997943,spread_cv,email-Eu-core,1
0.9479535953032732,0.9949282076840923,0.1111111111111111,0.7142857142857143,0.24335713794243155,1,node+edge+subgraph+dynamic,56,1.2659673000162002,16.300206699997943,spread_cv,email-Eu-core,2
0.946941490619728,0.9950572980649723,0.3333333333333333,0.6530612244897959,0.24020686462647656,1,node+edge+subgraph+dynamic,56,1.2904847000027075,16.300206699997943,spread_cv,email-Eu-core,3
0.9503771169301468,0.995442450329539,0.4444444444444444,0.6938775510204082,0.2296371573670217,1,node+edge+subgraph+dynamic,56,1.294619699998293,16.300206699997943,spread_cv,email-Eu-core,4
0.9488625250790065,0.995158140445271,0.2222222222222222,0.7142857142857143,0.2323325028992937,1,node+edge+subgraph+dynamic,56,1.3224024999944959,16.300206699997943,spread_cv,email-Eu-core,5
0.9465029645207299,0.9945292725500223,0.1111111111111111,0.7142857142857143,0.2600225783414258,1,node+edge+subgraph+dynamic,56,1.270117099978961,16.300206699997943,spread_cv,email-Eu-core,6
0.9483632951107535,0.9951211328174212,0.1111111111111111,0.6938775510204082,0.23697692594047223,1,node+edge+subgraph+dynamic,56,1.2513144999975339,16.300206699997943,spread_cv,email-Eu-core,7
0.9490211990227191,0.9949994564483735,0.3333333333333333,0.6938775510204082,0.2456033533945302,1,node+edge+subgraph+dynamic,56,1.2886348000029102,16.300206699997943,spread_cv,email-Eu-core,8
0.9481380652320353,0.9952491247779962,0.2222222222222222,0.7142857142857143,0.23232751744868826,1,node+edge+subgraph+dynamic,56,1.2576687000109814,16.300206699997943,spread_cv,email-Eu-core,9
0.037473839573366544,0.05016801135008516,0.3333333333333333,0.2857142857142857,0.03070336161241384,1,node+edge+subgraph,56,1.3334018000168726,16.300206699997943,spread_resid,email-Eu-core,0
0.010201286353466562,0.014558510534284159,0.2222222222222222,0.24489795918367346,0.031486585686383226,1,node+edge+subgraph,56,1.29134910000721,16.300206699997943,spread_resid,email-Eu-core,1
0.013544679034379272,0.022595718275840174,0.2222222222222222,0.30612244897959184,0.031990248236663035,1,node+edge+subgraph,56,1.3358706000144593,16.300206699997943,spread_resid,email-Eu-core,2
-0.0015100046238067427,-0.0028125487169403927,0.3333333333333333,0.22448979591836735,0.03283445242148583,1,node+edge+subgraph,56,1.3001149999909103,16.300206699997943,spread_resid,email-Eu-core,3
0.019273753682819236,0.028950227129954573,0.3333333333333333,0.2857142857142857,0.03238221962779499,1,node+edge+subgraph,56,1.342464999994263,16.300206699997943,spread_resid,email-Eu-core,4
0.023288679770989393,0.03578131978960047,0.3333333333333333,0.3673469387755102,0.03172327714324588,1,node+edge+subgraph,56,1.3156975000165403,16.300206699997943,spread_resid,email-Eu-core,5
0.007304871599616923,0.00996714706058343,0.2222222222222222,0.2653061224489796,0.03525511357401721,1,node+edge+subgraph,56,1.3463919000059832,16.300206699997943,spread_resid,email-Eu-core,6
-0.002043542803282359,-0.0002630998003151091,0.3333333333333333,0.2857142857142857,0.03175360529977981,1,node+edge+subgraph,56,1.283272600005148,16.300206699997943,spread_resid,email-Eu-core,7
0.014706579821768538,0.020502039884200168,0.2222222222222222,0.2653061224489796,0.03318337811801453,1,node+edge+subgraph,56,1.3287775999924634,16.300206699997943,spread_resid,email-Eu-core,8
-0.0059060433346381,-0.0036350378168453178,0.2222222222222222,0.24489795918367346,0.031244480479692888,1,node+edge+subgraph,56,1.323879899980966,16.300206699997943,spread_resid,email-Eu-core,9
0.037473839573366544,0.05016801135008516,0.3333333333333333,0.2857142857142857,0.03070336161241384,1,node+edge+subgraph+dynamic,56,1.3853502999991179,16.300206699997943,spread_resid,email-Eu-core,0
0.010201286353466562,0.014558510534284159,0.2222222222222222,0.24489795918367346,0.031486585686383226,1,node+edge+subgraph+dynamic,56,1.3395881000033114,16.300206699997943,spread_resid,email-Eu-core,1
0.013544679034379272,0.022595718275840174,0.2222222222222222,0.30612244897959184,0.031990248236663035,1,node+edge+subgraph+dynamic,56,1.3329861000238452,16.300206699997943,spread_resid,email-Eu-core,2
-0.0015100046238067427,-0.0028125487169403927,0.3333333333333333,0.22448979591836735,0.03283445242148583,1,node+edge+subgraph+dynamic,56,1.3229121000040323,16.300206699997943,spread_resid,email-Eu-core,3
0.019273753682819236,0.028950227129954573,0.3333333333333333,0.2857142857142857,0.03238221962779499,1,node+edge+subgraph+dynamic,56,1.322278500010725,16.300206699997943,spread_resid,email-Eu-core,4
0.023288679770989393,0.03578131978960047,0.3333333333333333,0.3673469387755102,0.03172327714324588,1,node+edge+subgraph+dynamic,56,1.343524099997012,16.300206699997943,spread_resid,email-Eu-core,5
0.007304871599616923,0.00996714706058343,0.2222222222222222,0.2653061224489796,0.03525511357401721,1,node+edge+subgraph+dynamic,56,1.2982461000210606,16.300206699997943,spread_resid,email-Eu-core,6
-0.002043542803282359,-0.0002630998003151091,0.3333333333333333,0.2857142857142857,0.03175360529977981,1,node+edge+subgraph+dynamic,56,1.3605518999975175,16.300206699997943,spread_resid,email-Eu-core,7
0.014706579821768538,0.020502039884200168,0.2222222222222222,0.2653061224489796,0.03318337811801453,1,node+edge+subgraph+dynamic,56,1.3380472999997437,16.300206699997943,spread_resid,email-Eu-core,8
-0.0059060433346381,-0.0036350378168453178,0.2222222222222222,0.24489795918367346,0.031244480479692888,1,node+edge+subgraph+dynamic,56,1.3381826000113506,16.300206699997943,spread_resid,email-Eu-core,9
0.7677679396492146,0.9040490953583388,0.5555555555555556,0.7346938775510204,1229.975270776654,1,node+edge+subgraph,56,1.3342495000106283,16.300206699997943,betweenness,email-Eu-core,0
0.7861223546084991,0.9125209593720218,0.5555555555555556,0.7551020408163265,1241.751429567959,1,node+edge+subgraph,56,1.3260412999952678,16.300206699997943,betweenness,email-Eu-core,1
0.7648644298887282,0.9047120892959707,0.5555555555555556,0.7551020408163265,1225.4380518718476,1,node+edge+subgraph,56,1.2969227000139654,16.300206699997943,betweenness,email-Eu-core,2
0.760908560736329,0.8987471634792712,0.6666666666666666,0.7551020408163265,1229.0665911261583,1,node+edge+subgraph,56,1.354776199994376,16.300206699997943,betweenness,email-Eu-core,3
0.7912950942270442,0.9248042384796987,0.5555555555555556,0.7551020408163265,1194.1121472174193,1,node+edge+subgraph,56,1.3249464000109583,16.300206699997943,betweenness,email-Eu-core,4
0.7757380186437015,0.9136151917318133,0.3333333333333333,0.7346938775510204,1367.833622592972,1,node+edge+subgraph,56,1.3465400999994017,16.300206699997943,betweenness,email-Eu-core,5
0.7789577147372233,0.9150505654193153,0.5555555555555556,0.7551020408163265,1252.6423879422232,1,node+edge+subgraph,56,1.3815546000259928,16.300206699997943,betweenness,email-Eu-core,6
0.7540025346012799,0.896729317933843,0.4444444444444444,0.7551020408163265,1254.2440890006828,1,node+edge+subgraph,56,1.3765745999990031,16.300206699997943,betweenness,email-Eu-core,7
0.7720042788779179,0.9056737522376125,0.6666666666666666,0.7346938775510204,1205.1952628199592,1,node+edge+subgraph,56,1.3930665000225417,16.300206699997943,betweenness,email-Eu-core,8
0.7563262535035541,0.8955980906698736,0.4444444444444444,0.7755102040816326,1176.326012578862,1,node+edge+subgraph,56,1.3061768999905325,16.300206699997943,betweenness,email-Eu-core,9
0.7677679396492146,0.9040490953583388,0.5555555555555556,0.7346938775510204,1229.975270776654,1,node+edge+subgraph+dynamic,56,1.3408623000141233,16.300206699997943,betweenness,email-Eu-core,0
0.7861223546084991,0.9125209593720218,0.5555555555555556,0.7551020408163265,1241.751429567959,1,node+edge+subgraph+dynamic,56,1.3760745000035968,16.300206699997943,betweenness,email-Eu-core,1
0.7648644298887282,0.9047120892959707,0.5555555555555556,0.7551020408163265,1225.4380518718476,1,node+edge+subgraph+dynamic,56,1.3711936000036076,16.300206699997943,betweenness,email-Eu-core,2
0.760908560736329,0.8987471634792712,0.6666666666666666,0.7551020408163265,1229.0665911261583,1,node+edge+subgraph+dynamic,56,1.2864308999851346,16.300206699997943,betweenness,email-Eu-core,3
0.7912950942270442,0.9248042384796987,0.5555555555555556,0.7551020408163265,1194.1121472174193,1,node+edge+subgraph+dynamic,56,1.3478785999759566,16.300206699997943,betweenness,email-Eu-core,4
0.7757380186437015,0.9136151917318133,0.3333333333333333,0.7346938775510204,1367.833622592972,1,node+edge+subgraph+dynamic,56,1.3464050999900792,16.300206699997943,betweenness,email-Eu-core,5
0.7789577147372233,0.9150505654193153,0.5555555555555556,0.7551020408163265,1252.6423879422232,1,node+edge+subgraph+dynamic,56,1.3909011000068858,16.300206699997943,betweenness,email-Eu-core,6
0.7540025346012799,0.896729317933843,0.4444444444444444,0.7551020408163265,1254.2440890006828,1,node+edge+subgraph+dynamic,56,1.347289199999068,16.300206699997943,betweenness,email-Eu-core,7
0.7720042788779179,0.9056737522376125,0.6666666666666666,0.7346938775510204,1205.1952628199592,1,node+edge+subgraph+dynamic,56,1.3709465000138152,16.300206699997943,betweenness,email-Eu-core,8
0.7563262535035541,0.8955980906698736,0.4444444444444444,0.7755102040816326,1176.326012578862,1,node+edge+subgraph+dynamic,56,1.3723668999737129,16.300206699997943,betweenness,email-Eu-core,9
