kendall_tau,spearman,precision_at_1pct,precision_at_5pct,rmse,radius,richness,n_features,fit_seconds,feature_seconds,target,network,seed
0.6710083750055639,0.8576158560699652,0.8548387096774194,0.286624203821656,16.232550251384033,0,node,2,4.044902499997988,3.499999911582563e-05,spread_mean,p2p-Gnutella08,0
0.6714862054255586,0.8578414390262523,0.8709677419354839,0.2643312101910828,16.26271250329499,0,node,2,0.6205304000031902,3.499999911582563e-05,spread_mean,p2p-Gnutella08,1
0.6701985785583904,0.8575360464214719,0.8548387096774194,0.2643312101910828,16.298752923294167,0,node,2,0.6113903000004939,3.499999911582563e-05,spread_mean,p2p-Gnutella08,2
0.6701339872159601,0.856792943122317,0.8548387096774194,0.286624203821656,16.342667072250492,0,node,2,0.5900413999988814,3.499999911582563e-05,spread_mean,p2p-Gnutella08,3
0.66998584978878,0.8566528160645038,0.8709677419354839,0.2834394904458598,16.23080264755006,0,node,2,0.6150401999984751,3.499999911582563e-05,spread_mean,p2p-Gnutella08,4
0.6683323909668337,0.8551688660029811,0.8709677419354839,0.2770700636942675,16.32728251064677,0,node,2,0.6008666999987327,3.499999911582563e-05,spread_mean,p2p-Gnutella08,5
0.6702889737853954,0.8574274790299625,0.8548387096774194,0.286624203821656,16.3763957352736,0,node,2,0.6074284999995143,3.499999911582563e-05,spread_mean,p2p-Gnutella08,6
0.6712751378624013,0.8580507588429006,0.8709677419354839,0.2770700636942675,16.262228715738576,0,node,2,0.5913362999999663,3.499999911582563e-05,spread_mean,p2p-Gnutella08,7
0.6704023727121131,0.8575055547000332,0.8548387096774194,0.2643312101910828,16.298706860431935,0,node,2,0.644876899998053,3.499999911582563e-05,spread_mean,p2p-Gnutella08,8
0.6673362817729144,0.855648488381021,0.8709677419354839,0.2643312101910828,16.221923253185693,0,node,2,0.5977457999979379,3.499999911582563e-05,spread_mean,p2p-Gnutella08,9
0.6710083750055639,0.8576158560699652,0.8548387096774194,0.286624203821656,16.232550251384033,0,node+edge,2,0.6000077999997302,3.499999911582563e-05,spread_mean,p2p-Gnutella08,0
0.6714862054255586,0.8578414390262523,0.8709677419354839,0.2643312101910828,16.26271250329499,0,node+edge,2,0.6023657000041567,3.499999911582563e-05,spread_mean,p2p-Gnutella08,1
0.6701985785583904,0.8575360464214719,0.8548387096774194,0.2643312101910828,16.298752923294167,0,node+edge,2,0.5925487999993493,3.499999911582563e-05,spread_mean,p2p-Gnutella08,2
0.6701339872159601,0.856792943122317,0.8548387096774194,0.286624203821656,16.342667072250492,0,node+edge,2,0.616102600004524,3.499999911582563e-05,spread_mean,p2p-Gnutella08,3
0.66998584978878,0.8566528160645038,0.8709677419354839,0.2834394904458598,16.23080264755006,0,node+edge,2,0.6324940999984392,3.499999911582563e-05,spread_mean,p2p-Gnutella08,4
0.6683323909668337,0.8551688660029811,0.8709677419354839,0.2770700636942675,16.32728251064677,0,node+edge,2,0.6162708999981987,3.499999911582563e-05,spread_mean,p2p-Gnutella08,5
0.6702889737853954,0.8574274790299625,0.8548387096774194,0.286624203821656,16.3763957352736,0,node+edge,2,0.5929309999992256,3.499999911582563e-05,spread_mean,p2p-Gnutella08,6
0.6712751378624013,0.8580507588429006,0.8709677419354839,0.2770700636942675,16.262228715738576,0,node+edge,2,0.6142781000016839,3.499999911582563e-05,spread_mean,p2p-Gnutella08,7
0.6704023727121131,0.8575055547000332,0.8548387096774194,0.2643312101910828,16.298706860431935,0,node+edge,2,0.609687500000291,3.499999911582563e-05,spread_mean,p2p-Gnutella08,8
0.6673362817729144,0.855648488381021,0.8709677419354839,0.2643312101910828,16.221923253185693,0,node+edge,2,0.6463301000039792,3.499999911582563e-05,spread_mean,p2p-Gnutella08,9
0.6710083750055639,0.8576158560699652,0.8548387096774194,0.286624203821656,16.232550251384033,0,node+edge+subgraph,2,0.6132179999985965,3.499999911582563e-05,spread_mean,p2p-Gnutella08,0
0.6714862054255586,0.8578414390262523,0.8709677419354839,0.2643312101910828,16.26271250329499,0,node+edge+subgraph,2,0.6034724999990431,3.499999911582563e-05,spread_mean,p2p-Gnutella08,1
0.6701985785583904,0.8575360464214719,0.8548387096774194,0.2643312101910828,16.298752923294167,0,node+edge+subgraph,2,0.5860772000014549,3.499999911582563e-05,spread_mean,p2p-Gnutella08,2
0.6701339872159601,0.856792943122317,0.8548387096774194,0.286624203821656,16.342667072250492,0,node+edge+subgraph,2,0.6595579999993788,3.499999911582563e-05,spread_mean,p2p-Gnutella08,3
0.66998584978878,0.8566528160645038,0.8709677419354839,0.2834394904458598,16.23080264755006,0,node+edge+subgraph,2,0.664348099999188,3.499999911582563e-05,spread_mean,p2p-Gnutella08,4
0.6683323909668337,0.8551688660029811,0.8709677419354839,0.2770700636942675,16.32728251064677,0,node+edge+subgraph,2,0.6140185000040219,3.499999911582563e-05,spread_mean,p2p-Gnutella08,5
0.6702889737853954,0.8574274790299625,0.8548387096774194,0.286624203821656,16.3763957352736,0,node+edge+subgraph,2,0.6328515999994124,3.499999911582563e-05,spread_mean,p2p-Gnutella08,6
0.6712751378624013,0.8580507588429006,0.8709677419354839,0.2770700636942675,16.262228715738576,0,node+edge+subgraph,2,0.6732351999962702,3.499999911582563e-05,spread_mean,p2p-Gnutella08,7
0.6704023727121131,0.8575055547000332,0.8548387096774194,0.2643312101910828,16.298706860431935,0,node+edge+subgraph,2,0.6215548000036506,3.499999911582563e-05,spread_mean,p2p-Gnutella08,8
0.6673362817729144,0.855648488381021,0.8709677419354839,0.2643312101910828,16.221923253185693,0,node+edge+subgraph,2,0.6061792999971658,3.499999911582563e-05,spread_mean,p2p-Gnutella08,9
0.6710083750055639,0.8576158560699652,0.8548387096774194,0.286624203821656,16.232550251384033,0,node+edge+subgraph+dynamic,2,0.6259749000018928,3.499999911582563e-05,spread_mean,p2p-Gnutella08,0
0.6714862054255586,0.8578414390262523,0.8709677419354839,0.2643312101910828,16.26271250329499,0,node+edge+subgraph+dynamic,2,0.6195651000016369,3.499999911582563e-05,spread_mean,p2p-Gnutella08,1
0.6701985785583904,0.8575360464214719,0.8548387096774194,0.2643312101910828,16.298752923294167,0,node+edge+subgraph+dynamic,2,0.6170693000021856,3.499999911582563e-05,spread_mean,p2p-Gnutella08,2
0.6701339872159601,0.856792943122317,0.8548387096774194,0.286624203821656,16.342667072250492,0,node+edge+subgraph+dynamic,2,0.5848744000031729,3.499999911582563e-05,spread_mean,p2p-Gnutella08,3
0.66998584978878,0.8566528160645038,0.8709677419354839,0.2834394904458598,16.23080264755006,0,node+edge+subgraph+dynamic,2,0.5747609999962151,3.499999911582563e-05,spread_mean,p2p-Gnutella08,4
0.6683323909668337,0.8551688660029811,0.8709677419354839,0.2770700636942675,16.32728251064677,0,node+edge+subgraph+dynamic,2,0.5847595000013825,3.499999911582563e-05,spread_mean,p2p-Gnutella08,5
0.6702889737853954,0.8574274790299625,0.8548387096774194,0.286624203821656,16.3763957352736,0,node+edge+subgraph+dynamic,2,0.6151706999953603,3.499999911582563e-05,spread_mean,p2p-Gnutella08,6
0.6712751378624013,0.8580507588429006,0.8709677419354839,0.2770700636942675,16.262228715738576,0,node+edge+subgraph+dynamic,2,0.6123382000005222,3.499999911582563e-05,spread_mean,p2p-Gnutella08,7
0.6704023727121131,0.8575055547000332,0.8548387096774194,0.2643312101910828,16.298706860431935,0,node+edge+subgraph+dynamic,2,0.631669199996395,3.499999911582563e-05,spread_mean,p2p-Gnutella08,8
0.6673362817729144,0.855648488381021,0.8709677419354839,0.2643312101910828,16.221923253185693,0,node+edge+subgraph+dynamic,2,0.6180951000060304,3.499999911582563e-05,spread_mean,p2p-Gnutella08,9
0.7988130468681675,0.9418981245257384,0.9516129032258064,0.9522292993630572,2.9791195400316552,1,node,17,0.7879762000011397,0.6081389000055424,spread_mean,p2p-Gnutella08,0
0.7992460179172355,0.9419763986730516,0.935483870967742,0.9490445859872612,3.1208658044754816,1,node,17,0.7219511000002967,0.6081389000055424,spread_mean,p2p-Gnutella08,1
0.7990019313210954,0.9419194104618008,0.9516129032258064,0.945859872611465,2.902370012994194,1,node,17,0.7647683000031975,0.6081389000055424,spread_mean,p2p-Gnutella08,2
0.7986778599948182,0.9416644926152724,0.9516129032258064,0.9522292993630572,3.205190609595456,1,node,17,0.7133622999972431,0.6081389000055424,spread_mean,p2p-Gnutella08,3
0.7998677278756281,0.9421965684614032,0.9516129032258064,0.9426751592356688,3.0901885684484105,1,node,17,0.7108640000005835,0.6081389000055424,spread_mean,p2p-Gnutella08,4
0.7986094038688547,0.9417911682130116,0.935483870967742,0.945859872611465,3.051906061823201,1,node,17,0.7257985999967786,0.6081389000055424,spread_mean,p2p-Gnutella08,5
0.7995168222310715,0.9421329419692658,0.935483870967742,0.9554140127388536,2.860560374178444,1,node,17,0.6659571999989566,0.6081389000055424,spread_mean,p2p-Gnutella08,6
0.7996876892998939,0.9421808284475476,0.935483870967742,0.9426751592356688,2.958625225169182,1,node,17,0.762075200000254,0.6081389000055424,spread_mean,p2p-Gnutella08,7
0.7996392027165072,0.9422093018564872,0.9516129032258064,0.9426751592356688,2.9084567465286373,1,node,17,0.7352854000055231,0.6081389000055424,spread_mean,p2p-Gnutella08,8
0.7984842306537853,0.941674541997074,0.935483870967742,0.9426751592356688,2.934295997688745,1,node,17,0.73750299999665,0.6081389000055424,spread_mean,p2p-Gnutella08,9
0.798875025796144,0.9418878430868336,0.9516129032258064,0.9585987261146496,2.9951681162660484,1,node+edge,38,1.02170450000267,0.861909100005505,spread_mean,p2p-Gnutella08,0
0.7987558159942612,0.9419159548829508,0.935483870967742,0.9522292993630572,3.0529764350142776,1,node+edge,38,0.9177630999984104,0.861909100005505,spread_mean,p2p-Gnutella08,1
0.7989724105578205,0.9418936512966104,0.935483870967742,0.961783439490446,2.862918740203506,1,node+edge,38,0.9031470999980228,0.861909100005505,spread_mean,p2p-Gnutella08,2
0.7992191834276496,0.9419774575641764,0.9516129032258064,0.9490445859872612,3.1341593072571783,1,node+edge,38,0.9161668000015196,0.861909100005505,spread_mean,p2p-Gnutella08,3
0.7998936330387122,0.942172272998528,0.9516129032258064,0.945859872611465,2.938717004067208,1,node+edge,38,0.9038414000024204,0.861909100005505,spread_mean,p2p-Gnutella08,4
0.7991742543842866,0.9421601783021644,0.967741935483871,0.9522292993630572,2.8821999291428537,1,node+edge,38,0.949281000001065,0.861909100005505,spread_mean,p2p-Gnutella08,5
0.7997905320701196,0.9424221587160002,0.9516129032258064,0.9522292993630572,2.880466043350368,1,node+edge,38,0.9467243999970378,0.861909100005505,spread_mean,p2p-Gnutella08,6
0.8002571894926818,0.942446016124392,0.935483870967742,0.9490445859872612,2.913567879625309,1,node+edge,38,0.8762894000028609,0.861909100005505,spread_mean,p2p-Gnutella08,7
0.7999584997331406,0.9423784756013828,0.935483870967742,0.9554140127388536,2.871597598752793,1,node+edge,38,0.9026890999957686,0.861909100005505,spread_mean,p2p-Gnutella08,8
0.7991029202246589,0.9419293906606728,0.9516129032258064,0.945859872611465,2.8821835060388485,1,node+edge,38,0.9408318000059808,0.861909100005505,spread_mean,p2p-Gnutella08,9
0.8849550361355011,0.9795441031105444,0.967741935483871,0.9585987261146496,1.7887537977140278,2,node,35,0.8829421000045841,1.287088100039,spread_mean,p2p-Gnutella08,0
0.884908689498545,0.9795778145689016,0.935483870967742,0.961783439490446,1.9207390018889157,2,node,35,0.9221640000032494,1.287088100039,spread_mean,p2p-Gnutella08,1
0.8847440876641738,0.9795318302565272,0.9516129032258064,0.9490445859872612,1.736560813123588,2,node,35,0.913961799997196,1.287088100039,spread_mean,p2p-Gnutella08,2
0.8850340496510462,0.9795241299548152,0.967741935483871,0.9554140127388536,2.034727260727285,2,node,35,0.8837808999960544,1.287088100039,spread_mean,p2p-Gnutella08,3
0.8847486722617832,0.9795026480174076,0.967741935483871,0.9554140127388536,1.8023538759968216,2,node,35,0.864537500005099,1.287088100039,spread_mean,p2p-Gnutella08,4
0.8848932584619953,0.9794396648130436,0.967741935483871,0.945859872611465,1.8790825463388765,2,node,35,0.891682800000126,1.287088100039,spread_mean,p2p-Gnutella08,5
0.8847619371781417,0.9794418754709756,0.967741935483871,0.9554140127388536,1.772611300408401,2,node,35,0.909934000002977,1.287088100039,spread_mean,p2p-Gnutella08,6
0.8850188160844573,0.9795786443693432,0.967741935483871,0.9585987261146496,1.8361040811280067,2,node,35,0.892271199998504,1.287088100039,spread_mean,p2p-Gnutella08,7
0.884919034773403,0.9794402188190052,0.9516129032258064,0.9554140127388536,1.731819665271695,2,node,35,0.957085599999118,1.287088100039,spread_mean,p2p-Gnutella08,8
0.8844092927117062,0.9793408087529264,0.967741935483871,0.945859872611465,1.7954511015976635,2,node,35,0.8757680000053369,1.287088100039,spread_mean,p2p-Gnutella08,9
0.8856516121674858,0.9797760494753068,0.967741935483871,0.9585987261146496,1.4288971311503764,2,node+edge,80,1.7475181000045268,1.5408583000389626,spread_mean,p2p-Gnutella08,0
0.88547810159195,0.979721502920174,0.935483870967742,0.9585987261146496,1.4272202181329123,2,node+edge,80,1.6165139999939129,1.5408583000389626,spread_mean,p2p-Gnutella08,1
0.885586635356517,0.9797571070802844,0.967741935483871,0.9522292993630572,1.3991550463095377,2,node+edge,80,1.374281800002791,1.5408583000389626,spread_mean,p2p-Gnutella08,2
0.8849865030157988,0.9795240321235316,0.967741935483871,0.964968152866242,1.4674100082289496,2,node+edge,80,1.3466458000038983,1.5408583000389626,spread_mean,p2p-Gnutella08,3
0.8847074928698653,0.9794559981756512,0.967741935483871,0.961783439490446,1.380574111464612,2,node+edge,80,1.3316482999944128,1.5408583000389626,spread_mean,p2p-Gnutella08,4
0.8847848882812673,0.9794628616316003,0.967741935483871,0.9490445859872612,1.451940238587482,2,node+edge,80,1.3481554000027245,1.5408583000389626,spread_mean,p2p-Gnutella08,5
0.8852633597735666,0.979557500236182,0.967741935483871,0.9554140127388536,1.4823608421994403,2,node+edge,80,1.347736999996414,1.5408583000389626,spread_mean,p2p-Gnutella08,6
0.8853145598006583,0.979718662029427,0.967741935483871,0.9522292993630572,1.3829467955881474,2,node+edge,80,1.475797600003716,1.5408583000389626,spread_mean,p2p-Gnutella08,7
0.8852411535963757,0.9795784901581291,0.9516129032258064,0.9554140127388536,1.4211977935809708,2,node+edge,80,1.3845870000004652,1.5408583000389626,spread_mean,p2p-Gnutella08,8
0.8848256771832655,0.979494860325904,0.967741935483871,0.9554140127388536,1.4503079642175245,2,node+edge,80,1.3527595000050496,1.5408583000389626,spread_mean,p2p-Gnutella08,9
0.8859452931281407,0.9797302796813824,0.9838709677419356,0.9585987261146496,1.2157020677267356,2,node+edge+subgraph,144,2.36815889999707,2.343988400039052,spread_mean,p2p-Gnutella08,0
0.8855929342849755,0.9795624936968388,0.967741935483871,0.9522292993630572,1.224898370271603,2,node+edge+subgraph,144,2.1985990000030142,2.343988400039052,spread_mean,p2p-Gnutella08,1
0.8858594415987346,0.979597654053443,0.967741935483871,0.9585987261146496,1.2011779141975656,2,node+edge+subgraph,144,2.147370200000296,2.343988400039052,spread_mean,p2p-Gnutella08,2
0.8856030707566894,0.9795936187122136,0.9838709677419356,0.964968152866242,1.2389540723149126,2,node+edge+subgraph,144,2.2016170999995666,2.343988400039052,spread_mean,p2p-Gnutella08,3
0.8852834990705684,0.979535877411651,0.9838709677419356,0.9490445859872612,1.2127374843419916,2,node+edge+subgraph,144,2.158430800001952,2.343988400039052,spread_mean,p2p-Gnutella08,4
0.8859003511925674,0.979672209273962,0.9838709677419356,0.9490445859872612,1.285992168338599,2,node+edge+subgraph,144,2.1957744999963325,2.343988400039052,spread_mean,p2p-Gnutella08,5
0.8860454155805894,0.9797351063621544,0.9838709677419356,0.9554140127388536,1.2649144389056532,2,node+edge+subgraph,144,2.095373900003324,2.343988400039052,spread_mean,p2p-Gnutella08,6
0.8859082495227024,0.9797520977015852,0.967741935483871,0.9490445859872612,1.2255187941093724,2,node+edge+subgraph,144,2.487423700004001,2.343988400039052,spread_mean,p2p-Gnutella08,7
0.8857342474391494,0.9796490802903828,0.967741935483871,0.9522292993630572,1.2391539639354816,2,node+edge+subgraph,144,2.4159685999984504,2.343988400039052,spread_mean,p2p-Gnutella08,8
0.8859374674242275,0.9797373593570848,0.9838709677419356,0.9490445859872612,1.2895618209618458,2,node+edge+subgraph,144,2.2040113999973983,2.343988400039052,spread_mean,p2p-Gnutella08,9
0.8862573376576542,0.9798395936974204,0.9838709677419356,0.9585987261146496,1.2075215583667125,2,node+edge+subgraph+dynamic,145,2.340783499996178,2.343988400039052,spread_mean,p2p-Gnutella08,0
0.885921661057705,0.9796809848641024,0.967741935483871,0.9554140127388536,1.2334669196000727,2,node+edge+subgraph+dynamic,145,3.2445613000018056,2.343988400039052,spread_mean,p2p-Gnutella08,1
0.8856731318360479,0.9795989307290528,0.967741935483871,0.9585987261146496,1.2111009410875804,2,node+edge+subgraph+dynamic,145,2.827332300003036,2.343988400039052,spread_mean,p2p-Gnutella08,2
0.8859241280639695,0.9797415427197887,0.9838709677419356,0.961783439490446,1.2235967634907463,2,node+edge+subgraph+dynamic,145,3.2974444999999832,2.343988400039052,spread_mean,p2p-Gnutella08,3
0.8852142965789339,0.9795213370692578,0.9838709677419356,0.9522292993630572,1.2176156054068956,2,node+edge+subgraph+dynamic,145,3.0305518999957712,2.343988400039052,spread_mean,p2p-Gnutella08,4
0.885628540865534,0.9796326075518784,0.9838709677419356,0.945859872611465,1.3015185849104558,2,node+edge+subgraph+dynamic,145,2.9492001999969943,2.343988400039052,spread_mean,p2p-Gnutella08,5
0.885986186907134,0.9797115094483786,0.9838709677419356,0.9585987261146496,1.2571761392943763,2,node+edge+subgraph+dynamic,145,2.877444400000968,2.343988400039052,spread_mean,p2p-Gnutella08,6
0.8863652236648016,0.97984322123267,0.967741935483871,0.9554140127388536,1.1965910048014274,2,node+edge+subgraph+dynamic,145,3.0263096999988197,2.343988400039052,spread_mean,p2p-Gnutella08,7
0.8854871498298019,0.9795445123296644,0.967741935483871,0.9585987261146496,1.2514738340177305,2,node+edge+subgraph+dynamic,145,3.200233000003209,2.343988400039052,spread_mean,p2p-Gnutella08,8
0.8855819159775663,0.979634350242384,0.9838709677419356,0.9490445859872612,1.2974066961037751,2,node+edge+subgraph+dynamic,145,2.9200353999985964,2.343988400039052,spread_mean,p2p-Gnutella08,9
0.9129500936118952,0.9886392870453196,0.967741935483871,0.9554140127388536,1.4653693343545162,3,node,45,1.24489370000083,2.0839697999690543,spread_mean,p2p-Gnutella08,0
0.9126711714668602,0.9885508827362678,0.967741935483871,0.9681528662420382,1.5400539793429848,3,node,45,1.250821099994937,2.0839697999690543,spread_mean,p2p-Gnutella08,1
0.9131000546887136,0.9886739163319598,0.9516129032258064,0.961783439490446,1.5007427097672177,3,node,45,1.2880720000030124,2.0839697999690543,spread_mean,p2p-Gnutella08,2
0.9128848285135984,0.9885907908561308,0.9838709677419356,0.9585987261146496,1.771004948218203,3,node,45,1.358307800001057,2.0839697999690543,spread_mean,p2p-Gnutella08,3
0.912296250726798,0.9885326337746418,0.9516129032258064,0.9585987261146496,1.587753153911336,3,node,45,1.3026523000007728,2.0839697999690543,spread_mean,p2p-Gnutella08,4
0.9129428270047778,0.9886096684251072,0.967741935483871,0.964968152866242,1.636108647980872,3,node,45,1.2420983000047272,2.0839697999690543,spread_mean,p2p-Gnutella08,5
0.9128249227028348,0.9886195889181096,0.967741935483871,0.9585987261146496,1.5176988480940428,3,node,45,1.275394200005394,2.0839697999690543,spread_mean,p2p-Gnutella08,6
0.912805128649584,0.9886000722190414,0.967741935483871,0.9585987261146496,1.375941326551882,3,node,45,1.2440620999987004,2.0839697999690543,spread_mean,p2p-Gnutella08,7
0.9131840424744038,0.9886860029355252,0.9516129032258064,0.961783439490446,1.490531609539918,3,node,45,1.2125314000004437,2.0839697999690543,spread_mean,p2p-Gnutella08,8
0.9128694051223134,0.9886271076898844,0.967741935483871,0.9585987261146496,1.5077574412931554,3,node,45,1.20501140000124,2.0839697999690543,spread_mean,p2p-Gnutella08,9
0.9133521561954604,0.9887689963527276,0.967741935483871,0.9585987261146496,1.2011531462404814,3,node+edge,93,1.8440345999988492,2.337739999969017,spread_mean,p2p-Gnutella08,0
0.9137881799908484,0.9888896913682244,0.967741935483871,0.964968152866242,1.254576265605731,3,node+edge,93,1.8302581000025384,2.337739999969017,spread_mean,p2p-Gnutella08,1
0.9144529046124809,0.9890182391798212,0.9516129032258064,0.9585987261146496,1.242680379436972,3,node+edge,93,1.9013672000000952,2.337739999969017,spread_mean,p2p-Gnutella08,2
0.9137189530158488,0.9888232477262648,0.967741935483871,0.961783439490446,1.1803185304863428,3,node+edge,93,2.0403064000056474,2.337739999969017,spread_mean,p2p-Gnutella08,3
0.9136993671412442,0.9888372261572054,0.967741935483871,0.9585987261146496,1.1881840847660456,3,node+edge,93,2.003165199996147,2.337739999969017,spread_mean,p2p-Gnutella08,4
0.9144854784159012,0.9890528329312258,0.967741935483871,0.961783439490446,1.2918406367968385,3,node+edge,93,2.3259742999944137,2.337739999969017,spread_mean,p2p-Gnutella08,5
0.914118428263444,0.9889864721443606,0.9516129032258064,0.9585987261146496,1.2433194528868892,3,node+edge,93,2.276065400001244,2.337739999969017,spread_mean,p2p-Gnutella08,6
0.9140106615707808,0.9889214960222552,0.967741935483871,0.9554140127388536,1.1804416721149795,3,node+edge,93,2.0046271000028355,2.337739999969017,spread_mean,p2p-Gnutella08,7
0.9138661957148893,0.988821891370691,0.967741935483871,0.9554140127388536,1.2403944705740009,3,node+edge,93,1.9327928999991852,2.337739999969017,spread_mean,p2p-Gnutella08,8
0.9138805881045764,0.9888698792525416,0.967741935483871,0.964968152866242,1.3194919797527191,3,node+edge,93,1.902013500002795,2.337739999969017,spread_mean,p2p-Gnutella08,9
0.9168968337030184,0.98941394426295,0.9838709677419356,0.9585987261146496,1.196475450434654,3,node+edge+subgraph,168,3.3450235000054818,3.1408700999691064,spread_mean,p2p-Gnutella08,0
0.9171964866063702,0.9895051278646256,0.967741935483871,0.961783439490446,1.1219955367721866,3,node+edge+subgraph,168,3.088430299998436,3.1408700999691064,spread_mean,p2p-Gnutella08,1
0.9173919497202876,0.9895281653176288,0.9516129032258064,0.964968152866242,1.3276789382502223,3,node+edge+subgraph,168,3.509065499994904,3.1408700999691064,spread_mean,p2p-Gnutella08,2
0.9171947056445624,0.9894267399600958,0.9838709677419356,0.961783439490446,1.2556245866564266,3,node+edge+subgraph,168,3.113838400000532,3.1408700999691064,spread_mean,p2p-Gnutella08,3
0.9170610950345656,0.989421569443498,0.967741935483871,0.9554140127388536,1.098630829919525,3,node+edge+subgraph,168,3.317036399996141,3.1408700999691064,spread_mean,p2p-Gnutella08,4
0.9172185136819372,0.989470527493659,0.9838709677419356,0.964968152866242,1.209642150989597,3,node+edge+subgraph,168,3.391167400004633,3.1408700999691064,spread_mean,p2p-Gnutella08,5
0.9175906308904628,0.989576974342284,0.967741935483871,0.9554140127388536,1.1443088769355558,3,node+edge+subgraph,168,3.800811699999031,3.1408700999691064,spread_mean,p2p-Gnutella08,6
0.9170294006959702,0.989455093201817,0.967741935483871,0.9585987261146496,1.0894668774417584,3,node+edge+subgraph,168,3.338014300003124,3.1408700999691064,spread_mean,p2p-Gnutella08,7
0.9170257041196342,0.989400288875706,0.967741935483871,0.9585987261146496,1.1225803591738412,3,node+edge+subgraph,168,3.139060800000152,3.1408700999691064,spread_mean,p2p-Gnutella08,8
0.9172256304746936,0.989490334908827,0.9838709677419356,0.9554140127388536,1.1524473018694057,3,node+edge+subgraph,168,3.1464369000023,3.1408700999691064,spread_mean,p2p-Gnutella08,9
0.9169273230958752,0.9894174149150448,0.9838709677419356,0.9522292993630572,1.188071748546869,3,node+edge+subgraph+dynamic,170,3.2597196999995504,3.1408700999691064,spread_mean,p2p-Gnutella08,0
0.9166922680311655,0.9893558194028448,0.967741935483871,0.9585987261146496,1.1259114788772753,3,node+edge+subgraph+dynamic,170,3.3147761000000173,3.1408700999691064,spread_mean,p2p-Gnutella08,1
0.9172584214975592,0.9895034003311206,0.9516129032258064,0.961783439490446,1.3283013683910532,3,node+edge+subgraph+dynamic,170,3.233711900000344,3.1408700999691064,spread_mean,p2p-Gnutella08,2
0.9170237328148048,0.9893978028510856,0.9838709677419356,0.9554140127388536,1.262584736585946,3,node+edge+subgraph+dynamic,170,3.168827199995576,3.1408700999691064,spread_mean,p2p-Gnutella08,3
0.917035877758064,0.989423064924095,0.967741935483871,0.9585987261146496,1.107940160909448,3,node+edge+subgraph+dynamic,170,3.139286699995864,3.1408700999691064,spread_mean,p2p-Gnutella08,4
0.9171133072020689,0.989430822169494,0.9838709677419356,0.964968152866242,1.200807264292777,3,node+edge+subgraph+dynamic,170,3.4117637000017567,3.1408700999691064,spread_mean,p2p-Gnutella08,5
0.9172995337012948,0.989499273336766,0.967741935483871,0.9554140127388536,1.1420921311250374,3,node+edge+subgraph+dynamic,170,3.1253429999997024,3.1408700999691064,spread_mean,p2p-Gnutella08,6
0.916873487000076,0.9894185796538736,0.967741935483871,0.9522292993630572,1.1094537540867582,3,node+edge+subgraph+dynamic,170,3.3215385000003157,3.1408700999691064,spread_mean,p2p-Gnutella08,7
0.9169621115192518,0.9893774268121532,0.967741935483871,0.9585987261146496,1.0960583975689442,3,node+edge+subgraph+dynamic,170,3.3148557000022265,3.1408700999691064,spread_mean,p2p-Gnutella08,8
0.9172233278751164,0.9894766752901032,0.9838709677419356,0.9585987261146496,1.157968470632783,3,node+edge+subgraph+dynamic,170,3.3454277999990154,3.1408700999691064,spread_mean,p2p-Gnutella08,9
0.4558477640395178,0.6372530695642811,0.0,0.0382165605095541,1.3781457780791653,0,node,2,0.7808834000024945,3.499999911582563e-05,spread_cv,p2p-Gnutella08,0
0.4569759237065627,0.6393476075867627,0.0,0.0414012738853503,1.378916931404429,0,node,2,0.7974484999940614,3.499999911582563e-05,spread_cv,p2p-Gnutella08,1
0.4563169900263281,0.6373020521576414,0.0,0.019108280254777,1.3792361750916975,0,node,2,0.7761111999934656,3.499999911582563e-05,spread_cv,p2p-Gnutella08,2
0.4572867592172862,0.6395448295390291,0.0,0.0222929936305732,1.3786822376822947,0,node,2,0.7510611999969115,3.499999911582563e-05,spread_cv,p2p-Gnutella08,3
0.4581328603734255,0.6395333967761433,0.0,0.0159235668789808,1.3780600797998772,0,node,2,0.7724701999977697,3.499999911582563e-05,spread_cv,p2p-Gnutella08,4
0.4554081136543964,0.6386341485417429,0.0,0.019108280254777,1.3784215551050911,0,node,2,0.7331425999946077,3.499999911582563e-05,spread_cv,p2p-Gnutella08,5
0.4540780469870288,0.635286087097272,0.0,0.0063694267515923,1.3796264355819894,0,node,2,0.7838779999947292,3.499999911582563e-05,spread_cv,p2p-Gnutella08,6
0.4566050747899485,0.6375637880276842,0.0,0.0127388535031847,1.3784316427678167,0,node,2,0.7647199999992154,3.499999911582563e-05,spread_cv,p2p-Gnutella08,7
0.4559280628032753,0.6384729576407815,0.0,0.0350318471337579,1.3784802782018606,0,node,2,0.699794699998165,3.499999911582563e-05,spread_cv,p2p-Gnutella08,8
0.4548808139051517,0.6374682905341689,0.0,0.019108280254777,1.3791970570630785,0,node,2,0.8068628000037279,3.499999911582563e-05,spread_cv,p2p-Gnutella08,9
0.4558477640395178,0.6372530695642811,0.0,0.0382165605095541,1.3781457780791653,0,node+edge,2,0.7966400999939651,3.499999911582563e-05,spread_cv,p2p-Gnutella08,0
0.4569759237065627,0.6393476075867627,0.0,0.0414012738853503,1.378916931404429,0,node+edge,2,0.774441300003673,3.499999911582563e-05,spread_cv,p2p-Gnutella08,1
0.4563169900263281,0.6373020521576414,0.0,0.019108280254777,1.3792361750916975,0,node+edge,2,0.8060188000017661,3.499999911582563e-05,spread_cv,p2p-Gnutella08,2
0.4572867592172862,0.6395448295390291,0.0,0.0222929936305732,1.3786822376822947,0,node+edge,2,0.8233429999963846,3.499999911582563e-05,spread_cv,p2p-Gnutella08,3
0.4581328603734255,0.6395333967761433,0.0,0.0159235668789808,1.3780600797998772,0,node+edge,2,0.8070519999964745,3.499999911582563e-05,spread_cv,p2p-Gnutella08,4
0.4554081136543964,0.6386341485417429,0.0,0.019108280254777,1.3784215551050911,0,node+edge,2,0.8049793000027421,3.499999911582563e-05,spread_cv,p2p-Gnutella08,5
0.4540780469870288,0.635286087097272,0.0,0.0063694267515923,1.3796264355819894,0,node+edge,2,0.8058094000007259,3.499999911582563e-05,spread_cv,p2p-Gnutella08,6
0.4566050747899485,0.6375637880276842,0.0,0.0127388535031847,1.3784316427678167,0,node+edge,2,0.8789229999965755,3.499999911582563e-05,spread_cv,p2p-Gnutella08,7
0.4559280628032753,0.6384729576407815,0.0,0.0350318471337579,1.3784802782018606,0,node+edge,2,0.8785205000021961,3.499999911582563e-05,spread_cv,p2p-Gnutella08,8
0.4548808139051517,0.6374682905341689,0.0,0.019108280254777,1.3791970570630785,0,node+edge,2,0.8460893000010401,3.499999911582563e-05,spread_cv,p2p-Gnutella08,9
0.4558477640395178,0.6372530695642811,0.0,0.0382165605095541,1.3781457780791653,0,node+edge+subgraph,2,0.8118516999966232,3.499999911582563e-05,spread_cv,p2p-Gnutella08,0
0.4569759237065627,0.6393476075867627,0.0,0.0414012738853503,1.378916931404429,0,node+edge+subgraph,2,0.8062147999953595,3.499999911582563e-05,spread_cv,p2p-Gnutella08,1
0.4563169900263281,0.6373020521576414,0.0,0.019108280254777,1.3792361750916975,0,node+edge+subgraph,2,0.7696852999943076,3.499999911582563e-05,spread_cv,p2p-Gnutella08,2
0.4572867592172862,0.6395448295390291,0.0,0.0222929936305732,1.3786822376822947,0,node+edge+subgraph,2,0.7640734999949927,3.499999911582563e-05,spread_cv,p2p-Gnutella08,3
0.4581328603734255,0.6395333967761433,0.0,0.0159235668789808,1.3780600797998772,0,node+edge+subgraph,2,0.769231199999922,3.499999911582563e-05,spread_cv,p2p-Gnutella08,4
0.4554081136543964,0.6386341485417429,0.0,0.019108280254777,1.3784215551050911,0,node+edge+subgraph,2,0.7863429999997607,3.499999911582563e-05,spread_cv,p2p-Gnutella08,5
0.4540780469870288,0.635286087097272,0.0,0.0063694267515923,1.3796264355819894,0,node+edge+subgraph,2,0.7806616999951075,3.499999911582563e-05,spread_cv,p2p-Gnutella08,6
0.4566050747899485,0.6375637880276842,0.0,0.0127388535031847,1.3784316427678167,0,node+edge+subgraph,2,0.7848846999986563,3.499999911582563e-05,spread_cv,p2p-Gnutella08,7
0.4559280628032753,0.6384729576407815,0.0,0.0350318471337579,1.3784802782018606,0,node+edge+subgraph,2,0.7494213999962085,3.499999911582563e-05,spread_cv,p2p-Gnutella08,8
0.4548808139051517,0.6374682905341689,0.0,0.019108280254777,1.3791970570630785,0,node+edge+subgraph,2,0.7887407000016537,3.499999911582563e-05,spread_cv,p2p-Gnutella08,9
0.4558477640395178,0.6372530695642811,0.0,0.0382165605095541,1.3781457780791653,0,node+edge+subgraph+dynamic,2,0.795730599995295,3.499999911582563e-05,spread_cv,p2p-Gnutella08,0
0.4569759237065627,0.6393476075867627,0.0,0.0414012738853503,1.378916931404429,0,node+edge+subgraph+dynamic,2,0.7974759999997332,3.499999911582563e-05,spread_cv,p2p-Gnutella08,1
0.4563169900263281,0.6373020521576414,0.0,0.019108280254777,1.3792361750916975,0,node+edge+subgraph+dynamic,2,0.7595985000007204,3.499999911582563e-05,spread_cv,p2p-Gnutella08,2
0.4572867592172862,0.6395448295390291,0.0,0.0222929936305732,1.3786822376822947,0,node+edge+subgraph+dynamic,2,0.7632607999985339,3.499999911582563e-05,spread_cv,p2p-Gnutella08,3
0.4581328603734255,0.6395333967761433,0.0,0.0159235668789808,1.3780600797998772,0,node+edge+subgraph+dynamic,2,0.7338156999976491,3.499999911582563e-05,spread_cv,p2p-Gnutella08,4
0.4554081136543964,0.6386341485417429,0.0,0.019108280254777,1.3784215551050911,0,node+edge+subgraph+dynamic,2,0.7634799000006751,3.499999911582563e-05,spread_cv,p2p-Gnutella08,5
0.4540780469870288,0.635286087097272,0.0,0.0063694267515923,1.3796264355819894,0,node+edge+subgraph+dynamic,2,0.7620896000007633,3.499999911582563e-05,spread_cv,p2p-Gnutella08,6
0.4566050747899485,0.6375637880276842,0.0,0.0127388535031847,1.3784316427678167,0,node+edge+subgraph+dynamic,2,0.7848471000033896,3.499999911582563e-05,spread_cv,p2p-Gnutella08,7
0.4559280628032753,0.6384729576407815,0.0,0.0350318471337579,1.3784802782018606,0,node+edge+subgraph+dynamic,2,0.8380818000005092,3.499999911582563e-05,spread_cv,p2p-Gnutella08,8
0.4548808139051517,0.6374682905341689,0.0,0.019108280254777,1.3791970570630785,0,node+edge+subgraph+dynamic,2,0.9563402999992832,3.499999911582563e-05,spread_cv,p2p-Gnutella08,9
0.5899672955726285,0.7602205450901571,0.0,0.0732484076433121,1.0543941190212118,1,node,17,0.9304906999968808,0.6081389000055424,spread_cv,p2p-Gnutella08,0
0.5912713078080358,0.7624964162652603,0.0161290322580645,0.0732484076433121,1.050271519811414,1,node,17,1.0693423000047917,0.6081389000055424,spread_cv,p2p-Gnutella08,1
0.5879500993489106,0.7581182882266827,0.0,0.0636942675159235,1.0627675426017162,1,node,17,1.0400957000019844,0.6081389000055424,spread_cv,p2p-Gnutella08,2
0.5889673452576458,0.759254645019028,0.0,0.0605095541401273,1.0546511147203448,1,node,17,1.0165871999997762,0.6081389000055424,spread_cv,p2p-Gnutella08,3
0.5914747556887687,0.7625150727698101,0.0,0.0700636942675159,1.0518348858362947,1,node,17,0.9524377999987336,0.6081389000055424,spread_cv,p2p-Gnutella08,4
0.5867867718666548,0.7567152647993391,0.0,0.0828025477707006,1.0652592479391572,1,node,17,1.0563341000015498,0.6081389000055424,spread_cv,p2p-Gnutella08,5
0.5897789615176084,0.7602515775139144,0.0,0.0828025477707006,1.0573261452601577,1,node,17,0.949699700002384,0.6081389000055424,spread_cv,p2p-Gnutella08,6
0.590377664050177,0.7602857312742181,0.0,0.0764331210191082,1.0560099819318196,1,node,17,0.9382241999992402,0.6081389000055424,spread_cv,p2p-Gnutella08,7
0.5885345455768467,0.7590509376758947,0.0,0.0764331210191082,1.0597663588426032,1,node,17,0.8850922999990871,0.6081389000055424,spread_cv,p2p-Gnutella08,8
0.5892205581006137,0.7592776356022791,0.0,0.0732484076433121,1.0591118172141103,1,node,17,0.8585975999958464,0.6081389000055424,spread_cv,p2p-Gnutella08,9
0.5899594435932949,0.7602344043067758,0.0,0.0859872611464968,1.0556514322563335,1,node+edge,38,1.1670779999985823,0.861909100005505,spread_cv,p2p-Gnutella08,0
0.591144120644745,0.76278063421791,0.0161290322580645,0.0732484076433121,1.0499850820315264,1,node+edge,38,1.2056812000009811,0.861909100005505,spread_cv,p2p-Gnutella08,1
0.5872582465785848,0.7577809558665042,0.0,0.0732484076433121,1.0628383300450823,1,node+edge,38,1.1899874000009731,0.861909100005505,spread_cv,p2p-Gnutella08,2
0.5893428564468471,0.7600264440158349,0.0,0.0732484076433121,1.0535501372945335,1,node+edge,38,1.0980395000005956,0.861909100005505,spread_cv,p2p-Gnutella08,3
0.5913173833061177,0.7624456108595822,0.0,0.0732484076433121,1.051851673663578,1,node+edge,38,1.1040018999992751,0.861909100005505,spread_cv,p2p-Gnutella08,4
0.5863609697787118,0.7565503652699344,0.0,0.0796178343949044,1.065567629088513,1,node+edge,38,1.0535543999940271,0.861909100005505,spread_cv,p2p-Gnutella08,5
0.590638431674628,0.7606111441340178,0.0161290322580645,0.0828025477707006,1.0571152540277182,1,node+edge,38,1.1056674999999814,0.861909100005505,spread_cv,p2p-Gnutella08,6
0.5901934995614825,0.7607959672962891,0.0161290322580645,0.0828025477707006,1.0553768672291128,1,node+edge,38,1.1297467000040342,0.861909100005505,spread_cv,p2p-Gnutella08,7
0.5885646054160399,0.7585983814418249,0.0,0.0859872611464968,1.0620728905976693,1,node+edge,38,1.125707200000761,0.861909100005505,spread_cv,p2p-Gnutella08,8
0.5877136410500694,0.7585254116561391,0.0,0.0700636942675159,1.0603394147903624,1,node+edge,38,1.1763872000010451,0.861909100005505,spread_cv,p2p-Gnutella08,9
0.7124803667852999,0.8594718693024799,0.1451612903225806,0.4044585987261146,0.8539098127899046,2,node,35,1.097338599996874,1.287088100039,spread_cv,p2p-Gnutella08,0
0.7129028596396116,0.8584686148492844,0.1612903225806451,0.3949044585987261,0.8545443170489903,2,node,35,1.0642861000014818,1.287088100039,spread_cv,p2p-Gnutella08,1
0.712192715627209,0.8581229139210994,0.1612903225806451,0.3980891719745223,0.8524164066675691,2,node,35,1.0923962000015308,1.287088100039,spread_cv,p2p-Gnutella08,2
0.7149773808649441,0.8611918569066924,0.1612903225806451,0.3789808917197452,0.8391330300449803,2,node,35,1.101698899998155,1.287088100039,spread_cv,p2p-Gnutella08,3
0.7140675495179487,0.861797025327892,0.0967741935483871,0.3853503184713376,0.8320681035544426,2,node,35,1.0963430999981938,1.287088100039,spread_cv,p2p-Gnutella08,4
0.7091159279941625,0.8546993743434868,0.1935483870967742,0.3917197452229299,0.8629455866739039,2,node,35,1.0748963999940315,1.287088100039,spread_cv,p2p-Gnutella08,5
0.7102227845597974,0.8571677446467868,0.1774193548387097,0.3949044585987261,0.8433979635563428,2,node,35,1.0142799000022933,1.287088100039,spread_cv,p2p-Gnutella08,6
0.710350901147403,0.8574370550210835,0.1935483870967742,0.3821656050955414,0.8514209105556657,2,node,35,1.0887564000004204,1.287088100039,spread_cv,p2p-Gnutella08,7
0.7123638845368184,0.858642456974182,0.1612903225806451,0.3917197452229299,0.8487965668771172,2,node,35,1.0656853999971645,1.287088100039,spread_cv,p2p-Gnutella08,8
0.7111544033501543,0.8562337818875095,0.1935483870967742,0.3821656050955414,0.8635197045682454,2,node,35,1.1108880000028876,1.287088100039,spread_cv,p2p-Gnutella08,9
0.7124045910719436,0.8592279173540753,0.1290322580645161,0.4044585987261146,0.8530416619758815,2,node+edge,80,1.5280015000025742,1.5408583000389626,spread_cv,p2p-Gnutella08,0
0.7134283931004682,0.8590967065001371,0.1612903225806451,0.3917197452229299,0.8536170498695903,2,node+edge,80,1.4714271999982884,1.5408583000389626,spread_cv,p2p-Gnutella08,1
0.7130631485992861,0.8587090145632693,0.1612903225806451,0.3949044585987261,0.8514016526509881,2,node+edge,80,1.4067647999982,1.5408583000389626,spread_cv,p2p-Gnutella08,2
0.7149338958628296,0.8609471036695532,0.1774193548387097,0.3885350318471338,0.8415573080660901,2,node+edge,80,1.4288272000048892,1.5408583000389626,spread_cv,p2p-Gnutella08,3
0.7131471939071923,0.8600548525222896,0.1290322580645161,0.3885350318471338,0.8402518923140448,2,node+edge,80,1.6302395000020624,1.5408583000389626,spread_cv,p2p-Gnutella08,4
0.7099487946142392,0.8557852587618386,0.1612903225806451,0.3885350318471338,0.8615317753084212,2,node+edge,80,1.5454024000064237,1.5408583000389626,spread_cv,p2p-Gnutella08,5
0.7108910028677519,0.8566241759942307,0.1935483870967742,0.4012738853503185,0.846844353274565,2,node+edge,80,1.5352026999971713,1.5408583000389626,spread_cv,p2p-Gnutella08,6
0.7103109326153344,0.8565449176826133,0.1612903225806451,0.3885350318471338,0.8490144316929664,2,node+edge,80,1.682112499998766,1.5408583000389626,spread_cv,p2p-Gnutella08,7
0.714728025160504,0.8602721573193028,0.1612903225806451,0.3885350318471338,0.846199203707183,2,node+edge,80,1.5844310999964364,1.5408583000389626,spread_cv,p2p-Gnutella08,8
0.7089389586444564,0.8545773994021418,0.2096774193548387,0.3853503184713376,0.8647351259704357,2,node+edge,80,1.4973505999951158,1.5408583000389626,spread_cv,p2p-Gnutella08,9
0.7133875933834146,0.8591205883298167,0.1451612903225806,0.4044585987261146,0.8475116508010613,2,node+edge+subgraph,144,2.504187800004729,2.343988400039052,spread_cv,p2p-Gnutella08,0
0.7165593580866194,0.8624164381441305,0.1935483870967742,0.4076433121019108,0.838362936692991,2,node+edge+subgraph,144,2.2548668999952497,2.343988400039052,spread_cv,p2p-Gnutella08,1
0.7144057637056932,0.859848418142894,0.2096774193548387,0.3853503184713376,0.8481322907312638,2,node+edge+subgraph,144,2.3627714999965974,2.343988400039052,spread_cv,p2p-Gnutella08,2
0.7151435114204207,0.861019514555431,0.2096774193548387,0.3949044585987261,0.8403437210386412,2,node+edge+subgraph,144,2.1617221999986214,2.343988400039052,spread_cv,p2p-Gnutella08,3
0.7125545354506795,0.859228706841259,0.1451612903225806,0.4235668789808917,0.8343611479628419,2,node+edge+subgraph,144,2.237376499993843,2.343988400039052,spread_cv,p2p-Gnutella08,4
0.7125571929655111,0.85805691579828,0.1451612903225806,0.3821656050955414,0.8477696323882837,2,node+edge+subgraph,144,2.2922226000009687,2.343988400039052,spread_cv,p2p-Gnutella08,5
0.7132014922719311,0.8591463732005188,0.1935483870967742,0.3980891719745223,0.8465348457082289,2,node+edge+subgraph,144,2.295294299998204,2.343988400039052,spread_cv,p2p-Gnutella08,6
0.7150503440825715,0.8606418034429276,0.1935483870967742,0.3917197452229299,0.843648872098331,2,node+edge+subgraph,144,2.399722900001507,2.343988400039052,spread_cv,p2p-Gnutella08,7
0.7144327250463538,0.8605869492472029,0.1774193548387097,0.3853503184713376,0.8423510214940539,2,node+edge+subgraph,144,2.2647776000012527,2.343988400039052,spread_cv,p2p-Gnutella08,8
0.712454407391219,0.8577454817377452,0.1290322580645161,0.3917197452229299,0.8540580695690698,2,node+edge+subgraph,144,2.2350621999939904,2.343988400039052,spread_cv,p2p-Gnutella08,9
0.7132465056351964,0.8589959734452991,0.1290322580645161,0.4012738853503185,0.8486823263155406,2,node+edge+subgraph+dynamic,145,2.449894299999869,2.343988400039052,spread_cv,p2p-Gnutella08,0
0.7166386069125356,0.8619564495625481,0.1612903225806451,0.3980891719745223,0.8433991869592311,2,node+edge+subgraph+dynamic,145,2.415489200000593,2.343988400039052,spread_cv,p2p-Gnutella08,1
0.7148849784937853,0.8609753393795392,0.1935483870967742,0.3949044585987261,0.8454861050236135,2,node+edge+subgraph+dynamic,145,2.2331176000006963,2.343988400039052,spread_cv,p2p-Gnutella08,2
0.7150802729850879,0.8614006539223042,0.1935483870967742,0.3949044585987261,0.835376775375839,2,node+edge+subgraph+dynamic,145,2.220811899998808,2.343988400039052,spread_cv,p2p-Gnutella08,3
0.7142606472027253,0.8604927112222435,0.1129032258064516,0.3853503184713376,0.8324316992890097,2,node+edge+subgraph+dynamic,145,2.2876397,2.343988400039052,spread_cv,p2p-Gnutella08,4
0.7110641275935395,0.8566059136015485,0.1612903225806451,0.3917197452229299,0.8509905051836103,2,node+edge+subgraph+dynamic,145,2.302699100000609,2.343988400039052,spread_cv,p2p-Gnutella08,5
0.7124460592440671,0.8583418236670983,0.1935483870967742,0.4044585987261146,0.850876183015273,2,node+edge+subgraph+dynamic,145,2.23535560000164,2.343988400039052,spread_cv,p2p-Gnutella08,6
0.7124018015965048,0.8580215489323182,0.1935483870967742,0.3980891719745223,0.8507007007427628,2,node+edge+subgraph+dynamic,145,2.2156871000042884,2.343988400039052,spread_cv,p2p-Gnutella08,7
0.7147972341639965,0.8608631485951626,0.1774193548387097,0.3853503184713376,0.8413128545815518,2,node+edge+subgraph+dynamic,145,2.263321400001587,2.343988400039052,spread_cv,p2p-Gnutella08,8
0.7114681236629051,0.8565844620670467,0.1612903225806451,0.3917197452229299,0.8577946321197392,2,node+edge+subgraph+dynamic,145,2.201616199999989,2.343988400039052,spread_cv,p2p-Gnutella08,9
0.7758574877707964,0.911816356896306,0.1774193548387097,0.5159235668789809,0.7491608139359449,3,node,45,1.177591500003473,2.0839697999690543,spread_cv,p2p-Gnutella08,0
0.7749316490828603,0.9112612743082328,0.1451612903225806,0.5095541401273885,0.7473589877575851,3,node,45,1.1996404000019538,2.0839697999690543,spread_cv,p2p-Gnutella08,1
0.7766598629512661,0.9124756939886096,0.1290322580645161,0.5095541401273885,0.7434591301758328,3,node,45,1.1889156000033836,2.0839697999690543,spread_cv,p2p-Gnutella08,2
0.7778478578699793,0.9140010881198362,0.1612903225806451,0.5095541401273885,0.7367589567861881,3,node,45,1.147195400000783,2.0839697999690543,spread_cv,p2p-Gnutella08,3
0.7748838130719568,0.911729123828442,0.1290322580645161,0.5127388535031847,0.7423431112170404,3,node,45,1.16746730000159,2.0839697999690543,spread_cv,p2p-Gnutella08,4
0.7767649682850121,0.9134473038082288,0.2258064516129032,0.5127388535031847,0.7446540504296619,3,node,45,1.1863045999998576,2.0839697999690543,spread_cv,p2p-Gnutella08,5
0.7753870995925937,0.9124907613075344,0.1451612903225806,0.5286624203821656,0.7460797504725899,3,node,45,1.2520542000056594,2.0839697999690543,spread_cv,p2p-Gnutella08,6
0.774846300430611,0.9121541255059256,0.2096774193548387,0.5,0.7394132224879308,3,node,45,1.3113641000018106,2.0839697999690543,spread_cv,p2p-Gnutella08,7
0.7748809396211764,0.9114773769395368,0.1451612903225806,0.5191082802547771,0.7474597199554434,3,node,45,1.285704200003238,2.0839697999690543,spread_cv,p2p-Gnutella08,8
0.7768102294033327,0.912820082034312,0.1935483870967742,0.5031847133757962,0.7462486676373726,3,node,45,1.1609214000054635,2.0839697999690543,spread_cv,p2p-Gnutella08,9
0.7752953768727394,0.912018307861969,0.1612903225806451,0.4968152866242038,0.7455165477978591,3,node+edge,93,1.6574003000059747,2.337739999969017,spread_cv,p2p-Gnutella08,0
0.7752133482680256,0.9110211693469284,0.1612903225806451,0.5095541401273885,0.7478046594704372,3,node+edge,93,1.7101347999996506,2.337739999969017,spread_cv,p2p-Gnutella08,1
0.7755028692649266,0.9121688050322472,0.1290322580645161,0.4904458598726114,0.7457399588509075,3,node+edge,93,1.6777788000035798,2.337739999969017,spread_cv,p2p-Gnutella08,2
0.7739218787096256,0.9110104325999852,0.1774193548387097,0.5,0.7466594362677186,3,node+edge,93,1.680434099995182,2.337739999969017,spread_cv,p2p-Gnutella08,3
0.7728027545342856,0.9106303469510209,0.1451612903225806,0.5318471337579618,0.7455545544866553,3,node+edge,93,1.6992666000005556,2.337739999969017,spread_cv,p2p-Gnutella08,4
0.7757297683429725,0.913254481600376,0.1290322580645161,0.5,0.7485180283054832,3,node+edge,93,1.6752092000024277,2.337739999969017,spread_cv,p2p-Gnutella08,5
0.7747507386080467,0.9116188812464064,0.1290322580645161,0.5414012738853503,0.7501161363026926,3,node+edge,93,1.666285399995104,2.337739999969017,spread_cv,p2p-Gnutella08,6
0.7740437015108323,0.9109996003334832,0.2258064516129032,0.5127388535031847,0.7464862836121848,3,node+edge,93,1.680742000004102,2.337739999969017,spread_cv,p2p-Gnutella08,7
0.7738716073558546,0.9104261883822778,0.1612903225806451,0.5,0.750336032972098,3,node+edge,93,1.7196993000034126,2.337739999969017,spread_cv,p2p-Gnutella08,8
0.7760425364016372,0.9124381994041696,0.2096774193548387,0.4968152866242038,0.7471686191107697,3,node+edge,93,1.706342700003006,2.337739999969017,spread_cv,p2p-Gnutella08,9
0.7754014669605791,0.91067221604236,0.1451612903225806,0.5031847133757962,0.7465297657222881,3,node+edge+subgraph,168,2.703569900004368,3.1408700999691064,spread_cv,p2p-Gnutella08,0
0.7779573788213309,0.9116601392806388,0.0967741935483871,0.5095541401273885,0.7468646991282842,3,node+edge+subgraph,168,2.7159060000049067,3.1408700999691064,spread_cv,p2p-Gnutella08,1
0.7782692187999413,0.9126111561970836,0.1129032258064516,0.5,0.7476447428212373,3,node+edge+subgraph,168,2.692590700004075,3.1408700999691064,spread_cv,p2p-Gnutella08,2
0.7775950425153132,0.9121201842790182,0.1935483870967742,0.5095541401273885,0.7433416428276145,3,node+edge+subgraph,168,3.074100300000282,3.1408700999691064,spread_cv,p2p-Gnutella08,3
0.7764505260284349,0.9115931411179286,0.1774193548387097,0.5095541401273885,0.7495971997491666,3,node+edge+subgraph,168,3.053966700004821,3.1408700999691064,spread_cv,p2p-Gnutella08,4
0.7765107786294513,0.9117848645129945,0.1290322580645161,0.5127388535031847,0.7506679740097602,3,node+edge+subgraph,168,3.054432299999462,3.1408700999691064,spread_cv,p2p-Gnutella08,5
0.7750742766965698,0.9102546058993984,0.0967741935483871,0.535031847133758,0.7523674947561089,3,node+edge+subgraph,168,3.2674508999989484,3.1408700999691064,spread_cv,p2p-Gnutella08,6
0.778722419926334,0.9130739745036576,0.1774193548387097,0.5191082802547771,0.7378387725703351,3,node+edge+subgraph,168,2.876454800003557,3.1408700999691064,spread_cv,p2p-Gnutella08,7
0.7747412941872844,0.9103670403064325,0.1129032258064516,0.4777070063694267,0.7523430843189991,3,node+edge+subgraph,168,2.9400074999939534,3.1408700999691064,spread_cv,p2p-Gnutella08,8
0.7763728096716126,0.9111881764764076,0.1935483870967742,0.5,0.7526028429032581,3,node+edge+subgraph,168,2.9593542000002344,3.1408700999691064,spread_cv,p2p-Gnutella08,9
0.7767562435357013,0.9117250031657212,0.1290322580645161,0.5191082802547771,0.748834746871184,3,node+edge+subgraph+dynamic,170,2.899352300002647,3.1408700999691064,spread_cv,p2p-Gnutella08,0
0.7761023913228611,0.9107820769684516,0.1290322580645161,0.5159235668789809,0.7494949388345843,3,node+edge+subgraph+dynamic,170,2.820396199997049,3.1408700999691064,spread_cv,p2p-Gnutella08,1
0.7780973230106217,0.9121703963036976,0.1612903225806451,0.5159235668789809,0.7482864699368322,3,node+edge+subgraph+dynamic,170,2.8999156999998377,3.1408700999691064,spread_cv,p2p-Gnutella08,2
0.7765167347857848,0.9110587717977984,0.1935483870967742,0.5095541401273885,0.7483974701230682,3,node+edge+subgraph+dynamic,170,3.1630523999992874,3.1408700999691064,spread_cv,p2p-Gnutella08,3
0.7757324104096697,0.910654125805442,0.1290322580645161,0.5159235668789809,0.7498016407396009,3,node+edge+subgraph+dynamic,170,2.857413900004758,3.1408700999691064,spread_cv,p2p-Gnutella08,4
0.7790294925624158,0.9140160793010536,0.1129032258064516,0.5127388535031847,0.7470938016147444,3,node+edge+subgraph+dynamic,170,2.916419799999858,3.1408700999691064,spread_cv,p2p-Gnutella08,5
0.7763657313497456,0.911602744486806,0.1290322580645161,0.5222929936305732,0.7520801595651404,3,node+edge+subgraph+dynamic,170,3.0183813000039663,3.1408700999691064,spread_cv,p2p-Gnutella08,6
0.7772821101607301,0.911712479862422,0.1129032258064516,0.5031847133757962,0.7401883333298841,3,node+edge+subgraph+dynamic,170,2.901775400001497,3.1408700999691064,spread_cv,p2p-Gnutella08,7
0.7764206221517097,0.9113495924651568,0.1774193548387097,0.5063694267515924,0.7526750466073042,3,node+edge+subgraph+dynamic,170,2.921635999999125,3.1408700999691064,spread_cv,p2p-Gnutella08,8
0.7763643814154734,0.9113749050270802,0.1451612903225806,0.5031847133757962,0.7505646885891398,3,node+edge+subgraph+dynamic,170,2.828149699998903,3.1408700999691064,spread_cv,p2p-Gnutella08,9
0.8572155123103335,0.9664836071285586,0.7580645161290323,0.7579617834394905,8847.164678143215,0,node,2,0.7964432000007946,3.499999911582563e-05,betweenness,p2p-Gnutella08,0
0.8573272899449558,0.9665603680337516,0.7580645161290323,0.7484076433121019,9432.777006994642,0,node,2,0.7657280999992508,3.499999911582563e-05,betweenness,p2p-Gnutella08,1
0.8562488996745443,0.966368957568478,0.7580645161290323,0.7547770700636943,8780.94498693214,0,node,2,0.7837109999964014,3.499999911582563e-05,betweenness,p2p-Gnutella08,2
0.8567913214971681,0.9663007113662232,0.7258064516129032,0.7420382165605095,9850.295347292826,0,node,2,0.777186300001631,3.499999911582563e-05,betweenness,p2p-Gnutella08,3
0.8572778007322063,0.9663459566887714,0.7580645161290323,0.7452229299363057,9338.75039413215,0,node,2,0.7709724999949685,3.499999911582563e-05,betweenness,p2p-Gnutella08,4
0.8569129432664805,0.9665404371256962,0.7741935483870968,0.7484076433121019,9304.203759095006,0,node,2,0.7921932000026572,3.499999911582563e-05,betweenness,p2p-Gnutella08,5
0.8564662356748813,0.9663314669348247,0.7741935483870968,0.7452229299363057,9066.055245544185,0,node,2,0.7634992000021157,3.499999911582563e-05,betweenness,p2p-Gnutella08,6
0.856565815603549,0.966219222358664,0.7580645161290323,0.7484076433121019,8984.48091674305,0,node,2,0.7872595000008005,3.499999911582563e-05,betweenness,p2p-Gnutella08,7
0.8572679623322591,0.9665530677207612,0.7580645161290323,0.7420382165605095,9171.28358751511,0,node,2,0.7489218999980949,3.499999911582563e-05,betweenness,p2p-Gnutella08,8
0.8573813307614785,0.9665481583290096,0.7741935483870968,0.7484076433121019,9041.199127215985,0,node,2,0.7633551999970223,3.499999911582563e-05,betweenness,p2p-Gnutella08,9
0.8572155123103335,0.9664836071285586,0.7580645161290323,0.7579617834394905,8847.164678143215,0,node+edge,2,0.8498548999996274,3.499999911582563e-05,betweenness,p2p-Gnutella08,0
0.8573272899449558,0.9665603680337516,0.7580645161290323,0.7484076433121019,9432.777006994642,0,node+edge,2,0.854646200001298,3.499999911582563e-05,betweenness,p2p-Gnutella08,1
0.8562488996745443,0.966368957568478,0.7580645161290323,0.7547770700636943,8780.94498693214,0,node+edge,2,0.8470768999977736,3.499999911582563e-05,betweenness,p2p-Gnutella08,2
0.8567913214971681,0.9663007113662232,0.7258064516129032,0.7420382165605095,9850.295347292826,0,node+edge,2,0.82417610000266,3.499999911582563e-05,betweenness,p2p-Gnutella08,3
0.8572778007322063,0.9663459566887714,0.7580645161290323,0.7452229299363057,9338.75039413215,0,node+edge,2,0.7760217000031844,3.499999911582563e-05,betweenness,p2p-Gnutella08,4
0.8569129432664805,0.9665404371256962,0.7741935483870968,0.7484076433121019,9304.203759095006,0,node+edge,2,0.8204914000016288,3.499999911582563e-05,betweenness,p2p-Gnutella08,5
0.8564662356748813,0.9663314669348247,0.7741935483870968,0.7452229299363057,9066.055245544185,0,node+edge,2,0.7840756000005058,3.499999911582563e-05,betweenness,p2p-Gnutella08,6
0.856565815603549,0.966219222358664,0.7580645161290323,0.7484076433121019,8984.48091674305,0,node+edge,2,0.7226469000015641,3.499999911582563e-05,betweenness,p2p-Gnutella08,7
0.8572679623322591,0.9665530677207612,0.7580645161290323,0.7420382165605095,9171.28358751511,0,node+edge,2,0.7615535000004456,3.499999911582563e-05,betweenness,p2p-Gnutella08,8
0.8573813307614785,0.9665481583290096,0.7741935483870968,0.7484076433121019,9041.199127215985,0,node+edge,2,0.7758016000007046,3.499999911582563e-05,betweenness,p2p-Gnutella08,9
0.8572155123103335,0.9664836071285586,0.7580645161290323,0.7579617834394905,8847.164678143215,0,node+edge+subgraph,2,0.7798917000036454,3.499999911582563e-05,betweenness,p2p-Gnutella08,0
0.8573272899449558,0.9665603680337516,0.7580645161290323,0.7484076433121019,9432.777006994642,0,node+edge+subgraph,2,0.7910095000042929,3.499999911582563e-05,betweenness,p2p-Gnutella08,1
0.8562488996745443,0.966368957568478,0.7580645161290323,0.7547770700636943,8780.94498693214,0,node+edge+subgraph,2,0.790928399997938,3.499999911582563e-05,betweenness,p2p-Gnutella08,2
0.8567913214971681,0.9663007113662232,0.7258064516129032,0.7420382165605095,9850.295347292826,0,node+edge+subgraph,2,0.7718382000020938,3.499999911582563e-05,betweenness,p2p-Gnutella08,3
0.8572778007322063,0.9663459566887714,0.7580645161290323,0.7452229299363057,9338.75039413215,0,node+edge+subgraph,2,0.8063674000004539,3.499999911582563e-05,betweenness,p2p-Gnutella08,4
0.8569129432664805,0.9665404371256962,0.7741935483870968,0.7484076433121019,9304.203759095006,0,node+edge+subgraph,2,0.7785441000014544,3.499999911582563e-05,betweenness,p2p-Gnutella08,5
0.8564662356748813,0.9663314669348247,0.7741935483870968,0.7452229299363057,9066.055245544185,0,node+edge+subgraph,2,0.7623583000022336,3.499999911582563e-05,betweenness,p2p-Gnutella08,6
0.856565815603549,0.966219222358664,0.7580645161290323,0.7484076433121019,8984.48091674305,0,node+edge+subgraph,2,0.7785968000025605,3.499999911582563e-05,betweenness,p2p-Gnutella08,7
0.8572679623322591,0.9665530677207612,0.7580645161290323,0.7420382165605095,9171.28358751511,0,node+edge+subgraph,2,0.7735560000000987,3.499999911582563e-05,betweenness,p2p-Gnutella08,8
0.8573813307614785,0.9665481583290096,0.7741935483870968,0.7484076433121019,9041.199127215985,0,node+edge+subgraph,2,0.7560840000005555,3.499999911582563e-05,betweenness,p2p-Gnutella08,9
0.8572155123103335,0.9664836071285586,0.7580645161290323,0.7579617834394905,8847.164678143215,0,node+edge+subgraph+dynamic,2,0.7837655999974231,3.499999911582563e-05,betweenness,p2p-Gnutella08,0
0.8573272899449558,0.9665603680337516,0.7580645161290323,0.7484076433121019,9432.777006994642,0,node+edge+subgraph+dynamic,2,0.7665660999991815,3.499999911582563e-05,betweenness,p2p-Gnutella08,1
0.8562488996745443,0.966368957568478,0.7580645161290323,0.7547770700636943,8780.94498693214,0,node+edge+subgraph+dynamic,2,0.7532430999999633,3.499999911582563e-05,betweenness,p2p-Gnutella08,2
0.8567913214971681,0.9663007113662232,0.7258064516129032,0.7420382165605095,9850.295347292826,0,node+edge+subgraph+dynamic,2,0.7948547999985749,3.499999911582563e-05,betweenness,p2p-Gnutella08,3
0.8572778007322063,0.9663459566887714,0.7580645161290323,0.7452229299363057,9338.75039413215,0,node+edge+subgraph+dynamic,2,0.8134123999989242,3.499999911582563e-05,betweenness,p2p-Gnutella08,4
0.8569129432664805,0.9665404371256962,0.7741935483870968,0.7484076433121019,9304.203759095006,0,node+edge+subgraph+dynamic,2,0.760654899997462,3.499999911582563e-05,betweenness,p2p-Gnutella08,5
0.8564662356748813,0.9663314669348247,0.7741935483870968,0.7452229299363057,9066.055245544185,0,node+edge+subgraph+dynamic,2,0.7827867000014521,3.499999911582563e-05,betweenness,p2p-Gnutella08,6
0.856565815603549,0.966219222358664,0.7580645161290323,0.7484076433121019,8984.48091674305,0,node+edge+subgraph+dynamic,2,0.7430406999992556,3.499999911582563e-05,betweenness,p2p-Gnutella08,7
0.8572679623322591,0.9665530677207612,0.7580645161290323,0.7420382165605095,9171.28358751511,0,node+edge+subgraph+dynamic,2,0.7943748000034248,3.499999911582563e-05,betweenness,p2p-Gnutella08,8
0.8573813307614785,0.9665481583290096,0.7741935483870968,0.7484076433121019,9041.199127215985,0,node+edge+subgraph+dynamic,2,0.762031999998726,3.499999911582563e-05,betweenness,p2p-Gnutella08,9
0.8900288299587968,0.9792412761387622,0.8387096774193549,0.7929936305732485,5904.767134566196,1,node,17,0.9251971000048798,0.6081389000055424,betweenness,p2p-Gnutella08,0
0.8908318304910327,0.9790271167280896,0.8225806451612904,0.7866242038216561,6309.145101910935,1,node,17,0.9392643000028328,0.6081389000055424,betweenness,p2p-Gnutella08,1
0.8903532671250477,0.9791748224594188,0.8548387096774194,0.7802547770700637,6239.436453783312,1,node,17,0.9254359999977168,0.6081389000055424,betweenness,p2p-Gnutella08,2
0.8895696617786957,0.9790381576410572,0.8064516129032258,0.7961783439490446,6224.140476195877,1,node,17,0.9352261000021826,0.6081389000055424,betweenness,p2p-Gnutella08,3
0.8900920342708794,0.9790961568308514,0.8225806451612904,0.8089171974522293,6041.385440339503,1,node,17,0.949847600000794,0.6081389000055424,betweenness,p2p-Gnutella08,4
0.8908107444376876,0.97927128310883,0.8387096774193549,0.7993630573248408,6569.844745164898,1,node,17,1.0099486999970395,0.6081389000055424,betweenness,p2p-Gnutella08,5
0.8905793023455378,0.9790371645224264,0.8548387096774194,0.7898089171974523,5896.772230900853,1,node,17,1.0474417000004903,0.6081389000055424,betweenness,p2p-Gnutella08,6
0.8903940899545902,0.979484258867452,0.8387096774193549,0.7961783439490446,6392.952605711993,1,node,17,1.0300977000006242,0.6081389000055424,betweenness,p2p-Gnutella08,7
0.8908338584915673,0.9794787257887552,0.8548387096774194,0.7929936305732485,5797.267887448681,1,node,17,0.9631525000004332,0.6081389000055424,betweenness,p2p-Gnutella08,8
0.891465640228752,0.9794079156631512,0.8387096774193549,0.7929936305732485,5858.648963210518,1,node,17,0.9485190999985208,0.6081389000055424,betweenness,p2p-Gnutella08,9
0.8913295785082678,0.9793669202126004,0.7903225806451613,0.7993630573248408,6117.919202542625,1,node+edge,38,1.1300391999975543,0.861909100005505,betweenness,p2p-Gnutella08,0
0.8922259527871421,0.9795258252050906,0.8225806451612904,0.7898089171974523,5976.553003481972,1,node+edge,38,1.1201681999955326,0.861909100005505,betweenness,p2p-Gnutella08,1
0.8911345053930287,0.9791129293947354,0.8225806451612904,0.7834394904458599,6571.011601227447,1,node+edge,38,1.1326703000013367,0.861909100005505,betweenness,p2p-Gnutella08,2
0.8909765516822075,0.9791865773773198,0.8064516129032258,0.8057324840764332,6739.91974164459,1,node+edge,38,1.1419491999986349,0.861909100005505,betweenness,p2p-Gnutella08,3
0.8922273798185354,0.979623792141604,0.8387096774193549,0.7993630573248408,6354.531781371639,1,node+edge,38,1.155317600001581,0.861909100005505,betweenness,p2p-Gnutella08,4
0.8918542939392518,0.9796590700655556,0.8387096774193549,0.7961783439490446,5936.454034537722,1,node+edge,38,1.173088800002006,0.861909100005505,betweenness,p2p-Gnutella08,5
0.8906578132595603,0.9793868163839424,0.8225806451612904,0.7834394904458599,5982.933501338295,1,node+edge,38,1.13646080000035,0.861909100005505,betweenness,p2p-Gnutella08,6
0.8889560572091036,0.9789082541690084,0.8225806451612904,0.7866242038216561,6167.709325244917,1,node+edge,38,1.169450000001234,0.861909100005505,betweenness,p2p-Gnutella08,7
0.8917637512800097,0.9796001294757768,0.8225806451612904,0.7834394904458599,5626.656468903261,1,node+edge,38,1.1059348000053433,0.861909100005505,betweenness,p2p-Gnutella08,8
0.8893877828104956,0.9786676945226,0.8225806451612904,0.7961783439490446,5941.692012280293,1,node+edge,38,1.2321074000064982,0.861909100005505,betweenness,p2p-Gnutella08,9
0.8953170020542148,0.9808021065474124,0.8387096774193549,0.8057324840764332,5169.293411228468,2,node,35,1.166438199994445,1.287088100039,betweenness,p2p-Gnutella08,0
0.8941641957547444,0.9802132658779388,0.8709677419354839,0.802547770700637,5667.452266426717,2,node,35,1.1601917000007234,1.287088100039,betweenness,p2p-Gnutella08,1
0.8943040366811189,0.9803012212231692,0.8387096774193549,0.8089171974522293,5738.044252757365,2,node,35,1.1538423000019975,1.287088100039,betweenness,p2p-Gnutella08,2
0.8945653017027905,0.9803331298488748,0.8548387096774194,0.8152866242038217,5238.333312968261,2,node,35,1.158797299998696,1.287088100039,betweenness,p2p-Gnutella08,3
0.8942961303345957,0.980222076346658,0.8548387096774194,0.8152866242038217,5731.094867977667,2,node,35,1.1838182999999844,1.287088100039,betweenness,p2p-Gnutella08,4
0.8949843312303856,0.980474364145504,0.8387096774193549,0.802547770700637,6013.275185728635,2,node,35,1.1574880000043777,1.287088100039,betweenness,p2p-Gnutella08,5
0.8954714185221525,0.9807546979876162,0.8709677419354839,0.802547770700637,5287.431317247051,2,node,35,1.1819250999978976,1.287088100039,betweenness,p2p-Gnutella08,6
0.8955120537477973,0.9807721396180497,0.8709677419354839,0.802547770700637,5536.144892686148,2,node,35,1.169590600002266,1.287088100039,betweenness,p2p-Gnutella08,7
0.8935193140581456,0.9801982239553736,0.8709677419354839,0.7993630573248408,5051.724477067459,2,node,35,1.1771807000041008,1.287088100039,betweenness,p2p-Gnutella08,8
0.8937463732218387,0.9801645724154736,0.8709677419354839,0.8121019108280255,5133.587098888512,2,node,35,1.1740127000011853,1.287088100039,betweenness,p2p-Gnutella08,9
0.8966784774262181,0.9808138132077836,0.8870967741935484,0.8089171974522293,5595.560653839908,2,node+edge,80,1.835342899998068,1.5408583000389626,betweenness,p2p-Gnutella08,0
0.8958471578212642,0.9803965941214172,0.8870967741935484,0.8089171974522293,5319.68555310692,2,node+edge,80,1.9358739999952377,1.5408583000389626,betweenness,p2p-Gnutella08,1
0.8959057960739947,0.9804836262394732,0.8548387096774194,0.8089171974522293,5729.487074472534,2,node+edge,80,1.7560133999941172,1.5408583000389626,betweenness,p2p-Gnutella08,2
0.8956126542838623,0.9804341088148592,0.8870967741935484,0.8057324840764332,5669.110307394099,2,node+edge,80,1.682253999999375,1.5408583000389626,betweenness,p2p-Gnutella08,3
0.8953066007465472,0.9804292132663888,0.8709677419354839,0.8152866242038217,5890.24766355158,2,node+edge,80,1.6832711999959429,1.5408583000389626,betweenness,p2p-Gnutella08,4
0.8947221983037003,0.9801471444520252,0.8870967741935484,0.7993630573248408,5490.645894463779,2,node+edge,80,1.6832235000038054,1.5408583000389626,betweenness,p2p-Gnutella08,5
0.895601645474628,0.980470582708854,0.8870967741935484,0.7898089171974523,5311.431203412271,2,node+edge,80,1.696718500003044,1.5408583000389626,betweenness,p2p-Gnutella08,6
0.8954926649217334,0.9802391771588964,0.9032258064516128,0.8089171974522293,5604.136321328341,2,node+edge,80,1.7678043999985675,1.5408583000389626,betweenness,p2p-Gnutella08,7
0.8951528036708138,0.9803639514215838,0.8870967741935484,0.8121019108280255,5066.724842533086,2,node+edge,80,1.682062500003667,1.5408583000389626,betweenness,p2p-Gnutella08,8
0.8958694704862842,0.980493610179438,0.8709677419354839,0.8121019108280255,5057.812633680257,2,node+edge,80,1.6861685999974725,1.5408583000389626,betweenness,p2p-Gnutella08,9
0.897962735195439,0.9810519085950888,0.8709677419354839,0.8152866242038217,4966.1263949768345,2,node+edge+subgraph,144,2.7580201999953715,2.343988400039052,betweenness,p2p-Gnutella08,0
0.8963974806788443,0.980192626757645,0.8870967741935484,0.8184713375796179,4676.276262472203,2,node+edge+subgraph,144,2.723717899993062,2.343988400039052,betweenness,p2p-Gnutella08,1
0.8970012022625358,0.9806829767495197,0.8387096774193549,0.7993630573248408,5249.422823918006,2,node+edge+subgraph,144,2.4638237999970443,2.343988400039052,betweenness,p2p-Gnutella08,2
0.8978252087665367,0.9808077225724492,0.8709677419354839,0.8280254777070064,4979.112426344138,2,node+edge+subgraph,144,2.470131500005664,2.343988400039052,betweenness,p2p-Gnutella08,3
0.8972074750646847,0.98053954727757,0.8870967741935484,0.821656050955414,4677.276468241143,2,node+edge+subgraph,144,2.428603000000294,2.343988400039052,betweenness,p2p-Gnutella08,4
0.8978436845921767,0.980942294767006,0.9032258064516128,0.8152866242038217,4656.864390573111,2,node+edge+subgraph,144,2.820443600001454,2.343988400039052,betweenness,p2p-Gnutella08,5
0.8974377292683298,0.9809232284148082,0.8870967741935484,0.802547770700637,4532.499325954133,2,node+edge+subgraph,144,2.504393199997139,2.343988400039052,betweenness,p2p-Gnutella08,6
0.8974555511841713,0.9809640187359472,0.8870967741935484,0.8152866242038217,4887.109362475806,2,node+edge+subgraph,144,2.582486400002381,2.343988400039052,betweenness,p2p-Gnutella08,7
0.8981775069932753,0.9810697650866572,0.8709677419354839,0.8184713375796179,4515.619200059527,2,node+edge+subgraph,144,2.488164100002905,2.343988400039052,betweenness,p2p-Gnutella08,8
0.8985287453640767,0.981311004688974,0.8709677419354839,0.8057324840764332,4859.291190712139,2,node+edge+subgraph,144,2.5681629000027897,2.343988400039052,betweenness,p2p-Gnutella08,9
0.8971180086198691,0.9806237069261364,0.8709677419354839,0.8089171974522293,4923.930490700291,2,node+edge+subgraph+dynamic,145,2.589193800005887,2.343988400039052,betweenness,p2p-Gnutella08,0
0.8976628325628491,0.9808768151906684,0.8870967741935484,0.8121019108280255,4669.168507937873,2,node+edge+subgraph+dynamic,145,2.544855000000098,2.343988400039052,betweenness,p2p-Gnutella08,1
0.8975804344661482,0.9807673847123012,0.8387096774193549,0.7993630573248408,5263.1583571156425,2,node+edge+subgraph+dynamic,145,2.446686000002956,2.343988400039052,betweenness,p2p-Gnutella08,2
0.8981895459442583,0.9808413101253656,0.8709677419354839,0.8184713375796179,4983.989489279047,2,node+edge+subgraph+dynamic,145,2.502241900001536,2.343988400039052,betweenness,p2p-Gnutella08,3
0.8976597911868254,0.980782383583396,0.8870967741935484,0.8057324840764332,4663.0909806635045,2,node+edge+subgraph+dynamic,145,2.5035984000060125,2.343988400039052,betweenness,p2p-Gnutella08,4
0.8977576583522892,0.9811422429306008,0.9032258064516128,0.8152866242038217,4655.491743494042,2,node+edge+subgraph+dynamic,145,2.475507100003597,2.343988400039052,betweenness,p2p-Gnutella08,5
0.8982053125805122,0.9809953965788448,0.8870967741935484,0.8152866242038217,4538.987505171609,2,node+edge+subgraph+dynamic,145,2.6567386999959126,2.343988400039052,betweenness,p2p-Gnutella08,6
0.8969348670146516,0.980684353539743,0.9032258064516128,0.8089171974522293,4903.628032058405,2,node+edge+subgraph+dynamic,145,2.6666304000027594,2.343988400039052,betweenness,p2p-Gnutella08,7
0.8966193644090849,0.9806427787254478,0.8709677419354839,0.8184713375796179,4566.606990892436,2,node+edge+subgraph+dynamic,145,2.483157700000447,2.343988400039052,betweenness,p2p-Gnutella08,8
0.8993536911093604,0.9814051193438326,0.8548387096774194,0.802547770700637,4844.354999317658,2,node+edge+subgraph+dynamic,145,2.4526464000009582,2.343988400039052,betweenness,p2p-Gnutella08,9
0.8972808050245327,0.9814031132327924,0.8709677419354839,0.8152866242038217,5037.288187435012,3,node,45,1.19655519999651,2.0839697999690543,betweenness,p2p-Gnutella08,0
0.896467520163753,0.9811014465076452,0.8870967741935484,0.8121019108280255,5566.652904535425,3,node,45,1.238637499998731,2.0839697999690543,betweenness,p2p-Gnutella08,1
0.8954520909848707,0.9806419431568174,0.8548387096774194,0.8089171974522293,5753.889005849995,3,node,45,1.1990389999991748,2.0839697999690543,betweenness,p2p-Gnutella08,2
0.895204289274183,0.9805727375410224,0.8387096774193549,0.8312101910828026,5128.124282367541,3,node,45,1.1875370999987354,2.0839697999690543,betweenness,p2p-Gnutella08,3
0.8957051975114193,0.980626130481811,0.8709677419354839,0.821656050955414,5369.633044382809,3,node,45,1.204937400005292,2.0839697999690543,betweenness,p2p-Gnutella08,4
0.8974134189215682,0.9814469124615032,0.8387096774193549,0.8089171974522293,5963.697651691459,3,node,45,1.2144708999985596,2.0839697999690543,betweenness,p2p-Gnutella08,5
0.8959561750784972,0.9810352379528606,0.8870967741935484,0.821656050955414,4960.136070253624,3,node,45,1.165105100000801,2.0839697999690543,betweenness,p2p-Gnutella08,6
0.8964806255766146,0.9810430507852684,0.8870967741935484,0.821656050955414,5330.324924444269,3,node,45,1.217701900000975,2.0839697999690543,betweenness,p2p-Gnutella08,7
0.8942727157573237,0.9803737579695864,0.8870967741935484,0.8121019108280255,5209.642019286769,3,node,45,1.1839208000019426,2.0839697999690543,betweenness,p2p-Gnutella08,8
0.8959061839056809,0.9806856658952664,0.8870967741935484,0.821656050955414,5100.017309745548,3,node,45,1.1971718999993757,2.0839697999690543,betweenness,p2p-Gnutella08,9
0.8988457393455763,0.9814474484038728,0.8870967741935484,0.8184713375796179,5501.069705442096,3,node+edge,93,1.8014483000006292,2.337739999969017,betweenness,p2p-Gnutella08,0
0.896975936812417,0.980832062846794,0.8387096774193549,0.8089171974522293,5249.224525586567,3,node+edge,93,1.796251800005848,2.337739999969017,betweenness,p2p-Gnutella08,1
0.8980072898883691,0.9810834988331932,0.8387096774193549,0.802547770700637,5563.195524254117,3,node+edge,93,1.7636413000000175,2.337739999969017,betweenness,p2p-Gnutella08,2
0.8967793518990275,0.9806181062220032,0.8870967741935484,0.8057324840764332,5570.072695872045,3,node+edge,93,1.7758251999985075,2.337739999969017,betweenness,p2p-Gnutella08,3
0.8983060174469525,0.9813379241276315,0.8870967741935484,0.8121019108280255,5703.548073889504,3,node+edge,93,1.9634106000012248,2.337739999969017,betweenness,p2p-Gnutella08,4
0.897898328855107,0.9811528483661818,0.8709677419354839,0.802547770700637,5478.198227075724,3,node+edge,93,1.9850902000034691,2.337739999969017,betweenness,p2p-Gnutella08,5
0.8973451862620374,0.9810559832726912,0.8870967741935484,0.802547770700637,5227.881748499744,3,node+edge,93,1.8001414999962435,2.337739999969017,betweenness,p2p-Gnutella08,6
0.8972846436887841,0.9808749544003802,0.9032258064516128,0.821656050955414,5692.006792134503,3,node+edge,93,1.805141499993624,2.337739999969017,betweenness,p2p-Gnutella08,7
0.8967507089704505,0.9808088133564437,0.8709677419354839,0.8121019108280255,5065.294475863599,3,node+edge,93,1.7759126999953878,2.337739999969017,betweenness,p2p-Gnutella08,8
0.8972540321355889,0.9809105212663668,0.8548387096774194,0.8152866242038217,5069.868194021654,3,node+edge,93,1.7736476999998558,2.337739999969017,betweenness,p2p-Gnutella08,9
0.8983669998129243,0.981211470114908,0.8548387096774194,0.8184713375796179,4886.168014482003,3,node+edge+subgraph,168,3.1680167999948026,3.1408700999691064,betweenness,p2p-Gnutella08,0
0.8984832636336416,0.9811668198779728,0.8709677419354839,0.8121019108280255,4728.356553953167,3,node+edge+subgraph,168,2.9888770999968983,3.1408700999691064,betweenness,p2p-Gnutella08,1
0.8972099030827652,0.9807825003463156,0.8387096774193549,0.8121019108280255,5228.9715008761295,3,node+edge+subgraph,168,3.3211124000008567,3.1408700999691064,betweenness,p2p-Gnutella08,2
0.897840610271846,0.9809023818707514,0.8709677419354839,0.8057324840764332,4873.488880879452,3,node+edge+subgraph,168,3.178449899998668,3.1408700999691064,betweenness,p2p-Gnutella08,3
0.8990356909920668,0.981336091037148,0.8870967741935484,0.8152866242038217,4585.425497456656,3,node+edge+subgraph,168,3.18622069999401,3.1408700999691064,betweenness,p2p-Gnutella08,4
0.8983349727720128,0.9812243494448076,0.9032258064516128,0.8057324840764332,4647.525763504687,3,node+edge+subgraph,168,3.1174253999997745,3.1408700999691064,betweenness,p2p-Gnutella08,5
0.8990649499821229,0.9814006200563312,0.8709677419354839,0.8057324840764332,4557.4216413776685,3,node+edge+subgraph,168,3.3689042999976664,3.1408700999691064,betweenness,p2p-Gnutella08,6
0.8982694807428065,0.9811616647895534,0.9032258064516128,0.8248407643312102,4894.595795875041,3,node+edge+subgraph,168,3.3397798000005423,3.1408700999691064,betweenness,p2p-Gnutella08,7
0.8981180205461694,0.981216258554925,0.8870967741935484,0.8152866242038217,4564.221409724745,3,node+edge+subgraph,168,3.104992099993978,3.1408700999691064,betweenness,p2p-Gnutella08,8
0.8984367773758025,0.9810567640230166,0.8709677419354839,0.8152866242038217,4932.036103653458,3,node+edge+subgraph,168,3.311128199995437,3.1408700999691064,betweenness,p2p-Gnutella08,9
0.8994535874176894,0.9815686684427216,0.8548387096774194,0.8089171974522293,4862.897231102118,3,node+edge+subgraph+dynamic,170,3.1688217999981134,3.1408700999691064,betweenness,p2p-Gnutella08,0
0.8984379671946455,0.9813567864665044,0.8870967741935484,0.8089171974522293,4707.850427091188,3,node+edge+subgraph+dynamic,170,3.146209699996689,3.1408700999691064,betweenness,p2p-Gnutella08,1
0.8978038654853886,0.9811171672235524,0.8387096774193549,0.7961783439490446,5228.072618308813,3,node+edge+subgraph+dynamic,170,3.097567199998593,3.1408700999691064,betweenness,p2p-Gnutella08,2
0.8979314799874357,0.9808491197167064,0.8709677419354839,0.821656050955414,4889.474437988224,3,node+edge+subgraph+dynamic,170,3.0990377999987686,3.1408700999691064,betweenness,p2p-Gnutella08,3
0.8977726432443066,0.9807538195572189,0.9032258064516128,0.8089171974522293,4600.239107446182,3,node+edge+subgraph+dynamic,170,3.25362640000094,3.1408700999691064,betweenness,p2p-Gnutella08,4
0.8987092969384948,0.9813312950182448,0.9032258064516128,0.8089171974522293,4639.726998919113,3,node+edge+subgraph+dynamic,170,3.3795432999977493,3.1408700999691064,betweenness,p2p-Gnutella08,5
0.8984282658820091,0.9813269669922392,0.8548387096774194,0.802547770700637,4550.384427743318,3,node+edge+subgraph+dynamic,170,3.2730955999941216,3.1408700999691064,betweenness,p2p-Gnutella08,6
0.8982455072999149,0.9810966969937992,0.9032258064516128,0.8121019108280255,4891.468687114809,3,node+edge+subgraph+dynamic,170,3.2974288999976125,3.1408700999691064,betweenness,p2p-Gnutella08,7
0.8981207390364458,0.9811409501696758,0.8709677419354839,0.8057324840764332,4606.734668567839,3,node+edge+subgraph+dynamic,170,3.285845500002324,3.1408700999691064,betweenness,p2p-Gnutella08,8
0.8986680294724289,0.9811912164961792,0.8709677419354839,0.8057324840764332,4956.253149672068,3,node+edge+subgraph+dynamic,170,3.2900737000018125,3.1408700999691064,betweenness,p2p-Gnutella08,9
0.1426230064238723,0.2108228455992,0.032258064516129,0.1305732484076433,0.0938506231630369,0,node,2,0.79396010000346,3.499999911582563e-05,spread_resid,p2p-Gnutella08,0
0.1364337262988649,0.2011520970142638,0.0161290322580645,0.1401273885350318,0.0938346554626587,0,node,2,0.8239884999929927,3.499999911582563e-05,spread_resid,p2p-Gnutella08,1
0.1418968115612708,0.2087366578580152,0.0161290322580645,0.1401273885350318,0.0938843464100865,0,node,2,0.8008323999965796,3.499999911582563e-05,spread_resid,p2p-Gnutella08,2
0.1420415582934527,0.20966113427678,0.0161290322580645,0.1305732484076433,0.0938247816683422,0,node,2,0.758161800004018,3.499999911582563e-05,spread_resid,p2p-Gnutella08,3
0.1409841285468026,0.2078488293125096,0.032258064516129,0.1242038216560509,0.0938348395377919,0,node,2,0.7965315000037663,3.499999911582563e-05,spread_resid,p2p-Gnutella08,4
0.1395332749512343,0.2042424313368052,0.032258064516129,0.1337579617834395,0.0938380361693155,0,node,2,0.7858310999945388,3.499999911582563e-05,spread_resid,p2p-Gnutella08,5
0.1348543241357937,0.1990799704325779,0.032258064516129,0.1050955414012738,0.0939939695123472,0,node,2,0.7739778000031947,3.499999911582563e-05,spread_resid,p2p-Gnutella08,6
0.1404853540888113,0.2052935041227015,0.0806451612903225,0.1464968152866242,0.0938737454965002,0,node,2,0.7540045999994618,3.499999911582563e-05,spread_resid,p2p-Gnutella08,7
0.1359403530341159,0.1991422822162392,0.032258064516129,0.1178343949044586,0.0938798966649677,0,node,2,0.7868648999938159,3.499999911582563e-05,spread_resid,p2p-Gnutella08,8
0.1387941944448376,0.2045176912427136,0.032258064516129,0.1242038216560509,0.09390784140884,0,node,2,0.7907449999984237,3.499999911582563e-05,spread_resid,p2p-Gnutella08,9
0.1426230064238723,0.2108228455992,0.032258064516129,0.1305732484076433,0.0938506231630369,0,node+edge,2,0.7686687000023085,3.499999911582563e-05,spread_resid,p2p-Gnutella08,0
0.1364337262988649,0.2011520970142638,0.0161290322580645,0.1401273885350318,0.0938346554626587,0,node+edge,2,0.8496359999990091,3.499999911582563e-05,spread_resid,p2p-Gnutella08,1
0.1418968115612708,0.2087366578580152,0.0161290322580645,0.1401273885350318,0.0938843464100865,0,node+edge,2,0.7589466999997967,3.499999911582563e-05,spread_resid,p2p-Gnutella08,2
0.1420415582934527,0.20966113427678,0.0161290322580645,0.1305732484076433,0.0938247816683422,0,node+edge,2,0.7971027000021422,3.499999911582563e-05,spread_resid,p2p-Gnutella08,3
0.1409841285468026,0.2078488293125096,0.032258064516129,0.1242038216560509,0.0938348395377919,0,node+edge,2,0.7949370999995153,3.499999911582563e-05,spread_resid,p2p-Gnutella08,4
0.1395332749512343,0.2042424313368052,0.032258064516129,0.1337579617834395,0.0938380361693155,0,node+edge,2,0.8305876000013086,3.499999911582563e-05,spread_resid,p2p-Gnutella08,5
0.1348543241357937,0.1990799704325779,0.032258064516129,0.1050955414012738,0.0939939695123472,0,node+edge,2,0.8646603000015602,3.499999911582563e-05,spread_resid,p2p-Gnutella08,6
0.1404853540888113,0.2052935041227015,0.0806451612903225,0.1464968152866242,0.0938737454965002,0,node+edge,2,0.8801303000000189,3.499999911582563e-05,spread_resid,p2p-Gnutella08,7
0.1359403530341159,0.1991422822162392,0.032258064516129,0.1178343949044586,0.0938798966649677,0,node+edge,2,0.8448302000033436,3.499999911582563e-05,spread_resid,p2p-Gnutella08,8
0.1387941944448376,0.2045176912427136,0.032258064516129,0.1242038216560509,0.09390784140884,0,node+edge,2,0.8064624999969965,3.499999911582563e-05,spread_resid,p2p-Gnutella08,9
0.1426230064238723,0.2108228455992,0.032258064516129,0.1305732484076433,0.0938506231630369,0,node+edge+subgraph,2,0.789570900000399,3.499999911582563e-05,spread_resid,p2p-Gnutella08,0
0.1364337262988649,0.2011520970142638,0.0161290322580645,0.1401273885350318,0.0938346554626587,0,node+edge+subgraph,2,0.7682382999992114,3.499999911582563e-05,spread_resid,p2p-Gnutella08,1
0.1418968115612708,0.2087366578580152,0.0161290322580645,0.1401273885350318,0.0938843464100865,0,node+edge+subgraph,2,0.7923013999970863,3.499999911582563e-05,spread_resid,p2p-Gnutella08,2
0.1420415582934527,0.20966113427678,0.0161290322580645,0.1305732484076433,0.0938247816683422,0,node+edge+subgraph,2,0.8035315000015544,3.499999911582563e-05,spread_resid,p2p-Gnutella08,3
0.1409841285468026,0.2078488293125096,0.032258064516129,0.1242038216560509,0.0938348395377919,0,node+edge+subgraph,2,0.7717294000030961,3.499999911582563e-05,spread_resid,p2p-Gnutella08,4
0.1395332749512343,0.2042424313368052,0.032258064516129,0.1337579617834395,0.0938380361693155,0,node+edge+subgraph,2,0.7838250999993761,3.499999911582563e-05,spread_resid,p2p-Gnutella08,5
0.1348543241357937,0.1990799704325779,0.032258064516129,0.1050955414012738,0.0939939695123472,0,node+edge+subgraph,2,0.756866000003356,3.499999911582563e-05,spread_resid,p2p-Gnutella08,6
0.1404853540888113,0.2052935041227015,0.0806451612903225,0.1464968152866242,0.0938737454965002,0,node+edge+subgraph,2,0.7987943999978597,3.499999911582563e-05,spread_resid,p2p-Gnutella08,7
0.1359403530341159,0.1991422822162392,0.032258064516129,0.1178343949044586,0.0938798966649677,0,node+edge+subgraph,2,0.8267769999947632,3.499999911582563e-05,spread_resid,p2p-Gnutella08,8
0.1387941944448376,0.2045176912427136,0.032258064516129,0.1242038216560509,0.09390784140884,0,node+edge+subgraph,2,0.9350311000016518,3.499999911582563e-05,spread_resid,p2p-Gnutella08,9
0.1426230064238723,0.2108228455992,0.032258064516129,0.1305732484076433,0.0938506231630369,0,node+edge+subgraph+dynamic,2,0.8153046000006725,3.499999911582563e-05,spread_resid,p2p-Gnutella08,0
0.1364337262988649,0.2011520970142638,0.0161290322580645,0.1401273885350318,0.0938346554626587,0,node+edge+subgraph+dynamic,2,0.8007826999964891,3.499999911582563e-05,spread_resid,p2p-Gnutella08,1
0.1418968115612708,0.2087366578580152,0.0161290322580645,0.1401273885350318,0.0938843464100865,0,node+edge+subgraph+dynamic,2,0.8375259000022197,3.499999911582563e-05,spread_resid,p2p-Gnutella08,2
0.1420415582934527,0.20966113427678,0.0161290322580645,0.1305732484076433,0.0938247816683422,0,node+edge+subgraph+dynamic,2,0.7956296000047587,3.499999911582563e-05,spread_resid,p2p-Gnutella08,3
0.1409841285468026,0.2078488293125096,0.032258064516129,0.1242038216560509,0.0938348395377919,0,node+edge+subgraph+dynamic,2,0.7774387000026763,3.499999911582563e-05,spread_resid,p2p-Gnutella08,4
0.1395332749512343,0.2042424313368052,0.032258064516129,0.1337579617834395,0.0938380361693155,0,node+edge+subgraph+dynamic,2,0.7923611000005621,3.499999911582563e-05,spread_resid,p2p-Gnutella08,5
0.1348543241357937,0.1990799704325779,0.032258064516129,0.1050955414012738,0.0939939695123472,0,node+edge+subgraph+dynamic,2,0.8335911000031047,3.499999911582563e-05,spread_resid,p2p-Gnutella08,6
0.1404853540888113,0.2052935041227015,0.0806451612903225,0.1464968152866242,0.0938737454965002,0,node+edge+subgraph+dynamic,2,0.7924252999946475,3.499999911582563e-05,spread_resid,p2p-Gnutella08,7
0.1359403530341159,0.1991422822162392,0.032258064516129,0.1178343949044586,0.0938798966649677,0,node+edge+subgraph+dynamic,2,0.8057909999988624,3.499999911582563e-05,spread_resid,p2p-Gnutella08,8
0.1387941944448376,0.2045176912427136,0.032258064516129,0.1242038216560509,0.09390784140884,0,node+edge+subgraph+dynamic,2,0.7658907000004547,3.499999911582563e-05,spread_resid,p2p-Gnutella08,9
0.2615234473247176,0.3622718385202172,0.1451612903225806,0.3566878980891719,0.0940558397702685,1,node,17,1.0125853999998071,0.6081389000055424,spread_resid,p2p-Gnutella08,0
0.2602054472987628,0.3609005859630803,0.1774193548387097,0.3630573248407643,0.0925068477274362,1,node,17,0.9529898000037064,0.6081389000055424,spread_resid,p2p-Gnutella08,1
0.2603873749369462,0.3614214291053343,0.1290322580645161,0.3535031847133758,0.0938465444847024,1,node,17,0.9600021000005654,0.6081389000055424,spread_resid,p2p-Gnutella08,2
0.2554105796069902,0.3542863772833899,0.0806451612903225,0.340764331210191,0.0942598727327205,1,node,17,0.9601776999988942,0.6081389000055424,spread_resid,p2p-Gnutella08,3
0.266451484605499,0.3696304681611234,0.1290322580645161,0.375796178343949,0.0928506890833699,1,node,17,0.9278303000028244,0.6081389000055424,spread_resid,p2p-Gnutella08,4
0.2529595883107562,0.3501628895121124,0.1129032258064516,0.3471337579617834,0.0950714191814048,1,node,17,0.95211919999565,0.6081389000055424,spread_resid,p2p-Gnutella08,5
0.2547728251824703,0.3545883396681861,0.1451612903225806,0.340764331210191,0.0937567529302634,1,node,17,0.9362538999994284,0.6081389000055424,spread_resid,p2p-Gnutella08,6
0.2581390265215607,0.3575966784762065,0.1290322580645161,0.3598726114649681,0.0937067859132721,1,node,17,0.9441886999993584,0.6081389000055424,spread_resid,p2p-Gnutella08,7
0.2567005731535738,0.355324711901522,0.1129032258064516,0.3439490445859872,0.0946502994164444,1,node,17,1.0558604000034393,0.6081389000055424,spread_resid,p2p-Gnutella08,8
0.2569513646213057,0.3561035506009735,0.1774193548387097,0.3630573248407643,0.0935548647534107,1,node,17,1.0730169000016758,0.6081389000055424,spread_resid,p2p-Gnutella08,9
0.2612586296424172,0.3620184208686321,0.1451612903225806,0.3535031847133758,0.0938288708816733,1,node+edge,38,1.1982151000047452,0.861909100005505,spread_resid,p2p-Gnutella08,0
0.2605761106735356,0.3612065402380971,0.1774193548387097,0.3630573248407643,0.0924537209502645,1,node+edge,38,1.1465261000048486,0.861909100005505,spread_resid,p2p-Gnutella08,1
0.2604291706632417,0.361013021354659,0.1290322580645161,0.3535031847133758,0.0939555005955185,1,node+edge,38,1.1481960999954026,0.861909100005505,spread_resid,p2p-Gnutella08,2
0.2572077541902799,0.3569556507762355,0.0967741935483871,0.3439490445859872,0.0942188071776813,1,node+edge,38,1.1367400999952224,0.861909100005505,spread_resid,p2p-Gnutella08,3
0.2657487664820572,0.3683893622749771,0.1290322580645161,0.3598726114649681,0.0930695678069395,1,node+edge,38,1.144057800003793,0.861909100005505,spread_resid,p2p-Gnutella08,4
0.2512541307102235,0.3474751883144649,0.1129032258064516,0.3566878980891719,0.094912208456311,1,node+edge,38,1.1672085000027437,0.861909100005505,spread_resid,p2p-Gnutella08,5
0.2581067708642822,0.3588581283197213,0.1451612903225806,0.3566878980891719,0.0939115341064344,1,node+edge,38,1.175103499997931,0.861909100005505,spread_resid,p2p-Gnutella08,6
0.2593697195741666,0.3598769298403931,0.1129032258064516,0.3598726114649681,0.0938524229205085,1,node+edge,38,1.2038234999999986,0.861909100005505,spread_resid,p2p-Gnutella08,7
0.2520685025620715,0.3496296610019884,0.1290322580645161,0.3535031847133758,0.0945261308923101,1,node+edge,38,1.1561771999986377,0.861909100005505,spread_resid,p2p-Gnutella08,8
0.2565631936301214,0.3560509955241386,0.1612903225806451,0.3535031847133758,0.0932792308029301,1,node+edge,38,1.1617148999939673,0.861909100005505,spread_resid,p2p-Gnutella08,9
0.3718267858747651,0.5050849279700786,0.1451612903225806,0.340764331210191,0.0996844966578429,2,node,35,1.0805514000021503,1.287088100039,spread_resid,p2p-Gnutella08,0
0.3760404082889512,0.5098838613872034,0.1451612903225806,0.340764331210191,0.1009160315512462,2,node,35,1.0459771000023466,1.287088100039,spread_resid,p2p-Gnutella08,1
0.3753547825812302,0.509751508192424,0.2096774193548387,0.3471337579617834,0.1030736048576221,2,node,35,1.091760700001032,1.287088100039,spread_resid,p2p-Gnutella08,2
0.3780622393567378,0.5145538347739554,0.1774193548387097,0.3630573248407643,0.0997389165838883,2,node,35,1.099036999999953,1.287088100039,spread_resid,p2p-Gnutella08,3
0.3779257152341653,0.5123548552252472,0.1612903225806451,0.3439490445859872,0.1026514882661597,2,node,35,1.1059057000020402,1.287088100039,spread_resid,p2p-Gnutella08,4
0.3736928470646632,0.5088271618949345,0.1935483870967742,0.3471337579617834,0.1030836064255193,2,node,35,1.1098438999979408,1.287088100039,spread_resid,p2p-Gnutella08,5
0.3735270379269506,0.507238226574469,0.1129032258064516,0.3694267515923566,0.1010388063602534,2,node,35,1.0468799000009312,1.287088100039,spread_resid,p2p-Gnutella08,6
0.3710989274143269,0.5042770687500684,0.1774193548387097,0.3439490445859872,0.1018646664793054,2,node,35,1.0320853999946848,1.287088100039,spread_resid,p2p-Gnutella08,7
0.3731129301258227,0.5061733629734507,0.1935483870967742,0.3535031847133758,0.0999885435857172,2,node,35,1.0494313000017428,1.287088100039,spread_resid,p2p-Gnutella08,8
0.3746762229975162,0.5089297756900095,0.1774193548387097,0.3662420382165605,0.1004198851509523,2,node,35,1.0706592999995337,1.287088100039,spread_resid,p2p-Gnutella08,9
0.3720434267480301,0.505359176508628,0.1612903225806451,0.3503184713375796,0.0998460424976799,2,node+edge,80,1.4613191000025836,1.5408583000389626,spread_resid,p2p-Gnutella08,0
0.3780457151946242,0.5125680045847801,0.1612903225806451,0.3503184713375796,0.1008145436424356,2,node+edge,80,1.4980890000006184,1.5408583000389626,spread_resid,p2p-Gnutella08,1
0.3759070392033305,0.5105949045520194,0.1935483870967742,0.3535031847133758,0.1026223355329046,2,node+edge,80,1.51115139999456,1.5408583000389626,spread_resid,p2p-Gnutella08,2
0.3804284177770485,0.5171571291024224,0.1612903225806451,0.3789808917197452,0.0990847261765135,2,node+edge,80,1.6868988999995054,1.5408583000389626,spread_resid,p2p-Gnutella08,3
0.3766312243318942,0.5106308040906847,0.1612903225806451,0.3535031847133758,0.102463115127833,2,node+edge,80,1.5996820999935153,1.5408583000389626,spread_resid,p2p-Gnutella08,4
0.377871018807473,0.5140525208894936,0.2096774193548387,0.3566878980891719,0.1032557754944317,2,node+edge,80,1.4464724000063145,1.5408583000389626,spread_resid,p2p-Gnutella08,5
0.3776912290461233,0.512944352019644,0.1129032258064516,0.3566878980891719,0.1017093945200841,2,node+edge,80,1.427798299999267,1.5408583000389626,spread_resid,p2p-Gnutella08,6
0.3702896607751966,0.5043187544669876,0.1774193548387097,0.3439490445859872,0.1019032953903967,2,node+edge,80,1.4670862999992096,1.5408583000389626,spread_resid,p2p-Gnutella08,7
0.3731621371532522,0.5070964662719253,0.1774193548387097,0.3375796178343949,0.0999124207516007,2,node+edge,80,1.480741699997452,1.5408583000389626,spread_resid,p2p-Gnutella08,8
0.376244341432763,0.511357497921216,0.1935483870967742,0.3535031847133758,0.0998959624346434,2,node+edge,80,1.5088902999996208,1.5408583000389626,spread_resid,p2p-Gnutella08,9
0.377964262927122,0.5116955267408687,0.1451612903225806,0.3566878980891719,0.1011726090489651,2,node+edge+subgraph,144,2.266796000003524,2.343988400039052,spread_resid,p2p-Gnutella08,0
0.378583700782181,0.5119126624277621,0.1612903225806451,0.3630573248407643,0.1018559814022685,2,node+edge+subgraph,144,2.2262477000040235,2.343988400039052,spread_resid,p2p-Gnutella08,1
0.3763268355066737,0.5103974050393836,0.1612903225806451,0.3566878980891719,0.1036662387673621,2,node+edge+subgraph,144,2.3051450999992085,2.343988400039052,spread_resid,p2p-Gnutella08,2
0.3793540946030707,0.5149805240427894,0.1612903225806451,0.3821656050955414,0.0994628664045661,2,node+edge+subgraph,144,2.265526900002442,2.343988400039052,spread_resid,p2p-Gnutella08,3
0.3782530359032336,0.5126593043807187,0.1612903225806451,0.3853503184713376,0.102929697616227,2,node+edge+subgraph,144,2.232044299998961,2.343988400039052,spread_resid,p2p-Gnutella08,4
0.3795489865541778,0.5141728280771612,0.1935483870967742,0.3694267515923566,0.1029142767292188,2,node+edge+subgraph,144,2.277650599993649,2.343988400039052,spread_resid,p2p-Gnutella08,5
0.3763998760221972,0.509165356418752,0.1290322580645161,0.3630573248407643,0.1029240784129643,2,node+edge+subgraph,144,2.369235199999821,2.343988400039052,spread_resid,p2p-Gnutella08,6
0.3689829745540486,0.4998119254448899,0.2096774193548387,0.340764331210191,0.1024415954521616,2,node+edge+subgraph,144,2.293085000004794,2.343988400039052,spread_resid,p2p-Gnutella08,7
0.3761085943954245,0.5098872918855183,0.1935483870967742,0.3566878980891719,0.1021195256183202,2,node+edge+subgraph,144,2.5748291999989306,2.343988400039052,spread_resid,p2p-Gnutella08,8
0.3760078469978676,0.5096356656672804,0.2258064516129032,0.3662420382165605,0.099931046188286,2,node+edge+subgraph,144,2.3277606000046944,2.343988400039052,spread_resid,p2p-Gnutella08,9
0.3782783160510878,0.5116686578127606,0.1451612903225806,0.3726114649681528,0.1015456978388702,2,node+edge+subgraph+dynamic,145,2.225795400001516,2.343988400039052,spread_resid,p2p-Gnutella08,0
0.3758771924624192,0.5084689349792798,0.1612903225806451,0.3439490445859872,0.1017342008788622,2,node+edge+subgraph+dynamic,145,2.276791999996931,2.343988400039052,spread_resid,p2p-Gnutella08,1
0.3741061483202003,0.5079145605384568,0.1935483870967742,0.3471337579617834,0.1026811212626198,2,node+edge+subgraph+dynamic,145,2.316007699999318,2.343988400039052,spread_resid,p2p-Gnutella08,2
0.3797311229927821,0.5160012923161439,0.1612903225806451,0.3662420382165605,0.0998725545075709,2,node+edge+subgraph+dynamic,145,2.287298800001736,2.343988400039052,spread_resid,p2p-Gnutella08,3
0.3793075425988493,0.5149664478578261,0.1612903225806451,0.3662420382165605,0.1027386426466611,2,node+edge+subgraph+dynamic,145,2.2831498000014108,2.343988400039052,spread_resid,p2p-Gnutella08,4
0.3802834215506099,0.5155881130755001,0.1935483870967742,0.3503184713375796,0.1025915185786243,2,node+edge+subgraph+dynamic,145,2.251476099998399,2.343988400039052,spread_resid,p2p-Gnutella08,5
0.3752069085149887,0.5076257868548874,0.1290322580645161,0.3662420382165605,0.1028448602315411,2,node+edge+subgraph+dynamic,145,2.4469766999973217,2.343988400039052,spread_resid,p2p-Gnutella08,6
0.3750835914560932,0.5085375473763449,0.2096774193548387,0.3535031847133758,0.1021218828984603,2,node+edge+subgraph+dynamic,145,2.2871497999949497,2.343988400039052,spread_resid,p2p-Gnutella08,7
0.3747269219974544,0.5080162254800229,0.1774193548387097,0.3598726114649681,0.1020591404731144,2,node+edge+subgraph+dynamic,145,2.3009824999971897,2.343988400039052,spread_resid,p2p-Gnutella08,8
0.3758070706531307,0.5086181255339232,0.1935483870967742,0.3662420382165605,0.1004513020886879,2,node+edge+subgraph+dynamic,145,2.309993499999109,2.343988400039052,spread_resid,p2p-Gnutella08,9
0.4336521037552639,0.5764333062053746,0.1451612903225806,0.3917197452229299,0.0995059998689018,3,node,45,1.3751113999969675,2.0839697999690543,spread_resid,p2p-Gnutella08,0
0.4320095497702638,0.5753922021988839,0.2096774193548387,0.3821656050955414,0.0989679225135925,3,node,45,1.3817152999981772,2.0839697999690543,spread_resid,p2p-Gnutella08,1
0.4336029245237818,0.5749680486562581,0.1935483870967742,0.375796178343949,0.1014964301573565,3,node,45,1.3481285000016214,2.0839697999690543,spread_resid,p2p-Gnutella08,2
0.439467512341638,0.5836924942375411,0.1774193548387097,0.4267515923566879,0.0964382068050751,3,node,45,1.2375369000001228,2.0839697999690543,spread_resid,p2p-Gnutella08,3
0.4323322451125594,0.5751860484902219,0.1935483870967742,0.3949044585987261,0.0989578400166734,3,node,45,1.227853900003538,2.0839697999690543,spread_resid,p2p-Gnutella08,4
0.435740561735823,0.5794205934185093,0.1935483870967742,0.4044585987261146,0.09867123207592,3,node,45,1.271998700001859,2.0839697999690543,spread_resid,p2p-Gnutella08,5
0.4342275868185989,0.576323577206191,0.1774193548387097,0.3821656050955414,0.0996908912222072,3,node,45,1.2344382000010228,2.0839697999690543,spread_resid,p2p-Gnutella08,6
0.4269712257276293,0.5674087524412917,0.1774193548387097,0.375796178343949,0.1012493062683833,3,node,45,1.2338961999994351,2.0839697999690543,spread_resid,p2p-Gnutella08,7
0.434508630856353,0.5768727825622652,0.2258064516129032,0.3980891719745223,0.0979366512945024,3,node,45,1.2235505999997258,2.0839697999690543,spread_resid,p2p-Gnutella08,8
0.4341808758853286,0.5776227824584399,0.2419354838709677,0.3789808917197452,0.0988286323166666,3,node,45,1.2774471000011545,2.0839697999690543,spread_resid,p2p-Gnutella08,9
0.4375411629017645,0.5828188680587608,0.1612903225806451,0.3694267515923566,0.098174894454385,3,node+edge,93,1.7690521000040462,2.337739999969017,spread_resid,p2p-Gnutella08,0
0.4311642473912644,0.5741638441520439,0.2741935483870967,0.3821656050955414,0.0984764660600885,3,node+edge,93,1.7882786000045598,2.337739999969017,spread_resid,p2p-Gnutella08,1
0.43832328941527,0.5815368352207594,0.2258064516129032,0.3853503184713376,0.0993812841522184,3,node+edge,93,1.7883306000003358,2.337739999969017,spread_resid,p2p-Gnutella08,2
0.4420792301383666,0.5862376219076282,0.2096774193548387,0.4299363057324841,0.0966578371442737,3,node+edge,93,1.7887887000033516,2.337739999969017,spread_resid,p2p-Gnutella08,3
0.4314641842239765,0.5737428514757574,0.2096774193548387,0.3917197452229299,0.0981067482227109,3,node+edge,93,1.7935963999989326,2.337739999969017,spread_resid,p2p-Gnutella08,4
0.4314655579815248,0.5719265224554023,0.1774193548387097,0.3853503184713376,0.0993294835355022,3,node+edge,93,1.731431199994404,2.337739999969017,spread_resid,p2p-Gnutella08,5
0.4375367255122853,0.5810360361190913,0.1129032258064516,0.410828025477707,0.1000250604032721,3,node+edge,93,1.7718899000028614,2.337739999969017,spread_resid,p2p-Gnutella08,6
0.4292970191269741,0.5700419851828495,0.1774193548387097,0.3821656050955414,0.1010910169442736,3,node+edge,93,1.817501400000765,2.337739999969017,spread_resid,p2p-Gnutella08,7
0.4365018199514398,0.5797967348652643,0.2258064516129032,0.4044585987261146,0.0990260359243709,3,node+edge,93,1.7360552000027385,2.337739999969017,spread_resid,p2p-Gnutella08,8
0.4337396443349692,0.5763476708512448,0.2419354838709677,0.4012738853503185,0.0980910494737727,3,node+edge,93,1.915191899999627,2.337739999969017,spread_resid,p2p-Gnutella08,9
0.439839727157363,0.5817980694830471,0.1612903225806451,0.3949044585987261,0.0995807291171215,3,node+edge+subgraph,168,3.024667900004715,3.1408700999691064,spread_resid,p2p-Gnutella08,0
0.4362203104974498,0.5780240331986737,0.1935483870967742,0.3853503184713376,0.0995850214829615,3,node+edge+subgraph,168,2.8053217999986373,3.1408700999691064,spread_resid,p2p-Gnutella08,1
0.437134673621113,0.5788737226265219,0.2419354838709677,0.3917197452229299,0.0994230421412845,3,node+edge+subgraph,168,2.7890446999954293,3.1408700999691064,spread_resid,p2p-Gnutella08,2
0.4411930116379435,0.5840112795255836,0.1774193548387097,0.4171974522292994,0.0974136143091385,3,node+edge+subgraph,168,2.872650500001328,3.1408700999691064,spread_resid,p2p-Gnutella08,3
0.4325866533404155,0.5742125424020748,0.1774193548387097,0.3917197452229299,0.0990237417107162,3,node+edge+subgraph,168,2.8330474000031245,3.1408700999691064,spread_resid,p2p-Gnutella08,4
0.4383961509308198,0.5804972606585574,0.1774193548387097,0.4044585987261146,0.0983527063442786,3,node+edge+subgraph,168,2.773228400001244,3.1408700999691064,spread_resid,p2p-Gnutella08,5
0.4394442825185034,0.580105784823012,0.1451612903225806,0.3885350318471338,0.1008321555333914,3,node+edge+subgraph,168,2.804167299997061,3.1408700999691064,spread_resid,p2p-Gnutella08,6
0.4369320590106505,0.577868348874263,0.1612903225806451,0.4076433121019108,0.1027893430433881,3,node+edge+subgraph,168,2.8040784999975585,3.1408700999691064,spread_resid,p2p-Gnutella08,7
0.4363922268622951,0.5775132903848347,0.2580645161290322,0.3980891719745223,0.0981821909490996,3,node+edge+subgraph,168,2.8004260000016075,3.1408700999691064,spread_resid,p2p-Gnutella08,8
0.4381212955323085,0.5806506705451179,0.2258064516129032,0.4267515923566879,0.0979383578707503,3,node+edge+subgraph,168,2.890028000001621,3.1408700999691064,spread_resid,p2p-Gnutella08,9
0.4366349558805028,0.5796509711700913,0.1774193548387097,0.3726114649681528,0.0988449144624611,3,node+edge+subgraph+dynamic,170,3.0090229000052204,3.1408700999691064,spread_resid,p2p-Gnutella08,0
0.4365224945965988,0.5798957306329481,0.1935483870967742,0.3853503184713376,0.0994162503020531,3,node+edge+subgraph+dynamic,170,2.829351400003361,3.1408700999691064,spread_resid,p2p-Gnutella08,1
0.4335423367258562,0.5741438403833662,0.1935483870967742,0.3853503184713376,0.1003959583310476,3,node+edge+subgraph+dynamic,170,2.7735252999991644,3.1408700999691064,spread_resid,p2p-Gnutella08,2
0.441437647215779,0.585007792946495,0.2096774193548387,0.4331210191082802,0.0958628618950395,3,node+edge+subgraph+dynamic,170,2.840312600004836,3.1408700999691064,spread_resid,p2p-Gnutella08,3
0.4386643410890537,0.5826266074552716,0.1451612903225806,0.4171974522292994,0.0984306784839892,3,node+edge+subgraph+dynamic,170,2.835411799998837,3.1408700999691064,spread_resid,p2p-Gnutella08,4
0.4354513929827737,0.5778464179137781,0.1612903225806451,0.4012738853503185,0.0994991900119297,3,node+edge+subgraph+dynamic,170,2.776947199999995,3.1408700999691064,spread_resid,p2p-Gnutella08,5
0.4405022585745359,0.5827454713047554,0.1612903225806451,0.3853503184713376,0.1006815986317316,3,node+edge+subgraph+dynamic,170,2.8220204999961425,3.1408700999691064,spread_resid,p2p-Gnutella08,6
0.4328707182221848,0.5727712522493795,0.1774193548387097,0.3885350318471338,0.1030541448588462,3,node+edge+subgraph+dynamic,170,2.84815840000374,3.1408700999691064,spread_resid,p2p-Gnutella08,7
0.4385015592379759,0.5803669449154996,0.2419354838709677,0.3949044585987261,0.0977675564870972,3,node+edge+subgraph+dynamic,170,2.835762700000487,3.1408700999691064,spread_resid,p2p-Gnutella08,8
0.4378286398213069,0.5795452347533618,0.2258064516129032,0.4140127388535032,0.0978977107932734,3,node+edge+subgraph+dynamic,170,2.836706200003391,3.1408700999691064,spread_resid,p2p-Gnutella08,9
0.7986653192694416,0.9418839229631869,0.9516129032258065,0.9490445859872612,3.0634443664414834,1,node+edge+subgraph,56,5.929747900023358,1.6650392000055945,spread_mean,p2p-Gnutella08,0
0.7984532297314453,0.941727691233524,0.9354838709677419,0.9554140127388535,3.0448363753028946,1,node+edge+subgraph,56,1.8724121999985073,1.6650392000055945,spread_mean,p2p-Gnutella08,1
0.7998051686695642,0.9423030390967615,0.9354838709677419,0.9585987261146497,2.835419444677942,1,node+edge+subgraph,56,2.7456531999923754,1.6650392000055945,spread_mean,p2p-Gnutella08,2
0.799267769337445,0.9419018982260252,0.967741935483871,0.9554140127388535,3.075874472807076,1,node+edge+subgraph,56,2.0803322000137996,1.6650392000055945,spread_mean,p2p-Gnutella08,3
0.7996735390021832,0.9422715458236534,0.9516129032258065,0.945859872611465,2.9174298115496775,1,node+edge+subgraph,56,1.7337209999968763,1.6650392000055945,spread_mean,p2p-Gnutella08,4
0.7996817551604997,0.9423288963303657,0.9516129032258065,0.9554140127388535,2.9239197932644005,1,node+edge+subgraph,56,1.627271599980304,1.6650392000055945,spread_mean,p2p-Gnutella08,5
0.8002778703450536,0.9425985564384582,0.9516129032258065,0.9554140127388535,2.9155954504223667,1,node+edge+subgraph,56,1.625032200012356,1.6650392000055945,spread_mean,p2p-Gnutella08,6
0.7999606672254571,0.9423254516059186,0.9354838709677419,0.9426751592356688,2.938042115048072,1,node+edge+subgraph,56,1.6476993999967817,1.6650392000055945,spread_mean,p2p-Gnutella08,7
0.7992920589342434,0.9421716476403554,0.9516129032258065,0.9490445859872612,2.878911447555347,1,node+edge+subgraph,56,1.6488251999835484,1.6650392000055945,spread_mean,p2p-Gnutella08,8
0.7987649262398026,0.9418274161315561,0.9516129032258065,0.9426751592356688,2.875015215602035,1,node+edge+subgraph,56,1.6492692999891005,1.6650392000055945,spread_mean,p2p-Gnutella08,9
0.7986653192694416,0.9418839229631869,0.9516129032258065,0.9490445859872612,3.0634443664414834,1,node+edge+subgraph+dynamic,56,1.5883229000028223,1.6650392000055945,spread_mean,p2p-Gnutella08,0
0.7984532297314453,0.941727691233524,0.9354838709677419,0.9554140127388535,3.0448363753028946,1,node+edge+subgraph+dynamic,56,1.663943300023675,1.6650392000055945,spread_mean,p2p-Gnutella08,1
0.7998051686695642,0.9423030390967615,0.9354838709677419,0.9585987261146497,2.835419444677942,1,node+edge+subgraph+dynamic,56,1.6784936000185553,1.6650392000055945,spread_mean,p2p-Gnutella08,2
0.799267769337445,0.9419018982260252,0.967741935483871,0.9554140127388535,3.075874472807076,1,node+edge+subgraph+dynamic,56,1.6969741000211798,1.6650392000055945,spread_mean,p2p-Gnutella08,3
0.7996735390021832,0.9422715458236534,0.9516129032258065,0.945859872611465,2.9174298115496775,1,node+edge+subgraph+dynamic,56,1.678917300014291,1.6650392000055945,spread_mean,p2p-Gnutella08,4
0.7996817551604997,0.9423288963303657,0.9516129032258065,0.9554140127388535,2.9239197932644005,1,node+edge+subgraph+dynamic,56,1.6397854999813717,1.6650392000055945,spread_mean,p2p-Gnutella08,5
0.8002778703450536,0.9425985564384582,0.9516129032258065,0.9554140127388535,2.9155954504223667,1,node+edge+subgraph+dynamic,56,1.6376071999839041,1.6650392000055945,spread_mean,p2p-Gnutella08,6
0.7999606672254571,0.9423254516059186,0.9354838709677419,0.9426751592356688,2.938042115048072,1,node+edge+subgraph+dynamic,56,1.6529953999852296,1.6650392000055945,spread_mean,p2p-Gnutella08,7
0.7992920589342434,0.9421716476403554,0.9516129032258065,0.9490445859872612,2.878911447555347,1,node+edge+subgraph+dynamic,56,1.643786500004353,1.6650392000055945,spread_mean,p2p-Gnutella08,8
0.7987649262398026,0.9418274161315561,0.9516129032258065,0.9426751592356688,2.875015215602035,1,node+edge+subgraph+dynamic,56,1.7022371999919415,1.6650392000055945,spread_mean,p2p-Gnutella08,9
0.5886197294581565,0.7592712428512017,0.0,0.07961783439490445,1.056317320928097,1,node+edge+subgraph,56,1.6149421999871265,1.6650392000055945,spread_cv,p2p-Gnutella08,0
0.5909980561693365,0.7626835507609693,0.016129032258064516,0.0732484076433121,1.050499221023692,1,node+edge+subgraph,56,1.6150970000016969,1.6650392000055945,spread_cv,p2p-Gnutella08,1
0.5875838443742094,0.7577888686507,0.0,0.07006369426751592,1.0636551799099516,1,node+edge+subgraph,56,1.6230134000070393,1.6650392000055945,spread_cv,p2p-Gnutella08,2
0.589256775076841,0.7598145338624606,0.0,0.06687898089171974,1.053490027276581,1,node+edge+subgraph,56,1.6637403000204358,1.6650392000055945,spread_cv,p2p-Gnutella08,3
0.5911195358354971,0.7624991999843364,0.0,0.0732484076433121,1.0517976195879084,1,node+edge+subgraph,56,1.628969200013671,1.6650392000055945,spread_cv,p2p-Gnutella08,4
0.5866034085967448,0.7565525669086256,0.0,0.08280254777070063,1.065533130908789,1,node+edge+subgraph,56,1.6333738999965135,1.6650392000055945,spread_cv,p2p-Gnutella08,5
0.5897171208200529,0.7599749180222707,0.016129032258064516,0.08598726114649681,1.0580928472528395,1,node+edge+subgraph,56,1.6782766000251286,1.6650392000055945,spread_cv,p2p-Gnutella08,6
0.5900251642450499,0.7603456537738938,0.0,0.07643312101910828,1.0558268191821012,1,node+edge+subgraph,56,1.6784907999972347,1.6650392000055945,spread_cv,p2p-Gnutella08,7
0.588409450521462,0.7585610621653803,0.0,0.08917197452229299,1.0624487554965396,1,node+edge+subgraph,56,1.6526025999919511,1.6650392000055945,spread_cv,p2p-Gnutella08,8
0.588152895259341,0.7586076085517397,0.0,0.07006369426751592,1.0599865236249213,1,node+edge+subgraph,56,1.6273187999904621,1.6650392000055945,spread_cv,p2p-Gnutella08,9
0.5886197294581565,0.7592712428512017,0.0,0.07961783439490445,1.056317320928097,1,node+edge+subgraph+dynamic,56,1.6580819999799132,1.6650392000055945,spread_cv,p2p-Gnutella08,0
0.5909980561693365,0.7626835507609693,0.016129032258064516,0.0732484076433121,1.050499221023692,1,node+edge+subgraph+dynamic,56,1.5945854000165127,1.6650392000055945,spread_cv,p2p-Gnutella08,1
0.5875838443742094,0.7577888686507,0.0,0.07006369426751592,1.0636551799099516,1,node+edge+subgraph+dynamic,56,1.5634417000110261,1.6650392000055945,spread_cv,p2p-Gnutella08,2
0.589256775076841,0.7598145338624606,0.0,0.06687898089171974,1.053490027276581,1,node+edge+subgraph+dynamic,56,1.5952488000039011,1.6650392000055945,spread_cv,p2p-Gnutella08,3
0.5911195358354971,0.7624991999843364,0.0,0.0732484076433121,1.0517976195879084,1,node+edge+subgraph+dynamic,56,1.6633178000047337,1.6650392000055945,spread_cv,p2p-Gnutella08,4
0.5866034085967448,0.7565525669086256,0.0,0.08280254777070063,1.065533130908789,1,node+edge+subgraph+dynamic,56,1.6803649999783374,1.6650392000055945,spread_cv,p2p-Gnutella08,5
0.5897171208200529,0.7599749180222707,0.016129032258064516,0.08598726114649681,1.0580928472528395,1,node+edge+subgraph+dynamic,56,1.6530557999794837,1.6650392000055945,spread_cv,p2p-Gnutella08,6
0.5900251642450499,0.7603456537738938,0.0,0.07643312101910828,1.0558268191821012,1,node+edge+subgraph+dynamic,56,1.6469579000258818,1.6650392000055945,spread_cv,p2p-Gnutella08,7
0.588409450521462,0.7585610621653803,0.0,0.08917197452229299,1.0624487554965396,1,node+edge+subgraph+dynamic,56,1.5616558000037912,1.6650392000055945,spread_cv,p2p-Gnutella08,8
0.588152895259341,0.7586076085517397,0.0,0.07006369426751592,1.0599865236249213,1,node+edge+subgraph+dynamic,56,1.6358010000258218,1.6650392000055945,spread_cv,p2p-Gnutella08,9
0.2611856484812343,0.3617316778329322,0.14516129032258066,0.35987261146496813,0.09385130383982279,1,node+edge+subgraph,56,1.6505763000168372,1.6650392000055945,spread_resid,p2p-Gnutella08,0
0.2598026757966297,0.36021565040792414,0.1774193548387097,0.35987261146496813,0.09246566012441104,1,node+edge+subgraph,56,1.4879877000057604,1.6650392000055945,spread_resid,p2p-Gnutella08,1
0.26037062641573855,0.36106746795073635,0.12903225806451613,0.3535031847133758,0.0939382837999015,1,node+edge+subgraph,56,1.5455725000065286,1.6650392000055945,spread_resid,p2p-Gnutella08,2
0.25701404186788185,0.3565350102018445,0.0967741935483871,0.3471337579617834,0.09417501489260849,1,node+edge+subgraph,56,1.5876888999773655,1.6650392000055945,spread_resid,p2p-Gnutella08,3
0.26122837992254283,0.36250640877299956,0.12903225806451613,0.35987261146496813,0.09305121702524316,1,node+edge+subgraph,56,1.6307474999921396,1.6650392000055945,spread_resid,p2p-Gnutella08,4
0.2546149428415185,0.3518734225483511,0.11290322580645161,0.3535031847133758,0.09485351577356713,1,node+edge+subgraph,56,1.6066766000003554,1.6650392000055945,spread_resid,p2p-Gnutella08,5
0.26107461612901217,0.3623380288713004,0.14516129032258066,0.3471337579617834,0.09388408155290866,1,node+edge+subgraph,56,1.534957800002303,1.6650392000055945,spread_resid,p2p-Gnutella08,6
0.26130103498283136,0.36236465269686086,0.12903225806451613,0.3630573248407643,0.09381286484722604,1,node+edge+subgraph,56,1.5324503999727312,1.6650392000055945,spread_resid,p2p-Gnutella08,7
0.25385366339779336,0.3526065333862622,0.12903225806451613,0.3503184713375796,0.0944766774541786,1,node+edge+subgraph,56,1.5706542000116315,1.6650392000055945,spread_resid,p2p-Gnutella08,8
0.2569875066619661,0.3566449735743895,0.1774193548387097,0.3535031847133758,0.09323038768025778,1,node+edge+subgraph,56,1.607788299996173,1.6650392000055945,spread_resid,p2p-Gnutella08,9
0.2611856484812343,0.3617316778329322,0.14516129032258066,0.35987261146496813,0.09385130383982279,1,node+edge+subgraph+dynamic,56,1.6186039999884088,1.6650392000055945,spread_resid,p2p-Gnutella08,0
0.2598026757966297,0.36021565040792414,0.1774193548387097,0.35987261146496813,0.09246566012441104,1,node+edge+subgraph+dynamic,56,1.5633411000017077,1.6650392000055945,spread_resid,p2p-Gnutella08,1
0.26037062641573855,0.36106746795073635,0.12903225806451613,0.3535031847133758,0.0939382837999015,1,node+edge+subgraph+dynamic,56,1.5414662000257522,1.6650392000055945,spread_resid,p2p-Gnutella08,2
0.25701404186788185,0.3565350102018445,0.0967741935483871,0.3471337579617834,0.09417501489260849,1,node+edge+subgraph+dynamic,56,1.5342169999785256,1.6650392000055945,spread_resid,p2p-Gnutella08,3
0.26122837992254283,0.36250640877299956,0.12903225806451613,0.35987261146496813,0.09305121702524316,1,node+edge+subgraph+dynamic,56,1.5801909000147134,1.6650392000055945,spread_resid,p2p-Gnutella08,4
0.2546149428415185,0.3518734225483511,0.11290322580645161,0.3535031847133758,0.09485351577356713,1,node+edge+subgraph+dynamic,56,1.5141580000054091,1.6650392000055945,spread_resid,p2p-Gnutella08,5
0.26107461612901217,0.3623380288713004,0.14516129032258066,0.3471337579617834,0.09388408155290866,1,node+edge+subgraph+dynamic,56,1.541649899998447,1.6650392000055945,spread_resid,p2p-Gnutella08,6
0.26130103498283136,0.36236465269686086,0.12903225806451613,0.3630573248407643,0.09381286484722604,1,node+edge+subgraph+dynamic,56,1.574388100008946,1.6650392000055945,spread_resid,p2p-Gnutella08,7
0.25385366339779336,0.3526065333862622,0.12903225806451613,0.3503184713375796,0.0944766774541786,1,node+edge+subgraph+dynamic,56,1.5683242000231985,1.6650392000055945,spread_resid,p2p-Gnutella08,8
0.2569875066619661,0.3566449735743895,0.1774193548387097,0.3535031847133758,0.09323038768025778,1,node+edge+subgraph+dynamic,56,1.564524400018854,1.6650392000055945,spread_resid,p2p-Gnutella08,9
0.891575039588273,0.9794841709526895,0.8064516129032258,0.7898089171974523,6017.723844456212,1,node+edge+subgraph,56,1.6138763000199106,1.6650392000055945,betweenness,p2p-Gnutella08,0
0.891246448954295,0.979151786587941,0.8225806451612904,0.7898089171974523,6035.5382410708235,1,node+edge+subgraph,56,1.618774200003827,1.6650392000055945,betweenness,p2p-Gnutella08,1
0.8903273499414969,0.979101899486414,0.8225806451612904,0.7707006369426752,6406.187943546281,1,node+edge+subgraph,56,1.6169582000002265,1.6650392000055945,betweenness,p2p-Gnutella08,2
0.8897651976619797,0.9788142605429565,0.7903225806451613,0.802547770700637,6561.08985258301,1,node+edge+subgraph,56,1.5802303999953438,1.6650392000055945,betweenness,p2p-Gnutella08,3
0.890661183103809,0.978830881149707,0.8225806451612904,0.8057324840764332,6436.021724475343,1,node+edge+subgraph,56,1.6369393000204582,1.6650392000055945,betweenness,p2p-Gnutella08,4
0.8905511877729648,0.9793420088688705,0.8225806451612904,0.7929936305732485,5911.2847505710515,1,node+edge+subgraph,56,1.6265686999831814,1.6650392000055945,betweenness,p2p-Gnutella08,5
0.891384302075701,0.9793739241718429,0.8387096774193549,0.7834394904458599,5883.458550262352,1,node+edge+subgraph,56,1.572931399976369,1.6650392000055945,betweenness,p2p-Gnutella08,6
0.8896070137466322,0.9789354826924909,0.8548387096774194,0.7898089171974523,6380.677788020504,1,node+edge+subgraph,56,1.5849236999929417,1.6650392000055945,betweenness,p2p-Gnutella08,7
0.8906201067392795,0.9794690170258449,0.8064516129032258,0.802547770700637,5471.087540148141,1,node+edge+subgraph,56,1.5724666999885812,1.6650392000055945,betweenness,p2p-Gnutella08,8
0.8912796506526585,0.9793571469151718,0.8225806451612904,0.8089171974522293,5811.907354622801,1,node+edge+subgraph,56,1.6482628000085242,1.6650392000055945,betweenness,p2p-Gnutella08,9
0.891575039588273,0.9794841709526895,0.8064516129032258,0.7898089171974523,6017.723844456212,1,node+edge+subgraph+dynamic,56,1.7444949000200722,1.6650392000055945,betweenness,p2p-Gnutella08,0
0.891246448954295,0.979151786587941,0.8225806451612904,0.7898089171974523,6035.5382410708235,1,node+edge+subgraph+dynamic,56,1.6907470999867655,1.6650392000055945,betweenness,p2p-Gnutella08,1
0.8903273499414969,0.979101899486414,0.8225806451612904,0.7707006369426752,6406.187943546281,1,node+edge+subgraph+dynamic,56,1.697871899988968,1.6650392000055945,betweenness,p2p-Gnutella08,2
0.8897651976619797,0.9788142605429565,0.7903225806451613,0.802547770700637,6561.08985258301,1,node+edge+subgraph+dynamic,56,1.7274526999972295,1.6650392000055945,betweenness,p2p-Gnutella08,3
0.890661183103809,0.978830881149707,0.8225806451612904,0.8057324840764332,6436.021724475343,1,node+edge+subgraph+dynamic,56,1.6336675999918953,1.6650392000055945,betweenness,p2p-Gnutella08,4
0.8905511877729648,0.9793420088688705,0.8225806451612904,0.7929936305732485,5911.2847505710515,1,node+edge+subgraph+dynamic,56,1.6487998000229709,1.6650392000055945,betweenness,p2p-Gnutella08,5
0.891384302075701,0.9793739241718429,0.8387096774193549,0.7834394904458599,5883.458550262352,1,node+edge+subgraph+dynamic,56,1.6583669999963604,1.6650392000055945,betweenness,p2p-Gnutella08,6
0.8896070137466322,0.9789354826924909,0.8548387096774194,0.7898089171974523,6380.677788020504,1,node+edge+subgraph+dynamic,56,1.7265740000002552,1.6650392000055945,betweenness,p2p-Gnutella08,7
0.8906201067392795,0.9794690170258449,0.8064516129032258,0.802547770700637,5471.087540148141,1,node+edge+subgraph+dynamic,56,1.678364599996712,1.6650392000055945,betweenness,p2p-Gnutella08,8
0.8912796506526585,0.9793571469151718,0.8225806451612904,0.8089171974522293,5811.907354622801,1,node+edge+subgraph+dynamic,56,1.7709125000110362,1.6650392000055945,betweenness,p2p-Gnutella08,9
