kendall_tau,spearman,precision_at_1pct,precision_at_5pct,rmse,radius,richness,n_features,fit_seconds,feature_seconds,target,network,seed
0.7228671134659087,0.8884745499753199,0.7209302325581395,0.7099767981438515,0.6607513580696114,0,node,2,4.124290899999323,4.5000000682193786e-05,spread_mean,ca-HepTh,0
0.72218567539837,0.8878589941903384,0.7093023255813954,0.7122969837587007,0.6636410191466661,0,node,2,0.6119930999993812,4.5000000682193786e-05,spread_mean,ca-HepTh,1
0.7236668920493254,0.8891886933941272,0.6976744186046512,0.7122969837587007,0.666642427376002,0,node,2,0.6353556999965804,4.5000000682193786e-05,spread_mean,ca-HepTh,2
0.7226955073330433,0.8887809149808688,0.7093023255813954,0.7169373549883991,0.660080403546764,0,node,2,0.6288448999985121,4.5000000682193786e-05,spread_mean,ca-HepTh,3
0.7225865341975262,0.8887009593800199,0.6744186046511628,0.7076566125290024,0.667700042292248,0,node,2,0.6354957000003196,4.5000000682193786e-05,spread_mean,ca-HepTh,4
0.7221188169370879,0.8882692214754776,0.7093023255813954,0.7122969837587007,0.6656853142097178,0,node,2,0.6753888999955961,4.5000000682193786e-05,spread_mean,ca-HepTh,5
0.7237421622448431,0.8891918093108468,0.7325581395348837,0.7146171693735499,0.660743423510537,0,node,2,0.6782893999989028,4.5000000682193786e-05,spread_mean,ca-HepTh,6
0.722073904522014,0.8881634731178374,0.686046511627907,0.7169373549883991,0.66533198614216,0,node,2,0.6537310999992769,4.5000000682193786e-05,spread_mean,ca-HepTh,7
0.7216392062436684,0.8875882296368605,0.7093023255813954,0.7122969837587007,0.6613445278907669,0,node,2,0.7108220000009169,4.5000000682193786e-05,spread_mean,ca-HepTh,8
0.7233198706435409,0.8888619724597617,0.686046511627907,0.7122969837587007,0.6662595151254783,0,node,2,0.6506660999948508,4.5000000682193786e-05,spread_mean,ca-HepTh,9
0.7228671134659087,0.8884745499753199,0.7209302325581395,0.7099767981438515,0.6607513580696114,0,node+edge,2,0.6421660999985761,4.5000000682193786e-05,spread_mean,ca-HepTh,0
0.72218567539837,0.8878589941903384,0.7093023255813954,0.7122969837587007,0.6636410191466661,0,node+edge,2,0.6677629000041634,4.5000000682193786e-05,spread_mean,ca-HepTh,1
0.7236668920493254,0.8891886933941272,0.6976744186046512,0.7122969837587007,0.666642427376002,0,node+edge,2,0.672045999999682,4.5000000682193786e-05,spread_mean,ca-HepTh,2
0.7226955073330433,0.8887809149808688,0.7093023255813954,0.7169373549883991,0.660080403546764,0,node+edge,2,0.6232259000025806,4.5000000682193786e-05,spread_mean,ca-HepTh,3
0.7225865341975262,0.8887009593800199,0.6744186046511628,0.7076566125290024,0.667700042292248,0,node+edge,2,0.658422900000005,4.5000000682193786e-05,spread_mean,ca-HepTh,4
0.7221188169370879,0.8882692214754776,0.7093023255813954,0.7122969837587007,0.6656853142097178,0,node+edge,2,0.6637115999983507,4.5000000682193786e-05,spread_mean,ca-HepTh,5
0.7237421622448431,0.8891918093108468,0.7325581395348837,0.7146171693735499,0.660743423510537,0,node+edge,2,0.6213610999984667,4.5000000682193786e-05,spread_mean,ca-HepTh,6
0.722073904522014,0.8881634731178374,0.686046511627907,0.7169373549883991,0.66533198614216,0,node+edge,2,0.6298955999955069,4.5000000682193786e-05,spread_mean,ca-HepTh,7
0.7216392062436684,0.8875882296368605,0.7093023255813954,0.7122969837587007,0.6613445278907669,0,node+edge,2,0.6472428000051877,4.5000000682193786e-05,spread_mean,ca-HepTh,8
0.7233198706435409,0.8888619724597617,0.686046511627907,0.7122969837587007,0.6662595151254783,0,node+edge,2,0.6225895000025048,4.5000000682193786e-05,spread_mean,ca-HepTh,9
0.7228671134659087,0.8884745499753199,0.7209302325581395,0.7099767981438515,0.6607513580696114,0,node+edge+subgraph,2,0.6291439999986324,4.5000000682193786e-05,spread_mean,ca-HepTh,0
0.72218567539837,0.8878589941903384,0.7093023255813954,0.7122969837587007,0.6636410191466661,0,node+edge+subgraph,2,0.6413762999945902,4.5000000682193786e-05,spread_mean,ca-HepTh,1
0.7236668920493254,0.8891886933941272,0.6976744186046512,0.7122969837587007,0.666642427376002,0,node+edge+subgraph,2,0.6319456999990507,4.5000000682193786e-05,spread_mean,ca-HepTh,2
0.7226955073330433,0.8887809149808688,0.7093023255813954,0.7169373549883991,0.660080403546764,0,node+edge+subgraph,2,0.6347644000052242,4.5000000682193786e-05,spread_mean,ca-HepTh,3
0.7225865341975262,0.8887009593800199,0.6744186046511628,0.7076566125290024,0.667700042292248,0,node+edge+subgraph,2,0.6385755999945104,4.5000000682193786e-05,spread_mean,ca-HepTh,4
0.7221188169370879,0.8882692214754776,0.7093023255813954,0.7122969837587007,0.6656853142097178,0,node+edge+subgraph,2,0.7143644000025233,4.5000000682193786e-05,spread_mean,ca-HepTh,5
0.7237421622448431,0.8891918093108468,0.7325581395348837,0.7146171693735499,0.660743423510537,0,node+edge+subgraph,2,0.7642402999990736,4.5000000682193786e-05,spread_mean,ca-HepTh,6
0.722073904522014,0.8881634731178374,0.686046511627907,0.7169373549883991,0.66533198614216,0,node+edge+subgraph,2,0.9360349999988102,4.5000000682193786e-05,spread_mean,ca-HepTh,7
0.7216392062436684,0.8875882296368605,0.7093023255813954,0.7122969837587007,0.6613445278907669,0,node+edge+subgraph,2,1.6140107000028363,4.5000000682193786e-05,spread_mean,ca-HepTh,8
0.7233198706435409,0.8888619724597617,0.686046511627907,0.7122969837587007,0.6662595151254783,0,node+edge+subgraph,2,1.142960100005439,4.5000000682193786e-05,spread_mean,ca-HepTh,9
0.7228671134659087,0.8884745499753199,0.7209302325581395,0.7099767981438515,0.6607513580696114,0,node+edge+subgraph+dynamic,2,0.9495306999961032,4.5000000682193786e-05,spread_mean,ca-HepTh,0
0.72218567539837,0.8878589941903384,0.7093023255813954,0.7122969837587007,0.6636410191466661,0,node+edge+subgraph+dynamic,2,1.7773716000010609,4.5000000682193786e-05,spread_mean,ca-HepTh,1
0.7236668920493254,0.8891886933941272,0.6976744186046512,0.7122969837587007,0.666642427376002,0,node+edge+subgraph+dynamic,2,0.7353652000019792,4.5000000682193786e-05,spread_mean,ca-HepTh,2
0.7226955073330433,0.8887809149808688,0.7093023255813954,0.7169373549883991,0.660080403546764,0,node+edge+subgraph+dynamic,2,0.6927895000044373,4.5000000682193786e-05,spread_mean,ca-HepTh,3
0.7225865341975262,0.8887009593800199,0.6744186046511628,0.7076566125290024,0.667700042292248,0,node+edge+subgraph+dynamic,2,0.6761671999993268,4.5000000682193786e-05,spread_mean,ca-HepTh,4
0.7221188169370879,0.8882692214754776,0.7093023255813954,0.7122969837587007,0.6656853142097178,0,node+edge+subgraph+dynamic,2,0.6647646999990684,4.5000000682193786e-05,spread_mean,ca-HepTh,5
0.7237421622448431,0.8891918093108468,0.7325581395348837,0.7146171693735499,0.660743423510537,0,node+edge+subgraph+dynamic,2,0.6259237000049325,4.5000000682193786e-05,spread_mean,ca-HepTh,6
0.722073904522014,0.8881634731178374,0.686046511627907,0.7169373549883991,0.66533198614216,0,node+edge+subgraph+dynamic,2,0.6164416000028723,4.5000000682193786e-05,spread_mean,ca-HepTh,7
0.7216392062436684,0.8875882296368605,0.7093023255813954,0.7122969837587007,0.6613445278907669,0,node+edge+subgraph+dynamic,2,0.6862936999968952,4.5000000682193786e-05,spread_mean,ca-HepTh,8
0.7233198706435409,0.8888619724597617,0.686046511627907,0.7122969837587007,0.6662595151254783,0,node+edge+subgraph+dynamic,2,0.6601848999998765,4.5000000682193786e-05,spread_mean,ca-HepTh,9
0.9000175811189137,0.9848419616519108,0.9186046511627908,0.925754060324826,0.2150629179208482,1,node,17,0.7386532000018633,0.7682761000505707,spread_mean,ca-HepTh,0
0.9003532693754532,0.9849394411888016,0.8953488372093024,0.925754060324826,0.2226281010632318,1,node,17,0.6710105999954976,0.7682761000505707,spread_mean,ca-HepTh,1
0.8997471413502286,0.9847535934076752,0.8837209302325582,0.9234338747099768,0.2126483206821332,1,node,17,0.7327316000009887,0.7682761000505707,spread_mean,ca-HepTh,2
0.8999572717575035,0.9847873246943296,0.8953488372093024,0.9164733178654292,0.2155354072502882,1,node,17,0.7010908999945968,0.7682761000505707,spread_mean,ca-HepTh,3
0.9000815652256027,0.984864303613108,0.9186046511627908,0.9187935034802784,0.2095916414343298,1,node,17,0.738191000004008,0.7682761000505707,spread_mean,ca-HepTh,4
0.900618038424726,0.9849834653030964,0.9069767441860463,0.9234338747099768,0.2153923548359444,1,node,17,0.7962043000006815,0.7682761000505707,spread_mean,ca-HepTh,5
0.9001427505402326,0.9848400988792836,0.8837209302325582,0.9164733178654292,0.2184722787336495,1,node,17,0.762031999998726,0.7682761000505707,spread_mean,ca-HepTh,6
0.8996981846999961,0.9846686191114844,0.8953488372093024,0.9187935034802784,0.2088121829783605,1,node,17,0.7543703000046662,0.7682761000505707,spread_mean,ca-HepTh,7
0.900410635947122,0.9848879935992324,0.8837209302325582,0.9164733178654292,0.2165396882520736,1,node,17,0.6983122000019648,0.7682761000505707,spread_mean,ca-HepTh,8
0.9004159668652244,0.984948914731918,0.8953488372093024,0.91415313225058,0.211693968043428,1,node,17,0.6974501000004238,0.7682761000505707,spread_mean,ca-HepTh,9
0.9000624094828985,0.9848581372966574,0.9186046511627908,0.91415313225058,0.2114327162502447,1,node+edge,38,0.9751830999957748,1.0566887000495626,spread_mean,ca-HepTh,0
0.900070372040338,0.9848851372037138,0.8953488372093024,0.9211136890951276,0.2184389634448797,1,node+edge,38,0.9296089999988908,1.0566887000495626,spread_mean,ca-HepTh,1
0.8996752997833957,0.9847457433760942,0.8488372093023255,0.9187935034802784,0.2157414922180592,1,node+edge,38,0.8850497999956133,1.0566887000495626,spread_mean,ca-HepTh,2
0.9003634950996494,0.9849190594548076,0.9069767441860463,0.9211136890951276,0.2139098955373582,1,node+edge,38,0.8693147999947541,1.0566887000495626,spread_mean,ca-HepTh,3
0.8999593623736245,0.9849030522891036,0.8837209302325582,0.9187935034802784,0.2096685217848355,1,node+edge,38,0.8506424999941373,1.0566887000495626,spread_mean,ca-HepTh,4
0.9005562604138299,0.9849991622418872,0.8953488372093024,0.925754060324826,0.2118649183067186,1,node+edge,38,0.9131483999954072,1.0566887000495626,spread_mean,ca-HepTh,5
0.8996633768220527,0.9847136478018248,0.872093023255814,0.9164733178654292,0.2126200205992072,1,node+edge,38,0.9689142999995966,1.0566887000495626,spread_mean,ca-HepTh,6
0.899685247678471,0.984718530659493,0.9069767441860463,0.9164733178654292,0.2136623722356,1,node+edge,38,0.988627099999576,1.0566887000495626,spread_mean,ca-HepTh,7
0.9002593373834323,0.9848496382188764,0.9069767441860463,0.9187935034802784,0.213026527851299,1,node+edge,38,0.9433531999966362,1.0566887000495626,spread_mean,ca-HepTh,8
0.9002352485662897,0.984922932253148,0.9186046511627908,0.9211136890951276,0.2021242182947766,1,node+edge,38,1.0046466999992845,1.0566887000495626,spread_mean,ca-HepTh,9
0.9447170347754916,0.9955001503486908,0.9069767441860463,0.9466357308584686,0.1483129899353086,2,node,35,0.8602461999980733,1.5736236999910034,spread_mean,ca-HepTh,0
0.944736216792735,0.995535647715642,0.8837209302325582,0.9466357308584686,0.1565375813769175,2,node,35,0.9137129000009736,1.5736236999910034,spread_mean,ca-HepTh,1
0.9448751119807512,0.995516167387347,0.9069767441860463,0.951276102088167,0.1436114352988967,2,node,35,0.9093587000024854,1.5736236999910034,spread_mean,ca-HepTh,2
0.9446848331537768,0.995507686503866,0.9069767441860463,0.951276102088167,0.1520189704722477,2,node,35,0.8926644000021042,1.5736236999910034,spread_mean,ca-HepTh,3
0.9447316992616828,0.9955556359579256,0.9069767441860463,0.9466357308584686,0.1489018509661347,2,node,35,0.8800185000000056,1.5736236999910034,spread_mean,ca-HepTh,4
0.9449676350801058,0.9955568888929184,0.9302325581395348,0.9559164733178654,0.1493750570189499,2,node,35,0.906548600003589,1.5736236999910034,spread_mean,ca-HepTh,5
0.9449623272059208,0.9955810360033872,0.9186046511627908,0.951276102088167,0.1431095194130061,2,node,35,0.8963081999972928,1.5736236999910034,spread_mean,ca-HepTh,6
0.9446425713651708,0.9955113064526868,0.8953488372093024,0.9466357308584686,0.1545824457880999,2,node,35,1.022215099997993,1.5736236999910034,spread_mean,ca-HepTh,7
0.9449294631602502,0.9955381022573884,0.8953488372093024,0.948955916473318,0.1571687530193034,2,node,35,1.0037527999957092,1.5736236999910034,spread_mean,ca-HepTh,8
0.9449082931999152,0.9955612654226704,0.8953488372093024,0.951276102088167,0.1531910706570086,2,node,35,0.9849095000026864,1.5736236999910034,spread_mean,ca-HepTh,9
0.9447920510799086,0.9955136244493727,0.9069767441860463,0.9605568445475638,0.1346907537199095,2,node+edge,80,1.4481222000031266,1.8620362999899955,spread_mean,ca-HepTh,0
0.9448486108392145,0.9955401637764189,0.8953488372093024,0.9605568445475638,0.140959035872531,2,node+edge,80,1.4236095999949612,1.8620362999899955,spread_mean,ca-HepTh,1
0.9447928569767488,0.9955086111646856,0.8837209302325582,0.9582366589327146,0.133353772736075,2,node+edge,80,1.3911523999995552,1.8620362999899955,spread_mean,ca-HepTh,2
0.9448528919747804,0.9955266247055348,0.9069767441860463,0.9582366589327146,0.1381593775692468,2,node+edge,80,1.3005372999978135,1.8620362999899955,spread_mean,ca-HepTh,3
0.9447360571299702,0.995540038879268,0.8953488372093024,0.9535962877030162,0.1301564465817836,2,node+edge,80,1.3742277000055765,1.8620362999899955,spread_mean,ca-HepTh,4
0.9449118375764636,0.9955319568512432,0.9186046511627908,0.9605568445475638,0.1340342367253114,2,node+edge,80,1.356458800000837,1.8620362999899955,spread_mean,ca-HepTh,5
0.945075842695739,0.995586705167078,0.9186046511627908,0.962877030162413,0.1274893333924787,2,node+edge,80,1.3302469000045676,1.8620362999899955,spread_mean,ca-HepTh,6
0.9448123523946308,0.9955181630013358,0.9069767441860463,0.962877030162413,0.136930721343461,2,node+edge,80,1.3122301000039442,1.8620362999899955,spread_mean,ca-HepTh,7
0.9447526931700492,0.9955013621953736,0.9186046511627908,0.962877030162413,0.1395732085736949,2,node+edge,80,1.31587810000201,1.8620362999899955,spread_mean,ca-HepTh,8
0.9449916687486396,0.9955383480606907,0.9186046511627908,0.9605568445475638,0.131441213742733,2,node+edge,80,1.332399400002032,1.8620362999899955,spread_mean,ca-HepTh,9
0.9448706780462872,0.995488258624406,0.9069767441860463,0.9582366589327146,0.1244864921206278,2,node+edge+subgraph,144,2.4130742000052123,2.986236299988377,spread_mean,ca-HepTh,0
0.9454869291298318,0.9956505395173746,0.9186046511627908,0.9535962877030162,0.1292793589856451,2,node+edge+subgraph,144,2.1701586000053794,2.986236299988377,spread_mean,ca-HepTh,1
0.945280722883012,0.9955836603011062,0.8953488372093024,0.9582366589327146,0.1212346918675259,2,node+edge+subgraph,144,2.109086199998273,2.986236299988377,spread_mean,ca-HepTh,2
0.9454418902507944,0.9956116545229728,0.9186046511627908,0.9582366589327146,0.1260151341262834,2,node+edge+subgraph,144,2.0457773999951314,2.986236299988377,spread_mean,ca-HepTh,3
0.945596271616728,0.9956359084693356,0.9186046511627908,0.9582366589327146,0.1238355082586488,2,node+edge+subgraph,144,2.058649400001741,2.986236299988377,spread_mean,ca-HepTh,4
0.9452120138397936,0.9955690576660444,0.9186046511627908,0.962877030162413,0.1283103802899876,2,node+edge+subgraph,144,2.027271600003587,2.986236299988377,spread_mean,ca-HepTh,5
0.9456346934623356,0.995653884805166,0.9418604651162792,0.9582366589327146,0.1168854701863935,2,node+edge+subgraph,144,2.2887112999960664,2.986236299988377,spread_mean,ca-HepTh,6
0.9454989563760652,0.9955978728176696,0.8837209302325582,0.9675174013921114,0.1248193233113322,2,node+edge+subgraph,144,2.15619510000397,2.986236299988377,spread_mean,ca-HepTh,7
0.9454621403015544,0.9955883115534122,0.9069767441860463,0.9605568445475638,0.1298906670727397,2,node+edge+subgraph,144,2.1194471000053454,2.986236299988377,spread_mean,ca-HepTh,8
0.9453282856532628,0.995596253927494,0.9186046511627908,0.9605568445475638,0.1225525656953741,2,node+edge+subgraph,144,1.981812500001979,2.986236299988377,spread_mean,ca-HepTh,9
0.9451254921105204,0.9955398590476386,0.9186046511627908,0.962877030162413,0.1245383919777411,2,node+edge+subgraph+dynamic,145,1.9519165999954569,2.986236299988377,spread_mean,ca-HepTh,0
0.9457216420007178,0.9956744070343494,0.9302325581395348,0.9559164733178654,0.1278377141594346,2,node+edge+subgraph+dynamic,145,2.006500600000436,2.986236299988377,spread_mean,ca-HepTh,1
0.945086163173294,0.9955367539132134,0.9186046511627908,0.9535962877030162,0.1212937409811103,2,node+edge+subgraph+dynamic,145,1.9781647999989216,2.986236299988377,spread_mean,ca-HepTh,2
0.9451641313272704,0.9955563833296626,0.9069767441860463,0.951276102088167,0.1264001562875882,2,node+edge+subgraph+dynamic,145,1.989194600006158,2.986236299988377,spread_mean,ca-HepTh,3
0.9453996434394508,0.9956042538865784,0.9069767441860463,0.9559164733178654,0.1244401389930583,2,node+edge+subgraph+dynamic,145,2.192694000004849,2.986236299988377,spread_mean,ca-HepTh,4
0.9454615188669272,0.9956145842667184,0.9186046511627908,0.965197215777262,0.127919397494252,2,node+edge+subgraph+dynamic,145,2.1233111999972607,2.986236299988377,spread_mean,ca-HepTh,5
0.945695988804823,0.9956615757827284,0.9186046511627908,0.9535962877030162,0.1171414255557672,2,node+edge+subgraph+dynamic,145,2.103920099994866,2.986236299988377,spread_mean,ca-HepTh,6
0.9455216030456902,0.9956034494918644,0.9069767441860463,0.965197215777262,0.1238055859543893,2,node+edge+subgraph+dynamic,145,2.027466799998365,2.986236299988377,spread_mean,ca-HepTh,7
0.9449513677737874,0.9955236502312284,0.9069767441860463,0.9605568445475638,0.1287332293123606,2,node+edge+subgraph+dynamic,145,2.0964640000020154,2.986236299988377,spread_mean,ca-HepTh,8
0.9452492697959246,0.9955691700184112,0.9069767441860463,0.9582366589327146,0.1238909166555215,2,node+edge+subgraph+dynamic,145,2.018706300004851,2.986236299988377,spread_mean,ca-HepTh,9
0.9494076688471932,0.9962413532617626,0.8953488372093024,0.962877030162413,0.1252509915241811,3,node,45,1.0273703999991994,2.253552099900844,spread_mean,ca-HepTh,0
0.9493874271931164,0.9962581766040696,0.9186046511627908,0.9559164733178654,0.1269158313341887,3,node,45,1.1080527000012808,2.253552099900844,spread_mean,ca-HepTh,1
0.9494173633637008,0.9962225942231412,0.9069767441860463,0.9582366589327146,0.1262679259463772,3,node,45,1.1226019999958226,2.253552099900844,spread_mean,ca-HepTh,2
0.9495235929237488,0.996270043530326,0.9302325581395348,0.9582366589327146,0.1227966666188195,3,node,45,1.2184185000005527,2.253552099900844,spread_mean,ca-HepTh,3
0.9497681767785322,0.9963032790145206,0.9186046511627908,0.965197215777262,0.1162326747126794,3,node,45,1.097410399997898,2.253552099900844,spread_mean,ca-HepTh,4
0.9492058006551471,0.996213007322954,0.9186046511627908,0.9605568445475638,0.1164774353730965,3,node,45,1.048711200004618,2.253552099900844,spread_mean,ca-HepTh,5
0.9493914461957776,0.9962431654068228,0.9302325581395348,0.962877030162413,0.1169921034800569,3,node,45,0.9808906999969622,2.253552099900844,spread_mean,ca-HepTh,6
0.9494151062419632,0.99623897313703,0.9069767441860463,0.9582366589327146,0.1236562437796167,3,node,45,0.968132699999842,2.253552099900844,spread_mean,ca-HepTh,7
0.9489688014663414,0.9961663824226236,0.9186046511627908,0.965197215777262,0.1279756510573879,3,node,45,1.0143547000043327,2.253552099900844,spread_mean,ca-HepTh,8
0.9496457826952628,0.9962732930393796,0.9302325581395348,0.9559164733178654,0.1157236480748815,3,node,45,1.006614999998419,2.253552099900844,spread_mean,ca-HepTh,9
0.949890565358874,0.9963314725784476,0.9069767441860463,0.962877030162413,0.1210828044762542,3,node+edge,93,1.5168620999975246,2.541964699899836,spread_mean,ca-HepTh,0
0.949646526157304,0.9962780821062862,0.9069767441860463,0.9559164733178654,0.1235371019874107,3,node+edge,93,1.4036660999991,2.541964699899836,spread_mean,ca-HepTh,1
0.94961148446745,0.9962799828977036,0.8953488372093024,0.962877030162413,0.1224416214013712,3,node+edge,93,1.4118164000028628,2.541964699899836,spread_mean,ca-HepTh,2
0.9502408109705296,0.996388651327458,0.9302325581395348,0.9605568445475638,0.1239119149039902,3,node+edge,93,1.3734754999968573,2.541964699899836,spread_mean,ca-HepTh,3
0.9500114561812965,0.9963634805279166,0.9302325581395348,0.9675174013921114,0.1128349822696925,3,node+edge,93,1.5012725999986287,2.541964699899836,spread_mean,ca-HepTh,4
0.95002959451961,0.9963663816221826,0.9186046511627908,0.962877030162413,0.1177383432066028,3,node+edge,93,1.5591901000007056,2.541964699899836,spread_mean,ca-HepTh,5
0.9499636012342786,0.996362342104632,0.9302325581395348,0.965197215777262,0.1133038606702481,3,node+edge,93,1.471239200000127,2.541964699899836,spread_mean,ca-HepTh,6
0.9500057008636432,0.9963345221259488,0.9069767441860463,0.962877030162413,0.1235169517170893,3,node+edge,93,1.4039933000021847,2.541964699899836,spread_mean,ca-HepTh,7
0.9499336173724005,0.9963340019281496,0.9069767441860463,0.9605568445475638,0.1265885193617802,3,node+edge,93,1.415933500000392,2.541964699899836,spread_mean,ca-HepTh,8
0.9500928121234192,0.9963791765083148,0.9302325581395348,0.962877030162413,0.115023173184019,3,node+edge,93,1.3922878999946988,2.541964699899836,spread_mean,ca-HepTh,9
0.9510104291788156,0.9964792536238918,0.9302325581395348,0.965197215777262,0.1127321634379514,3,node+edge+subgraph,168,2.295227399998112,3.666164699898218,spread_mean,ca-HepTh,0
0.9506726433355128,0.9964495066260254,0.9418604651162792,0.9559164733178654,0.1147023310367689,3,node+edge+subgraph,168,2.2716479999944568,3.666164699898218,spread_mean,ca-HepTh,1
0.9507671187212512,0.996406642353872,0.9302325581395348,0.965197215777262,0.1125074375107156,3,node+edge+subgraph,168,2.6035648999968544,3.666164699898218,spread_mean,ca-HepTh,2
0.951011815058024,0.9964806420601734,0.9186046511627908,0.9605568445475638,0.1131920505445217,3,node+edge+subgraph,168,2.3953045000016573,3.666164699898218,spread_mean,ca-HepTh,3
0.9509895046635628,0.9964985806887782,0.9302325581395348,0.9675174013921114,0.1116065882548947,3,node+edge+subgraph,168,2.2962817000006908,3.666164699898218,spread_mean,ca-HepTh,4
0.9508141829468904,0.9964694607679884,0.9302325581395348,0.9675174013921114,0.1129004486983164,3,node+edge+subgraph,168,2.234576200004085,3.666164699898218,spread_mean,ca-HepTh,5
0.95135597553492,0.996524371781341,0.9302325581395348,0.965197215777262,0.1042228464610717,3,node+edge+subgraph,168,2.29034220000176,3.666164699898218,spread_mean,ca-HepTh,6
0.9513050467966612,0.996515890643842,0.9069767441860463,0.9675174013921114,0.115430952342687,3,node+edge+subgraph,168,2.3112275000021327,3.666164699898218,spread_mean,ca-HepTh,7
0.9507655040787268,0.9964525552687356,0.9302325581395348,0.962877030162413,0.1212796081486057,3,node+edge+subgraph,168,2.288709699998435,3.666164699898218,spread_mean,ca-HepTh,8
0.9511804101210196,0.9965164728514088,0.9302325581395348,0.965197215777262,0.1091686549251708,3,node+edge+subgraph,168,2.388593800002127,3.666164699898218,spread_mean,ca-HepTh,9
0.951317578766413,0.996498942675188,0.9302325581395348,0.9675174013921114,0.1124281881620496,3,node+edge+subgraph+dynamic,170,2.265446400000656,3.666164699898218,spread_mean,ca-HepTh,0
0.9515073715060204,0.9965632537645076,0.9302325581395348,0.9582366589327146,0.114966238244688,3,node+edge+subgraph+dynamic,170,2.3344610999993165,3.666164699898218,spread_mean,ca-HepTh,1
0.9514835293451452,0.9965046419579028,0.9302325581395348,0.965197215777262,0.1121409585470363,3,node+edge+subgraph+dynamic,170,2.2574185999983456,3.666164699898218,spread_mean,ca-HepTh,2
0.9515507051420938,0.996553671513589,0.9302325581395348,0.9605568445475638,0.113881229188002,3,node+edge+subgraph+dynamic,170,2.300868199999968,3.666164699898218,spread_mean,ca-HepTh,3
0.9516655805211433,0.9965723380925058,0.9186046511627908,0.965197215777262,0.1105917550414679,3,node+edge+subgraph+dynamic,170,2.3183030000000144,3.666164699898218,spread_mean,ca-HepTh,4
0.9513342122974106,0.9965062393630796,0.9534883720930232,0.9675174013921114,0.1138695702015229,3,node+edge+subgraph+dynamic,170,2.589677299998584,3.666164699898218,spread_mean,ca-HepTh,5
0.951486774534306,0.9965359951137244,0.9418604651162792,0.965197215777262,0.1036791149302545,3,node+edge+subgraph+dynamic,170,2.270564500002365,3.666164699898218,spread_mean,ca-HepTh,6
0.9516635168793388,0.9965471888079332,0.9186046511627908,0.965197215777262,0.1140044408241176,3,node+edge+subgraph+dynamic,170,2.270205300002999,3.666164699898218,spread_mean,ca-HepTh,7
0.951381817513822,0.9965162627370656,0.9302325581395348,0.9675174013921114,0.121121367701709,3,node+edge+subgraph+dynamic,170,2.255993300001137,3.666164699898218,spread_mean,ca-HepTh,8
0.9515906313066032,0.9965500085140508,0.9302325581395348,0.962877030162413,0.1094339867562445,3,node+edge+subgraph+dynamic,170,2.244129699996847,3.666164699898218,spread_mean,ca-HepTh,9
0.3279575373503431,0.4688956072703156,0.0,0.0023201856148491,0.5848133159417962,0,node,2,0.609993600002781,4.5000000682193786e-05,spread_cv,ca-HepTh,0
0.3280150070063049,0.4683539561988189,0.0,0.0023201856148491,0.5846969567320789,0,node,2,0.6298571000006632,4.5000000682193786e-05,spread_cv,ca-HepTh,1
0.3297155520270722,0.4704439086478366,0.0,0.0023201856148491,0.5846197929682674,0,node,2,0.6402827999991132,4.5000000682193786e-05,spread_cv,ca-HepTh,2
0.3289970427452782,0.4698370757298347,0.0,0.0023201856148491,0.5844894292983168,0,node,2,0.6271963999970467,4.5000000682193786e-05,spread_cv,ca-HepTh,3
0.3292427194893209,0.4703192060240179,0.0,0.0,0.5845965357877008,0,node,2,0.5969170999960625,4.5000000682193786e-05,spread_cv,ca-HepTh,4
0.3276904911886902,0.4685681067220117,0.0,0.0,0.5847676603500056,0,node,2,0.6107846999948379,4.5000000682193786e-05,spread_cv,ca-HepTh,5
0.3278412672134257,0.468758938121935,0.0,0.0023201856148491,0.5847444053610403,0,node,2,0.632834099997126,4.5000000682193786e-05,spread_cv,ca-HepTh,6
0.3271394971693236,0.4673519929700221,0.0,0.0,0.5848051059402812,0,node,2,0.6631981000027736,4.5000000682193786e-05,spread_cv,ca-HepTh,7
0.3276522993143905,0.4680937336642655,0.0,0.0023201856148491,0.584900103699673,0,node,2,0.6906632000027457,4.5000000682193786e-05,spread_cv,ca-HepTh,8
0.3286318590044481,0.4696033261187677,0.0,0.0023201856148491,0.5845314377850553,0,node,2,0.6774730000033742,4.5000000682193786e-05,spread_cv,ca-HepTh,9
0.3279575373503431,0.4688956072703156,0.0,0.0023201856148491,0.5848133159417962,0,node+edge,2,0.6434355000019423,4.5000000682193786e-05,spread_cv,ca-HepTh,0
0.3280150070063049,0.4683539561988189,0.0,0.0023201856148491,0.5846969567320789,0,node+edge,2,0.604517500003567,4.5000000682193786e-05,spread_cv,ca-HepTh,1
0.3297155520270722,0.4704439086478366,0.0,0.0023201856148491,0.5846197929682674,0,node+edge,2,0.6296575000014855,4.5000000682193786e-05,spread_cv,ca-HepTh,2
0.3289970427452782,0.4698370757298347,0.0,0.0023201856148491,0.5844894292983168,0,node+edge,2,0.6194278999973903,4.5000000682193786e-05,spread_cv,ca-HepTh,3
0.3292427194893209,0.4703192060240179,0.0,0.0,0.5845965357877008,0,node+edge,2,0.6216478999995161,4.5000000682193786e-05,spread_cv,ca-HepTh,4
0.3276904911886902,0.4685681067220117,0.0,0.0,0.5847676603500056,0,node+edge,2,0.6063532000043779,4.5000000682193786e-05,spread_cv,ca-HepTh,5
0.3278412672134257,0.468758938121935,0.0,0.0023201856148491,0.5847444053610403,0,node+edge,2,0.6238424999974086,4.5000000682193786e-05,spread_cv,ca-HepTh,6
0.3271394971693236,0.4673519929700221,0.0,0.0,0.5848051059402812,0,node+edge,2,0.6073489999980666,4.5000000682193786e-05,spread_cv,ca-HepTh,7
0.3276522993143905,0.4680937336642655,0.0,0.0023201856148491,0.584900103699673,0,node+edge,2,0.6078439000048093,4.5000000682193786e-05,spread_cv,ca-HepTh,8
0.3286318590044481,0.4696033261187677,0.0,0.0023201856148491,0.5845314377850553,0,node+edge,2,0.5987473999994108,4.5000000682193786e-05,spread_cv,ca-HepTh,9
0.3279575373503431,0.4688956072703156,0.0,0.0023201856148491,0.5848133159417962,0,node+edge+subgraph,2,0.6341283000001567,4.5000000682193786e-05,spread_cv,ca-HepTh,0
0.3280150070063049,0.4683539561988189,0.0,0.0023201856148491,0.5846969567320789,0,node+edge+subgraph,2,0.6351843000011286,4.5000000682193786e-05,spread_cv,ca-HepTh,1
0.3297155520270722,0.4704439086478366,0.0,0.0023201856148491,0.5846197929682674,0,node+edge+subgraph,2,0.6249322000003303,4.5000000682193786e-05,spread_cv,ca-HepTh,2
0.3289970427452782,0.4698370757298347,0.0,0.0023201856148491,0.5844894292983168,0,node+edge+subgraph,2,0.5964378000062425,4.5000000682193786e-05,spread_cv,ca-HepTh,3
0.3292427194893209,0.4703192060240179,0.0,0.0,0.5845965357877008,0,node+edge+subgraph,2,0.6287836999981664,4.5000000682193786e-05,spread_cv,ca-HepTh,4
0.3276904911886902,0.4685681067220117,0.0,0.0,0.5847676603500056,0,node+edge+subgraph,2,0.6051579999984824,4.5000000682193786e-05,spread_cv,ca-HepTh,5
0.3278412672134257,0.468758938121935,0.0,0.0023201856148491,0.5847444053610403,0,node+edge+subgraph,2,0.6319449000002351,4.5000000682193786e-05,spread_cv,ca-HepTh,6
0.3271394971693236,0.4673519929700221,0.0,0.0,0.5848051059402812,0,node+edge+subgraph,2,0.7028521999964141,4.5000000682193786e-05,spread_cv,ca-HepTh,7
0.3276522993143905,0.4680937336642655,0.0,0.0023201856148491,0.584900103699673,0,node+edge+subgraph,2,0.6826364999942598,4.5000000682193786e-05,spread_cv,ca-HepTh,8
0.3286318590044481,0.4696033261187677,0.0,0.0023201856148491,0.5845314377850553,0,node+edge+subgraph,2,0.7172798999963561,4.5000000682193786e-05,spread_cv,ca-HepTh,9
0.3279575373503431,0.4688956072703156,0.0,0.0023201856148491,0.5848133159417962,0,node+edge+subgraph+dynamic,2,0.6612565000032191,4.5000000682193786e-05,spread_cv,ca-HepTh,0
0.3280150070063049,0.4683539561988189,0.0,0.0023201856148491,0.5846969567320789,0,node+edge+subgraph+dynamic,2,0.6137266000005184,4.5000000682193786e-05,spread_cv,ca-HepTh,1
0.3297155520270722,0.4704439086478366,0.0,0.0023201856148491,0.5846197929682674,0,node+edge+subgraph+dynamic,2,0.6396040999970865,4.5000000682193786e-05,spread_cv,ca-HepTh,2
0.3289970427452782,0.4698370757298347,0.0,0.0023201856148491,0.5844894292983168,0,node+edge+subgraph+dynamic,2,0.6233866999973543,4.5000000682193786e-05,spread_cv,ca-HepTh,3
0.3292427194893209,0.4703192060240179,0.0,0.0,0.5845965357877008,0,node+edge+subgraph+dynamic,2,0.6468833999970229,4.5000000682193786e-05,spread_cv,ca-HepTh,4
0.3276904911886902,0.4685681067220117,0.0,0.0,0.5847676603500056,0,node+edge+subgraph+dynamic,2,0.597757499999716,4.5000000682193786e-05,spread_cv,ca-HepTh,5
0.3278412672134257,0.468758938121935,0.0,0.0023201856148491,0.5847444053610403,0,node+edge+subgraph+dynamic,2,0.6358620999963023,4.5000000682193786e-05,spread_cv,ca-HepTh,6
0.3271394971693236,0.4673519929700221,0.0,0.0,0.5848051059402812,0,node+edge+subgraph+dynamic,2,0.6094607999984873,4.5000000682193786e-05,spread_cv,ca-HepTh,7
0.3276522993143905,0.4680937336642655,0.0,0.0023201856148491,0.584900103699673,0,node+edge+subgraph+dynamic,2,0.6044819999951869,4.5000000682193786e-05,spread_cv,ca-HepTh,8
0.3286318590044481,0.4696033261187677,0.0,0.0023201856148491,0.5845314377850553,0,node+edge+subgraph+dynamic,2,0.5970796999972663,4.5000000682193786e-05,spread_cv,ca-HepTh,9
0.6615008070942096,0.8425177203989734,0.4069767441860465,0.4779582366589327,0.3580335251111826,1,node,17,0.7616570000027423,0.7682761000505707,spread_cv,ca-HepTh,0
0.6633424032058111,0.844032328253707,0.3953488372093023,0.494199535962877,0.3560027042814355,1,node,17,0.7522291999994195,0.7682761000505707,spread_cv,ca-HepTh,1
0.6613751167719283,0.8421506049545431,0.4302325581395348,0.482598607888631,0.3584485086367808,1,node,17,0.7559280999994371,0.7682761000505707,spread_cv,ca-HepTh,2
0.6630511952477816,0.8438516996232152,0.4069767441860465,0.5034802784222738,0.3570442773229735,1,node,17,0.7274238999962108,0.7682761000505707,spread_cv,ca-HepTh,3
0.662075920570315,0.8427865511135343,0.4302325581395348,0.4918793503480278,0.3578997730451865,1,node,17,0.7281199999997625,0.7682761000505707,spread_cv,ca-HepTh,4
0.6624902478952408,0.8432442536663607,0.4186046511627907,0.5034802784222738,0.3568287120565424,1,node,17,0.7466554999991786,0.7682761000505707,spread_cv,ca-HepTh,5
0.661776966939316,0.8427063694449979,0.3837209302325581,0.4988399071925754,0.3575447013366197,1,node,17,0.7771246999982395,0.7682761000505707,spread_cv,ca-HepTh,6
0.6620753237529735,0.8426662928084274,0.4186046511627907,0.494199535962877,0.3582280677766909,1,node,17,0.7581166000018129,0.7682761000505707,spread_cv,ca-HepTh,7
0.6622438824757747,0.8430913427857427,0.3488372093023256,0.4918793503480278,0.3577151201695819,1,node,17,0.7225534000026528,0.7682761000505707,spread_cv,ca-HepTh,8
0.6641099331327628,0.844865119098849,0.3837209302325581,0.4988399071925754,0.3556593369565425,1,node,17,0.7041470000040135,0.7682761000505707,spread_cv,ca-HepTh,9
0.6628573924866122,0.8441289324971942,0.3604651162790697,0.4802784222737819,0.3565008934922949,1,node+edge,38,1.014212200003385,1.0566887000495626,spread_cv,ca-HepTh,0
0.6633136903775764,0.8444557286814043,0.3604651162790697,0.4918793503480278,0.3557354125527938,1,node+edge,38,1.0000295999998343,1.0566887000495626,spread_cv,ca-HepTh,1
0.6630891618705835,0.8441081221621706,0.3953488372093023,0.4918793503480278,0.3565658968371641,1,node+edge,38,0.9709666000053404,1.0566887000495626,spread_cv,ca-HepTh,2
0.6637548803703549,0.8445071825554759,0.3837209302325581,0.482598607888631,0.3564788963333402,1,node+edge,38,0.9082278999994742,1.0566887000495626,spread_cv,ca-HepTh,3
0.6627414491602102,0.8439146704323423,0.4302325581395348,0.4965197215777262,0.3567462565585317,1,node+edge,38,0.9383566999968024,1.0566887000495626,spread_cv,ca-HepTh,4
0.662429145898392,0.8434340838865269,0.4186046511627907,0.5034802784222738,0.3566953905882101,1,node+edge,38,0.8987227000034181,1.0566887000495626,spread_cv,ca-HepTh,5
0.6633647684971163,0.844805112531652,0.3953488372093023,0.4872389791183295,0.3560331799361421,1,node+edge,38,0.9606197999964934,1.0566887000495626,spread_cv,ca-HepTh,6
0.6625793004545157,0.8438217362011602,0.4302325581395348,0.494199535962877,0.3568487125163795,1,node+edge,38,0.9078104000000168,1.0566887000495626,spread_cv,ca-HepTh,7
0.6630433937207315,0.8442863773968821,0.3837209302325581,0.4988399071925754,0.3566391721553186,1,node+edge,38,0.9304326999990736,1.0566887000495626,spread_cv,ca-HepTh,8
0.6642913608326436,0.8453744828091464,0.3720930232558139,0.5034802784222738,0.3550785334497263,1,node+edge,38,0.9120427000016208,1.0566887000495626,spread_cv,ca-HepTh,9
0.8031740774346473,0.9416078919888043,0.5348837209302325,0.7308584686774942,0.2206589176473814,2,node,35,0.916395400003239,1.5736236999910034,spread_cv,ca-HepTh,0
0.8030630796226518,0.9418492757871612,0.5581395348837209,0.7169373549883991,0.2201991313928537,2,node,35,0.933228699999745,1.5736236999910034,spread_cv,ca-HepTh,1
0.8027560446380742,0.9416631661068888,0.5,0.7308584686774942,0.2204391186464297,2,node,35,0.943301799998153,1.5736236999910034,spread_cv,ca-HepTh,2
0.8031427691272974,0.941591472915926,0.4883720930232558,0.7262180974477959,0.2201540977275611,2,node,35,0.9283553999994184,1.5736236999910034,spread_cv,ca-HepTh,3
0.802298847245305,0.9411742016704424,0.5465116279069767,0.7215777262180975,0.2211915780297118,2,node,35,0.9329454000035184,1.5736236999910034,spread_cv,ca-HepTh,4
0.8026469891281351,0.9413350109751804,0.5116279069767442,0.740139211136891,0.2207768145490224,2,node,35,0.93762300000526,1.5736236999910034,spread_cv,ca-HepTh,5
0.8023331388224497,0.9413267618644514,0.5116279069767442,0.7354988399071926,0.2213728824317178,2,node,35,0.91558129999612,1.5736236999910034,spread_cv,ca-HepTh,6
0.8028313335622345,0.941688795340348,0.5348837209302325,0.7262180974477959,0.2210431393209292,2,node,35,0.92424509999546,1.5736236999910034,spread_cv,ca-HepTh,7
0.8029304678911825,0.9414053918332932,0.5116279069767442,0.7331786542923434,0.2209448871477352,2,node,35,0.9570759999987786,1.5736236999910034,spread_cv,ca-HepTh,8
0.8028731098013874,0.9415451555579688,0.5,0.7262180974477959,0.221030124959115,2,node,35,0.9297346999956062,1.5736236999910034,spread_cv,ca-HepTh,9
0.803508840060073,0.9419095582682686,0.4651162790697674,0.7262180974477959,0.2204245779461789,2,node+edge,80,1.586650199998985,1.8620362999899955,spread_cv,ca-HepTh,0
0.8032709136936307,0.9420754795717368,0.5,0.7262180974477959,0.2203250049184646,2,node+edge,80,1.6184299999949872,1.8620362999899955,spread_cv,ca-HepTh,1
0.8025562164880924,0.9417950514904476,0.5,0.7215777262180975,0.2205378963584976,2,node+edge,80,1.5917430999979842,1.8620362999899955,spread_cv,ca-HepTh,2
0.8028469473065633,0.941698593615701,0.4767441860465116,0.7192575406032483,0.2201918513323661,2,node+edge,80,1.483784600000945,1.8620362999899955,spread_cv,ca-HepTh,3
0.801615859569805,0.940879537980934,0.5581395348837209,0.7192575406032483,0.2218660594105313,2,node+edge,80,1.4080543000018224,1.8620362999899955,spread_cv,ca-HepTh,4
0.802570559758921,0.9414193581654904,0.5,0.7308584686774942,0.2207000836221332,2,node+edge,80,1.358928499998001,1.8620362999899955,spread_cv,ca-HepTh,5
0.802848177394998,0.9417273219558104,0.5581395348837209,0.7238979118329466,0.2205662711553474,2,node+edge,80,1.36551309999777,1.8620362999899955,spread_cv,ca-HepTh,6
0.8028723104718003,0.9418778648433708,0.5465116279069767,0.7192575406032483,0.2207249159518646,2,node+edge,80,1.3415173000030336,1.8620362999899955,spread_cv,ca-HepTh,7
0.8030699957779431,0.941753210135426,0.5232558139534884,0.7354988399071926,0.2202731242905733,2,node+edge,80,1.3746234999998703,1.8620362999899955,spread_cv,ca-HepTh,8
0.8025952270001357,0.9415929918010952,0.4534883720930232,0.7169373549883991,0.2208757333071621,2,node+edge,80,1.3996123999968404,1.8620362999899955,spread_cv,ca-HepTh,9
0.8023866178608284,0.9410874775109952,0.4651162790697674,0.7169373549883991,0.2219602224624553,2,node+edge+subgraph,144,2.358307499998773,2.986236299988377,spread_cv,ca-HepTh,0
0.803299802806848,0.9417352264664204,0.5232558139534884,0.7354988399071926,0.2204166818836637,2,node+edge+subgraph,144,2.355579299997771,2.986236299988377,spread_cv,ca-HepTh,1
0.8034898189601362,0.9420043844610524,0.5116279069767442,0.728538283062645,0.220228500730757,2,node+edge+subgraph,144,2.0940964999972493,2.986236299988377,spread_cv,ca-HepTh,2
0.8027863791245136,0.941402327496247,0.4883720930232558,0.7215777262180975,0.2208725879319609,2,node+edge+subgraph,144,2.149134100000083,2.986236299988377,spread_cv,ca-HepTh,3
0.8024694542079581,0.9410487060364768,0.5581395348837209,0.728538283062645,0.2216493713579679,2,node+edge+subgraph,144,2.0763211000012234,2.986236299988377,spread_cv,ca-HepTh,4
0.8024444592914877,0.9413647150103512,0.5,0.7215777262180975,0.2206365217403043,2,node+edge+subgraph,144,2.1740248999994947,2.986236299988377,spread_cv,ca-HepTh,5
0.8026539851426912,0.9414947958150236,0.5348837209302325,0.7308584686774942,0.2207333939822079,2,node+edge+subgraph,144,2.3657708000027924,2.986236299988377,spread_cv,ca-HepTh,6
0.8034373622951579,0.9419527934244528,0.5,0.7262180974477959,0.2200920936709031,2,node+edge+subgraph,144,3.087062099999457,2.986236299988377,spread_cv,ca-HepTh,7
0.8035370299237007,0.9419774606552036,0.5232558139534884,0.7354988399071926,0.2197136510301791,2,node+edge+subgraph,144,2.6244550999981584,2.986236299988377,spread_cv,ca-HepTh,8
0.8028989754343707,0.9416084077549208,0.4883720930232558,0.7262180974477959,0.2205372285761833,2,node+edge+subgraph,144,2.686407199995301,2.986236299988377,spread_cv,ca-HepTh,9
0.8028472687358059,0.9413469372765152,0.4883720930232558,0.7215777262180975,0.221517562007273,2,node+edge+subgraph+dynamic,145,2.468810499995016,2.986236299988377,spread_cv,ca-HepTh,0
0.802890992452261,0.941683921474909,0.5116279069767442,0.7331786542923434,0.2203007620274487,2,node+edge+subgraph+dynamic,145,2.4595177000010158,2.986236299988377,spread_cv,ca-HepTh,1
0.8029883778600007,0.9416750286542306,0.5,0.7192575406032483,0.2210360179517239,2,node+edge+subgraph+dynamic,145,2.4586893999949098,2.986236299988377,spread_cv,ca-HepTh,2
0.8026900651667109,0.9413110259240206,0.5,0.728538283062645,0.2208262791673252,2,node+edge+subgraph+dynamic,145,2.672155300002487,2.986236299988377,spread_cv,ca-HepTh,3
0.8019907831809581,0.9410183030762866,0.5697674418604651,0.7308584686774942,0.2216839809004826,2,node+edge+subgraph+dynamic,145,2.0768067999961204,2.986236299988377,spread_cv,ca-HepTh,4
0.8026519185212693,0.9412315238121596,0.5232558139534884,0.7447795823665894,0.2205438803671491,2,node+edge+subgraph+dynamic,145,2.096543899999233,2.986236299988377,spread_cv,ca-HepTh,5
0.8030503244362437,0.9416798726694524,0.5116279069767442,0.7308584686774942,0.2206311777480304,2,node+edge+subgraph+dynamic,145,2.03978929999721,2.986236299988377,spread_cv,ca-HepTh,6
0.8032208259751703,0.941758505998418,0.5232558139534884,0.7262180974477959,0.2207336828043766,2,node+edge+subgraph+dynamic,145,2.0242532000047504,2.986236299988377,spread_cv,ca-HepTh,7
0.803699387164464,0.9420176032636672,0.5348837209302325,0.7331786542923434,0.2197612505759906,2,node+edge+subgraph+dynamic,145,2.045012200003839,2.986236299988377,spread_cv,ca-HepTh,8
0.8026057167258027,0.941596777077191,0.5,0.7262180974477959,0.2203031523698893,2,node+edge+subgraph+dynamic,145,2.381484500001534,2.986236299988377,spread_cv,ca-HepTh,9
0.822937568763313,0.9522673094754291,0.4767441860465116,0.7517401392111369,0.2021659388349746,3,node,45,1.0521968000030029,2.253552099900844,spread_cv,ca-HepTh,0
0.8232203001325971,0.9528644031425554,0.4767441860465116,0.7470997679814385,0.2011908872282263,3,node,45,0.980524200000218,2.253552099900844,spread_cv,ca-HepTh,1
0.823099155321773,0.952628674502584,0.5232558139534884,0.7354988399071926,0.2016043992892486,3,node,45,0.988033900001028,2.253552099900844,spread_cv,ca-HepTh,2
0.821825925520592,0.952015287065891,0.4883720930232558,0.7447795823665894,0.202547301398301,3,node,45,0.9899621000004116,2.253552099900844,spread_cv,ca-HepTh,3
0.8211487863268044,0.9515434973034412,0.5348837209302325,0.7470997679814385,0.2034981598048427,3,node,45,1.0139443000007304,2.253552099900844,spread_cv,ca-HepTh,4
0.821480498660576,0.9514806396738592,0.5232558139534884,0.740139211136891,0.2033567173378463,3,node,45,0.9653394000051776,2.253552099900844,spread_cv,ca-HepTh,5
0.8225404420805876,0.9521659565750414,0.5116279069767442,0.7470997679814385,0.2027628915673346,3,node,45,1.0136452000006102,2.253552099900844,spread_cv,ca-HepTh,6
0.8219664349490756,0.9521257731406046,0.5116279069767442,0.7308584686774942,0.202329844124869,3,node,45,0.9737391999951795,2.253552099900844,spread_cv,ca-HepTh,7
0.8228491651031669,0.9524531334944206,0.5,0.7447795823665894,0.2016646896030963,3,node,45,1.002728199993726,2.253552099900844,spread_cv,ca-HepTh,8
0.8231991080165751,0.9526644585422976,0.4767441860465116,0.7494199535962877,0.2012598326467497,3,node,45,1.012321800000791,2.253552099900844,spread_cv,ca-HepTh,9
0.8236625870396358,0.9525176170720226,0.5348837209302325,0.7540603248259861,0.2012149719651986,3,node+edge,93,1.42041590000008,2.541964699899836,spread_cv,ca-HepTh,0
0.8236046385232761,0.9528112945923518,0.5232558139534884,0.7424593967517401,0.2006200005824418,3,node+edge,93,1.4520819000026677,2.541964699899836,spread_cv,ca-HepTh,1
0.8238233439518268,0.953005340389032,0.5348837209302325,0.7470997679814385,0.2001895035566606,3,node+edge,93,1.5120066999952542,2.541964699899836,spread_cv,ca-HepTh,2
0.8232383809548752,0.9523258285939248,0.4883720930232558,0.7308584686774942,0.2007300941425211,3,node+edge,93,1.6292319999993197,2.541964699899836,spread_cv,ca-HepTh,3
0.8225443778093471,0.95212722667719,0.5348837209302325,0.7517401392111369,0.2015009291483148,3,node+edge,93,1.4493330999976024,2.541964699899836,spread_cv,ca-HepTh,4
0.8221371803394165,0.9516574439068478,0.5465116279069767,0.740139211136891,0.2024848394536653,3,node+edge,93,1.4270051999992577,2.541964699899836,spread_cv,ca-HepTh,5
0.8233287667770699,0.9524037779292645,0.5465116279069767,0.7494199535962877,0.2018191194289042,3,node+edge,93,1.446998999999778,2.541964699899836,spread_cv,ca-HepTh,6
0.8227396284051085,0.9522335250601268,0.5348837209302325,0.7262180974477959,0.2016548902963525,3,node+edge,93,1.4229569000017364,2.541964699899836,spread_cv,ca-HepTh,7
0.8230028228615296,0.9524898934847362,0.5348837209302325,0.7563805104408353,0.2014342012833364,3,node+edge,93,1.3915848000033293,2.541964699899836,spread_cv,ca-HepTh,8
0.822916735805406,0.9523486967634438,0.5581395348837209,0.7494199535962877,0.2014709012741072,3,node+edge,93,1.4537190999981249,2.541964699899836,spread_cv,ca-HepTh,9
0.825418685902373,0.95350521273106,0.5116279069767442,0.7587006960556845,0.1984948143897832,3,node+edge+subgraph,168,2.50191089999862,3.666164699898218,spread_cv,ca-HepTh,0
0.8252965136805093,0.9536267512831572,0.5116279069767442,0.7563805104408353,0.19857307439524,3,node+edge+subgraph,168,2.6056603000033647,3.666164699898218,spread_cv,ca-HepTh,1
0.825658449115651,0.9537893693320576,0.4883720930232558,0.7470997679814385,0.1976800799914639,3,node+edge+subgraph,168,2.2629759999981616,3.666164699898218,spread_cv,ca-HepTh,2
0.8245540234576831,0.9529605414673517,0.5232558139534884,0.7494199535962877,0.1986935905315984,3,node+edge+subgraph,168,2.291185400004906,3.666164699898218,spread_cv,ca-HepTh,3
0.8249827540589924,0.9533296435503426,0.5232558139534884,0.7517401392111369,0.1983071344710443,3,node+edge+subgraph,168,2.2731681000004755,3.666164699898218,spread_cv,ca-HepTh,4
0.825228646324894,0.953093368524971,0.5232558139534884,0.7563805104408353,0.1987102502502273,3,node+edge+subgraph,168,2.282359400000132,3.666164699898218,spread_cv,ca-HepTh,5
0.8246834556444185,0.953103682832012,0.5232558139534884,0.7587006960556845,0.1995307985202496,3,node+edge+subgraph,168,2.2788559999971767,3.666164699898218,spread_cv,ca-HepTh,6
0.8253905596850498,0.9536358083353444,0.5,0.7470997679814385,0.1983368140018026,3,node+edge+subgraph,168,2.3280882999970345,3.666164699898218,spread_cv,ca-HepTh,7
0.8254350981041417,0.9536543203953424,0.5116279069767442,0.7633410672853829,0.198021325901158,3,node+edge+subgraph,168,2.45637049999641,3.666164699898218,spread_cv,ca-HepTh,8
0.8252732876759912,0.953701328213038,0.5116279069767442,0.7540603248259861,0.1980068488457696,3,node+edge+subgraph,168,2.3323948999968707,3.666164699898218,spread_cv,ca-HepTh,9
0.8257310537750112,0.9537772451227025,0.5116279069767442,0.7540603248259861,0.1979125509265546,3,node+edge+subgraph+dynamic,170,2.2889732999974512,3.666164699898218,spread_cv,ca-HepTh,0
0.8248967685163859,0.953418175511478,0.5,0.7517401392111369,0.1991229043207904,3,node+edge+subgraph+dynamic,170,2.3527904999937164,3.666164699898218,spread_cv,ca-HepTh,1
0.8249165521679982,0.953258041406254,0.4767441860465116,0.7563805104408353,0.1984135883587212,3,node+edge+subgraph+dynamic,170,2.305523600000015,3.666164699898218,spread_cv,ca-HepTh,2
0.8246747014212342,0.9530123419973552,0.5116279069767442,0.7610208816705336,0.1987578605384538,3,node+edge+subgraph+dynamic,170,2.6222589000026346,3.666164699898218,spread_cv,ca-HepTh,3
0.8251081822009972,0.953320583068336,0.5348837209302325,0.7517401392111369,0.1982752051361282,3,node+edge+subgraph+dynamic,170,2.4814493999947445,3.666164699898218,spread_cv,ca-HepTh,4
0.8250395582438287,0.9530589158187583,0.5116279069767442,0.7633410672853829,0.1987168058147523,3,node+edge+subgraph+dynamic,170,2.33508840000286,3.666164699898218,spread_cv,ca-HepTh,5
0.824705787976808,0.9531918367467136,0.5581395348837209,0.7517401392111369,0.1996026744974657,3,node+edge+subgraph+dynamic,170,2.305936200005817,3.666164699898218,spread_cv,ca-HepTh,6
0.825447335073654,0.953791414783136,0.5348837209302325,0.740139211136891,0.1980750141896588,3,node+edge+subgraph+dynamic,170,2.310587599997234,3.666164699898218,spread_cv,ca-HepTh,7
0.8255406121980259,0.9536356261283891,0.5232558139534884,0.7633410672853829,0.1981627415308121,3,node+edge+subgraph+dynamic,170,2.294750700006261,3.666164699898218,spread_cv,ca-HepTh,8
0.8252913776923222,0.9537343100754068,0.4883720930232558,0.7494199535962877,0.1979107400328785,3,node+edge+subgraph+dynamic,170,2.294417500001145,3.666164699898218,spread_cv,ca-HepTh,9
0.6532324813560115,0.8041544776397117,0.5348837209302325,0.6125290023201856,34147.94854117525,0,node,2,0.6356726000012713,4.5000000682193786e-05,betweenness,ca-HepTh,0
0.6525617580958275,0.8035746752521633,0.5232558139534884,0.617169373549884,35173.826698834586,0,node,2,0.675511399997049,4.5000000682193786e-05,betweenness,ca-HepTh,1
0.6528429915807956,0.803486448256204,0.5116279069767442,0.617169373549884,34666.545547542526,0,node,2,0.6614436000018031,4.5000000682193786e-05,betweenness,ca-HepTh,2
0.6526104177621026,0.8037485790965582,0.4883720930232558,0.6125290023201856,34793.43663902871,0,node,2,0.6515881000013906,4.5000000682193786e-05,betweenness,ca-HepTh,3
0.652901354564488,0.8038975093536592,0.5232558139534884,0.617169373549884,34751.899536270605,0,node,2,0.6273551999984193,4.5000000682193786e-05,betweenness,ca-HepTh,4
0.6544930426277953,0.8052862310423481,0.5,0.617169373549884,34893.42587673875,0,node,2,0.6174023999992642,4.5000000682193786e-05,betweenness,ca-HepTh,5
0.6530559377001666,0.8041067077300796,0.5465116279069767,0.6194895591647331,34170.529813285335,0,node,2,0.5981367999993381,4.5000000682193786e-05,betweenness,ca-HepTh,6
0.6542087890945221,0.8052827924117252,0.5232558139534884,0.6241299303944315,34455.52623806403,0,node,2,0.6113463999936357,4.5000000682193786e-05,betweenness,ca-HepTh,7
0.6526597986109169,0.8035121084703197,0.5116279069767442,0.6148491879350348,34677.1187017692,0,node,2,0.5952999000001,4.5000000682193786e-05,betweenness,ca-HepTh,8
0.6538038940562734,0.804618032068884,0.5116279069767442,0.6218097447795824,34286.59624100432,0,node,2,0.6171112999945763,4.5000000682193786e-05,betweenness,ca-HepTh,9
0.6532324813560115,0.8041544776397117,0.5348837209302325,0.6125290023201856,34147.94854117525,0,node+edge,2,0.608025200002885,4.5000000682193786e-05,betweenness,ca-HepTh,0
0.6525617580958275,0.8035746752521633,0.5232558139534884,0.617169373549884,35173.826698834586,0,node+edge,2,0.6316233999968972,4.5000000682193786e-05,betweenness,ca-HepTh,1
0.6528429915807956,0.803486448256204,0.5116279069767442,0.617169373549884,34666.545547542526,0,node+edge,2,0.623195799998939,4.5000000682193786e-05,betweenness,ca-HepTh,2
0.6526104177621026,0.8037485790965582,0.4883720930232558,0.6125290023201856,34793.43663902871,0,node+edge,2,0.5950593000015942,4.5000000682193786e-05,betweenness,ca-HepTh,3
0.652901354564488,0.8038975093536592,0.5232558139534884,0.617169373549884,34751.899536270605,0,node+edge,2,0.6072763999982271,4.5000000682193786e-05,betweenness,ca-HepTh,4
0.6544930426277953,0.8052862310423481,0.5,0.617169373549884,34893.42587673875,0,node+edge,2,0.6443260999949416,4.5000000682193786e-05,betweenness,ca-HepTh,5
0.6530559377001666,0.8041067077300796,0.5465116279069767,0.6194895591647331,34170.529813285335,0,node+edge,2,0.6162880999982008,4.5000000682193786e-05,betweenness,ca-HepTh,6
0.6542087890945221,0.8052827924117252,0.5232558139534884,0.6241299303944315,34455.52623806403,0,node+edge,2,0.5994930000015302,4.5000000682193786e-05,betweenness,ca-HepTh,7
0.6526597986109169,0.8035121084703197,0.5116279069767442,0.6148491879350348,34677.1187017692,0,node+edge,2,0.6219360999966739,4.5000000682193786e-05,betweenness,ca-HepTh,8
0.6538038940562734,0.804618032068884,0.5116279069767442,0.6218097447795824,34286.59624100432,0,node+edge,2,0.617143000003125,4.5000000682193786e-05,betweenness,ca-HepTh,9
0.6532324813560115,0.8041544776397117,0.5348837209302325,0.6125290023201856,34147.94854117525,0,node+edge+subgraph,2,0.6897335999965435,4.5000000682193786e-05,betweenness,ca-HepTh,0
0.6525617580958275,0.8035746752521633,0.5232558139534884,0.617169373549884,35173.826698834586,0,node+edge+subgraph,2,0.6793373999971664,4.5000000682193786e-05,betweenness,ca-HepTh,1
0.6528429915807956,0.803486448256204,0.5116279069767442,0.617169373549884,34666.545547542526,0,node+edge+subgraph,2,0.672740200003318,4.5000000682193786e-05,betweenness,ca-HepTh,2
0.6526104177621026,0.8037485790965582,0.4883720930232558,0.6125290023201856,34793.43663902871,0,node+edge+subgraph,2,0.6525774999972782,4.5000000682193786e-05,betweenness,ca-HepTh,3
0.652901354564488,0.8038975093536592,0.5232558139534884,0.617169373549884,34751.899536270605,0,node+edge+subgraph,2,0.6248220999987097,4.5000000682193786e-05,betweenness,ca-HepTh,4
0.6544930426277953,0.8052862310423481,0.5,0.617169373549884,34893.42587673875,0,node+edge+subgraph,2,0.574832599995716,4.5000000682193786e-05,betweenness,ca-HepTh,5
0.6530559377001666,0.8041067077300796,0.5465116279069767,0.6194895591647331,34170.529813285335,0,node+edge+subgraph,2,0.6162878999966779,4.5000000682193786e-05,betweenness,ca-HepTh,6
0.6542087890945221,0.8052827924117252,0.5232558139534884,0.6241299303944315,34455.52623806403,0,node+edge+subgraph,2,0.6081233000004431,4.5000000682193786e-05,betweenness,ca-HepTh,7
0.6526597986109169,0.8035121084703197,0.5116279069767442,0.6148491879350348,34677.1187017692,0,node+edge+subgraph,2,0.5919886999981827,4.5000000682193786e-05,betweenness,ca-HepTh,8
0.6538038940562734,0.804618032068884,0.5116279069767442,0.6218097447795824,34286.59624100432,0,node+edge+subgraph,2,0.602115200003027,4.5000000682193786e-05,betweenness,ca-HepTh,9
0.6532324813560115,0.8041544776397117,0.5348837209302325,0.6125290023201856,34147.94854117525,0,node+edge+subgraph+dynamic,2,0.6197237999949721,4.5000000682193786e-05,betweenness,ca-HepTh,0
0.6525617580958275,0.8035746752521633,0.5232558139534884,0.617169373549884,35173.826698834586,0,node+edge+subgraph+dynamic,2,0.5909883999993326,4.5000000682193786e-05,betweenness,ca-HepTh,1
0.6528429915807956,0.803486448256204,0.5116279069767442,0.617169373549884,34666.545547542526,0,node+edge+subgraph+dynamic,2,0.5950814000025275,4.5000000682193786e-05,betweenness,ca-HepTh,2
0.6526104177621026,0.8037485790965582,0.4883720930232558,0.6125290023201856,34793.43663902871,0,node+edge+subgraph+dynamic,2,0.6534622999970452,4.5000000682193786e-05,betweenness,ca-HepTh,3
0.652901354564488,0.8038975093536592,0.5232558139534884,0.617169373549884,34751.899536270605,0,node+edge+subgraph+dynamic,2,0.6003470000068774,4.5000000682193786e-05,betweenness,ca-HepTh,4
0.6544930426277953,0.8052862310423481,0.5,0.617169373549884,34893.42587673875,0,node+edge+subgraph+dynamic,2,0.588615699998627,4.5000000682193786e-05,betweenness,ca-HepTh,5
0.6530559377001666,0.8041067077300796,0.5465116279069767,0.6194895591647331,34170.529813285335,0,node+edge+subgraph+dynamic,2,0.6029909999997471,4.5000000682193786e-05,betweenness,ca-HepTh,6
0.6542087890945221,0.8052827924117252,0.5232558139534884,0.6241299303944315,34455.52623806403,0,node+edge+subgraph+dynamic,2,0.6466677999997046,4.5000000682193786e-05,betweenness,ca-HepTh,7
0.6526597986109169,0.8035121084703197,0.5116279069767442,0.6148491879350348,34677.1187017692,0,node+edge+subgraph+dynamic,2,0.6199926000044798,4.5000000682193786e-05,betweenness,ca-HepTh,8
0.6538038940562734,0.804618032068884,0.5116279069767442,0.6218097447795824,34286.59624100432,0,node+edge+subgraph+dynamic,2,0.5894663999933982,4.5000000682193786e-05,betweenness,ca-HepTh,9
0.7634716153606044,0.9081004268631286,0.6511627906976745,0.7122969837587007,25723.92560646534,1,node,17,0.6897287000028882,0.7682761000505707,betweenness,ca-HepTh,0
0.7633838736523764,0.9076832732143496,0.686046511627907,0.7308584686774942,27042.203395677217,1,node,17,0.6905480999994325,0.7682761000505707,betweenness,ca-HepTh,1
0.7636964366728084,0.907696112354742,0.6744186046511628,0.7215777262180975,25579.61836866331,1,node,17,0.6943245000002207,0.7682761000505707,betweenness,ca-HepTh,2
0.7645300217754412,0.9086421173324958,0.6976744186046512,0.7192575406032483,25333.919850667888,1,node,17,0.6885752999951364,0.7682761000505707,betweenness,ca-HepTh,3
0.7620351921539353,0.9067756471246886,0.686046511627907,0.7331786542923434,26220.675844640824,1,node,17,0.7518106999996235,0.7682761000505707,betweenness,ca-HepTh,4
0.7647553419269518,0.908890524324004,0.6744186046511628,0.7238979118329466,25689.56066571293,1,node,17,0.787744000001112,0.7682761000505707,betweenness,ca-HepTh,5
0.760118077641146,0.9056451891053576,0.686046511627907,0.7308584686774942,25636.01179718737,1,node,17,0.7493115000033868,0.7682761000505707,betweenness,ca-HepTh,6
0.7621459745621,0.9069202330310524,0.6395348837209303,0.7262180974477959,25883.869603895422,1,node,17,0.7053143000011914,0.7682761000505707,betweenness,ca-HepTh,7
0.7629183006365117,0.90744858555238,0.6744186046511628,0.728538283062645,25658.954813463824,1,node,17,0.7180084999999963,0.7682761000505707,betweenness,ca-HepTh,8
0.7600508478325971,0.905297815606995,0.6511627906976745,0.7238979118329466,25527.106042674583,1,node,17,0.6997796000068774,0.7682761000505707,betweenness,ca-HepTh,9
0.7662111935776466,0.9082733848640276,0.6744186046511628,0.7262180974477959,25901.10129379088,1,node+edge,38,0.8646867999996175,1.0566887000495626,betweenness,ca-HepTh,0
0.7688248067541322,0.910433614714712,0.6627906976744186,0.7447795823665894,26014.194037811994,1,node+edge,38,0.8733123999991221,1.0566887000495626,betweenness,ca-HepTh,1
0.7665393579567767,0.9087147903266528,0.6627906976744186,0.7447795823665894,25364.82818664648,1,node+edge,38,0.8925172000017483,1.0566887000495626,betweenness,ca-HepTh,2
0.7685553855600415,0.9097845514886216,0.6511627906976745,0.7378190255220418,26012.77788541179,1,node+edge,38,0.8535113999969326,1.0566887000495626,betweenness,ca-HepTh,3
0.7648606678074689,0.9071912479690176,0.6744186046511628,0.7331786542923434,26592.75087432928,1,node+edge,38,0.8680296999955317,1.0566887000495626,betweenness,ca-HepTh,4
0.7686261988811424,0.9102043697868388,0.6744186046511628,0.7308584686774942,25607.483328354818,1,node+edge,38,0.8714791999955196,1.0566887000495626,betweenness,ca-HepTh,5
0.7681370796666586,0.9096971402477853,0.6976744186046512,0.7308584686774942,26318.98120010866,1,node+edge,38,0.8356889999995474,1.0566887000495626,betweenness,ca-HepTh,6
0.7673476557932238,0.9091464646980696,0.6395348837209303,0.7470997679814385,25334.28748810494,1,node+edge,38,0.8606913999974495,1.0566887000495626,betweenness,ca-HepTh,7
0.7634611078941258,0.9066566042605344,0.6511627906976745,0.7354988399071926,26052.15276476088,1,node+edge,38,0.8736041000011028,1.0566887000495626,betweenness,ca-HepTh,8
0.767330201649394,0.9092417917971836,0.6395348837209303,0.740139211136891,26075.724710250437,1,node+edge,38,0.9971762999994098,1.0566887000495626,betweenness,ca-HepTh,9
0.7600661490616188,0.9039064394625131,0.7209302325581395,0.7517401392111369,23040.017419725747,2,node,35,0.9187020000026678,1.5736236999910034,betweenness,ca-HepTh,0
0.7585864743172981,0.9025212961527986,0.7093023255813954,0.7633410672853829,24507.576168934986,2,node,35,0.9245805999962612,1.5736236999910034,betweenness,ca-HepTh,1
0.7590227375471061,0.9025196274825102,0.7325581395348837,0.7633410672853829,23549.67660420686,2,node,35,0.9270405999996,1.5736236999910034,betweenness,ca-HepTh,2
0.7604883045951986,0.9037019744007236,0.7093023255813954,0.7610208816705336,23076.42658758688,2,node,35,0.9348274000003584,1.5736236999910034,betweenness,ca-HepTh,3
0.7605876510197876,0.9036613161833266,0.7209302325581395,0.7726218097447796,23342.004577061474,2,node,35,0.9508542999974452,1.5736236999910034,betweenness,ca-HepTh,4
0.7596493710031293,0.9031283294083522,0.7441860465116279,0.7470997679814385,22935.478360885707,2,node,35,0.9398701999962212,1.5736236999910034,betweenness,ca-HepTh,5
0.7614556359786033,0.904383232347105,0.6976744186046512,0.7540603248259861,23489.061722320035,2,node,35,0.9461394000027212,1.5736236999910034,betweenness,ca-HepTh,6
0.7587335920521817,0.9026128539808655,0.7325581395348837,0.765661252900232,23476.54238728223,2,node,35,0.9130073999986053,1.5736236999910034,betweenness,ca-HepTh,7
0.7592043529874909,0.9027472328562096,0.7209302325581395,0.7587006960556845,23100.500469558177,2,node,35,0.961589799997455,1.5736236999910034,betweenness,ca-HepTh,8
0.7599924631260788,0.9034997426184947,0.7325581395348837,0.7610208816705336,23198.94334317977,2,node,35,1.0090467000045464,1.5736236999910034,betweenness,ca-HepTh,9
0.7621076059249433,0.8999478527423066,0.7674418604651163,0.7819025522041764,21719.531476508728,2,node+edge,80,1.4021947000001092,1.8620362999899955,betweenness,ca-HepTh,0
0.7612520471741516,0.89958842663399,0.7441860465116279,0.7888631090487239,22533.135559456023,2,node+edge,80,1.274514099997759,1.8620362999899955,betweenness,ca-HepTh,1
0.7590779020736352,0.8980578529645356,0.7558139534883721,0.7888631090487239,21466.96419453181,2,node+edge,80,1.3143923999959952,1.8620362999899955,betweenness,ca-HepTh,2
0.7607261375546175,0.8991415079506644,0.7441860465116279,0.7749419953596288,21628.70576733756,2,node+edge,80,1.28601649999473,1.8620362999899955,betweenness,ca-HepTh,3
0.7675044056140671,0.9049848142090134,0.7325581395348837,0.7842227378190255,22446.807804929376,2,node+edge,80,1.267121099997894,1.8620362999899955,betweenness,ca-HepTh,4
0.7589279914512609,0.8986326483398349,0.7790697674418605,0.7888631090487239,21426.88759813229,2,node+edge,80,1.240054499998223,1.8620362999899955,betweenness,ca-HepTh,5
0.7653908389320229,0.9030494003333144,0.7558139534883721,0.7749419953596288,22119.20305222807,2,node+edge,80,1.2549024000036295,1.8620362999899955,betweenness,ca-HepTh,6
0.7604196039925143,0.8993018079836332,0.7093023255813954,0.7819025522041764,21557.523864518407,2,node+edge,80,1.2998692000037408,1.8620362999899955,betweenness,ca-HepTh,7
0.762553879358429,0.901066062150277,0.7441860465116279,0.7795823665893271,21460.528039842648,2,node+edge,80,1.2772566999992705,1.8620362999899955,betweenness,ca-HepTh,8
0.7584271510963583,0.8979543334723599,0.7441860465116279,0.7842227378190255,21531.89916814124,2,node+edge,80,1.276087699996424,1.8620362999899955,betweenness,ca-HepTh,9
0.7609145097905414,0.8975495046255761,0.7674418604651163,0.7935034802784223,20979.939949974192,2,node+edge+subgraph,144,1.820476199995028,2.986236299988377,betweenness,ca-HepTh,0
0.7605152354765906,0.8973658113850606,0.7441860465116279,0.8120649651972158,22193.25566917193,2,node+edge+subgraph,144,1.8292357999962403,2.986236299988377,betweenness,ca-HepTh,1
0.7588883048820666,0.8956078906656204,0.7906976744186046,0.7958236658932715,20725.69182157721,2,node+edge+subgraph,144,1.8100502000015692,2.986236299988377,betweenness,ca-HepTh,2
0.7640356887325087,0.8996889033336967,0.7441860465116279,0.8074245939675174,20853.11793295529,2,node+edge+subgraph,144,1.8276958999995256,2.986236299988377,betweenness,ca-HepTh,3
0.7627907090007651,0.8990417628107719,0.7674418604651163,0.7958236658932715,22016.07373721816,2,node+edge+subgraph,144,1.8070607999979984,2.986236299988377,betweenness,ca-HepTh,4
0.763449553042494,0.8993544006728236,0.7790697674418605,0.802784222737819,20782.388990139265,2,node+edge+subgraph,144,1.8244750999947428,2.986236299988377,betweenness,ca-HepTh,5
0.7651865865267375,0.9009205746802914,0.7790697674418605,0.7935034802784223,21211.62183014816,2,node+edge+subgraph,144,1.8941857000027085,2.986236299988377,betweenness,ca-HepTh,6
0.7637935166459044,0.8992733588303292,0.7790697674418605,0.8051044083526682,20269.3967702718,2,node+edge+subgraph,144,2.051008500005992,2.986236299988377,betweenness,ca-HepTh,7
0.7607139761836385,0.8972498451806957,0.7441860465116279,0.8074245939675174,21047.876180335592,2,node+edge+subgraph,144,1.9309082000036144,2.986236299988377,betweenness,ca-HepTh,8
0.7650274989193483,0.900274010396911,0.8023255813953488,0.7981438515081206,20734.68055114393,2,node+edge+subgraph,144,1.7620953000005102,2.986236299988377,betweenness,ca-HepTh,9
0.7610583990164322,0.8976301542828149,0.7674418604651163,0.7981438515081206,20839.952495526264,2,node+edge+subgraph+dynamic,145,1.670671499996388,2.986236299988377,betweenness,ca-HepTh,0
0.7619037575239576,0.8975566143970269,0.7325581395348837,0.8074245939675174,21988.596526939837,2,node+edge+subgraph+dynamic,145,1.7142942999998922,2.986236299988377,betweenness,ca-HepTh,1
0.7606989096101163,0.8965576096901053,0.7790697674418605,0.7981438515081206,20663.143439876665,2,node+edge+subgraph+dynamic,145,1.696700000000419,2.986236299988377,betweenness,ca-HepTh,2
0.7614729177488071,0.8979034055416187,0.7558139534883721,0.8004640371229699,20800.35505388362,2,node+edge+subgraph+dynamic,145,1.6865478999970946,2.986236299988377,betweenness,ca-HepTh,3
0.763905893622317,0.8998714580768697,0.7441860465116279,0.7981438515081206,21973.597544878165,2,node+edge+subgraph+dynamic,145,1.712137900001835,2.986236299988377,betweenness,ca-HepTh,4
0.7623985959310333,0.8983448423642285,0.7790697674418605,0.7981438515081206,20886.183517119847,2,node+edge+subgraph+dynamic,145,1.659417000002577,2.986236299988377,betweenness,ca-HepTh,5
0.7646124970730195,0.9005580497824266,0.7674418604651163,0.7935034802784223,21118.748498276687,2,node+edge+subgraph+dynamic,145,1.668665700002748,2.986236299988377,betweenness,ca-HepTh,6
0.7629261145585318,0.8980520009510784,0.7906976744186046,0.8074245939675174,20189.8610497234,2,node+edge+subgraph+dynamic,145,1.6833864000000176,2.986236299988377,betweenness,ca-HepTh,7
0.7607340732673528,0.8969639374691716,0.7441860465116279,0.8074245939675174,21048.61159359329,2,node+edge+subgraph+dynamic,145,1.6884156000014627,2.986236299988377,betweenness,ca-HepTh,8
0.7625892555736208,0.8976311844341369,0.8023255813953488,0.7935034802784223,20655.61347270462,2,node+edge+subgraph+dynamic,145,1.6991792999979225,2.986236299988377,betweenness,ca-HepTh,9
0.7618255772115314,0.9038193763152234,0.7558139534883721,0.7795823665893271,22086.074557539803,3,node,45,0.9061910999953398,2.253552099900844,betweenness,ca-HepTh,0
0.7596922965514578,0.9024156828595628,0.7441860465116279,0.7842227378190255,23214.577955467048,3,node,45,0.894350199996552,2.253552099900844,betweenness,ca-HepTh,1
0.7607282995261604,0.902783940342016,0.7558139534883721,0.7888631090487239,22731.682963705483,3,node,45,0.9425234000009368,2.253552099900844,betweenness,ca-HepTh,2
0.7608978677090029,0.902795966437653,0.7558139534883721,0.7679814385150812,22318.106044212203,3,node,45,0.8989740000033635,2.253552099900844,betweenness,ca-HepTh,3
0.7591157795892383,0.9018396861180358,0.7325581395348837,0.7888631090487239,22383.752320803746,3,node,45,0.9518004999990808,2.253552099900844,betweenness,ca-HepTh,4
0.7610856810306162,0.903314008603556,0.7558139534883721,0.7795823665893271,22250.66840588805,3,node,45,0.8853238000010606,2.253552099900844,betweenness,ca-HepTh,5
0.7602988845572142,0.9025612492136058,0.7209302325581395,0.7633410672853829,22357.705413698382,3,node,45,1.041492500000459,2.253552099900844,betweenness,ca-HepTh,6
0.7618887984399015,0.9041596945452756,0.7209302325581395,0.7888631090487239,22065.43126060289,3,node,45,1.0472832000014023,2.253552099900844,betweenness,ca-HepTh,7
0.7594260198913182,0.9020030097477678,0.7674418604651163,0.7795823665893271,22119.13608803762,3,node,45,1.0127603999935673,2.253552099900844,betweenness,ca-HepTh,8
0.7606500730449752,0.9026500393743452,0.7558139534883721,0.777262180974478,21950.55115194116,3,node,45,0.9700407999989692,2.253552099900844,betweenness,ca-HepTh,9
0.7611946943301791,0.8980724906848478,0.7441860465116279,0.7911832946635731,21488.45396239647,3,node+edge,93,1.3206214000019827,2.541964699899836,betweenness,ca-HepTh,0
0.7621133785563333,0.8992657207647491,0.7674418604651163,0.8051044083526682,21999.81336601813,3,node+edge,93,1.2695657000003848,2.541964699899836,betweenness,ca-HepTh,1
0.7644467761123893,0.9016075784874176,0.7558139534883721,0.7958236658932715,20868.154583556807,3,node+edge,93,1.2502362000013818,2.541964699899836,betweenness,ca-HepTh,2
0.7628135099154056,0.900255323739985,0.7558139534883721,0.7981438515081206,21185.048913642,3,node+edge,93,1.2793806000045151,2.541964699899836,betweenness,ca-HepTh,3
0.765856363364056,0.9026973827736876,0.7558139534883721,0.7981438515081206,21828.84774012935,3,node+edge,93,1.2715939000045182,2.541964699899836,betweenness,ca-HepTh,4
0.7618998829515653,0.8997667224383847,0.7906976744186046,0.7935034802784223,21202.118355917763,3,node+edge,93,1.2241361999986111,2.541964699899836,betweenness,ca-HepTh,5
0.7617910270561465,0.8998139917857332,0.7558139534883721,0.7819025522041764,21703.58761650645,3,node+edge,93,1.2626097000029404,2.541964699899836,betweenness,ca-HepTh,6
0.7597724490139427,0.8978277978357708,0.7441860465116279,0.7819025522041764,21269.005131715792,3,node+edge,93,1.277524099998118,2.541964699899836,betweenness,ca-HepTh,7
0.7594456876374407,0.8971620599573265,0.7558139534883721,0.802784222737819,21102.62105080365,3,node+edge,93,1.2603872999970918,2.541964699899836,betweenness,ca-HepTh,8
0.7625674102821741,0.8999985068401556,0.7558139534883721,0.7888631090487239,21230.954045326314,3,node+edge,93,1.216870900003414,2.541964699899836,betweenness,ca-HepTh,9
0.7636152560144931,0.8987687676048722,0.7790697674418605,0.802784222737819,20619.710787726868,3,node+edge+subgraph,168,1.8986470999952871,3.666164699898218,betweenness,ca-HepTh,0
0.7598794595391014,0.8959893763076143,0.7325581395348837,0.8120649651972158,21543.898148234133,3,node+edge+subgraph,168,1.871777699998347,3.666164699898218,betweenness,ca-HepTh,1
0.7602287341700654,0.8953422184758254,0.7906976744186046,0.8051044083526682,20111.37367552145,3,node+edge+subgraph,168,2.0143773000017973,3.666164699898218,betweenness,ca-HepTh,2
0.7635734133948158,0.8985313097351191,0.7558139534883721,0.7888631090487239,20244.285410467503,3,node+edge+subgraph,168,1.9151592000052915,3.666164699898218,betweenness,ca-HepTh,3
0.7626741864769221,0.8979524263101787,0.7558139534883721,0.8051044083526682,21569.077333345263,3,node+edge+subgraph,168,1.89783080000052,3.666164699898218,betweenness,ca-HepTh,4
0.761041161430212,0.8958313223848808,0.7790697674418605,0.7981438515081206,20663.72627317105,3,node+edge+subgraph,168,1.9275149999957648,3.666164699898218,betweenness,ca-HepTh,5
0.7629213149806202,0.8977058293937485,0.7906976744186046,0.8074245939675174,20759.988071586016,3,node+edge+subgraph,168,2.2128980999987107,3.666164699898218,betweenness,ca-HepTh,6
0.7587709967898616,0.8947709708853674,0.7790697674418605,0.7911832946635731,19873.52371125529,3,node+edge+subgraph,168,2.158615100001043,3.666164699898218,betweenness,ca-HepTh,7
0.7588836887876496,0.8947318078976667,0.7558139534883721,0.814385150812065,20514.77019252031,3,node+edge+subgraph,168,2.0228048999997554,3.666164699898218,betweenness,ca-HepTh,8
0.7669753637603118,0.9008631735077964,0.7906976744186046,0.7981438515081206,20015.893207224253,3,node+edge+subgraph,168,1.9232512000016868,3.666164699898218,betweenness,ca-HepTh,9
0.7574335466629913,0.8938093016196071,0.7790697674418605,0.802784222737819,20460.036332902488,3,node+edge+subgraph+dynamic,170,1.932764999997744,3.666164699898218,betweenness,ca-HepTh,0
0.7595392412977061,0.8953159792544696,0.7209302325581395,0.802784222737819,21446.960315591896,3,node+edge+subgraph+dynamic,170,1.9165961999970025,3.666164699898218,betweenness,ca-HepTh,1
0.7614780599834269,0.8966183345551118,0.7906976744186046,0.7935034802784223,20088.603115195583,3,node+edge+subgraph+dynamic,170,1.9173205999977652,3.666164699898218,betweenness,ca-HepTh,2
0.7605479861953394,0.8960757154285545,0.7674418604651163,0.7981438515081206,20274.485493539774,3,node+edge+subgraph+dynamic,170,1.9583953000037584,3.666164699898218,betweenness,ca-HepTh,3
0.7596510493505424,0.8950150237840729,0.7674418604651163,0.802784222737819,21351.967274866955,3,node+edge+subgraph+dynamic,170,1.94908420000138,3.666164699898218,betweenness,ca-HepTh,4
0.7587975691617354,0.8941982418690075,0.7906976744186046,0.8004640371229699,20503.01071893861,3,node+edge+subgraph+dynamic,170,1.8876152000011643,3.666164699898218,betweenness,ca-HepTh,5
0.7616016157268629,0.8968870829077318,0.7674418604651163,0.8004640371229699,20945.559440257806,3,node+edge+subgraph+dynamic,170,1.8763431000043056,3.666164699898218,betweenness,ca-HepTh,6
0.7625432317627838,0.8975487173670981,0.7790697674418605,0.7865429234338747,19822.21096646009,3,node+edge+subgraph+dynamic,170,1.9508371999982048,3.666164699898218,betweenness,ca-HepTh,7
0.7631237651501623,0.8978602314455139,0.7790697674418605,0.802784222737819,20451.47942432029,3,node+edge+subgraph+dynamic,170,1.9194178000034297,3.666164699898218,betweenness,ca-HepTh,8
0.7635776690560041,0.8989417937538484,0.7790697674418605,0.7911832946635731,20116.42984315425,3,node+edge+subgraph+dynamic,170,1.958497100000386,3.666164699898218,betweenness,ca-HepTh,9
0.2868351059021023,0.4150664101681716,0.0697674418604651,0.2088167053364269,0.1409604358997013,0,node,2,0.5906572000021697,4.5000000682193786e-05,spread_resid,ca-HepTh,0
0.2874697017212877,0.4159941159817318,0.0465116279069767,0.185614849187935,0.1409296774193932,0,node,2,0.6404211999979452,4.5000000682193786e-05,spread_resid,ca-HepTh,1
0.2864074821947746,0.4143823948215078,0.0465116279069767,0.185614849187935,0.1410541178582146,0,node,2,0.6747308999983943,4.5000000682193786e-05,spread_resid,ca-HepTh,2
0.2882017192039127,0.4172201325200498,0.0465116279069767,0.2064965197215777,0.1408962953292608,0,node,2,0.6975321999998414,4.5000000682193786e-05,spread_resid,ca-HepTh,3
0.2878012892500514,0.4163258279189695,0.0232558139534883,0.2018561484918793,0.140938577005379,0,node,2,0.6835733999978402,4.5000000682193786e-05,spread_resid,ca-HepTh,4
0.2874203313087708,0.4158292418244102,0.0232558139534883,0.2041763341067285,0.1409338467234175,0,node,2,0.6731798000037088,4.5000000682193786e-05,spread_resid,ca-HepTh,5
0.2866715327570049,0.4149086918771897,0.0581395348837209,0.2180974477958236,0.1410140030637588,0,node,2,0.6389191999987816,4.5000000682193786e-05,spread_resid,ca-HepTh,6
0.2855847926554185,0.4135491488257833,0.0348837209302325,0.2088167053364269,0.1410245830647292,0,node,2,0.6671478999996907,4.5000000682193786e-05,spread_resid,ca-HepTh,7
0.2866360314335423,0.4148168538962267,0.0465116279069767,0.1948955916473317,0.1409555734645987,0,node,2,0.6620633999991696,4.5000000682193786e-05,spread_resid,ca-HepTh,8
0.2879225354775158,0.4163551291711322,0.0348837209302325,0.2180974477958236,0.1408870993453582,0,node,2,0.6278320999990683,4.5000000682193786e-05,spread_resid,ca-HepTh,9
0.2868351059021023,0.4150664101681716,0.0697674418604651,0.2088167053364269,0.1409604358997013,0,node+edge,2,0.5995671999990009,4.5000000682193786e-05,spread_resid,ca-HepTh,0
0.2874697017212877,0.4159941159817318,0.0465116279069767,0.185614849187935,0.1409296774193932,0,node+edge,2,0.5994060000011814,4.5000000682193786e-05,spread_resid,ca-HepTh,1
0.2864074821947746,0.4143823948215078,0.0465116279069767,0.185614849187935,0.1410541178582146,0,node+edge,2,0.6288405999948736,4.5000000682193786e-05,spread_resid,ca-HepTh,2
0.2882017192039127,0.4172201325200498,0.0465116279069767,0.2064965197215777,0.1408962953292608,0,node+edge,2,0.5948336000001291,4.5000000682193786e-05,spread_resid,ca-HepTh,3
0.2878012892500514,0.4163258279189695,0.0232558139534883,0.2018561484918793,0.140938577005379,0,node+edge,2,0.6183627999998862,4.5000000682193786e-05,spread_resid,ca-HepTh,4
0.2874203313087708,0.4158292418244102,0.0232558139534883,0.2041763341067285,0.1409338467234175,0,node+edge,2,0.6408984000008786,4.5000000682193786e-05,spread_resid,ca-HepTh,5
0.2866715327570049,0.4149086918771897,0.0581395348837209,0.2180974477958236,0.1410140030637588,0,node+edge,2,0.5833439999987604,4.5000000682193786e-05,spread_resid,ca-HepTh,6
0.2855847926554185,0.4135491488257833,0.0348837209302325,0.2088167053364269,0.1410245830647292,0,node+edge,2,0.6149825999964378,4.5000000682193786e-05,spread_resid,ca-HepTh,7
0.2866360314335423,0.4148168538962267,0.0465116279069767,0.1948955916473317,0.1409555734645987,0,node+edge,2,0.6331983999989461,4.5000000682193786e-05,spread_resid,ca-HepTh,8
0.2879225354775158,0.4163551291711322,0.0348837209302325,0.2180974477958236,0.1408870993453582,0,node+edge,2,0.6352759000001242,4.5000000682193786e-05,spread_resid,ca-HepTh,9
0.2868351059021023,0.4150664101681716,0.0697674418604651,0.2088167053364269,0.1409604358997013,0,node+edge+subgraph,2,0.5794080999985454,4.5000000682193786e-05,spread_resid,ca-HepTh,0
0.2874697017212877,0.4159941159817318,0.0465116279069767,0.185614849187935,0.1409296774193932,0,node+edge+subgraph,2,0.6204373000000487,4.5000000682193786e-05,spread_resid,ca-HepTh,1
0.2864074821947746,0.4143823948215078,0.0465116279069767,0.185614849187935,0.1410541178582146,0,node+edge+subgraph,2,0.6123934999995981,4.5000000682193786e-05,spread_resid,ca-HepTh,2
0.2882017192039127,0.4172201325200498,0.0465116279069767,0.2064965197215777,0.1408962953292608,0,node+edge+subgraph,2,0.646195399996941,4.5000000682193786e-05,spread_resid,ca-HepTh,3
0.2878012892500514,0.4163258279189695,0.0232558139534883,0.2018561484918793,0.140938577005379,0,node+edge+subgraph,2,0.6222447999971337,4.5000000682193786e-05,spread_resid,ca-HepTh,4
0.2874203313087708,0.4158292418244102,0.0232558139534883,0.2041763341067285,0.1409338467234175,0,node+edge+subgraph,2,0.60831060000055,4.5000000682193786e-05,spread_resid,ca-HepTh,5
0.2866715327570049,0.4149086918771897,0.0581395348837209,0.2180974477958236,0.1410140030637588,0,node+edge+subgraph,2,0.5916450000004261,4.5000000682193786e-05,spread_resid,ca-HepTh,6
0.2855847926554185,0.4135491488257833,0.0348837209302325,0.2088167053364269,0.1410245830647292,0,node+edge+subgraph,2,0.598587000000407,4.5000000682193786e-05,spread_resid,ca-HepTh,7
0.2866360314335423,0.4148168538962267,0.0465116279069767,0.1948955916473317,0.1409555734645987,0,node+edge+subgraph,2,0.640582899999572,4.5000000682193786e-05,spread_resid,ca-HepTh,8
0.2879225354775158,0.4163551291711322,0.0348837209302325,0.2180974477958236,0.1408870993453582,0,node+edge+subgraph,2,0.6069661000001361,4.5000000682193786e-05,spread_resid,ca-HepTh,9
0.2868351059021023,0.4150664101681716,0.0697674418604651,0.2088167053364269,0.1409604358997013,0,node+edge+subgraph+dynamic,2,0.6113140000015846,4.5000000682193786e-05,spread_resid,ca-HepTh,0
0.2874697017212877,0.4159941159817318,0.0465116279069767,0.185614849187935,0.1409296774193932,0,node+edge+subgraph+dynamic,2,0.6076441000041086,4.5000000682193786e-05,spread_resid,ca-HepTh,1
0.2864074821947746,0.4143823948215078,0.0465116279069767,0.185614849187935,0.1410541178582146,0,node+edge+subgraph+dynamic,2,0.6096032000059495,4.5000000682193786e-05,spread_resid,ca-HepTh,2
0.2882017192039127,0.4172201325200498,0.0465116279069767,0.2064965197215777,0.1408962953292608,0,node+edge+subgraph+dynamic,2,0.6059677999946871,4.5000000682193786e-05,spread_resid,ca-HepTh,3
0.2878012892500514,0.4163258279189695,0.0232558139534883,0.2018561484918793,0.140938577005379,0,node+edge+subgraph+dynamic,2,0.5889147999987472,4.5000000682193786e-05,spread_resid,ca-HepTh,4
0.2874203313087708,0.4158292418244102,0.0232558139534883,0.2041763341067285,0.1409338467234175,0,node+edge+subgraph+dynamic,2,0.6237586000061128,4.5000000682193786e-05,spread_resid,ca-HepTh,5
0.2866715327570049,0.4149086918771897,0.0581395348837209,0.2180974477958236,0.1410140030637588,0,node+edge+subgraph+dynamic,2,0.6222511000014492,4.5000000682193786e-05,spread_resid,ca-HepTh,6
0.2855847926554185,0.4135491488257833,0.0348837209302325,0.2088167053364269,0.1410245830647292,0,node+edge+subgraph+dynamic,2,0.5983081000013044,4.5000000682193786e-05,spread_resid,ca-HepTh,7
0.2866360314335423,0.4148168538962267,0.0465116279069767,0.1948955916473317,0.1409555734645987,0,node+edge+subgraph+dynamic,2,0.6416830000016489,4.5000000682193786e-05,spread_resid,ca-HepTh,8
0.2879225354775158,0.4163551291711322,0.0348837209302325,0.2180974477958236,0.1408870993453582,0,node+edge+subgraph+dynamic,2,0.5987524000011035,4.5000000682193786e-05,spread_resid,ca-HepTh,9
0.5399506864644452,0.7236350283450423,0.0116279069767441,0.382830626450116,0.1074404997781298,1,node,17,0.7487104000028921,0.7682761000505707,spread_resid,ca-HepTh,0
0.5411935542029436,0.7252016652689167,0.0116279069767441,0.3874709976798144,0.107488445673416,1,node,17,0.7397825000007288,0.7682761000505707,spread_resid,ca-HepTh,1
0.5410400419858595,0.7248536920555442,0.0116279069767441,0.3805104408352668,0.107263458089962,1,node,17,0.7202508999980637,0.7682761000505707,spread_resid,ca-HepTh,2
0.5425511739640113,0.7268457681330833,0.0116279069767441,0.3781902552204176,0.1072744336081538,1,node,17,0.8007618000046932,0.7682761000505707,spread_resid,ca-HepTh,3
0.5420370751447319,0.7258844030066944,0.0116279069767441,0.3805104408352668,0.1073069539091846,1,node,17,0.8121504000009736,0.7682761000505707,spread_resid,ca-HepTh,4
0.5415790420087963,0.7259278616181201,0.0116279069767441,0.3921113689095127,0.1074375768642081,1,node,17,0.839672200003406,0.7682761000505707,spread_resid,ca-HepTh,5
0.5396887798275558,0.7236145365276542,0.0116279069767441,0.3805104408352668,0.107579976299362,1,node,17,0.8014758999997866,0.7682761000505707,spread_resid,ca-HepTh,6
0.5411703771799306,0.7258670644861798,0.0116279069767441,0.3805104408352668,0.1072225744930324,1,node,17,0.7829168000025675,0.7682761000505707,spread_resid,ca-HepTh,7
0.5414642970036426,0.7256539876907173,0.0116279069767441,0.3874709976798144,0.1072807404036907,1,node,17,0.8177784999934374,0.7682761000505707,spread_resid,ca-HepTh,8
0.5427799872768132,0.7273279166895221,0.0116279069767441,0.3851508120649652,0.1070865877791471,1,node,17,0.7790039000028628,0.7682761000505707,spread_resid,ca-HepTh,9
0.5410831638219168,0.7248965342008417,0.0116279069767441,0.3874709976798144,0.1071990277388286,1,node+edge,38,0.8889504000035231,1.0566887000495626,spread_resid,ca-HepTh,0
0.5413716755948343,0.7252282076539842,0.0116279069767441,0.3921113689095127,0.107165640526883,1,node+edge,38,0.8969661000010092,1.0566887000495626,spread_resid,ca-HepTh,1
0.5423925392286096,0.7264322201235441,0.0116279069767441,0.382830626450116,0.1069724877516732,1,node+edge,38,0.9057828999939376,1.0566887000495626,spread_resid,ca-HepTh,2
0.5436249008278295,0.728024633440256,0.0116279069767441,0.3805104408352668,0.106831089968932,1,node+edge,38,0.9189380999960122,1.0566887000495626,spread_resid,ca-HepTh,3
0.5426131410720144,0.7269071738012676,0.0116279069767441,0.3897911832946635,0.1068796432488104,1,node+edge,38,0.8893180000013672,1.0566887000495626,spread_resid,ca-HepTh,4
0.541004134646714,0.7249316814303371,0.0116279069767441,0.3921113689095127,0.1072446451459624,1,node+edge,38,0.8991487000021152,1.0566887000495626,spread_resid,ca-HepTh,5
0.5410690053008276,0.7253966857394288,0.0116279069767441,0.3944315545243619,0.1070551771163657,1,node+edge,38,0.8812486000024364,1.0566887000495626,spread_resid,ca-HepTh,6
0.5410569545000868,0.7255451021028277,0.0116279069767441,0.3781902552204176,0.1070834653954609,1,node+edge,38,0.9045071000000462,1.0566887000495626,spread_resid,ca-HepTh,7
0.5432094849843219,0.7275402357494242,0.0116279069767441,0.3921113689095127,0.106801297229328,1,node+edge,38,0.9056457999977284,1.0566887000495626,spread_resid,ca-HepTh,8
0.5434296841120697,0.7282283577266633,0.0116279069767441,0.3897911832946635,0.1066685714471616,1,node+edge,38,0.9194827999963308,1.0566887000495626,spread_resid,ca-HepTh,9
0.7014252361435743,0.872914539000324,0.2093023255813953,0.5846867749419954,0.0769509448986385,2,node,35,0.9111588000014308,1.5736236999910034,spread_resid,ca-HepTh,0
0.7002971243530816,0.8716152535607794,0.1860465116279069,0.5823665893271461,0.0769119937238091,2,node,35,0.9474786999999196,1.5736236999910034,spread_resid,ca-HepTh,1
0.7020162864398141,0.8729997670167753,0.1976744186046511,0.580046403712297,0.0768202808067402,2,node,35,0.9474706999972112,1.5736236999910034,spread_resid,ca-HepTh,2
0.7004715384548066,0.8718740618340423,0.1627906976744186,0.5777262180974478,0.0773933933636805,2,node,35,0.9723783000008552,1.5736236999910034,spread_resid,ca-HepTh,3
0.7009852181917456,0.8725906078587143,0.1744186046511628,0.580046403712297,0.0773964068713566,2,node,35,0.9667801999967196,1.5736236999910034,spread_resid,ca-HepTh,4
0.7001287541426773,0.8711984020368723,0.2093023255813953,0.5939675174013921,0.0775017768349145,2,node,35,0.9670642000055524,1.5736236999910034,spread_resid,ca-HepTh,5
0.7005997319258536,0.8718976576494244,0.1395348837209302,0.5916473317865429,0.0770701580061266,2,node,35,0.948224300002039,1.5736236999910034,spread_resid,ca-HepTh,6
0.7017167636962602,0.8727434219045,0.1976744186046511,0.5916473317865429,0.0768338279602844,2,node,35,0.9186731000008876,1.5736236999910034,spread_resid,ca-HepTh,7
0.7022656245624147,0.8737712652402542,0.2093023255813953,0.580046403712297,0.0770004119248181,2,node,35,0.9465526999993016,1.5736236999910034,spread_resid,ca-HepTh,8
0.7008722513536743,0.8724093750142005,0.1627906976744186,0.5730858468677494,0.0772150803493655,2,node,35,0.9074870000040391,1.5736236999910034,spread_resid,ca-HepTh,9
0.7015333590444528,0.8728978706451929,0.1744186046511628,0.5870069605568445,0.077156570481083,2,node+edge,80,1.3570489999983693,1.8620362999899955,spread_resid,ca-HepTh,0
0.7012992329417868,0.8722026826886261,0.1860465116279069,0.5893271461716937,0.0769003182596685,2,node+edge,80,1.3713175000011688,1.8620362999899955,spread_resid,ca-HepTh,1
0.701913009152879,0.8729530805930422,0.1976744186046511,0.5823665893271461,0.0768728091456308,2,node+edge,80,1.3265242999987097,1.8620362999899955,spread_resid,ca-HepTh,2
0.702365690274704,0.8734882858063047,0.127906976744186,0.5916473317865429,0.0771592038309289,2,node+edge,80,1.3431568000014522,1.8620362999899955,spread_resid,ca-HepTh,3
0.6998885180907541,0.8716742709992388,0.1976744186046511,0.5846867749419954,0.0774934067452905,2,node+edge,80,1.3798659000021871,1.8620362999899955,spread_resid,ca-HepTh,4
0.6997331157760398,0.8712304415317282,0.2093023255813953,0.5846867749419954,0.0774386039386833,2,node+edge,80,1.3211450000017066,1.8620362999899955,spread_resid,ca-HepTh,5
0.7023211608444805,0.8734784624026996,0.1744186046511628,0.5823665893271461,0.0769036079330023,2,node+edge,80,1.328041900000244,1.8620362999899955,spread_resid,ca-HepTh,6
0.7015484653137515,0.8728797160661401,0.1860465116279069,0.5777262180974478,0.0768371905275864,2,node+edge,80,1.4970767000049818,1.8620362999899955,spread_resid,ca-HepTh,7
0.7031896314461302,0.8745257378072866,0.2093023255813953,0.5707656612529002,0.0767977054179062,2,node+edge,80,1.4883297999986098,1.8620362999899955,spread_resid,ca-HepTh,8
0.7014401603397721,0.8727922745496931,0.1744186046511628,0.568445475638051,0.0772640287398924,2,node+edge,80,1.4403698000023724,1.8620362999899955,spread_resid,ca-HepTh,9
0.7013926311646572,0.8728612684114638,0.2209302325581395,0.5846867749419954,0.0773102309444243,2,node+edge+subgraph,144,2.0362408999935724,2.986236299988377,spread_resid,ca-HepTh,0
0.7015703172684867,0.8725558678338207,0.1976744186046511,0.5893271461716937,0.07703224723066,2,node+edge+subgraph,144,1.995005199998559,2.986236299988377,spread_resid,ca-HepTh,1
0.7007892814962002,0.8724922550187164,0.2093023255813953,0.5870069605568445,0.0771932804913275,2,node+edge+subgraph,144,2.023815000000468,2.986236299988377,spread_resid,ca-HepTh,2
0.7010083680398865,0.8723681652332649,0.2093023255813953,0.5707656612529002,0.0775842230189314,2,node+edge+subgraph,144,2.0340482000028715,2.986236299988377,spread_resid,ca-HepTh,3
0.7004328495834639,0.8721519437017357,0.2093023255813953,0.5777262180974478,0.0776536397710927,2,node+edge+subgraph,144,1.993461899997783,2.986236299988377,spread_resid,ca-HepTh,4
0.7007788604262508,0.8718915539554803,0.2093023255813953,0.5870069605568445,0.0774312947311986,2,node+edge+subgraph,144,1.9993019000030472,2.986236299988377,spread_resid,ca-HepTh,5
0.7003993507729417,0.8717122083219561,0.1627906976744186,0.5893271461716937,0.0772646589673732,2,node+edge+subgraph,144,1.9741893999962483,2.986236299988377,spread_resid,ca-HepTh,6
0.7029185621869154,0.8741501292798499,0.1744186046511628,0.5777262180974478,0.0769446056524289,2,node+edge+subgraph,144,2.0179704999973183,2.986236299988377,spread_resid,ca-HepTh,7
0.7018410986076313,0.8731087800717806,0.1627906976744186,0.5661252900232019,0.0772734159812791,2,node+edge+subgraph,144,1.9974038000000287,2.986236299988377,spread_resid,ca-HepTh,8
0.6993914040967248,0.8712092176076562,0.2093023255813953,0.5730858468677494,0.0777487213018784,2,node+edge+subgraph,144,2.0112893000041367,2.986236299988377,spread_resid,ca-HepTh,9
0.7021800255905911,0.873657647335945,0.1627906976744186,0.5846867749419954,0.0770656119973971,2,node+edge+subgraph+dynamic,145,2.0136121999967145,2.986236299988377,spread_resid,ca-HepTh,0
0.7011485069130203,0.8723870344146013,0.2093023255813953,0.5777262180974478,0.0771315820754384,2,node+edge+subgraph+dynamic,145,2.159487899996748,2.986236299988377,spread_resid,ca-HepTh,1
0.7006887357438532,0.8724303543025421,0.1744186046511628,0.5823665893271461,0.077194453180851,2,node+edge+subgraph+dynamic,145,2.2953522999960114,2.986236299988377,spread_resid,ca-HepTh,2
0.7019843243720973,0.8731573273792755,0.1744186046511628,0.5823665893271461,0.0773840934177147,2,node+edge+subgraph+dynamic,145,2.2299455999964266,2.986236299988377,spread_resid,ca-HepTh,3
0.7012413334833791,0.8729891954660866,0.1976744186046511,0.580046403712297,0.0774166355241308,2,node+edge+subgraph+dynamic,145,2.067542000004323,2.986236299988377,spread_resid,ca-HepTh,4
0.7004751118908907,0.8717738796257675,0.1976744186046511,0.5893271461716937,0.0774372429311427,2,node+edge+subgraph+dynamic,145,1.9946943000031752,2.986236299988377,spread_resid,ca-HepTh,5
0.7011741078165473,0.8723080812714049,0.1511627906976744,0.6102088167053364,0.0771928013761388,2,node+edge+subgraph+dynamic,145,2.1127916000041296,2.986236299988377,spread_resid,ca-HepTh,6
0.7017247857403477,0.8733501690711801,0.1627906976744186,0.580046403712297,0.077102622313053,2,node+edge+subgraph+dynamic,145,2.397634200002358,2.986236299988377,spread_resid,ca-HepTh,7
0.7022157974777752,0.8736914735891671,0.1976744186046511,0.568445475638051,0.0770021473906605,2,node+edge+subgraph+dynamic,145,2.1526751999990665,2.986236299988377,spread_resid,ca-HepTh,8
0.6994215854558143,0.8711177287761854,0.2209302325581395,0.5754060324825986,0.0776921749984289,2,node+edge+subgraph+dynamic,145,2.1805314000012004,2.986236299988377,spread_resid,ca-HepTh,9
0.7247375244600653,0.8905033793432837,0.2558139534883721,0.6032482598607889,0.0719296635309861,3,node,45,1.0132768000039505,2.253552099900844,spread_resid,ca-HepTh,0
0.7233577841847931,0.8890578519357293,0.2093023255813953,0.6009280742459396,0.0719827345603893,3,node,45,1.028612299996894,2.253552099900844,spread_resid,ca-HepTh,1
0.7250339061750515,0.8904443417341806,0.2674418604651162,0.5986078886310905,0.0719442467619054,3,node,45,1.0461026999983003,2.253552099900844,spread_resid,ca-HepTh,2
0.7226322763230437,0.8883930944428333,0.2209302325581395,0.5916473317865429,0.0727195052630345,3,node,45,1.067174999996496,2.253552099900844,spread_resid,ca-HepTh,3
0.7230284235327117,0.888685245856538,0.2209302325581395,0.5939675174013921,0.0724904048102338,3,node,45,1.0149434999984803,2.253552099900844,spread_resid,ca-HepTh,4
0.7225552805733066,0.8883657391898138,0.2209302325581395,0.5916473317865429,0.0725910664201653,3,node,45,1.0039999000000537,2.253552099900844,spread_resid,ca-HepTh,5
0.7223939475253386,0.888509878282406,0.1627906976744186,0.6009280742459396,0.072429004381787,3,node,45,1.0572001000036837,2.253552099900844,spread_resid,ca-HepTh,6
0.7235373033587609,0.8890929663038417,0.1976744186046511,0.5962877030162413,0.0725759586883287,3,node,45,1.0255287000036333,2.253552099900844,spread_resid,ca-HepTh,7
0.7240043689451836,0.8899105990627001,0.1976744186046511,0.5962877030162413,0.0722376393590445,3,node,45,0.9955591999969328,2.253552099900844,spread_resid,ca-HepTh,8
0.7227764560290068,0.8888644071314369,0.2093023255813953,0.5846867749419954,0.0724751615524769,3,node,45,0.9819394999940414,2.253552099900844,spread_resid,ca-HepTh,9
0.7257004144370479,0.8908963383515852,0.2325581395348837,0.6078886310904872,0.0719274056945695,3,node+edge,93,1.681873400004406,2.541964699899836,spread_resid,ca-HepTh,0
0.7242746919968049,0.8898116157934484,0.2209302325581395,0.5893271461716937,0.071733858853591,3,node+edge,93,1.616725799998676,2.541964699899836,spread_resid,ca-HepTh,1
0.7243875206936103,0.8900357931244635,0.2441860465116279,0.6009280742459396,0.0722043318267582,3,node+edge,93,1.6150811999978032,2.541964699899836,spread_resid,ca-HepTh,2
0.7244934484579809,0.8896639207327708,0.2325581395348837,0.5986078886310905,0.0723378980932421,3,node+edge,93,1.5007556999989902,2.541964699899836,spread_resid,ca-HepTh,3
0.723976890852312,0.8894862336229711,0.2441860465116279,0.5916473317865429,0.0724327247658461,3,node+edge,93,1.462407599996368,2.541964699899836,spread_resid,ca-HepTh,4
0.723942480526992,0.8896900861835166,0.2441860465116279,0.5916473317865429,0.0724018141073603,3,node+edge,93,1.4539528000022983,2.541964699899836,spread_resid,ca-HepTh,5
0.7239674079016559,0.8894968411563151,0.2093023255813953,0.6009280742459396,0.0722227804241493,3,node+edge,93,1.4767748999947798,2.541964699899836,spread_resid,ca-HepTh,6
0.7252593946225903,0.8903939659772088,0.1976744186046511,0.5939675174013921,0.0721544341481923,3,node+edge,93,1.4508780999967712,2.541964699899836,spread_resid,ca-HepTh,7
0.7254583103659646,0.8906228068910088,0.1976744186046511,0.5916473317865429,0.0720472280307286,3,node+edge,93,1.5213912000035634,2.541964699899836,spread_resid,ca-HepTh,8
0.7246126670237465,0.8898193052686153,0.2209302325581395,0.5939675174013921,0.0722533672191854,3,node+edge,93,1.450367700002971,2.541964699899836,spread_resid,ca-HepTh,9
0.7246161741497112,0.890195656192736,0.2674418604651162,0.5939675174013921,0.0721426507896003,3,node+edge+subgraph,168,2.428921500002616,3.666164699898218,spread_resid,ca-HepTh,0
0.7239945338484637,0.8894271069711502,0.2209302325581395,0.5962877030162413,0.0721413172832628,3,node+edge+subgraph,168,2.4456385000012237,3.666164699898218,spread_resid,ca-HepTh,1
0.7252246662027584,0.8904468132731143,0.2558139534883721,0.5939675174013921,0.0721333247522084,3,node+edge+subgraph,168,2.411748600003193,3.666164699898218,spread_resid,ca-HepTh,2
0.7237069472094142,0.8892153450405584,0.2209302325581395,0.5962877030162413,0.0725297099724353,3,node+edge+subgraph,168,2.391117999999551,3.666164699898218,spread_resid,ca-HepTh,3
0.723224669451029,0.8890349267551285,0.2093023255813953,0.5893271461716937,0.0727105565305852,3,node+edge+subgraph,168,2.391140499996254,3.666164699898218,spread_resid,ca-HepTh,4
0.7251379847628752,0.890382331377306,0.2325581395348837,0.6009280742459396,0.0722043015174982,3,node+edge+subgraph,168,2.549121500000183,3.666164699898218,spread_resid,ca-HepTh,5
0.7241721956847517,0.8894927289009107,0.2209302325581395,0.5939675174013921,0.0722176988998733,3,node+edge+subgraph,168,2.6274295000039274,3.666164699898218,spread_resid,ca-HepTh,6
0.7265336633887953,0.8912748587498842,0.2093023255813953,0.5893271461716937,0.0721082741832679,3,node+edge+subgraph,168,2.5109400000001187,3.666164699898218,spread_resid,ca-HepTh,7
0.7255408799454673,0.8908073082864119,0.2558139534883721,0.5986078886310905,0.0719790939460932,3,node+edge+subgraph,168,2.365777300001355,3.666164699898218,spread_resid,ca-HepTh,8
0.7246892907119077,0.8899890214056639,0.2209302325581395,0.6102088167053364,0.0723971056113727,3,node+edge+subgraph,168,2.3702231999996,3.666164699898218,spread_resid,ca-HepTh,9
0.7264202673191498,0.8913879905412839,0.2441860465116279,0.605568445475638,0.0717961051361397,3,node+edge+subgraph+dynamic,170,2.394389100001717,3.666164699898218,spread_resid,ca-HepTh,0
0.7259897113875575,0.8910969853883125,0.2209302325581395,0.5962877030162413,0.0717342529756707,3,node+edge+subgraph+dynamic,170,2.3792960999999195,3.666164699898218,spread_resid,ca-HepTh,1
0.7254635042007709,0.8907773154966621,0.2441860465116279,0.5962877030162413,0.0720979935500291,3,node+edge+subgraph+dynamic,170,2.363814000003913,3.666164699898218,spread_resid,ca-HepTh,2
0.7241537752251094,0.889355963713764,0.2325581395348837,0.5916473317865429,0.0726631028471513,3,node+edge+subgraph+dynamic,170,2.3154349000033108,3.666164699898218,spread_resid,ca-HepTh,3
0.7242047820666488,0.8894651049009343,0.2558139534883721,0.5870069605568445,0.0724891844994736,3,node+edge+subgraph+dynamic,170,2.363605099999404,3.666164699898218,spread_resid,ca-HepTh,4
0.7245474730314138,0.8900271812565221,0.2093023255813953,0.5916473317865429,0.0723343583166958,3,node+edge+subgraph+dynamic,170,2.3655482000031043,3.666164699898218,spread_resid,ca-HepTh,5
0.724111966570591,0.8893480489846115,0.2441860465116279,0.6009280742459396,0.0722761169443347,3,node+edge+subgraph+dynamic,170,2.400856799999019,3.666164699898218,spread_resid,ca-HepTh,6
0.7251680734666316,0.890252319082363,0.2093023255813953,0.5939675174013921,0.0722724563424131,3,node+edge+subgraph+dynamic,170,2.5761074000038207,3.666164699898218,spread_resid,ca-HepTh,7
0.7263113797873382,0.8914495165436067,0.2325581395348837,0.5939675174013921,0.0717925021268136,3,node+edge+subgraph+dynamic,170,2.626580099997227,3.666164699898218,spread_resid,ca-HepTh,8
0.7254643912137281,0.8907232940182581,0.2325581395348837,0.5939675174013921,0.0720350072276337,3,node+edge+subgraph+dynamic,170,2.489715299998352,3.666164699898218,spread_resid,ca-HepTh,9
0.8994895433980574,0.9847274162446905,0.8837209302325582,0.9164733178654292,0.2190551974262643,1,node+edge+subgraph,56,5.447205700009363,2.1808887000479444,spread_mean,ca-HepTh,0
0.8998419529324239,0.984873248628592,0.8953488372093024,0.9187935034802784,0.22465160401173778,1,node+edge+subgraph,56,1.4880023000005167,2.1808887000479444,spread_mean,ca-HepTh,1
0.8996855941372173,0.9847859334038767,0.872093023255814,0.9095127610208816,0.21592373616529117,1,node+edge+subgraph,56,1.538981599995168,2.1808887000479444,spread_mean,ca-HepTh,2
0.899997272288253,0.9848556149236536,0.8837209302325582,0.9164733178654292,0.22012138135626982,1,node+edge+subgraph,56,1.4715470999944955,2.1808887000479444,spread_mean,ca-HepTh,3
0.9000023349320782,0.9848680358281,0.8953488372093024,0.9118329466357309,0.20977762528738805,1,node+edge+subgraph,56,1.4447691999957897,2.1808887000479444,spread_mean,ca-HepTh,4
0.9000593053535993,0.98490638633011,0.8837209302325582,0.9048723897911833,0.2148530485938495,1,node+edge+subgraph,56,1.5242644000099972,2.1808887000479444,spread_mean,ca-HepTh,5
0.8995061181053486,0.9847217602769993,0.872093023255814,0.9164733178654292,0.21169817648521885,1,node+edge+subgraph,56,1.4533298999886028,2.1808887000479444,spread_mean,ca-HepTh,6
0.8993759706661689,0.9846298501755698,0.8837209302325582,0.91415313225058,0.2141093061736908,1,node+edge+subgraph,56,1.4523257999971975,2.1808887000479444,spread_mean,ca-HepTh,7
0.8997146846716153,0.9847810116253075,0.8837209302325582,0.9187935034802784,0.21651226868640333,1,node+edge+subgraph,56,1.499782700004289,2.1808887000479444,spread_mean,ca-HepTh,8
0.9001431446872181,0.9849232843205435,0.8837209302325582,0.9187935034802784,0.20587263875272108,1,node+edge+subgraph,56,1.4910449000017252,2.1808887000479444,spread_mean,ca-HepTh,9
0.8994895433980574,0.9847274162446905,0.8837209302325582,0.9164733178654292,0.2190551974262643,1,node+edge+subgraph+dynamic,56,1.5717766000016127,2.1808887000479444,spread_mean,ca-HepTh,0
0.8998419529324239,0.984873248628592,0.8953488372093024,0.9187935034802784,0.22465160401173778,1,node+edge+subgraph+dynamic,56,1.5122837999952026,2.1808887000479444,spread_mean,ca-HepTh,1
0.8996855941372173,0.9847859334038767,0.872093023255814,0.9095127610208816,0.21592373616529117,1,node+edge+subgraph+dynamic,56,1.5415131000045221,2.1808887000479444,spread_mean,ca-HepTh,2
0.899997272288253,0.9848556149236536,0.8837209302325582,0.9164733178654292,0.22012138135626982,1,node+edge+subgraph+dynamic,56,1.5034558000043035,2.1808887000479444,spread_mean,ca-HepTh,3
0.9000023349320782,0.9848680358281,0.8953488372093024,0.9118329466357309,0.20977762528738805,1,node+edge+subgraph+dynamic,56,1.6062697999877855,2.1808887000479444,spread_mean,ca-HepTh,4
0.9000593053535993,0.98490638633011,0.8837209302325582,0.9048723897911833,0.2148530485938495,1,node+edge+subgraph+dynamic,56,1.5765184000192676,2.1808887000479444,spread_mean,ca-HepTh,5
0.8995061181053486,0.9847217602769993,0.872093023255814,0.9164733178654292,0.21169817648521885,1,node+edge+subgraph+dynamic,56,1.5234228000044823,2.1808887000479444,spread_mean,ca-HepTh,6
0.8993759706661689,0.9846298501755698,0.8837209302325582,0.91415313225058,0.2141093061736908,1,node+edge+subgraph+dynamic,56,1.5262790999840945,2.1808887000479444,spread_mean,ca-HepTh,7
0.8997146846716153,0.9847810116253075,0.8837209302325582,0.9187935034802784,0.21651226868640333,1,node+edge+subgraph+dynamic,56,1.5236985000083223,2.1808887000479444,spread_mean,ca-HepTh,8
0.9001431446872181,0.9849232843205435,0.8837209302325582,0.9187935034802784,0.20587263875272108,1,node+edge+subgraph+dynamic,56,1.6300404999929015,2.1808887000479444,spread_mean,ca-HepTh,9
0.662631126427329,0.8438830465434654,0.4069767441860465,0.48491879350348027,0.3570193978589056,1,node+edge+subgraph,56,1.8480500000005122,2.1808887000479444,spread_cv,ca-HepTh,0
0.6645581543203805,0.8453601390759388,0.38372093023255816,0.4965197215777262,0.35474271166933236,1,node+edge+subgraph,56,1.7745625000097789,2.1808887000479444,spread_cv,ca-HepTh,1
0.662725331998281,0.8438634162213926,0.3953488372093023,0.48259860788863107,0.3568167387806763,1,node+edge+subgraph,56,1.8338373999868054,2.1808887000479444,spread_cv,ca-HepTh,2
0.6645692273992231,0.8453774993303598,0.4069767441860465,0.48491879350348027,0.3553135711198229,1,node+edge+subgraph,56,1.7183382000075653,2.1808887000479444,spread_cv,ca-HepTh,3
0.661716050963535,0.8430770762616009,0.3953488372093023,0.494199535962877,0.3578405128145269,1,node+edge+subgraph,56,1.743736500007799,2.1808887000479444,spread_cv,ca-HepTh,4
0.662744890284673,0.8436902013588554,0.3953488372093023,0.5034802784222738,0.3565328248467481,1,node+edge+subgraph,56,1.8170118999842089,2.1808887000479444,spread_cv,ca-HepTh,5
0.6627060021458552,0.843916276878561,0.38372093023255816,0.4918793503480278,0.3567289844214748,1,node+edge+subgraph,56,1.718788999976823,2.1808887000479444,spread_cv,ca-HepTh,6
0.6626521260905534,0.8438617938984018,0.4418604651162791,0.5011600928074246,0.3572411473893474,1,node+edge+subgraph,56,1.8621313000039663,2.1808887000479444,spread_cv,ca-HepTh,7
0.6628758303959666,0.8440944193450619,0.3953488372093023,0.5011600928074246,0.35654858841186327,1,node+edge+subgraph,56,1.9638899000128731,2.1808887000479444,spread_cv,ca-HepTh,8
0.6645607351674049,0.8456360445409815,0.38372093023255816,0.4872389791183295,0.3548191032314125,1,node+edge+subgraph,56,1.8602677999879234,2.1808887000479444,spread_cv,ca-HepTh,9
0.662631126427329,0.8438830465434654,0.4069767441860465,0.48491879350348027,0.3570193978589056,1,node+edge+subgraph+dynamic,56,1.8837106999999378,2.1808887000479444,spread_cv,ca-HepTh,0
0.6645581543203805,0.8453601390759388,0.38372093023255816,0.4965197215777262,0.35474271166933236,1,node+edge+subgraph+dynamic,56,1.870937600004254,2.1808887000479444,spread_cv,ca-HepTh,1
0.662725331998281,0.8438634162213926,0.3953488372093023,0.48259860788863107,0.3568167387806763,1,node+edge+subgraph+dynamic,56,1.9174159000103828,2.1808887000479444,spread_cv,ca-HepTh,2
0.6645692273992231,0.8453774993303598,0.4069767441860465,0.48491879350348027,0.3553135711198229,1,node+edge+subgraph+dynamic,56,1.788418099982664,2.1808887000479444,spread_cv,ca-HepTh,3
0.661716050963535,0.8430770762616009,0.3953488372093023,0.494199535962877,0.3578405128145269,1,node+edge+subgraph+dynamic,56,1.8728993000113405,2.1808887000479444,spread_cv,ca-HepTh,4
0.662744890284673,0.8436902013588554,0.3953488372093023,0.5034802784222738,0.3565328248467481,1,node+edge+subgraph+dynamic,56,1.7630307000072207,2.1808887000479444,spread_cv,ca-HepTh,5
0.6627060021458552,0.843916276878561,0.38372093023255816,0.4918793503480278,0.3567289844214748,1,node+edge+subgraph+dynamic,56,1.7875289000221528,2.1808887000479444,spread_cv,ca-HepTh,6
0.6626521260905534,0.8438617938984018,0.4418604651162791,0.5011600928074246,0.3572411473893474,1,node+edge+subgraph+dynamic,56,1.9299016000004485,2.1808887000479444,spread_cv,ca-HepTh,7
0.6628758303959666,0.8440944193450619,0.3953488372093023,0.5011600928074246,0.35654858841186327,1,node+edge+subgraph+dynamic,56,1.9538287000032142,2.1808887000479444,spread_cv,ca-HepTh,8
0.6645607351674049,0.8456360445409815,0.38372093023255816,0.4872389791183295,0.3548191032314125,1,node+edge+subgraph+dynamic,56,1.7241911000164691,2.1808887000479444,spread_cv,ca-HepTh,9
0.5414790170036743,0.7255101720971108,0.011627906976744186,0.38979118329466356,0.10710418744393477,1,node+edge+subgraph,56,1.801380999997491,2.1808887000479444,spread_resid,ca-HepTh,0
0.5404173659245022,0.7245160755050142,0.011627906976744186,0.38979118329466356,0.10731743628836395,1,node+edge+subgraph,56,1.7576903000008315,2.1808887000479444,spread_resid,ca-HepTh,1
0.5412438080722893,0.7252084975021105,0.011627906976744186,0.382830626450116,0.10715289792059363,1,node+edge+subgraph,56,1.712663500016788,2.1808887000479444,spread_resid,ca-HepTh,2
0.5438329845658094,0.7285949078797882,0.011627906976744186,0.382830626450116,0.10680485149545935,1,node+edge+subgraph,56,1.791670000005979,2.1808887000479444,spread_resid,ca-HepTh,3
0.5416069362163932,0.7257267974198531,0.011627906976744186,0.39211136890951276,0.10701189222765149,1,node+edge+subgraph,56,1.8066295999742579,2.1808887000479444,spread_resid,ca-HepTh,4
0.5400833768757111,0.7240789613833885,0.011627906976744186,0.39211136890951276,0.10732799798136274,1,node+edge+subgraph,56,1.736829699977534,2.1808887000479444,spread_resid,ca-HepTh,5
0.5406850558782503,0.7251367693388237,0.011627906976744186,0.3874709976798144,0.10714697123606606,1,node+edge+subgraph,56,1.6837688999949023,2.1808887000479444,spread_resid,ca-HepTh,6
0.5413519462164516,0.7259780204069862,0.011627906976744186,0.3851508120649652,0.10708151601205233,1,node+edge+subgraph,56,1.697928299981868,2.1808887000479444,spread_resid,ca-HepTh,7
0.5431687069420935,0.7275100353288753,0.011627906976744186,0.38979118329466356,0.10672029843513178,1,node+edge+subgraph,56,1.6856011000054423,2.1808887000479444,spread_resid,ca-HepTh,8
0.5422459696434564,0.7269499530351564,0.011627906976744186,0.3874709976798144,0.10685138753778947,1,node+edge+subgraph,56,1.7476179999939632,2.1808887000479444,spread_resid,ca-HepTh,9
0.5414790170036743,0.7255101720971108,0.011627906976744186,0.38979118329466356,0.10710418744393477,1,node+edge+subgraph+dynamic,56,1.8295630000066012,2.1808887000479444,spread_resid,ca-HepTh,0
0.5404173659245022,0.7245160755050142,0.011627906976744186,0.38979118329466356,0.10731743628836395,1,node+edge+subgraph+dynamic,56,1.7197285000002012,2.1808887000479444,spread_resid,ca-HepTh,1
0.5412438080722893,0.7252084975021105,0.011627906976744186,0.382830626450116,0.10715289792059363,1,node+edge+subgraph+dynamic,56,1.7130730999924708,2.1808887000479444,spread_resid,ca-HepTh,2
0.5438329845658094,0.7285949078797882,0.011627906976744186,0.382830626450116,0.10680485149545935,1,node+edge+subgraph+dynamic,56,1.7777282999886665,2.1808887000479444,spread_resid,ca-HepTh,3
0.5416069362163932,0.7257267974198531,0.011627906976744186,0.39211136890951276,0.10701189222765149,1,node+edge+subgraph+dynamic,56,1.7833901999983937,2.1808887000479444,spread_resid,ca-HepTh,4
0.5400833768757111,0.7240789613833885,0.011627906976744186,0.39211136890951276,0.10732799798136274,1,node+edge+subgraph+dynamic,56,1.7823243000020739,2.1808887000479444,spread_resid,ca-HepTh,5
0.5406850558782503,0.7251367693388237,0.011627906976744186,0.3874709976798144,0.10714697123606606,1,node+edge+subgraph+dynamic,56,1.7325200000195764,2.1808887000479444,spread_resid,ca-HepTh,6
0.5413519462164516,0.7259780204069862,0.011627906976744186,0.3851508120649652,0.10708151601205233,1,node+edge+subgraph+dynamic,56,1.7646526000171434,2.1808887000479444,spread_resid,ca-HepTh,7
0.5431687069420935,0.7275100353288753,0.011627906976744186,0.38979118329466356,0.10672029843513178,1,node+edge+subgraph+dynamic,56,1.7822174000029918,2.1808887000479444,spread_resid,ca-HepTh,8
0.5422459696434564,0.7269499530351564,0.011627906976744186,0.3874709976798144,0.10685138753778947,1,node+edge+subgraph+dynamic,56,1.7395650999969803,2.1808887000479444,spread_resid,ca-HepTh,9
0.767331711813637,0.9085562778195109,0.6395348837209303,0.7215777262180975,26415.935270118956,1,node+edge+subgraph,56,1.537352399987867,2.1808887000479444,betweenness,ca-HepTh,0
0.7681031641160505,0.9092784718384985,0.6511627906976745,0.740139211136891,26326.807908585517,1,node+edge+subgraph,56,1.5223835999786388,2.1808887000479444,betweenness,ca-HepTh,1
0.766721356990687,0.9076896742143274,0.6627906976744186,0.7447795823665894,25835.959393885696,1,node+edge+subgraph,56,1.5099683000007644,2.1808887000479444,betweenness,ca-HepTh,2
0.7684296725794474,0.9094356173687026,0.6627906976744186,0.7308584686774942,26397.99665982946,1,node+edge+subgraph,56,1.568796800012933,2.1808887000479444,betweenness,ca-HepTh,3
0.7686614704152023,0.9097449565791794,0.6627906976744186,0.7470997679814385,26986.262466318167,1,node+edge+subgraph,56,1.5316801000153646,2.1808887000479444,betweenness,ca-HepTh,4
0.7683210591989249,0.9088610368965873,0.6627906976744186,0.7308584686774942,25909.58883035995,1,node+edge+subgraph,56,1.5664410000026692,2.1808887000479444,betweenness,ca-HepTh,5
0.7680474195142664,0.9091253143726573,0.686046511627907,0.728538283062645,27052.873559666594,1,node+edge+subgraph,56,1.4888439000060316,2.1808887000479444,betweenness,ca-HepTh,6
0.7670506013581174,0.9085086112084081,0.627906976744186,0.728538283062645,26046.484867704312,1,node+edge+subgraph,56,1.5913268000003882,2.1808887000479444,betweenness,ca-HepTh,7
0.7708413647939614,0.9112048939417031,0.6395348837209303,0.7354988399071926,25681.10291480858,1,node+edge+subgraph,56,1.6599525999918114,2.1808887000479444,betweenness,ca-HepTh,8
0.7679305705457806,0.9087408668527497,0.6511627906976745,0.7331786542923434,26492.051172314863,1,node+edge+subgraph,56,1.5857601999887265,2.1808887000479444,betweenness,ca-HepTh,9
0.767331711813637,0.9085562778195109,0.6395348837209303,0.7215777262180975,26415.935270118956,1,node+edge+subgraph+dynamic,56,1.6256750000175089,2.1808887000479444,betweenness,ca-HepTh,0
0.7681031641160505,0.9092784718384985,0.6511627906976745,0.740139211136891,26326.807908585517,1,node+edge+subgraph+dynamic,56,1.5955246999801602,2.1808887000479444,betweenness,ca-HepTh,1
0.766721356990687,0.9076896742143274,0.6627906976744186,0.7447795823665894,25835.959393885696,1,node+edge+subgraph+dynamic,56,1.4855405999987852,2.1808887000479444,betweenness,ca-HepTh,2
0.7684296725794474,0.9094356173687026,0.6627906976744186,0.7308584686774942,26397.99665982946,1,node+edge+subgraph+dynamic,56,1.54461439998704,2.1808887000479444,betweenness,ca-HepTh,3
0.7686614704152023,0.9097449565791794,0.6627906976744186,0.7470997679814385,26986.262466318167,1,node+edge+subgraph+dynamic,56,1.4998771999962628,2.1808887000479444,betweenness,ca-HepTh,4
0.7683210591989249,0.9088610368965873,0.6627906976744186,0.7308584686774942,25909.58883035995,1,node+edge+subgraph+dynamic,56,1.540330100018764,2.1808887000479444,betweenness,ca-HepTh,5
0.7680474195142664,0.9091253143726573,0.686046511627907,0.728538283062645,27052.873559666594,1,node+edge+subgraph+dynamic,56,1.5426039000158198,2.1808887000479444,betweenness,ca-HepTh,6
0.7670506013581174,0.9085086112084081,0.627906976744186,0.728538283062645,26046.484867704312,1,node+edge+subgraph+dynamic,56,1.5519259000138845,2.1808887000479444,betweenness,ca-HepTh,7
0.7708413647939614,0.9112048939417031,0.6395348837209303,0.7354988399071926,25681.10291480858,1,node+edge+subgraph+dynamic,56,1.538605700014159,2.1808887000479444,betweenness,ca-HepTh,8
0.7679305705457806,0.9087408668527497,0.6511627906976745,0.7331786542923434,26492.051172314863,1,node+edge+subgraph+dynamic,56,1.5261090000276454,2.1808887000479444,betweenness,ca-HepTh,9
