kendall_tau,spearman,precision_at_1pct,precision_at_5pct,rmse,radius,richness,n_features,fit_seconds,feature_seconds,target,network,seed
0.682478955244277,0.8480807087913539,0.525,0.6368159203980099,13.095929536071106,0,node,2,0.0370324000032269,4.180000178166665e-05,spread_mean,facebook_combined,0
0.6856138185798998,0.849856059627977,0.5,0.6417910447761194,12.911205027896802,0,node,2,0.0270917000016197,4.180000178166665e-05,spread_mean,facebook_combined,1
0.6872498975095068,0.8510239227718761,0.425,0.6467661691542289,12.917750312484984,0,node,2,0.0250249000018811,4.180000178166665e-05,spread_mean,facebook_combined,2
0.6850763683816026,0.8487484381362697,0.425,0.6467661691542289,12.88975476699415,0,node,2,0.0274645999961649,4.180000178166665e-05,spread_mean,facebook_combined,3
0.6728750690357288,0.8413842209954949,0.225,0.6268656716417911,13.653723937666513,0,node,2,0.027583200004301,4.180000178166665e-05,spread_mean,facebook_combined,4
0.6861367863986102,0.8498103079388895,0.525,0.6417910447761194,12.915777887720742,0,node,2,0.0289754999976139,4.180000178166665e-05,spread_mean,facebook_combined,5
0.6847214008439421,0.8492610260737593,0.5,0.6368159203980099,12.92753947330098,0,node,2,0.0262672999961068,4.180000178166665e-05,spread_mean,facebook_combined,6
0.6844743869239202,0.849072621921715,0.425,0.6318407960199005,12.98953949960427,0,node,2,0.0265076999930897,4.180000178166665e-05,spread_mean,facebook_combined,7
0.6820392723750001,0.8477163434222864,0.4,0.6268656716417911,13.119077113747435,0,node,2,0.0258579999936046,4.180000178166665e-05,spread_mean,facebook_combined,8
0.6741842700393592,0.8426378676985957,0.35,0.6368159203980099,13.713148790955255,0,node,2,0.0247861000025295,4.180000178166665e-05,spread_mean,facebook_combined,9
0.682478955244277,0.8480807087913539,0.525,0.6368159203980099,13.095929536071106,0,node+edge,2,0.0436363999979221,4.180000178166665e-05,spread_mean,facebook_combined,0
0.6856138185798998,0.849856059627977,0.5,0.6417910447761194,12.911205027896802,0,node+edge,2,0.0422563000029185,4.180000178166665e-05,spread_mean,facebook_combined,1
0.6872498975095068,0.8510239227718761,0.425,0.6467661691542289,12.917750312484984,0,node+edge,2,0.0419175999995786,4.180000178166665e-05,spread_mean,facebook_combined,2
0.6850763683816026,0.8487484381362697,0.425,0.6467661691542289,12.88975476699415,0,node+edge,2,0.0442837000009603,4.180000178166665e-05,spread_mean,facebook_combined,3
0.6728750690357288,0.8413842209954949,0.225,0.6268656716417911,13.653723937666513,0,node+edge,2,0.042861100002483,4.180000178166665e-05,spread_mean,facebook_combined,4
0.6861367863986102,0.8498103079388895,0.525,0.6417910447761194,12.915777887720742,0,node+edge,2,0.0420910000029834,4.180000178166665e-05,spread_mean,facebook_combined,5
0.6847214008439421,0.8492610260737593,0.5,0.6368159203980099,12.92753947330098,0,node+edge,2,0.0420543000000179,4.180000178166665e-05,spread_mean,facebook_combined,6
0.6844743869239202,0.849072621921715,0.425,0.6318407960199005,12.98953949960427,0,node+edge,2,0.0432877999992342,4.180000178166665e-05,spread_mean,facebook_combined,7
0.6820392723750001,0.8477163434222864,0.4,0.6268656716417911,13.119077113747435,0,node+edge,2,0.0413735999973141,4.180000178166665e-05,spread_mean,facebook_combined,8
0.6741842700393592,0.8426378676985957,0.35,0.6368159203980099,13.713148790955255,0,node+edge,2,0.0434674999996786,4.180000178166665e-05,spread_mean,facebook_combined,9
0.682478955244277,0.8480807087913539,0.525,0.6368159203980099,13.095929536071106,0,node+edge+subgraph,2,0.0411803000024519,4.180000178166665e-05,spread_mean,facebook_combined,0
0.6856138185798998,0.849856059627977,0.5,0.6417910447761194,12.911205027896802,0,node+edge+subgraph,2,0.043658199996571,4.180000178166665e-05,spread_mean,facebook_combined,1
0.6872498975095068,0.8510239227718761,0.425,0.6467661691542289,12.917750312484984,0,node+edge+subgraph,2,0.0470521000024746,4.180000178166665e-05,spread_mean,facebook_combined,2
0.6850763683816026,0.8487484381362697,0.425,0.6467661691542289,12.88975476699415,0,node+edge+subgraph,2,0.0458715999993728,4.180000178166665e-05,spread_mean,facebook_combined,3
0.6728750690357288,0.8413842209954949,0.225,0.6268656716417911,13.653723937666513,0,node+edge+subgraph,2,0.0507735999999567,4.180000178166665e-05,spread_mean,facebook_combined,4
0.6861367863986102,0.8498103079388895,0.525,0.6417910447761194,12.915777887720742,0,node+edge+subgraph,2,0.0408122999942861,4.180000178166665e-05,spread_mean,facebook_combined,5
0.6847214008439421,0.8492610260737593,0.5,0.6368159203980099,12.92753947330098,0,node+edge+subgraph,2,0.0399563000028138,4.180000178166665e-05,spread_mean,facebook_combined,6
0.6844743869239202,0.849072621921715,0.425,0.6318407960199005,12.98953949960427,0,node+edge+subgraph,2,0.0424259999999776,4.180000178166665e-05,spread_mean,facebook_combined,7
0.6820392723750001,0.8477163434222864,0.4,0.6268656716417911,13.119077113747435,0,node+edge+subgraph,2,0.0402769999927841,4.180000178166665e-05,spread_mean,facebook_combined,8
0.6741842700393592,0.8426378676985957,0.35,0.6368159203980099,13.713148790955255,0,node+edge+subgraph,2,0.0417207999998936,4.180000178166665e-05,spread_mean,facebook_combined,9
0.682478955244277,0.8480807087913539,0.525,0.6368159203980099,13.095929536071106,0,node+edge+subgraph+dynamic,2,0.043110999999044,4.180000178166665e-05,spread_mean,facebook_combined,0
0.6856138185798998,0.849856059627977,0.5,0.6417910447761194,12.911205027896802,0,node+edge+subgraph+dynamic,2,0.0406202999947709,4.180000178166665e-05,spread_mean,facebook_combined,1
0.6872498975095068,0.8510239227718761,0.425,0.6467661691542289,12.917750312484984,0,node+edge+subgraph+dynamic,2,0.0422936000031768,4.180000178166665e-05,spread_mean,facebook_combined,2
0.6850763683816026,0.8487484381362697,0.425,0.6467661691542289,12.88975476699415,0,node+edge+subgraph+dynamic,2,0.0421869999991031,4.180000178166665e-05,spread_mean,facebook_combined,3
0.6728750690357288,0.8413842209954949,0.225,0.6268656716417911,13.653723937666513,0,node+edge+subgraph+dynamic,2,0.0452145999952335,4.180000178166665e-05,spread_mean,facebook_combined,4
0.6861367863986102,0.8498103079388895,0.525,0.6417910447761194,12.915777887720742,0,node+edge+subgraph+dynamic,2,0.0424153999992995,4.180000178166665e-05,spread_mean,facebook_combined,5
0.6847214008439421,0.8492610260737593,0.5,0.6368159203980099,12.92753947330098,0,node+edge+subgraph+dynamic,2,0.0429891000021598,4.180000178166665e-05,spread_mean,facebook_combined,6
0.6844743869239202,0.849072621921715,0.425,0.6318407960199005,12.98953949960427,0,node+edge+subgraph+dynamic,2,0.0403850000002421,4.180000178166665e-05,spread_mean,facebook_combined,7
0.6820392723750001,0.8477163434222864,0.4,0.6268656716417911,13.119077113747435,0,node+edge+subgraph+dynamic,2,0.0407065999970654,4.180000178166665e-05,spread_mean,facebook_combined,8
0.6741842700393592,0.8426378676985957,0.35,0.6368159203980099,13.713148790955255,0,node+edge+subgraph+dynamic,2,0.0433963000032235,4.180000178166665e-05,spread_mean,facebook_combined,9
0.4746283664743461,0.627895318977138,0.775,0.9502487562189056,3.6119303930326794,1,node,17,0.1210085999991861,1.836423400018248,spread_mean,facebook_combined,0
0.4813529378564213,0.6357492264480693,0.75,0.9502487562189056,3.822599192635189,1,node,17,0.1415439999982481,1.836423400018248,spread_mean,facebook_combined,1
0.4749978175344717,0.6282899453555691,0.775,0.9502487562189056,3.8167984361575646,1,node,17,0.1327960999988136,1.836423400018248,spread_mean,facebook_combined,2
0.4798365575755628,0.6339287229706229,0.775,0.945273631840796,3.822339672765152,1,node,17,0.1011282000035862,1.836423400018248,spread_mean,facebook_combined,3
0.4721830237466851,0.6248837820371772,0.775,0.9502487562189056,3.733057519526049,1,node,17,0.1049277999991318,1.836423400018248,spread_mean,facebook_combined,4
0.4774250067652332,0.6310279360768396,0.75,0.9402985074626866,3.855290670685165,1,node,17,0.1033830000014859,1.836423400018248,spread_mean,facebook_combined,5
0.4785969642169768,0.6328785444604375,0.775,0.9402985074626866,3.794821540995153,1,node,17,0.120354300001054,1.836423400018248,spread_mean,facebook_combined,6
0.4764190563976886,0.6299388271769034,0.775,0.9552238805970148,3.624605531750273,1,node,17,0.1278212000033818,1.836423400018248,spread_mean,facebook_combined,7
0.4762576162919844,0.6300740415007167,0.775,0.945273631840796,3.5991557385548094,1,node,17,0.1206965999954263,1.836423400018248,spread_mean,facebook_combined,8
0.4761955630545419,0.6296682053087894,0.775,0.9402985074626866,3.592910050823492,1,node,17,0.1021758000060799,1.836423400018248,spread_mean,facebook_combined,9
0.5543823569649193,0.7164979682985284,0.65,0.9900497512437813,2.2307020517297707,1,node+edge,38,0.1658627999931923,2.849816000019928,spread_mean,facebook_combined,0
0.5526627561409574,0.7143596345419752,0.65,0.9900497512437813,2.353159445408018,1,node+edge,38,0.1666953000021749,2.849816000019928,spread_mean,facebook_combined,1
0.5549448209705882,0.7175992652292373,0.6,0.9950248756218906,2.3623560491999456,1,node+edge,38,0.172676499998488,2.849816000019928,spread_mean,facebook_combined,2
0.5541993371020316,0.7163132586727408,0.625,0.9900497512437813,2.379614266270957,1,node+edge,38,0.1777092999982414,2.849816000019928,spread_mean,facebook_combined,3
0.5488165489459815,0.7090541971766693,0.6,0.9950248756218906,4.471734999311527,1,node+edge,38,0.1726868999976432,2.849816000019928,spread_mean,facebook_combined,4
0.5543746369749859,0.7169384135050506,0.625,0.9950248756218906,2.346169689881748,1,node+edge,38,0.1658326999968267,2.849816000019928,spread_mean,facebook_combined,5
0.5499651568693976,0.7127786053683621,0.625,0.9900497512437813,2.326325865049268,1,node+edge,38,0.1799537000042619,2.849816000019928,spread_mean,facebook_combined,6
0.5540499131455953,0.715827519467026,0.625,0.9900497512437813,2.227522877540625,1,node+edge,38,0.1764720999999554,2.849816000019928,spread_mean,facebook_combined,7
0.5546612686262424,0.7170724535539039,0.625,0.9900497512437813,2.239748437081815,1,node+edge,38,0.1821877000038512,2.849816000019928,spread_mean,facebook_combined,8
0.5461850147745643,0.7056551778620589,0.6,0.9950248756218906,6.584521663176031,1,node+edge,38,0.1672361000019009,2.849816000019928,spread_mean,facebook_combined,9
0.6510719417850114,0.8139792854503268,0.875,1.0,1.5826933716578258,2,node,35,0.1860436999995727,3.628884799938533,spread_mean,facebook_combined,0
0.6432933643671476,0.8073759166310448,0.85,1.0,1.3718225810104658,2,node,35,0.1727738999979919,3.628884799938533,spread_mean,facebook_combined,1
0.6463213414259377,0.8103971686501524,0.85,1.0,1.421502366779128,2,node,35,0.175601100003405,3.628884799938533,spread_mean,facebook_combined,2
0.644868035369367,0.8089418796855581,0.85,1.0,1.3543034849566014,2,node,35,0.1676535000005969,3.628884799938533,spread_mean,facebook_combined,3
0.6476374878194898,0.8113562402055639,0.85,1.0,1.886237263288348,2,node,35,0.1720779999959631,3.628884799938533,spread_mean,facebook_combined,4
0.6466422371772632,0.8103203142023556,0.85,1.0,1.3685082259592871,2,node,35,0.1796013000057428,3.628884799938533,spread_mean,facebook_combined,5
0.6452623459974872,0.809295665322828,0.875,1.0,1.401137272746836,2,node,35,0.1792924000037601,3.628884799938533,spread_mean,facebook_combined,6
0.6451707337946911,0.8088931759012451,0.875,1.0,1.572933752156655,2,node,35,0.1796645000067656,3.628884799938533,spread_mean,facebook_combined,7
0.6481342955543946,0.811606230473456,0.875,1.0,1.543444801849067,2,node,35,0.1776373000029707,3.628884799938533,spread_mean,facebook_combined,8
0.6461056739169462,0.8095549302678955,0.85,1.0,3.041620031866012,2,node,35,0.1736457000006339,3.628884799938533,spread_mean,facebook_combined,9
0.7360535646169185,0.887434533463893,0.85,0.9950248756218906,1.5430107507604232,2,node+edge,80,0.4987158000003546,4.6422773999402125,spread_mean,facebook_combined,0
0.7475326491511998,0.8950255933127035,0.875,1.0,1.2323730840193172,2,node+edge,80,0.4991948000024422,4.6422773999402125,spread_mean,facebook_combined,1
0.75404132409957,0.8993916019672796,0.85,1.0,1.412421989325198,2,node+edge,80,0.4952123999973992,4.6422773999402125,spread_mean,facebook_combined,2
0.7492261287556429,0.8959322337252736,0.825,1.0,1.5386053898431955,2,node+edge,80,0.4859493000039947,4.6422773999402125,spread_mean,facebook_combined,3
0.739569428358461,0.8890844762958893,0.875,1.0,1.1472862679944456,2,node+edge,80,0.4761343999998644,4.6422773999402125,spread_mean,facebook_combined,4
0.7487799529493161,0.8949734820352561,0.85,1.0,1.6077317035772902,2,node+edge,80,0.4851315000050817,4.6422773999402125,spread_mean,facebook_combined,5
0.7403234831896457,0.8893365575233543,0.85,1.0,1.25086559102144,2,node+edge,80,0.4777162000027601,4.6422773999402125,spread_mean,facebook_combined,6
0.7369939149835133,0.8876020372423166,0.85,0.9950248756218906,1.5488058805936655,2,node+edge,80,0.4876892000029329,4.6422773999402125,spread_mean,facebook_combined,7
0.7331620745291823,0.8838571090956857,0.85,0.9950248756218906,1.5843029992064628,2,node+edge,80,0.4853184999956283,4.6422773999402125,spread_mean,facebook_combined,8
0.7442001872881467,0.8907892351394097,0.825,0.9950248756218906,8.23729149447287,2,node+edge,80,0.4847104000000399,4.6422773999402125,spread_mean,facebook_combined,9
0.8263172893203755,0.9471348641778004,0.825,0.9950248756218906,1.1918762293780862,2,node+edge+subgraph,144,1.019723099998373,240.36142989994187,spread_mean,facebook_combined,0
0.8454583518216713,0.956512831671526,0.825,0.9950248756218906,1.4213594412047612,2,node+edge+subgraph,144,1.0089869999937946,240.36142989994187,spread_mean,facebook_combined,1
0.8354641241811703,0.9508965964708866,0.85,1.0,1.7362385231486053,2,node+edge+subgraph,144,1.013829600000463,240.36142989994187,spread_mean,facebook_combined,2
0.8366849336970084,0.9520069304126,0.825,1.0,1.5099103673016496,2,node+edge+subgraph,144,1.0044641000058618,240.36142989994187,spread_mean,facebook_combined,3
0.8231760364081796,0.9437176324340076,0.825,0.9950248756218906,2.2195739623336914,2,node+edge+subgraph,144,1.014580400005798,240.36142989994187,spread_mean,facebook_combined,4
0.8306535378178721,0.949191099089855,0.8,0.9950248756218906,1.3258986759931264,2,node+edge+subgraph,144,1.019481100003759,240.36142989994187,spread_mean,facebook_combined,5
0.8368085095674068,0.952981465799254,0.8,0.9950248756218906,0.9202368780065872,2,node+edge+subgraph,144,1.019086200001766,240.36142989994187,spread_mean,facebook_combined,6
0.8464021117648095,0.956679225467608,0.8,0.9950248756218906,2.3722067050616977,2,node+edge+subgraph,144,1.0209328999990248,240.36142989994187,spread_mean,facebook_combined,7
0.834728151132738,0.9504518351985484,0.85,1.0,1.876221922920157,2,node+edge+subgraph,144,1.0040911000032793,240.36142989994187,spread_mean,facebook_combined,8
0.8299826234129511,0.948542853745822,0.825,0.9900497512437813,18.071638945620816,2,node+edge+subgraph,144,1.0050008999969575,240.36142989994187,spread_mean,facebook_combined,9
0.8263314855840622,0.9471465957745496,0.825,0.9950248756218906,1.1923259718341417,2,node+edge+subgraph+dynamic,145,1.041529999994964,240.36142989994187,spread_mean,facebook_combined,0
0.8438670423126398,0.9556041587219312,0.825,1.0,1.2739788468672542,2,node+edge+subgraph+dynamic,145,1.0147236999982852,240.36142989994187,spread_mean,facebook_combined,1
0.8354679770868424,0.95090110614584,0.85,1.0,1.736124335375275,2,node+edge+subgraph+dynamic,145,0.9716270999997504,240.36142989994187,spread_mean,facebook_combined,2
0.8367058529499193,0.952015613892725,0.825,1.0,1.5097640004126285,2,node+edge+subgraph+dynamic,145,1.013354900002014,240.36142989994187,spread_mean,facebook_combined,3
0.8231954848846403,0.9437295015273918,0.825,0.9950248756218906,2.2425441328736886,2,node+edge+subgraph+dynamic,145,0.985307200004172,240.36142989994187,spread_mean,facebook_combined,4
0.8306717594779208,0.94919826044934,0.8,0.9950248756218906,1.3255166607596816,2,node+edge+subgraph+dynamic,145,1.0315545999983442,240.36142989994187,spread_mean,facebook_combined,5
0.8368255045026878,0.9529930369445972,0.8,0.9950248756218906,0.9196126973208932,2,node+edge+subgraph+dynamic,145,0.9992808000024525,240.36142989994187,spread_mean,facebook_combined,6
0.8464021117648095,0.956674925866856,0.8,0.9950248756218906,2.370954734095541,2,node+edge+subgraph+dynamic,145,0.9937846000029822,240.36142989994187,spread_mean,facebook_combined,7
0.8347359592136689,0.9504579062777986,0.85,1.0,1.8763920356491184,2,node+edge+subgraph+dynamic,145,1.162332799998694,240.36142989994187,spread_mean,facebook_combined,8
0.8299959096806627,0.9485506051910316,0.825,0.9900497512437813,18.096021503788112,2,node+edge+subgraph+dynamic,145,1.2089682000005268,240.36142989994187,spread_mean,facebook_combined,9
0.6715661708891333,0.8310598474402633,0.85,1.0,1.809611038578438,3,node,45,0.3360845999995945,5.6599381999149045,spread_mean,facebook_combined,0
0.6602651273699441,0.8192907188524858,0.825,1.0,1.4389318818720958,3,node,45,0.3351144000043859,5.6599381999149045,spread_mean,facebook_combined,1
0.6625160090568795,0.8222873214809502,0.875,1.0,1.5274662043533322,3,node,45,0.323701200002688,5.6599381999149045,spread_mean,facebook_combined,2
0.6578266153971719,0.8182376964641351,0.875,1.0,1.424368958858121,3,node,45,0.3288734999950975,5.6599381999149045,spread_mean,facebook_combined,3
0.6642029323985693,0.824863058517294,0.8,1.0,1.941585760261595,3,node,45,0.336426299996674,5.6599381999149045,spread_mean,facebook_combined,4
0.6642744294280805,0.8235699941858317,0.9,1.0,1.4586037775032004,3,node,45,0.3279639000029419,5.6599381999149045,spread_mean,facebook_combined,5
0.664205671549652,0.8239044617901476,0.875,1.0,1.44293787587538,3,node,45,0.3089334000032977,5.6599381999149045,spread_mean,facebook_combined,6
0.6606769341366604,0.8202890330803063,0.875,1.0,1.763057923260453,3,node,45,0.3136038999946322,5.6599381999149045,spread_mean,facebook_combined,7
0.6623891233944256,0.8221521398904895,0.825,1.0,1.7251961808388792,3,node,45,0.310852700000396,5.6599381999149045,spread_mean,facebook_combined,8
0.6604482235203204,0.8192921574071796,0.85,0.9950248756218906,3.975028152439223,3,node,45,0.3176290999981574,5.6599381999149045,spread_mean,facebook_combined,9
0.7582947358229031,0.9022296244312074,0.85,0.9950248756218906,1.7312255234830876,3,node+edge,93,0.6719790999995894,6.6733307999165845,spread_mean,facebook_combined,0
0.7620492731768576,0.9042301651978604,0.85,1.0,1.17053085714307,3,node+edge,93,0.6674721999952453,6.6733307999165845,spread_mean,facebook_combined,1
0.7675769263152077,0.90712630418078,0.85,1.0,1.3741255507943213,3,node+edge,93,0.6232473000054597,6.6733307999165845,spread_mean,facebook_combined,2
0.7644123818744759,0.9055533727811836,0.825,1.0,1.482480440598712,3,node+edge,93,0.6110871999990195,6.6733307999165845,spread_mean,facebook_combined,3
0.762821908090058,0.9038276902695284,0.825,0.9950248756218906,0.9950061484448376,3,node+edge,93,0.5973005000050762,6.6733307999165845,spread_mean,facebook_combined,4
0.7599655672995004,0.901198537581114,0.85,1.0,1.47016016993043,3,node+edge,93,0.5990134000021499,6.6733307999165845,spread_mean,facebook_combined,5
0.7638248094892643,0.9042953337350178,0.825,1.0,1.3777675771430171,3,node+edge,93,0.5999125000016647,6.6733307999165845,spread_mean,facebook_combined,6
0.7555779084973209,0.899809839846434,0.85,0.9950248756218906,1.7217632588473823,3,node+edge,93,0.6048882999966736,6.6733307999165845,spread_mean,facebook_combined,7
0.7492236305167197,0.893729012405094,0.85,0.9950248756218906,1.7845511953578383,3,node+edge,93,0.6052836000017123,6.6733307999165845,spread_mean,facebook_combined,8
0.7643739323413432,0.903334730573816,0.8,0.9950248756218906,7.661835188243785,3,node+edge,93,0.6049226999966777,6.6733307999165845,spread_mean,facebook_combined,9
0.9121588295310268,0.9864289787213942,0.85,1.0,0.4762992116927122,3,node+edge+subgraph,168,1.2145454000055906,242.39248329991824,spread_mean,facebook_combined,0
0.9123016021525788,0.9870971223719504,0.825,1.0,0.4569534748081132,3,node+edge+subgraph,168,1.2046872999999323,242.39248329991824,spread_mean,facebook_combined,1
0.910864309439399,0.985327540485374,0.825,1.0,1.8572314357361457,3,node+edge+subgraph,168,1.206937900002231,242.39248329991824,spread_mean,facebook_combined,2
0.9108541647256754,0.9866694228342576,0.825,1.0,0.4909335791181469,3,node+edge+subgraph,168,1.1833599000019603,242.39248329991824,spread_mean,facebook_combined,3
0.9084852941329498,0.9857249381641424,0.825,0.9950248756218906,2.450584991059676,3,node+edge+subgraph,168,1.1921719000019948,242.39248329991824,spread_mean,facebook_combined,4
0.914278329020486,0.9871989303670764,0.825,1.0,0.6367136533009164,3,node+edge+subgraph,168,1.1952127000040491,242.39248329991824,spread_mean,facebook_combined,5
0.9201347912627929,0.9886823708367216,0.825,1.0,0.4474987383711706,3,node+edge+subgraph,168,1.186885800001619,242.39248329991824,spread_mean,facebook_combined,6
0.9127731891716536,0.986893007170956,0.825,1.0,0.7446257597301807,3,node+edge+subgraph,168,1.1870172999988426,242.39248329991824,spread_mean,facebook_combined,7
0.9136166581943193,0.9872811858097742,0.85,1.0,0.4690082814187944,3,node+edge+subgraph,168,1.1798858000038308,242.39248329991824,spread_mean,facebook_combined,8
0.9081562878641674,0.9857264209740988,0.8,0.9900497512437813,7.905998824763999,3,node+edge+subgraph,168,1.1821522000027471,242.39248329991824,spread_mean,facebook_combined,9
0.9070073238883049,0.9853255722935864,0.85,1.0,0.4383602682843079,3,node+edge+subgraph+dynamic,170,1.2028161999987788,242.39248329991824,spread_mean,facebook_combined,0
0.9122754916893984,0.98708719455428,0.825,1.0,0.4566188287922474,3,node+edge+subgraph+dynamic,170,1.2109864000012749,242.39248329991824,spread_mean,facebook_combined,1
0.9108546103533172,0.9853191488996595,0.825,1.0,1.8933896894375688,3,node+edge+subgraph+dynamic,170,1.1947910000017146,242.39248329991824,spread_mean,facebook_combined,2
0.910839872298038,0.9866628747679296,0.825,1.0,0.4912443441612252,3,node+edge+subgraph+dynamic,170,1.2030032000038773,242.39248329991824,spread_mean,facebook_combined,3
0.90845298545016,0.9857143504309404,0.825,0.9950248756218906,2.465129162007127,3,node+edge+subgraph+dynamic,170,1.1920906999948784,242.39248329991824,spread_mean,facebook_combined,4
0.9142552526356784,0.9871845984509664,0.825,1.0,0.6365135605550781,3,node+edge+subgraph+dynamic,170,1.196646200005489,242.39248329991824,spread_mean,facebook_combined,5
0.9201363290978644,0.9886872514951688,0.825,1.0,0.4476091857508408,3,node+edge+subgraph+dynamic,170,1.1859044000011636,242.39248329991824,spread_mean,facebook_combined,6
0.9127596326665912,0.9868879612382474,0.825,1.0,0.7421891140258552,3,node+edge+subgraph+dynamic,170,1.175760199999786,242.39248329991824,spread_mean,facebook_combined,7
0.913606157018982,0.987274270995848,0.85,1.0,0.4743623798094233,3,node+edge+subgraph+dynamic,170,1.1921373000004678,242.39248329991824,spread_mean,facebook_combined,8
0.9081145694870436,0.9857037951816152,0.8,0.9900497512437813,7.913829154765985,3,node+edge+subgraph+dynamic,170,1.2235093000053894,242.39248329991824,spread_mean,facebook_combined,9
-0.0939774309071188,-0.1788399494718083,0.05,0.0945273631840796,1.4757049600765666,0,node,2,0.065028600001824,4.180000178166665e-05,spread_cv,facebook_combined,0
-0.0934862145857226,-0.1809166106150694,0.075,0.0646766169154228,1.4764387938134749,0,node,2,0.0499949999939417,4.180000178166665e-05,spread_cv,facebook_combined,1
-0.0925654007550876,-0.1794072221057465,0.025,0.099502487562189,1.4766919655294986,0,node,2,0.0520739999992656,4.180000178166665e-05,spread_cv,facebook_combined,2
-0.0943103529668802,-0.1799045554505185,0.075,0.0696517412935323,1.4757441723037954,0,node,2,0.0486365000033401,4.180000178166665e-05,spread_cv,facebook_combined,3
-0.0932852030452645,-0.177356281919414,0.025,0.1094527363184079,1.476456861084716,0,node,2,0.0456042000005254,4.180000178166665e-05,spread_cv,facebook_combined,4
-0.0939811778890434,-0.1785683349601743,0.05,0.0646766169154228,1.4758083829887196,0,node,2,0.0417688999950769,4.180000178166665e-05,spread_cv,facebook_combined,5
-0.0949422519018391,-0.182204955174345,0.05,0.0746268656716417,1.476761438245013,0,node,2,0.0496191999991424,4.180000178166665e-05,spread_cv,facebook_combined,6
-0.0921093916373105,-0.1765029608667182,0.025,0.0895522388059701,1.476188283273922,0,node,2,0.0405404999983147,4.180000178166665e-05,spread_cv,facebook_combined,7
-0.0943026027178098,-0.1782829413489727,0.025,0.0746268656716417,1.4756966302965446,0,node,2,0.0410617999950773,4.180000178166665e-05,spread_cv,facebook_combined,8
-0.0929100415308664,-0.1791609780520272,0.175,0.099502487562189,1.476870155230645,0,node,2,0.0408040999973309,4.180000178166665e-05,spread_cv,facebook_combined,9
-0.0939774309071188,-0.1788399494718083,0.05,0.0945273631840796,1.4757049600765666,0,node+edge,2,0.0572048000030918,4.180000178166665e-05,spread_cv,facebook_combined,0
-0.0934862145857226,-0.1809166106150694,0.075,0.0646766169154228,1.4764387938134749,0,node+edge,2,0.0389094999991357,4.180000178166665e-05,spread_cv,facebook_combined,1
-0.0925654007550876,-0.1794072221057465,0.025,0.099502487562189,1.4766919655294986,0,node+edge,2,0.040577799998573,4.180000178166665e-05,spread_cv,facebook_combined,2
-0.0943103529668802,-0.1799045554505185,0.075,0.0696517412935323,1.4757441723037954,0,node+edge,2,0.0388687000013305,4.180000178166665e-05,spread_cv,facebook_combined,3
-0.0932852030452645,-0.177356281919414,0.025,0.1094527363184079,1.476456861084716,0,node+edge,2,0.0413482999938423,4.180000178166665e-05,spread_cv,facebook_combined,4
-0.0939811778890434,-0.1785683349601743,0.05,0.0646766169154228,1.4758083829887196,0,node+edge,2,0.0488744000031147,4.180000178166665e-05,spread_cv,facebook_combined,5
-0.0949422519018391,-0.182204955174345,0.05,0.0746268656716417,1.476761438245013,0,node+edge,2,0.0431916999950772,4.180000178166665e-05,spread_cv,facebook_combined,6
-0.0921093916373105,-0.1765029608667182,0.025,0.0895522388059701,1.476188283273922,0,node+edge,2,0.0417922999986331,4.180000178166665e-05,spread_cv,facebook_combined,7
-0.0943026027178098,-0.1782829413489727,0.025,0.0746268656716417,1.4756966302965446,0,node+edge,2,0.044719299999997,4.180000178166665e-05,spread_cv,facebook_combined,8
-0.0929100415308664,-0.1791609780520272,0.175,0.099502487562189,1.476870155230645,0,node+edge,2,0.0393763999963994,4.180000178166665e-05,spread_cv,facebook_combined,9
-0.0939774309071188,-0.1788399494718083,0.05,0.0945273631840796,1.4757049600765666,0,node+edge+subgraph,2,0.0631261999951675,4.180000178166665e-05,spread_cv,facebook_combined,0
-0.0934862145857226,-0.1809166106150694,0.075,0.0646766169154228,1.4764387938134749,0,node+edge+subgraph,2,0.0452991000056499,4.180000178166665e-05,spread_cv,facebook_combined,1
-0.0925654007550876,-0.1794072221057465,0.025,0.099502487562189,1.4766919655294986,0,node+edge+subgraph,2,0.0422097999980906,4.180000178166665e-05,spread_cv,facebook_combined,2
-0.0943103529668802,-0.1799045554505185,0.075,0.0696517412935323,1.4757441723037954,0,node+edge+subgraph,2,0.0413196000008611,4.180000178166665e-05,spread_cv,facebook_combined,3
-0.0932852030452645,-0.177356281919414,0.025,0.1094527363184079,1.476456861084716,0,node+edge+subgraph,2,0.0405351000008522,4.180000178166665e-05,spread_cv,facebook_combined,4
-0.0939811778890434,-0.1785683349601743,0.05,0.0646766169154228,1.4758083829887196,0,node+edge+subgraph,2,0.0414124999952036,4.180000178166665e-05,spread_cv,facebook_combined,5
-0.0949422519018391,-0.182204955174345,0.05,0.0746268656716417,1.476761438245013,0,node+edge+subgraph,2,0.0395787000015843,4.180000178166665e-05,spread_cv,facebook_combined,6
-0.0921093916373105,-0.1765029608667182,0.025,0.0895522388059701,1.476188283273922,0,node+edge+subgraph,2,0.0415731999964918,4.180000178166665e-05,spread_cv,facebook_combined,7
-0.0943026027178098,-0.1782829413489727,0.025,0.0746268656716417,1.4756966302965446,0,node+edge+subgraph,2,0.0409469000005628,4.180000178166665e-05,spread_cv,facebook_combined,8
-0.0929100415308664,-0.1791609780520272,0.175,0.099502487562189,1.476870155230645,0,node+edge+subgraph,2,0.0434012999976403,4.180000178166665e-05,spread_cv,facebook_combined,9
-0.0939774309071188,-0.1788399494718083,0.05,0.0945273631840796,1.4757049600765666,0,node+edge+subgraph+dynamic,2,0.0573818999982904,4.180000178166665e-05,spread_cv,facebook_combined,0
-0.0934862145857226,-0.1809166106150694,0.075,0.0646766169154228,1.4764387938134749,0,node+edge+subgraph+dynamic,2,0.0480069000041112,4.180000178166665e-05,spread_cv,facebook_combined,1
-0.0925654007550876,-0.1794072221057465,0.025,0.099502487562189,1.4766919655294986,0,node+edge+subgraph+dynamic,2,0.0408689000032609,4.180000178166665e-05,spread_cv,facebook_combined,2
-0.0943103529668802,-0.1799045554505185,0.075,0.0696517412935323,1.4757441723037954,0,node+edge+subgraph+dynamic,2,0.0423854000036953,4.180000178166665e-05,spread_cv,facebook_combined,3
-0.0932852030452645,-0.177356281919414,0.025,0.1094527363184079,1.476456861084716,0,node+edge+subgraph+dynamic,2,0.039913599997817,4.180000178166665e-05,spread_cv,facebook_combined,4
-0.0939811778890434,-0.1785683349601743,0.05,0.0646766169154228,1.4758083829887196,0,node+edge+subgraph+dynamic,2,0.0424124000055599,4.180000178166665e-05,spread_cv,facebook_combined,5
-0.0949422519018391,-0.182204955174345,0.05,0.0746268656716417,1.476761438245013,0,node+edge+subgraph+dynamic,2,0.0424895000032847,4.180000178166665e-05,spread_cv,facebook_combined,6
-0.0921093916373105,-0.1765029608667182,0.025,0.0895522388059701,1.476188283273922,0,node+edge+subgraph+dynamic,2,0.0419537999987369,4.180000178166665e-05,spread_cv,facebook_combined,7
-0.0943026027178098,-0.1782829413489727,0.025,0.0746268656716417,1.4756966302965446,0,node+edge+subgraph+dynamic,2,0.0405556999976397,4.180000178166665e-05,spread_cv,facebook_combined,8
-0.0929100415308664,-0.1791609780520272,0.175,0.099502487562189,1.476870155230645,0,node+edge+subgraph+dynamic,2,0.0407890999995288,4.180000178166665e-05,spread_cv,facebook_combined,9
0.5393966298028292,0.7332002845980975,0.0,0.0547263681592039,1.095155772107157,1,node,17,0.1305881000007502,1.836423400018248,spread_cv,facebook_combined,0
0.5373390458057775,0.7300391404821965,0.0,0.0547263681592039,1.0887806778938725,1,node,17,0.1308537000004435,1.836423400018248,spread_cv,facebook_combined,1
0.5387378636657607,0.7310167575409833,0.0,0.0547263681592039,1.0865803056720054,1,node,17,0.1256567000018549,1.836423400018248,spread_cv,facebook_combined,2
0.5377139789080689,0.7311542382809529,0.0,0.0547263681592039,1.088118010085712,1,node,17,0.1117617999989306,1.836423400018248,spread_cv,facebook_combined,3
0.5391131035987902,0.7321025682363249,0.0,0.0547263681592039,1.0939365556798124,1,node,17,0.1107122999965213,1.836423400018248,spread_cv,facebook_combined,4
0.5394218872573531,0.7316486080476186,0.0,0.0547263681592039,1.0856302758340457,1,node,17,0.1305792999992263,1.836423400018248,spread_cv,facebook_combined,5
0.5385950105500084,0.731669818708069,0.0,0.0547263681592039,1.0871928930371637,1,node,17,0.1456818000006023,1.836423400018248,spread_cv,facebook_combined,6
0.5380915624528296,0.7322453418720397,0.0,0.0547263681592039,1.0957528121364952,1,node,17,0.1145587000064551,1.836423400018248,spread_cv,facebook_combined,7
0.5385669851265338,0.7323119442180789,0.0,0.0547263681592039,1.092961705376357,1,node,17,0.1062518000035197,1.836423400018248,spread_cv,facebook_combined,8
0.5378533089652427,0.7318668922832452,0.0,0.0547263681592039,1.0887582138708405,1,node,17,0.1054674000042723,1.836423400018248,spread_cv,facebook_combined,9
0.5466099198255101,0.7441943423459507,0.0,0.0497512437810945,1.076276682434478,1,node+edge,38,0.1848367999991751,2.849816000019928,spread_cv,facebook_combined,0
0.5439204698121727,0.7413217193242153,0.0,0.044776119402985,1.079208582580094,1,node+edge,38,0.170257899997523,2.849816000019928,spread_cv,facebook_combined,1
0.5460245798485488,0.7434665315841692,0.0,0.0497512437810945,1.0775051897221155,1,node+edge,38,0.1780599000048823,2.849816000019928,spread_cv,facebook_combined,2
0.5443900047567869,0.7415584380778634,0.0,0.0497512437810945,1.077715555784716,1,node+edge,38,0.1805535000021336,2.849816000019928,spread_cv,facebook_combined,3
0.5435004540462943,0.7392712168697978,0.0,0.0547263681592039,1.0890758563761265,1,node+edge,38,0.1752688999986276,2.849816000019928,spread_cv,facebook_combined,4
0.5455604855828328,0.7428375850790505,0.0,0.044776119402985,1.0771133054596242,1,node+edge,38,0.1769356000004336,2.849816000019928,spread_cv,facebook_combined,5
0.5448081690022681,0.7419601675848962,0.0,0.0497512437810945,1.0781444468190804,1,node+edge,38,0.1693300000042654,2.849816000019928,spread_cv,facebook_combined,6
0.545289319804799,0.7428612194012629,0.0,0.0497512437810945,1.0791074938884404,1,node+edge,38,0.1728434999968158,2.849816000019928,spread_cv,facebook_combined,7
0.5455869288571593,0.7426394817577195,0.0,0.0547263681592039,1.0795839669873284,1,node+edge,38,0.1786441000003833,2.849816000019928,spread_cv,facebook_combined,8
0.5428159413388992,0.7397553817475786,0.0,0.0497512437810945,1.1133224871381786,1,node+edge,38,0.1703782999975374,2.849816000019928,spread_cv,facebook_combined,9
0.750981888238782,0.9096244267811988,0.45,0.8855721393034826,0.5046385158357602,2,node,35,0.1608070999936899,3.628884799938533,spread_cv,facebook_combined,0
0.7501177543526633,0.9092683055965404,0.5,0.8955223880597015,0.4639852676234844,2,node,35,0.1571397999941837,3.628884799938533,spread_cv,facebook_combined,1
0.7523889933424801,0.9104668823312476,0.475,0.8805970149253731,0.4669844484005914,2,node,35,0.1602825999943888,3.628884799938533,spread_cv,facebook_combined,2
0.7515564358278536,0.9101105336092776,0.525,0.8905472636815921,0.4659278409599992,2,node,35,0.1554423999987193,3.628884799938533,spread_cv,facebook_combined,3
0.7511155857208986,0.9095239264928896,0.475,0.8805970149253731,0.4767821555758211,2,node,35,0.1594188000017311,3.628884799938533,spread_cv,facebook_combined,4
0.7522786274058206,0.9106946464232744,0.475,0.8955223880597015,0.4634523590847257,2,node,35,0.1537214999989373,3.628884799938533,spread_cv,facebook_combined,5
0.749933489197869,0.9086940395939732,0.45,0.8855721393034826,0.4748863378415529,2,node,35,0.1522776999991038,3.628884799938533,spread_cv,facebook_combined,6
0.752116053029929,0.9103979371800656,0.475,0.8855721393034826,0.4942340944950387,2,node,35,0.1563346999973873,3.628884799938533,spread_cv,facebook_combined,7
0.7523759946877181,0.910207877189172,0.45,0.8805970149253731,0.5003569194959853,2,node,35,0.1581522999986191,3.628884799938533,spread_cv,facebook_combined,8
0.7502238589228585,0.9082911088919536,0.425,0.8756218905472637,0.6837002058169153,2,node,35,0.1555918999947607,3.628884799938533,spread_cv,facebook_combined,9
0.7729448439459802,0.9213545823159104,0.575,0.8905472636815921,0.3980147492241158,2,node+edge,80,0.4786835000049905,4.6422773999402125,spread_cv,facebook_combined,0
0.7738722214371189,0.9217412949175668,0.6,0.8905472636815921,0.408970110670273,2,node+edge,80,0.5413486999968882,4.6422773999402125,spread_cv,facebook_combined,1
0.7761153470976296,0.923871345771753,0.6,0.8855721393034826,0.3872832760617024,2,node+edge,80,0.4883738999997149,4.6422773999402125,spread_cv,facebook_combined,2
0.7741044249467278,0.9219124706035084,0.575,0.8855721393034826,0.4032995783736529,2,node+edge,80,0.4920515999983763,4.6422773999402125,spread_cv,facebook_combined,3
0.7742997845644973,0.9209292231824412,0.5,0.8855721393034826,1.3078520886408458,2,node+edge,80,0.4895619999952032,4.6422773999402125,spread_cv,facebook_combined,4
0.775288809133121,0.9228265427096928,0.575,0.8905472636815921,0.3991009365685648,2,node+edge,80,0.4868607999960659,4.6422773999402125,spread_cv,facebook_combined,5
0.774981786571532,0.922938346501406,0.625,0.8905472636815921,0.4080615884515887,2,node+edge,80,0.4850908000007621,4.6422773999402125,spread_cv,facebook_combined,6
0.7750065024096555,0.92279813390621,0.6,0.8905472636815921,0.4012758575119396,2,node+edge,80,0.4923188999964623,4.6422773999402125,spread_cv,facebook_combined,7
0.7754933539020636,0.9226670610260986,0.575,0.8905472636815921,0.4091515288854621,2,node+edge,80,0.4950051999985589,4.6422773999402125,spread_cv,facebook_combined,8
0.7741258177560527,0.9204064643870108,0.525,0.8805970149253731,0.906902941230634,2,node+edge,80,0.4863192999982857,4.6422773999402125,spread_cv,facebook_combined,9
0.7967398430909851,0.9324845501573428,0.625,0.900497512437811,0.3595461660409149,2,node+edge+subgraph,144,1.100133600004483,240.36142989994187,spread_cv,facebook_combined,0
0.8013417554136854,0.9358356645861372,0.6,0.900497512437811,0.4119380871710046,2,node+edge+subgraph,144,1.011654499998258,240.36142989994187,spread_cv,facebook_combined,1
0.7986394826582748,0.9337410484421748,0.6,0.8955223880597015,0.3813273603057659,2,node+edge+subgraph,144,1.0129936000012094,240.36142989994187,spread_cv,facebook_combined,2
0.7964759917796594,0.9320132861614696,0.65,0.900497512437811,0.3617450368567207,2,node+edge+subgraph,144,1.0779806999998982,240.36142989994187,spread_cv,facebook_combined,3
0.7971561630927743,0.9317339772953676,0.6,0.8855721393034826,8.266328793927064,2,node+edge+subgraph,144,1.0449213999963831,240.36142989994187,spread_cv,facebook_combined,4
0.7995036967517549,0.9346971069004448,0.625,0.900497512437811,0.3493153176454902,2,node+edge+subgraph,144,1.0284498000037274,240.36142989994187,spread_cv,facebook_combined,5
0.796626432373438,0.9319509174178584,0.6,0.900497512437811,0.4121013465998293,2,node+edge+subgraph,144,1.0168380999966755,240.36142989994187,spread_cv,facebook_combined,6
0.7959529549434723,0.931510580571276,0.625,0.900497512437811,0.3772795530685139,2,node+edge+subgraph,144,1.1313259999951697,240.36142989994187,spread_cv,facebook_combined,7
0.796415291623189,0.9324718515237996,0.625,0.900497512437811,0.3688771593393684,2,node+edge+subgraph,144,1.2329619000011007,240.36142989994187,spread_cv,facebook_combined,8
0.7958016335620398,0.930901714700952,0.575,0.8905472636815921,3.969690233992208,2,node+edge+subgraph,144,1.2768533999987994,240.36142989994187,spread_cv,facebook_combined,9
0.7967384453238157,0.932480153990276,0.625,0.900497512437811,0.3596975318577088,2,node+edge+subgraph+dynamic,145,1.2814333999995142,240.36142989994187,spread_cv,facebook_combined,0
0.8013386653324219,0.935828411021832,0.6,0.900497512437811,0.4119427814996847,2,node+edge+subgraph+dynamic,145,1.2920830000002752,240.36142989994187,spread_cv,facebook_combined,1
0.7986340869915837,0.9337387059124832,0.6,0.8955223880597015,0.3813486099476543,2,node+edge+subgraph+dynamic,145,1.253190800001903,240.36142989994187,spread_cv,facebook_combined,2
0.7964634098486487,0.93200499478706,0.65,0.900497512437811,0.361886606457603,2,node+edge+subgraph+dynamic,145,1.244385099998908,240.36142989994187,spread_cv,facebook_combined,3
0.7971498601436163,0.9317193086917094,0.6,0.8855721393034826,8.27540993076769,2,node+edge+subgraph+dynamic,145,1.1104899999991176,240.36142989994187,spread_cv,facebook_combined,4
0.7995049722114759,0.9346933275034368,0.625,0.900497512437811,0.3493224023194216,2,node+edge+subgraph+dynamic,145,1.1531205999999656,240.36142989994187,spread_cv,facebook_combined,5
0.7966263087118972,0.9319456201405816,0.6,0.900497512437811,0.4126557306980635,2,node+edge+subgraph+dynamic,145,1.225295800002641,240.36142989994187,spread_cv,facebook_combined,6
0.7959301459846279,0.9314823762406408,0.625,0.900497512437811,0.377840538973505,2,node+edge+subgraph+dynamic,145,1.0801565000001574,240.36142989994187,spread_cv,facebook_combined,7
0.7964045241576997,0.9324552748213236,0.625,0.900497512437811,0.3692932125308731,2,node+edge+subgraph+dynamic,145,1.0585393000001204,240.36142989994187,spread_cv,facebook_combined,8
0.7957996952562273,0.9309032129904712,0.575,0.8905472636815921,3.97378468981464,2,node+edge+subgraph+dynamic,145,1.2567895999964094,240.36142989994187,spread_cv,facebook_combined,9
0.7807889332102113,0.9244162644617826,0.475,0.8805970149253731,0.4978811323932187,3,node,45,0.3449843000053079,5.6599381999149045,spread_cv,facebook_combined,0
0.7798216461877687,0.9232302311154256,0.625,0.8805970149253731,0.4269379473649753,3,node,45,0.3444283999997424,5.6599381999149045,spread_cv,facebook_combined,1
0.7823469684469633,0.9249261799540228,0.525,0.8905472636815921,0.4244191308589311,3,node,45,0.3439139000038267,5.6599381999149045,spread_cv,facebook_combined,2
0.7831578862332877,0.9265961821410414,0.575,0.8955223880597015,0.4101052240217426,3,node,45,0.3556544999955804,5.6599381999149045,spread_cv,facebook_combined,3
0.783033754048257,0.925452240058637,0.625,0.8905472636815921,0.4306277022722341,3,node,45,0.3531161000064458,5.6599381999149045,spread_cv,facebook_combined,4
0.7811311305504691,0.9244374810825275,0.575,0.900497512437811,0.4198023912701613,3,node,45,0.3638725999990129,5.6599381999149045,spread_cv,facebook_combined,5
0.7843335769517807,0.9266056431890743,0.6,0.900497512437811,0.424362871844412,3,node,45,0.3462094999995315,5.6599381999149045,spread_cv,facebook_combined,6
0.785346342228053,0.9279337331258196,0.475,0.8905472636815921,0.4895856323832341,3,node,45,0.3488735999999335,5.6599381999149045,spread_cv,facebook_combined,7
0.7835931225006671,0.9265108661337502,0.5,0.8955223880597015,0.4901979580513278,3,node,45,0.330778100003954,5.6599381999149045,spread_cv,facebook_combined,8
0.7811239222909943,0.9237441087969036,0.55,0.8955223880597015,0.8877528227474358,3,node,45,0.3455229000028339,5.6599381999149045,spread_cv,facebook_combined,9
0.7932906916789625,0.9325387510644274,0.6,0.8955223880597015,0.379774671378687,3,node+edge,93,0.6191371000022627,6.6733307999165845,spread_cv,facebook_combined,0
0.7918549223093372,0.9311384203307316,0.575,0.8855721393034826,0.3930560674590541,3,node+edge,93,0.6034595000019181,6.6733307999165845,spread_cv,facebook_combined,1
0.7948060092651288,0.9333003928462452,0.6,0.8855721393034826,0.3701203709877752,3,node+edge,93,0.6946955000021262,6.6733307999165845,spread_cv,facebook_combined,2
0.7943939026658053,0.9333684130971176,0.6,0.8855721393034826,0.3777026484106326,3,node+edge,93,0.674624400002358,6.6733307999165845,spread_cv,facebook_combined,3
0.7932835435795186,0.930539086182523,0.55,0.8905472636815921,0.5475476707699023,3,node+edge,93,0.7266758999976446,6.6733307999165845,spread_cv,facebook_combined,4
0.7946151988937235,0.9331669075672064,0.6,0.8955223880597015,0.3858895250100137,3,node+edge,93,0.7171972000069218,6.6733307999165845,spread_cv,facebook_combined,5
0.7943075954836003,0.9324863113917854,0.6,0.900497512437811,0.3734090959115106,3,node+edge,93,0.7260165000043344,6.6733307999165845,spread_cv,facebook_combined,6
0.7941936480879906,0.9324227145963292,0.575,0.8955223880597015,0.3810127107315149,3,node+edge,93,0.702855699993961,6.6733307999165845,spread_cv,facebook_combined,7
0.7941519813233769,0.9327747286743328,0.575,0.900497512437811,0.3906614063534335,3,node+edge,93,0.5745945000016945,6.6733307999165845,spread_cv,facebook_combined,8
0.7921467557437426,0.9300040437380328,0.55,0.8855721393034826,0.9139133615156432,3,node+edge,93,0.5892543999943882,6.6733307999165845,spread_cv,facebook_combined,9
0.8111062100621652,0.941011245612706,0.575,0.8955223880597015,2.3197452077921046,3,node+edge+subgraph,168,1.2272326999955112,242.39248329991824,spread_cv,facebook_combined,0
0.8116849055690143,0.9408549607518606,0.6,0.8955223880597015,0.3466421421965907,3,node+edge+subgraph,168,1.2097584000002826,242.39248329991824,spread_cv,facebook_combined,1
0.8099098040881534,0.9394337422591588,0.575,0.8905472636815921,0.336970080586962,3,node+edge+subgraph,168,1.3038841000015964,242.39248329991824,spread_cv,facebook_combined,2
0.8104303136037178,0.9395823979390135,0.575,0.8955223880597015,0.332138342658383,3,node+edge+subgraph,168,1.5215671000041766,242.39248329991824,spread_cv,facebook_combined,3
0.81131998888117,0.9390707638337168,0.55,0.8955223880597015,7.026845049942176,3,node+edge+subgraph,168,1.518069599995215,242.39248329991824,spread_cv,facebook_combined,4
0.8142295713499834,0.94218284621782,0.55,0.8955223880597015,0.3454006237648914,3,node+edge+subgraph,168,1.57095069999923,242.39248329991824,spread_cv,facebook_combined,5
0.8111298147439718,0.9398333784893153,0.55,0.8905472636815921,0.3394757571750058,3,node+edge+subgraph,168,1.441307199995208,242.39248329991824,spread_cv,facebook_combined,6
0.8145788269957386,0.943042034948462,0.55,0.900497512437811,0.3855613659322624,3,node+edge+subgraph,168,1.2176797000065562,242.39248329991824,spread_cv,facebook_combined,7
0.811756685975883,0.941929111848889,0.575,0.900497512437811,0.3274706001325688,3,node+edge+subgraph,168,1.1864047000053688,242.39248329991824,spread_cv,facebook_combined,8
0.8118857909591143,0.9392908596825784,0.475,0.8955223880597015,56.67790138614816,3,node+edge+subgraph,168,1.2393078000022797,242.39248329991824,spread_cv,facebook_combined,9
0.8121997858881125,0.9415510546555542,0.55,0.8955223880597015,0.3253477005272291,3,node+edge+subgraph+dynamic,170,1.4002552000019932,242.39248329991824,spread_cv,facebook_combined,0
0.8116761029701245,0.9408359315688066,0.6,0.8955223880597015,0.3467999253717511,3,node+edge+subgraph+dynamic,170,1.5069765000007465,242.39248329991824,spread_cv,facebook_combined,1
0.8099111296950611,0.9394272548350696,0.575,0.8905472636815921,0.3368854940332534,3,node+edge+subgraph+dynamic,170,1.5233127000028617,242.39248329991824,spread_cv,facebook_combined,2
0.81038641250015,0.939408937644985,0.575,0.8955223880597015,0.3343754012455076,3,node+edge+subgraph+dynamic,170,1.5501634000029298,242.39248329991824,spread_cv,facebook_combined,3
0.8113097146674713,0.9390483373620768,0.55,0.8955223880597015,7.062630686811373,3,node+edge+subgraph+dynamic,170,1.4509956000038071,242.39248329991824,spread_cv,facebook_combined,4
0.8142037737439825,0.9421427923538456,0.55,0.8955223880597015,0.3456281341741536,3,node+edge+subgraph+dynamic,170,1.075049899998703,242.39248329991824,spread_cv,facebook_combined,5
0.8111301063221615,0.939811165994518,0.55,0.8955223880597015,0.3392888967032124,3,node+edge+subgraph+dynamic,170,0.6757333999994444,242.39248329991824,spread_cv,facebook_combined,6
0.8145926341073403,0.9430543068471624,0.55,0.900497512437811,0.3869996877364734,3,node+edge+subgraph+dynamic,170,0.7573810999965644,242.39248329991824,spread_cv,facebook_combined,7
0.8117484200789766,0.941927454506088,0.575,0.900497512437811,0.3279408826016329,3,node+edge+subgraph+dynamic,170,1.1359490000031656,242.39248329991824,spread_cv,facebook_combined,8
0.8118555514382094,0.9392799791871652,0.475,0.8955223880597015,57.295054717492405,3,node+edge+subgraph+dynamic,170,0.7947396000017761,242.39248329991824,spread_cv,facebook_combined,9
0.5289264925453513,0.7223924727748327,0.15,0.1393034825870646,91237.9428912736,0,node,2,0.0372694000034243,4.180000178166665e-05,betweenness,facebook_combined,0
0.5735365292911082,0.7663433797734611,0.225,0.1840796019900497,86869.95166226839,0,node,2,0.0298248000035528,4.180000178166665e-05,betweenness,facebook_combined,1
0.5530984602328584,0.7499045727191568,0.2,0.1890547263681592,87252.65640526636,0,node,2,0.0309161000041058,4.180000178166665e-05,betweenness,facebook_combined,2
0.5692547889392824,0.7628073802897092,0.2,0.1691542288557214,86794.67046939372,0,node,2,0.0365451000034227,4.180000178166665e-05,betweenness,facebook_combined,3
0.5157015992649624,0.6976188674522671,0.1,0.1243781094527363,97811.29899697138,0,node,2,0.0369470000005094,4.180000178166665e-05,betweenness,facebook_combined,4
0.5697551502400662,0.7624410614381276,0.2,0.1691542288557214,87084.18883430917,0,node,2,0.0419067000038921,4.180000178166665e-05,betweenness,facebook_combined,5
0.5284054270311205,0.7220630057270513,0.2,0.154228855721393,90625.87687783263,0,node,2,0.0372174000003724,4.180000178166665e-05,betweenness,facebook_combined,6
0.5410107225808537,0.7339939033292158,0.15,0.1442786069651741,89881.2548079344,0,node,2,0.0416889000043738,4.180000178166665e-05,betweenness,facebook_combined,7
0.5388936300041102,0.731837379049758,0.2,0.154228855721393,90211.67254174156,0,node,2,0.0372502000027452,4.180000178166665e-05,betweenness,facebook_combined,8
0.526267401264295,0.7091044957386416,0.1,0.1393034825870646,98332.85915434446,0,node,2,0.0287650000027497,4.180000178166665e-05,betweenness,facebook_combined,9
0.5289264925453513,0.7223924727748327,0.15,0.1393034825870646,91237.9428912736,0,node+edge,2,0.0377073999989079,4.180000178166665e-05,betweenness,facebook_combined,0
0.5735365292911082,0.7663433797734611,0.225,0.1840796019900497,86869.95166226839,0,node+edge,2,0.0362080999984755,4.180000178166665e-05,betweenness,facebook_combined,1
0.5530984602328584,0.7499045727191568,0.2,0.1890547263681592,87252.65640526636,0,node+edge,2,0.0366926999995484,4.180000178166665e-05,betweenness,facebook_combined,2
0.5692547889392824,0.7628073802897092,0.2,0.1691542288557214,86794.67046939372,0,node+edge,2,0.0344819999954779,4.180000178166665e-05,betweenness,facebook_combined,3
0.5157015992649624,0.6976188674522671,0.1,0.1243781094527363,97811.29899697138,0,node+edge,2,0.0237871999997878,4.180000178166665e-05,betweenness,facebook_combined,4
0.5697551502400662,0.7624410614381276,0.2,0.1691542288557214,87084.18883430917,0,node+edge,2,0.0270688999953563,4.180000178166665e-05,betweenness,facebook_combined,5
0.5284054270311205,0.7220630057270513,0.2,0.154228855721393,90625.87687783263,0,node+edge,2,0.0383293999984744,4.180000178166665e-05,betweenness,facebook_combined,6
0.5410107225808537,0.7339939033292158,0.15,0.1442786069651741,89881.2548079344,0,node+edge,2,0.0397414000035496,4.180000178166665e-05,betweenness,facebook_combined,7
0.5388936300041102,0.731837379049758,0.2,0.154228855721393,90211.67254174156,0,node+edge,2,0.0406415999968885,4.180000178166665e-05,betweenness,facebook_combined,8
0.526267401264295,0.7091044957386416,0.1,0.1393034825870646,98332.85915434446,0,node+edge,2,0.0358204000003752,4.180000178166665e-05,betweenness,facebook_combined,9
0.5289264925453513,0.7223924727748327,0.15,0.1393034825870646,91237.9428912736,0,node+edge+subgraph,2,0.0389524999991408,4.180000178166665e-05,betweenness,facebook_combined,0
0.5735365292911082,0.7663433797734611,0.225,0.1840796019900497,86869.95166226839,0,node+edge+subgraph,2,0.0386911000023246,4.180000178166665e-05,betweenness,facebook_combined,1
0.5530984602328584,0.7499045727191568,0.2,0.1890547263681592,87252.65640526636,0,node+edge+subgraph,2,0.0371295000004465,4.180000178166665e-05,betweenness,facebook_combined,2
0.5692547889392824,0.7628073802897092,0.2,0.1691542288557214,86794.67046939372,0,node+edge+subgraph,2,0.0410359000015887,4.180000178166665e-05,betweenness,facebook_combined,3
0.5157015992649624,0.6976188674522671,0.1,0.1243781094527363,97811.29899697138,0,node+edge+subgraph,2,0.0397434999977122,4.180000178166665e-05,betweenness,facebook_combined,4
0.5697551502400662,0.7624410614381276,0.2,0.1691542288557214,87084.18883430917,0,node+edge+subgraph,2,0.0375626999957603,4.180000178166665e-05,betweenness,facebook_combined,5
0.5284054270311205,0.7220630057270513,0.2,0.154228855721393,90625.87687783263,0,node+edge+subgraph,2,0.027153900002304,4.180000178166665e-05,betweenness,facebook_combined,6
0.5410107225808537,0.7339939033292158,0.15,0.1442786069651741,89881.2548079344,0,node+edge+subgraph,2,0.0380422000016551,4.180000178166665e-05,betweenness,facebook_combined,7
0.5388936300041102,0.731837379049758,0.2,0.154228855721393,90211.67254174156,0,node+edge+subgraph,2,0.0411198000001604,4.180000178166665e-05,betweenness,facebook_combined,8
0.526267401264295,0.7091044957386416,0.1,0.1393034825870646,98332.85915434446,0,node+edge+subgraph,2,0.0424151999977766,4.180000178166665e-05,betweenness,facebook_combined,9
0.5289264925453513,0.7223924727748327,0.15,0.1393034825870646,91237.9428912736,0,node+edge+subgraph+dynamic,2,0.0451267000025836,4.180000178166665e-05,betweenness,facebook_combined,0
0.5735365292911082,0.7663433797734611,0.225,0.1840796019900497,86869.95166226839,0,node+edge+subgraph+dynamic,2,0.0458740999965812,4.180000178166665e-05,betweenness,facebook_combined,1
0.5530984602328584,0.7499045727191568,0.2,0.1890547263681592,87252.65640526636,0,node+edge+subgraph+dynamic,2,0.0466005999987828,4.180000178166665e-05,betweenness,facebook_combined,2
0.5692547889392824,0.7628073802897092,0.2,0.1691542288557214,86794.67046939372,0,node+edge+subgraph+dynamic,2,0.0321650999976554,4.180000178166665e-05,betweenness,facebook_combined,3
0.5157015992649624,0.6976188674522671,0.1,0.1243781094527363,97811.29899697138,0,node+edge+subgraph+dynamic,2,0.045041500001389,4.180000178166665e-05,betweenness,facebook_combined,4
0.5697551502400662,0.7624410614381276,0.2,0.1691542288557214,87084.18883430917,0,node+edge+subgraph+dynamic,2,0.0368003000039607,4.180000178166665e-05,betweenness,facebook_combined,5
0.5284054270311205,0.7220630057270513,0.2,0.154228855721393,90625.87687783263,0,node+edge+subgraph+dynamic,2,0.0354667999999946,4.180000178166665e-05,betweenness,facebook_combined,6
0.5410107225808537,0.7339939033292158,0.15,0.1442786069651741,89881.2548079344,0,node+edge+subgraph+dynamic,2,0.0405568999995011,4.180000178166665e-05,betweenness,facebook_combined,7
0.5388936300041102,0.731837379049758,0.2,0.154228855721393,90211.67254174156,0,node+edge+subgraph+dynamic,2,0.0390942999947583,4.180000178166665e-05,betweenness,facebook_combined,8
0.526267401264295,0.7091044957386416,0.1,0.1393034825870646,98332.85915434446,0,node+edge+subgraph+dynamic,2,0.0442792999965604,4.180000178166665e-05,betweenness,facebook_combined,9
0.1200285390439957,0.1773615586416488,0.4,0.3233830845771144,40769.900165659215,1,node,17,0.0857734000019263,1.836423400018248,betweenness,facebook_combined,0
0.1383247410819506,0.2020206852020381,0.425,0.3383084577114428,38317.93132676224,1,node,17,0.0830089000010048,1.836423400018248,betweenness,facebook_combined,1
0.1240022755781113,0.1819879890538688,0.425,0.3233830845771144,37052.3109210764,1,node,17,0.0840797999990172,1.836423400018248,betweenness,facebook_combined,2
0.1332017939760994,0.1953946063603606,0.425,0.3383084577114428,37620.79386759351,1,node,17,0.0865403999996488,1.836423400018248,betweenness,facebook_combined,3
0.11392114374786,0.1687595256183463,0.425,0.3432835820895522,45790.52361912083,1,node,17,0.0886725999953341,1.836423400018248,betweenness,facebook_combined,4
0.130607812141843,0.1923853823277468,0.4,0.3482587064676617,38241.738071251966,1,node,17,0.0863104000018211,1.836423400018248,betweenness,facebook_combined,5
0.1213738785186721,0.1788100395604127,0.425,0.3432835820895522,37397.81133721821,1,node,17,0.08757709999918,1.836423400018248,betweenness,facebook_combined,6
0.1215826316280086,0.1798029372022035,0.4,0.3333333333333333,40575.322904923625,1,node,17,0.0789495999997598,1.836423400018248,betweenness,facebook_combined,7
0.1266469485350972,0.1860671285853686,0.4,0.3333333333333333,39439.53252663633,1,node,17,0.0926601000028313,1.836423400018248,betweenness,facebook_combined,8
0.1247542668010914,0.1841311700764817,0.425,0.3333333333333333,42129.443299203085,1,node,17,0.0883272999999462,1.836423400018248,betweenness,facebook_combined,9
0.1628761897476443,0.2340241697725759,0.65,0.417910447761194,34449.73072405904,1,node+edge,38,0.1364168000000063,2.849816000019928,betweenness,facebook_combined,0
0.1738336280981384,0.2486413129591678,0.65,0.3980099502487562,30453.429140094908,1,node+edge,38,0.133317599997099,2.849816000019928,betweenness,facebook_combined,1
0.1597124891555155,0.2292056300477927,0.65,0.417910447761194,31988.075048897183,1,node+edge,38,0.1279880000001867,2.849816000019928,betweenness,facebook_combined,2
0.1648150244787771,0.2355948572983876,0.65,0.4228855721393035,30447.006863651448,1,node+edge,38,0.1247822000004816,2.849816000019928,betweenness,facebook_combined,3
0.1581148233715913,0.2254435446844138,0.65,0.4278606965174129,49387.45886914729,1,node+edge,38,0.1199481000003288,2.849816000019928,betweenness,facebook_combined,4
0.1693695610036966,0.2426658625850677,0.65,0.4129353233830846,30148.22914762804,1,node+edge,38,0.1201050999952713,2.849816000019928,betweenness,facebook_combined,5
0.1730636386104781,0.2477786552027754,0.625,0.4029850746268656,32722.53417694032,1,node+edge,38,0.1235890999960247,2.849816000019928,betweenness,facebook_combined,6
0.1559126850822063,0.2248334477436187,0.65,0.417910447761194,33747.24711506715,1,node+edge,38,0.1157324000014341,2.849816000019928,betweenness,facebook_combined,7
0.1626030991687269,0.2328424118250005,0.625,0.3880597014925373,32732.57860633531,1,node+edge,38,0.107829300002777,2.849816000019928,betweenness,facebook_combined,8
0.1765966582432637,0.2526862150429214,0.625,0.417910447761194,31829.45795586979,1,node+edge,38,0.1083719000016572,2.849816000019928,betweenness,facebook_combined,9
0.1083672455112291,0.1721824109047451,0.725,0.4875621890547263,36255.0404375588,2,node,35,0.1112954999989597,3.628884799938533,betweenness,facebook_combined,0
0.10033314799473,0.1608668570320445,0.7,0.527363184079602,39089.65023699158,2,node,35,0.1229161000010208,3.628884799938533,betweenness,facebook_combined,1
0.1160438803977225,0.1829454363788059,0.725,0.5223880597014925,36660.967937268775,2,node,35,0.1164714000042295,3.628884799938533,betweenness,facebook_combined,2
0.1088626126495553,0.1731317735309486,0.725,0.5074626865671642,36983.68791615002,2,node,35,0.1190981999970972,3.628884799938533,betweenness,facebook_combined,3
0.1085655586380121,0.1711069341107489,0.7,0.5223880597014925,33408.3957618439,2,node,35,0.1066397999966284,3.628884799938533,betweenness,facebook_combined,4
0.0943737603779242,0.1537324581774992,0.7,0.5323383084577115,38052.96247847453,2,node,35,0.1200188000002526,3.628884799938533,betweenness,facebook_combined,5
0.1114789849524199,0.1764360144463176,0.725,0.527363184079602,37416.05145928163,2,node,35,0.1089446999976644,3.628884799938533,betweenness,facebook_combined,6
0.1034396304345842,0.1645850555510788,0.7,0.5223880597014925,34928.83524968128,2,node,35,0.1106390999993891,3.628884799938533,betweenness,facebook_combined,7
0.1096660307511731,0.1718949431482888,0.725,0.5323383084577115,35042.198226239685,2,node,35,0.115214699995704,3.628884799938533,betweenness,facebook_combined,8
0.1092475833142145,0.1720529584632681,0.7,0.5323383084577115,34335.64649663326,2,node,35,0.1151678999958676,3.628884799938533,betweenness,facebook_combined,9
0.0932029516481533,0.142567443683632,0.65,0.4825870646766169,34091.53092979272,2,node+edge,80,0.3360990999935893,4.6422773999402125,betweenness,facebook_combined,0
0.1061922874779684,0.1607580746279354,0.65,0.472636815920398,37330.95703585131,2,node+edge,80,0.3683519999976852,4.6422773999402125,betweenness,facebook_combined,1
0.1031262263769552,0.1548665686693474,0.675,0.472636815920398,37274.27222934683,2,node+edge,80,0.3637049999961164,4.6422773999402125,betweenness,facebook_combined,2
0.1070934615369233,0.1619093555822329,0.675,0.4228855721393035,48498.82384382646,2,node+edge,80,0.3607224000006681,4.6422773999402125,betweenness,facebook_combined,3
0.0810317603720306,0.1228988717260824,0.625,0.4228855721393035,134817.57105509072,2,node+edge,80,0.3308341000010841,4.6422773999402125,betweenness,facebook_combined,4
0.0939483611123499,0.1429711346907463,0.65,0.4427860696517413,37547.82546706804,2,node+edge,80,0.3268163999964599,4.6422773999402125,betweenness,facebook_combined,5
0.0930858626350196,0.1411440125468504,0.675,0.472636815920398,37861.11076010835,2,node+edge,80,0.3264984999987064,4.6422773999402125,betweenness,facebook_combined,6
0.1033507436544081,0.1565653902664391,0.675,0.4676616915422885,36550.70863602683,2,node+edge,80,0.3176270999974804,4.6422773999402125,betweenness,facebook_combined,7
0.0976246612627771,0.1500215299059729,0.675,0.4626865671641791,34980.010887421275,2,node+edge,80,0.3197271999961231,4.6422773999402125,betweenness,facebook_combined,8
0.092738763593823,0.1391860915922411,0.575,0.4129353233830846,166775.84540354914,2,node+edge,80,0.3360316999969654,4.6422773999402125,betweenness,facebook_combined,9
0.0819992841663742,0.1233265288575129,0.625,0.5024875621890548,65838.25237238963,2,node+edge+subgraph,144,0.614527799996722,240.36142989994187,betweenness,facebook_combined,0
0.101361306271447,0.1524649617141516,0.65,0.4975124378109453,32595.80706726348,2,node+edge+subgraph,144,0.6068681999968248,240.36142989994187,betweenness,facebook_combined,1
0.1010080265506482,0.1515934147838589,0.675,0.5074626865671642,31614.42385234407,2,node+edge+subgraph,144,0.6189036000068882,240.36142989994187,betweenness,facebook_combined,2
0.0984620870038034,0.1487706401778386,0.675,0.4975124378109453,39976.28144547323,2,node+edge+subgraph,144,0.6167260000001988,240.36142989994187,betweenness,facebook_combined,3
0.0912111862918192,0.1382478752634529,0.65,0.472636815920398,30465.33106629881,2,node+edge+subgraph,144,0.6023343000051682,240.36142989994187,betweenness,facebook_combined,4
0.0896980313703059,0.135590966253173,0.675,0.4527363184079602,28762.00375015382,2,node+edge+subgraph,144,0.5968127000014647,240.36142989994187,betweenness,facebook_combined,5
0.0981039398636942,0.1462650814738881,0.65,0.4825870646766169,30917.48219247066,2,node+edge+subgraph,144,0.602713300002506,240.36142989994187,betweenness,facebook_combined,6
0.1084618614637777,0.1640934861320272,0.65,0.4925373134328358,31473.635498882704,2,node+edge+subgraph,144,0.6220589000004111,240.36142989994187,betweenness,facebook_combined,7
0.0941885894478924,0.1424288042507494,0.675,0.5124378109452736,31145.489680668896,2,node+edge+subgraph,144,0.6123011000017868,240.36142989994187,betweenness,facebook_combined,8
0.0912470575619459,0.138487144265962,0.65,0.4825870646766169,2753812.53270274,2,node+edge+subgraph,144,0.6136719999994966,240.36142989994187,betweenness,facebook_combined,9
0.0817838901090151,0.1231264282201051,0.625,0.5024875621890548,65804.50606171504,2,node+edge+subgraph+dynamic,145,0.6268047999983537,240.36142989994187,betweenness,facebook_combined,0
0.1007094549343642,0.1517357578014285,0.65,0.4975124378109453,32412.460880711787,2,node+edge+subgraph+dynamic,145,0.6242794999998296,240.36142989994187,betweenness,facebook_combined,1
0.1008780514171376,0.1514974829669334,0.675,0.5074626865671642,31520.85394800827,2,node+edge+subgraph+dynamic,145,0.6068809999997029,240.36142989994187,betweenness,facebook_combined,2
0.0984790474335584,0.1488530195986082,0.675,0.4975124378109453,39811.58479583286,2,node+edge+subgraph+dynamic,145,0.6337096999995993,240.36142989994187,betweenness,facebook_combined,3
0.0912114380379075,0.1382421267965857,0.65,0.472636815920398,30253.74919853395,2,node+edge+subgraph+dynamic,145,0.619082500001241,240.36142989994187,betweenness,facebook_combined,4
0.0895466305939026,0.1354413968276013,0.675,0.4527363184079602,28726.689251611388,2,node+edge+subgraph+dynamic,145,0.6331030000001192,240.36142989994187,betweenness,facebook_combined,5
0.0979175957463568,0.1460760948651399,0.65,0.4825870646766169,30798.89161703948,2,node+edge+subgraph+dynamic,145,0.5825103000024683,240.36142989994187,betweenness,facebook_combined,6
0.1084982855235917,0.1642734448930347,0.65,0.4925373134328358,31423.378248770983,2,node+edge+subgraph+dynamic,145,0.5598599000004469,240.36142989994187,betweenness,facebook_combined,7
0.0940423743901307,0.1422876004666978,0.675,0.5223880597014925,31124.2814840888,2,node+edge+subgraph+dynamic,145,0.5792117000019061,240.36142989994187,betweenness,facebook_combined,8
0.0911729598296381,0.1383953961203258,0.65,0.4825870646766169,2753598.3755250177,2,node+edge+subgraph+dynamic,145,0.5708905999999843,240.36142989994187,betweenness,facebook_combined,9
0.1138490923637059,0.1757438741690342,0.7,0.5323383084577115,37217.417716316326,3,node,45,0.2045349000036367,5.6599381999149045,betweenness,facebook_combined,0
0.105733263304463,0.1649983872912902,0.725,0.527363184079602,39403.8827616551,3,node,45,0.1887204999948153,5.6599381999149045,betweenness,facebook_combined,1
0.1141123141820656,0.177426227329601,0.725,0.5373134328358209,38011.72921568494,3,node,45,0.1916530999951646,5.6599381999149045,betweenness,facebook_combined,2
0.1024062464261937,0.1606730173718064,0.675,0.527363184079602,38498.056937392095,3,node,45,0.1828593999962322,5.6599381999149045,betweenness,facebook_combined,3
0.1028538038990922,0.1607912393024788,0.7,0.527363184079602,36235.31555086623,3,node,45,0.1896412999994936,5.6599381999149045,betweenness,facebook_combined,4
0.0977682166177495,0.153661026973733,0.7,0.5522388059701493,38718.81119234701,3,node,45,0.1802862000040477,5.6599381999149045,betweenness,facebook_combined,5
0.1107607022271536,0.1720680396696703,0.725,0.5024875621890548,38458.99907025854,3,node,45,0.1822504000010667,5.6599381999149045,betweenness,facebook_combined,6
0.113155557304262,0.1739363709337359,0.675,0.5373134328358209,36561.66716779866,3,node,45,0.2009134000036283,5.6599381999149045,betweenness,facebook_combined,7
0.116778380847356,0.1787896747136167,0.675,0.5422885572139303,35775.047959511256,3,node,45,0.2049327999993693,5.6599381999149045,betweenness,facebook_combined,8
0.1072209689911055,0.1656770382754899,0.725,0.5422885572139303,37851.395569940585,3,node,45,0.2044105999957537,5.6599381999149045,betweenness,facebook_combined,9
0.0848283278096229,0.1287673369958984,0.625,0.4676616915422885,35569.2233604965,3,node+edge,93,0.4136220000000321,6.6733307999165845,betweenness,facebook_combined,0
0.0914036614976501,0.1384701496190631,0.65,0.4527363184079602,35859.578643276844,3,node+edge,93,0.4130111999984365,6.6733307999165845,betweenness,facebook_combined,1
0.0919298980780697,0.1380028192000744,0.65,0.4278606965174129,34540.62270169344,3,node+edge,93,0.3787812999944435,6.6733307999165845,betweenness,facebook_combined,2
0.0870481959899095,0.1310046927640345,0.675,0.4228855721393035,34694.20770124374,3,node+edge,93,0.3755287999956636,6.6733307999165845,betweenness,facebook_combined,3
0.0730758423150659,0.1113734107396793,0.6,0.4029850746268656,126011.73147886814,3,node+edge,93,0.3875937999982852,6.6733307999165845,betweenness,facebook_combined,4
0.0815700480447548,0.1242283504724852,0.675,0.4328358208955223,35834.69349958762,3,node+edge,93,0.3787201000013738,6.6733307999165845,betweenness,facebook_combined,5
0.0870385746620274,0.1319073661076203,0.675,0.4328358208955223,36127.50635062906,3,node+edge,93,0.3513831999953254,6.6733307999165845,betweenness,facebook_combined,6
0.0898839322550016,0.1346617639539624,0.675,0.4527363184079602,35886.24361093339,3,node+edge,93,0.3316960999945877,6.6733307999165845,betweenness,facebook_combined,7
0.0871446613893087,0.1316342249158435,0.675,0.4626865671641791,33473.98933768157,3,node+edge,93,0.3556704000002355,6.6733307999165845,betweenness,facebook_combined,8
0.0808566857466223,0.1224648776935429,0.575,0.3830845771144278,155988.28065601186,3,node+edge,93,0.3468441000004532,6.6733307999165845,betweenness,facebook_combined,9
0.1225692658823324,0.1836131860342959,0.65,0.4129353233830846,33666.85979223477,3,node+edge+subgraph,168,0.6770784000036656,242.39248329991824,betweenness,facebook_combined,0
0.1107926546285248,0.1653676260801475,0.675,0.4477611940298507,35798.7152751657,3,node+edge+subgraph,168,0.6707792000015615,242.39248329991824,betweenness,facebook_combined,1
0.1096335048874199,0.1633597886674347,0.675,0.4129353233830846,31180.59525510546,3,node+edge+subgraph,168,0.6788041000036174,242.39248329991824,betweenness,facebook_combined,2
0.1092133345010484,0.162497047770484,0.675,0.4228855721393035,45011.40791283785,3,node+edge+subgraph,168,0.6700440999993589,242.39248329991824,betweenness,facebook_combined,3
0.0928225126437148,0.1407487304479048,0.65,0.417910447761194,35021.525677607504,3,node+edge+subgraph,168,0.6592318000039086,242.39248329991824,betweenness,facebook_combined,4
0.1168866668500412,0.1735180110722929,0.625,0.4477611940298507,35761.49077990934,3,node+edge+subgraph,168,0.6527548000012757,242.39248329991824,betweenness,facebook_combined,5
0.1092662507795024,0.1624804854684371,0.675,0.4228855721393035,33518.142178462,3,node+edge+subgraph,168,0.6582937999992282,242.39248329991824,betweenness,facebook_combined,6
0.1288975060654193,0.194311808494061,0.625,0.4477611940298507,34845.125120387434,3,node+edge+subgraph,168,0.6651780000029248,242.39248329991824,betweenness,facebook_combined,7
0.1027353221289809,0.1544321392225367,0.675,0.4427860696517413,32057.8480521554,3,node+edge+subgraph,168,0.6907326000000467,242.39248329991824,betweenness,facebook_combined,8
0.1037592948315047,0.1550131396080513,0.675,0.4328358208955223,2319270.3463270827,3,node+edge+subgraph,168,0.673416300000099,242.39248329991824,betweenness,facebook_combined,9
0.1220557753913506,0.1833364421261946,0.65,0.4328358208955223,33474.64503393013,3,node+edge+subgraph+dynamic,170,0.6830300000001444,242.39248329991824,betweenness,facebook_combined,0
0.111178609504704,0.1660076814217951,0.675,0.4427860696517413,35788.62189292579,3,node+edge+subgraph+dynamic,170,0.6692260000054375,242.39248329991824,betweenness,facebook_combined,1
0.109782680552614,0.1636857922038461,0.675,0.4079601990049751,31137.663281371013,3,node+edge+subgraph+dynamic,170,0.6935079000031692,242.39248329991824,betweenness,facebook_combined,2
0.105862681622775,0.157907154576627,0.7,0.4278606965174129,44298.56297843333,3,node+edge+subgraph+dynamic,170,0.6839366999993217,242.39248329991824,betweenness,facebook_combined,3
0.0936835518148987,0.142439292583946,0.65,0.4129353233830846,35848.4162696835,3,node+edge+subgraph+dynamic,170,0.6642076999996789,242.39248329991824,betweenness,facebook_combined,4
0.1175650439160963,0.1746051270316498,0.625,0.4477611940298507,35679.1533064621,3,node+edge+subgraph+dynamic,170,0.6758358999941265,242.39248329991824,betweenness,facebook_combined,5
0.1095271867844076,0.1630212556439236,0.675,0.4278606965174129,33162.213188866874,3,node+edge+subgraph+dynamic,170,0.6746055999974487,242.39248329991824,betweenness,facebook_combined,6
0.1287301217318424,0.194373929226716,0.625,0.4477611940298507,35269.43427717313,3,node+edge+subgraph+dynamic,170,0.6819107999981497,242.39248329991824,betweenness,facebook_combined,7
0.1031340526976509,0.1551133827445158,0.675,0.4477611940298507,31968.867484942723,3,node+edge+subgraph+dynamic,170,0.6862838000015472,242.39248329991824,betweenness,facebook_combined,8
0.1033947480728481,0.1550394907743762,0.675,0.4328358208955223,2322849.309593857,3,node+edge+subgraph+dynamic,170,0.6911833999984083,242.39248329991824,betweenness,facebook_combined,9
0.2691515809946159,0.3899524309050017,0.075,0.2039800995024875,0.1999584435510626,0,node,2,0.033674999998766,4.180000178166665e-05,spread_resid,facebook_combined,0
0.2666561162240241,0.3869158138950546,0.0,0.2039800995024875,0.1999367109283568,0,node,2,0.0252582000030088,4.180000178166665e-05,spread_resid,facebook_combined,1
0.2655965556859993,0.3845376074839528,0.1,0.2238805970149253,0.2000139302879622,0,node,2,0.027779099997133,4.180000178166665e-05,spread_resid,facebook_combined,2
0.268662899278562,0.3885743449010167,0.1,0.1990049751243781,0.1999154434336043,0,node,2,0.0257701000009547,4.180000178166665e-05,spread_resid,facebook_combined,3
0.2690485405912801,0.3894730237038551,0.075,0.1990049751243781,0.2000762407927541,0,node,2,0.024811099996441,4.180000178166665e-05,spread_resid,facebook_combined,4
0.26616012937087,0.3856775025120924,0.025,0.1791044776119403,0.1999016192575264,0,node,2,0.0258022999987588,4.180000178166665e-05,spread_resid,facebook_combined,5
0.2648575753056605,0.3832546812046174,0.075,0.2338308457711442,0.199902020337076,0,node,2,0.0256059000021195,4.180000178166665e-05,spread_resid,facebook_combined,6
0.2629497569696467,0.3811531888364635,0.15,0.1840796019900497,0.2002431084153836,0,node,2,0.0247696999940671,4.180000178166665e-05,spread_resid,facebook_combined,7
0.2678504654579686,0.3878145000056228,0.05,0.2238805970149253,0.1999227500603526,0,node,2,0.0249985999980708,4.180000178166665e-05,spread_resid,facebook_combined,8
0.2606445627515562,0.3780049272808959,0.05,0.1393034825870646,0.200133570066105,0,node,2,0.024911599997722,4.180000178166665e-05,spread_resid,facebook_combined,9
0.2691515809946159,0.3899524309050017,0.075,0.2039800995024875,0.1999584435510626,0,node+edge,2,0.0408652999976766,4.180000178166665e-05,spread_resid,facebook_combined,0
0.2666561162240241,0.3869158138950546,0.0,0.2039800995024875,0.1999367109283568,0,node+edge,2,0.0266647000025841,4.180000178166665e-05,spread_resid,facebook_combined,1
0.2655965556859993,0.3845376074839528,0.1,0.2238805970149253,0.2000139302879622,0,node+edge,2,0.0264515000017127,4.180000178166665e-05,spread_resid,facebook_combined,2
0.268662899278562,0.3885743449010167,0.1,0.1990049751243781,0.1999154434336043,0,node+edge,2,0.0257255999968037,4.180000178166665e-05,spread_resid,facebook_combined,3
0.2690485405912801,0.3894730237038551,0.075,0.1990049751243781,0.2000762407927541,0,node+edge,2,0.0258046000017202,4.180000178166665e-05,spread_resid,facebook_combined,4
0.26616012937087,0.3856775025120924,0.025,0.1791044776119403,0.1999016192575264,0,node+edge,2,0.0256474000052548,4.180000178166665e-05,spread_resid,facebook_combined,5
0.2648575753056605,0.3832546812046174,0.075,0.2338308457711442,0.199902020337076,0,node+edge,2,0.0255106000040541,4.180000178166665e-05,spread_resid,facebook_combined,6
0.2629497569696467,0.3811531888364635,0.15,0.1840796019900497,0.2002431084153836,0,node+edge,2,0.0266755000047851,4.180000178166665e-05,spread_resid,facebook_combined,7
0.2678504654579686,0.3878145000056228,0.05,0.2238805970149253,0.1999227500603526,0,node+edge,2,0.0254248999990522,4.180000178166665e-05,spread_resid,facebook_combined,8
0.2606445627515562,0.3780049272808959,0.05,0.1393034825870646,0.200133570066105,0,node+edge,2,0.0277179999975487,4.180000178166665e-05,spread_resid,facebook_combined,9
0.2691515809946159,0.3899524309050017,0.075,0.2039800995024875,0.1999584435510626,0,node+edge+subgraph,2,0.0364898999978322,4.180000178166665e-05,spread_resid,facebook_combined,0
0.2666561162240241,0.3869158138950546,0.0,0.2039800995024875,0.1999367109283568,0,node+edge+subgraph,2,0.0335673000008682,4.180000178166665e-05,spread_resid,facebook_combined,1
0.2655965556859993,0.3845376074839528,0.1,0.2238805970149253,0.2000139302879622,0,node+edge+subgraph,2,0.0266288999991957,4.180000178166665e-05,spread_resid,facebook_combined,2
0.268662899278562,0.3885743449010167,0.1,0.1990049751243781,0.1999154434336043,0,node+edge+subgraph,2,0.0249088999989908,4.180000178166665e-05,spread_resid,facebook_combined,3
0.2690485405912801,0.3894730237038551,0.075,0.1990049751243781,0.2000762407927541,0,node+edge+subgraph,2,0.0254477999988012,4.180000178166665e-05,spread_resid,facebook_combined,4
0.26616012937087,0.3856775025120924,0.025,0.1791044776119403,0.1999016192575264,0,node+edge+subgraph,2,0.0247690000032889,4.180000178166665e-05,spread_resid,facebook_combined,5
0.2648575753056605,0.3832546812046174,0.075,0.2338308457711442,0.199902020337076,0,node+edge+subgraph,2,0.0257506999987526,4.180000178166665e-05,spread_resid,facebook_combined,6
0.2629497569696467,0.3811531888364635,0.15,0.1840796019900497,0.2002431084153836,0,node+edge+subgraph,2,0.0247803000020212,4.180000178166665e-05,spread_resid,facebook_combined,7
0.2678504654579686,0.3878145000056228,0.05,0.2238805970149253,0.1999227500603526,0,node+edge+subgraph,2,0.0243374999990919,4.180000178166665e-05,spread_resid,facebook_combined,8
0.2606445627515562,0.3780049272808959,0.05,0.1393034825870646,0.200133570066105,0,node+edge+subgraph,2,0.0268061999959172,4.180000178166665e-05,spread_resid,facebook_combined,9
0.2691515809946159,0.3899524309050017,0.075,0.2039800995024875,0.1999584435510626,0,node+edge+subgraph+dynamic,2,0.0382417000000714,4.180000178166665e-05,spread_resid,facebook_combined,0
0.2666561162240241,0.3869158138950546,0.0,0.2039800995024875,0.1999367109283568,0,node+edge+subgraph+dynamic,2,0.0263121000025421,4.180000178166665e-05,spread_resid,facebook_combined,1
0.2655965556859993,0.3845376074839528,0.1,0.2238805970149253,0.2000139302879622,0,node+edge+subgraph+dynamic,2,0.0248699000003398,4.180000178166665e-05,spread_resid,facebook_combined,2
0.268662899278562,0.3885743449010167,0.1,0.1990049751243781,0.1999154434336043,0,node+edge+subgraph+dynamic,2,0.025214599998435,4.180000178166665e-05,spread_resid,facebook_combined,3
0.2690485405912801,0.3894730237038551,0.075,0.1990049751243781,0.2000762407927541,0,node+edge+subgraph+dynamic,2,0.0310969999991357,4.180000178166665e-05,spread_resid,facebook_combined,4
0.26616012937087,0.3856775025120924,0.025,0.1791044776119403,0.1999016192575264,0,node+edge+subgraph+dynamic,2,0.0250690999964717,4.180000178166665e-05,spread_resid,facebook_combined,5
0.2648575753056605,0.3832546812046174,0.075,0.2338308457711442,0.199902020337076,0,node+edge+subgraph+dynamic,2,0.0251238999990164,4.180000178166665e-05,spread_resid,facebook_combined,6
0.2629497569696467,0.3811531888364635,0.15,0.1840796019900497,0.2002431084153836,0,node+edge+subgraph+dynamic,2,0.0257842999999411,4.180000178166665e-05,spread_resid,facebook_combined,7
0.2678504654579686,0.3878145000056228,0.05,0.2238805970149253,0.1999227500603526,0,node+edge+subgraph+dynamic,2,0.0258132000017212,4.180000178166665e-05,spread_resid,facebook_combined,8
0.2606445627515562,0.3780049272808959,0.05,0.1393034825870646,0.200133570066105,0,node+edge+subgraph+dynamic,2,0.0400792000000365,4.180000178166665e-05,spread_resid,facebook_combined,9
0.4950765988456237,0.6601691940349853,0.3,0.5223880597014925,0.154418002741804,1,node,17,0.0855855999980121,1.836423400018248,spread_resid,facebook_combined,0
0.4855880767957671,0.6510230049135312,0.3,0.5373134328358209,0.1492059417897258,1,node,17,0.0870330999969155,1.836423400018248,spread_resid,facebook_combined,1
0.4859650742821313,0.6507024858821435,0.325,0.5323383084577115,0.148244966755604,1,node,17,0.0850537000005715,1.836423400018248,spread_resid,facebook_combined,2
0.4878285575758404,0.6530310579914952,0.3,0.5373134328358209,0.1490779247802519,1,node,17,0.0717793000003439,1.836423400018248,spread_resid,facebook_combined,3
0.4919050756042528,0.6572227339298051,0.325,0.5323383084577115,0.1549503993017866,1,node,17,0.0824652000010246,1.836423400018248,spread_resid,facebook_combined,4
0.4880714573948218,0.6537961634271696,0.325,0.5223880597014925,0.148977294205752,1,node,17,0.0807519000009051,1.836423400018248,spread_resid,facebook_combined,5
0.4849218583977777,0.6501059691698333,0.25,0.5373134328358209,0.1483356096150659,1,node,17,0.0770608000020729,1.836423400018248,spread_resid,facebook_combined,6
0.4936699368591574,0.6587116171186086,0.3,0.5373134328358209,0.1550818233736226,1,node,17,0.0689309000008506,1.836423400018248,spread_resid,facebook_combined,7
0.4943356959416176,0.6595466705097393,0.325,0.5422885572139303,0.1530382773628883,1,node,17,0.0687198000014177,1.836423400018248,spread_resid,facebook_combined,8
0.4925306163803457,0.6576102260079614,0.275,0.5323383084577115,0.1510482383233786,1,node,17,0.0825381000031484,1.836423400018248,spread_resid,facebook_combined,9
0.5069338540049213,0.6795226041936037,0.175,0.5223880597014925,0.1429075505189453,1,node+edge,38,0.123330900001747,2.849816000019928,spread_resid,facebook_combined,0
0.5060337575517905,0.6776980403593738,0.15,0.5373134328358209,0.1436334814893232,1,node+edge,38,0.115692699997453,2.849816000019928,spread_resid,facebook_combined,1
0.5065733878819492,0.6782959710964294,0.2,0.5323383084577115,0.1434127613650827,1,node+edge,38,0.1123097000017878,2.849816000019928,spread_resid,facebook_combined,2
0.5060961125989581,0.6780261639839712,0.225,0.5373134328358209,0.1431040245641501,1,node+edge,38,0.1135558000023593,2.849816000019928,spread_resid,facebook_combined,3
0.5074241386723501,0.6792685762584029,0.175,0.5323383084577115,0.1530425880536426,1,node+edge,38,0.1128318999981274,2.849816000019928,spread_resid,facebook_combined,4
0.5078424858749379,0.6800334227668362,0.225,0.5373134328358209,0.1428048828808427,1,node+edge,38,0.112081199993554,2.849816000019928,spread_resid,facebook_combined,5
0.5082872331975782,0.680757367676065,0.2,0.5373134328358209,0.1442668818833353,1,node+edge,38,0.1177068999968469,2.849816000019928,spread_resid,facebook_combined,6
0.5074020323581869,0.6795273019316306,0.25,0.527363184079602,0.1435378263389549,1,node+edge,38,0.1118611999991117,2.849816000019928,spread_resid,facebook_combined,7
0.5073592620245292,0.6796606752364466,0.175,0.5373134328358209,0.1431203543228727,1,node+edge,38,0.1217322000011336,2.849816000019928,spread_resid,facebook_combined,8
0.5080768918545829,0.6805297757232293,0.2,0.5373134328358209,0.1428567745647546,1,node+edge,38,0.1152444999970612,2.849816000019928,spread_resid,facebook_combined,9
0.6449495522722879,0.8293059212946398,0.325,0.4975124378109453,0.1266188335189012,2,node,35,0.1223594999974011,3.628884799938533,spread_resid,facebook_combined,0
0.6464816734327237,0.8301860776863579,0.275,0.5124378109452736,0.1199652091005319,2,node,35,0.113003699996625,3.628884799938533,spread_resid,facebook_combined,1
0.6447901175084572,0.8287011318259857,0.325,0.5074626865671642,0.1205367803339534,2,node,35,0.113009200002125,3.628884799938533,spread_resid,facebook_combined,2
0.6450902322647734,0.8283472822812644,0.3,0.5174129353233831,0.1217324092856878,2,node,35,0.110759399998642,3.628884799938533,spread_resid,facebook_combined,3
0.6460732217061304,0.8300785746827675,0.375,0.5124378109452736,0.125529879019174,2,node,35,0.1129540000038105,3.628884799938533,spread_resid,facebook_combined,4
0.6444317931347652,0.8290837781582481,0.2,0.5174129353233831,0.1206201335138145,2,node,35,0.1062829000002238,3.628884799938533,spread_resid,facebook_combined,5
0.6443366282761779,0.8286002006805789,0.3,0.5124378109452736,0.1224239690269019,2,node,35,0.1140028000008896,3.628884799938533,spread_resid,facebook_combined,6
0.6447219272472875,0.8282241687728097,0.325,0.5124378109452736,0.1265557258789248,2,node,35,0.1185270999994827,3.628884799938533,spread_resid,facebook_combined,7
0.6476437966553287,0.8316631045872817,0.325,0.5174129353233831,0.1227377058786617,2,node,35,0.1129110000038053,3.628884799938533,spread_resid,facebook_combined,8
0.6462365760192749,0.8301205657213072,0.3,0.527363184079602,0.1341837188286762,2,node,35,0.1055564999987836,3.628884799938533,spread_resid,facebook_combined,9
0.6697553408794547,0.8473217244708189,0.275,0.5572139303482587,0.10627480196689,2,node+edge,80,0.2999808999957167,4.6422773999402125,spread_resid,facebook_combined,0
0.6687783926319607,0.8461160052742164,0.275,0.5522388059701493,0.1060215935989972,2,node+edge,80,0.2951855999999679,4.6422773999402125,spread_resid,facebook_combined,1
0.6695501424612367,0.847334071190208,0.275,0.5621890547263682,0.1063272007952324,2,node+edge,80,0.2954852999973809,4.6422773999402125,spread_resid,facebook_combined,2
0.669336440284042,0.8467921000225344,0.3,0.5621890547263682,0.1068194224776562,2,node+edge,80,0.2852689999999711,4.6422773999402125,spread_resid,facebook_combined,3
0.6706235635080096,0.8482732309991182,0.325,0.5671641791044776,0.1172700616289551,2,node+edge,80,0.2886564000000362,4.6422773999402125,spread_resid,facebook_combined,4
0.6712496274377528,0.8487341754583002,0.2,0.5572139303482587,0.1045338706093644,2,node+edge,80,0.2992233000040869,4.6422773999402125,spread_resid,facebook_combined,5
0.6698316182971801,0.8474146505258672,0.275,0.5572139303482587,0.1051576204327164,2,node+edge,80,0.2828694999989238,4.6422773999402125,spread_resid,facebook_combined,6
0.6704879349120809,0.8479377548768412,0.35,0.5671641791044776,0.1046921748919443,2,node+edge,80,0.2888281000050483,4.6422773999402125,spread_resid,facebook_combined,7
0.6691735058345923,0.8464545918346654,0.225,0.5671641791044776,0.1070748432872563,2,node+edge,80,0.2872182999999495,4.6422773999402125,spread_resid,facebook_combined,8
0.670713899082329,0.8484454922407061,0.25,0.5572139303482587,0.1178497112034944,2,node+edge,80,0.2978234000038355,4.6422773999402125,spread_resid,facebook_combined,9
0.681393308909777,0.8574127916324541,0.3,0.5621890547263682,0.0997849335698895,2,node+edge+subgraph,144,0.5834797999996226,240.36142989994187,spread_resid,facebook_combined,0
0.6814637928143693,0.8552193147331293,0.275,0.582089552238806,0.2754984554546685,2,node+edge+subgraph,144,0.5833509000003687,240.36142989994187,spread_resid,facebook_combined,1
0.6818920133141088,0.8567098248347519,0.325,0.5771144278606966,0.1191723816234417,2,node+edge+subgraph,144,0.5714554000005592,240.36142989994187,spread_resid,facebook_combined,2
0.6804031258601624,0.8551688218249377,0.35,0.5671641791044776,0.1037245208425115,2,node+edge+subgraph,144,0.5712207999968086,240.36142989994187,spread_resid,facebook_combined,3
0.6822209178501578,0.8564982732632501,0.325,0.5771144278606966,2.748720473216457,2,node+edge+subgraph,144,0.5663117000003695,240.36142989994187,spread_resid,facebook_combined,4
0.6813784370542296,0.8571964821406368,0.3,0.5771144278606966,0.1061555377661597,2,node+edge+subgraph,144,0.5720366000023205,240.36142989994187,spread_resid,facebook_combined,5
0.6817526305955175,0.8575039691751708,0.3,0.5771144278606966,0.1004405627704331,2,node+edge+subgraph,144,0.5786647999993875,240.36142989994187,spread_resid,facebook_combined,6
0.6807921910820637,0.854620926283597,0.325,0.5771144278606966,0.1209914098305705,2,node+edge+subgraph,144,0.5700033000030089,240.36142989994187,spread_resid,facebook_combined,7
0.6812485276796848,0.8565560355671439,0.35,0.572139303482587,0.1011432239559937,2,node+edge+subgraph,144,0.5782818000006955,240.36142989994187,spread_resid,facebook_combined,8
0.6794436655777459,0.8552116005769249,0.35,0.572139303482587,0.8807139023629963,2,node+edge+subgraph,144,0.5721125999989454,240.36142989994187,spread_resid,facebook_combined,9
0.6813390203292317,0.8573907342315676,0.3,0.5621890547263682,0.0998097458387022,2,node+edge+subgraph+dynamic,145,0.5727329000001191,240.36142989994187,spread_resid,facebook_combined,0
0.6814621595644015,0.8552140748291406,0.275,0.582089552238806,0.2756131737723302,2,node+edge+subgraph+dynamic,145,0.5750127999999677,240.36142989994187,spread_resid,facebook_combined,1
0.6818973254040915,0.8567091018279192,0.325,0.5771144278606966,0.1192995258448744,2,node+edge+subgraph+dynamic,145,0.5899736999999732,240.36142989994187,spread_resid,facebook_combined,2
0.6804366429847126,0.8551987026835353,0.35,0.5671641791044776,0.1037406103330423,2,node+edge+subgraph+dynamic,145,0.5711785999956192,240.36142989994187,spread_resid,facebook_combined,3
0.6822223836864074,0.8565061066727397,0.325,0.5771144278606966,2.748767667698088,2,node+edge+subgraph+dynamic,145,0.5828804999982822,240.36142989994187,spread_resid,facebook_combined,4
0.6813667481523278,0.8571962969107018,0.3,0.5771144278606966,0.1062827429854684,2,node+edge+subgraph+dynamic,145,0.5629721000004793,240.36142989994187,spread_resid,facebook_combined,5
0.6817467360423342,0.8575117196280961,0.3,0.5771144278606966,0.1004394292447492,2,node+edge+subgraph+dynamic,145,0.5718503000025521,240.36142989994187,spread_resid,facebook_combined,6
0.6807933364931187,0.854629242469187,0.325,0.5771144278606966,0.1212508993323455,2,node+edge+subgraph+dynamic,145,0.5606534000035026,240.36142989994187,spread_resid,facebook_combined,7
0.6812500854599912,0.8565618986623345,0.35,0.5771144278606966,0.1012824794296984,2,node+edge+subgraph+dynamic,145,0.5604761999929906,240.36142989994187,spread_resid,facebook_combined,8
0.6794605075155693,0.855220794754068,0.35,0.572139303482587,0.8751367628225302,2,node+edge+subgraph+dynamic,145,0.5613669000013033,240.36142989994187,spread_resid,facebook_combined,9
0.6571015063987837,0.838274353541839,0.3,0.5572139303482587,0.1195518578173347,3,node,45,0.2036605000030249,5.6599381999149045,spread_resid,facebook_combined,0
0.6585014399516879,0.8390577354388493,0.3,0.5621890547263682,0.1148909743322873,3,node,45,0.1965540000019245,5.6599381999149045,spread_resid,facebook_combined,1
0.657353952152736,0.838052088038043,0.275,0.5422885572139303,0.1155188239153686,3,node,45,0.2047354000023915,5.6599381999149045,spread_resid,facebook_combined,2
0.6580895682188057,0.8388575760179116,0.25,0.5522388059701493,0.1157484732422282,3,node,45,0.1919562999974005,5.6599381999149045,spread_resid,facebook_combined,3
0.6614062929020259,0.8420649233357448,0.325,0.5572139303482587,0.11762741895798,3,node,45,0.1980124000037904,5.6599381999149045,spread_resid,facebook_combined,4
0.6587438387716406,0.8396483911613978,0.225,0.5422885572139303,0.1156148193565768,3,node,45,0.1766975999998976,5.6599381999149045,spread_resid,facebook_combined,5
0.6577542143144111,0.8384940776171947,0.25,0.5472636815920398,0.1127923363800873,3,node,45,0.1800742999985232,5.6599381999149045,spread_resid,facebook_combined,6
0.6593829828233453,0.8399585324222438,0.325,0.5671641791044776,0.1184384164147793,3,node,45,0.1839212000049883,5.6599381999149045,spread_resid,facebook_combined,7
0.6610953896294383,0.841699260095539,0.25,0.5572139303482587,0.1149519091080592,3,node,45,0.1816181000031065,5.6599381999149045,spread_resid,facebook_combined,8
0.6608900262685804,0.8413236681767785,0.25,0.5671641791044776,0.1219631050399233,3,node,45,0.1794497000009869,5.6599381999149045,spread_resid,facebook_combined,9
0.6827460760988991,0.8576995023556392,0.225,0.5920398009950248,0.103118351586597,3,node+edge,93,0.3733107000007294,6.6733307999165845,spread_resid,facebook_combined,0
0.6818287419206474,0.85699456095214,0.275,0.5870646766169154,0.1040695971707498,3,node+edge,93,0.3592692999955034,6.6733307999165845,spread_resid,facebook_combined,1
0.6809102392277298,0.8559755141879514,0.25,0.582089552238806,0.1060979438886187,3,node+edge,93,0.371648100001039,6.6733307999165845,spread_resid,facebook_combined,2
0.6814036206467756,0.8564646412357634,0.225,0.5870646766169154,0.1063604467219571,3,node+edge,93,0.3818128999992041,6.6733307999165845,spread_resid,facebook_combined,3
0.6832944974835934,0.8582518848497135,0.3,0.6019900497512438,0.1108173172809131,3,node+edge,93,0.3740035999944666,6.6733307999165845,spread_resid,facebook_combined,4
0.6843035700619936,0.8591207415201018,0.175,0.582089552238806,0.10313670197452,3,node+edge,93,0.3852614000061294,6.6733307999165845,spread_resid,facebook_combined,5
0.6823163152605323,0.8572007083596969,0.25,0.5870646766169154,0.1043966337180314,3,node+edge,93,0.3771493000022019,6.6733307999165845,spread_resid,facebook_combined,6
0.6825905155179576,0.8576829335194402,0.275,0.5920398009950248,0.1014945500825998,3,node+edge,93,0.3778842999963672,6.6733307999165845,spread_resid,facebook_combined,7
0.6822813989825325,0.8569211902270073,0.225,0.5870646766169154,0.10270553815404,3,node+edge,93,0.3773376999961328,6.6733307999165845,spread_resid,facebook_combined,8
0.6820301752671971,0.8574640211944777,0.275,0.5920398009950248,0.1750484692499764,3,node+edge,93,0.372517700001481,6.6733307999165845,spread_resid,facebook_combined,9
0.6957959172325993,0.8670089507488004,0.275,0.5920398009950248,0.096569547336117,3,node+edge+subgraph,168,0.6843898999941302,242.39248329991824,spread_resid,facebook_combined,0
0.6929861699966882,0.8632616049673087,0.225,0.5920398009950248,0.3064206444278691,3,node+edge+subgraph,168,0.6757160000051954,242.39248329991824,spread_resid,facebook_combined,1
0.694598746774994,0.8661212257014642,0.275,0.5920398009950248,0.1337965477904635,3,node+edge+subgraph,168,0.7003564999977243,242.39248329991824,spread_resid,facebook_combined,2
0.6939371165582714,0.86429099722046,0.25,0.5870646766169154,0.1002177887192071,3,node+edge+subgraph,168,0.6714263000030769,242.39248329991824,spread_resid,facebook_combined,3
0.692594339615216,0.8636351109655129,0.25,0.5970149253731343,0.105895537789841,3,node+edge+subgraph,168,0.6713968999974895,242.39248329991824,spread_resid,facebook_combined,4
0.6963479325109105,0.8680281405401913,0.225,0.5870646766169154,0.103458090987026,3,node+edge+subgraph,168,0.744389700004831,242.39248329991824,spread_resid,facebook_combined,5
0.6970165211183239,0.8677380825611873,0.275,0.5970149253731343,0.3177570877397259,3,node+edge+subgraph,168,0.7408683999965433,242.39248329991824,spread_resid,facebook_combined,6
0.6941802640174988,0.8640396892231106,0.275,0.6069651741293532,0.1573501291050676,3,node+edge+subgraph,168,0.7367473000049358,242.39248329991824,spread_resid,facebook_combined,7
0.6956780434600492,0.8668491501731587,0.275,0.5970149253731343,0.0985295807517751,3,node+edge+subgraph,168,0.7477123999997275,242.39248329991824,spread_resid,facebook_combined,8
0.6949519153415128,0.8659245382732096,0.275,0.6019900497512438,2.6824849175358776,3,node+edge+subgraph,168,0.7290047999995295,242.39248329991824,spread_resid,facebook_combined,9
0.6957158880500764,0.8669682237614778,0.275,0.5970149253731343,0.0967590285053344,3,node+edge+subgraph+dynamic,170,0.7032536000042455,242.39248329991824,spread_resid,facebook_combined,0
0.6929783969896894,0.8632415955785189,0.225,0.5870646766169154,0.3087129375661746,3,node+edge+subgraph+dynamic,170,0.698451299998851,242.39248329991824,spread_resid,facebook_combined,1
0.6946276874032952,0.8661370056558948,0.275,0.5920398009950248,0.1384189398861289,3,node+edge+subgraph+dynamic,170,0.6817673000041395,242.39248329991824,spread_resid,facebook_combined,2
0.693922896517868,0.8642981571475977,0.25,0.5870646766169154,0.1000642141280615,3,node+edge+subgraph+dynamic,170,0.6957554000036907,242.39248329991824,spread_resid,facebook_combined,3
0.6918431892801468,0.8631603813539481,0.275,0.5970149253731343,0.1416317940538439,3,node+edge+subgraph+dynamic,170,0.6861043000026257,242.39248329991824,spread_resid,facebook_combined,4
0.695449397512294,0.8674732954671989,0.25,0.582089552238806,0.1039281523663334,3,node+edge+subgraph+dynamic,170,0.6958692999978666,242.39248329991824,spread_resid,facebook_combined,5
0.6969989423201062,0.8677287861615269,0.275,0.5970149253731343,0.3179144970689223,3,node+edge+subgraph+dynamic,170,0.6844264000028488,242.39248329991824,spread_resid,facebook_combined,6
0.69419645115553,0.864052118751481,0.275,0.6069651741293532,0.1581639702405776,3,node+edge+subgraph+dynamic,170,0.6806451000011293,242.39248329991824,spread_resid,facebook_combined,7
0.6956708616296964,0.8668583938397468,0.275,0.5970149253731343,0.0990167968986033,3,node+edge+subgraph+dynamic,170,0.6965850999986287,242.39248329991824,spread_resid,facebook_combined,8
0.6949722770877281,0.8659371664709413,0.275,0.6019900497512438,2.670068546448612,3,node+edge+subgraph+dynamic,170,0.7028236000041943,242.39248329991824,spread_resid,facebook_combined,9
0.5612907756744345,0.7283086387114713,0.75,0.9950248756218906,6.27689631924395,1,node+edge+subgraph,56,0.33715909998863935,238.56896850002158,spread_mean,facebook_combined,0
0.5710335299389097,0.7374660608648649,0.725,0.9950248756218906,12.36709475520426,1,node+edge+subgraph,56,0.380152800003998,238.56896850002158,spread_mean,facebook_combined,1
0.5609711849547013,0.72882393781829,0.7,0.9900497512437811,2.7098107491448298,1,node+edge+subgraph,56,0.38550030000624247,238.56896850002158,spread_mean,facebook_combined,2
0.5708056569589486,0.7361298875339863,0.725,0.9850746268656716,4.771691941518772,1,node+edge+subgraph,56,0.33462589999544434,238.56896850002158,spread_mean,facebook_combined,3
0.5548222264578062,0.7235414708598316,0.675,0.9950248756218906,9.374794837943545,1,node+edge+subgraph,56,0.3432131999870762,238.56896850002158,spread_mean,facebook_combined,4
0.5649044171089609,0.7307331255555608,0.725,0.9950248756218906,14.708442807064795,1,node+edge+subgraph,56,0.41482649999670684,238.56896850002158,spread_mean,facebook_combined,5
0.5706924999781993,0.7389692926497967,0.725,0.9900497512437811,3.424157735162073,1,node+edge+subgraph,56,0.46076909999828786,238.56896850002158,spread_mean,facebook_combined,6
0.5610619990692524,0.7273275654254645,0.725,0.9900497512437811,6.46010317628714,1,node+edge+subgraph,56,0.41663469999912195,238.56896850002158,spread_mean,facebook_combined,7
0.5593444485302986,0.7290767722584076,0.7,0.9950248756218906,2.1888353921766948,1,node+edge+subgraph,56,0.40232639998430386,238.56896850002158,spread_mean,facebook_combined,8
0.5700612633793524,0.7342283939587412,0.675,0.9800995024875622,35.39801698590128,1,node+edge+subgraph,56,0.415711099980399,238.56896850002158,spread_mean,facebook_combined,9
0.5612907756744345,0.7283086387114713,0.75,0.9950248756218906,6.27689631924395,1,node+edge+subgraph+dynamic,56,0.3583537999948021,238.56896850002158,spread_mean,facebook_combined,0
0.5710335299389097,0.7374660608648649,0.725,0.9950248756218906,12.36709475520426,1,node+edge+subgraph+dynamic,56,0.3477677000046242,238.56896850002158,spread_mean,facebook_combined,1
0.5609711849547013,0.72882393781829,0.7,0.9900497512437811,2.7098107491448298,1,node+edge+subgraph+dynamic,56,0.4004105000058189,238.56896850002158,spread_mean,facebook_combined,2
0.5708056569589486,0.7361298875339863,0.725,0.9850746268656716,4.771691941518772,1,node+edge+subgraph+dynamic,56,0.36741560001973994,238.56896850002158,spread_mean,facebook_combined,3
0.5548222264578062,0.7235414708598316,0.675,0.9950248756218906,9.374794837943545,1,node+edge+subgraph+dynamic,56,0.32707540001138113,238.56896850002158,spread_mean,facebook_combined,4
0.5649044171089609,0.7307331255555608,0.725,0.9950248756218906,14.708442807064795,1,node+edge+subgraph+dynamic,56,0.3377355999837164,238.56896850002158,spread_mean,facebook_combined,5
0.5706924999781993,0.7389692926497967,0.725,0.9900497512437811,3.424157735162073,1,node+edge+subgraph+dynamic,56,0.34097429999383166,238.56896850002158,spread_mean,facebook_combined,6
0.5610619990692524,0.7273275654254645,0.725,0.9900497512437811,6.46010317628714,1,node+edge+subgraph+dynamic,56,0.31594320002477616,238.56896850002158,spread_mean,facebook_combined,7
0.5593444485302986,0.7290767722584076,0.7,0.9950248756218906,2.1888353921766948,1,node+edge+subgraph+dynamic,56,0.34587930000270717,238.56896850002158,spread_mean,facebook_combined,8
0.5700612633793524,0.7342283939587412,0.675,0.9800995024875622,35.39801698590128,1,node+edge+subgraph+dynamic,56,0.32848749999538995,238.56896850002158,spread_mean,facebook_combined,9
0.5457033591525368,0.7415218357211875,0.0,0.04975124378109453,1.2770036823244608,1,node+edge+subgraph,56,0.3047344000078738,238.56896850002158,spread_cv,facebook_combined,0
0.542887689712703,0.7379591401111237,0.0,0.05472636815920398,1.1039437525552627,1,node+edge+subgraph,56,0.3124983000161592,238.56896850002158,spread_cv,facebook_combined,1
0.5449592700840481,0.740583117991044,0.0,0.04975124378109453,1.120570398863959,1,node+edge+subgraph,56,0.3195449000049848,238.56896850002158,spread_cv,facebook_combined,2
0.5448617019800209,0.7395485759006194,0.0,0.05472636815920398,1.087779406251139,1,node+edge+subgraph,56,0.3040095000178553,238.56896850002158,spread_cv,facebook_combined,3
0.5467892718727528,0.7420221591115836,0.0,0.05472636815920398,6.989818165051322,1,node+edge+subgraph,56,0.30567669999436475,238.56896850002158,spread_cv,facebook_combined,4
0.5449775975719734,0.740179804768623,0.0,0.05472636815920398,1.0969841368462494,1,node+edge+subgraph,56,0.3143332999898121,238.56896850002158,spread_cv,facebook_combined,5
0.543892778276886,0.7392419964233992,0.0,0.04975124378109453,1.1333368039703682,1,node+edge+subgraph,56,0.3011508000199683,238.56896850002158,spread_cv,facebook_combined,6
0.5448021487639447,0.7413575085133993,0.0,0.04975124378109453,1.240646707464214,1,node+edge+subgraph,56,0.26755339998635463,238.56896850002158,spread_cv,facebook_combined,7
0.5463844397387536,0.7417637124762947,0.0,0.04975124378109453,1.1351730701200236,1,node+edge+subgraph,56,0.2702188999974169,238.56896850002158,spread_cv,facebook_combined,8
0.5451118202968609,0.7415733403635995,0.0,0.04975124378109453,48.14157730845205,1,node+edge+subgraph,56,0.2902701999992132,238.56896850002158,spread_cv,facebook_combined,9
0.5457033591525368,0.7415218357211875,0.0,0.04975124378109453,1.2770036823244608,1,node+edge+subgraph+dynamic,56,0.33378459999221377,238.56896850002158,spread_cv,facebook_combined,0
0.542887689712703,0.7379591401111237,0.0,0.05472636815920398,1.1039437525552627,1,node+edge+subgraph+dynamic,56,0.28319429999100976,238.56896850002158,spread_cv,facebook_combined,1
0.5449592700840481,0.740583117991044,0.0,0.04975124378109453,1.120570398863959,1,node+edge+subgraph+dynamic,56,0.2731410999840591,238.56896850002158,spread_cv,facebook_combined,2
0.5448617019800209,0.7395485759006194,0.0,0.05472636815920398,1.087779406251139,1,node+edge+subgraph+dynamic,56,0.2891525999875739,238.56896850002158,spread_cv,facebook_combined,3
0.5467892718727528,0.7420221591115836,0.0,0.05472636815920398,6.989818165051322,1,node+edge+subgraph+dynamic,56,0.2796444999985397,238.56896850002158,spread_cv,facebook_combined,4
0.5449775975719734,0.740179804768623,0.0,0.05472636815920398,1.0969841368462494,1,node+edge+subgraph+dynamic,56,0.2761543999949936,238.56896850002158,spread_cv,facebook_combined,5
0.543892778276886,0.7392419964233992,0.0,0.04975124378109453,1.1333368039703682,1,node+edge+subgraph+dynamic,56,0.2714456999965478,238.56896850002158,spread_cv,facebook_combined,6
0.5448021487639447,0.7413575085133993,0.0,0.04975124378109453,1.240646707464214,1,node+edge+subgraph+dynamic,56,0.29746579998754896,238.56896850002158,spread_cv,facebook_combined,7
0.5463844397387536,0.7417637124762947,0.0,0.04975124378109453,1.1351730701200236,1,node+edge+subgraph+dynamic,56,0.2784383999824058,238.56896850002158,spread_cv,facebook_combined,8
0.5451118202968609,0.7415733403635995,0.0,0.04975124378109453,48.14157730845205,1,node+edge+subgraph+dynamic,56,0.27420620000339113,238.56896850002158,spread_cv,facebook_combined,9
0.5072331621259234,0.6804864671543485,0.2,0.5174129353233831,0.1469388967687316,1,node+edge+subgraph,56,0.28229279999504797,238.56896850002158,spread_resid,facebook_combined,0
0.5030522567457957,0.6740761344891701,0.25,0.527363184079602,0.16887846367715606,1,node+edge+subgraph,56,0.2912218999990728,238.56896850002158,spread_resid,facebook_combined,1
0.5079547817272814,0.6807035529641379,0.225,0.527363184079602,0.1419566295844608,1,node+edge+subgraph,56,0.28621710001607426,238.56896850002158,spread_resid,facebook_combined,2
0.5044580852440419,0.6759159235286675,0.225,0.5323383084577115,0.16873856269177287,1,node+edge+subgraph,56,0.306312100001378,238.56896850002158,spread_resid,facebook_combined,3
0.5054704282579585,0.6777192820617142,0.3,0.5323383084577115,0.819575269922735,1,node+edge+subgraph,56,0.28195179998874664,238.56896850002158,spread_resid,facebook_combined,4
0.5046023277482509,0.6770054441869902,0.3,0.5323383084577115,0.17040845103186145,1,node+edge+subgraph,56,0.27618810001877137,238.56896850002158,spread_resid,facebook_combined,5
0.5026451873125545,0.6734474086048717,0.175,0.5373134328358209,0.25589589615830033,1,node+edge+subgraph,56,0.26459950002026744,238.56896850002158,spread_resid,facebook_combined,6
0.5062485755778344,0.6783600599111943,0.3,0.527363184079602,0.15834733051135777,1,node+edge+subgraph,56,0.2803940000012517,238.56896850002158,spread_resid,facebook_combined,7
0.5025742456252301,0.6738458454901533,0.275,0.5422885572139303,0.2606668530993702,1,node+edge+subgraph,56,0.2949052999902051,238.56896850002158,spread_resid,facebook_combined,8
0.5061955343506199,0.6784849189370958,0.225,0.5174129353233831,0.2539802059964138,1,node+edge+subgraph,56,0.27800890000071377,238.56896850002158,spread_resid,facebook_combined,9
0.5072331621259234,0.6804864671543485,0.2,0.5174129353233831,0.1469388967687316,1,node+edge+subgraph+dynamic,56,0.27684199999202974,238.56896850002158,spread_resid,facebook_combined,0
0.5030522567457957,0.6740761344891701,0.25,0.527363184079602,0.16887846367715606,1,node+edge+subgraph+dynamic,56,0.27126539999153465,238.56896850002158,spread_resid,facebook_combined,1
0.5079547817272814,0.6807035529641379,0.225,0.527363184079602,0.1419566295844608,1,node+edge+subgraph+dynamic,56,0.2770386000047438,238.56896850002158,spread_resid,facebook_combined,2
0.5044580852440419,0.6759159235286675,0.225,0.5323383084577115,0.16873856269177287,1,node+edge+subgraph+dynamic,56,0.27959769999142736,238.56896850002158,spread_resid,facebook_combined,3
0.5054704282579585,0.6777192820617142,0.3,0.5323383084577115,0.819575269922735,1,node+edge+subgraph+dynamic,56,0.28079649998107925,238.56896850002158,spread_resid,facebook_combined,4
0.5046023277482509,0.6770054441869902,0.3,0.5323383084577115,0.17040845103186145,1,node+edge+subgraph+dynamic,56,0.27087040001060814,238.56896850002158,spread_resid,facebook_combined,5
0.5026451873125545,0.6734474086048717,0.175,0.5373134328358209,0.25589589615830033,1,node+edge+subgraph+dynamic,56,0.2992292999988422,238.56896850002158,spread_resid,facebook_combined,6
0.5062485755778344,0.6783600599111943,0.3,0.527363184079602,0.15834733051135777,1,node+edge+subgraph+dynamic,56,0.26969350001309067,238.56896850002158,spread_resid,facebook_combined,7
0.5025742456252301,0.6738458454901533,0.275,0.5422885572139303,0.2606668530993702,1,node+edge+subgraph+dynamic,56,0.2613454000093043,238.56896850002158,spread_resid,facebook_combined,8
0.5061955343506199,0.6784849189370958,0.225,0.5174129353233831,0.2539802059964138,1,node+edge+subgraph+dynamic,56,0.26456809998489916,238.56896850002158,spread_resid,facebook_combined,9
0.15345368773407586,0.22059999345688805,0.6,0.417910447761194,173036.32694301094,1,node+edge+subgraph,56,0.28454570000758395,238.56896850002158,betweenness,facebook_combined,0
0.18291370613906635,0.2623163312397285,0.625,0.40298507462686567,71888.805850218,1,node+edge+subgraph,56,0.3008774999761954,238.56896850002158,betweenness,facebook_combined,1
0.1794402122073326,0.26137573517972146,0.55,0.4527363184079602,84700.66718117298,1,node+edge+subgraph,56,0.2701566999894567,238.56896850002158,betweenness,facebook_combined,2
0.1896524041388498,0.27174077342556324,0.6,0.417910447761194,57570.8307882199,1,node+edge+subgraph,56,0.27273719999357127,238.56896850002158,betweenness,facebook_combined,3
0.1927412445188058,0.27564448091493443,0.65,0.4129353233830846,56241.47285051184,1,node+edge+subgraph,56,0.28731339998194017,238.56896850002158,betweenness,facebook_combined,4
0.1875536994651884,0.2703206736609595,0.65,0.417910447761194,33579.767032619995,1,node+edge+subgraph,56,0.27649920000112616,238.56896850002158,betweenness,facebook_combined,5
0.2008169542396799,0.29158778152578746,0.625,0.417910447761194,33151.66747300823,1,node+edge+subgraph,56,0.27043659999617375,238.56896850002158,betweenness,facebook_combined,6
0.1842432150404241,0.26612777006943983,0.575,0.43283582089552236,36734.69584465628,1,node+edge+subgraph,56,0.27223120001144707,238.56896850002158,betweenness,facebook_combined,7
0.1484160235813523,0.21305970396707777,0.6,0.417910447761194,179193.4677405007,1,node+edge+subgraph,56,0.2766330000013113,238.56896850002158,betweenness,facebook_combined,8
0.1479507844382326,0.21259327855630156,0.625,0.39800995024875624,4739571.9637208525,1,node+edge+subgraph,56,0.28076570000848733,238.56896850002158,betweenness,facebook_combined,9
0.15345368773407586,0.22059999345688805,0.6,0.417910447761194,173036.32694301094,1,node+edge+subgraph+dynamic,56,0.2803737999929581,238.56896850002158,betweenness,facebook_combined,0
0.18291370613906635,0.2623163312397285,0.625,0.40298507462686567,71888.805850218,1,node+edge+subgraph+dynamic,56,0.2764309000049252,238.56896850002158,betweenness,facebook_combined,1
0.1794402122073326,0.26137573517972146,0.55,0.4527363184079602,84700.66718117298,1,node+edge+subgraph+dynamic,56,0.2748679000069387,238.56896850002158,betweenness,facebook_combined,2
0.1896524041388498,0.27174077342556324,0.6,0.417910447761194,57570.8307882199,1,node+edge+subgraph+dynamic,56,0.2746581999817863,238.56896850002158,betweenness,facebook_combined,3
0.1927412445188058,0.27564448091493443,0.65,0.4129353233830846,56241.47285051184,1,node+edge+subgraph+dynamic,56,0.293914500012761,238.56896850002158,betweenness,facebook_combined,4
0.1875536994651884,0.2703206736609595,0.65,0.417910447761194,33579.767032619995,1,node+edge+subgraph+dynamic,56,0.26544149999972433,238.56896850002158,betweenness,facebook_combined,5
0.2008169542396799,0.29158778152578746,0.625,0.417910447761194,33151.66747300823,1,node+edge+subgraph+dynamic,56,0.28989859999273904,238.56896850002158,betweenness,facebook_combined,6
0.1842432150404241,0.26612777006943983,0.575,0.43283582089552236,36734.69584465628,1,node+edge+subgraph+dynamic,56,0.2664195000252221,238.56896850002158,betweenness,facebook_combined,7
0.1484160235813523,0.21305970396707777,0.6,0.417910447761194,179193.4677405007,1,node+edge+subgraph+dynamic,56,0.2981054999982007,238.56896850002158,betweenness,facebook_combined,8
0.1479507844382326,0.21259327855630156,0.625,0.39800995024875624,4739571.9637208525,1,node+edge+subgraph+dynamic,56,0.3286342000064906,238.56896850002158,betweenness,facebook_combined,9
