network,target,set_id,seed,radius,n_splits,objective_id,n_rows,n_columns,columns_sha256,target_sha256,fold_digest,kendall_tau,fit_seconds
ca-GrQc,spread_mean,node_edge,0,1,5,rf,4158,38,a45d535846cb3e119d5d14d2a62b3d52917062b6c0b0579a9fbc2103bddf4265,6665abcf47a2153af73c59ecd874ade3d27232a63c423e3beb02cd65a426a90b,88d923553eb7c3eef7522f89c1d6119ade0eb1748d4c90fab5df502335dc1d18,0.9065429630832351,3.716637499979697
ca-GrQc,spread_mean,node_edge,1,1,5,rf,4158,38,a45d535846cb3e119d5d14d2a62b3d52917062b6c0b0579a9fbc2103bddf4265,6665abcf47a2153af73c59ecd874ade3d27232a63c423e3beb02cd65a426a90b,9e9545c5461a1bd2663085b76e05b6979374e4edd8881be2d134c95cba6c75d9,0.9078878791409516,3.9294594999519177
ca-GrQc,spread_mean,node_edge,2,1,5,rf,4158,38,a45d535846cb3e119d5d14d2a62b3d52917062b6c0b0579a9fbc2103bddf4265,6665abcf47a2153af73c59ecd874ade3d27232a63c423e3beb02cd65a426a90b,baf9067770f62fd1389cb8fba1fad3b41a07493e259653942eb8a192d36d17c2,0.9076318122609147,3.8734725000103936
ca-GrQc,spread_mean,node_edge,3,1,5,rf,4158,38,a45d535846cb3e119d5d14d2a62b3d52917062b6c0b0579a9fbc2103bddf4265,6665abcf47a2153af73c59ecd874ade3d27232a63c423e3beb02cd65a426a90b,8250746bbe5f21d917b544f1188f7c6f9af37d9d6b2e5962a0df5cd56a067adf,0.9065868679386281,3.7242984999902546
ca-GrQc,spread_mean,node_edge,4,1,5,rf,4158,38,a45d535846cb3e119d5d14d2a62b3d52917062b6c0b0579a9fbc2103bddf4265,6665abcf47a2153af73c59ecd874ade3d27232a63c423e3beb02cd65a426a90b,2923e520960435beb6fd396f69f3bacf05fc9503d08ba9af6e2fad96adb90251,0.9082293059287863,3.597516599984374
ca-GrQc,spread_mean,node_edge,5,1,5,rf,4158,38,a45d535846cb3e119d5d14d2a62b3d52917062b6c0b0579a9fbc2103bddf4265,6665abcf47a2153af73c59ecd874ade3d27232a63c423e3beb02cd65a426a90b,dcb426f861c79deef12674b7be17c5b4ccbccb2696e8c51853aa8c2b5c15aafd,0.9065403854371622,3.60485050000716
ca-GrQc,spread_mean,node_edge,6,1,5,rf,4158,38,a45d535846cb3e119d5d14d2a62b3d52917062b6c0b0579a9fbc2103bddf4265,6665abcf47a2153af73c59ecd874ade3d27232a63c423e3beb02cd65a426a90b,fd9c8bc97be818729648c3e99ebf7f1ce7d70b347028c5536fb1cef5797f89c0,0.9072946334378603,3.720348200004082
ca-GrQc,spread_mean,node_edge,7,1,5,rf,4158,38,a45d535846cb3e119d5d14d2a62b3d52917062b6c0b0579a9fbc2103bddf4265,6665abcf47a2153af73c59ecd874ade3d27232a63c423e3beb02cd65a426a90b,ecf6ffac3fb86beb74fa0bf0df57dff374b5a709dcd1ff9a31b6da0413380f3f,0.907116179989043,3.558430499979295
ca-GrQc,spread_mean,node_edge,8,1,5,rf,4158,38,a45d535846cb3e119d5d14d2a62b3d52917062b6c0b0579a9fbc2103bddf4265,6665abcf47a2153af73c59ecd874ade3d27232a63c423e3beb02cd65a426a90b,01ff36ada85e55535895edc6addcdf31658234d7eb82604039eeb0da049196a6,0.9072013828084454,3.5725813999888487
ca-GrQc,spread_mean,node_edge,9,1,5,rf,4158,38,a45d535846cb3e119d5d14d2a62b3d52917062b6c0b0579a9fbc2103bddf4265,6665abcf47a2153af73c59ecd874ade3d27232a63c423e3beb02cd65a426a90b,b1876a48dcd8f44492c4729f1d084a7907438dc71dbb3996872076a7ed2ac118,0.9079736308242429,3.579686299955938
ca-GrQc,spread_mean,plus_nonorbit_subgraph,0,1,5,rf,4158,40,c61383d6b27ef0ad89c89dab2673f8c8726eee83fc5458704272a64ff6df9087,6665abcf47a2153af73c59ecd874ade3d27232a63c423e3beb02cd65a426a90b,88d923553eb7c3eef7522f89c1d6119ade0eb1748d4c90fab5df502335dc1d18,0.9065431946135557,3.80409290001262
ca-GrQc,spread_mean,plus_nonorbit_subgraph,1,1,5,rf,4158,40,c61383d6b27ef0ad89c89dab2673f8c8726eee83fc5458704272a64ff6df9087,6665abcf47a2153af73c59ecd874ade3d27232a63c423e3beb02cd65a426a90b,9e9545c5461a1bd2663085b76e05b6979374e4edd8881be2d134c95cba6c75d9,0.907982342844779,3.8253894000081345
ca-GrQc,spread_mean,plus_nonorbit_subgraph,2,1,5,rf,4158,40,c61383d6b27ef0ad89c89dab2673f8c8726eee83fc5458704272a64ff6df9087,6665abcf47a2153af73c59ecd874ade3d27232a63c423e3beb02cd65a426a90b,baf9067770f62fd1389cb8fba1fad3b41a07493e259653942eb8a192d36d17c2,0.9077230349591183,3.68601129995659
ca-GrQc,spread_mean,plus_nonorbit_subgraph,3,1,5,rf,4158,40,c61383d6b27ef0ad89c89dab2673f8c8726eee83fc5458704272a64ff6df9087,6665abcf47a2153af73c59ecd874ade3d27232a63c423e3beb02cd65a426a90b,8250746bbe5f21d917b544f1188f7c6f9af37d9d6b2e5962a0df5cd56a067adf,0.906603306535263,3.781450800015591
ca-GrQc,spread_mean,plus_nonorbit_subgraph,4,1,5,rf,4158,40,c61383d6b27ef0ad89c89dab2673f8c8726eee83fc5458704272a64ff6df9087,6665abcf47a2153af73c59ecd874ade3d27232a63c423e3beb02cd65a426a90b,2923e520960435beb6fd396f69f3bacf05fc9503d08ba9af6e2fad96adb90251,0.90840966761017,3.720309800002724
ca-GrQc,spread_mean,plus_nonorbit_subgraph,5,1,5,rf,4158,40,c61383d6b27ef0ad89c89dab2673f8c8726eee83fc5458704272a64ff6df9087,6665abcf47a2153af73c59ecd874ade3d27232a63c423e3beb02cd65a426a90b,dcb426f861c79deef12674b7be17c5b4ccbccb2696e8c51853aa8c2b5c15aafd,0.9065415430884307,3.7382905000122264
ca-GrQc,spread_mean,plus_nonorbit_subgraph,6,1,5,rf,4158,40,c61383d6b27ef0ad89c89dab2673f8c8726eee83fc5458704272a64ff6df9087,6665abcf47a2153af73c59ecd874ade3d27232a63c423e3beb02cd65a426a90b,fd9c8bc97be818729648c3e99ebf7f1ce7d70b347028c5536fb1cef5797f89c0,0.9072754163867635,3.6962819999898784
ca-GrQc,spread_mean,plus_nonorbit_subgraph,7,1,5,rf,4158,40,c61383d6b27ef0ad89c89dab2673f8c8726eee83fc5458704272a64ff6df9087,6665abcf47a2153af73c59ecd874ade3d27232a63c423e3beb02cd65a426a90b,ecf6ffac3fb86beb74fa0bf0df57dff374b5a709dcd1ff9a31b6da0413380f3f,0.9071726736652196,3.7335228999727406
ca-GrQc,spread_mean,plus_nonorbit_subgraph,8,1,5,rf,4158,40,c61383d6b27ef0ad89c89dab2673f8c8726eee83fc5458704272a64ff6df9087,6665abcf47a2153af73c59ecd874ade3d27232a63c423e3beb02cd65a426a90b,01ff36ada85e55535895edc6addcdf31658234d7eb82604039eeb0da049196a6,0.9072319448090078,3.760637699975632
ca-GrQc,spread_mean,plus_nonorbit_subgraph,9,1,5,rf,4158,40,c61383d6b27ef0ad89c89dab2673f8c8726eee83fc5458704272a64ff6df9087,6665abcf47a2153af73c59ecd874ade3d27232a63c423e3beb02cd65a426a90b,b1876a48dcd8f44492c4729f1d084a7907438dc71dbb3996872076a7ed2ac118,0.9078668953278713,3.6954170999815688
ca-GrQc,spread_mean,plus_orbit_lt15,0,1,5,rf,4158,45,dcece2a6c43eb3af150d7357885003ee166f4bb9b7b5a037bc4198659ec035e7,6665abcf47a2153af73c59ecd874ade3d27232a63c423e3beb02cd65a426a90b,88d923553eb7c3eef7522f89c1d6119ade0eb1748d4c90fab5df502335dc1d18,0.9063751036007337,4.00295890000416
ca-GrQc,spread_mean,plus_orbit_lt15,1,1,5,rf,4158,45,dcece2a6c43eb3af150d7357885003ee166f4bb9b7b5a037bc4198659ec035e7,6665abcf47a2153af73c59ecd874ade3d27232a63c423e3beb02cd65a426a90b,9e9545c5461a1bd2663085b76e05b6979374e4edd8881be2d134c95cba6c75d9,0.9080615256553402,3.9794702000217512
ca-GrQc,spread_mean,plus_orbit_lt15,2,1,5,rf,4158,45,dcece2a6c43eb3af150d7357885003ee166f4bb9b7b5a037bc4198659ec035e7,6665abcf47a2153af73c59ecd874ade3d27232a63c423e3beb02cd65a426a90b,baf9067770f62fd1389cb8fba1fad3b41a07493e259653942eb8a192d36d17c2,0.907883021975511,4.108121900004335
ca-GrQc,spread_mean,plus_orbit_lt15,3,1,5,rf,4158,45,dcece2a6c43eb3af150d7357885003ee166f4bb9b7b5a037bc4198659ec035e7,6665abcf47a2153af73c59ecd874ade3d27232a63c423e3beb02cd65a426a90b,8250746bbe5f21d917b544f1188f7c6f9af37d9d6b2e5962a0df5cd56a067adf,0.9065882571158086,4.283053799998015
ca-GrQc,spread_mean,plus_orbit_lt15,4,1,5,rf,4158,45,dcece2a6c43eb3af150d7357885003ee166f4bb9b7b5a037bc4198659ec035e7,6665abcf47a2153af73c59ecd874ade3d27232a63c423e3beb02cd65a426a90b,2923e520960435beb6fd396f69f3bacf05fc9503d08ba9af6e2fad96adb90251,0.9083628985990794,4.028031900001224
ca-GrQc,spread_mean,plus_orbit_lt15,5,1,5,rf,4158,45,dcece2a6c43eb3af150d7357885003ee166f4bb9b7b5a037bc4198659ec035e7,6665abcf47a2153af73c59ecd874ade3d27232a63c423e3beb02cd65a426a90b,dcb426f861c79deef12674b7be17c5b4ccbccb2696e8c51853aa8c2b5c15aafd,0.9065734942634398,4.00804100005189
ca-GrQc,spread_mean,plus_orbit_lt15,6,1,5,rf,4158,45,dcece2a6c43eb3af150d7357885003ee166f4bb9b7b5a037bc4198659ec035e7,6665abcf47a2153af73c59ecd874ade3d27232a63c423e3beb02cd65a426a90b,fd9c8bc97be818729648c3e99ebf7f1ce7d70b347028c5536fb1cef5797f89c0,0.9073948862465947,3.9748507000040263
ca-GrQc,spread_mean,plus_orbit_lt15,7,1,5,rf,4158,45,dcece2a6c43eb3af150d7357885003ee166f4bb9b7b5a037bc4198659ec035e7,6665abcf47a2153af73c59ecd874ade3d27232a63c423e3beb02cd65a426a90b,ecf6ffac3fb86beb74fa0bf0df57dff374b5a709dcd1ff9a31b6da0413380f3f,0.9071321556597651,4.010893099999521
ca-GrQc,spread_mean,plus_orbit_lt15,8,1,5,rf,4158,45,dcece2a6c43eb3af150d7357885003ee166f4bb9b7b5a037bc4198659ec035e7,6665abcf47a2153af73c59ecd874ade3d27232a63c423e3beb02cd65a426a90b,01ff36ada85e55535895edc6addcdf31658234d7eb82604039eeb0da049196a6,0.9071057607915342,4.012412099982612
ca-GrQc,spread_mean,plus_orbit_lt15,9,1,5,rf,4158,45,dcece2a6c43eb3af150d7357885003ee166f4bb9b7b5a037bc4198659ec035e7,6665abcf47a2153af73c59ecd874ade3d27232a63c423e3beb02cd65a426a90b,b1876a48dcd8f44492c4729f1d084a7907438dc71dbb3996872076a7ed2ac118,0.9079493201363491,3.8961944000329822
ca-GrQc,spread_mean,full_r1_structural,0,1,5,rf,4158,56,5c066804775eef25e1ad1933a219214469e6490f0a28e520ddc47b3ecc599613,6665abcf47a2153af73c59ecd874ade3d27232a63c423e3beb02cd65a426a90b,88d923553eb7c3eef7522f89c1d6119ade0eb1748d4c90fab5df502335dc1d18,0.9064373852569997,4.323034000000916
ca-GrQc,spread_mean,full_r1_structural,1,1,5,rf,4158,56,5c066804775eef25e1ad1933a219214469e6490f0a28e520ddc47b3ecc599613,6665abcf47a2153af73c59ecd874ade3d27232a63c423e3beb02cd65a426a90b,9e9545c5461a1bd2663085b76e05b6979374e4edd8881be2d134c95cba6c75d9,0.9079848896603234,4.338702299981378
ca-GrQc,spread_mean,full_r1_structural,2,1,5,rf,4158,56,5c066804775eef25e1ad1933a219214469e6490f0a28e520ddc47b3ecc599613,6665abcf47a2153af73c59ecd874ade3d27232a63c423e3beb02cd65a426a90b,baf9067770f62fd1389cb8fba1fad3b41a07493e259653942eb8a192d36d17c2,0.9078045334103053,4.3188512999913655
ca-GrQc,spread_mean,full_r1_structural,3,1,5,rf,4158,56,5c066804775eef25e1ad1933a219214469e6490f0a28e520ddc47b3ecc599613,6665abcf47a2153af73c59ecd874ade3d27232a63c423e3beb02cd65a426a90b,8250746bbe5f21d917b544f1188f7c6f9af37d9d6b2e5962a0df5cd56a067adf,0.9065718185191738,4.343002200010233
ca-GrQc,spread_mean,full_r1_structural,4,1,5,rf,4158,56,5c066804775eef25e1ad1933a219214469e6490f0a28e520ddc47b3ecc599613,6665abcf47a2153af73c59ecd874ade3d27232a63c423e3beb02cd65a426a90b,2923e520960435beb6fd396f69f3bacf05fc9503d08ba9af6e2fad96adb90251,0.9084305052883785,4.319809900014661
ca-GrQc,spread_mean,full_r1_structural,5,1,5,rf,4158,56,5c066804775eef25e1ad1933a219214469e6490f0a28e520ddc47b3ecc599613,6665abcf47a2153af73c59ecd874ade3d27232a63c423e3beb02cd65a426a90b,dcb426f861c79deef12674b7be17c5b4ccbccb2696e8c51853aa8c2b5c15aafd,0.9066031301359121,4.328655300021637
ca-GrQc,spread_mean,full_r1_structural,6,1,5,rf,4158,56,5c066804775eef25e1ad1933a219214469e6490f0a28e520ddc47b3ecc599613,6665abcf47a2153af73c59ecd874ade3d27232a63c423e3beb02cd65a426a90b,fd9c8bc97be818729648c3e99ebf7f1ce7d70b347028c5536fb1cef5797f89c0,0.9074347095332052,4.311795800051186
ca-GrQc,spread_mean,full_r1_structural,7,1,5,rf,4158,56,5c066804775eef25e1ad1933a219214469e6490f0a28e520ddc47b3ecc599613,6665abcf47a2153af73c59ecd874ade3d27232a63c423e3beb02cd65a426a90b,ecf6ffac3fb86beb74fa0bf0df57dff374b5a709dcd1ff9a31b6da0413380f3f,0.9071196529609392,4.306981799949426
ca-GrQc,spread_mean,full_r1_structural,8,1,5,rf,4158,56,5c066804775eef25e1ad1933a219214469e6490f0a28e520ddc47b3ecc599613,6665abcf47a2153af73c59ecd874ade3d27232a63c423e3beb02cd65a426a90b,01ff36ada85e55535895edc6addcdf31658234d7eb82604039eeb0da049196a6,0.9071733676412632,4.301978099974804
ca-GrQc,spread_mean,full_r1_structural,9,1,5,rf,4158,56,5c066804775eef25e1ad1933a219214469e6490f0a28e520ddc47b3ecc599613,6665abcf47a2153af73c59ecd874ade3d27232a63c423e3beb02cd65a426a90b,b1876a48dcd8f44492c4729f1d084a7907438dc71dbb3996872076a7ed2ac118,0.9078087812072871,4.328249299956951
ca-GrQc,spread_cv,node_edge,0,1,5,rf,4158,38,a45d535846cb3e119d5d14d2a62b3d52917062b6c0b0579a9fbc2103bddf4265,b97ed7d47e6b1a6a877c1cdb0415f762c6313e685a44dfda8276e1b7c5601376,88d923553eb7c3eef7522f89c1d6119ade0eb1748d4c90fab5df502335dc1d18,0.672185762164971,3.487972099974286
ca-GrQc,spread_cv,node_edge,1,1,5,rf,4158,38,a45d535846cb3e119d5d14d2a62b3d52917062b6c0b0579a9fbc2103bddf4265,b97ed7d47e6b1a6a877c1cdb0415f762c6313e685a44dfda8276e1b7c5601376,9e9545c5461a1bd2663085b76e05b6979374e4edd8881be2d134c95cba6c75d9,0.6714667209447811,3.508422600047197
ca-GrQc,spread_cv,node_edge,2,1,5,rf,4158,38,a45d535846cb3e119d5d14d2a62b3d52917062b6c0b0579a9fbc2103bddf4265,b97ed7d47e6b1a6a877c1cdb0415f762c6313e685a44dfda8276e1b7c5601376,baf9067770f62fd1389cb8fba1fad3b41a07493e259653942eb8a192d36d17c2,0.674549843262078,3.4526950999861583
ca-GrQc,spread_cv,node_edge,3,1,5,rf,4158,38,a45d535846cb3e119d5d14d2a62b3d52917062b6c0b0579a9fbc2103bddf4265,b97ed7d47e6b1a6a877c1cdb0415f762c6313e685a44dfda8276e1b7c5601376,8250746bbe5f21d917b544f1188f7c6f9af37d9d6b2e5962a0df5cd56a067adf,0.6684000740873444,3.43127259996254
ca-GrQc,spread_cv,node_edge,4,1,5,rf,4158,38,a45d535846cb3e119d5d14d2a62b3d52917062b6c0b0579a9fbc2103bddf4265,b97ed7d47e6b1a6a877c1cdb0415f762c6313e685a44dfda8276e1b7c5601376,2923e520960435beb6fd396f69f3bacf05fc9503d08ba9af6e2fad96adb90251,0.6734597268279409,3.428103700047359
ca-GrQc,spread_cv,node_edge,5,1,5,rf,4158,38,a45d535846cb3e119d5d14d2a62b3d52917062b6c0b0579a9fbc2103bddf4265,b97ed7d47e6b1a6a877c1cdb0415f762c6313e685a44dfda8276e1b7c5601376,dcb426f861c79deef12674b7be17c5b4ccbccb2696e8c51853aa8c2b5c15aafd,0.6685060907051845,3.41122379997978
ca-GrQc,spread_cv,node_edge,6,1,5,rf,4158,38,a45d535846cb3e119d5d14d2a62b3d52917062b6c0b0579a9fbc2103bddf4265,b97ed7d47e6b1a6a877c1cdb0415f762c6313e685a44dfda8276e1b7c5601376,fd9c8bc97be818729648c3e99ebf7f1ce7d70b347028c5536fb1cef5797f89c0,0.6734356065723962,3.3567799999727868
ca-GrQc,spread_cv,node_edge,7,1,5,rf,4158,38,a45d535846cb3e119d5d14d2a62b3d52917062b6c0b0579a9fbc2103bddf4265,b97ed7d47e6b1a6a877c1cdb0415f762c6313e685a44dfda8276e1b7c5601376,ecf6ffac3fb86beb74fa0bf0df57dff374b5a709dcd1ff9a31b6da0413380f3f,0.6718924456605125,3.443387899955269
ca-GrQc,spread_cv,node_edge,8,1,5,rf,4158,38,a45d535846cb3e119d5d14d2a62b3d52917062b6c0b0579a9fbc2103bddf4265,b97ed7d47e6b1a6a877c1cdb0415f762c6313e685a44dfda8276e1b7c5601376,01ff36ada85e55535895edc6addcdf31658234d7eb82604039eeb0da049196a6,0.6717795028018132,3.350207199982833
ca-GrQc,spread_cv,node_edge,9,1,5,rf,4158,38,a45d535846cb3e119d5d14d2a62b3d52917062b6c0b0579a9fbc2103bddf4265,b97ed7d47e6b1a6a877c1cdb0415f762c6313e685a44dfda8276e1b7c5601376,b1876a48dcd8f44492c4729f1d084a7907438dc71dbb3996872076a7ed2ac118,0.673441806353691,3.526588400010951
ca-GrQc,spread_cv,plus_nonorbit_subgraph,0,1,5,rf,4158,40,c61383d6b27ef0ad89c89dab2673f8c8726eee83fc5458704272a64ff6df9087,b97ed7d47e6b1a6a877c1cdb0415f762c6313e685a44dfda8276e1b7c5601376,88d923553eb7c3eef7522f89c1d6119ade0eb1748d4c90fab5df502335dc1d18,0.6720697983692472,3.5662842000019737
ca-GrQc,spread_cv,plus_nonorbit_subgraph,1,1,5,rf,4158,40,c61383d6b27ef0ad89c89dab2673f8c8726eee83fc5458704272a64ff6df9087,b97ed7d47e6b1a6a877c1cdb0415f762c6313e685a44dfda8276e1b7c5601376,9e9545c5461a1bd2663085b76e05b6979374e4edd8881be2d134c95cba6c75d9,0.6713660345277113,3.510032699967269
ca-GrQc,spread_cv,plus_nonorbit_subgraph,2,1,5,rf,4158,40,c61383d6b27ef0ad89c89dab2673f8c8726eee83fc5458704272a64ff6df9087,b97ed7d47e6b1a6a877c1cdb0415f762c6313e685a44dfda8276e1b7c5601376,baf9067770f62fd1389cb8fba1fad3b41a07493e259653942eb8a192d36d17c2,0.6743109723805564,3.581902000005357
ca-GrQc,spread_cv,plus_nonorbit_subgraph,3,1,5,rf,4158,40,c61383d6b27ef0ad89c89dab2673f8c8726eee83fc5458704272a64ff6df9087,b97ed7d47e6b1a6a877c1cdb0415f762c6313e685a44dfda8276e1b7c5601376,8250746bbe5f21d917b544f1188f7c6f9af37d9d6b2e5962a0df5cd56a067adf,0.6681642124020579,3.525312500016298
ca-GrQc,spread_cv,plus_nonorbit_subgraph,4,1,5,rf,4158,40,c61383d6b27ef0ad89c89dab2673f8c8726eee83fc5458704272a64ff6df9087,b97ed7d47e6b1a6a877c1cdb0415f762c6313e685a44dfda8276e1b7c5601376,2923e520960435beb6fd396f69f3bacf05fc9503d08ba9af6e2fad96adb90251,0.6738147927565202,3.5504964000429027
ca-GrQc,spread_cv,plus_nonorbit_subgraph,5,1,5,rf,4158,40,c61383d6b27ef0ad89c89dab2673f8c8726eee83fc5458704272a64ff6df9087,b97ed7d47e6b1a6a877c1cdb0415f762c6313e685a44dfda8276e1b7c5601376,dcb426f861c79deef12674b7be17c5b4ccbccb2696e8c51853aa8c2b5c15aafd,0.6687678771622877,3.5078037999919616
ca-GrQc,spread_cv,plus_nonorbit_subgraph,6,1,5,rf,4158,40,c61383d6b27ef0ad89c89dab2673f8c8726eee83fc5458704272a64ff6df9087,b97ed7d47e6b1a6a877c1cdb0415f762c6313e685a44dfda8276e1b7c5601376,fd9c8bc97be818729648c3e99ebf7f1ce7d70b347028c5536fb1cef5797f89c0,0.6729780001143348,3.536502000002656
ca-GrQc,spread_cv,plus_nonorbit_subgraph,7,1,5,rf,4158,40,c61383d6b27ef0ad89c89dab2673f8c8726eee83fc5458704272a64ff6df9087,b97ed7d47e6b1a6a877c1cdb0415f762c6313e685a44dfda8276e1b7c5601376,ecf6ffac3fb86beb74fa0bf0df57dff374b5a709dcd1ff9a31b6da0413380f3f,0.6718262464414699,3.575813899980858
ca-GrQc,spread_cv,plus_nonorbit_subgraph,8,1,5,rf,4158,40,c61383d6b27ef0ad89c89dab2673f8c8726eee83fc5458704272a64ff6df9087,b97ed7d47e6b1a6a877c1cdb0415f762c6313e685a44dfda8276e1b7c5601376,01ff36ada85e55535895edc6addcdf31658234d7eb82604039eeb0da049196a6,0.6720600379560697,3.505180099979043
ca-GrQc,spread_cv,plus_nonorbit_subgraph,9,1,5,rf,4158,40,c61383d6b27ef0ad89c89dab2673f8c8726eee83fc5458704272a64ff6df9087,b97ed7d47e6b1a6a877c1cdb0415f762c6313e685a44dfda8276e1b7c5601376,b1876a48dcd8f44492c4729f1d084a7907438dc71dbb3996872076a7ed2ac118,0.6733948190191215,3.551210900011938
ca-GrQc,spread_cv,plus_orbit_lt15,0,1,5,rf,4158,45,dcece2a6c43eb3af150d7357885003ee166f4bb9b7b5a037bc4198659ec035e7,b97ed7d47e6b1a6a877c1cdb0415f762c6313e685a44dfda8276e1b7c5601376,88d923553eb7c3eef7522f89c1d6119ade0eb1748d4c90fab5df502335dc1d18,0.6721637730220692,3.772723500034772
ca-GrQc,spread_cv,plus_orbit_lt15,1,1,5,rf,4158,45,dcece2a6c43eb3af150d7357885003ee166f4bb9b7b5a037bc4198659ec035e7,b97ed7d47e6b1a6a877c1cdb0415f762c6313e685a44dfda8276e1b7c5601376,9e9545c5461a1bd2663085b76e05b6979374e4edd8881be2d134c95cba6c75d9,0.6722002272797104,3.809714700037148
ca-GrQc,spread_cv,plus_orbit_lt15,2,1,5,rf,4158,45,dcece2a6c43eb3af150d7357885003ee166f4bb9b7b5a037bc4198659ec035e7,b97ed7d47e6b1a6a877c1cdb0415f762c6313e685a44dfda8276e1b7c5601376,baf9067770f62fd1389cb8fba1fad3b41a07493e259653942eb8a192d36d17c2,0.6745218361141476,3.8077432000427507
ca-GrQc,spread_cv,plus_orbit_lt15,3,1,5,rf,4158,45,dcece2a6c43eb3af150d7357885003ee166f4bb9b7b5a037bc4198659ec035e7,b97ed7d47e6b1a6a877c1cdb0415f762c6313e685a44dfda8276e1b7c5601376,8250746bbe5f21d917b544f1188f7c6f9af37d9d6b2e5962a0df5cd56a067adf,0.6683887323576299,3.787801500002388
ca-GrQc,spread_cv,plus_orbit_lt15,4,1,5,rf,4158,45,dcece2a6c43eb3af150d7357885003ee166f4bb9b7b5a037bc4198659ec035e7,b97ed7d47e6b1a6a877c1cdb0415f762c6313e685a44dfda8276e1b7c5601376,2923e520960435beb6fd396f69f3bacf05fc9503d08ba9af6e2fad96adb90251,0.67361156727719,3.8418441000394523
ca-GrQc,spread_cv,plus_orbit_lt15,5,1,5,rf,4158,45,dcece2a6c43eb3af150d7357885003ee166f4bb9b7b5a037bc4198659ec035e7,b97ed7d47e6b1a6a877c1cdb0415f762c6313e685a44dfda8276e1b7c5601376,dcb426f861c79deef12674b7be17c5b4ccbccb2696e8c51853aa8c2b5c15aafd,0.6686660327404261,3.8172438999754377
ca-GrQc,spread_cv,plus_orbit_lt15,6,1,5,rf,4158,45,dcece2a6c43eb3af150d7357885003ee166f4bb9b7b5a037bc4198659ec035e7,b97ed7d47e6b1a6a877c1cdb0415f762c6313e685a44dfda8276e1b7c5601376,fd9c8bc97be818729648c3e99ebf7f1ce7d70b347028c5536fb1cef5797f89c0,0.6732039100298978,3.7992707999655977
ca-GrQc,spread_cv,plus_orbit_lt15,7,1,5,rf,4158,45,dcece2a6c43eb3af150d7357885003ee166f4bb9b7b5a037bc4198659ec035e7,b97ed7d47e6b1a6a877c1cdb0415f762c6313e685a44dfda8276e1b7c5601376,ecf6ffac3fb86beb74fa0bf0df57dff374b5a709dcd1ff9a31b6da0413380f3f,0.6722570042968489,3.782526599999983
ca-GrQc,spread_cv,plus_orbit_lt15,8,1,5,rf,4158,45,dcece2a6c43eb3af150d7357885003ee166f4bb9b7b5a037bc4198659ec035e7,b97ed7d47e6b1a6a877c1cdb0415f762c6313e685a44dfda8276e1b7c5601376,01ff36ada85e55535895edc6addcdf31658234d7eb82604039eeb0da049196a6,0.6719556473994941,3.813128100009635
ca-GrQc,spread_cv,plus_orbit_lt15,9,1,5,rf,4158,45,dcece2a6c43eb3af150d7357885003ee166f4bb9b7b5a037bc4198659ec035e7,b97ed7d47e6b1a6a877c1cdb0415f762c6313e685a44dfda8276e1b7c5601376,b1876a48dcd8f44492c4729f1d084a7907438dc71dbb3996872076a7ed2ac118,0.6731612711344874,3.875007499998901
ca-GrQc,spread_cv,full_r1_structural,0,1,5,rf,4158,56,5c066804775eef25e1ad1933a219214469e6490f0a28e520ddc47b3ecc599613,b97ed7d47e6b1a6a877c1cdb0415f762c6313e685a44dfda8276e1b7c5601376,88d923553eb7c3eef7522f89c1d6119ade0eb1748d4c90fab5df502335dc1d18,0.6716786230902592,4.143495800031815
ca-GrQc,spread_cv,full_r1_structural,1,1,5,rf,4158,56,5c066804775eef25e1ad1933a219214469e6490f0a28e520ddc47b3ecc599613,b97ed7d47e6b1a6a877c1cdb0415f762c6313e685a44dfda8276e1b7c5601376,9e9545c5461a1bd2663085b76e05b6979374e4edd8881be2d134c95cba6c75d9,0.6718863634140859,4.118647199997213
ca-GrQc,spread_cv,full_r1_structural,2,1,5,rf,4158,56,5c066804775eef25e1ad1933a219214469e6490f0a28e520ddc47b3ecc599613,b97ed7d47e6b1a6a877c1cdb0415f762c6313e685a44dfda8276e1b7c5601376,baf9067770f62fd1389cb8fba1fad3b41a07493e259653942eb8a192d36d17c2,0.6744422124869738,4.159145700046793
ca-GrQc,spread_cv,full_r1_structural,3,1,5,rf,4158,56,5c066804775eef25e1ad1933a219214469e6490f0a28e520ddc47b3ecc599613,b97ed7d47e6b1a6a877c1cdb0415f762c6313e685a44dfda8276e1b7c5601376,8250746bbe5f21d917b544f1188f7c6f9af37d9d6b2e5962a0df5cd56a067adf,0.6680614424430126,4.104763699986506
ca-GrQc,spread_cv,full_r1_structural,4,1,5,rf,4158,56,5c066804775eef25e1ad1933a219214469e6490f0a28e520ddc47b3ecc599613,b97ed7d47e6b1a6a877c1cdb0415f762c6313e685a44dfda8276e1b7c5601376,2923e520960435beb6fd396f69f3bacf05fc9503d08ba9af6e2fad96adb90251,0.6738078488335363,4.194191200018395
ca-GrQc,spread_cv,full_r1_structural,5,1,5,rf,4158,56,5c066804775eef25e1ad1933a219214469e6490f0a28e520ddc47b3ecc599613,b97ed7d47e6b1a6a877c1cdb0415f762c6313e685a44dfda8276e1b7c5601376,dcb426f861c79deef12674b7be17c5b4ccbccb2696e8c51853aa8c2b5c15aafd,0.6691484049566975,4.247446299996227
ca-GrQc,spread_cv,full_r1_structural,6,1,5,rf,4158,56,5c066804775eef25e1ad1933a219214469e6490f0a28e520ddc47b3ecc599613,b97ed7d47e6b1a6a877c1cdb0415f762c6313e685a44dfda8276e1b7c5601376,fd9c8bc97be818729648c3e99ebf7f1ce7d70b347028c5536fb1cef5797f89c0,0.6729157360085086,4.1421896000392735
ca-GrQc,spread_cv,full_r1_structural,7,1,5,rf,4158,56,5c066804775eef25e1ad1933a219214469e6490f0a28e520ddc47b3ecc599613,b97ed7d47e6b1a6a877c1cdb0415f762c6313e685a44dfda8276e1b7c5601376,ecf6ffac3fb86beb74fa0bf0df57dff374b5a709dcd1ff9a31b6da0413380f3f,0.6721280778457763,4.255556499992963
ca-GrQc,spread_cv,full_r1_structural,8,1,5,rf,4158,56,5c066804775eef25e1ad1933a219214469e6490f0a28e520ddc47b3ecc599613,b97ed7d47e6b1a6a877c1cdb0415f762c6313e685a44dfda8276e1b7c5601376,01ff36ada85e55535895edc6addcdf31658234d7eb82604039eeb0da049196a6,0.6718130651758785,4.16242540004896
ca-GrQc,spread_cv,full_r1_structural,9,1,5,rf,4158,56,5c066804775eef25e1ad1933a219214469e6490f0a28e520ddc47b3ecc599613,b97ed7d47e6b1a6a877c1cdb0415f762c6313e685a44dfda8276e1b7c5601376,b1876a48dcd8f44492c4729f1d084a7907438dc71dbb3996872076a7ed2ac118,0.673483238535405,4.160530699999072
ca-GrQc,spread_resid,node_edge,0,1,5,rf,4158,38,a45d535846cb3e119d5d14d2a62b3d52917062b6c0b0579a9fbc2103bddf4265,69a34f532e4c604878f00995e3e51183435f88b54219c4303d0d9e11161b1d46,88d923553eb7c3eef7522f89c1d6119ade0eb1748d4c90fab5df502335dc1d18,0.4966457846587069,3.5012581000337377
ca-GrQc,spread_resid,node_edge,1,1,5,rf,4158,38,a45d535846cb3e119d5d14d2a62b3d52917062b6c0b0579a9fbc2103bddf4265,69a34f532e4c604878f00995e3e51183435f88b54219c4303d0d9e11161b1d46,9e9545c5461a1bd2663085b76e05b6979374e4edd8881be2d134c95cba6c75d9,0.4994920565101343,3.6539873000001535
ca-GrQc,spread_resid,node_edge,2,1,5,rf,4158,38,a45d535846cb3e119d5d14d2a62b3d52917062b6c0b0579a9fbc2103bddf4265,69a34f532e4c604878f00995e3e51183435f88b54219c4303d0d9e11161b1d46,baf9067770f62fd1389cb8fba1fad3b41a07493e259653942eb8a192d36d17c2,0.5013182991765708,3.542905599984806
ca-GrQc,spread_resid,node_edge,3,1,5,rf,4158,38,a45d535846cb3e119d5d14d2a62b3d52917062b6c0b0579a9fbc2103bddf4265,69a34f532e4c604878f00995e3e51183435f88b54219c4303d0d9e11161b1d46,8250746bbe5f21d917b544f1188f7c6f9af37d9d6b2e5962a0df5cd56a067adf,0.4910267107619558,3.546002099988982
ca-GrQc,spread_resid,node_edge,4,1,5,rf,4158,38,a45d535846cb3e119d5d14d2a62b3d52917062b6c0b0579a9fbc2103bddf4265,69a34f532e4c604878f00995e3e51183435f88b54219c4303d0d9e11161b1d46,2923e520960435beb6fd396f69f3bacf05fc9503d08ba9af6e2fad96adb90251,0.4992373252490039,3.570342499995604
ca-GrQc,spread_resid,node_edge,5,1,5,rf,4158,38,a45d535846cb3e119d5d14d2a62b3d52917062b6c0b0579a9fbc2103bddf4265,69a34f532e4c604878f00995e3e51183435f88b54219c4303d0d9e11161b1d46,dcb426f861c79deef12674b7be17c5b4ccbccb2696e8c51853aa8c2b5c15aafd,0.4976421951125067,3.5333023000275716
ca-GrQc,spread_resid,node_edge,6,1,5,rf,4158,38,a45d535846cb3e119d5d14d2a62b3d52917062b6c0b0579a9fbc2103bddf4265,69a34f532e4c604878f00995e3e51183435f88b54219c4303d0d9e11161b1d46,fd9c8bc97be818729648c3e99ebf7f1ce7d70b347028c5536fb1cef5797f89c0,0.5020114940165553,3.5377618999918923
ca-GrQc,spread_resid,node_edge,7,1,5,rf,4158,38,a45d535846cb3e119d5d14d2a62b3d52917062b6c0b0579a9fbc2103bddf4265,69a34f532e4c604878f00995e3e51183435f88b54219c4303d0d9e11161b1d46,ecf6ffac3fb86beb74fa0bf0df57dff374b5a709dcd1ff9a31b6da0413380f3f,0.4999553070471007,3.4862915000412613
ca-GrQc,spread_resid,node_edge,8,1,5,rf,4158,38,a45d535846cb3e119d5d14d2a62b3d52917062b6c0b0579a9fbc2103bddf4265,69a34f532e4c604878f00995e3e51183435f88b54219c4303d0d9e11161b1d46,01ff36ada85e55535895edc6addcdf31658234d7eb82604039eeb0da049196a6,0.4983887928838095,3.559892499994021
ca-GrQc,spread_resid,node_edge,9,1,5,rf,4158,38,a45d535846cb3e119d5d14d2a62b3d52917062b6c0b0579a9fbc2103bddf4265,69a34f532e4c604878f00995e3e51183435f88b54219c4303d0d9e11161b1d46,b1876a48dcd8f44492c4729f1d084a7907438dc71dbb3996872076a7ed2ac118,0.49850614656257336,3.562246799992863
ca-GrQc,spread_resid,plus_nonorbit_subgraph,0,1,5,rf,4158,40,c61383d6b27ef0ad89c89dab2673f8c8726eee83fc5458704272a64ff6df9087,69a34f532e4c604878f00995e3e51183435f88b54219c4303d0d9e11161b1d46,88d923553eb7c3eef7522f89c1d6119ade0eb1748d4c90fab5df502335dc1d18,0.4971932922244876,3.6853554000263102
ca-GrQc,spread_resid,plus_nonorbit_subgraph,1,1,5,rf,4158,40,c61383d6b27ef0ad89c89dab2673f8c8726eee83fc5458704272a64ff6df9087,69a34f532e4c604878f00995e3e51183435f88b54219c4303d0d9e11161b1d46,9e9545c5461a1bd2663085b76e05b6979374e4edd8881be2d134c95cba6c75d9,0.49955177469684037,3.6815812999848276
ca-GrQc,spread_resid,plus_nonorbit_subgraph,2,1,5,rf,4158,40,c61383d6b27ef0ad89c89dab2673f8c8726eee83fc5458704272a64ff6df9087,69a34f532e4c604878f00995e3e51183435f88b54219c4303d0d9e11161b1d46,baf9067770f62fd1389cb8fba1fad3b41a07493e259653942eb8a192d36d17c2,0.5010254936180333,3.621138599992264
ca-GrQc,spread_resid,plus_nonorbit_subgraph,3,1,5,rf,4158,40,c61383d6b27ef0ad89c89dab2673f8c8726eee83fc5458704272a64ff6df9087,69a34f532e4c604878f00995e3e51183435f88b54219c4303d0d9e11161b1d46,8250746bbe5f21d917b544f1188f7c6f9af37d9d6b2e5962a0df5cd56a067adf,0.49170745427940316,3.6438700000289828
ca-GrQc,spread_resid,plus_nonorbit_subgraph,4,1,5,rf,4158,40,c61383d6b27ef0ad89c89dab2673f8c8726eee83fc5458704272a64ff6df9087,69a34f532e4c604878f00995e3e51183435f88b54219c4303d0d9e11161b1d46,2923e520960435beb6fd396f69f3bacf05fc9503d08ba9af6e2fad96adb90251,0.4989141974403023,3.6640852999989875
ca-GrQc,spread_resid,plus_nonorbit_subgraph,5,1,5,rf,4158,40,c61383d6b27ef0ad89c89dab2673f8c8726eee83fc5458704272a64ff6df9087,69a34f532e4c604878f00995e3e51183435f88b54219c4303d0d9e11161b1d46,dcb426f861c79deef12674b7be17c5b4ccbccb2696e8c51853aa8c2b5c15aafd,0.49849121756269626,3.6453817000146955
ca-GrQc,spread_resid,plus_nonorbit_subgraph,6,1,5,rf,4158,40,c61383d6b27ef0ad89c89dab2673f8c8726eee83fc5458704272a64ff6df9087,69a34f532e4c604878f00995e3e51183435f88b54219c4303d0d9e11161b1d46,fd9c8bc97be818729648c3e99ebf7f1ce7d70b347028c5536fb1cef5797f89c0,0.5023790650253118,3.731255099992268
ca-GrQc,spread_resid,plus_nonorbit_subgraph,7,1,5,rf,4158,40,c61383d6b27ef0ad89c89dab2673f8c8726eee83fc5458704272a64ff6df9087,69a34f532e4c604878f00995e3e51183435f88b54219c4303d0d9e11161b1d46,ecf6ffac3fb86beb74fa0bf0df57dff374b5a709dcd1ff9a31b6da0413380f3f,0.4996756929624984,3.6406380999833345
ca-GrQc,spread_resid,plus_nonorbit_subgraph,8,1,5,rf,4158,40,c61383d6b27ef0ad89c89dab2673f8c8726eee83fc5458704272a64ff6df9087,69a34f532e4c604878f00995e3e51183435f88b54219c4303d0d9e11161b1d46,01ff36ada85e55535895edc6addcdf31658234d7eb82604039eeb0da049196a6,0.49903551296969095,3.685076099995058
ca-GrQc,spread_resid,plus_nonorbit_subgraph,9,1,5,rf,4158,40,c61383d6b27ef0ad89c89dab2673f8c8726eee83fc5458704272a64ff6df9087,69a34f532e4c604878f00995e3e51183435f88b54219c4303d0d9e11161b1d46,b1876a48dcd8f44492c4729f1d084a7907438dc71dbb3996872076a7ed2ac118,0.49833393473176096,3.6620508999913
ca-GrQc,spread_resid,plus_orbit_lt15,0,1,5,rf,4158,45,dcece2a6c43eb3af150d7357885003ee166f4bb9b7b5a037bc4198659ec035e7,69a34f532e4c604878f00995e3e51183435f88b54219c4303d0d9e11161b1d46,88d923553eb7c3eef7522f89c1d6119ade0eb1748d4c90fab5df502335dc1d18,0.49575101839186114,3.935459300002549
ca-GrQc,spread_resid,plus_orbit_lt15,1,1,5,rf,4158,45,dcece2a6c43eb3af150d7357885003ee166f4bb9b7b5a037bc4198659ec035e7,69a34f532e4c604878f00995e3e51183435f88b54219c4303d0d9e11161b1d46,9e9545c5461a1bd2663085b76e05b6979374e4edd8881be2d134c95cba6c75d9,0.49967722918209106,3.9621387999504805
ca-GrQc,spread_resid,plus_orbit_lt15,2,1,5,rf,4158,45,dcece2a6c43eb3af150d7357885003ee166f4bb9b7b5a037bc4198659ec035e7,69a34f532e4c604878f00995e3e51183435f88b54219c4303d0d9e11161b1d46,baf9067770f62fd1389cb8fba1fad3b41a07493e259653942eb8a192d36d17c2,0.5005324692388359,3.962877899990417
ca-GrQc,spread_resid,plus_orbit_lt15,3,1,5,rf,4158,45,dcece2a6c43eb3af150d7357885003ee166f4bb9b7b5a037bc4198659ec035e7,69a34f532e4c604878f00995e3e51183435f88b54219c4303d0d9e11161b1d46,8250746bbe5f21d917b544f1188f7c6f9af37d9d6b2e5962a0df5cd56a067adf,0.49220834818343456,3.9720354999881238
ca-GrQc,spread_resid,plus_orbit_lt15,4,1,5,rf,4158,45,dcece2a6c43eb3af150d7357885003ee166f4bb9b7b5a037bc4198659ec035e7,69a34f532e4c604878f00995e3e51183435f88b54219c4303d0d9e11161b1d46,2923e520960435beb6fd396f69f3bacf05fc9503d08ba9af6e2fad96adb90251,0.49869870174553077,3.9025904999580234
ca-GrQc,spread_resid,plus_orbit_lt15,5,1,5,rf,4158,45,dcece2a6c43eb3af150d7357885003ee166f4bb9b7b5a037bc4198659ec035e7,69a34f532e4c604878f00995e3e51183435f88b54219c4303d0d9e11161b1d46,dcb426f861c79deef12674b7be17c5b4ccbccb2696e8c51853aa8c2b5c15aafd,0.4965059216097858,3.958790200005751
ca-GrQc,spread_resid,plus_orbit_lt15,6,1,5,rf,4158,45,dcece2a6c43eb3af150d7357885003ee166f4bb9b7b5a037bc4198659ec035e7,69a34f532e4c604878f00995e3e51183435f88b54219c4303d0d9e11161b1d46,fd9c8bc97be818729648c3e99ebf7f1ce7d70b347028c5536fb1cef5797f89c0,0.5020101052092175,3.8698293000343256
ca-GrQc,spread_resid,plus_orbit_lt15,7,1,5,rf,4158,45,dcece2a6c43eb3af150d7357885003ee166f4bb9b7b5a037bc4198659ec035e7,69a34f532e4c604878f00995e3e51183435f88b54219c4303d0d9e11161b1d46,ecf6ffac3fb86beb74fa0bf0df57dff374b5a709dcd1ff9a31b6da0413380f3f,0.5000698840105761,3.972351999953389
ca-GrQc,spread_resid,plus_orbit_lt15,8,1,5,rf,4158,45,dcece2a6c43eb3af150d7357885003ee166f4bb9b7b5a037bc4198659ec035e7,69a34f532e4c604878f00995e3e51183435f88b54219c4303d0d9e11161b1d46,01ff36ada85e55535895edc6addcdf31658234d7eb82604039eeb0da049196a6,0.4983637943980274,3.8880763999768533
ca-GrQc,spread_resid,plus_orbit_lt15,9,1,5,rf,4158,45,dcece2a6c43eb3af150d7357885003ee166f4bb9b7b5a037bc4198659ec035e7,69a34f532e4c604878f00995e3e51183435f88b54219c4303d0d9e11161b1d46,b1876a48dcd8f44492c4729f1d084a7907438dc71dbb3996872076a7ed2ac118,0.498655906044476,4.162563200050499
ca-GrQc,spread_resid,full_r1_structural,0,1,5,rf,4158,56,5c066804775eef25e1ad1933a219214469e6490f0a28e520ddc47b3ecc599613,69a34f532e4c604878f00995e3e51183435f88b54219c4303d0d9e11161b1d46,88d923553eb7c3eef7522f89c1d6119ade0eb1748d4c90fab5df502335dc1d18,0.4955727884366176,4.387136200035457
ca-GrQc,spread_resid,full_r1_structural,1,1,5,rf,4158,56,5c066804775eef25e1ad1933a219214469e6490f0a28e520ddc47b3ecc599613,69a34f532e4c604878f00995e3e51183435f88b54219c4303d0d9e11161b1d46,9e9545c5461a1bd2663085b76e05b6979374e4edd8881be2d134c95cba6c75d9,0.5000096141282534,4.343356300028972
ca-GrQc,spread_resid,full_r1_structural,2,1,5,rf,4158,56,5c066804775eef25e1ad1933a219214469e6490f0a28e520ddc47b3ecc599613,69a34f532e4c604878f00995e3e51183435f88b54219c4303d0d9e11161b1d46,baf9067770f62fd1389cb8fba1fad3b41a07493e259653942eb8a192d36d17c2,0.5013615834765285,4.3126081000082195
ca-GrQc,spread_resid,full_r1_structural,3,1,5,rf,4158,56,5c066804775eef25e1ad1933a219214469e6490f0a28e520ddc47b3ecc599613,69a34f532e4c604878f00995e3e51183435f88b54219c4303d0d9e11161b1d46,8250746bbe5f21d917b544f1188f7c6f9af37d9d6b2e5962a0df5cd56a067adf,0.49322448692590104,4.322719499992672
ca-GrQc,spread_resid,full_r1_structural,4,1,5,rf,4158,56,5c066804775eef25e1ad1933a219214469e6490f0a28e520ddc47b3ecc599613,69a34f532e4c604878f00995e3e51183435f88b54219c4303d0d9e11161b1d46,2923e520960435beb6fd396f69f3bacf05fc9503d08ba9af6e2fad96adb90251,0.49963567980400053,4.295656799979042
ca-GrQc,spread_resid,full_r1_structural,5,1,5,rf,4158,56,5c066804775eef25e1ad1933a219214469e6490f0a28e520ddc47b3ecc599613,69a34f532e4c604878f00995e3e51183435f88b54219c4303d0d9e11161b1d46,dcb426f861c79deef12674b7be17c5b4ccbccb2696e8c51853aa8c2b5c15aafd,0.4967371575497365,4.34250329999486
ca-GrQc,spread_resid,full_r1_structural,6,1,5,rf,4158,56,5c066804775eef25e1ad1933a219214469e6490f0a28e520ddc47b3ecc599613,69a34f532e4c604878f00995e3e51183435f88b54219c4303d0d9e11161b1d46,fd9c8bc97be818729648c3e99ebf7f1ce7d70b347028c5536fb1cef5797f89c0,0.5020807029155592,4.3126677999971434
ca-GrQc,spread_resid,full_r1_structural,7,1,5,rf,4158,56,5c066804775eef25e1ad1933a219214469e6490f0a28e520ddc47b3ecc599613,69a34f532e4c604878f00995e3e51183435f88b54219c4303d0d9e11161b1d46,ecf6ffac3fb86beb74fa0bf0df57dff374b5a709dcd1ff9a31b6da0413380f3f,0.49991526297703764,4.30397249996895
ca-GrQc,spread_resid,full_r1_structural,8,1,5,rf,4158,56,5c066804775eef25e1ad1933a219214469e6490f0a28e520ddc47b3ecc599613,69a34f532e4c604878f00995e3e51183435f88b54219c4303d0d9e11161b1d46,01ff36ada85e55535895edc6addcdf31658234d7eb82604039eeb0da049196a6,0.498679053079835,4.229380199976731
ca-GrQc,spread_resid,full_r1_structural,9,1,5,rf,4158,56,5c066804775eef25e1ad1933a219214469e6490f0a28e520ddc47b3ecc599613,69a34f532e4c604878f00995e3e51183435f88b54219c4303d0d9e11161b1d46,b1876a48dcd8f44492c4729f1d084a7907438dc71dbb3996872076a7ed2ac118,0.497899470206983,4.2835657999967225
ca-GrQc,betweenness,node_edge,0,1,5,rf_log1p,4158,38,a45d535846cb3e119d5d14d2a62b3d52917062b6c0b0579a9fbc2103bddf4265,aaf96ee1a795d92d125fbe7e096ababb3d8b01d4f68b849ba2aa92effad365ce,88d923553eb7c3eef7522f89c1d6119ade0eb1748d4c90fab5df502335dc1d18,0.9202845820686375,2.4288716000155546
ca-GrQc,betweenness,node_edge,1,1,5,rf_log1p,4158,38,a45d535846cb3e119d5d14d2a62b3d52917062b6c0b0579a9fbc2103bddf4265,aaf96ee1a795d92d125fbe7e096ababb3d8b01d4f68b849ba2aa92effad365ce,9e9545c5461a1bd2663085b76e05b6979374e4edd8881be2d134c95cba6c75d9,0.9188137597180149,2.410749700036831
ca-GrQc,betweenness,node_edge,2,1,5,rf_log1p,4158,38,a45d535846cb3e119d5d14d2a62b3d52917062b6c0b0579a9fbc2103bddf4265,aaf96ee1a795d92d125fbe7e096ababb3d8b01d4f68b849ba2aa92effad365ce,baf9067770f62fd1389cb8fba1fad3b41a07493e259653942eb8a192d36d17c2,0.9178450808335845,2.4233028999879025
ca-GrQc,betweenness,node_edge,3,1,5,rf_log1p,4158,38,a45d535846cb3e119d5d14d2a62b3d52917062b6c0b0579a9fbc2103bddf4265,aaf96ee1a795d92d125fbe7e096ababb3d8b01d4f68b849ba2aa92effad365ce,8250746bbe5f21d917b544f1188f7c6f9af37d9d6b2e5962a0df5cd56a067adf,0.9197411425748375,2.432532899954822
ca-GrQc,betweenness,node_edge,4,1,5,rf_log1p,4158,38,a45d535846cb3e119d5d14d2a62b3d52917062b6c0b0579a9fbc2103bddf4265,aaf96ee1a795d92d125fbe7e096ababb3d8b01d4f68b849ba2aa92effad365ce,2923e520960435beb6fd396f69f3bacf05fc9503d08ba9af6e2fad96adb90251,0.9185200111357368,2.3421449000015855
ca-GrQc,betweenness,node_edge,5,1,5,rf_log1p,4158,38,a45d535846cb3e119d5d14d2a62b3d52917062b6c0b0579a9fbc2103bddf4265,aaf96ee1a795d92d125fbe7e096ababb3d8b01d4f68b849ba2aa92effad365ce,dcb426f861c79deef12674b7be17c5b4ccbccb2696e8c51853aa8c2b5c15aafd,0.9191437063024841,2.440314600011334
ca-GrQc,betweenness,node_edge,6,1,5,rf_log1p,4158,38,a45d535846cb3e119d5d14d2a62b3d52917062b6c0b0579a9fbc2103bddf4265,aaf96ee1a795d92d125fbe7e096ababb3d8b01d4f68b849ba2aa92effad365ce,fd9c8bc97be818729648c3e99ebf7f1ce7d70b347028c5536fb1cef5797f89c0,0.9211611758952125,2.4397883000201546
ca-GrQc,betweenness,node_edge,7,1,5,rf_log1p,4158,38,a45d535846cb3e119d5d14d2a62b3d52917062b6c0b0579a9fbc2103bddf4265,aaf96ee1a795d92d125fbe7e096ababb3d8b01d4f68b849ba2aa92effad365ce,ecf6ffac3fb86beb74fa0bf0df57dff374b5a709dcd1ff9a31b6da0413380f3f,0.9193631767680422,2.374342600000091
ca-GrQc,betweenness,node_edge,8,1,5,rf_log1p,4158,38,a45d535846cb3e119d5d14d2a62b3d52917062b6c0b0579a9fbc2103bddf4265,aaf96ee1a795d92d125fbe7e096ababb3d8b01d4f68b849ba2aa92effad365ce,01ff36ada85e55535895edc6addcdf31658234d7eb82604039eeb0da049196a6,0.9183144828091229,2.362184400029946
ca-GrQc,betweenness,node_edge,9,1,5,rf_log1p,4158,38,a45d535846cb3e119d5d14d2a62b3d52917062b6c0b0579a9fbc2103bddf4265,aaf96ee1a795d92d125fbe7e096ababb3d8b01d4f68b849ba2aa92effad365ce,b1876a48dcd8f44492c4729f1d084a7907438dc71dbb3996872076a7ed2ac118,0.9197662226083441,2.377707500010729
ca-GrQc,betweenness,plus_nonorbit_subgraph,0,1,5,rf_log1p,4158,40,c61383d6b27ef0ad89c89dab2673f8c8726eee83fc5458704272a64ff6df9087,aaf96ee1a795d92d125fbe7e096ababb3d8b01d4f68b849ba2aa92effad365ce,88d923553eb7c3eef7522f89c1d6119ade0eb1748d4c90fab5df502335dc1d18,0.9199497024484077,2.446072400023695
ca-GrQc,betweenness,plus_nonorbit_subgraph,1,1,5,rf_log1p,4158,40,c61383d6b27ef0ad89c89dab2673f8c8726eee83fc5458704272a64ff6df9087,aaf96ee1a795d92d125fbe7e096ababb3d8b01d4f68b849ba2aa92effad365ce,9e9545c5461a1bd2663085b76e05b6979374e4edd8881be2d134c95cba6c75d9,0.9190671102732971,2.469039299990982
ca-GrQc,betweenness,plus_nonorbit_subgraph,2,1,5,rf_log1p,4158,40,c61383d6b27ef0ad89c89dab2673f8c8726eee83fc5458704272a64ff6df9087,aaf96ee1a795d92d125fbe7e096ababb3d8b01d4f68b849ba2aa92effad365ce,baf9067770f62fd1389cb8fba1fad3b41a07493e259653942eb8a192d36d17c2,0.9182276885045569,2.44233319995692
ca-GrQc,betweenness,plus_nonorbit_subgraph,3,1,5,rf_log1p,4158,40,c61383d6b27ef0ad89c89dab2673f8c8726eee83fc5458704272a64ff6df9087,aaf96ee1a795d92d125fbe7e096ababb3d8b01d4f68b849ba2aa92effad365ce,8250746bbe5f21d917b544f1188f7c6f9af37d9d6b2e5962a0df5cd56a067adf,0.9200208187895459,2.4559597999905236
ca-GrQc,betweenness,plus_nonorbit_subgraph,4,1,5,rf_log1p,4158,40,c61383d6b27ef0ad89c89dab2673f8c8726eee83fc5458704272a64ff6df9087,aaf96ee1a795d92d125fbe7e096ababb3d8b01d4f68b849ba2aa92effad365ce,2923e520960435beb6fd396f69f3bacf05fc9503d08ba9af6e2fad96adb90251,0.9191733536121514,2.4632952999672852
ca-GrQc,betweenness,plus_nonorbit_subgraph,5,1,5,rf_log1p,4158,40,c61383d6b27ef0ad89c89dab2673f8c8726eee83fc5458704272a64ff6df9087,aaf96ee1a795d92d125fbe7e096ababb3d8b01d4f68b849ba2aa92effad365ce,dcb426f861c79deef12674b7be17c5b4ccbccb2696e8c51853aa8c2b5c15aafd,0.9196451545421739,2.4887498000171036
ca-GrQc,betweenness,plus_nonorbit_subgraph,6,1,5,rf_log1p,4158,40,c61383d6b27ef0ad89c89dab2673f8c8726eee83fc5458704272a64ff6df9087,aaf96ee1a795d92d125fbe7e096ababb3d8b01d4f68b849ba2aa92effad365ce,fd9c8bc97be818729648c3e99ebf7f1ce7d70b347028c5536fb1cef5797f89c0,0.9211747459871682,2.4416197999962606
ca-GrQc,betweenness,plus_nonorbit_subgraph,7,1,5,rf_log1p,4158,40,c61383d6b27ef0ad89c89dab2673f8c8726eee83fc5458704272a64ff6df9087,aaf96ee1a795d92d125fbe7e096ababb3d8b01d4f68b849ba2aa92effad365ce,ecf6ffac3fb86beb74fa0bf0df57dff374b5a709dcd1ff9a31b6da0413380f3f,0.9192742172326126,2.5026366999954917
ca-GrQc,betweenness,plus_nonorbit_subgraph,8,1,5,rf_log1p,4158,40,c61383d6b27ef0ad89c89dab2673f8c8726eee83fc5458704272a64ff6df9087,aaf96ee1a795d92d125fbe7e096ababb3d8b01d4f68b849ba2aa92effad365ce,01ff36ada85e55535895edc6addcdf31658234d7eb82604039eeb0da049196a6,0.9188963361818256,2.476850099978037
ca-GrQc,betweenness,plus_nonorbit_subgraph,9,1,5,rf_log1p,4158,40,c61383d6b27ef0ad89c89dab2673f8c8726eee83fc5458704272a64ff6df9087,aaf96ee1a795d92d125fbe7e096ababb3d8b01d4f68b849ba2aa92effad365ce,b1876a48dcd8f44492c4729f1d084a7907438dc71dbb3996872076a7ed2ac118,0.9204311692969522,2.4879878999781795
ca-GrQc,betweenness,plus_orbit_lt15,0,1,5,rf_log1p,4158,45,dcece2a6c43eb3af150d7357885003ee166f4bb9b7b5a037bc4198659ec035e7,aaf96ee1a795d92d125fbe7e096ababb3d8b01d4f68b849ba2aa92effad365ce,88d923553eb7c3eef7522f89c1d6119ade0eb1748d4c90fab5df502335dc1d18,0.9199806569594057,2.6060002999729477
ca-GrQc,betweenness,plus_orbit_lt15,1,1,5,rf_log1p,4158,45,dcece2a6c43eb3af150d7357885003ee166f4bb9b7b5a037bc4198659ec035e7,aaf96ee1a795d92d125fbe7e096ababb3d8b01d4f68b849ba2aa92effad365ce,9e9545c5461a1bd2663085b76e05b6979374e4edd8881be2d134c95cba6c75d9,0.9191412796681379,2.6482333000167273
ca-GrQc,betweenness,plus_orbit_lt15,2,1,5,rf_log1p,4158,45,dcece2a6c43eb3af150d7357885003ee166f4bb9b7b5a037bc4198659ec035e7,aaf96ee1a795d92d125fbe7e096ababb3d8b01d4f68b849ba2aa92effad365ce,baf9067770f62fd1389cb8fba1fad3b41a07493e259653942eb8a192d36d17c2,0.9182160451272804,2.5614377000019886
ca-GrQc,betweenness,plus_orbit_lt15,3,1,5,rf_log1p,4158,45,dcece2a6c43eb3af150d7357885003ee166f4bb9b7b5a037bc4198659ec035e7,aaf96ee1a795d92d125fbe7e096ababb3d8b01d4f68b849ba2aa92effad365ce,8250746bbe5f21d917b544f1188f7c6f9af37d9d6b2e5962a0df5cd56a067adf,0.9198448419875301,2.5929508000263013
ca-GrQc,betweenness,plus_orbit_lt15,4,1,5,rf_log1p,4158,45,dcece2a6c43eb3af150d7357885003ee166f4bb9b7b5a037bc4198659ec035e7,aaf96ee1a795d92d125fbe7e096ababb3d8b01d4f68b849ba2aa92effad365ce,2923e520960435beb6fd396f69f3bacf05fc9503d08ba9af6e2fad96adb90251,0.9195271608070688,2.6487244000309147
ca-GrQc,betweenness,plus_orbit_lt15,5,1,5,rf_log1p,4158,45,dcece2a6c43eb3af150d7357885003ee166f4bb9b7b5a037bc4198659ec035e7,aaf96ee1a795d92d125fbe7e096ababb3d8b01d4f68b849ba2aa92effad365ce,dcb426f861c79deef12674b7be17c5b4ccbccb2696e8c51853aa8c2b5c15aafd,0.9192178041203363,2.666028300009202
ca-GrQc,betweenness,plus_orbit_lt15,6,1,5,rf_log1p,4158,45,dcece2a6c43eb3af150d7357885003ee166f4bb9b7b5a037bc4198659ec035e7,aaf96ee1a795d92d125fbe7e096ababb3d8b01d4f68b849ba2aa92effad365ce,fd9c8bc97be818729648c3e99ebf7f1ce7d70b347028c5536fb1cef5797f89c0,0.9214729210699456,2.7127418000018224
ca-GrQc,betweenness,plus_orbit_lt15,7,1,5,rf_log1p,4158,45,dcece2a6c43eb3af150d7357885003ee166f4bb9b7b5a037bc4198659ec035e7,aaf96ee1a795d92d125fbe7e096ababb3d8b01d4f68b849ba2aa92effad365ce,ecf6ffac3fb86beb74fa0bf0df57dff374b5a709dcd1ff9a31b6da0413380f3f,0.9194542558384362,2.6125354999676347
ca-GrQc,betweenness,plus_orbit_lt15,8,1,5,rf_log1p,4158,45,dcece2a6c43eb3af150d7357885003ee166f4bb9b7b5a037bc4198659ec035e7,aaf96ee1a795d92d125fbe7e096ababb3d8b01d4f68b849ba2aa92effad365ce,01ff36ada85e55535895edc6addcdf31658234d7eb82604039eeb0da049196a6,0.9188152424017597,2.6591403000056744
ca-GrQc,betweenness,plus_orbit_lt15,9,1,5,rf_log1p,4158,45,dcece2a6c43eb3af150d7357885003ee166f4bb9b7b5a037bc4198659ec035e7,aaf96ee1a795d92d125fbe7e096ababb3d8b01d4f68b849ba2aa92effad365ce,b1876a48dcd8f44492c4729f1d084a7907438dc71dbb3996872076a7ed2ac118,0.9202334014954449,2.6712032000068575
ca-GrQc,betweenness,full_r1_structural,0,1,5,rf_log1p,4158,56,5c066804775eef25e1ad1933a219214469e6490f0a28e520ddc47b3ecc599613,aaf96ee1a795d92d125fbe7e096ababb3d8b01d4f68b849ba2aa92effad365ce,88d923553eb7c3eef7522f89c1d6119ade0eb1748d4c90fab5df502335dc1d18,0.9204038068043788,2.873193299979903
ca-GrQc,betweenness,full_r1_structural,1,1,5,rf_log1p,4158,56,5c066804775eef25e1ad1933a219214469e6490f0a28e520ddc47b3ecc599613,aaf96ee1a795d92d125fbe7e096ababb3d8b01d4f68b849ba2aa92effad365ce,9e9545c5461a1bd2663085b76e05b6979374e4edd8881be2d134c95cba6c75d9,0.919223421578176,2.932479900016915
ca-GrQc,betweenness,full_r1_structural,2,1,5,rf_log1p,4158,56,5c066804775eef25e1ad1933a219214469e6490f0a28e520ddc47b3ecc599613,aaf96ee1a795d92d125fbe7e096ababb3d8b01d4f68b849ba2aa92effad365ce,baf9067770f62fd1389cb8fba1fad3b41a07493e259653942eb8a192d36d17c2,0.9188040389975637,2.927100299973972
ca-GrQc,betweenness,full_r1_structural,3,1,5,rf_log1p,4158,56,5c066804775eef25e1ad1933a219214469e6490f0a28e520ddc47b3ecc599613,aaf96ee1a795d92d125fbe7e096ababb3d8b01d4f68b849ba2aa92effad365ce,8250746bbe5f21d917b544f1188f7c6f9af37d9d6b2e5962a0df5cd56a067adf,0.9198070060551621,2.9648870000382885
ca-GrQc,betweenness,full_r1_structural,4,1,5,rf_log1p,4158,56,5c066804775eef25e1ad1933a219214469e6490f0a28e520ddc47b3ecc599613,aaf96ee1a795d92d125fbe7e096ababb3d8b01d4f68b849ba2aa92effad365ce,2923e520960435beb6fd396f69f3bacf05fc9503d08ba9af6e2fad96adb90251,0.9200534097274786,2.8994761999929324
ca-GrQc,betweenness,full_r1_structural,5,1,5,rf_log1p,4158,56,5c066804775eef25e1ad1933a219214469e6490f0a28e520ddc47b3ecc599613,aaf96ee1a795d92d125fbe7e096ababb3d8b01d4f68b849ba2aa92effad365ce,dcb426f861c79deef12674b7be17c5b4ccbccb2696e8c51853aa8c2b5c15aafd,0.9198888171111509,2.911189300008118
ca-GrQc,betweenness,full_r1_structural,6,1,5,rf_log1p,4158,56,5c066804775eef25e1ad1933a219214469e6490f0a28e520ddc47b3ecc599613,aaf96ee1a795d92d125fbe7e096ababb3d8b01d4f68b849ba2aa92effad365ce,fd9c8bc97be818729648c3e99ebf7f1ce7d70b347028c5536fb1cef5797f89c0,0.9218085194179803,2.8491836999892257
ca-GrQc,betweenness,full_r1_structural,7,1,5,rf_log1p,4158,56,5c066804775eef25e1ad1933a219214469e6490f0a28e520ddc47b3ecc599613,aaf96ee1a795d92d125fbe7e096ababb3d8b01d4f68b849ba2aa92effad365ce,ecf6ffac3fb86beb74fa0bf0df57dff374b5a709dcd1ff9a31b6da0413380f3f,0.9191834512005967,2.8945474000065587
ca-GrQc,betweenness,full_r1_structural,8,1,5,rf_log1p,4158,56,5c066804775eef25e1ad1933a219214469e6490f0a28e520ddc47b3ecc599613,aaf96ee1a795d92d125fbe7e096ababb3d8b01d4f68b849ba2aa92effad365ce,01ff36ada85e55535895edc6addcdf31658234d7eb82604039eeb0da049196a6,0.9191062968340639,2.901600699988194
ca-GrQc,betweenness,full_r1_structural,9,1,5,rf_log1p,4158,56,5c066804775eef25e1ad1933a219214469e6490f0a28e520ddc47b3ecc599613,aaf96ee1a795d92d125fbe7e096ababb3d8b01d4f68b849ba2aa92effad365ce,b1876a48dcd8f44492c4729f1d084a7907438dc71dbb3996872076a7ed2ac118,0.9207100589218007,2.885928299976513
ca-HepTh,spread_mean,node_edge,0,1,5,rf,8638,38,a45d535846cb3e119d5d14d2a62b3d52917062b6c0b0579a9fbc2103bddf4265,e17cc7834eea1ce10ef9705f0b70488090ae92b4507c86a2e03243d0dcae148b,228255b5fbd02b3703eb04439d6135a65cc3ae36c581e39d9df38c2ed973d869,0.8963569555202862,6.739702999999281
ca-HepTh,spread_mean,node_edge,1,1,5,rf,8638,38,a45d535846cb3e119d5d14d2a62b3d52917062b6c0b0579a9fbc2103bddf4265,e17cc7834eea1ce10ef9705f0b70488090ae92b4507c86a2e03243d0dcae148b,788cf64326d7b3d9ca02c50e757a7996e7f020ba1616eced50f8a8a6c27285fa,0.8967576373204956,6.748204100003932
ca-HepTh,spread_mean,node_edge,2,1,5,rf,8638,38,a45d535846cb3e119d5d14d2a62b3d52917062b6c0b0579a9fbc2103bddf4265,e17cc7834eea1ce10ef9705f0b70488090ae92b4507c86a2e03243d0dcae148b,796ebfc6d0b8950e4c7df98a3944078051a442a52d7e0f0a121208a70a3ab938,0.8971095862247157,6.756800300034229
ca-HepTh,spread_mean,node_edge,3,1,5,rf,8638,38,a45d535846cb3e119d5d14d2a62b3d52917062b6c0b0579a9fbc2103bddf4265,e17cc7834eea1ce10ef9705f0b70488090ae92b4507c86a2e03243d0dcae148b,58a3fed4953180ec9a6fe38740a6c5a5dfd954d3f9a45b004ce4d8e722f6d11b,0.8970363347269577,6.86786860000575
ca-HepTh,spread_mean,node_edge,4,1,5,rf,8638,38,a45d535846cb3e119d5d14d2a62b3d52917062b6c0b0579a9fbc2103bddf4265,e17cc7834eea1ce10ef9705f0b70488090ae92b4507c86a2e03243d0dcae148b,81bd8dbc9c72e68b23585dabf42c6404c5f8761c2cac0d1aebd2cbf091dc818f,0.8966743040429624,6.765932899957988
ca-HepTh,spread_mean,node_edge,5,1,5,rf,8638,38,a45d535846cb3e119d5d14d2a62b3d52917062b6c0b0579a9fbc2103bddf4265,e17cc7834eea1ce10ef9705f0b70488090ae92b4507c86a2e03243d0dcae148b,cbd1a37ca38f041a18ca0c9fb8eab8003ad669c37d21f2304cc7aef849d358a2,0.8968958146019267,6.6776239000028
ca-HepTh,spread_mean,node_edge,6,1,5,rf,8638,38,a45d535846cb3e119d5d14d2a62b3d52917062b6c0b0579a9fbc2103bddf4265,e17cc7834eea1ce10ef9705f0b70488090ae92b4507c86a2e03243d0dcae148b,49b36850b4bda160048a63116de19fc7cdaa84b01d7cf63da87df9935edc3c8e,0.8963879805872205,6.673328600008972
ca-HepTh,spread_mean,node_edge,7,1,5,rf,8638,38,a45d535846cb3e119d5d14d2a62b3d52917062b6c0b0579a9fbc2103bddf4265,e17cc7834eea1ce10ef9705f0b70488090ae92b4507c86a2e03243d0dcae148b,3d0e3726c3135eda8b78f6149e490450155973a61699369c8e6a6ce153a1684e,0.895827863715001,6.762215099995956
ca-HepTh,spread_mean,node_edge,8,1,5,rf,8638,38,a45d535846cb3e119d5d14d2a62b3d52917062b6c0b0579a9fbc2103bddf4265,e17cc7834eea1ce10ef9705f0b70488090ae92b4507c86a2e03243d0dcae148b,206f017fa3d0290c180615b5f6443ff5b2dcaa4b04a728e7e76c50b6b161d7fd,0.8966944415687657,6.737228300014976
ca-HepTh,spread_mean,node_edge,9,1,5,rf,8638,38,a45d535846cb3e119d5d14d2a62b3d52917062b6c0b0579a9fbc2103bddf4265,e17cc7834eea1ce10ef9705f0b70488090ae92b4507c86a2e03243d0dcae148b,79c5b06350ad1b88f17dfa79f4ed65a4af3c5a51ae2296fb3b217f733b5fae84,0.8967128695983954,6.6870836999733
ca-HepTh,spread_mean,plus_nonorbit_subgraph,0,1,5,rf,8638,40,c61383d6b27ef0ad89c89dab2673f8c8726eee83fc5458704272a64ff6df9087,e17cc7834eea1ce10ef9705f0b70488090ae92b4507c86a2e03243d0dcae148b,228255b5fbd02b3703eb04439d6135a65cc3ae36c581e39d9df38c2ed973d869,0.8963180727842834,7.118548099999316
ca-HepTh,spread_mean,plus_nonorbit_subgraph,1,1,5,rf,8638,40,c61383d6b27ef0ad89c89dab2673f8c8726eee83fc5458704272a64ff6df9087,e17cc7834eea1ce10ef9705f0b70488090ae92b4507c86a2e03243d0dcae148b,788cf64326d7b3d9ca02c50e757a7996e7f020ba1616eced50f8a8a6c27285fa,0.896818079877808,6.989709700050298
ca-HepTh,spread_mean,plus_nonorbit_subgraph,2,1,5,rf,8638,40,c61383d6b27ef0ad89c89dab2673f8c8726eee83fc5458704272a64ff6df9087,e17cc7834eea1ce10ef9705f0b70488090ae92b4507c86a2e03243d0dcae148b,796ebfc6d0b8950e4c7df98a3944078051a442a52d7e0f0a121208a70a3ab938,0.8970771929028188,6.985253199993167
ca-HepTh,spread_mean,plus_nonorbit_subgraph,3,1,5,rf,8638,40,c61383d6b27ef0ad89c89dab2673f8c8726eee83fc5458704272a64ff6df9087,e17cc7834eea1ce10ef9705f0b70488090ae92b4507c86a2e03243d0dcae148b,58a3fed4953180ec9a6fe38740a6c5a5dfd954d3f9a45b004ce4d8e722f6d11b,0.8970079637238209,7.000968399981502
ca-HepTh,spread_mean,plus_nonorbit_subgraph,4,1,5,rf,8638,40,c61383d6b27ef0ad89c89dab2673f8c8726eee83fc5458704272a64ff6df9087,e17cc7834eea1ce10ef9705f0b70488090ae92b4507c86a2e03243d0dcae148b,81bd8dbc9c72e68b23585dabf42c6404c5f8761c2cac0d1aebd2cbf091dc818f,0.8966300582391852,7.104519599990454
ca-HepTh,spread_mean,plus_nonorbit_subgraph,5,1,5,rf,8638,40,c61383d6b27ef0ad89c89dab2673f8c8726eee83fc5458704272a64ff6df9087,e17cc7834eea1ce10ef9705f0b70488090ae92b4507c86a2e03243d0dcae148b,cbd1a37ca38f041a18ca0c9fb8eab8003ad669c37d21f2304cc7aef849d358a2,0.896942849397358,7.096983099996578
ca-HepTh,spread_mean,plus_nonorbit_subgraph,6,1,5,rf,8638,40,c61383d6b27ef0ad89c89dab2673f8c8726eee83fc5458704272a64ff6df9087,e17cc7834eea1ce10ef9705f0b70488090ae92b4507c86a2e03243d0dcae148b,49b36850b4bda160048a63116de19fc7cdaa84b01d7cf63da87df9935edc3c8e,0.8963543537939342,7.0989179000025615
ca-HepTh,spread_mean,plus_nonorbit_subgraph,7,1,5,rf,8638,40,c61383d6b27ef0ad89c89dab2673f8c8726eee83fc5458704272a64ff6df9087,e17cc7834eea1ce10ef9705f0b70488090ae92b4507c86a2e03243d0dcae148b,3d0e3726c3135eda8b78f6149e490450155973a61699369c8e6a6ce153a1684e,0.8958572000665629,5.585433900007047
ca-HepTh,spread_mean,plus_nonorbit_subgraph,8,1,5,rf,8638,40,c61383d6b27ef0ad89c89dab2673f8c8726eee83fc5458704272a64ff6df9087,e17cc7834eea1ce10ef9705f0b70488090ae92b4507c86a2e03243d0dcae148b,206f017fa3d0290c180615b5f6443ff5b2dcaa4b04a728e7e76c50b6b161d7fd,0.8966983418577135,5.135341799992602
ca-HepTh,spread_mean,plus_nonorbit_subgraph,9,1,5,rf,8638,40,c61383d6b27ef0ad89c89dab2673f8c8726eee83fc5458704272a64ff6df9087,e17cc7834eea1ce10ef9705f0b70488090ae92b4507c86a2e03243d0dcae148b,79c5b06350ad1b88f17dfa79f4ed65a4af3c5a51ae2296fb3b217f733b5fae84,0.8966716271372993,5.265483799972571
ca-HepTh,spread_mean,plus_orbit_lt15,0,1,5,rf,8638,45,dcece2a6c43eb3af150d7357885003ee166f4bb9b7b5a037bc4198659ec035e7,e17cc7834eea1ce10ef9705f0b70488090ae92b4507c86a2e03243d0dcae148b,228255b5fbd02b3703eb04439d6135a65cc3ae36c581e39d9df38c2ed973d869,0.8963631767580466,5.986446499999147
ca-HepTh,spread_mean,plus_orbit_lt15,1,1,5,rf,8638,45,dcece2a6c43eb3af150d7357885003ee166f4bb9b7b5a037bc4198659ec035e7,e17cc7834eea1ce10ef9705f0b70488090ae92b4507c86a2e03243d0dcae148b,788cf64326d7b3d9ca02c50e757a7996e7f020ba1616eced50f8a8a6c27285fa,0.8967472328341438,5.807495999964885
ca-HepTh,spread_mean,plus_orbit_lt15,2,1,5,rf,8638,45,dcece2a6c43eb3af150d7357885003ee166f4bb9b7b5a037bc4198659ec035e7,e17cc7834eea1ce10ef9705f0b70488090ae92b4507c86a2e03243d0dcae148b,796ebfc6d0b8950e4c7df98a3944078051a442a52d7e0f0a121208a70a3ab938,0.897073277815901,5.860746500024106
ca-HepTh,spread_mean,plus_orbit_lt15,3,1,5,rf,8638,45,dcece2a6c43eb3af150d7357885003ee166f4bb9b7b5a037bc4198659ec035e7,e17cc7834eea1ce10ef9705f0b70488090ae92b4507c86a2e03243d0dcae148b,58a3fed4953180ec9a6fe38740a6c5a5dfd954d3f9a45b004ce4d8e722f6d11b,0.8969749267901114,5.915722500008997
ca-HepTh,spread_mean,plus_orbit_lt15,4,1,5,rf,8638,45,dcece2a6c43eb3af150d7357885003ee166f4bb9b7b5a037bc4198659ec035e7,e17cc7834eea1ce10ef9705f0b70488090ae92b4507c86a2e03243d0dcae148b,81bd8dbc9c72e68b23585dabf42c6404c5f8761c2cac0d1aebd2cbf091dc818f,0.8965546526632934,5.856091199966613
ca-HepTh,spread_mean,plus_orbit_lt15,5,1,5,rf,8638,45,dcece2a6c43eb3af150d7357885003ee166f4bb9b7b5a037bc4198659ec035e7,e17cc7834eea1ce10ef9705f0b70488090ae92b4507c86a2e03243d0dcae148b,cbd1a37ca38f041a18ca0c9fb8eab8003ad669c37d21f2304cc7aef849d358a2,0.8968954391816667,6.308463399996981
ca-HepTh,spread_mean,plus_orbit_lt15,6,1,5,rf,8638,45,dcece2a6c43eb3af150d7357885003ee166f4bb9b7b5a037bc4198659ec035e7,e17cc7834eea1ce10ef9705f0b70488090ae92b4507c86a2e03243d0dcae148b,49b36850b4bda160048a63116de19fc7cdaa84b01d7cf63da87df9935edc3c8e,0.8963006152821753,6.058783500047866
ca-HepTh,spread_mean,plus_orbit_lt15,7,1,5,rf,8638,45,dcece2a6c43eb3af150d7357885003ee166f4bb9b7b5a037bc4198659ec035e7,e17cc7834eea1ce10ef9705f0b70488090ae92b4507c86a2e03243d0dcae148b,3d0e3726c3135eda8b78f6149e490450155973a61699369c8e6a6ce153a1684e,0.8957860312575635,6.92180140002165
ca-HepTh,spread_mean,plus_orbit_lt15,8,1,5,rf,8638,45,dcece2a6c43eb3af150d7357885003ee166f4bb9b7b5a037bc4198659ec035e7,e17cc7834eea1ce10ef9705f0b70488090ae92b4507c86a2e03243d0dcae148b,206f017fa3d0290c180615b5f6443ff5b2dcaa4b04a728e7e76c50b6b161d7fd,0.896654325393781,7.899039299983997
ca-HepTh,spread_mean,plus_orbit_lt15,9,1,5,rf,8638,45,dcece2a6c43eb3af150d7357885003ee166f4bb9b7b5a037bc4198659ec035e7,e17cc7834eea1ce10ef9705f0b70488090ae92b4507c86a2e03243d0dcae148b,79c5b06350ad1b88f17dfa79f4ed65a4af3c5a51ae2296fb3b217f733b5fae84,0.8967091690394674,6.886985199991614
ca-HepTh,spread_mean,full_r1_structural,0,1,5,rf,8638,56,5c066804775eef25e1ad1933a219214469e6490f0a28e520ddc47b3ecc599613,e17cc7834eea1ce10ef9705f0b70488090ae92b4507c86a2e03243d0dcae148b,228255b5fbd02b3703eb04439d6135a65cc3ae36c581e39d9df38c2ed973d869,0.8962609017545194,7.172949300031178
ca-HepTh,spread_mean,full_r1_structural,1,1,5,rf,8638,56,5c066804775eef25e1ad1933a219214469e6490f0a28e520ddc47b3ecc599613,e17cc7834eea1ce10ef9705f0b70488090ae92b4507c86a2e03243d0dcae148b,788cf64326d7b3d9ca02c50e757a7996e7f020ba1616eced50f8a8a6c27285fa,0.8967716887402081,7.213114299986046
ca-HepTh,spread_mean,full_r1_structural,2,1,5,rf,8638,56,5c066804775eef25e1ad1933a219214469e6490f0a28e520ddc47b3ecc599613,e17cc7834eea1ce10ef9705f0b70488090ae92b4507c86a2e03243d0dcae148b,796ebfc6d0b8950e4c7df98a3944078051a442a52d7e0f0a121208a70a3ab938,0.8971233694759201,7.431961099966429
ca-HepTh,spread_mean,full_r1_structural,3,1,5,rf,8638,56,5c066804775eef25e1ad1933a219214469e6490f0a28e520ddc47b3ecc599613,e17cc7834eea1ce10ef9705f0b70488090ae92b4507c86a2e03243d0dcae148b,58a3fed4953180ec9a6fe38740a6c5a5dfd954d3f9a45b004ce4d8e722f6d11b,0.8970091972456964,6.9792935000150464
ca-HepTh,spread_mean,full_r1_structural,4,1,5,rf,8638,56,5c066804775eef25e1ad1933a219214469e6490f0a28e520ddc47b3ecc599613,e17cc7834eea1ce10ef9705f0b70488090ae92b4507c86a2e03243d0dcae148b,81bd8dbc9c72e68b23585dabf42c6404c5f8761c2cac0d1aebd2cbf091dc818f,0.8965271398180357,6.994584399973974
ca-HepTh,spread_mean,full_r1_structural,5,1,5,rf,8638,56,5c066804775eef25e1ad1933a219214469e6490f0a28e520ddc47b3ecc599613,e17cc7834eea1ce10ef9705f0b70488090ae92b4507c86a2e03243d0dcae148b,cbd1a37ca38f041a18ca0c9fb8eab8003ad669c37d21f2304cc7aef849d358a2,0.896980927738015,6.670425799966324
ca-HepTh,spread_mean,full_r1_structural,6,1,5,rf,8638,56,5c066804775eef25e1ad1933a219214469e6490f0a28e520ddc47b3ecc599613,e17cc7834eea1ce10ef9705f0b70488090ae92b4507c86a2e03243d0dcae148b,49b36850b4bda160048a63116de19fc7cdaa84b01d7cf63da87df9935edc3c8e,0.8963489906690082,8.880229100002907
ca-HepTh,spread_mean,full_r1_structural,7,1,5,rf,8638,56,5c066804775eef25e1ad1933a219214469e6490f0a28e520ddc47b3ecc599613,e17cc7834eea1ce10ef9705f0b70488090ae92b4507c86a2e03243d0dcae148b,3d0e3726c3135eda8b78f6149e490450155973a61699369c8e6a6ce153a1684e,0.8957208691604013,9.33447050000541
ca-HepTh,spread_mean,full_r1_structural,8,1,5,rf,8638,56,5c066804775eef25e1ad1933a219214469e6490f0a28e520ddc47b3ecc599613,e17cc7834eea1ce10ef9705f0b70488090ae92b4507c86a2e03243d0dcae148b,206f017fa3d0290c180615b5f6443ff5b2dcaa4b04a728e7e76c50b6b161d7fd,0.896677654987522,8.795496400038246
ca-HepTh,spread_mean,full_r1_structural,9,1,5,rf,8638,56,5c066804775eef25e1ad1933a219214469e6490f0a28e520ddc47b3ecc599613,e17cc7834eea1ce10ef9705f0b70488090ae92b4507c86a2e03243d0dcae148b,79c5b06350ad1b88f17dfa79f4ed65a4af3c5a51ae2296fb3b217f733b5fae84,0.8967088472517346,8.519150300009642
ca-HepTh,spread_cv,node_edge,0,1,5,rf,8638,38,a45d535846cb3e119d5d14d2a62b3d52917062b6c0b0579a9fbc2103bddf4265,2f2c6cff6d1b29fb18a4b550c18473b019326eeb2e7c98930ef731016c312186,228255b5fbd02b3703eb04439d6135a65cc3ae36c581e39d9df38c2ed973d869,0.6563498092511134,7.001116200000979
ca-HepTh,spread_cv,node_edge,1,1,5,rf,8638,38,a45d535846cb3e119d5d14d2a62b3d52917062b6c0b0579a9fbc2103bddf4265,2f2c6cff6d1b29fb18a4b550c18473b019326eeb2e7c98930ef731016c312186,788cf64326d7b3d9ca02c50e757a7996e7f020ba1616eced50f8a8a6c27285fa,0.6575500271679737,6.948931000020821
ca-HepTh,spread_cv,node_edge,2,1,5,rf,8638,38,a45d535846cb3e119d5d14d2a62b3d52917062b6c0b0579a9fbc2103bddf4265,2f2c6cff6d1b29fb18a4b550c18473b019326eeb2e7c98930ef731016c312186,796ebfc6d0b8950e4c7df98a3944078051a442a52d7e0f0a121208a70a3ab938,0.6558389097659545,7.008189500018489
ca-HepTh,spread_cv,node_edge,3,1,5,rf,8638,38,a45d535846cb3e119d5d14d2a62b3d52917062b6c0b0579a9fbc2103bddf4265,2f2c6cff6d1b29fb18a4b550c18473b019326eeb2e7c98930ef731016c312186,58a3fed4953180ec9a6fe38740a6c5a5dfd954d3f9a45b004ce4d8e722f6d11b,0.659103174460761,6.952972900005989
ca-HepTh,spread_cv,node_edge,4,1,5,rf,8638,38,a45d535846cb3e119d5d14d2a62b3d52917062b6c0b0579a9fbc2103bddf4265,2f2c6cff6d1b29fb18a4b550c18473b019326eeb2e7c98930ef731016c312186,81bd8dbc9c72e68b23585dabf42c6404c5f8761c2cac0d1aebd2cbf091dc818f,0.6569687472731556,6.888803799985908
ca-HepTh,spread_cv,node_edge,5,1,5,rf,8638,38,a45d535846cb3e119d5d14d2a62b3d52917062b6c0b0579a9fbc2103bddf4265,2f2c6cff6d1b29fb18a4b550c18473b019326eeb2e7c98930ef731016c312186,cbd1a37ca38f041a18ca0c9fb8eab8003ad669c37d21f2304cc7aef849d358a2,0.6568683912152334,6.886074899986852
ca-HepTh,spread_cv,node_edge,6,1,5,rf,8638,38,a45d535846cb3e119d5d14d2a62b3d52917062b6c0b0579a9fbc2103bddf4265,2f2c6cff6d1b29fb18a4b550c18473b019326eeb2e7c98930ef731016c312186,49b36850b4bda160048a63116de19fc7cdaa84b01d7cf63da87df9935edc3c8e,0.6552758352087167,7.22727799997665
ca-HepTh,spread_cv,node_edge,7,1,5,rf,8638,38,a45d535846cb3e119d5d14d2a62b3d52917062b6c0b0579a9fbc2103bddf4265,2f2c6cff6d1b29fb18a4b550c18473b019326eeb2e7c98930ef731016c312186,3d0e3726c3135eda8b78f6149e490450155973a61699369c8e6a6ce153a1684e,0.6550245381174392,7.048418499995023
ca-HepTh,spread_cv,node_edge,8,1,5,rf,8638,38,a45d535846cb3e119d5d14d2a62b3d52917062b6c0b0579a9fbc2103bddf4265,2f2c6cff6d1b29fb18a4b550c18473b019326eeb2e7c98930ef731016c312186,206f017fa3d0290c180615b5f6443ff5b2dcaa4b04a728e7e76c50b6b161d7fd,0.6567671607802631,6.971074599947315
ca-HepTh,spread_cv,node_edge,9,1,5,rf,8638,38,a45d535846cb3e119d5d14d2a62b3d52917062b6c0b0579a9fbc2103bddf4265,2f2c6cff6d1b29fb18a4b550c18473b019326eeb2e7c98930ef731016c312186,79c5b06350ad1b88f17dfa79f4ed65a4af3c5a51ae2296fb3b217f733b5fae84,0.6577655572391049,5.971768600051291
ca-HepTh,spread_cv,plus_nonorbit_subgraph,0,1,5,rf,8638,40,c61383d6b27ef0ad89c89dab2673f8c8726eee83fc5458704272a64ff6df9087,2f2c6cff6d1b29fb18a4b550c18473b019326eeb2e7c98930ef731016c312186,228255b5fbd02b3703eb04439d6135a65cc3ae36c581e39d9df38c2ed973d869,0.656219984712031,4.99135640001623
ca-HepTh,spread_cv,plus_nonorbit_subgraph,1,1,5,rf,8638,40,c61383d6b27ef0ad89c89dab2673f8c8726eee83fc5458704272a64ff6df9087,2f2c6cff6d1b29fb18a4b550c18473b019326eeb2e7c98930ef731016c312186,788cf64326d7b3d9ca02c50e757a7996e7f020ba1616eced50f8a8a6c27285fa,0.6576409740789302,5.187941999989562
ca-HepTh,spread_cv,plus_nonorbit_subgraph,2,1,5,rf,8638,40,c61383d6b27ef0ad89c89dab2673f8c8726eee83fc5458704272a64ff6df9087,2f2c6cff6d1b29fb18a4b550c18473b019326eeb2e7c98930ef731016c312186,796ebfc6d0b8950e4c7df98a3944078051a442a52d7e0f0a121208a70a3ab938,0.6557389540473113,4.952501599967945
ca-HepTh,spread_cv,plus_nonorbit_subgraph,3,1,5,rf,8638,40,c61383d6b27ef0ad89c89dab2673f8c8726eee83fc5458704272a64ff6df9087,2f2c6cff6d1b29fb18a4b550c18473b019326eeb2e7c98930ef731016c312186,58a3fed4953180ec9a6fe38740a6c5a5dfd954d3f9a45b004ce4d8e722f6d11b,0.659160498913165,5.2035276999813505
ca-HepTh,spread_cv,plus_nonorbit_subgraph,4,1,5,rf,8638,40,c61383d6b27ef0ad89c89dab2673f8c8726eee83fc5458704272a64ff6df9087,2f2c6cff6d1b29fb18a4b550c18473b019326eeb2e7c98930ef731016c312186,81bd8dbc9c72e68b23585dabf42c6404c5f8761c2cac0d1aebd2cbf091dc818f,0.6568557073283421,5.238621799973771
ca-HepTh,spread_cv,plus_nonorbit_subgraph,5,1,5,rf,8638,40,c61383d6b27ef0ad89c89dab2673f8c8726eee83fc5458704272a64ff6df9087,2f2c6cff6d1b29fb18a4b550c18473b019326eeb2e7c98930ef731016c312186,cbd1a37ca38f041a18ca0c9fb8eab8003ad669c37d21f2304cc7aef849d358a2,0.6566670314031205,6.262240699958056
ca-HepTh,spread_cv,plus_nonorbit_subgraph,6,1,5,rf,8638,40,c61383d6b27ef0ad89c89dab2673f8c8726eee83fc5458704272a64ff6df9087,2f2c6cff6d1b29fb18a4b550c18473b019326eeb2e7c98930ef731016c312186,49b36850b4bda160048a63116de19fc7cdaa84b01d7cf63da87df9935edc3c8e,0.6552539028969272,7.306334699969739
ca-HepTh,spread_cv,plus_nonorbit_subgraph,7,1,5,rf,8638,40,c61383d6b27ef0ad89c89dab2673f8c8726eee83fc5458704272a64ff6df9087,2f2c6cff6d1b29fb18a4b550c18473b019326eeb2e7c98930ef731016c312186,3d0e3726c3135eda8b78f6149e490450155973a61699369c8e6a6ce153a1684e,0.6550225003924958,7.082817399990745
ca-HepTh,spread_cv,plus_nonorbit_subgraph,8,1,5,rf,8638,40,c61383d6b27ef0ad89c89dab2673f8c8726eee83fc5458704272a64ff6df9087,2f2c6cff6d1b29fb18a4b550c18473b019326eeb2e7c98930ef731016c312186,206f017fa3d0290c180615b5f6443ff5b2dcaa4b04a728e7e76c50b6b161d7fd,0.6568499565989839,7.417488700011745
ca-HepTh,spread_cv,plus_nonorbit_subgraph,9,1,5,rf,8638,40,c61383d6b27ef0ad89c89dab2673f8c8726eee83fc5458704272a64ff6df9087,2f2c6cff6d1b29fb18a4b550c18473b019326eeb2e7c98930ef731016c312186,79c5b06350ad1b88f17dfa79f4ed65a4af3c5a51ae2296fb3b217f733b5fae84,0.6576470832242879,7.230922299961094
ca-HepTh,spread_cv,plus_orbit_lt15,0,1,5,rf,8638,45,dcece2a6c43eb3af150d7357885003ee166f4bb9b7b5a037bc4198659ec035e7,2f2c6cff6d1b29fb18a4b550c18473b019326eeb2e7c98930ef731016c312186,228255b5fbd02b3703eb04439d6135a65cc3ae36c581e39d9df38c2ed973d869,0.6562117265629114,7.6899444999871776
ca-HepTh,spread_cv,plus_orbit_lt15,1,1,5,rf,8638,45,dcece2a6c43eb3af150d7357885003ee166f4bb9b7b5a037bc4198659ec035e7,2f2c6cff6d1b29fb18a4b550c18473b019326eeb2e7c98930ef731016c312186,788cf64326d7b3d9ca02c50e757a7996e7f020ba1616eced50f8a8a6c27285fa,0.6574415987163501,7.701033899968024
ca-HepTh,spread_cv,plus_orbit_lt15,2,1,5,rf,8638,45,dcece2a6c43eb3af150d7357885003ee166f4bb9b7b5a037bc4198659ec035e7,2f2c6cff6d1b29fb18a4b550c18473b019326eeb2e7c98930ef731016c312186,796ebfc6d0b8950e4c7df98a3944078051a442a52d7e0f0a121208a70a3ab938,0.655712249139648,7.66722059994936
ca-HepTh,spread_cv,plus_orbit_lt15,3,1,5,rf,8638,45,dcece2a6c43eb3af150d7357885003ee166f4bb9b7b5a037bc4198659ec035e7,2f2c6cff6d1b29fb18a4b550c18473b019326eeb2e7c98930ef731016c312186,58a3fed4953180ec9a6fe38740a6c5a5dfd954d3f9a45b004ce4d8e722f6d11b,0.6590789898695223,6.384779599960893
ca-HepTh,spread_cv,plus_orbit_lt15,4,1,5,rf,8638,45,dcece2a6c43eb3af150d7357885003ee166f4bb9b7b5a037bc4198659ec035e7,2f2c6cff6d1b29fb18a4b550c18473b019326eeb2e7c98930ef731016c312186,81bd8dbc9c72e68b23585dabf42c6404c5f8761c2cac0d1aebd2cbf091dc818f,0.6565841004400687,5.508552999992389
ca-HepTh,spread_cv,plus_orbit_lt15,5,1,5,rf,8638,45,dcece2a6c43eb3af150d7357885003ee166f4bb9b7b5a037bc4198659ec035e7,2f2c6cff6d1b29fb18a4b550c18473b019326eeb2e7c98930ef731016c312186,cbd1a37ca38f041a18ca0c9fb8eab8003ad669c37d21f2304cc7aef849d358a2,0.6564941997987424,5.469581699988339
ca-HepTh,spread_cv,plus_orbit_lt15,6,1,5,rf,8638,45,dcece2a6c43eb3af150d7357885003ee166f4bb9b7b5a037bc4198659ec035e7,2f2c6cff6d1b29fb18a4b550c18473b019326eeb2e7c98930ef731016c312186,49b36850b4bda160048a63116de19fc7cdaa84b01d7cf63da87df9935edc3c8e,0.6553057575314024,5.530156499997247
ca-HepTh,spread_cv,plus_orbit_lt15,7,1,5,rf,8638,45,dcece2a6c43eb3af150d7357885003ee166f4bb9b7b5a037bc4198659ec035e7,2f2c6cff6d1b29fb18a4b550c18473b019326eeb2e7c98930ef731016c312186,3d0e3726c3135eda8b78f6149e490450155973a61699369c8e6a6ce153a1684e,0.6550556402349981,5.432433100009803
ca-HepTh,spread_cv,plus_orbit_lt15,8,1,5,rf,8638,45,dcece2a6c43eb3af150d7357885003ee166f4bb9b7b5a037bc4198659ec035e7,2f2c6cff6d1b29fb18a4b550c18473b019326eeb2e7c98930ef731016c312186,206f017fa3d0290c180615b5f6443ff5b2dcaa4b04a728e7e76c50b6b161d7fd,0.6568029281449567,5.675248899962753
ca-HepTh,spread_cv,plus_orbit_lt15,9,1,5,rf,8638,45,dcece2a6c43eb3af150d7357885003ee166f4bb9b7b5a037bc4198659ec035e7,2f2c6cff6d1b29fb18a4b550c18473b019326eeb2e7c98930ef731016c312186,79c5b06350ad1b88f17dfa79f4ed65a4af3c5a51ae2296fb3b217f733b5fae84,0.6573302173864516,5.4440250000334345
ca-HepTh,spread_cv,full_r1_structural,0,1,5,rf,8638,56,5c066804775eef25e1ad1933a219214469e6490f0a28e520ddc47b3ecc599613,2f2c6cff6d1b29fb18a4b550c18473b019326eeb2e7c98930ef731016c312186,228255b5fbd02b3703eb04439d6135a65cc3ae36c581e39d9df38c2ed973d869,0.6560987936924829,6.109234799980186
ca-HepTh,spread_cv,full_r1_structural,1,1,5,rf,8638,56,5c066804775eef25e1ad1933a219214469e6490f0a28e520ddc47b3ecc599613,2f2c6cff6d1b29fb18a4b550c18473b019326eeb2e7c98930ef731016c312186,788cf64326d7b3d9ca02c50e757a7996e7f020ba1616eced50f8a8a6c27285fa,0.6576501438441268,6.07794330001343
ca-HepTh,spread_cv,full_r1_structural,2,1,5,rf,8638,56,5c066804775eef25e1ad1933a219214469e6490f0a28e520ddc47b3ecc599613,2f2c6cff6d1b29fb18a4b550c18473b019326eeb2e7c98930ef731016c312186,796ebfc6d0b8950e4c7df98a3944078051a442a52d7e0f0a121208a70a3ab938,0.6560012305601247,6.3646212000167
ca-HepTh,spread_cv,full_r1_structural,3,1,5,rf,8638,56,5c066804775eef25e1ad1933a219214469e6490f0a28e520ddc47b3ecc599613,2f2c6cff6d1b29fb18a4b550c18473b019326eeb2e7c98930ef731016c312186,58a3fed4953180ec9a6fe38740a6c5a5dfd954d3f9a45b004ce4d8e722f6d11b,0.6591070890398307,6.431183899985626
ca-HepTh,spread_cv,full_r1_structural,4,1,5,rf,8638,56,5c066804775eef25e1ad1933a219214469e6490f0a28e520ddc47b3ecc599613,2f2c6cff6d1b29fb18a4b550c18473b019326eeb2e7c98930ef731016c312186,81bd8dbc9c72e68b23585dabf42c6404c5f8761c2cac0d1aebd2cbf091dc818f,0.6563112601937636,6.237449200008996
ca-HepTh,spread_cv,full_r1_structural,5,1,5,rf,8638,56,5c066804775eef25e1ad1933a219214469e6490f0a28e520ddc47b3ecc599613,2f2c6cff6d1b29fb18a4b550c18473b019326eeb2e7c98930ef731016c312186,cbd1a37ca38f041a18ca0c9fb8eab8003ad669c37d21f2304cc7aef849d358a2,0.6565290556916513,6.112150400003884
ca-HepTh,spread_cv,full_r1_structural,6,1,5,rf,8638,56,5c066804775eef25e1ad1933a219214469e6490f0a28e520ddc47b3ecc599613,2f2c6cff6d1b29fb18a4b550c18473b019326eeb2e7c98930ef731016c312186,49b36850b4bda160048a63116de19fc7cdaa84b01d7cf63da87df9935edc3c8e,0.6554700621850028,6.006316800019704
ca-HepTh,spread_cv,full_r1_structural,7,1,5,rf,8638,56,5c066804775eef25e1ad1933a219214469e6490f0a28e520ddc47b3ecc599613,2f2c6cff6d1b29fb18a4b550c18473b019326eeb2e7c98930ef731016c312186,3d0e3726c3135eda8b78f6149e490450155973a61699369c8e6a6ce153a1684e,0.6550991831995804,6.865007999993395
ca-HepTh,spread_cv,full_r1_structural,8,1,5,rf,8638,56,5c066804775eef25e1ad1933a219214469e6490f0a28e520ddc47b3ecc599613,2f2c6cff6d1b29fb18a4b550c18473b019326eeb2e7c98930ef731016c312186,206f017fa3d0290c180615b5f6443ff5b2dcaa4b04a728e7e76c50b6b161d7fd,0.6564285237367256,6.328991800022777
ca-HepTh,spread_cv,full_r1_structural,9,1,5,rf,8638,56,5c066804775eef25e1ad1933a219214469e6490f0a28e520ddc47b3ecc599613,2f2c6cff6d1b29fb18a4b550c18473b019326eeb2e7c98930ef731016c312186,79c5b06350ad1b88f17dfa79f4ed65a4af3c5a51ae2296fb3b217f733b5fae84,0.6573920997991887,6.193462600000203
ca-HepTh,spread_resid,node_edge,0,1,5,rf,8638,38,a45d535846cb3e119d5d14d2a62b3d52917062b6c0b0579a9fbc2103bddf4265,1e3cc3e0e811f5407efc1193fd8d6c3d2c242e2d415c88ed90b24a800bdda366,228255b5fbd02b3703eb04439d6135a65cc3ae36c581e39d9df38c2ed973d869,0.5334060440178663,4.841803400020581
ca-HepTh,spread_resid,node_edge,1,1,5,rf,8638,38,a45d535846cb3e119d5d14d2a62b3d52917062b6c0b0579a9fbc2103bddf4265,1e3cc3e0e811f5407efc1193fd8d6c3d2c242e2d415c88ed90b24a800bdda366,788cf64326d7b3d9ca02c50e757a7996e7f020ba1616eced50f8a8a6c27285fa,0.5349262630205531,4.989401700033341
ca-HepTh,spread_resid,node_edge,2,1,5,rf,8638,38,a45d535846cb3e119d5d14d2a62b3d52917062b6c0b0579a9fbc2103bddf4265,1e3cc3e0e811f5407efc1193fd8d6c3d2c242e2d415c88ed90b24a800bdda366,796ebfc6d0b8950e4c7df98a3944078051a442a52d7e0f0a121208a70a3ab938,0.5336481309696799,4.902139600017108
ca-HepTh,spread_resid,node_edge,3,1,5,rf,8638,38,a45d535846cb3e119d5d14d2a62b3d52917062b6c0b0579a9fbc2103bddf4265,1e3cc3e0e811f5407efc1193fd8d6c3d2c242e2d415c88ed90b24a800bdda366,58a3fed4953180ec9a6fe38740a6c5a5dfd954d3f9a45b004ce4d8e722f6d11b,0.5369630733341638,4.841262599977199
ca-HepTh,spread_resid,node_edge,4,1,5,rf,8638,38,a45d535846cb3e119d5d14d2a62b3d52917062b6c0b0579a9fbc2103bddf4265,1e3cc3e0e811f5407efc1193fd8d6c3d2c242e2d415c88ed90b24a800bdda366,81bd8dbc9c72e68b23585dabf42c6404c5f8761c2cac0d1aebd2cbf091dc818f,0.5340628965400249,5.017911700007971
ca-HepTh,spread_resid,node_edge,5,1,5,rf,8638,38,a45d535846cb3e119d5d14d2a62b3d52917062b6c0b0579a9fbc2103bddf4265,1e3cc3e0e811f5407efc1193fd8d6c3d2c242e2d415c88ed90b24a800bdda366,cbd1a37ca38f041a18ca0c9fb8eab8003ad669c37d21f2304cc7aef849d358a2,0.5342598388991708,4.9520733000244945
ca-HepTh,spread_resid,node_edge,6,1,5,rf,8638,38,a45d535846cb3e119d5d14d2a62b3d52917062b6c0b0579a9fbc2103bddf4265,1e3cc3e0e811f5407efc1193fd8d6c3d2c242e2d415c88ed90b24a800bdda366,49b36850b4bda160048a63116de19fc7cdaa84b01d7cf63da87df9935edc3c8e,0.5335508809970148,4.820534600003157
ca-HepTh,spread_resid,node_edge,7,1,5,rf,8638,38,a45d535846cb3e119d5d14d2a62b3d52917062b6c0b0579a9fbc2103bddf4265,1e3cc3e0e811f5407efc1193fd8d6c3d2c242e2d415c88ed90b24a800bdda366,3d0e3726c3135eda8b78f6149e490450155973a61699369c8e6a6ce153a1684e,0.5339466955414734,4.873004599998239
ca-HepTh,spread_resid,node_edge,8,1,5,rf,8638,38,a45d535846cb3e119d5d14d2a62b3d52917062b6c0b0579a9fbc2103bddf4265,1e3cc3e0e811f5407efc1193fd8d6c3d2c242e2d415c88ed90b24a800bdda366,206f017fa3d0290c180615b5f6443ff5b2dcaa4b04a728e7e76c50b6b161d7fd,0.5344371630382866,4.896464299992658
ca-HepTh,spread_resid,node_edge,9,1,5,rf,8638,38,a45d535846cb3e119d5d14d2a62b3d52917062b6c0b0579a9fbc2103bddf4265,1e3cc3e0e811f5407efc1193fd8d6c3d2c242e2d415c88ed90b24a800bdda366,79c5b06350ad1b88f17dfa79f4ed65a4af3c5a51ae2296fb3b217f733b5fae84,0.5345728191431129,4.899570699955802
ca-HepTh,spread_resid,plus_nonorbit_subgraph,0,1,5,rf,8638,40,c61383d6b27ef0ad89c89dab2673f8c8726eee83fc5458704272a64ff6df9087,1e3cc3e0e811f5407efc1193fd8d6c3d2c242e2d415c88ed90b24a800bdda366,228255b5fbd02b3703eb04439d6135a65cc3ae36c581e39d9df38c2ed973d869,0.5333228726265462,5.089041500003077
ca-HepTh,spread_resid,plus_nonorbit_subgraph,1,1,5,rf,8638,40,c61383d6b27ef0ad89c89dab2673f8c8726eee83fc5458704272a64ff6df9087,1e3cc3e0e811f5407efc1193fd8d6c3d2c242e2d415c88ed90b24a800bdda366,788cf64326d7b3d9ca02c50e757a7996e7f020ba1616eced50f8a8a6c27285fa,0.5346821648486226,5.189548700000159
ca-HepTh,spread_resid,plus_nonorbit_subgraph,2,1,5,rf,8638,40,c61383d6b27ef0ad89c89dab2673f8c8726eee83fc5458704272a64ff6df9087,1e3cc3e0e811f5407efc1193fd8d6c3d2c242e2d415c88ed90b24a800bdda366,796ebfc6d0b8950e4c7df98a3944078051a442a52d7e0f0a121208a70a3ab938,0.5335690350778839,5.077372200030368
ca-HepTh,spread_resid,plus_nonorbit_subgraph,3,1,5,rf,8638,40,c61383d6b27ef0ad89c89dab2673f8c8726eee83fc5458704272a64ff6df9087,1e3cc3e0e811f5407efc1193fd8d6c3d2c242e2d415c88ed90b24a800bdda366,58a3fed4953180ec9a6fe38740a6c5a5dfd954d3f9a45b004ce4d8e722f6d11b,0.5367980174566288,5.149067800026387
ca-HepTh,spread_resid,plus_nonorbit_subgraph,4,1,5,rf,8638,40,c61383d6b27ef0ad89c89dab2673f8c8726eee83fc5458704272a64ff6df9087,1e3cc3e0e811f5407efc1193fd8d6c3d2c242e2d415c88ed90b24a800bdda366,81bd8dbc9c72e68b23585dabf42c6404c5f8761c2cac0d1aebd2cbf091dc818f,0.5339949009490673,5.187972699990496
ca-HepTh,spread_resid,plus_nonorbit_subgraph,5,1,5,rf,8638,40,c61383d6b27ef0ad89c89dab2673f8c8726eee83fc5458704272a64ff6df9087,1e3cc3e0e811f5407efc1193fd8d6c3d2c242e2d415c88ed90b24a800bdda366,cbd1a37ca38f041a18ca0c9fb8eab8003ad669c37d21f2304cc7aef849d358a2,0.5341750872586808,5.302663300011773
ca-HepTh,spread_resid,plus_nonorbit_subgraph,6,1,5,rf,8638,40,c61383d6b27ef0ad89c89dab2673f8c8726eee83fc5458704272a64ff6df9087,1e3cc3e0e811f5407efc1193fd8d6c3d2c242e2d415c88ed90b24a800bdda366,49b36850b4bda160048a63116de19fc7cdaa84b01d7cf63da87df9935edc3c8e,0.5335134512669913,5.218684600025881
ca-HepTh,spread_resid,plus_nonorbit_subgraph,7,1,5,rf,8638,40,c61383d6b27ef0ad89c89dab2673f8c8726eee83fc5458704272a64ff6df9087,1e3cc3e0e811f5407efc1193fd8d6c3d2c242e2d415c88ed90b24a800bdda366,3d0e3726c3135eda8b78f6149e490450155973a61699369c8e6a6ce153a1684e,0.5339700757630712,5.236290599976201
ca-HepTh,spread_resid,plus_nonorbit_subgraph,8,1,5,rf,8638,40,c61383d6b27ef0ad89c89dab2673f8c8726eee83fc5458704272a64ff6df9087,1e3cc3e0e811f5407efc1193fd8d6c3d2c242e2d415c88ed90b24a800bdda366,206f017fa3d0290c180615b5f6443ff5b2dcaa4b04a728e7e76c50b6b161d7fd,0.5339630173687954,5.328599900007248
ca-HepTh,spread_resid,plus_nonorbit_subgraph,9,1,5,rf,8638,40,c61383d6b27ef0ad89c89dab2673f8c8726eee83fc5458704272a64ff6df9087,1e3cc3e0e811f5407efc1193fd8d6c3d2c242e2d415c88ed90b24a800bdda366,79c5b06350ad1b88f17dfa79f4ed65a4af3c5a51ae2296fb3b217f733b5fae84,0.5347444705193143,5.25144929997623
ca-HepTh,spread_resid,plus_orbit_lt15,0,1,5,rf,8638,45,dcece2a6c43eb3af150d7357885003ee166f4bb9b7b5a037bc4198659ec035e7,1e3cc3e0e811f5407efc1193fd8d6c3d2c242e2d415c88ed90b24a800bdda366,228255b5fbd02b3703eb04439d6135a65cc3ae36c581e39d9df38c2ed973d869,0.5334279227591032,5.622260300035123
ca-HepTh,spread_resid,plus_orbit_lt15,1,1,5,rf,8638,45,dcece2a6c43eb3af150d7357885003ee166f4bb9b7b5a037bc4198659ec035e7,1e3cc3e0e811f5407efc1193fd8d6c3d2c242e2d415c88ed90b24a800bdda366,788cf64326d7b3d9ca02c50e757a7996e7f020ba1616eced50f8a8a6c27285fa,0.5348971449829085,5.758018499996979
ca-HepTh,spread_resid,plus_orbit_lt15,2,1,5,rf,8638,45,dcece2a6c43eb3af150d7357885003ee166f4bb9b7b5a037bc4198659ec035e7,1e3cc3e0e811f5407efc1193fd8d6c3d2c242e2d415c88ed90b24a800bdda366,796ebfc6d0b8950e4c7df98a3944078051a442a52d7e0f0a121208a70a3ab938,0.5333689626898902,5.862281300011091
ca-HepTh,spread_resid,plus_orbit_lt15,3,1,5,rf,8638,45,dcece2a6c43eb3af150d7357885003ee166f4bb9b7b5a037bc4198659ec035e7,1e3cc3e0e811f5407efc1193fd8d6c3d2c242e2d415c88ed90b24a800bdda366,58a3fed4953180ec9a6fe38740a6c5a5dfd954d3f9a45b004ce4d8e722f6d11b,0.537150276085455,5.773044299974572
ca-HepTh,spread_resid,plus_orbit_lt15,4,1,5,rf,8638,45,dcece2a6c43eb3af150d7357885003ee166f4bb9b7b5a037bc4198659ec035e7,1e3cc3e0e811f5407efc1193fd8d6c3d2c242e2d415c88ed90b24a800bdda366,81bd8dbc9c72e68b23585dabf42c6404c5f8761c2cac0d1aebd2cbf091dc818f,0.534075444622268,7.1969954000087455
ca-HepTh,spread_resid,plus_orbit_lt15,5,1,5,rf,8638,45,dcece2a6c43eb3af150d7357885003ee166f4bb9b7b5a037bc4198659ec035e7,1e3cc3e0e811f5407efc1193fd8d6c3d2c242e2d415c88ed90b24a800bdda366,cbd1a37ca38f041a18ca0c9fb8eab8003ad669c37d21f2304cc7aef849d358a2,0.533968901152042,7.899455200007651
ca-HepTh,spread_resid,plus_orbit_lt15,6,1,5,rf,8638,45,dcece2a6c43eb3af150d7357885003ee166f4bb9b7b5a037bc4198659ec035e7,1e3cc3e0e811f5407efc1193fd8d6c3d2c242e2d415c88ed90b24a800bdda366,49b36850b4bda160048a63116de19fc7cdaa84b01d7cf63da87df9935edc3c8e,0.5333856646672122,7.91374290001113
ca-HepTh,spread_resid,plus_orbit_lt15,7,1,5,rf,8638,45,dcece2a6c43eb3af150d7357885003ee166f4bb9b7b5a037bc4198659ec035e7,1e3cc3e0e811f5407efc1193fd8d6c3d2c242e2d415c88ed90b24a800bdda366,3d0e3726c3135eda8b78f6149e490450155973a61699369c8e6a6ce153a1684e,0.5339130194424748,8.06408320000628
ca-HepTh,spread_resid,plus_orbit_lt15,8,1,5,rf,8638,45,dcece2a6c43eb3af150d7357885003ee166f4bb9b7b5a037bc4198659ec035e7,1e3cc3e0e811f5407efc1193fd8d6c3d2c242e2d415c88ed90b24a800bdda366,206f017fa3d0290c180615b5f6443ff5b2dcaa4b04a728e7e76c50b6b161d7fd,0.534042488515842,8.03518200002145
ca-HepTh,spread_resid,plus_orbit_lt15,9,1,5,rf,8638,45,dcece2a6c43eb3af150d7357885003ee166f4bb9b7b5a037bc4198659ec035e7,1e3cc3e0e811f5407efc1193fd8d6c3d2c242e2d415c88ed90b24a800bdda366,79c5b06350ad1b88f17dfa79f4ed65a4af3c5a51ae2296fb3b217f733b5fae84,0.5344773142693189,8.027634800004307
ca-HepTh,spread_resid,full_r1_structural,0,1,5,rf,8638,56,5c066804775eef25e1ad1933a219214469e6490f0a28e520ddc47b3ecc599613,1e3cc3e0e811f5407efc1193fd8d6c3d2c242e2d415c88ed90b24a800bdda366,228255b5fbd02b3703eb04439d6135a65cc3ae36c581e39d9df38c2ed973d869,0.5330184471020304,8.855129799980205
ca-HepTh,spread_resid,full_r1_structural,1,1,5,rf,8638,56,5c066804775eef25e1ad1933a219214469e6490f0a28e520ddc47b3ecc599613,1e3cc3e0e811f5407efc1193fd8d6c3d2c242e2d415c88ed90b24a800bdda366,788cf64326d7b3d9ca02c50e757a7996e7f020ba1616eced50f8a8a6c27285fa,0.5344745848786,8.928956199961249
ca-HepTh,spread_resid,full_r1_structural,2,1,5,rf,8638,56,5c066804775eef25e1ad1933a219214469e6490f0a28e520ddc47b3ecc599613,1e3cc3e0e811f5407efc1193fd8d6c3d2c242e2d415c88ed90b24a800bdda366,796ebfc6d0b8950e4c7df98a3944078051a442a52d7e0f0a121208a70a3ab938,0.533302200394781,8.684545199968852
ca-HepTh,spread_resid,full_r1_structural,3,1,5,rf,8638,56,5c066804775eef25e1ad1933a219214469e6490f0a28e520ddc47b3ecc599613,1e3cc3e0e811f5407efc1193fd8d6c3d2c242e2d415c88ed90b24a800bdda366,58a3fed4953180ec9a6fe38740a6c5a5dfd954d3f9a45b004ce4d8e722f6d11b,0.5367845041099302,8.806003399949986
ca-HepTh,spread_resid,full_r1_structural,4,1,5,rf,8638,56,5c066804775eef25e1ad1933a219214469e6490f0a28e520ddc47b3ecc599613,1e3cc3e0e811f5407efc1193fd8d6c3d2c242e2d415c88ed90b24a800bdda366,81bd8dbc9c72e68b23585dabf42c6404c5f8761c2cac0d1aebd2cbf091dc818f,0.533987554422284,8.96348079998279
ca-HepTh,spread_resid,full_r1_structural,5,1,5,rf,8638,56,5c066804775eef25e1ad1933a219214469e6490f0a28e520ddc47b3ecc599613,1e3cc3e0e811f5407efc1193fd8d6c3d2c242e2d415c88ed90b24a800bdda366,cbd1a37ca38f041a18ca0c9fb8eab8003ad669c37d21f2304cc7aef849d358a2,0.5338214338456032,8.752363899955526
ca-HepTh,spread_resid,full_r1_structural,6,1,5,rf,8638,56,5c066804775eef25e1ad1933a219214469e6490f0a28e520ddc47b3ecc599613,1e3cc3e0e811f5407efc1193fd8d6c3d2c242e2d415c88ed90b24a800bdda366,49b36850b4bda160048a63116de19fc7cdaa84b01d7cf63da87df9935edc3c8e,0.5333378318317094,8.927356000000145
ca-HepTh,spread_resid,full_r1_structural,7,1,5,rf,8638,56,5c066804775eef25e1ad1933a219214469e6490f0a28e520ddc47b3ecc599613,1e3cc3e0e811f5407efc1193fd8d6c3d2c242e2d415c88ed90b24a800bdda366,3d0e3726c3135eda8b78f6149e490450155973a61699369c8e6a6ce153a1684e,0.5337481245309766,8.812440500012599
ca-HepTh,spread_resid,full_r1_structural,8,1,5,rf,8638,56,5c066804775eef25e1ad1933a219214469e6490f0a28e520ddc47b3ecc599613,1e3cc3e0e811f5407efc1193fd8d6c3d2c242e2d415c88ed90b24a800bdda366,206f017fa3d0290c180615b5f6443ff5b2dcaa4b04a728e7e76c50b6b161d7fd,0.533762462652227,9.12585329997819
ca-HepTh,spread_resid,full_r1_structural,9,1,5,rf,8638,56,5c066804775eef25e1ad1933a219214469e6490f0a28e520ddc47b3ecc599613,1e3cc3e0e811f5407efc1193fd8d6c3d2c242e2d415c88ed90b24a800bdda366,79c5b06350ad1b88f17dfa79f4ed65a4af3c5a51ae2296fb3b217f733b5fae84,0.5343418056696121,8.890095699985977
ca-HepTh,betweenness,node_edge,0,1,5,rf_log1p,8638,38,a45d535846cb3e119d5d14d2a62b3d52917062b6c0b0579a9fbc2103bddf4265,8edb32eca5e4deed30d28b4d98c4b1e05274fa2f90544b36ee9c3a3b3fa706ba,228255b5fbd02b3703eb04439d6135a65cc3ae36c581e39d9df38c2ed973d869,0.9022644857350263,5.479900100035593
ca-HepTh,betweenness,node_edge,1,1,5,rf_log1p,8638,38,a45d535846cb3e119d5d14d2a62b3d52917062b6c0b0579a9fbc2103bddf4265,8edb32eca5e4deed30d28b4d98c4b1e05274fa2f90544b36ee9c3a3b3fa706ba,788cf64326d7b3d9ca02c50e757a7996e7f020ba1616eced50f8a8a6c27285fa,0.9023205859490764,5.463894399988931
ca-HepTh,betweenness,node_edge,2,1,5,rf_log1p,8638,38,a45d535846cb3e119d5d14d2a62b3d52917062b6c0b0579a9fbc2103bddf4265,8edb32eca5e4deed30d28b4d98c4b1e05274fa2f90544b36ee9c3a3b3fa706ba,796ebfc6d0b8950e4c7df98a3944078051a442a52d7e0f0a121208a70a3ab938,0.9020693641487564,5.453796300047543
ca-HepTh,betweenness,node_edge,3,1,5,rf_log1p,8638,38,a45d535846cb3e119d5d14d2a62b3d52917062b6c0b0579a9fbc2103bddf4265,8edb32eca5e4deed30d28b4d98c4b1e05274fa2f90544b36ee9c3a3b3fa706ba,58a3fed4953180ec9a6fe38740a6c5a5dfd954d3f9a45b004ce4d8e722f6d11b,0.9023577408609583,5.564232699980494
ca-HepTh,betweenness,node_edge,4,1,5,rf_log1p,8638,38,a45d535846cb3e119d5d14d2a62b3d52917062b6c0b0579a9fbc2103bddf4265,8edb32eca5e4deed30d28b4d98c4b1e05274fa2f90544b36ee9c3a3b3fa706ba,81bd8dbc9c72e68b23585dabf42c6404c5f8761c2cac0d1aebd2cbf091dc818f,0.9019342608431069,5.216947200009599
ca-HepTh,betweenness,node_edge,5,1,5,rf_log1p,8638,38,a45d535846cb3e119d5d14d2a62b3d52917062b6c0b0579a9fbc2103bddf4265,8edb32eca5e4deed30d28b4d98c4b1e05274fa2f90544b36ee9c3a3b3fa706ba,cbd1a37ca38f041a18ca0c9fb8eab8003ad669c37d21f2304cc7aef849d358a2,0.90214036291315,5.284662000020035
ca-HepTh,betweenness,node_edge,6,1,5,rf_log1p,8638,38,a45d535846cb3e119d5d14d2a62b3d52917062b6c0b0579a9fbc2103bddf4265,8edb32eca5e4deed30d28b4d98c4b1e05274fa2f90544b36ee9c3a3b3fa706ba,49b36850b4bda160048a63116de19fc7cdaa84b01d7cf63da87df9935edc3c8e,0.9012671355366154,5.233737499976996
ca-HepTh,betweenness,node_edge,7,1,5,rf_log1p,8638,38,a45d535846cb3e119d5d14d2a62b3d52917062b6c0b0579a9fbc2103bddf4265,8edb32eca5e4deed30d28b4d98c4b1e05274fa2f90544b36ee9c3a3b3fa706ba,3d0e3726c3135eda8b78f6149e490450155973a61699369c8e6a6ce153a1684e,0.9026137028240635,5.2092212999705225
ca-HepTh,betweenness,node_edge,8,1,5,rf_log1p,8638,38,a45d535846cb3e119d5d14d2a62b3d52917062b6c0b0579a9fbc2103bddf4265,8edb32eca5e4deed30d28b4d98c4b1e05274fa2f90544b36ee9c3a3b3fa706ba,206f017fa3d0290c180615b5f6443ff5b2dcaa4b04a728e7e76c50b6b161d7fd,0.9022783186884579,5.24652630003402
ca-HepTh,betweenness,node_edge,9,1,5,rf_log1p,8638,38,a45d535846cb3e119d5d14d2a62b3d52917062b6c0b0579a9fbc2103bddf4265,8edb32eca5e4deed30d28b4d98c4b1e05274fa2f90544b36ee9c3a3b3fa706ba,79c5b06350ad1b88f17dfa79f4ed65a4af3c5a51ae2296fb3b217f733b5fae84,0.9018615022596941,5.119669099978637
ca-HepTh,betweenness,plus_nonorbit_subgraph,0,1,5,rf_log1p,8638,40,c61383d6b27ef0ad89c89dab2673f8c8726eee83fc5458704272a64ff6df9087,8edb32eca5e4deed30d28b4d98c4b1e05274fa2f90544b36ee9c3a3b3fa706ba,228255b5fbd02b3703eb04439d6135a65cc3ae36c581e39d9df38c2ed973d869,0.9026361205295601,5.585493899998255
ca-HepTh,betweenness,plus_nonorbit_subgraph,1,1,5,rf_log1p,8638,40,c61383d6b27ef0ad89c89dab2673f8c8726eee83fc5458704272a64ff6df9087,8edb32eca5e4deed30d28b4d98c4b1e05274fa2f90544b36ee9c3a3b3fa706ba,788cf64326d7b3d9ca02c50e757a7996e7f020ba1616eced50f8a8a6c27285fa,0.9022144477391186,5.692450699978508
ca-HepTh,betweenness,plus_nonorbit_subgraph,2,1,5,rf_log1p,8638,40,c61383d6b27ef0ad89c89dab2673f8c8726eee83fc5458704272a64ff6df9087,8edb32eca5e4deed30d28b4d98c4b1e05274fa2f90544b36ee9c3a3b3fa706ba,796ebfc6d0b8950e4c7df98a3944078051a442a52d7e0f0a121208a70a3ab938,0.9022487278862188,5.390214099956211
ca-HepTh,betweenness,plus_nonorbit_subgraph,3,1,5,rf_log1p,8638,40,c61383d6b27ef0ad89c89dab2673f8c8726eee83fc5458704272a64ff6df9087,8edb32eca5e4deed30d28b4d98c4b1e05274fa2f90544b36ee9c3a3b3fa706ba,58a3fed4953180ec9a6fe38740a6c5a5dfd954d3f9a45b004ce4d8e722f6d11b,0.9025830577197963,5.526136900007259
ca-HepTh,betweenness,plus_nonorbit_subgraph,4,1,5,rf_log1p,8638,40,c61383d6b27ef0ad89c89dab2673f8c8726eee83fc5458704272a64ff6df9087,8edb32eca5e4deed30d28b4d98c4b1e05274fa2f90544b36ee9c3a3b3fa706ba,81bd8dbc9c72e68b23585dabf42c6404c5f8761c2cac0d1aebd2cbf091dc818f,0.9020541824994446,5.582062400004361
ca-HepTh,betweenness,plus_nonorbit_subgraph,5,1,5,rf_log1p,8638,40,c61383d6b27ef0ad89c89dab2673f8c8726eee83fc5458704272a64ff6df9087,8edb32eca5e4deed30d28b4d98c4b1e05274fa2f90544b36ee9c3a3b3fa706ba,cbd1a37ca38f041a18ca0c9fb8eab8003ad669c37d21f2304cc7aef849d358a2,0.9020802964803158,5.505356199981179
ca-HepTh,betweenness,plus_nonorbit_subgraph,6,1,5,rf_log1p,8638,40,c61383d6b27ef0ad89c89dab2673f8c8726eee83fc5458704272a64ff6df9087,8edb32eca5e4deed30d28b4d98c4b1e05274fa2f90544b36ee9c3a3b3fa706ba,49b36850b4bda160048a63116de19fc7cdaa84b01d7cf63da87df9935edc3c8e,0.9015616607266108,5.493585699994583
ca-HepTh,betweenness,plus_nonorbit_subgraph,7,1,5,rf_log1p,8638,40,c61383d6b27ef0ad89c89dab2673f8c8726eee83fc5458704272a64ff6df9087,8edb32eca5e4deed30d28b4d98c4b1e05274fa2f90544b36ee9c3a3b3fa706ba,3d0e3726c3135eda8b78f6149e490450155973a61699369c8e6a6ce153a1684e,0.9024114870407659,5.595875300001353
ca-HepTh,betweenness,plus_nonorbit_subgraph,8,1,5,rf_log1p,8638,40,c61383d6b27ef0ad89c89dab2673f8c8726eee83fc5458704272a64ff6df9087,8edb32eca5e4deed30d28b4d98c4b1e05274fa2f90544b36ee9c3a3b3fa706ba,206f017fa3d0290c180615b5f6443ff5b2dcaa4b04a728e7e76c50b6b161d7fd,0.9024638331548155,5.398196300026029
ca-HepTh,betweenness,plus_nonorbit_subgraph,9,1,5,rf_log1p,8638,40,c61383d6b27ef0ad89c89dab2673f8c8726eee83fc5458704272a64ff6df9087,8edb32eca5e4deed30d28b4d98c4b1e05274fa2f90544b36ee9c3a3b3fa706ba,79c5b06350ad1b88f17dfa79f4ed65a4af3c5a51ae2296fb3b217f733b5fae84,0.9021987599172028,5.432565999974031
ca-HepTh,betweenness,plus_orbit_lt15,0,1,5,rf_log1p,8638,45,dcece2a6c43eb3af150d7357885003ee166f4bb9b7b5a037bc4198659ec035e7,8edb32eca5e4deed30d28b4d98c4b1e05274fa2f90544b36ee9c3a3b3fa706ba,228255b5fbd02b3703eb04439d6135a65cc3ae36c581e39d9df38c2ed973d869,0.9025740567169017,5.944660899986047
ca-HepTh,betweenness,plus_orbit_lt15,1,1,5,rf_log1p,8638,45,dcece2a6c43eb3af150d7357885003ee166f4bb9b7b5a037bc4198659ec035e7,8edb32eca5e4deed30d28b4d98c4b1e05274fa2f90544b36ee9c3a3b3fa706ba,788cf64326d7b3d9ca02c50e757a7996e7f020ba1616eced50f8a8a6c27285fa,0.9022900257815107,5.933135900006164
ca-HepTh,betweenness,plus_orbit_lt15,2,1,5,rf_log1p,8638,45,dcece2a6c43eb3af150d7357885003ee166f4bb9b7b5a037bc4198659ec035e7,8edb32eca5e4deed30d28b4d98c4b1e05274fa2f90544b36ee9c3a3b3fa706ba,796ebfc6d0b8950e4c7df98a3944078051a442a52d7e0f0a121208a70a3ab938,0.9022129421305961,5.774625300022308
ca-HepTh,betweenness,plus_orbit_lt15,3,1,5,rf_log1p,8638,45,dcece2a6c43eb3af150d7357885003ee166f4bb9b7b5a037bc4198659ec035e7,8edb32eca5e4deed30d28b4d98c4b1e05274fa2f90544b36ee9c3a3b3fa706ba,58a3fed4953180ec9a6fe38740a6c5a5dfd954d3f9a45b004ce4d8e722f6d11b,0.9025438013339326,5.876901799987536
ca-HepTh,betweenness,plus_orbit_lt15,4,1,5,rf_log1p,8638,45,dcece2a6c43eb3af150d7357885003ee166f4bb9b7b5a037bc4198659ec035e7,8edb32eca5e4deed30d28b4d98c4b1e05274fa2f90544b36ee9c3a3b3fa706ba,81bd8dbc9c72e68b23585dabf42c6404c5f8761c2cac0d1aebd2cbf091dc818f,0.9021361592656322,5.801255700003821
ca-HepTh,betweenness,plus_orbit_lt15,5,1,5,rf_log1p,8638,45,dcece2a6c43eb3af150d7357885003ee166f4bb9b7b5a037bc4198659ec035e7,8edb32eca5e4deed30d28b4d98c4b1e05274fa2f90544b36ee9c3a3b3fa706ba,cbd1a37ca38f041a18ca0c9fb8eab8003ad669c37d21f2304cc7aef849d358a2,0.9019420908182992,6.023643799999263
ca-HepTh,betweenness,plus_orbit_lt15,6,1,5,rf_log1p,8638,45,dcece2a6c43eb3af150d7357885003ee166f4bb9b7b5a037bc4198659ec035e7,8edb32eca5e4deed30d28b4d98c4b1e05274fa2f90544b36ee9c3a3b3fa706ba,49b36850b4bda160048a63116de19fc7cdaa84b01d7cf63da87df9935edc3c8e,0.9015078890427753,6.040760900010355
ca-HepTh,betweenness,plus_orbit_lt15,7,1,5,rf_log1p,8638,45,dcece2a6c43eb3af150d7357885003ee166f4bb9b7b5a037bc4198659ec035e7,8edb32eca5e4deed30d28b4d98c4b1e05274fa2f90544b36ee9c3a3b3fa706ba,3d0e3726c3135eda8b78f6149e490450155973a61699369c8e6a6ce153a1684e,0.9023520856144321,5.950950399972498
ca-HepTh,betweenness,plus_orbit_lt15,8,1,5,rf_log1p,8638,45,dcece2a6c43eb3af150d7357885003ee166f4bb9b7b5a037bc4198659ec035e7,8edb32eca5e4deed30d28b4d98c4b1e05274fa2f90544b36ee9c3a3b3fa706ba,206f017fa3d0290c180615b5f6443ff5b2dcaa4b04a728e7e76c50b6b161d7fd,0.902243148051469,5.990305600047577
ca-HepTh,betweenness,plus_orbit_lt15,9,1,5,rf_log1p,8638,45,dcece2a6c43eb3af150d7357885003ee166f4bb9b7b5a037bc4198659ec035e7,8edb32eca5e4deed30d28b4d98c4b1e05274fa2f90544b36ee9c3a3b3fa706ba,79c5b06350ad1b88f17dfa79f4ed65a4af3c5a51ae2296fb3b217f733b5fae84,0.9022297958799075,5.9409869000082836
ca-HepTh,betweenness,full_r1_structural,0,1,5,rf_log1p,8638,56,5c066804775eef25e1ad1933a219214469e6490f0a28e520ddc47b3ecc599613,8edb32eca5e4deed30d28b4d98c4b1e05274fa2f90544b36ee9c3a3b3fa706ba,228255b5fbd02b3703eb04439d6135a65cc3ae36c581e39d9df38c2ed973d869,0.9024417777390809,6.768892900028732
ca-HepTh,betweenness,full_r1_structural,1,1,5,rf_log1p,8638,56,5c066804775eef25e1ad1933a219214469e6490f0a28e520ddc47b3ecc599613,8edb32eca5e4deed30d28b4d98c4b1e05274fa2f90544b36ee9c3a3b3fa706ba,788cf64326d7b3d9ca02c50e757a7996e7f020ba1616eced50f8a8a6c27285fa,0.9026933453448803,6.638177100045141
ca-HepTh,betweenness,full_r1_structural,2,1,5,rf_log1p,8638,56,5c066804775eef25e1ad1933a219214469e6490f0a28e520ddc47b3ecc599613,8edb32eca5e4deed30d28b4d98c4b1e05274fa2f90544b36ee9c3a3b3fa706ba,796ebfc6d0b8950e4c7df98a3944078051a442a52d7e0f0a121208a70a3ab938,0.9024799415683029,6.588917099987157
ca-HepTh,betweenness,full_r1_structural,3,1,5,rf_log1p,8638,56,5c066804775eef25e1ad1933a219214469e6490f0a28e520ddc47b3ecc599613,8edb32eca5e4deed30d28b4d98c4b1e05274fa2f90544b36ee9c3a3b3fa706ba,58a3fed4953180ec9a6fe38740a6c5a5dfd954d3f9a45b004ce4d8e722f6d11b,0.9026960666419085,6.62350750004407
ca-HepTh,betweenness,full_r1_structural,4,1,5,rf_log1p,8638,56,5c066804775eef25e1ad1933a219214469e6490f0a28e520ddc47b3ecc599613,8edb32eca5e4deed30d28b4d98c4b1e05274fa2f90544b36ee9c3a3b3fa706ba,81bd8dbc9c72e68b23585dabf42c6404c5f8761c2cac0d1aebd2cbf091dc818f,0.9021584765663745,6.682443299971055
ca-HepTh,betweenness,full_r1_structural,5,1,5,rf_log1p,8638,56,5c066804775eef25e1ad1933a219214469e6490f0a28e520ddc47b3ecc599613,8edb32eca5e4deed30d28b4d98c4b1e05274fa2f90544b36ee9c3a3b3fa706ba,cbd1a37ca38f041a18ca0c9fb8eab8003ad669c37d21f2304cc7aef849d358a2,0.902274586576553,6.592378700035624
ca-HepTh,betweenness,full_r1_structural,6,1,5,rf_log1p,8638,56,5c066804775eef25e1ad1933a219214469e6490f0a28e520ddc47b3ecc599613,8edb32eca5e4deed30d28b4d98c4b1e05274fa2f90544b36ee9c3a3b3fa706ba,49b36850b4bda160048a63116de19fc7cdaa84b01d7cf63da87df9935edc3c8e,0.9017229438887596,6.70411549997516
ca-HepTh,betweenness,full_r1_structural,7,1,5,rf_log1p,8638,56,5c066804775eef25e1ad1933a219214469e6490f0a28e520ddc47b3ecc599613,8edb32eca5e4deed30d28b4d98c4b1e05274fa2f90544b36ee9c3a3b3fa706ba,3d0e3726c3135eda8b78f6149e490450155973a61699369c8e6a6ce153a1684e,0.902430747765565,6.530312199960463
ca-HepTh,betweenness,full_r1_structural,8,1,5,rf_log1p,8638,56,5c066804775eef25e1ad1933a219214469e6490f0a28e520ddc47b3ecc599613,8edb32eca5e4deed30d28b4d98c4b1e05274fa2f90544b36ee9c3a3b3fa706ba,206f017fa3d0290c180615b5f6443ff5b2dcaa4b04a728e7e76c50b6b161d7fd,0.9024994158636642,6.633653700002469
ca-HepTh,betweenness,full_r1_structural,9,1,5,rf_log1p,8638,56,5c066804775eef25e1ad1933a219214469e6490f0a28e520ddc47b3ecc599613,8edb32eca5e4deed30d28b4d98c4b1e05274fa2f90544b36ee9c3a3b3fa706ba,79c5b06350ad1b88f17dfa79f4ed65a4af3c5a51ae2296fb3b217f733b5fae84,0.9022950798113548,6.471362300042529
email-Eu-core,spread_mean,node_edge,0,1,5,rf,986,38,a45d535846cb3e119d5d14d2a62b3d52917062b6c0b0579a9fbc2103bddf4265,822e9ecbd243453d956a13a6adfd7edc0484170d73919ff881f39321e6d2694e,124e870bcd30247bdc5ba02faf4655feb7dc88477e19d5166c001a3261cdac32,0.9573331960786069,1.2154648000141606
email-Eu-core,spread_mean,node_edge,1,1,5,rf,986,38,a45d535846cb3e119d5d14d2a62b3d52917062b6c0b0579a9fbc2103bddf4265,822e9ecbd243453d956a13a6adfd7edc0484170d73919ff881f39321e6d2694e,c9f8d77f76a2560e19388f52b9fea591bf6c83799a57c9393c0dba6611f26f63,0.9568563330195693,1.1521529000019655
email-Eu-core,spread_mean,node_edge,2,1,5,rf,986,38,a45d535846cb3e119d5d14d2a62b3d52917062b6c0b0579a9fbc2103bddf4265,822e9ecbd243453d956a13a6adfd7edc0484170d73919ff881f39321e6d2694e,e85beeb103ed16b87b1f513db1df561f2852712461b40b8c5475e0481955236a,0.9568036871073625,1.1532965999795124
email-Eu-core,spread_mean,node_edge,3,1,5,rf,986,38,a45d535846cb3e119d5d14d2a62b3d52917062b6c0b0579a9fbc2103bddf4265,822e9ecbd243453d956a13a6adfd7edc0484170d73919ff881f39321e6d2694e,23ab1a6bf4b32aeea510414af739e185fcac19a8a842b9591f4b990cfd0c16e0,0.9568180134577978,1.1501766000292264
email-Eu-core,spread_mean,node_edge,4,1,5,rf,986,38,a45d535846cb3e119d5d14d2a62b3d52917062b6c0b0579a9fbc2103bddf4265,822e9ecbd243453d956a13a6adfd7edc0484170d73919ff881f39321e6d2694e,646202f1aab453401c47bfbf401c1e063cf379b1abd2027e74afdfb57abe38bb,0.9570549242443562,1.1438566000433639
email-Eu-core,spread_mean,node_edge,5,1,5,rf,986,38,a45d535846cb3e119d5d14d2a62b3d52917062b6c0b0579a9fbc2103bddf4265,822e9ecbd243453d956a13a6adfd7edc0484170d73919ff881f39321e6d2694e,3835b606fb7af00be578f45b6fcbbe1bd05a8bbdb03299db8fac53d018893e47,0.9564978331915466,1.1728501999750733
email-Eu-core,spread_mean,node_edge,6,1,5,rf,986,38,a45d535846cb3e119d5d14d2a62b3d52917062b6c0b0579a9fbc2103bddf4265,822e9ecbd243453d956a13a6adfd7edc0484170d73919ff881f39321e6d2694e,b4b5ca69d5e3b0ce6499732a4c588baa3c57035f907cc8c64f9881f2644310d2,0.9569734482119219,1.141414400015492
email-Eu-core,spread_mean,node_edge,7,1,5,rf,986,38,a45d535846cb3e119d5d14d2a62b3d52917062b6c0b0579a9fbc2103bddf4265,822e9ecbd243453d956a13a6adfd7edc0484170d73919ff881f39321e6d2694e,36b160c30751c5c9b65922cf68164c891c1d2001eddcef404b827fa7cc8d399b,0.9567069881578237,1.1981531999772415
email-Eu-core,spread_mean,node_edge,8,1,5,rf,986,38,a45d535846cb3e119d5d14d2a62b3d52917062b6c0b0579a9fbc2103bddf4265,822e9ecbd243453d956a13a6adfd7edc0484170d73919ff881f39321e6d2694e,4ab5f8aadf4cbe63ce21702f92c968944c11c379b1694f4b1f1760bb3b50fab7,0.9565452870774924,1.1553993999841623
email-Eu-core,spread_mean,node_edge,9,1,5,rf,986,38,a45d535846cb3e119d5d14d2a62b3d52917062b6c0b0579a9fbc2103bddf4265,822e9ecbd243453d956a13a6adfd7edc0484170d73919ff881f39321e6d2694e,de2568ff80652fc2ddbf246ee5520e43cc5906690f0537bd197b4e4b1bb68e86,0.9569954695547075,1.1391191999427974
email-Eu-core,spread_mean,plus_nonorbit_subgraph,0,1,5,rf,986,40,c61383d6b27ef0ad89c89dab2673f8c8726eee83fc5458704272a64ff6df9087,822e9ecbd243453d956a13a6adfd7edc0484170d73919ff881f39321e6d2694e,124e870bcd30247bdc5ba02faf4655feb7dc88477e19d5166c001a3261cdac32,0.9571066721906256,1.199439300049562
email-Eu-core,spread_mean,plus_nonorbit_subgraph,1,1,5,rf,986,40,c61383d6b27ef0ad89c89dab2673f8c8726eee83fc5458704272a64ff6df9087,822e9ecbd243453d956a13a6adfd7edc0484170d73919ff881f39321e6d2694e,c9f8d77f76a2560e19388f52b9fea591bf6c83799a57c9393c0dba6611f26f63,0.9568251766566644,1.2669598999782465
email-Eu-core,spread_mean,plus_nonorbit_subgraph,2,1,5,rf,986,40,c61383d6b27ef0ad89c89dab2673f8c8726eee83fc5458704272a64ff6df9087,822e9ecbd243453d956a13a6adfd7edc0484170d73919ff881f39321e6d2694e,e85beeb103ed16b87b1f513db1df561f2852712461b40b8c5475e0481955236a,0.9567748566162322,1.1990752999554388
email-Eu-core,spread_mean,plus_nonorbit_subgraph,3,1,5,rf,986,40,c61383d6b27ef0ad89c89dab2673f8c8726eee83fc5458704272a64ff6df9087,822e9ecbd243453d956a13a6adfd7edc0484170d73919ff881f39321e6d2694e,23ab1a6bf4b32aeea510414af739e185fcac19a8a842b9591f4b990cfd0c16e0,0.9567644710068642,1.2266444000415504
email-Eu-core,spread_mean,plus_nonorbit_subgraph,4,1,5,rf,986,40,c61383d6b27ef0ad89c89dab2673f8c8726eee83fc5458704272a64ff6df9087,822e9ecbd243453d956a13a6adfd7edc0484170d73919ff881f39321e6d2694e,646202f1aab453401c47bfbf401c1e063cf379b1abd2027e74afdfb57abe38bb,0.9570724726581903,1.2023608000017703
email-Eu-core,spread_mean,plus_nonorbit_subgraph,5,1,5,rf,986,40,c61383d6b27ef0ad89c89dab2673f8c8726eee83fc5458704272a64ff6df9087,822e9ecbd243453d956a13a6adfd7edc0484170d73919ff881f39321e6d2694e,3835b606fb7af00be578f45b6fcbbe1bd05a8bbdb03299db8fac53d018893e47,0.9564555722514784,1.1955814000102691
email-Eu-core,spread_mean,plus_nonorbit_subgraph,6,1,5,rf,986,40,c61383d6b27ef0ad89c89dab2673f8c8726eee83fc5458704272a64ff6df9087,822e9ecbd243453d956a13a6adfd7edc0484170d73919ff881f39321e6d2694e,b4b5ca69d5e3b0ce6499732a4c588baa3c57035f907cc8c64f9881f2644310d2,0.9569929675548882,1.1995403000037186
email-Eu-core,spread_mean,plus_nonorbit_subgraph,7,1,5,rf,986,40,c61383d6b27ef0ad89c89dab2673f8c8726eee83fc5458704272a64ff6df9087,822e9ecbd243453d956a13a6adfd7edc0484170d73919ff881f39321e6d2694e,36b160c30751c5c9b65922cf68164c891c1d2001eddcef404b827fa7cc8d399b,0.9565875477976814,1.1753954999730922
email-Eu-core,spread_mean,plus_nonorbit_subgraph,8,1,5,rf,986,40,c61383d6b27ef0ad89c89dab2673f8c8726eee83fc5458704272a64ff6df9087,822e9ecbd243453d956a13a6adfd7edc0484170d73919ff881f39321e6d2694e,4ab5f8aadf4cbe63ce21702f92c968944c11c379b1694f4b1f1760bb3b50fab7,0.9564186838402386,1.1875389000051655
email-Eu-core,spread_mean,plus_nonorbit_subgraph,9,1,5,rf,986,40,c61383d6b27ef0ad89c89dab2673f8c8726eee83fc5458704272a64ff6df9087,822e9ecbd243453d956a13a6adfd7edc0484170d73919ff881f39321e6d2694e,de2568ff80652fc2ddbf246ee5520e43cc5906690f0537bd197b4e4b1bb68e86,0.9569358382887758,1.1844699999783188
email-Eu-core,spread_mean,plus_orbit_lt15,0,1,5,rf,986,45,dcece2a6c43eb3af150d7357885003ee166f4bb9b7b5a037bc4198659ec035e7,822e9ecbd243453d956a13a6adfd7edc0484170d73919ff881f39321e6d2694e,124e870bcd30247bdc5ba02faf4655feb7dc88477e19d5166c001a3261cdac32,0.9571066721906256,1.3076680999947712
email-Eu-core,spread_mean,plus_orbit_lt15,1,1,5,rf,986,45,dcece2a6c43eb3af150d7357885003ee166f4bb9b7b5a037bc4198659ec035e7,822e9ecbd243453d956a13a6adfd7edc0484170d73919ff881f39321e6d2694e,c9f8d77f76a2560e19388f52b9fea591bf6c83799a57c9393c0dba6611f26f63,0.956841828966635,1.2843702000100166
email-Eu-core,spread_mean,plus_orbit_lt15,2,1,5,rf,986,45,dcece2a6c43eb3af150d7357885003ee166f4bb9b7b5a037bc4198659ec035e7,822e9ecbd243453d956a13a6adfd7edc0484170d73919ff881f39321e6d2694e,e85beeb103ed16b87b1f513db1df561f2852712461b40b8c5475e0481955236a,0.9567202400664166,1.3290305000264198
email-Eu-core,spread_mean,plus_orbit_lt15,3,1,5,rf,986,45,dcece2a6c43eb3af150d7357885003ee166f4bb9b7b5a037bc4198659ec035e7,822e9ecbd243453d956a13a6adfd7edc0484170d73919ff881f39321e6d2694e,23ab1a6bf4b32aeea510414af739e185fcac19a8a842b9591f4b990cfd0c16e0,0.9568962678091621,1.2944618000183254
email-Eu-core,spread_mean,plus_orbit_lt15,4,1,5,rf,986,45,dcece2a6c43eb3af150d7357885003ee166f4bb9b7b5a037bc4198659ec035e7,822e9ecbd243453d956a13a6adfd7edc0484170d73919ff881f39321e6d2694e,646202f1aab453401c47bfbf401c1e063cf379b1abd2027e74afdfb57abe38bb,0.9569673588162725,1.2596166000002995
email-Eu-core,spread_mean,plus_orbit_lt15,5,1,5,rf,986,45,dcece2a6c43eb3af150d7357885003ee166f4bb9b7b5a037bc4198659ec035e7,822e9ecbd243453d956a13a6adfd7edc0484170d73919ff881f39321e6d2694e,3835b606fb7af00be578f45b6fcbbe1bd05a8bbdb03299db8fac53d018893e47,0.9564473349513347,1.2484999999869615
email-Eu-core,spread_mean,plus_orbit_lt15,6,1,5,rf,986,45,dcece2a6c43eb3af150d7357885003ee166f4bb9b7b5a037bc4198659ec035e7,822e9ecbd243453d956a13a6adfd7edc0484170d73919ff881f39321e6d2694e,b4b5ca69d5e3b0ce6499732a4c588baa3c57035f907cc8c64f9881f2644310d2,0.9572227148577901,1.294196999981068
email-Eu-core,spread_mean,plus_orbit_lt15,7,1,5,rf,986,45,dcece2a6c43eb3af150d7357885003ee166f4bb9b7b5a037bc4198659ec035e7,822e9ecbd243453d956a13a6adfd7edc0484170d73919ff881f39321e6d2694e,36b160c30751c5c9b65922cf68164c891c1d2001eddcef404b827fa7cc8d399b,0.9565699989015877,1.2785636000335217
email-Eu-core,spread_mean,plus_orbit_lt15,8,1,5,rf,986,45,dcece2a6c43eb3af150d7357885003ee166f4bb9b7b5a037bc4198659ec035e7,822e9ecbd243453d956a13a6adfd7edc0484170d73919ff881f39321e6d2694e,4ab5f8aadf4cbe63ce21702f92c968944c11c379b1694f4b1f1760bb3b50fab7,0.9564310397395637,1.2840819000266492
email-Eu-core,spread_mean,plus_orbit_lt15,9,1,5,rf,986,45,dcece2a6c43eb3af150d7357885003ee166f4bb9b7b5a037bc4198659ec035e7,822e9ecbd243453d956a13a6adfd7edc0484170d73919ff881f39321e6d2694e,de2568ff80652fc2ddbf246ee5520e43cc5906690f0537bd197b4e4b1bb68e86,0.957011944019288,1.2737412000424229
email-Eu-core,spread_mean,full_r1_structural,0,1,5,rf,986,56,5c066804775eef25e1ad1933a219214469e6490f0a28e520ddc47b3ecc599613,822e9ecbd243453d956a13a6adfd7edc0484170d73919ff881f39321e6d2694e,124e870bcd30247bdc5ba02faf4655feb7dc88477e19d5166c001a3261cdac32,0.9573197666388877,1.4604634999996051
email-Eu-core,spread_mean,full_r1_structural,1,1,5,rf,986,56,5c066804775eef25e1ad1933a219214469e6490f0a28e520ddc47b3ecc599613,822e9ecbd243453d956a13a6adfd7edc0484170d73919ff881f39321e6d2694e,c9f8d77f76a2560e19388f52b9fea591bf6c83799a57c9393c0dba6611f26f63,0.9568377103292859,1.4166714000166394
email-Eu-core,spread_mean,full_r1_structural,2,1,5,rf,986,56,5c066804775eef25e1ad1933a219214469e6490f0a28e520ddc47b3ecc599613,822e9ecbd243453d956a13a6adfd7edc0484170d73919ff881f39321e6d2694e,e85beeb103ed16b87b1f513db1df561f2852712461b40b8c5475e0481955236a,0.9568758521152664,1.4124116000020877
email-Eu-core,spread_mean,full_r1_structural,3,1,5,rf,986,56,5c066804775eef25e1ad1933a219214469e6490f0a28e520ddc47b3ecc599613,822e9ecbd243453d956a13a6adfd7edc0484170d73919ff881f39321e6d2694e,23ab1a6bf4b32aeea510414af739e185fcac19a8a842b9591f4b990cfd0c16e0,0.9570363019116038,1.446923399984371
email-Eu-core,spread_mean,full_r1_structural,4,1,5,rf,986,56,5c066804775eef25e1ad1933a219214469e6490f0a28e520ddc47b3ecc599613,822e9ecbd243453d956a13a6adfd7edc0484170d73919ff881f39321e6d2694e,646202f1aab453401c47bfbf401c1e063cf379b1abd2027e74afdfb57abe38bb,0.9576850764076351,1.4587790999794379
email-Eu-core,spread_mean,full_r1_structural,5,1,5,rf,986,56,5c066804775eef25e1ad1933a219214469e6490f0a28e520ddc47b3ecc599613,822e9ecbd243453d956a13a6adfd7edc0484170d73919ff881f39321e6d2694e,3835b606fb7af00be578f45b6fcbbe1bd05a8bbdb03299db8fac53d018893e47,0.9568138948077259,1.4840682999929413
email-Eu-core,spread_mean,full_r1_structural,6,1,5,rf,986,56,5c066804775eef25e1ad1933a219214469e6490f0a28e520ddc47b3ecc599613,822e9ecbd243453d956a13a6adfd7edc0484170d73919ff881f39321e6d2694e,b4b5ca69d5e3b0ce6499732a4c588baa3c57035f907cc8c64f9881f2644310d2,0.9570970078413031,1.4452552000293508
email-Eu-core,spread_mean,full_r1_structural,7,1,5,rf,986,56,5c066804775eef25e1ad1933a219214469e6490f0a28e520ddc47b3ecc599613,822e9ecbd243453d956a13a6adfd7edc0484170d73919ff881f39321e6d2694e,36b160c30751c5c9b65922cf68164c891c1d2001eddcef404b827fa7cc8d399b,0.9569211570794582,1.4470129000255838
email-Eu-core,spread_mean,full_r1_structural,8,1,5,rf,986,56,5c066804775eef25e1ad1933a219214469e6490f0a28e520ddc47b3ecc599613,822e9ecbd243453d956a13a6adfd7edc0484170d73919ff881f39321e6d2694e,4ab5f8aadf4cbe63ce21702f92c968944c11c379b1694f4b1f1760bb3b50fab7,0.956512337978699,1.4156264000339434
email-Eu-core,spread_mean,full_r1_structural,9,1,5,rf,986,56,5c066804775eef25e1ad1933a219214469e6490f0a28e520ddc47b3ecc599613,822e9ecbd243453d956a13a6adfd7edc0484170d73919ff881f39321e6d2694e,de2568ff80652fc2ddbf246ee5520e43cc5906690f0537bd197b4e4b1bb68e86,0.9571159832250427,1.4085903000086546
email-Eu-core,spread_cv,node_edge,0,1,5,rf,986,38,a45d535846cb3e119d5d14d2a62b3d52917062b6c0b0579a9fbc2103bddf4265,21310cd343e956b22c7b25946e7ebfa662a9fab5b419badb2774d55306c7b62e,124e870bcd30247bdc5ba02faf4655feb7dc88477e19d5166c001a3261cdac32,0.9501596477347352,1.1913565999711864
email-Eu-core,spread_cv,node_edge,1,1,5,rf,986,38,a45d535846cb3e119d5d14d2a62b3d52917062b6c0b0579a9fbc2103bddf4265,21310cd343e956b22c7b25946e7ebfa662a9fab5b419badb2774d55306c7b62e,c9f8d77f76a2560e19388f52b9fea591bf6c83799a57c9393c0dba6611f26f63,0.9497898472509343,1.084099299972877
email-Eu-core,spread_cv,node_edge,2,1,5,rf,986,38,a45d535846cb3e119d5d14d2a62b3d52917062b6c0b0579a9fbc2103bddf4265,21310cd343e956b22c7b25946e7ebfa662a9fab5b419badb2774d55306c7b62e,e85beeb103ed16b87b1f513db1df561f2852712461b40b8c5475e0481955236a,0.949128703264607,0.9615412999992259
email-Eu-core,spread_cv,node_edge,3,1,5,rf,986,38,a45d535846cb3e119d5d14d2a62b3d52917062b6c0b0579a9fbc2103bddf4265,21310cd343e956b22c7b25946e7ebfa662a9fab5b419badb2774d55306c7b62e,23ab1a6bf4b32aeea510414af739e185fcac19a8a842b9591f4b990cfd0c16e0,0.9488651107456648,0.9473793000215665
email-Eu-core,spread_cv,node_edge,4,1,5,rf,986,38,a45d535846cb3e119d5d14d2a62b3d52917062b6c0b0579a9fbc2103bddf4265,21310cd343e956b22c7b25946e7ebfa662a9fab5b419badb2774d55306c7b62e,646202f1aab453401c47bfbf401c1e063cf379b1abd2027e74afdfb57abe38bb,0.9500254841819077,0.9691976000322029
email-Eu-core,spread_cv,node_edge,5,1,5,rf,986,38,a45d535846cb3e119d5d14d2a62b3d52917062b6c0b0579a9fbc2103bddf4265,21310cd343e956b22c7b25946e7ebfa662a9fab5b419badb2774d55306c7b62e,3835b606fb7af00be578f45b6fcbbe1bd05a8bbdb03299db8fac53d018893e47,0.9497061862485654,1.1648746999562718
email-Eu-core,spread_cv,node_edge,6,1,5,rf,986,38,a45d535846cb3e119d5d14d2a62b3d52917062b6c0b0579a9fbc2103bddf4265,21310cd343e956b22c7b25946e7ebfa662a9fab5b419badb2774d55306c7b62e,b4b5ca69d5e3b0ce6499732a4c588baa3c57035f907cc8c64f9881f2644310d2,0.9480422533328139,1.2323325999896042
email-Eu-core,spread_cv,node_edge,7,1,5,rf,986,38,a45d535846cb3e119d5d14d2a62b3d52917062b6c0b0579a9fbc2103bddf4265,21310cd343e956b22c7b25946e7ebfa662a9fab5b419badb2774d55306c7b62e,36b160c30751c5c9b65922cf68164c891c1d2001eddcef404b827fa7cc8d399b,0.9490400477402868,1.2182381000020541
email-Eu-core,spread_cv,node_edge,8,1,5,rf,986,38,a45d535846cb3e119d5d14d2a62b3d52917062b6c0b0579a9fbc2103bddf4265,21310cd343e956b22c7b25946e7ebfa662a9fab5b419badb2774d55306c7b62e,4ab5f8aadf4cbe63ce21702f92c968944c11c379b1694f4b1f1760bb3b50fab7,0.9486736999770696,1.2100185999879614
email-Eu-core,spread_cv,node_edge,9,1,5,rf,986,38,a45d535846cb3e119d5d14d2a62b3d52917062b6c0b0579a9fbc2103bddf4265,21310cd343e956b22c7b25946e7ebfa662a9fab5b419badb2774d55306c7b62e,de2568ff80652fc2ddbf246ee5520e43cc5906690f0537bd197b4e4b1bb68e86,0.9499094936288213,1.2665900000138208
email-Eu-core,spread_cv,plus_nonorbit_subgraph,0,1,5,rf,986,40,c61383d6b27ef0ad89c89dab2673f8c8726eee83fc5458704272a64ff6df9087,21310cd343e956b22c7b25946e7ebfa662a9fab5b419badb2774d55306c7b62e,124e870bcd30247bdc5ba02faf4655feb7dc88477e19d5166c001a3261cdac32,0.9499578357514192,1.2882391000166535
email-Eu-core,spread_cv,plus_nonorbit_subgraph,1,1,5,rf,986,40,c61383d6b27ef0ad89c89dab2673f8c8726eee83fc5458704272a64ff6df9087,21310cd343e956b22c7b25946e7ebfa662a9fab5b419badb2774d55306c7b62e,c9f8d77f76a2560e19388f52b9fea591bf6c83799a57c9393c0dba6611f26f63,0.9496064647051897,1.210530899988953
email-Eu-core,spread_cv,plus_nonorbit_subgraph,2,1,5,rf,986,40,c61383d6b27ef0ad89c89dab2673f8c8726eee83fc5458704272a64ff6df9087,21310cd343e956b22c7b25946e7ebfa662a9fab5b419badb2774d55306c7b62e,e85beeb103ed16b87b1f513db1df561f2852712461b40b8c5475e0481955236a,0.9492451068965307,1.2162159999716096
email-Eu-core,spread_cv,plus_nonorbit_subgraph,3,1,5,rf,986,40,c61383d6b27ef0ad89c89dab2673f8c8726eee83fc5458704272a64ff6df9087,21310cd343e956b22c7b25946e7ebfa662a9fab5b419badb2774d55306c7b62e,23ab1a6bf4b32aeea510414af739e185fcac19a8a842b9591f4b990cfd0c16e0,0.9485902449065772,1.2515416000387631
email-Eu-core,spread_cv,plus_nonorbit_subgraph,4,1,5,rf,986,40,c61383d6b27ef0ad89c89dab2673f8c8726eee83fc5458704272a64ff6df9087,21310cd343e956b22c7b25946e7ebfa662a9fab5b419badb2774d55306c7b62e,646202f1aab453401c47bfbf401c1e063cf379b1abd2027e74afdfb57abe38bb,0.9498967251910463,1.225426199962385
email-Eu-core,spread_cv,plus_nonorbit_subgraph,5,1,5,rf,986,40,c61383d6b27ef0ad89c89dab2673f8c8726eee83fc5458704272a64ff6df9087,21310cd343e956b22c7b25946e7ebfa662a9fab5b419badb2774d55306c7b62e,3835b606fb7af00be578f45b6fcbbe1bd05a8bbdb03299db8fac53d018893e47,0.949563115222241,1.2431934000342153
email-Eu-core,spread_cv,plus_nonorbit_subgraph,6,1,5,rf,986,40,c61383d6b27ef0ad89c89dab2673f8c8726eee83fc5458704272a64ff6df9087,21310cd343e956b22c7b25946e7ebfa662a9fab5b419badb2774d55306c7b62e,b4b5ca69d5e3b0ce6499732a4c588baa3c57035f907cc8c64f9881f2644310d2,0.9477992532287808,1.226727400033269
email-Eu-core,spread_cv,plus_nonorbit_subgraph,7,1,5,rf,986,40,c61383d6b27ef0ad89c89dab2673f8c8726eee83fc5458704272a64ff6df9087,21310cd343e956b22c7b25946e7ebfa662a9fab5b419badb2774d55306c7b62e,36b160c30751c5c9b65922cf68164c891c1d2001eddcef404b827fa7cc8d399b,0.949058686501763,1.221525400003884
email-Eu-core,spread_cv,plus_nonorbit_subgraph,8,1,5,rf,986,40,c61383d6b27ef0ad89c89dab2673f8c8726eee83fc5458704272a64ff6df9087,21310cd343e956b22c7b25946e7ebfa662a9fab5b419badb2774d55306c7b62e,4ab5f8aadf4cbe63ce21702f92c968944c11c379b1694f4b1f1760bb3b50fab7,0.9484430569979685,1.202473799989093
email-Eu-core,spread_cv,plus_nonorbit_subgraph,9,1,5,rf,986,40,c61383d6b27ef0ad89c89dab2673f8c8726eee83fc5458704272a64ff6df9087,21310cd343e956b22c7b25946e7ebfa662a9fab5b419badb2774d55306c7b62e,de2568ff80652fc2ddbf246ee5520e43cc5906690f0537bd197b4e4b1bb68e86,0.9498312400832122,1.2644025000045076
email-Eu-core,spread_cv,plus_orbit_lt15,0,1,5,rf,986,45,dcece2a6c43eb3af150d7357885003ee166f4bb9b7b5a037bc4198659ec035e7,21310cd343e956b22c7b25946e7ebfa662a9fab5b419badb2774d55306c7b62e,124e870bcd30247bdc5ba02faf4655feb7dc88477e19d5166c001a3261cdac32,0.9504644250156612,1.3124477000092156
email-Eu-core,spread_cv,plus_orbit_lt15,1,1,5,rf,986,45,dcece2a6c43eb3af150d7357885003ee166f4bb9b7b5a037bc4198659ec035e7,21310cd343e956b22c7b25946e7ebfa662a9fab5b419badb2774d55306c7b62e,c9f8d77f76a2560e19388f52b9fea591bf6c83799a57c9393c0dba6611f26f63,0.9498197589362922,1.2959796999930404
email-Eu-core,spread_cv,plus_orbit_lt15,2,1,5,rf,986,45,dcece2a6c43eb3af150d7357885003ee166f4bb9b7b5a037bc4198659ec035e7,21310cd343e956b22c7b25946e7ebfa662a9fab5b419badb2774d55306c7b62e,e85beeb103ed16b87b1f513db1df561f2852712461b40b8c5475e0481955236a,0.9493810216491626,1.289726899995003
email-Eu-core,spread_cv,plus_orbit_lt15,3,1,5,rf,986,45,dcece2a6c43eb3af150d7357885003ee166f4bb9b7b5a037bc4198659ec035e7,21310cd343e956b22c7b25946e7ebfa662a9fab5b419badb2774d55306c7b62e,23ab1a6bf4b32aeea510414af739e185fcac19a8a842b9591f4b990cfd0c16e0,0.948500505691972,1.3015370999928564
email-Eu-core,spread_cv,plus_orbit_lt15,4,1,5,rf,986,45,dcece2a6c43eb3af150d7357885003ee166f4bb9b7b5a037bc4198659ec035e7,21310cd343e956b22c7b25946e7ebfa662a9fab5b419badb2774d55306c7b62e,646202f1aab453401c47bfbf401c1e063cf379b1abd2027e74afdfb57abe38bb,0.949933792965358,1.2922667000093497
email-Eu-core,spread_cv,plus_orbit_lt15,5,1,5,rf,986,45,dcece2a6c43eb3af150d7357885003ee166f4bb9b7b5a037bc4198659ec035e7,21310cd343e956b22c7b25946e7ebfa662a9fab5b419badb2774d55306c7b62e,3835b606fb7af00be578f45b6fcbbe1bd05a8bbdb03299db8fac53d018893e47,0.9496248948460938,1.2951744999736547
email-Eu-core,spread_cv,plus_orbit_lt15,6,1,5,rf,986,45,dcece2a6c43eb3af150d7357885003ee166f4bb9b7b5a037bc4198659ec035e7,21310cd343e956b22c7b25946e7ebfa662a9fab5b419badb2774d55306c7b62e,b4b5ca69d5e3b0ce6499732a4c588baa3c57035f907cc8c64f9881f2644310d2,0.9476839311455109,1.3146344000124373
email-Eu-core,spread_cv,plus_orbit_lt15,7,1,5,rf,986,45,dcece2a6c43eb3af150d7357885003ee166f4bb9b7b5a037bc4198659ec035e7,21310cd343e956b22c7b25946e7ebfa662a9fab5b419badb2774d55306c7b62e,36b160c30751c5c9b65922cf68164c891c1d2001eddcef404b827fa7cc8d399b,0.9494024882002235,1.3094966000062414
email-Eu-core,spread_cv,plus_orbit_lt15,8,1,5,rf,986,45,dcece2a6c43eb3af150d7357885003ee166f4bb9b7b5a037bc4198659ec035e7,21310cd343e956b22c7b25946e7ebfa662a9fab5b419badb2774d55306c7b62e,4ab5f8aadf4cbe63ce21702f92c968944c11c379b1694f4b1f1760bb3b50fab7,0.9484369852232579,1.3499414999969304
email-Eu-core,spread_cv,plus_orbit_lt15,9,1,5,rf,986,45,dcece2a6c43eb3af150d7357885003ee166f4bb9b7b5a037bc4198659ec035e7,21310cd343e956b22c7b25946e7ebfa662a9fab5b419badb2774d55306c7b62e,de2568ff80652fc2ddbf246ee5520e43cc5906690f0537bd197b4e4b1bb68e86,0.9497900540065759,1.3255795000004582
email-Eu-core,spread_cv,full_r1_structural,0,1,5,rf,986,56,5c066804775eef25e1ad1933a219214469e6490f0a28e520ddc47b3ecc599613,21310cd343e956b22c7b25946e7ebfa662a9fab5b419badb2774d55306c7b62e,124e870bcd30247bdc5ba02faf4655feb7dc88477e19d5166c001a3261cdac32,0.9505591530894626,1.4480056000174955
email-Eu-core,spread_cv,full_r1_structural,1,1,5,rf,986,56,5c066804775eef25e1ad1933a219214469e6490f0a28e520ddc47b3ecc599613,21310cd343e956b22c7b25946e7ebfa662a9fab5b419badb2774d55306c7b62e,c9f8d77f76a2560e19388f52b9fea591bf6c83799a57c9393c0dba6611f26f63,0.9498340708246023,1.4321831000270322
email-Eu-core,spread_cv,full_r1_structural,2,1,5,rf,986,56,5c066804775eef25e1ad1933a219214469e6490f0a28e520ddc47b3ecc599613,21310cd343e956b22c7b25946e7ebfa662a9fab5b419badb2774d55306c7b62e,e85beeb103ed16b87b1f513db1df561f2852712461b40b8c5475e0481955236a,0.9494592755976475,1.4549087000195868
email-Eu-core,spread_cv,full_r1_structural,3,1,5,rf,986,56,5c066804775eef25e1ad1933a219214469e6490f0a28e520ddc47b3ecc599613,21310cd343e956b22c7b25946e7ebfa662a9fab5b419badb2774d55306c7b62e,23ab1a6bf4b32aeea510414af739e185fcac19a8a842b9591f4b990cfd0c16e0,0.9489680765733766,1.4624915999593213
email-Eu-core,spread_cv,full_r1_structural,4,1,5,rf,986,56,5c066804775eef25e1ad1933a219214469e6490f0a28e520ddc47b3ecc599613,21310cd343e956b22c7b25946e7ebfa662a9fab5b419badb2774d55306c7b62e,646202f1aab453401c47bfbf401c1e063cf379b1abd2027e74afdfb57abe38bb,0.9500614708546539,1.4697884999914095
email-Eu-core,spread_cv,full_r1_structural,5,1,5,rf,986,56,5c066804775eef25e1ad1933a219214469e6490f0a28e520ddc47b3ecc599613,21310cd343e956b22c7b25946e7ebfa662a9fab5b419badb2774d55306c7b62e,3835b606fb7af00be578f45b6fcbbe1bd05a8bbdb03299db8fac53d018893e47,0.9500480338525441,1.4829626000137068
email-Eu-core,spread_cv,full_r1_structural,6,1,5,rf,986,56,5c066804775eef25e1ad1933a219214469e6490f0a28e520ddc47b3ecc599613,21310cd343e956b22c7b25946e7ebfa662a9fab5b419badb2774d55306c7b62e,b4b5ca69d5e3b0ce6499732a4c588baa3c57035f907cc8c64f9881f2644310d2,0.948169931353577,1.4675577999441884
email-Eu-core,spread_cv,full_r1_structural,7,1,5,rf,986,56,5c066804775eef25e1ad1933a219214469e6490f0a28e520ddc47b3ecc599613,21310cd343e956b22c7b25946e7ebfa662a9fab5b419badb2774d55306c7b62e,36b160c30751c5c9b65922cf68164c891c1d2001eddcef404b827fa7cc8d399b,0.9495529224747795,1.506666800007224
email-Eu-core,spread_cv,full_r1_structural,8,1,5,rf,986,56,5c066804775eef25e1ad1933a219214469e6490f0a28e520ddc47b3ecc599613,21310cd343e956b22c7b25946e7ebfa662a9fab5b419badb2774d55306c7b62e,4ab5f8aadf4cbe63ce21702f92c968944c11c379b1694f4b1f1760bb3b50fab7,0.948496599118117,1.4691944000078365
email-Eu-core,spread_cv,full_r1_structural,9,1,5,rf,986,56,5c066804775eef25e1ad1933a219214469e6490f0a28e520ddc47b3ecc599613,21310cd343e956b22c7b25946e7ebfa662a9fab5b419badb2774d55306c7b62e,de2568ff80652fc2ddbf246ee5520e43cc5906690f0537bd197b4e4b1bb68e86,0.9504284381944389,1.4823054999578744
email-Eu-core,spread_resid,node_edge,0,1,5,rf,986,38,a45d535846cb3e119d5d14d2a62b3d52917062b6c0b0579a9fbc2103bddf4265,58282d9b86501a6e92a6151e08bf325a054f5d201976f99ddcaeb857e28a7b31,124e870bcd30247bdc5ba02faf4655feb7dc88477e19d5166c001a3261cdac32,0.06006528438564152,2.544150600035209
email-Eu-core,spread_resid,node_edge,1,1,5,rf,986,38,a45d535846cb3e119d5d14d2a62b3d52917062b6c0b0579a9fbc2103bddf4265,58282d9b86501a6e92a6151e08bf325a054f5d201976f99ddcaeb857e28a7b31,c9f8d77f76a2560e19388f52b9fea591bf6c83799a57c9393c0dba6611f26f63,0.06482606237946642,2.5919266000273637
email-Eu-core,spread_resid,node_edge,2,1,5,rf,986,38,a45d535846cb3e119d5d14d2a62b3d52917062b6c0b0579a9fbc2103bddf4265,58282d9b86501a6e92a6151e08bf325a054f5d201976f99ddcaeb857e28a7b31,e85beeb103ed16b87b1f513db1df561f2852712461b40b8c5475e0481955236a,0.05524518450379205,2.5425603999756277
email-Eu-core,spread_resid,node_edge,3,1,5,rf,986,38,a45d535846cb3e119d5d14d2a62b3d52917062b6c0b0579a9fbc2103bddf4265,58282d9b86501a6e92a6151e08bf325a054f5d201976f99ddcaeb857e28a7b31,23ab1a6bf4b32aeea510414af739e185fcac19a8a842b9591f4b990cfd0c16e0,0.03344416326419062,2.632855700037908
email-Eu-core,spread_resid,node_edge,4,1,5,rf,986,38,a45d535846cb3e119d5d14d2a62b3d52917062b6c0b0579a9fbc2103bddf4265,58282d9b86501a6e92a6151e08bf325a054f5d201976f99ddcaeb857e28a7b31,646202f1aab453401c47bfbf401c1e063cf379b1abd2027e74afdfb57abe38bb,0.05952187516952676,2.578110200003721
email-Eu-core,spread_resid,node_edge,5,1,5,rf,986,38,a45d535846cb3e119d5d14d2a62b3d52917062b6c0b0579a9fbc2103bddf4265,58282d9b86501a6e92a6151e08bf325a054f5d201976f99ddcaeb857e28a7b31,3835b606fb7af00be578f45b6fcbbe1bd05a8bbdb03299db8fac53d018893e47,0.04577132084141051,2.5166922999778762
email-Eu-core,spread_resid,node_edge,6,1,5,rf,986,38,a45d535846cb3e119d5d14d2a62b3d52917062b6c0b0579a9fbc2103bddf4265,58282d9b86501a6e92a6151e08bf325a054f5d201976f99ddcaeb857e28a7b31,b4b5ca69d5e3b0ce6499732a4c588baa3c57035f907cc8c64f9881f2644310d2,0.08784080705695961,2.5411355000105686
email-Eu-core,spread_resid,node_edge,7,1,5,rf,986,38,a45d535846cb3e119d5d14d2a62b3d52917062b6c0b0579a9fbc2103bddf4265,58282d9b86501a6e92a6151e08bf325a054f5d201976f99ddcaeb857e28a7b31,36b160c30751c5c9b65922cf68164c891c1d2001eddcef404b827fa7cc8d399b,0.05635340857481795,2.4539320999756455
email-Eu-core,spread_resid,node_edge,8,1,5,rf,986,38,a45d535846cb3e119d5d14d2a62b3d52917062b6c0b0579a9fbc2103bddf4265,58282d9b86501a6e92a6151e08bf325a054f5d201976f99ddcaeb857e28a7b31,4ab5f8aadf4cbe63ce21702f92c968944c11c379b1694f4b1f1760bb3b50fab7,0.061464209692466666,2.5159108999650925
email-Eu-core,spread_resid,node_edge,9,1,5,rf,986,38,a45d535846cb3e119d5d14d2a62b3d52917062b6c0b0579a9fbc2103bddf4265,58282d9b86501a6e92a6151e08bf325a054f5d201976f99ddcaeb857e28a7b31,de2568ff80652fc2ddbf246ee5520e43cc5906690f0537bd197b4e4b1bb68e86,0.036490721160822207,2.492495600017719
email-Eu-core,spread_resid,plus_nonorbit_subgraph,0,1,5,rf,986,40,c61383d6b27ef0ad89c89dab2673f8c8726eee83fc5458704272a64ff6df9087,58282d9b86501a6e92a6151e08bf325a054f5d201976f99ddcaeb857e28a7b31,124e870bcd30247bdc5ba02faf4655feb7dc88477e19d5166c001a3261cdac32,0.05574341846064406,2.607077599968761
email-Eu-core,spread_resid,plus_nonorbit_subgraph,1,1,5,rf,986,40,c61383d6b27ef0ad89c89dab2673f8c8726eee83fc5458704272a64ff6df9087,58282d9b86501a6e92a6151e08bf325a054f5d201976f99ddcaeb857e28a7b31,c9f8d77f76a2560e19388f52b9fea591bf6c83799a57c9393c0dba6611f26f63,0.06401654926443993,2.741925500042271
email-Eu-core,spread_resid,plus_nonorbit_subgraph,2,1,5,rf,986,40,c61383d6b27ef0ad89c89dab2673f8c8726eee83fc5458704272a64ff6df9087,58282d9b86501a6e92a6151e08bf325a054f5d201976f99ddcaeb857e28a7b31,e85beeb103ed16b87b1f513db1df561f2852712461b40b8c5475e0481955236a,0.06020567388723344,2.6491871000034735
email-Eu-core,spread_resid,plus_nonorbit_subgraph,3,1,5,rf,986,40,c61383d6b27ef0ad89c89dab2673f8c8726eee83fc5458704272a64ff6df9087,58282d9b86501a6e92a6151e08bf325a054f5d201976f99ddcaeb857e28a7b31,23ab1a6bf4b32aeea510414af739e185fcac19a8a842b9591f4b990cfd0c16e0,0.023399584263501153,2.6007123999879695
email-Eu-core,spread_resid,plus_nonorbit_subgraph,4,1,5,rf,986,40,c61383d6b27ef0ad89c89dab2673f8c8726eee83fc5458704272a64ff6df9087,58282d9b86501a6e92a6151e08bf325a054f5d201976f99ddcaeb857e28a7b31,646202f1aab453401c47bfbf401c1e063cf379b1abd2027e74afdfb57abe38bb,0.06166628014606205,2.633482899982482
email-Eu-core,spread_resid,plus_nonorbit_subgraph,5,1,5,rf,986,40,c61383d6b27ef0ad89c89dab2673f8c8726eee83fc5458704272a64ff6df9087,58282d9b86501a6e92a6151e08bf325a054f5d201976f99ddcaeb857e28a7b31,3835b606fb7af00be578f45b6fcbbe1bd05a8bbdb03299db8fac53d018893e47,0.05191426511203862,2.4867552999639884
email-Eu-core,spread_resid,plus_nonorbit_subgraph,6,1,5,rf,986,40,c61383d6b27ef0ad89c89dab2673f8c8726eee83fc5458704272a64ff6df9087,58282d9b86501a6e92a6151e08bf325a054f5d201976f99ddcaeb857e28a7b31,b4b5ca69d5e3b0ce6499732a4c588baa3c57035f907cc8c64f9881f2644310d2,0.09523623627612625,1.990408000012394
email-Eu-core,spread_resid,plus_nonorbit_subgraph,7,1,5,rf,986,40,c61383d6b27ef0ad89c89dab2673f8c8726eee83fc5458704272a64ff6df9087,58282d9b86501a6e92a6151e08bf325a054f5d201976f99ddcaeb857e28a7b31,36b160c30751c5c9b65922cf68164c891c1d2001eddcef404b827fa7cc8d399b,0.053897886458237204,1.9125500000081956
email-Eu-core,spread_resid,plus_nonorbit_subgraph,8,1,5,rf,986,40,c61383d6b27ef0ad89c89dab2673f8c8726eee83fc5458704272a64ff6df9087,58282d9b86501a6e92a6151e08bf325a054f5d201976f99ddcaeb857e28a7b31,4ab5f8aadf4cbe63ce21702f92c968944c11c379b1694f4b1f1760bb3b50fab7,0.061913289617156066,1.9465566000435501
email-Eu-core,spread_resid,plus_nonorbit_subgraph,9,1,5,rf,986,40,c61383d6b27ef0ad89c89dab2673f8c8726eee83fc5458704272a64ff6df9087,58282d9b86501a6e92a6151e08bf325a054f5d201976f99ddcaeb857e28a7b31,de2568ff80652fc2ddbf246ee5520e43cc5906690f0537bd197b4e4b1bb68e86,0.04100000425926252,1.9210779999848455
email-Eu-core,spread_resid,plus_orbit_lt15,0,1,5,rf,986,45,dcece2a6c43eb3af150d7357885003ee166f4bb9b7b5a037bc4198659ec035e7,58282d9b86501a6e92a6151e08bf325a054f5d201976f99ddcaeb857e28a7b31,124e870bcd30247bdc5ba02faf4655feb7dc88477e19d5166c001a3261cdac32,0.054008904109429635,2.218850100005511
email-Eu-core,spread_resid,plus_orbit_lt15,1,1,5,rf,986,45,dcece2a6c43eb3af150d7357885003ee166f4bb9b7b5a037bc4198659ec035e7,58282d9b86501a6e92a6151e08bf325a054f5d201976f99ddcaeb857e28a7b31,c9f8d77f76a2560e19388f52b9fea591bf6c83799a57c9393c0dba6611f26f63,0.06017683383267855,2.8012421000166796
email-Eu-core,spread_resid,plus_orbit_lt15,2,1,5,rf,986,45,dcece2a6c43eb3af150d7357885003ee166f4bb9b7b5a037bc4198659ec035e7,58282d9b86501a6e92a6151e08bf325a054f5d201976f99ddcaeb857e28a7b31,e85beeb103ed16b87b1f513db1df561f2852712461b40b8c5475e0481955236a,0.053086300419968716,2.352713299973402
email-Eu-core,spread_resid,plus_orbit_lt15,3,1,5,rf,986,45,dcece2a6c43eb3af150d7357885003ee166f4bb9b7b5a037bc4198659ec035e7,58282d9b86501a6e92a6151e08bf325a054f5d201976f99ddcaeb857e28a7b31,23ab1a6bf4b32aeea510414af739e185fcac19a8a842b9591f4b990cfd0c16e0,0.03409512449557246,2.2002471000305377
email-Eu-core,spread_resid,plus_orbit_lt15,4,1,5,rf,986,45,dcece2a6c43eb3af150d7357885003ee166f4bb9b7b5a037bc4198659ec035e7,58282d9b86501a6e92a6151e08bf325a054f5d201976f99ddcaeb857e28a7b31,646202f1aab453401c47bfbf401c1e063cf379b1abd2027e74afdfb57abe38bb,0.05698394514222502,2.236658299982082
email-Eu-core,spread_resid,plus_orbit_lt15,5,1,5,rf,986,45,dcece2a6c43eb3af150d7357885003ee166f4bb9b7b5a037bc4198659ec035e7,58282d9b86501a6e92a6151e08bf325a054f5d201976f99ddcaeb857e28a7b31,3835b606fb7af00be578f45b6fcbbe1bd05a8bbdb03299db8fac53d018893e47,0.05000669757528422,2.2604616999742575
email-Eu-core,spread_resid,plus_orbit_lt15,6,1,5,rf,986,45,dcece2a6c43eb3af150d7357885003ee166f4bb9b7b5a037bc4198659ec035e7,58282d9b86501a6e92a6151e08bf325a054f5d201976f99ddcaeb857e28a7b31,b4b5ca69d5e3b0ce6499732a4c588baa3c57035f907cc8c64f9881f2644310d2,0.08549651779472794,2.2453212999971583
email-Eu-core,spread_resid,plus_orbit_lt15,7,1,5,rf,986,45,dcece2a6c43eb3af150d7357885003ee166f4bb9b7b5a037bc4198659ec035e7,58282d9b86501a6e92a6151e08bf325a054f5d201976f99ddcaeb857e28a7b31,36b160c30751c5c9b65922cf68164c891c1d2001eddcef404b827fa7cc8d399b,0.049711962850106255,2.157920199970249
email-Eu-core,spread_resid,plus_orbit_lt15,8,1,5,rf,986,45,dcece2a6c43eb3af150d7357885003ee166f4bb9b7b5a037bc4198659ec035e7,58282d9b86501a6e92a6151e08bf325a054f5d201976f99ddcaeb857e28a7b31,4ab5f8aadf4cbe63ce21702f92c968944c11c379b1694f4b1f1760bb3b50fab7,0.05478157081314362,2.181488999980502
email-Eu-core,spread_resid,plus_orbit_lt15,9,1,5,rf,986,45,dcece2a6c43eb3af150d7357885003ee166f4bb9b7b5a037bc4198659ec035e7,58282d9b86501a6e92a6151e08bf325a054f5d201976f99ddcaeb857e28a7b31,de2568ff80652fc2ddbf246ee5520e43cc5906690f0537bd197b4e4b1bb68e86,0.04578330375632365,2.142862500040792
email-Eu-core,spread_resid,full_r1_structural,0,1,5,rf,986,56,5c066804775eef25e1ad1933a219214469e6490f0a28e520ddc47b3ecc599613,58282d9b86501a6e92a6151e08bf325a054f5d201976f99ddcaeb857e28a7b31,124e870bcd30247bdc5ba02faf4655feb7dc88477e19d5166c001a3261cdac32,0.06830525755055565,2.685097500041593
email-Eu-core,spread_resid,full_r1_structural,1,1,5,rf,986,56,5c066804775eef25e1ad1933a219214469e6490f0a28e520ddc47b3ecc599613,58282d9b86501a6e92a6151e08bf325a054f5d201976f99ddcaeb857e28a7b31,c9f8d77f76a2560e19388f52b9fea591bf6c83799a57c9393c0dba6611f26f63,0.06560686899774368,2.5765964000020176
email-Eu-core,spread_resid,full_r1_structural,2,1,5,rf,986,56,5c066804775eef25e1ad1933a219214469e6490f0a28e520ddc47b3ecc599613,58282d9b86501a6e92a6151e08bf325a054f5d201976f99ddcaeb857e28a7b31,e85beeb103ed16b87b1f513db1df561f2852712461b40b8c5475e0481955236a,0.06716024704275593,2.6296057000290602
email-Eu-core,spread_resid,full_r1_structural,3,1,5,rf,986,56,5c066804775eef25e1ad1933a219214469e6490f0a28e520ddc47b3ecc599613,58282d9b86501a6e92a6151e08bf325a054f5d201976f99ddcaeb857e28a7b31,23ab1a6bf4b32aeea510414af739e185fcac19a8a842b9591f4b990cfd0c16e0,0.026452510038526132,2.644971599976998
email-Eu-core,spread_resid,full_r1_structural,4,1,5,rf,986,56,5c066804775eef25e1ad1933a219214469e6490f0a28e520ddc47b3ecc599613,58282d9b86501a6e92a6151e08bf325a054f5d201976f99ddcaeb857e28a7b31,646202f1aab453401c47bfbf401c1e063cf379b1abd2027e74afdfb57abe38bb,0.05222120632475613,2.5664441999979317
email-Eu-core,spread_resid,full_r1_structural,5,1,5,rf,986,56,5c066804775eef25e1ad1933a219214469e6490f0a28e520ddc47b3ecc599613,58282d9b86501a6e92a6151e08bf325a054f5d201976f99ddcaeb857e28a7b31,3835b606fb7af00be578f45b6fcbbe1bd05a8bbdb03299db8fac53d018893e47,0.0548023965229778,2.594918199989479
email-Eu-core,spread_resid,full_r1_structural,6,1,5,rf,986,56,5c066804775eef25e1ad1933a219214469e6490f0a28e520ddc47b3ecc599613,58282d9b86501a6e92a6151e08bf325a054f5d201976f99ddcaeb857e28a7b31,b4b5ca69d5e3b0ce6499732a4c588baa3c57035f907cc8c64f9881f2644310d2,0.08435939330197587,2.5504120999830775
email-Eu-core,spread_resid,full_r1_structural,7,1,5,rf,986,56,5c066804775eef25e1ad1933a219214469e6490f0a28e520ddc47b3ecc599613,58282d9b86501a6e92a6151e08bf325a054f5d201976f99ddcaeb857e28a7b31,36b160c30751c5c9b65922cf68164c891c1d2001eddcef404b827fa7cc8d399b,0.0437461977078094,2.460822499997448
email-Eu-core,spread_resid,full_r1_structural,8,1,5,rf,986,56,5c066804775eef25e1ad1933a219214469e6490f0a28e520ddc47b3ecc599613,58282d9b86501a6e92a6151e08bf325a054f5d201976f99ddcaeb857e28a7b31,4ab5f8aadf4cbe63ce21702f92c968944c11c379b1694f4b1f1760bb3b50fab7,0.05144437137279117,2.420200399996247
email-Eu-core,spread_resid,full_r1_structural,9,1,5,rf,986,56,5c066804775eef25e1ad1933a219214469e6490f0a28e520ddc47b3ecc599613,58282d9b86501a6e92a6151e08bf325a054f5d201976f99ddcaeb857e28a7b31,de2568ff80652fc2ddbf246ee5520e43cc5906690f0537bd197b4e4b1bb68e86,0.03493539025437537,2.4590702000423335
email-Eu-core,betweenness,node_edge,0,1,5,rf_log1p,986,38,a45d535846cb3e119d5d14d2a62b3d52917062b6c0b0579a9fbc2103bddf4265,120dfe36f4097c2177419b817475d3f79223dca2723dfdf998417c576cdd2351,124e870bcd30247bdc5ba02faf4655feb7dc88477e19d5166c001a3261cdac32,0.9086811889308994,0.8563544999924488
email-Eu-core,betweenness,node_edge,1,1,5,rf_log1p,986,38,a45d535846cb3e119d5d14d2a62b3d52917062b6c0b0579a9fbc2103bddf4265,120dfe36f4097c2177419b817475d3f79223dca2723dfdf998417c576cdd2351,c9f8d77f76a2560e19388f52b9fea591bf6c83799a57c9393c0dba6611f26f63,0.9069656487949049,0.8600453999824822
email-Eu-core,betweenness,node_edge,2,1,5,rf_log1p,986,38,a45d535846cb3e119d5d14d2a62b3d52917062b6c0b0579a9fbc2103bddf4265,120dfe36f4097c2177419b817475d3f79223dca2723dfdf998417c576cdd2351,e85beeb103ed16b87b1f513db1df561f2852712461b40b8c5475e0481955236a,0.9060764729590376,0.8408848000108264
email-Eu-core,betweenness,node_edge,3,1,5,rf_log1p,986,38,a45d535846cb3e119d5d14d2a62b3d52917062b6c0b0579a9fbc2103bddf4265,120dfe36f4097c2177419b817475d3f79223dca2723dfdf998417c576cdd2351,23ab1a6bf4b32aeea510414af739e185fcac19a8a842b9591f4b990cfd0c16e0,0.9042974445950751,0.8637118000187911
email-Eu-core,betweenness,node_edge,4,1,5,rf_log1p,986,38,a45d535846cb3e119d5d14d2a62b3d52917062b6c0b0579a9fbc2103bddf4265,120dfe36f4097c2177419b817475d3f79223dca2723dfdf998417c576cdd2351,646202f1aab453401c47bfbf401c1e063cf379b1abd2027e74afdfb57abe38bb,0.9044717191309259,0.8549693000386469
email-Eu-core,betweenness,node_edge,5,1,5,rf_log1p,986,38,a45d535846cb3e119d5d14d2a62b3d52917062b6c0b0579a9fbc2103bddf4265,120dfe36f4097c2177419b817475d3f79223dca2723dfdf998417c576cdd2351,3835b606fb7af00be578f45b6fcbbe1bd05a8bbdb03299db8fac53d018893e47,0.9037180427587015,0.8965797999990173
email-Eu-core,betweenness,node_edge,6,1,5,rf_log1p,986,38,a45d535846cb3e119d5d14d2a62b3d52917062b6c0b0579a9fbc2103bddf4265,120dfe36f4097c2177419b817475d3f79223dca2723dfdf998417c576cdd2351,b4b5ca69d5e3b0ce6499732a4c588baa3c57035f907cc8c64f9881f2644310d2,0.9069502017029438,0.8378980999696068
email-Eu-core,betweenness,node_edge,7,1,5,rf_log1p,986,38,a45d535846cb3e119d5d14d2a62b3d52917062b6c0b0579a9fbc2103bddf4265,120dfe36f4097c2177419b817475d3f79223dca2723dfdf998417c576cdd2351,36b160c30751c5c9b65922cf68164c891c1d2001eddcef404b827fa7cc8d399b,0.9025507526034451,0.8457115000346676
email-Eu-core,betweenness,node_edge,8,1,5,rf_log1p,986,38,a45d535846cb3e119d5d14d2a62b3d52917062b6c0b0579a9fbc2103bddf4265,120dfe36f4097c2177419b817475d3f79223dca2723dfdf998417c576cdd2351,4ab5f8aadf4cbe63ce21702f92c968944c11c379b1694f4b1f1760bb3b50fab7,0.9048558374926247,0.8198636000161059
email-Eu-core,betweenness,node_edge,9,1,5,rf_log1p,986,38,a45d535846cb3e119d5d14d2a62b3d52917062b6c0b0579a9fbc2103bddf4265,120dfe36f4097c2177419b817475d3f79223dca2723dfdf998417c576cdd2351,de2568ff80652fc2ddbf246ee5520e43cc5906690f0537bd197b4e4b1bb68e86,0.9063321667470083,0.8170640000025742
email-Eu-core,betweenness,plus_nonorbit_subgraph,0,1,5,rf_log1p,986,40,c61383d6b27ef0ad89c89dab2673f8c8726eee83fc5458704272a64ff6df9087,120dfe36f4097c2177419b817475d3f79223dca2723dfdf998417c576cdd2351,124e870bcd30247bdc5ba02faf4655feb7dc88477e19d5166c001a3261cdac32,0.9105374708652428,0.8877795999869704
email-Eu-core,betweenness,plus_nonorbit_subgraph,1,1,5,rf_log1p,986,40,c61383d6b27ef0ad89c89dab2673f8c8726eee83fc5458704272a64ff6df9087,120dfe36f4097c2177419b817475d3f79223dca2723dfdf998417c576cdd2351,c9f8d77f76a2560e19388f52b9fea591bf6c83799a57c9393c0dba6611f26f63,0.908231143229004,0.8975751000107266
email-Eu-core,betweenness,plus_nonorbit_subgraph,2,1,5,rf_log1p,986,40,c61383d6b27ef0ad89c89dab2673f8c8726eee83fc5458704272a64ff6df9087,120dfe36f4097c2177419b817475d3f79223dca2723dfdf998417c576cdd2351,e85beeb103ed16b87b1f513db1df561f2852712461b40b8c5475e0481955236a,0.9088112202515615,0.8950093000312336
email-Eu-core,betweenness,plus_nonorbit_subgraph,3,1,5,rf_log1p,986,40,c61383d6b27ef0ad89c89dab2673f8c8726eee83fc5458704272a64ff6df9087,120dfe36f4097c2177419b817475d3f79223dca2723dfdf998417c576cdd2351,23ab1a6bf4b32aeea510414af739e185fcac19a8a842b9591f4b990cfd0c16e0,0.9063575679305235,0.8854830000200309
email-Eu-core,betweenness,plus_nonorbit_subgraph,4,1,5,rf_log1p,986,40,c61383d6b27ef0ad89c89dab2673f8c8726eee83fc5458704272a64ff6df9087,120dfe36f4097c2177419b817475d3f79223dca2723dfdf998417c576cdd2351,646202f1aab453401c47bfbf401c1e063cf379b1abd2027e74afdfb57abe38bb,0.9067699335931505,0.8858686999883503
email-Eu-core,betweenness,plus_nonorbit_subgraph,5,1,5,rf_log1p,986,40,c61383d6b27ef0ad89c89dab2673f8c8726eee83fc5458704272a64ff6df9087,120dfe36f4097c2177419b817475d3f79223dca2723dfdf998417c576cdd2351,3835b606fb7af00be578f45b6fcbbe1bd05a8bbdb03299db8fac53d018893e47,0.9086973677247365,0.9494905000319704
email-Eu-core,betweenness,plus_nonorbit_subgraph,6,1,5,rf_log1p,986,40,c61383d6b27ef0ad89c89dab2673f8c8726eee83fc5458704272a64ff6df9087,120dfe36f4097c2177419b817475d3f79223dca2723dfdf998417c576cdd2351,b4b5ca69d5e3b0ce6499732a4c588baa3c57035f907cc8c64f9881f2644310d2,0.9100674094594349,0.9621749999932945
email-Eu-core,betweenness,plus_nonorbit_subgraph,7,1,5,rf_log1p,986,40,c61383d6b27ef0ad89c89dab2673f8c8726eee83fc5458704272a64ff6df9087,120dfe36f4097c2177419b817475d3f79223dca2723dfdf998417c576cdd2351,36b160c30751c5c9b65922cf68164c891c1d2001eddcef404b827fa7cc8d399b,0.9056304987851798,0.9234830000204965
email-Eu-core,betweenness,plus_nonorbit_subgraph,8,1,5,rf_log1p,986,40,c61383d6b27ef0ad89c89dab2673f8c8726eee83fc5458704272a64ff6df9087,120dfe36f4097c2177419b817475d3f79223dca2723dfdf998417c576cdd2351,4ab5f8aadf4cbe63ce21702f92c968944c11c379b1694f4b1f1760bb3b50fab7,0.9061700574729701,0.8902267999947071
email-Eu-core,betweenness,plus_nonorbit_subgraph,9,1,5,rf_log1p,986,40,c61383d6b27ef0ad89c89dab2673f8c8726eee83fc5458704272a64ff6df9087,120dfe36f4097c2177419b817475d3f79223dca2723dfdf998417c576cdd2351,de2568ff80652fc2ddbf246ee5520e43cc5906690f0537bd197b4e4b1bb68e86,0.9089781832659218,0.8800044000381604
email-Eu-core,betweenness,plus_orbit_lt15,0,1,5,rf_log1p,986,45,dcece2a6c43eb3af150d7357885003ee166f4bb9b7b5a037bc4198659ec035e7,120dfe36f4097c2177419b817475d3f79223dca2723dfdf998417c576cdd2351,124e870bcd30247bdc5ba02faf4655feb7dc88477e19d5166c001a3261cdac32,0.9109285992905868,0.9325249000103213
email-Eu-core,betweenness,plus_orbit_lt15,1,1,5,rf_log1p,986,45,dcece2a6c43eb3af150d7357885003ee166f4bb9b7b5a037bc4198659ec035e7,120dfe36f4097c2177419b817475d3f79223dca2723dfdf998417c576cdd2351,c9f8d77f76a2560e19388f52b9fea591bf6c83799a57c9393c0dba6611f26f63,0.9077569394343503,0.987523699994199
email-Eu-core,betweenness,plus_orbit_lt15,2,1,5,rf_log1p,986,45,dcece2a6c43eb3af150d7357885003ee166f4bb9b7b5a037bc4198659ec035e7,120dfe36f4097c2177419b817475d3f79223dca2723dfdf998417c576cdd2351,e85beeb103ed16b87b1f513db1df561f2852712461b40b8c5475e0481955236a,0.9085929627532545,0.972465300001204
email-Eu-core,betweenness,plus_orbit_lt15,3,1,5,rf_log1p,986,45,dcece2a6c43eb3af150d7357885003ee166f4bb9b7b5a037bc4198659ec035e7,120dfe36f4097c2177419b817475d3f79223dca2723dfdf998417c576cdd2351,23ab1a6bf4b32aeea510414af739e185fcac19a8a842b9591f4b990cfd0c16e0,0.9066298989013821,0.9156798999756575
email-Eu-core,betweenness,plus_orbit_lt15,4,1,5,rf_log1p,986,45,dcece2a6c43eb3af150d7357885003ee166f4bb9b7b5a037bc4198659ec035e7,120dfe36f4097c2177419b817475d3f79223dca2723dfdf998417c576cdd2351,646202f1aab453401c47bfbf401c1e063cf379b1abd2027e74afdfb57abe38bb,0.90738104279706,0.8821533999871463
email-Eu-core,betweenness,plus_orbit_lt15,5,1,5,rf_log1p,986,45,dcece2a6c43eb3af150d7357885003ee166f4bb9b7b5a037bc4198659ec035e7,120dfe36f4097c2177419b817475d3f79223dca2723dfdf998417c576cdd2351,3835b606fb7af00be578f45b6fcbbe1bd05a8bbdb03299db8fac53d018893e47,0.9093623770135932,0.8929172999924049
email-Eu-core,betweenness,plus_orbit_lt15,6,1,5,rf_log1p,986,45,dcece2a6c43eb3af150d7357885003ee166f4bb9b7b5a037bc4198659ec035e7,120dfe36f4097c2177419b817475d3f79223dca2723dfdf998417c576cdd2351,b4b5ca69d5e3b0ce6499732a4c588baa3c57035f907cc8c64f9881f2644310d2,0.9100084810617354,0.9071336999768391
email-Eu-core,betweenness,plus_orbit_lt15,7,1,5,rf_log1p,986,45,dcece2a6c43eb3af150d7357885003ee166f4bb9b7b5a037bc4198659ec035e7,120dfe36f4097c2177419b817475d3f79223dca2723dfdf998417c576cdd2351,36b160c30751c5c9b65922cf68164c891c1d2001eddcef404b827fa7cc8d399b,0.9057659719708893,0.8816826999536715
email-Eu-core,betweenness,plus_orbit_lt15,8,1,5,rf_log1p,986,45,dcece2a6c43eb3af150d7357885003ee166f4bb9b7b5a037bc4198659ec035e7,120dfe36f4097c2177419b817475d3f79223dca2723dfdf998417c576cdd2351,4ab5f8aadf4cbe63ce21702f92c968944c11c379b1694f4b1f1760bb3b50fab7,0.9067033842545594,0.8950803999905474
email-Eu-core,betweenness,plus_orbit_lt15,9,1,5,rf_log1p,986,45,dcece2a6c43eb3af150d7357885003ee166f4bb9b7b5a037bc4198659ec035e7,120dfe36f4097c2177419b817475d3f79223dca2723dfdf998417c576cdd2351,de2568ff80652fc2ddbf246ee5520e43cc5906690f0537bd197b4e4b1bb68e86,0.909440195447121,0.8671209000167437
email-Eu-core,betweenness,full_r1_structural,0,1,5,rf_log1p,986,56,5c066804775eef25e1ad1933a219214469e6490f0a28e520ddc47b3ecc599613,120dfe36f4097c2177419b817475d3f79223dca2723dfdf998417c576cdd2351,124e870bcd30247bdc5ba02faf4655feb7dc88477e19d5166c001a3261cdac32,0.9106329826787352,1.0025249000173062
email-Eu-core,betweenness,full_r1_structural,1,1,5,rf_log1p,986,56,5c066804775eef25e1ad1933a219214469e6490f0a28e520ddc47b3ecc599613,120dfe36f4097c2177419b817475d3f79223dca2723dfdf998417c576cdd2351,c9f8d77f76a2560e19388f52b9fea591bf6c83799a57c9393c0dba6611f26f63,0.907967514086551,0.9972889000200666
email-Eu-core,betweenness,full_r1_structural,2,1,5,rf_log1p,986,56,5c066804775eef25e1ad1933a219214469e6490f0a28e520ddc47b3ecc599613,120dfe36f4097c2177419b817475d3f79223dca2723dfdf998417c576cdd2351,e85beeb103ed16b87b1f513db1df561f2852712461b40b8c5475e0481955236a,0.9085681507231499,0.998739900009241
email-Eu-core,betweenness,full_r1_structural,3,1,5,rf_log1p,986,56,5c066804775eef25e1ad1933a219214469e6490f0a28e520ddc47b3ecc599613,120dfe36f4097c2177419b817475d3f79223dca2723dfdf998417c576cdd2351,23ab1a6bf4b32aeea510414af739e185fcac19a8a842b9591f4b990cfd0c16e0,0.9058218973315726,1.0263915000250563
email-Eu-core,betweenness,full_r1_structural,4,1,5,rf_log1p,986,56,5c066804775eef25e1ad1933a219214469e6490f0a28e520ddc47b3ecc599613,120dfe36f4097c2177419b817475d3f79223dca2723dfdf998417c576cdd2351,646202f1aab453401c47bfbf401c1e063cf379b1abd2027e74afdfb57abe38bb,0.9062547633259767,0.9947378999786451
email-Eu-core,betweenness,full_r1_structural,5,1,5,rf_log1p,986,56,5c066804775eef25e1ad1933a219214469e6490f0a28e520ddc47b3ecc599613,120dfe36f4097c2177419b817475d3f79223dca2723dfdf998417c576cdd2351,3835b606fb7af00be578f45b6fcbbe1bd05a8bbdb03299db8fac53d018893e47,0.909348615451155,1.0283995000063442
email-Eu-core,betweenness,full_r1_structural,6,1,5,rf_log1p,986,56,5c066804775eef25e1ad1933a219214469e6490f0a28e520ddc47b3ecc599613,120dfe36f4097c2177419b817475d3f79223dca2723dfdf998417c576cdd2351,b4b5ca69d5e3b0ce6499732a4c588baa3c57035f907cc8c64f9881f2644310d2,0.9087288119329581,1.0092253999901004
email-Eu-core,betweenness,full_r1_structural,7,1,5,rf_log1p,986,56,5c066804775eef25e1ad1933a219214469e6490f0a28e520ddc47b3ecc599613,120dfe36f4097c2177419b817475d3f79223dca2723dfdf998417c576cdd2351,36b160c30751c5c9b65922cf68164c891c1d2001eddcef404b827fa7cc8d399b,0.9051854751353684,0.9814272999647073
email-Eu-core,betweenness,full_r1_structural,8,1,5,rf_log1p,986,56,5c066804775eef25e1ad1933a219214469e6490f0a28e520ddc47b3ecc599613,120dfe36f4097c2177419b817475d3f79223dca2723dfdf998417c576cdd2351,4ab5f8aadf4cbe63ce21702f92c968944c11c379b1694f4b1f1760bb3b50fab7,0.906034399923768,0.997222900041379
email-Eu-core,betweenness,full_r1_structural,9,1,5,rf_log1p,986,56,5c066804775eef25e1ad1933a219214469e6490f0a28e520ddc47b3ecc599613,120dfe36f4097c2177419b817475d3f79223dca2723dfdf998417c576cdd2351,de2568ff80652fc2ddbf246ee5520e43cc5906690f0537bd197b4e4b1bb68e86,0.9086676980563715,0.9926944999606349
facebook_combined,spread_mean,node_edge,0,1,5,rf,4039,38,a45d535846cb3e119d5d14d2a62b3d52917062b6c0b0579a9fbc2103bddf4265,3ae84476e27a7a8c3ffab7f0eaf7e9f9eb6fd94a9074dde77c22d6b257731b90,56584d1830322a25d0b135c4aa1ed646d13eb15443b554fbe67d84e67a7a2086,0.9451355911193287,3.8498306999681517
facebook_combined,spread_mean,node_edge,1,1,5,rf,4039,38,a45d535846cb3e119d5d14d2a62b3d52917062b6c0b0579a9fbc2103bddf4265,3ae84476e27a7a8c3ffab7f0eaf7e9f9eb6fd94a9074dde77c22d6b257731b90,de4613583ba795417f7c45791f928dad825d86b6bce5ef243c96ecea508a58fa,0.9454957226485591,4.411602700012736
facebook_combined,spread_mean,node_edge,2,1,5,rf,4039,38,a45d535846cb3e119d5d14d2a62b3d52917062b6c0b0579a9fbc2103bddf4265,3ae84476e27a7a8c3ffab7f0eaf7e9f9eb6fd94a9074dde77c22d6b257731b90,43f85234d4439da73cb0580f917d94f47811002d442e37a3be18d3e24872987b,0.9454908886050409,5.554885699995793
facebook_combined,spread_mean,node_edge,3,1,5,rf,4039,38,a45d535846cb3e119d5d14d2a62b3d52917062b6c0b0579a9fbc2103bddf4265,3ae84476e27a7a8c3ffab7f0eaf7e9f9eb6fd94a9074dde77c22d6b257731b90,d302c3f35165221715736e16bf669608e007391016ed66f3c533c1e11c201391,0.9455761131563859,5.365226100024302
facebook_combined,spread_mean,node_edge,4,1,5,rf,4039,38,a45d535846cb3e119d5d14d2a62b3d52917062b6c0b0579a9fbc2103bddf4265,3ae84476e27a7a8c3ffab7f0eaf7e9f9eb6fd94a9074dde77c22d6b257731b90,73888643a53e4eb95c37261e3699984ece56fff868fde029139a6f1642c59e28,0.9460652125855059,5.378416999999899
facebook_combined,spread_mean,node_edge,5,1,5,rf,4039,38,a45d535846cb3e119d5d14d2a62b3d52917062b6c0b0579a9fbc2103bddf4265,3ae84476e27a7a8c3ffab7f0eaf7e9f9eb6fd94a9074dde77c22d6b257731b90,054c8d406b297ba4b9bd94b8ac93aa43b632efa87848fc18b25fda26a2e323ab,0.9452066209899992,5.321085300005507
facebook_combined,spread_mean,node_edge,6,1,5,rf,4039,38,a45d535846cb3e119d5d14d2a62b3d52917062b6c0b0579a9fbc2103bddf4265,3ae84476e27a7a8c3ffab7f0eaf7e9f9eb6fd94a9074dde77c22d6b257731b90,a09ff484fbefde2a6c3b4da397dd93bed9c878c90a69a23c65d4af859c225729,0.9452470123788068,5.414658699999563
facebook_combined,spread_mean,node_edge,7,1,5,rf,4039,38,a45d535846cb3e119d5d14d2a62b3d52917062b6c0b0579a9fbc2103bddf4265,3ae84476e27a7a8c3ffab7f0eaf7e9f9eb6fd94a9074dde77c22d6b257731b90,562754d98f39d629405a34ddece7adc3a573d560e518b22b95ea768a0b57b66c,0.9448215919047344,5.398092699993867
facebook_combined,spread_mean,node_edge,8,1,5,rf,4039,38,a45d535846cb3e119d5d14d2a62b3d52917062b6c0b0579a9fbc2103bddf4265,3ae84476e27a7a8c3ffab7f0eaf7e9f9eb6fd94a9074dde77c22d6b257731b90,6346c545447b56748e4108ea1e263d0d2928809d56fe145f85508fa6895b919f,0.9464969204297365,4.413022299995646
facebook_combined,spread_mean,node_edge,9,1,5,rf,4039,38,a45d535846cb3e119d5d14d2a62b3d52917062b6c0b0579a9fbc2103bddf4265,3ae84476e27a7a8c3ffab7f0eaf7e9f9eb6fd94a9074dde77c22d6b257731b90,69752e02cd6ccec8556768fa95efb94d53e632f645d7095452779e63fd3a2b0b,0.9460602242716741,5.504948000016157
facebook_combined,spread_mean,plus_nonorbit_subgraph,0,1,5,rf,4039,40,c61383d6b27ef0ad89c89dab2673f8c8726eee83fc5458704272a64ff6df9087,3ae84476e27a7a8c3ffab7f0eaf7e9f9eb6fd94a9074dde77c22d6b257731b90,56584d1830322a25d0b135c4aa1ed646d13eb15443b554fbe67d84e67a7a2086,0.9452417928400318,5.759442500013392
facebook_combined,spread_mean,plus_nonorbit_subgraph,1,1,5,rf,4039,40,c61383d6b27ef0ad89c89dab2673f8c8726eee83fc5458704272a64ff6df9087,3ae84476e27a7a8c3ffab7f0eaf7e9f9eb6fd94a9074dde77c22d6b257731b90,de4613583ba795417f7c45791f928dad825d86b6bce5ef243c96ecea508a58fa,0.945476772212873,4.729502300033346
facebook_combined,spread_mean,plus_nonorbit_subgraph,2,1,5,rf,4039,40,c61383d6b27ef0ad89c89dab2673f8c8726eee83fc5458704272a64ff6df9087,3ae84476e27a7a8c3ffab7f0eaf7e9f9eb6fd94a9074dde77c22d6b257731b90,43f85234d4439da73cb0580f917d94f47811002d442e37a3be18d3e24872987b,0.9453670273922747,5.761727000004612
facebook_combined,spread_mean,plus_nonorbit_subgraph,3,1,5,rf,4039,40,c61383d6b27ef0ad89c89dab2673f8c8726eee83fc5458704272a64ff6df9087,3ae84476e27a7a8c3ffab7f0eaf7e9f9eb6fd94a9074dde77c22d6b257731b90,d302c3f35165221715736e16bf669608e007391016ed66f3c533c1e11c201391,0.9456558258278424,5.8094160000327975
facebook_combined,spread_mean,plus_nonorbit_subgraph,4,1,5,rf,4039,40,c61383d6b27ef0ad89c89dab2673f8c8726eee83fc5458704272a64ff6df9087,3ae84476e27a7a8c3ffab7f0eaf7e9f9eb6fd94a9074dde77c22d6b257731b90,73888643a53e4eb95c37261e3699984ece56fff868fde029139a6f1642c59e28,0.9460217998143253,5.990897800016683
facebook_combined,spread_mean,plus_nonorbit_subgraph,5,1,5,rf,4039,40,c61383d6b27ef0ad89c89dab2673f8c8726eee83fc5458704272a64ff6df9087,3ae84476e27a7a8c3ffab7f0eaf7e9f9eb6fd94a9074dde77c22d6b257731b90,054c8d406b297ba4b9bd94b8ac93aa43b632efa87848fc18b25fda26a2e323ab,0.9453142944007009,6.187422699993476
facebook_combined,spread_mean,plus_nonorbit_subgraph,6,1,5,rf,4039,40,c61383d6b27ef0ad89c89dab2673f8c8726eee83fc5458704272a64ff6df9087,3ae84476e27a7a8c3ffab7f0eaf7e9f9eb6fd94a9074dde77c22d6b257731b90,a09ff484fbefde2a6c3b4da397dd93bed9c878c90a69a23c65d4af859c225729,0.9450483438380176,5.661756299959961
facebook_combined,spread_mean,plus_nonorbit_subgraph,7,1,5,rf,4039,40,c61383d6b27ef0ad89c89dab2673f8c8726eee83fc5458704272a64ff6df9087,3ae84476e27a7a8c3ffab7f0eaf7e9f9eb6fd94a9074dde77c22d6b257731b90,562754d98f39d629405a34ddece7adc3a573d560e518b22b95ea768a0b57b66c,0.9448036872090829,5.640210399986245
facebook_combined,spread_mean,plus_nonorbit_subgraph,8,1,5,rf,4039,40,c61383d6b27ef0ad89c89dab2673f8c8726eee83fc5458704272a64ff6df9087,3ae84476e27a7a8c3ffab7f0eaf7e9f9eb6fd94a9074dde77c22d6b257731b90,6346c545447b56748e4108ea1e263d0d2928809d56fe145f85508fa6895b919f,0.9464419800072399,5.669342800043523
facebook_combined,spread_mean,plus_nonorbit_subgraph,9,1,5,rf,4039,40,c61383d6b27ef0ad89c89dab2673f8c8726eee83fc5458704272a64ff6df9087,3ae84476e27a7a8c3ffab7f0eaf7e9f9eb6fd94a9074dde77c22d6b257731b90,69752e02cd6ccec8556768fa95efb94d53e632f645d7095452779e63fd3a2b0b,0.9459370988756423,5.825404500006698
facebook_combined,spread_mean,plus_orbit_lt15,0,1,5,rf,4039,45,dcece2a6c43eb3af150d7357885003ee166f4bb9b7b5a037bc4198659ec035e7,3ae84476e27a7a8c3ffab7f0eaf7e9f9eb6fd94a9074dde77c22d6b257731b90,56584d1830322a25d0b135c4aa1ed646d13eb15443b554fbe67d84e67a7a2086,0.9450728021112456,6.39316689997213
facebook_combined,spread_mean,plus_orbit_lt15,1,1,5,rf,4039,45,dcece2a6c43eb3af150d7357885003ee166f4bb9b7b5a037bc4198659ec035e7,3ae84476e27a7a8c3ffab7f0eaf7e9f9eb6fd94a9074dde77c22d6b257731b90,de4613583ba795417f7c45791f928dad825d86b6bce5ef243c96ecea508a58fa,0.9455133820722414,6.337301300023682
facebook_combined,spread_mean,plus_orbit_lt15,2,1,5,rf,4039,45,dcece2a6c43eb3af150d7357885003ee166f4bb9b7b5a037bc4198659ec035e7,3ae84476e27a7a8c3ffab7f0eaf7e9f9eb6fd94a9074dde77c22d6b257731b90,43f85234d4439da73cb0580f917d94f47811002d442e37a3be18d3e24872987b,0.9455492628003644,6.466349299997091
facebook_combined,spread_mean,plus_orbit_lt15,3,1,5,rf,4039,45,dcece2a6c43eb3af150d7357885003ee166f4bb9b7b5a037bc4198659ec035e7,3ae84476e27a7a8c3ffab7f0eaf7e9f9eb6fd94a9074dde77c22d6b257731b90,d302c3f35165221715736e16bf669608e007391016ed66f3c533c1e11c201391,0.9451959450309787,6.24854120000964
facebook_combined,spread_mean,plus_orbit_lt15,4,1,5,rf,4039,45,dcece2a6c43eb3af150d7357885003ee166f4bb9b7b5a037bc4198659ec035e7,3ae84476e27a7a8c3ffab7f0eaf7e9f9eb6fd94a9074dde77c22d6b257731b90,73888643a53e4eb95c37261e3699984ece56fff868fde029139a6f1642c59e28,0.9460693821736983,6.296548800019082
facebook_combined,spread_mean,plus_orbit_lt15,5,1,5,rf,4039,45,dcece2a6c43eb3af150d7357885003ee166f4bb9b7b5a037bc4198659ec035e7,3ae84476e27a7a8c3ffab7f0eaf7e9f9eb6fd94a9074dde77c22d6b257731b90,054c8d406b297ba4b9bd94b8ac93aa43b632efa87848fc18b25fda26a2e323ab,0.9453317085514068,6.187748800031841
facebook_combined,spread_mean,plus_orbit_lt15,6,1,5,rf,4039,45,dcece2a6c43eb3af150d7357885003ee166f4bb9b7b5a037bc4198659ec035e7,3ae84476e27a7a8c3ffab7f0eaf7e9f9eb6fd94a9074dde77c22d6b257731b90,a09ff484fbefde2a6c3b4da397dd93bed9c878c90a69a23c65d4af859c225729,0.9450444195211626,6.3185063999844715
facebook_combined,spread_mean,plus_orbit_lt15,7,1,5,rf,4039,45,dcece2a6c43eb3af150d7357885003ee166f4bb9b7b5a037bc4198659ec035e7,3ae84476e27a7a8c3ffab7f0eaf7e9f9eb6fd94a9074dde77c22d6b257731b90,562754d98f39d629405a34ddece7adc3a573d560e518b22b95ea768a0b57b66c,0.9448954181155708,6.405086899991147
facebook_combined,spread_mean,plus_orbit_lt15,8,1,5,rf,4039,45,dcece2a6c43eb3af150d7357885003ee166f4bb9b7b5a037bc4198659ec035e7,3ae84476e27a7a8c3ffab7f0eaf7e9f9eb6fd94a9074dde77c22d6b257731b90,6346c545447b56748e4108ea1e263d0d2928809d56fe145f85508fa6895b919f,0.9461528069799027,6.3236044000368565
facebook_combined,spread_mean,plus_orbit_lt15,9,1,5,rf,4039,45,dcece2a6c43eb3af150d7357885003ee166f4bb9b7b5a037bc4198659ec035e7,3ae84476e27a7a8c3ffab7f0eaf7e9f9eb6fd94a9074dde77c22d6b257731b90,69752e02cd6ccec8556768fa95efb94d53e632f645d7095452779e63fd3a2b0b,0.9460303013666624,6.31500409997534
facebook_combined,spread_mean,full_r1_structural,0,1,5,rf,4039,56,5c066804775eef25e1ad1933a219214469e6490f0a28e520ddc47b3ecc599613,3ae84476e27a7a8c3ffab7f0eaf7e9f9eb6fd94a9074dde77c22d6b257731b90,56584d1830322a25d0b135c4aa1ed646d13eb15443b554fbe67d84e67a7a2086,0.9452113794142416,7.482570599997416
facebook_combined,spread_mean,full_r1_structural,1,1,5,rf,4039,56,5c066804775eef25e1ad1933a219214469e6490f0a28e520ddc47b3ecc599613,3ae84476e27a7a8c3ffab7f0eaf7e9f9eb6fd94a9074dde77c22d6b257731b90,de4613583ba795417f7c45791f928dad825d86b6bce5ef243c96ecea508a58fa,0.9453912377251051,6.920293800008949
facebook_combined,spread_mean,full_r1_structural,2,1,5,rf,4039,56,5c066804775eef25e1ad1933a219214469e6490f0a28e520ddc47b3ecc599613,3ae84476e27a7a8c3ffab7f0eaf7e9f9eb6fd94a9074dde77c22d6b257731b90,43f85234d4439da73cb0580f917d94f47811002d442e37a3be18d3e24872987b,0.945256410744834,7.261267599998973
facebook_combined,spread_mean,full_r1_structural,3,1,5,rf,4039,56,5c066804775eef25e1ad1933a219214469e6490f0a28e520ddc47b3ecc599613,3ae84476e27a7a8c3ffab7f0eaf7e9f9eb6fd94a9074dde77c22d6b257731b90,d302c3f35165221715736e16bf669608e007391016ed66f3c533c1e11c201391,0.9453269190819255,7.537455899990164
facebook_combined,spread_mean,full_r1_structural,4,1,5,rf,4039,56,5c066804775eef25e1ad1933a219214469e6490f0a28e520ddc47b3ecc599613,3ae84476e27a7a8c3ffab7f0eaf7e9f9eb6fd94a9074dde77c22d6b257731b90,73888643a53e4eb95c37261e3699984ece56fff868fde029139a6f1642c59e28,0.9458196974219367,7.672304500010796
facebook_combined,spread_mean,full_r1_structural,5,1,5,rf,4039,56,5c066804775eef25e1ad1933a219214469e6490f0a28e520ddc47b3ecc599613,3ae84476e27a7a8c3ffab7f0eaf7e9f9eb6fd94a9074dde77c22d6b257731b90,054c8d406b297ba4b9bd94b8ac93aa43b632efa87848fc18b25fda26a2e323ab,0.9450731942578313,7.777776899980381
facebook_combined,spread_mean,full_r1_structural,6,1,5,rf,4039,56,5c066804775eef25e1ad1933a219214469e6490f0a28e520ddc47b3ecc599613,3ae84476e27a7a8c3ffab7f0eaf7e9f9eb6fd94a9074dde77c22d6b257731b90,a09ff484fbefde2a6c3b4da397dd93bed9c878c90a69a23c65d4af859c225729,0.9450353445384352,7.857270200038329
facebook_combined,spread_mean,full_r1_structural,7,1,5,rf,4039,56,5c066804775eef25e1ad1933a219214469e6490f0a28e520ddc47b3ecc599613,3ae84476e27a7a8c3ffab7f0eaf7e9f9eb6fd94a9074dde77c22d6b257731b90,562754d98f39d629405a34ddece7adc3a573d560e518b22b95ea768a0b57b66c,0.9445716619750255,7.851785600010771
facebook_combined,spread_mean,full_r1_structural,8,1,5,rf,4039,56,5c066804775eef25e1ad1933a219214469e6490f0a28e520ddc47b3ecc599613,3ae84476e27a7a8c3ffab7f0eaf7e9f9eb6fd94a9074dde77c22d6b257731b90,6346c545447b56748e4108ea1e263d0d2928809d56fe145f85508fa6895b919f,0.9463951334862718,7.6312918000039645
facebook_combined,spread_mean,full_r1_structural,9,1,5,rf,4039,56,5c066804775eef25e1ad1933a219214469e6490f0a28e520ddc47b3ecc599613,3ae84476e27a7a8c3ffab7f0eaf7e9f9eb6fd94a9074dde77c22d6b257731b90,69752e02cd6ccec8556768fa95efb94d53e632f645d7095452779e63fd3a2b0b,0.9456462089957736,7.696427999995649
facebook_combined,spread_cv,node_edge,0,1,5,rf,4039,38,a45d535846cb3e119d5d14d2a62b3d52917062b6c0b0579a9fbc2103bddf4265,e3120af82e808edaeaa5cb82a147c5da4619ad5ba8603ec065826e5cdfed6494,56584d1830322a25d0b135c4aa1ed646d13eb15443b554fbe67d84e67a7a2086,0.8277646697996771,5.081325100036338
facebook_combined,spread_cv,node_edge,1,1,5,rf,4039,38,a45d535846cb3e119d5d14d2a62b3d52917062b6c0b0579a9fbc2103bddf4265,e3120af82e808edaeaa5cb82a147c5da4619ad5ba8603ec065826e5cdfed6494,de4613583ba795417f7c45791f928dad825d86b6bce5ef243c96ecea508a58fa,0.8277518911847043,5.080818500020541
facebook_combined,spread_cv,node_edge,2,1,5,rf,4039,38,a45d535846cb3e119d5d14d2a62b3d52917062b6c0b0579a9fbc2103bddf4265,e3120af82e808edaeaa5cb82a147c5da4619ad5ba8603ec065826e5cdfed6494,43f85234d4439da73cb0580f917d94f47811002d442e37a3be18d3e24872987b,0.8248583115967705,4.964249100012239
facebook_combined,spread_cv,node_edge,3,1,5,rf,4039,38,a45d535846cb3e119d5d14d2a62b3d52917062b6c0b0579a9fbc2103bddf4265,e3120af82e808edaeaa5cb82a147c5da4619ad5ba8603ec065826e5cdfed6494,d302c3f35165221715736e16bf669608e007391016ed66f3c533c1e11c201391,0.825957903005272,4.869465099996887
facebook_combined,spread_cv,node_edge,4,1,5,rf,4039,38,a45d535846cb3e119d5d14d2a62b3d52917062b6c0b0579a9fbc2103bddf4265,e3120af82e808edaeaa5cb82a147c5da4619ad5ba8603ec065826e5cdfed6494,73888643a53e4eb95c37261e3699984ece56fff868fde029139a6f1642c59e28,0.8270520141825978,5.033733399992343
facebook_combined,spread_cv,node_edge,5,1,5,rf,4039,38,a45d535846cb3e119d5d14d2a62b3d52917062b6c0b0579a9fbc2103bddf4265,e3120af82e808edaeaa5cb82a147c5da4619ad5ba8603ec065826e5cdfed6494,054c8d406b297ba4b9bd94b8ac93aa43b632efa87848fc18b25fda26a2e323ab,0.8296427981664966,5.013520899985451
facebook_combined,spread_cv,node_edge,6,1,5,rf,4039,38,a45d535846cb3e119d5d14d2a62b3d52917062b6c0b0579a9fbc2103bddf4265,e3120af82e808edaeaa5cb82a147c5da4619ad5ba8603ec065826e5cdfed6494,a09ff484fbefde2a6c3b4da397dd93bed9c878c90a69a23c65d4af859c225729,0.8277681797026474,5.0243425000226125
facebook_combined,spread_cv,node_edge,7,1,5,rf,4039,38,a45d535846cb3e119d5d14d2a62b3d52917062b6c0b0579a9fbc2103bddf4265,e3120af82e808edaeaa5cb82a147c5da4619ad5ba8603ec065826e5cdfed6494,562754d98f39d629405a34ddece7adc3a573d560e518b22b95ea768a0b57b66c,0.8277517474339142,5.000313900003675
facebook_combined,spread_cv,node_edge,8,1,5,rf,4039,38,a45d535846cb3e119d5d14d2a62b3d52917062b6c0b0579a9fbc2103bddf4265,e3120af82e808edaeaa5cb82a147c5da4619ad5ba8603ec065826e5cdfed6494,6346c545447b56748e4108ea1e263d0d2928809d56fe145f85508fa6895b919f,0.8281454282576158,5.6068213999969885
facebook_combined,spread_cv,node_edge,9,1,5,rf,4039,38,a45d535846cb3e119d5d14d2a62b3d52917062b6c0b0579a9fbc2103bddf4265,e3120af82e808edaeaa5cb82a147c5da4619ad5ba8603ec065826e5cdfed6494,69752e02cd6ccec8556768fa95efb94d53e632f645d7095452779e63fd3a2b0b,0.8288308218399715,5.027559100009967
facebook_combined,spread_cv,plus_nonorbit_subgraph,0,1,5,rf,4039,40,c61383d6b27ef0ad89c89dab2673f8c8726eee83fc5458704272a64ff6df9087,e3120af82e808edaeaa5cb82a147c5da4619ad5ba8603ec065826e5cdfed6494,56584d1830322a25d0b135c4aa1ed646d13eb15443b554fbe67d84e67a7a2086,0.8280599598316997,5.094897000002675
facebook_combined,spread_cv,plus_nonorbit_subgraph,1,1,5,rf,4039,40,c61383d6b27ef0ad89c89dab2673f8c8726eee83fc5458704272a64ff6df9087,e3120af82e808edaeaa5cb82a147c5da4619ad5ba8603ec065826e5cdfed6494,de4613583ba795417f7c45791f928dad825d86b6bce5ef243c96ecea508a58fa,0.8281646599143547,5.1715891000349075
facebook_combined,spread_cv,plus_nonorbit_subgraph,2,1,5,rf,4039,40,c61383d6b27ef0ad89c89dab2673f8c8726eee83fc5458704272a64ff6df9087,e3120af82e808edaeaa5cb82a147c5da4619ad5ba8603ec065826e5cdfed6494,43f85234d4439da73cb0580f917d94f47811002d442e37a3be18d3e24872987b,0.8247231746222,5.207937900035176
facebook_combined,spread_cv,plus_nonorbit_subgraph,3,1,5,rf,4039,40,c61383d6b27ef0ad89c89dab2673f8c8726eee83fc5458704272a64ff6df9087,e3120af82e808edaeaa5cb82a147c5da4619ad5ba8603ec065826e5cdfed6494,d302c3f35165221715736e16bf669608e007391016ed66f3c533c1e11c201391,0.8262279317298592,5.1819461999693885
facebook_combined,spread_cv,plus_nonorbit_subgraph,4,1,5,rf,4039,40,c61383d6b27ef0ad89c89dab2673f8c8726eee83fc5458704272a64ff6df9087,e3120af82e808edaeaa5cb82a147c5da4619ad5ba8603ec065826e5cdfed6494,73888643a53e4eb95c37261e3699984ece56fff868fde029139a6f1642c59e28,0.8273534360772394,5.087638599972706
facebook_combined,spread_cv,plus_nonorbit_subgraph,5,1,5,rf,4039,40,c61383d6b27ef0ad89c89dab2673f8c8726eee83fc5458704272a64ff6df9087,e3120af82e808edaeaa5cb82a147c5da4619ad5ba8603ec065826e5cdfed6494,054c8d406b297ba4b9bd94b8ac93aa43b632efa87848fc18b25fda26a2e323ab,0.8298426831651805,5.112872799974866
facebook_combined,spread_cv,plus_nonorbit_subgraph,6,1,5,rf,4039,40,c61383d6b27ef0ad89c89dab2673f8c8726eee83fc5458704272a64ff6df9087,e3120af82e808edaeaa5cb82a147c5da4619ad5ba8603ec065826e5cdfed6494,a09ff484fbefde2a6c3b4da397dd93bed9c878c90a69a23c65d4af859c225729,0.8282373577636415,5.131792900036089
facebook_combined,spread_cv,plus_nonorbit_subgraph,7,1,5,rf,4039,40,c61383d6b27ef0ad89c89dab2673f8c8726eee83fc5458704272a64ff6df9087,e3120af82e808edaeaa5cb82a147c5da4619ad5ba8603ec065826e5cdfed6494,562754d98f39d629405a34ddece7adc3a573d560e518b22b95ea768a0b57b66c,0.8275351848474751,5.179637899971567
facebook_combined,spread_cv,plus_nonorbit_subgraph,8,1,5,rf,4039,40,c61383d6b27ef0ad89c89dab2673f8c8726eee83fc5458704272a64ff6df9087,e3120af82e808edaeaa5cb82a147c5da4619ad5ba8603ec065826e5cdfed6494,6346c545447b56748e4108ea1e263d0d2928809d56fe145f85508fa6895b919f,0.8277807300842813,5.103843700024299
facebook_combined,spread_cv,plus_nonorbit_subgraph,9,1,5,rf,4039,40,c61383d6b27ef0ad89c89dab2673f8c8726eee83fc5458704272a64ff6df9087,e3120af82e808edaeaa5cb82a147c5da4619ad5ba8603ec065826e5cdfed6494,69752e02cd6ccec8556768fa95efb94d53e632f645d7095452779e63fd3a2b0b,0.8289146999569755,5.134523299988359
facebook_combined,spread_cv,plus_orbit_lt15,0,1,5,rf,4039,45,dcece2a6c43eb3af150d7357885003ee166f4bb9b7b5a037bc4198659ec035e7,e3120af82e808edaeaa5cb82a147c5da4619ad5ba8603ec065826e5cdfed6494,56584d1830322a25d0b135c4aa1ed646d13eb15443b554fbe67d84e67a7a2086,0.8276518513489043,5.578222799987998
facebook_combined,spread_cv,plus_orbit_lt15,1,1,5,rf,4039,45,dcece2a6c43eb3af150d7357885003ee166f4bb9b7b5a037bc4198659ec035e7,e3120af82e808edaeaa5cb82a147c5da4619ad5ba8603ec065826e5cdfed6494,de4613583ba795417f7c45791f928dad825d86b6bce5ef243c96ecea508a58fa,0.8280204483795749,5.664797500008717
facebook_combined,spread_cv,plus_orbit_lt15,2,1,5,rf,4039,45,dcece2a6c43eb3af150d7357885003ee166f4bb9b7b5a037bc4198659ec035e7,e3120af82e808edaeaa5cb82a147c5da4619ad5ba8603ec065826e5cdfed6494,43f85234d4439da73cb0580f917d94f47811002d442e37a3be18d3e24872987b,0.8250331803134104,5.622840099968016
facebook_combined,spread_cv,plus_orbit_lt15,3,1,5,rf,4039,45,dcece2a6c43eb3af150d7357885003ee166f4bb9b7b5a037bc4198659ec035e7,e3120af82e808edaeaa5cb82a147c5da4619ad5ba8603ec065826e5cdfed6494,d302c3f35165221715736e16bf669608e007391016ed66f3c533c1e11c201391,0.8257138715965852,5.794462500023656
facebook_combined,spread_cv,plus_orbit_lt15,4,1,5,rf,4039,45,dcece2a6c43eb3af150d7357885003ee166f4bb9b7b5a037bc4198659ec035e7,e3120af82e808edaeaa5cb82a147c5da4619ad5ba8603ec065826e5cdfed6494,73888643a53e4eb95c37261e3699984ece56fff868fde029139a6f1642c59e28,0.8273684687048523,5.597714499977883
facebook_combined,spread_cv,plus_orbit_lt15,5,1,5,rf,4039,45,dcece2a6c43eb3af150d7357885003ee166f4bb9b7b5a037bc4198659ec035e7,e3120af82e808edaeaa5cb82a147c5da4619ad5ba8603ec065826e5cdfed6494,054c8d406b297ba4b9bd94b8ac93aa43b632efa87848fc18b25fda26a2e323ab,0.8296118957004422,5.546667199989315
facebook_combined,spread_cv,plus_orbit_lt15,6,1,5,rf,4039,45,dcece2a6c43eb3af150d7357885003ee166f4bb9b7b5a037bc4198659ec035e7,e3120af82e808edaeaa5cb82a147c5da4619ad5ba8603ec065826e5cdfed6494,a09ff484fbefde2a6c3b4da397dd93bed9c878c90a69a23c65d4af859c225729,0.8277721038265239,5.588649999990594
facebook_combined,spread_cv,plus_orbit_lt15,7,1,5,rf,4039,45,dcece2a6c43eb3af150d7357885003ee166f4bb9b7b5a037bc4198659ec035e7,e3120af82e808edaeaa5cb82a147c5da4619ad5ba8603ec065826e5cdfed6494,562754d98f39d629405a34ddece7adc3a573d560e518b22b95ea768a0b57b66c,0.8275901225817474,5.533691700024065
facebook_combined,spread_cv,plus_orbit_lt15,8,1,5,rf,4039,45,dcece2a6c43eb3af150d7357885003ee166f4bb9b7b5a037bc4198659ec035e7,e3120af82e808edaeaa5cb82a147c5da4619ad5ba8603ec065826e5cdfed6494,6346c545447b56748e4108ea1e263d0d2928809d56fe145f85508fa6895b919f,0.8272340507108028,5.761809399991762
facebook_combined,spread_cv,plus_orbit_lt15,9,1,5,rf,4039,45,dcece2a6c43eb3af150d7357885003ee166f4bb9b7b5a037bc4198659ec035e7,e3120af82e808edaeaa5cb82a147c5da4619ad5ba8603ec065826e5cdfed6494,69752e02cd6ccec8556768fa95efb94d53e632f645d7095452779e63fd3a2b0b,0.8289573747884339,5.60918499995023
facebook_combined,spread_cv,full_r1_structural,0,1,5,rf,4039,56,5c066804775eef25e1ad1933a219214469e6490f0a28e520ddc47b3ecc599613,e3120af82e808edaeaa5cb82a147c5da4619ad5ba8603ec065826e5cdfed6494,56584d1830322a25d0b135c4aa1ed646d13eb15443b554fbe67d84e67a7a2086,0.8278453595177299,6.7633790000109
facebook_combined,spread_cv,full_r1_structural,1,1,5,rf,4039,56,5c066804775eef25e1ad1933a219214469e6490f0a28e520ddc47b3ecc599613,e3120af82e808edaeaa5cb82a147c5da4619ad5ba8603ec065826e5cdfed6494,de4613583ba795417f7c45791f928dad825d86b6bce5ef243c96ecea508a58fa,0.8278585782895159,6.901036800001748
facebook_combined,spread_cv,full_r1_structural,2,1,5,rf,4039,56,5c066804775eef25e1ad1933a219214469e6490f0a28e520ddc47b3ecc599613,e3120af82e808edaeaa5cb82a147c5da4619ad5ba8603ec065826e5cdfed6494,43f85234d4439da73cb0580f917d94f47811002d442e37a3be18d3e24872987b,0.8247700188366155,6.711179699981585
facebook_combined,spread_cv,full_r1_structural,3,1,5,rf,4039,56,5c066804775eef25e1ad1933a219214469e6490f0a28e520ddc47b3ecc599613,e3120af82e808edaeaa5cb82a147c5da4619ad5ba8603ec065826e5cdfed6494,d302c3f35165221715736e16bf669608e007391016ed66f3c533c1e11c201391,0.8257842605556738,6.81038580002496
facebook_combined,spread_cv,full_r1_structural,4,1,5,rf,4039,56,5c066804775eef25e1ad1933a219214469e6490f0a28e520ddc47b3ecc599613,e3120af82e808edaeaa5cb82a147c5da4619ad5ba8603ec065826e5cdfed6494,73888643a53e4eb95c37261e3699984ece56fff868fde029139a6f1642c59e28,0.8271962977064273,6.7807096999604255
facebook_combined,spread_cv,full_r1_structural,5,1,5,rf,4039,56,5c066804775eef25e1ad1933a219214469e6490f0a28e520ddc47b3ecc599613,e3120af82e808edaeaa5cb82a147c5da4619ad5ba8603ec065826e5cdfed6494,054c8d406b297ba4b9bd94b8ac93aa43b632efa87848fc18b25fda26a2e323ab,0.8295459213879933,6.9159369000117294
facebook_combined,spread_cv,full_r1_structural,6,1,5,rf,4039,56,5c066804775eef25e1ad1933a219214469e6490f0a28e520ddc47b3ecc599613,e3120af82e808edaeaa5cb82a147c5da4619ad5ba8603ec065826e5cdfed6494,a09ff484fbefde2a6c3b4da397dd93bed9c878c90a69a23c65d4af859c225729,0.8270262750322304,5.446542799996678
facebook_combined,spread_cv,full_r1_structural,7,1,5,rf,4039,56,5c066804775eef25e1ad1933a219214469e6490f0a28e520ddc47b3ecc599613,e3120af82e808edaeaa5cb82a147c5da4619ad5ba8603ec065826e5cdfed6494,562754d98f39d629405a34ddece7adc3a573d560e518b22b95ea768a0b57b66c,0.8270015040002595,4.843584000016563
facebook_combined,spread_cv,full_r1_structural,8,1,5,rf,4039,56,5c066804775eef25e1ad1933a219214469e6490f0a28e520ddc47b3ecc599613,e3120af82e808edaeaa5cb82a147c5da4619ad5ba8603ec065826e5cdfed6494,6346c545447b56748e4108ea1e263d0d2928809d56fe145f85508fa6895b919f,0.8272541618407379,4.916733899968676
facebook_combined,spread_cv,full_r1_structural,9,1,5,rf,4039,56,5c066804775eef25e1ad1933a219214469e6490f0a28e520ddc47b3ecc599613,e3120af82e808edaeaa5cb82a147c5da4619ad5ba8603ec065826e5cdfed6494,69752e02cd6ccec8556768fa95efb94d53e632f645d7095452779e63fd3a2b0b,0.8285460777059309,4.665248300007079
facebook_combined,spread_resid,node_edge,0,1,5,rf,4039,38,a45d535846cb3e119d5d14d2a62b3d52917062b6c0b0579a9fbc2103bddf4265,4391820ee501dfe2e86a1b71ae0a495fabe4faa0ce91dd15e874c67cc717845f,56584d1830322a25d0b135c4aa1ed646d13eb15443b554fbe67d84e67a7a2086,0.7172411881795357,3.579550200025551
facebook_combined,spread_resid,node_edge,1,1,5,rf,4039,38,a45d535846cb3e119d5d14d2a62b3d52917062b6c0b0579a9fbc2103bddf4265,4391820ee501dfe2e86a1b71ae0a495fabe4faa0ce91dd15e874c67cc717845f,de4613583ba795417f7c45791f928dad825d86b6bce5ef243c96ecea508a58fa,0.7207639792401462,3.4752651000162587
facebook_combined,spread_resid,node_edge,2,1,5,rf,4039,38,a45d535846cb3e119d5d14d2a62b3d52917062b6c0b0579a9fbc2103bddf4265,4391820ee501dfe2e86a1b71ae0a495fabe4faa0ce91dd15e874c67cc717845f,43f85234d4439da73cb0580f917d94f47811002d442e37a3be18d3e24872987b,0.7181593111453338,3.529587499971967
facebook_combined,spread_resid,node_edge,3,1,5,rf,4039,38,a45d535846cb3e119d5d14d2a62b3d52917062b6c0b0579a9fbc2103bddf4265,4391820ee501dfe2e86a1b71ae0a495fabe4faa0ce91dd15e874c67cc717845f,d302c3f35165221715736e16bf669608e007391016ed66f3c533c1e11c201391,0.7194410481089001,3.562828099995386
facebook_combined,spread_resid,node_edge,4,1,5,rf,4039,38,a45d535846cb3e119d5d14d2a62b3d52917062b6c0b0579a9fbc2103bddf4265,4391820ee501dfe2e86a1b71ae0a495fabe4faa0ce91dd15e874c67cc717845f,73888643a53e4eb95c37261e3699984ece56fff868fde029139a6f1642c59e28,0.7197268050060505,3.566680099989753
facebook_combined,spread_resid,node_edge,5,1,5,rf,4039,38,a45d535846cb3e119d5d14d2a62b3d52917062b6c0b0579a9fbc2103bddf4265,4391820ee501dfe2e86a1b71ae0a495fabe4faa0ce91dd15e874c67cc717845f,054c8d406b297ba4b9bd94b8ac93aa43b632efa87848fc18b25fda26a2e323ab,0.7216304718528705,3.527962899999693
facebook_combined,spread_resid,node_edge,6,1,5,rf,4039,38,a45d535846cb3e119d5d14d2a62b3d52917062b6c0b0579a9fbc2103bddf4265,4391820ee501dfe2e86a1b71ae0a495fabe4faa0ce91dd15e874c67cc717845f,a09ff484fbefde2a6c3b4da397dd93bed9c878c90a69a23c65d4af859c225729,0.714873663312145,3.554890699975658
facebook_combined,spread_resid,node_edge,7,1,5,rf,4039,38,a45d535846cb3e119d5d14d2a62b3d52917062b6c0b0579a9fbc2103bddf4265,4391820ee501dfe2e86a1b71ae0a495fabe4faa0ce91dd15e874c67cc717845f,562754d98f39d629405a34ddece7adc3a573d560e518b22b95ea768a0b57b66c,0.7133042459322863,3.651331399974879
facebook_combined,spread_resid,node_edge,8,1,5,rf,4039,38,a45d535846cb3e119d5d14d2a62b3d52917062b6c0b0579a9fbc2103bddf4265,4391820ee501dfe2e86a1b71ae0a495fabe4faa0ce91dd15e874c67cc717845f,6346c545447b56748e4108ea1e263d0d2928809d56fe145f85508fa6895b919f,0.7123080712352579,3.5043933000415564
facebook_combined,spread_resid,node_edge,9,1,5,rf,4039,38,a45d535846cb3e119d5d14d2a62b3d52917062b6c0b0579a9fbc2103bddf4265,4391820ee501dfe2e86a1b71ae0a495fabe4faa0ce91dd15e874c67cc717845f,69752e02cd6ccec8556768fa95efb94d53e632f645d7095452779e63fd3a2b0b,0.7212347010847824,3.533884599979501
facebook_combined,spread_resid,plus_nonorbit_subgraph,0,1,5,rf,4039,40,c61383d6b27ef0ad89c89dab2673f8c8726eee83fc5458704272a64ff6df9087,4391820ee501dfe2e86a1b71ae0a495fabe4faa0ce91dd15e874c67cc717845f,56584d1830322a25d0b135c4aa1ed646d13eb15443b554fbe67d84e67a7a2086,0.7169844014339984,3.6381249999976717
facebook_combined,spread_resid,plus_nonorbit_subgraph,1,1,5,rf,4039,40,c61383d6b27ef0ad89c89dab2673f8c8726eee83fc5458704272a64ff6df9087,4391820ee501dfe2e86a1b71ae0a495fabe4faa0ce91dd15e874c67cc717845f,de4613583ba795417f7c45791f928dad825d86b6bce5ef243c96ecea508a58fa,0.7205640925378909,3.6936810999759473
facebook_combined,spread_resid,plus_nonorbit_subgraph,2,1,5,rf,4039,40,c61383d6b27ef0ad89c89dab2673f8c8726eee83fc5458704272a64ff6df9087,4391820ee501dfe2e86a1b71ae0a495fabe4faa0ce91dd15e874c67cc717845f,43f85234d4439da73cb0580f917d94f47811002d442e37a3be18d3e24872987b,0.7185590844763086,3.709295900014695
facebook_combined,spread_resid,plus_nonorbit_subgraph,3,1,5,rf,4039,40,c61383d6b27ef0ad89c89dab2673f8c8726eee83fc5458704272a64ff6df9087,4391820ee501dfe2e86a1b71ae0a495fabe4faa0ce91dd15e874c67cc717845f,d302c3f35165221715736e16bf669608e007391016ed66f3c533c1e11c201391,0.7195922066276451,3.630301800032612
facebook_combined,spread_resid,plus_nonorbit_subgraph,4,1,5,rf,4039,40,c61383d6b27ef0ad89c89dab2673f8c8726eee83fc5458704272a64ff6df9087,4391820ee501dfe2e86a1b71ae0a495fabe4faa0ce91dd15e874c67cc717845f,73888643a53e4eb95c37261e3699984ece56fff868fde029139a6f1642c59e28,0.7193831958963619,3.9588540000258945
facebook_combined,spread_resid,plus_nonorbit_subgraph,5,1,5,rf,4039,40,c61383d6b27ef0ad89c89dab2673f8c8726eee83fc5458704272a64ff6df9087,4391820ee501dfe2e86a1b71ae0a495fabe4faa0ce91dd15e874c67cc717845f,054c8d406b297ba4b9bd94b8ac93aa43b632efa87848fc18b25fda26a2e323ab,0.7218725431888656,5.209988299990073
facebook_combined,spread_resid,plus_nonorbit_subgraph,6,1,5,rf,4039,40,c61383d6b27ef0ad89c89dab2673f8c8726eee83fc5458704272a64ff6df9087,4391820ee501dfe2e86a1b71ae0a495fabe4faa0ce91dd15e874c67cc717845f,a09ff484fbefde2a6c3b4da397dd93bed9c878c90a69a23c65d4af859c225729,0.7152717199471678,5.2019274000194855
facebook_combined,spread_resid,plus_nonorbit_subgraph,7,1,5,rf,4039,40,c61383d6b27ef0ad89c89dab2673f8c8726eee83fc5458704272a64ff6df9087,4391820ee501dfe2e86a1b71ae0a495fabe4faa0ce91dd15e874c67cc717845f,562754d98f39d629405a34ddece7adc3a573d560e518b22b95ea768a0b57b66c,0.713396218352578,5.298644799971953
facebook_combined,spread_resid,plus_nonorbit_subgraph,8,1,5,rf,4039,40,c61383d6b27ef0ad89c89dab2673f8c8726eee83fc5458704272a64ff6df9087,4391820ee501dfe2e86a1b71ae0a495fabe4faa0ce91dd15e874c67cc717845f,6346c545447b56748e4108ea1e263d0d2928809d56fe145f85508fa6895b919f,0.7128079105594798,5.373217799991835
facebook_combined,spread_resid,plus_nonorbit_subgraph,9,1,5,rf,4039,40,c61383d6b27ef0ad89c89dab2673f8c8726eee83fc5458704272a64ff6df9087,4391820ee501dfe2e86a1b71ae0a495fabe4faa0ce91dd15e874c67cc717845f,69752e02cd6ccec8556768fa95efb94d53e632f645d7095452779e63fd3a2b0b,0.7205967806123226,5.242401800001971
facebook_combined,spread_resid,plus_orbit_lt15,0,1,5,rf,4039,45,dcece2a6c43eb3af150d7357885003ee166f4bb9b7b5a037bc4198659ec035e7,4391820ee501dfe2e86a1b71ae0a495fabe4faa0ce91dd15e874c67cc717845f,56584d1830322a25d0b135c4aa1ed646d13eb15443b554fbe67d84e67a7a2086,0.7168764872333907,5.8536545999813825
facebook_combined,spread_resid,plus_orbit_lt15,1,1,5,rf,4039,45,dcece2a6c43eb3af150d7357885003ee166f4bb9b7b5a037bc4198659ec035e7,4391820ee501dfe2e86a1b71ae0a495fabe4faa0ce91dd15e874c67cc717845f,de4613583ba795417f7c45791f928dad825d86b6bce5ef243c96ecea508a58fa,0.7191693002977356,5.755247900029644
facebook_combined,spread_resid,plus_orbit_lt15,2,1,5,rf,4039,45,dcece2a6c43eb3af150d7357885003ee166f4bb9b7b5a037bc4198659ec035e7,4391820ee501dfe2e86a1b71ae0a495fabe4faa0ce91dd15e874c67cc717845f,43f85234d4439da73cb0580f917d94f47811002d442e37a3be18d3e24872987b,0.7185529529835022,5.899391499988269
facebook_combined,spread_resid,plus_orbit_lt15,3,1,5,rf,4039,45,dcece2a6c43eb3af150d7357885003ee166f4bb9b7b5a037bc4198659ec035e7,4391820ee501dfe2e86a1b71ae0a495fabe4faa0ce91dd15e874c67cc717845f,d302c3f35165221715736e16bf669608e007391016ed66f3c533c1e11c201391,0.7186787807829985,6.027926300012041
facebook_combined,spread_resid,plus_orbit_lt15,4,1,5,rf,4039,45,dcece2a6c43eb3af150d7357885003ee166f4bb9b7b5a037bc4198659ec035e7,4391820ee501dfe2e86a1b71ae0a495fabe4faa0ce91dd15e874c67cc717845f,73888643a53e4eb95c37261e3699984ece56fff868fde029139a6f1642c59e28,0.718453248961261,6.039206999994349
facebook_combined,spread_resid,plus_orbit_lt15,5,1,5,rf,4039,45,dcece2a6c43eb3af150d7357885003ee166f4bb9b7b5a037bc4198659ec035e7,4391820ee501dfe2e86a1b71ae0a495fabe4faa0ce91dd15e874c67cc717845f,054c8d406b297ba4b9bd94b8ac93aa43b632efa87848fc18b25fda26a2e323ab,0.7215762694564624,6.101583799987566
facebook_combined,spread_resid,plus_orbit_lt15,6,1,5,rf,4039,45,dcece2a6c43eb3af150d7357885003ee166f4bb9b7b5a037bc4198659ec035e7,4391820ee501dfe2e86a1b71ae0a495fabe4faa0ce91dd15e874c67cc717845f,a09ff484fbefde2a6c3b4da397dd93bed9c878c90a69a23c65d4af859c225729,0.7147431851052244,6.273654100019485
facebook_combined,spread_resid,plus_orbit_lt15,7,1,5,rf,4039,45,dcece2a6c43eb3af150d7357885003ee166f4bb9b7b5a037bc4198659ec035e7,4391820ee501dfe2e86a1b71ae0a495fabe4faa0ce91dd15e874c67cc717845f,562754d98f39d629405a34ddece7adc3a573d560e518b22b95ea768a0b57b66c,0.7129535244362403,5.823055499990005
facebook_combined,spread_resid,plus_orbit_lt15,8,1,5,rf,4039,45,dcece2a6c43eb3af150d7357885003ee166f4bb9b7b5a037bc4198659ec035e7,4391820ee501dfe2e86a1b71ae0a495fabe4faa0ce91dd15e874c67cc717845f,6346c545447b56748e4108ea1e263d0d2928809d56fe145f85508fa6895b919f,0.7127019583572896,5.805478900030721
facebook_combined,spread_resid,plus_orbit_lt15,9,1,5,rf,4039,45,dcece2a6c43eb3af150d7357885003ee166f4bb9b7b5a037bc4198659ec035e7,4391820ee501dfe2e86a1b71ae0a495fabe4faa0ce91dd15e874c67cc717845f,69752e02cd6ccec8556768fa95efb94d53e632f645d7095452779e63fd3a2b0b,0.720717203123656,6.013404600031208
facebook_combined,spread_resid,full_r1_structural,0,1,5,rf,4039,56,5c066804775eef25e1ad1933a219214469e6490f0a28e520ddc47b3ecc599613,4391820ee501dfe2e86a1b71ae0a495fabe4faa0ce91dd15e874c67cc717845f,56584d1830322a25d0b135c4aa1ed646d13eb15443b554fbe67d84e67a7a2086,0.7172340756526776,7.126394799968693
facebook_combined,spread_resid,full_r1_structural,1,1,5,rf,4039,56,5c066804775eef25e1ad1933a219214469e6490f0a28e520ddc47b3ecc599613,4391820ee501dfe2e86a1b71ae0a495fabe4faa0ce91dd15e874c67cc717845f,de4613583ba795417f7c45791f928dad825d86b6bce5ef243c96ecea508a58fa,0.7195472455838406,7.1807532999664545
facebook_combined,spread_resid,full_r1_structural,2,1,5,rf,4039,56,5c066804775eef25e1ad1933a219214469e6490f0a28e520ddc47b3ecc599613,4391820ee501dfe2e86a1b71ae0a495fabe4faa0ce91dd15e874c67cc717845f,43f85234d4439da73cb0580f917d94f47811002d442e37a3be18d3e24872987b,0.7190993916224049,7.3290089999791235
facebook_combined,spread_resid,full_r1_structural,3,1,5,rf,4039,56,5c066804775eef25e1ad1933a219214469e6490f0a28e520ddc47b3ecc599613,4391820ee501dfe2e86a1b71ae0a495fabe4faa0ce91dd15e874c67cc717845f,d302c3f35165221715736e16bf669608e007391016ed66f3c533c1e11c201391,0.7195563987052649,7.4479117000009865
facebook_combined,spread_resid,full_r1_structural,4,1,5,rf,4039,56,5c066804775eef25e1ad1933a219214469e6490f0a28e520ddc47b3ecc599613,4391820ee501dfe2e86a1b71ae0a495fabe4faa0ce91dd15e874c67cc717845f,73888643a53e4eb95c37261e3699984ece56fff868fde029139a6f1642c59e28,0.7183214658208149,7.092582599958405
facebook_combined,spread_resid,full_r1_structural,5,1,5,rf,4039,56,5c066804775eef25e1ad1933a219214469e6490f0a28e520ddc47b3ecc599613,4391820ee501dfe2e86a1b71ae0a495fabe4faa0ce91dd15e874c67cc717845f,054c8d406b297ba4b9bd94b8ac93aa43b632efa87848fc18b25fda26a2e323ab,0.7206982396865915,7.174406000005547
facebook_combined,spread_resid,full_r1_structural,6,1,5,rf,4039,56,5c066804775eef25e1ad1933a219214469e6490f0a28e520ddc47b3ecc599613,4391820ee501dfe2e86a1b71ae0a495fabe4faa0ce91dd15e874c67cc717845f,a09ff484fbefde2a6c3b4da397dd93bed9c878c90a69a23c65d4af859c225729,0.715397047698552,7.10325990000274
facebook_combined,spread_resid,full_r1_structural,7,1,5,rf,4039,56,5c066804775eef25e1ad1933a219214469e6490f0a28e520ddc47b3ecc599613,4391820ee501dfe2e86a1b71ae0a495fabe4faa0ce91dd15e874c67cc717845f,562754d98f39d629405a34ddece7adc3a573d560e518b22b95ea768a0b57b66c,0.7145621833820902,7.299816399987321
facebook_combined,spread_resid,full_r1_structural,8,1,5,rf,4039,56,5c066804775eef25e1ad1933a219214469e6490f0a28e520ddc47b3ecc599613,4391820ee501dfe2e86a1b71ae0a495fabe4faa0ce91dd15e874c67cc717845f,6346c545447b56748e4108ea1e263d0d2928809d56fe145f85508fa6895b919f,0.7116569066592963,7.158648299984634
facebook_combined,spread_resid,full_r1_structural,9,1,5,rf,4039,56,5c066804775eef25e1ad1933a219214469e6490f0a28e520ddc47b3ecc599613,4391820ee501dfe2e86a1b71ae0a495fabe4faa0ce91dd15e874c67cc717845f,69752e02cd6ccec8556768fa95efb94d53e632f645d7095452779e63fd3a2b0b,0.7200334190878166,7.056603899982292
facebook_combined,betweenness,node_edge,0,1,5,rf_log1p,4039,38,a45d535846cb3e119d5d14d2a62b3d52917062b6c0b0579a9fbc2103bddf4265,832218d441f15ca8888b69a0e09fd4b6894e55ac07c36c531c7510d6a3167c4a,56584d1830322a25d0b135c4aa1ed646d13eb15443b554fbe67d84e67a7a2086,0.8063159011599613,5.011031800007913
facebook_combined,betweenness,node_edge,1,1,5,rf_log1p,4039,38,a45d535846cb3e119d5d14d2a62b3d52917062b6c0b0579a9fbc2103bddf4265,832218d441f15ca8888b69a0e09fd4b6894e55ac07c36c531c7510d6a3167c4a,de4613583ba795417f7c45791f928dad825d86b6bce5ef243c96ecea508a58fa,0.8045433828023449,5.097087399975862
facebook_combined,betweenness,node_edge,2,1,5,rf_log1p,4039,38,a45d535846cb3e119d5d14d2a62b3d52917062b6c0b0579a9fbc2103bddf4265,832218d441f15ca8888b69a0e09fd4b6894e55ac07c36c531c7510d6a3167c4a,43f85234d4439da73cb0580f917d94f47811002d442e37a3be18d3e24872987b,0.8046385796714518,4.889699599996675
facebook_combined,betweenness,node_edge,3,1,5,rf_log1p,4039,38,a45d535846cb3e119d5d14d2a62b3d52917062b6c0b0579a9fbc2103bddf4265,832218d441f15ca8888b69a0e09fd4b6894e55ac07c36c531c7510d6a3167c4a,d302c3f35165221715736e16bf669608e007391016ed66f3c533c1e11c201391,0.8057350281417482,5.001910799997859
facebook_combined,betweenness,node_edge,4,1,5,rf_log1p,4039,38,a45d535846cb3e119d5d14d2a62b3d52917062b6c0b0579a9fbc2103bddf4265,832218d441f15ca8888b69a0e09fd4b6894e55ac07c36c531c7510d6a3167c4a,73888643a53e4eb95c37261e3699984ece56fff868fde029139a6f1642c59e28,0.8067497866007752,5.153196700033732
facebook_combined,betweenness,node_edge,5,1,5,rf_log1p,4039,38,a45d535846cb3e119d5d14d2a62b3d52917062b6c0b0579a9fbc2103bddf4265,832218d441f15ca8888b69a0e09fd4b6894e55ac07c36c531c7510d6a3167c4a,054c8d406b297ba4b9bd94b8ac93aa43b632efa87848fc18b25fda26a2e323ab,0.8070834085530765,5.067691800009925
facebook_combined,betweenness,node_edge,6,1,5,rf_log1p,4039,38,a45d535846cb3e119d5d14d2a62b3d52917062b6c0b0579a9fbc2103bddf4265,832218d441f15ca8888b69a0e09fd4b6894e55ac07c36c531c7510d6a3167c4a,a09ff484fbefde2a6c3b4da397dd93bed9c878c90a69a23c65d4af859c225729,0.8076414635627115,4.990725699986797
facebook_combined,betweenness,node_edge,7,1,5,rf_log1p,4039,38,a45d535846cb3e119d5d14d2a62b3d52917062b6c0b0579a9fbc2103bddf4265,832218d441f15ca8888b69a0e09fd4b6894e55ac07c36c531c7510d6a3167c4a,562754d98f39d629405a34ddece7adc3a573d560e518b22b95ea768a0b57b66c,0.8057026434969079,5.176277999999002
facebook_combined,betweenness,node_edge,8,1,5,rf_log1p,4039,38,a45d535846cb3e119d5d14d2a62b3d52917062b6c0b0579a9fbc2103bddf4265,832218d441f15ca8888b69a0e09fd4b6894e55ac07c36c531c7510d6a3167c4a,6346c545447b56748e4108ea1e263d0d2928809d56fe145f85508fa6895b919f,0.8071381743930385,4.885570099984761
facebook_combined,betweenness,node_edge,9,1,5,rf_log1p,4039,38,a45d535846cb3e119d5d14d2a62b3d52917062b6c0b0579a9fbc2103bddf4265,832218d441f15ca8888b69a0e09fd4b6894e55ac07c36c531c7510d6a3167c4a,69752e02cd6ccec8556768fa95efb94d53e632f645d7095452779e63fd3a2b0b,0.8087608102307585,4.920953600027133
facebook_combined,betweenness,plus_nonorbit_subgraph,0,1,5,rf_log1p,4039,40,c61383d6b27ef0ad89c89dab2673f8c8726eee83fc5458704272a64ff6df9087,832218d441f15ca8888b69a0e09fd4b6894e55ac07c36c531c7510d6a3167c4a,56584d1830322a25d0b135c4aa1ed646d13eb15443b554fbe67d84e67a7a2086,0.8098036043780527,5.532491800026037
facebook_combined,betweenness,plus_nonorbit_subgraph,1,1,5,rf_log1p,4039,40,c61383d6b27ef0ad89c89dab2673f8c8726eee83fc5458704272a64ff6df9087,832218d441f15ca8888b69a0e09fd4b6894e55ac07c36c531c7510d6a3167c4a,de4613583ba795417f7c45791f928dad825d86b6bce5ef243c96ecea508a58fa,0.8095908442085897,5.3797805000212975
facebook_combined,betweenness,plus_nonorbit_subgraph,2,1,5,rf_log1p,4039,40,c61383d6b27ef0ad89c89dab2673f8c8726eee83fc5458704272a64ff6df9087,832218d441f15ca8888b69a0e09fd4b6894e55ac07c36c531c7510d6a3167c4a,43f85234d4439da73cb0580f917d94f47811002d442e37a3be18d3e24872987b,0.8077421243125935,5.423043200047687
facebook_combined,betweenness,plus_nonorbit_subgraph,3,1,5,rf_log1p,4039,40,c61383d6b27ef0ad89c89dab2673f8c8726eee83fc5458704272a64ff6df9087,832218d441f15ca8888b69a0e09fd4b6894e55ac07c36c531c7510d6a3167c4a,d302c3f35165221715736e16bf669608e007391016ed66f3c533c1e11c201391,0.810269341263579,5.681308800005354
facebook_combined,betweenness,plus_nonorbit_subgraph,4,1,5,rf_log1p,4039,40,c61383d6b27ef0ad89c89dab2673f8c8726eee83fc5458704272a64ff6df9087,832218d441f15ca8888b69a0e09fd4b6894e55ac07c36c531c7510d6a3167c4a,73888643a53e4eb95c37261e3699984ece56fff868fde029139a6f1642c59e28,0.8102483581262641,5.394802699971478
facebook_combined,betweenness,plus_nonorbit_subgraph,5,1,5,rf_log1p,4039,40,c61383d6b27ef0ad89c89dab2673f8c8726eee83fc5458704272a64ff6df9087,832218d441f15ca8888b69a0e09fd4b6894e55ac07c36c531c7510d6a3167c4a,054c8d406b297ba4b9bd94b8ac93aa43b632efa87848fc18b25fda26a2e323ab,0.8087576495932451,5.4142443999880925
facebook_combined,betweenness,plus_nonorbit_subgraph,6,1,5,rf_log1p,4039,40,c61383d6b27ef0ad89c89dab2673f8c8726eee83fc5458704272a64ff6df9087,832218d441f15ca8888b69a0e09fd4b6894e55ac07c36c531c7510d6a3167c4a,a09ff484fbefde2a6c3b4da397dd93bed9c878c90a69a23c65d4af859c225729,0.8085571717602686,5.47683890000917
facebook_combined,betweenness,plus_nonorbit_subgraph,7,1,5,rf_log1p,4039,40,c61383d6b27ef0ad89c89dab2673f8c8726eee83fc5458704272a64ff6df9087,832218d441f15ca8888b69a0e09fd4b6894e55ac07c36c531c7510d6a3167c4a,562754d98f39d629405a34ddece7adc3a573d560e518b22b95ea768a0b57b66c,0.8109397143398349,5.340450200019404
facebook_combined,betweenness,plus_nonorbit_subgraph,8,1,5,rf_log1p,4039,40,c61383d6b27ef0ad89c89dab2673f8c8726eee83fc5458704272a64ff6df9087,832218d441f15ca8888b69a0e09fd4b6894e55ac07c36c531c7510d6a3167c4a,6346c545447b56748e4108ea1e263d0d2928809d56fe145f85508fa6895b919f,0.8104225136303227,5.292352900025435
facebook_combined,betweenness,plus_nonorbit_subgraph,9,1,5,rf_log1p,4039,40,c61383d6b27ef0ad89c89dab2673f8c8726eee83fc5458704272a64ff6df9087,832218d441f15ca8888b69a0e09fd4b6894e55ac07c36c531c7510d6a3167c4a,69752e02cd6ccec8556768fa95efb94d53e632f645d7095452779e63fd3a2b0b,0.8129110937894177,5.405441400012933
facebook_combined,betweenness,plus_orbit_lt15,0,1,5,rf_log1p,4039,45,dcece2a6c43eb3af150d7357885003ee166f4bb9b7b5a037bc4198659ec035e7,832218d441f15ca8888b69a0e09fd4b6894e55ac07c36c531c7510d6a3167c4a,56584d1830322a25d0b135c4aa1ed646d13eb15443b554fbe67d84e67a7a2086,0.8096970771559475,6.167350300005637
facebook_combined,betweenness,plus_orbit_lt15,1,1,5,rf_log1p,4039,45,dcece2a6c43eb3af150d7357885003ee166f4bb9b7b5a037bc4198659ec035e7,832218d441f15ca8888b69a0e09fd4b6894e55ac07c36c531c7510d6a3167c4a,de4613583ba795417f7c45791f928dad825d86b6bce5ef243c96ecea508a58fa,0.8098704385034905,6.1106655999901704
facebook_combined,betweenness,plus_orbit_lt15,2,1,5,rf_log1p,4039,45,dcece2a6c43eb3af150d7357885003ee166f4bb9b7b5a037bc4198659ec035e7,832218d441f15ca8888b69a0e09fd4b6894e55ac07c36c531c7510d6a3167c4a,43f85234d4439da73cb0580f917d94f47811002d442e37a3be18d3e24872987b,0.8073818966058393,6.130569999979343
facebook_combined,betweenness,plus_orbit_lt15,3,1,5,rf_log1p,4039,45,dcece2a6c43eb3af150d7357885003ee166f4bb9b7b5a037bc4198659ec035e7,832218d441f15ca8888b69a0e09fd4b6894e55ac07c36c531c7510d6a3167c4a,d302c3f35165221715736e16bf669608e007391016ed66f3c533c1e11c201391,0.80972188408639,6.13817479996942
facebook_combined,betweenness,plus_orbit_lt15,4,1,5,rf_log1p,4039,45,dcece2a6c43eb3af150d7357885003ee166f4bb9b7b5a037bc4198659ec035e7,832218d441f15ca8888b69a0e09fd4b6894e55ac07c36c531c7510d6a3167c4a,73888643a53e4eb95c37261e3699984ece56fff868fde029139a6f1642c59e28,0.8097798109832899,6.183537700038869
facebook_combined,betweenness,plus_orbit_lt15,5,1,5,rf_log1p,4039,45,dcece2a6c43eb3af150d7357885003ee166f4bb9b7b5a037bc4198659ec035e7,832218d441f15ca8888b69a0e09fd4b6894e55ac07c36c531c7510d6a3167c4a,054c8d406b297ba4b9bd94b8ac93aa43b632efa87848fc18b25fda26a2e323ab,0.8092578383735335,5.9670822999905795
facebook_combined,betweenness,plus_orbit_lt15,6,1,5,rf_log1p,4039,45,dcece2a6c43eb3af150d7357885003ee166f4bb9b7b5a037bc4198659ec035e7,832218d441f15ca8888b69a0e09fd4b6894e55ac07c36c531c7510d6a3167c4a,a09ff484fbefde2a6c3b4da397dd93bed9c878c90a69a23c65d4af859c225729,0.8088857268398539,5.8653141999966465
facebook_combined,betweenness,plus_orbit_lt15,7,1,5,rf_log1p,4039,45,dcece2a6c43eb3af150d7357885003ee166f4bb9b7b5a037bc4198659ec035e7,832218d441f15ca8888b69a0e09fd4b6894e55ac07c36c531c7510d6a3167c4a,562754d98f39d629405a34ddece7adc3a573d560e518b22b95ea768a0b57b66c,0.8114535985860931,6.020287199993618
facebook_combined,betweenness,plus_orbit_lt15,8,1,5,rf_log1p,4039,45,dcece2a6c43eb3af150d7357885003ee166f4bb9b7b5a037bc4198659ec035e7,832218d441f15ca8888b69a0e09fd4b6894e55ac07c36c531c7510d6a3167c4a,6346c545447b56748e4108ea1e263d0d2928809d56fe145f85508fa6895b919f,0.8103047228547563,6.030802099965513
facebook_combined,betweenness,plus_orbit_lt15,9,1,5,rf_log1p,4039,45,dcece2a6c43eb3af150d7357885003ee166f4bb9b7b5a037bc4198659ec035e7,832218d441f15ca8888b69a0e09fd4b6894e55ac07c36c531c7510d6a3167c4a,69752e02cd6ccec8556768fa95efb94d53e632f645d7095452779e63fd3a2b0b,0.8128500048024431,5.9261837000376545
facebook_combined,betweenness,full_r1_structural,0,1,5,rf_log1p,4039,56,5c066804775eef25e1ad1933a219214469e6490f0a28e520ddc47b3ecc599613,832218d441f15ca8888b69a0e09fd4b6894e55ac07c36c531c7510d6a3167c4a,56584d1830322a25d0b135c4aa1ed646d13eb15443b554fbe67d84e67a7a2086,0.8098773868030574,7.454257399949711
facebook_combined,betweenness,full_r1_structural,1,1,5,rf_log1p,4039,56,5c066804775eef25e1ad1933a219214469e6490f0a28e520ddc47b3ecc599613,832218d441f15ca8888b69a0e09fd4b6894e55ac07c36c531c7510d6a3167c4a,de4613583ba795417f7c45791f928dad825d86b6bce5ef243c96ecea508a58fa,0.8092152718053021,7.421976600016933
facebook_combined,betweenness,full_r1_structural,2,1,5,rf_log1p,4039,56,5c066804775eef25e1ad1933a219214469e6490f0a28e520ddc47b3ecc599613,832218d441f15ca8888b69a0e09fd4b6894e55ac07c36c531c7510d6a3167c4a,43f85234d4439da73cb0580f917d94f47811002d442e37a3be18d3e24872987b,0.8064860123041954,7.452766500005964
facebook_combined,betweenness,full_r1_structural,3,1,5,rf_log1p,4039,56,5c066804775eef25e1ad1933a219214469e6490f0a28e520ddc47b3ecc599613,832218d441f15ca8888b69a0e09fd4b6894e55ac07c36c531c7510d6a3167c4a,d302c3f35165221715736e16bf669608e007391016ed66f3c533c1e11c201391,0.8097461573196789,7.316314099996816
facebook_combined,betweenness,full_r1_structural,4,1,5,rf_log1p,4039,56,5c066804775eef25e1ad1933a219214469e6490f0a28e520ddc47b3ecc599613,832218d441f15ca8888b69a0e09fd4b6894e55ac07c36c531c7510d6a3167c4a,73888643a53e4eb95c37261e3699984ece56fff868fde029139a6f1642c59e28,0.8098813159478557,7.303094599978067
facebook_combined,betweenness,full_r1_structural,5,1,5,rf_log1p,4039,56,5c066804775eef25e1ad1933a219214469e6490f0a28e520ddc47b3ecc599613,832218d441f15ca8888b69a0e09fd4b6894e55ac07c36c531c7510d6a3167c4a,054c8d406b297ba4b9bd94b8ac93aa43b632efa87848fc18b25fda26a2e323ab,0.8091505912278597,7.409545800008345
facebook_combined,betweenness,full_r1_structural,6,1,5,rf_log1p,4039,56,5c066804775eef25e1ad1933a219214469e6490f0a28e520ddc47b3ecc599613,832218d441f15ca8888b69a0e09fd4b6894e55ac07c36c531c7510d6a3167c4a,a09ff484fbefde2a6c3b4da397dd93bed9c878c90a69a23c65d4af859c225729,0.8086685600430831,7.330150900001172
facebook_combined,betweenness,full_r1_structural,7,1,5,rf_log1p,4039,56,5c066804775eef25e1ad1933a219214469e6490f0a28e520ddc47b3ecc599613,832218d441f15ca8888b69a0e09fd4b6894e55ac07c36c531c7510d6a3167c4a,562754d98f39d629405a34ddece7adc3a573d560e518b22b95ea768a0b57b66c,0.8107147510777777,7.249309299979359
facebook_combined,betweenness,full_r1_structural,8,1,5,rf_log1p,4039,56,5c066804775eef25e1ad1933a219214469e6490f0a28e520ddc47b3ecc599613,832218d441f15ca8888b69a0e09fd4b6894e55ac07c36c531c7510d6a3167c4a,6346c545447b56748e4108ea1e263d0d2928809d56fe145f85508fa6895b919f,0.8095879535429421,7.500712999957614
facebook_combined,betweenness,full_r1_structural,9,1,5,rf_log1p,4039,56,5c066804775eef25e1ad1933a219214469e6490f0a28e520ddc47b3ecc599613,832218d441f15ca8888b69a0e09fd4b6894e55ac07c36c531c7510d6a3167c4a,69752e02cd6ccec8556768fa95efb94d53e632f645d7095452779e63fd3a2b0b,0.8129041795771814,7.76168629998574
p2p-Gnutella08,spread_mean,node_edge,0,1,5,rf,6299,38,a45d535846cb3e119d5d14d2a62b3d52917062b6c0b0579a9fbc2103bddf4265,93acb7398b9f9d248b7ce400de4cf96fb63c87f77ceb3e1f9a56b32874f5334a,5e92a306f4c23e1a581b082a920da8f477a2281f012b5f351701a48553de8fa2,0.7928809337316792,3.4658446999965236
p2p-Gnutella08,spread_mean,node_edge,1,1,5,rf,6299,38,a45d535846cb3e119d5d14d2a62b3d52917062b6c0b0579a9fbc2103bddf4265,93acb7398b9f9d248b7ce400de4cf96fb63c87f77ceb3e1f9a56b32874f5334a,8edbf47c3fe4aeeb74c510f009aa304974ce668550085b13cdd376a9df71efd6,0.7936996231744838,3.438684099994134
p2p-Gnutella08,spread_mean,node_edge,2,1,5,rf,6299,38,a45d535846cb3e119d5d14d2a62b3d52917062b6c0b0579a9fbc2103bddf4265,93acb7398b9f9d248b7ce400de4cf96fb63c87f77ceb3e1f9a56b32874f5334a,7ccd485274cb266f12e2eea038880079860913673c4216e1f94ac8f94dd7f366,0.7909616619609149,3.4219706999720074
p2p-Gnutella08,spread_mean,node_edge,3,1,5,rf,6299,38,a45d535846cb3e119d5d14d2a62b3d52917062b6c0b0579a9fbc2103bddf4265,93acb7398b9f9d248b7ce400de4cf96fb63c87f77ceb3e1f9a56b32874f5334a,d8ee40b86b0b528a7bc33f638ffde85626d3040c7c8e2ac0284228b7970f010d,0.7926216120866306,3.4236250999965705
p2p-Gnutella08,spread_mean,node_edge,4,1,5,rf,6299,38,a45d535846cb3e119d5d14d2a62b3d52917062b6c0b0579a9fbc2103bddf4265,93acb7398b9f9d248b7ce400de4cf96fb63c87f77ceb3e1f9a56b32874f5334a,e04eb94c5a11b97b20b4fc23e4cbcef0ba3ced21f3bdf94682828356065cdd2a,0.7935827032770163,3.4773053000099026
p2p-Gnutella08,spread_mean,node_edge,5,1,5,rf,6299,38,a45d535846cb3e119d5d14d2a62b3d52917062b6c0b0579a9fbc2103bddf4265,93acb7398b9f9d248b7ce400de4cf96fb63c87f77ceb3e1f9a56b32874f5334a,f3e23019196a65a7f8d85c9b9422bb9aa8a8ace7f7468b80bf104b5d4f22289f,0.792441019125065,3.438318900007289
p2p-Gnutella08,spread_mean,node_edge,6,1,5,rf,6299,38,a45d535846cb3e119d5d14d2a62b3d52917062b6c0b0579a9fbc2103bddf4265,93acb7398b9f9d248b7ce400de4cf96fb63c87f77ceb3e1f9a56b32874f5334a,2b1232330895620c69bf7fb5c9635478f7bbb40d8bc2bdf17f86567e0e45fb9e,0.7936125458193679,3.5228492000023834
p2p-Gnutella08,spread_mean,node_edge,7,1,5,rf,6299,38,a45d535846cb3e119d5d14d2a62b3d52917062b6c0b0579a9fbc2103bddf4265,93acb7398b9f9d248b7ce400de4cf96fb63c87f77ceb3e1f9a56b32874f5334a,fc22108d2401808f9c8bf29262d64804c754004321b64eeea1bcd32f7d4f2d4a,0.7939695979717788,3.5078089000307955
p2p-Gnutella08,spread_mean,node_edge,8,1,5,rf,6299,38,a45d535846cb3e119d5d14d2a62b3d52917062b6c0b0579a9fbc2103bddf4265,93acb7398b9f9d248b7ce400de4cf96fb63c87f77ceb3e1f9a56b32874f5334a,bdce87a3c059014086c217a4745e25c36f9be0caafa8f33268d235790bcb52d7,0.7921918015042276,3.419172499969136
p2p-Gnutella08,spread_mean,node_edge,9,1,5,rf,6299,38,a45d535846cb3e119d5d14d2a62b3d52917062b6c0b0579a9fbc2103bddf4265,93acb7398b9f9d248b7ce400de4cf96fb63c87f77ceb3e1f9a56b32874f5334a,8be197355ac651237c4b824aca070f65a9b77d25c7542b7552c4bb155ed1a573,0.7921306937534606,3.4004389999900013
p2p-Gnutella08,spread_mean,plus_nonorbit_subgraph,0,1,5,rf,6299,40,c61383d6b27ef0ad89c89dab2673f8c8726eee83fc5458704272a64ff6df9087,93acb7398b9f9d248b7ce400de4cf96fb63c87f77ceb3e1f9a56b32874f5334a,5e92a306f4c23e1a581b082a920da8f477a2281f012b5f351701a48553de8fa2,0.7928350097524118,3.4855437999940477
p2p-Gnutella08,spread_mean,plus_nonorbit_subgraph,1,1,5,rf,6299,40,c61383d6b27ef0ad89c89dab2673f8c8726eee83fc5458704272a64ff6df9087,93acb7398b9f9d248b7ce400de4cf96fb63c87f77ceb3e1f9a56b32874f5334a,8edbf47c3fe4aeeb74c510f009aa304974ce668550085b13cdd376a9df71efd6,0.7936388616740163,3.540548500022851
p2p-Gnutella08,spread_mean,plus_nonorbit_subgraph,2,1,5,rf,6299,40,c61383d6b27ef0ad89c89dab2673f8c8726eee83fc5458704272a64ff6df9087,93acb7398b9f9d248b7ce400de4cf96fb63c87f77ceb3e1f9a56b32874f5334a,7ccd485274cb266f12e2eea038880079860913673c4216e1f94ac8f94dd7f366,0.7908975698407867,3.4827563000144437
p2p-Gnutella08,spread_mean,plus_nonorbit_subgraph,3,1,5,rf,6299,40,c61383d6b27ef0ad89c89dab2673f8c8726eee83fc5458704272a64ff6df9087,93acb7398b9f9d248b7ce400de4cf96fb63c87f77ceb3e1f9a56b32874f5334a,d8ee40b86b0b528a7bc33f638ffde85626d3040c7c8e2ac0284228b7970f010d,0.792549646842831,3.567004599957727
p2p-Gnutella08,spread_mean,plus_nonorbit_subgraph,4,1,5,rf,6299,40,c61383d6b27ef0ad89c89dab2673f8c8726eee83fc5458704272a64ff6df9087,93acb7398b9f9d248b7ce400de4cf96fb63c87f77ceb3e1f9a56b32874f5334a,e04eb94c5a11b97b20b4fc23e4cbcef0ba3ced21f3bdf94682828356065cdd2a,0.7935328426053057,3.5163826000061817
p2p-Gnutella08,spread_mean,plus_nonorbit_subgraph,5,1,5,rf,6299,40,c61383d6b27ef0ad89c89dab2673f8c8726eee83fc5458704272a64ff6df9087,93acb7398b9f9d248b7ce400de4cf96fb63c87f77ceb3e1f9a56b32874f5334a,f3e23019196a65a7f8d85c9b9422bb9aa8a8ace7f7468b80bf104b5d4f22289f,0.7925476738236352,3.5085128999780864
p2p-Gnutella08,spread_mean,plus_nonorbit_subgraph,6,1,5,rf,6299,40,c61383d6b27ef0ad89c89dab2673f8c8726eee83fc5458704272a64ff6df9087,93acb7398b9f9d248b7ce400de4cf96fb63c87f77ceb3e1f9a56b32874f5334a,2b1232330895620c69bf7fb5c9635478f7bbb40d8bc2bdf17f86567e0e45fb9e,0.7936550382873164,3.528142499970272
p2p-Gnutella08,spread_mean,plus_nonorbit_subgraph,7,1,5,rf,6299,40,c61383d6b27ef0ad89c89dab2673f8c8726eee83fc5458704272a64ff6df9087,93acb7398b9f9d248b7ce400de4cf96fb63c87f77ceb3e1f9a56b32874f5334a,fc22108d2401808f9c8bf29262d64804c754004321b64eeea1bcd32f7d4f2d4a,0.7939668727986655,3.53070999996271
p2p-Gnutella08,spread_mean,plus_nonorbit_subgraph,8,1,5,rf,6299,40,c61383d6b27ef0ad89c89dab2673f8c8726eee83fc5458704272a64ff6df9087,93acb7398b9f9d248b7ce400de4cf96fb63c87f77ceb3e1f9a56b32874f5334a,bdce87a3c059014086c217a4745e25c36f9be0caafa8f33268d235790bcb52d7,0.7922520578890495,3.5041117999935523
p2p-Gnutella08,spread_mean,plus_nonorbit_subgraph,9,1,5,rf,6299,40,c61383d6b27ef0ad89c89dab2673f8c8726eee83fc5458704272a64ff6df9087,93acb7398b9f9d248b7ce400de4cf96fb63c87f77ceb3e1f9a56b32874f5334a,8be197355ac651237c4b824aca070f65a9b77d25c7542b7552c4bb155ed1a573,0.7921092657674282,3.507753700017929
p2p-Gnutella08,spread_mean,plus_orbit_lt15,0,1,5,rf,6299,45,dcece2a6c43eb3af150d7357885003ee166f4bb9b7b5a037bc4198659ec035e7,93acb7398b9f9d248b7ce400de4cf96fb63c87f77ceb3e1f9a56b32874f5334a,5e92a306f4c23e1a581b082a920da8f477a2281f012b5f351701a48553de8fa2,0.7927845438411292,3.6981645000050776
p2p-Gnutella08,spread_mean,plus_orbit_lt15,1,1,5,rf,6299,45,dcece2a6c43eb3af150d7357885003ee166f4bb9b7b5a037bc4198659ec035e7,93acb7398b9f9d248b7ce400de4cf96fb63c87f77ceb3e1f9a56b32874f5334a,8edbf47c3fe4aeeb74c510f009aa304974ce668550085b13cdd376a9df71efd6,0.7936364392886156,3.7817071999888867
p2p-Gnutella08,spread_mean,plus_orbit_lt15,2,1,5,rf,6299,45,dcece2a6c43eb3af150d7357885003ee166f4bb9b7b5a037bc4198659ec035e7,93acb7398b9f9d248b7ce400de4cf96fb63c87f77ceb3e1f9a56b32874f5334a,7ccd485274cb266f12e2eea038880079860913673c4216e1f94ac8f94dd7f366,0.7907836170791731,3.65152199997101
p2p-Gnutella08,spread_mean,plus_orbit_lt15,3,1,5,rf,6299,45,dcece2a6c43eb3af150d7357885003ee166f4bb9b7b5a037bc4198659ec035e7,93acb7398b9f9d248b7ce400de4cf96fb63c87f77ceb3e1f9a56b32874f5334a,d8ee40b86b0b528a7bc33f638ffde85626d3040c7c8e2ac0284228b7970f010d,0.7925239089225381,3.6814572000293992
p2p-Gnutella08,spread_mean,plus_orbit_lt15,4,1,5,rf,6299,45,dcece2a6c43eb3af150d7357885003ee166f4bb9b7b5a037bc4198659ec035e7,93acb7398b9f9d248b7ce400de4cf96fb63c87f77ceb3e1f9a56b32874f5334a,e04eb94c5a11b97b20b4fc23e4cbcef0ba3ced21f3bdf94682828356065cdd2a,0.7935343870165057,3.695339900034014
p2p-Gnutella08,spread_mean,plus_orbit_lt15,5,1,5,rf,6299,45,dcece2a6c43eb3af150d7357885003ee166f4bb9b7b5a037bc4198659ec035e7,93acb7398b9f9d248b7ce400de4cf96fb63c87f77ceb3e1f9a56b32874f5334a,f3e23019196a65a7f8d85c9b9422bb9aa8a8ace7f7468b80bf104b5d4f22289f,0.7924168963719477,3.6284944000071846
p2p-Gnutella08,spread_mean,plus_orbit_lt15,6,1,5,rf,6299,45,dcece2a6c43eb3af150d7357885003ee166f4bb9b7b5a037bc4198659ec035e7,93acb7398b9f9d248b7ce400de4cf96fb63c87f77ceb3e1f9a56b32874f5334a,2b1232330895620c69bf7fb5c9635478f7bbb40d8bc2bdf17f86567e0e45fb9e,0.7934934457904385,3.7310757999657653
p2p-Gnutella08,spread_mean,plus_orbit_lt15,7,1,5,rf,6299,45,dcece2a6c43eb3af150d7357885003ee166f4bb9b7b5a037bc4198659ec035e7,93acb7398b9f9d248b7ce400de4cf96fb63c87f77ceb3e1f9a56b32874f5334a,fc22108d2401808f9c8bf29262d64804c754004321b64eeea1bcd32f7d4f2d4a,0.7938369728802676,3.6404239000403322
p2p-Gnutella08,spread_mean,plus_orbit_lt15,8,1,5,rf,6299,45,dcece2a6c43eb3af150d7357885003ee166f4bb9b7b5a037bc4198659ec035e7,93acb7398b9f9d248b7ce400de4cf96fb63c87f77ceb3e1f9a56b32874f5334a,bdce87a3c059014086c217a4745e25c36f9be0caafa8f33268d235790bcb52d7,0.7922505439095314,3.5976911000325345
p2p-Gnutella08,spread_mean,plus_orbit_lt15,9,1,5,rf,6299,45,dcece2a6c43eb3af150d7357885003ee166f4bb9b7b5a037bc4198659ec035e7,93acb7398b9f9d248b7ce400de4cf96fb63c87f77ceb3e1f9a56b32874f5334a,8be197355ac651237c4b824aca070f65a9b77d25c7542b7552c4bb155ed1a573,0.7920432564138238,3.657579499995336
p2p-Gnutella08,spread_mean,full_r1_structural,0,1,5,rf,6299,56,5c066804775eef25e1ad1933a219214469e6490f0a28e520ddc47b3ecc599613,93acb7398b9f9d248b7ce400de4cf96fb63c87f77ceb3e1f9a56b32874f5334a,5e92a306f4c23e1a581b082a920da8f477a2281f012b5f351701a48553de8fa2,0.7927836354547261,3.789722100016661
p2p-Gnutella08,spread_mean,full_r1_structural,1,1,5,rf,6299,56,5c066804775eef25e1ad1933a219214469e6490f0a28e520ddc47b3ecc599613,93acb7398b9f9d248b7ce400de4cf96fb63c87f77ceb3e1f9a56b32874f5334a,8edbf47c3fe4aeeb74c510f009aa304974ce668550085b13cdd376a9df71efd6,0.7936410821939669,3.817547700018622
p2p-Gnutella08,spread_mean,full_r1_structural,2,1,5,rf,6299,56,5c066804775eef25e1ad1933a219214469e6490f0a28e520ddc47b3ecc599613,93acb7398b9f9d248b7ce400de4cf96fb63c87f77ceb3e1f9a56b32874f5334a,7ccd485274cb266f12e2eea038880079860913673c4216e1f94ac8f94dd7f366,0.7909188665925143,3.8784521999768913
p2p-Gnutella08,spread_mean,full_r1_structural,3,1,5,rf,6299,56,5c066804775eef25e1ad1933a219214469e6490f0a28e520ddc47b3ecc599613,93acb7398b9f9d248b7ce400de4cf96fb63c87f77ceb3e1f9a56b32874f5334a,d8ee40b86b0b528a7bc33f638ffde85626d3040c7c8e2ac0284228b7970f010d,0.7925869920605111,3.888202099944465
p2p-Gnutella08,spread_mean,full_r1_structural,4,1,5,rf,6299,56,5c066804775eef25e1ad1933a219214469e6490f0a28e520ddc47b3ecc599613,93acb7398b9f9d248b7ce400de4cf96fb63c87f77ceb3e1f9a56b32874f5334a,e04eb94c5a11b97b20b4fc23e4cbcef0ba3ced21f3bdf94682828356065cdd2a,0.7935727109561674,3.842261499958113
p2p-Gnutella08,spread_mean,full_r1_structural,5,1,5,rf,6299,56,5c066804775eef25e1ad1933a219214469e6490f0a28e520ddc47b3ecc599613,93acb7398b9f9d248b7ce400de4cf96fb63c87f77ceb3e1f9a56b32874f5334a,f3e23019196a65a7f8d85c9b9422bb9aa8a8ace7f7468b80bf104b5d4f22289f,0.7924043808012927,3.8074054999742657
p2p-Gnutella08,spread_mean,full_r1_structural,6,1,5,rf,6299,56,5c066804775eef25e1ad1933a219214469e6490f0a28e520ddc47b3ecc599613,93acb7398b9f9d248b7ce400de4cf96fb63c87f77ceb3e1f9a56b32874f5334a,2b1232330895620c69bf7fb5c9635478f7bbb40d8bc2bdf17f86567e0e45fb9e,0.7936049759022749,3.854456899978686
p2p-Gnutella08,spread_mean,full_r1_structural,7,1,5,rf,6299,56,5c066804775eef25e1ad1933a219214469e6490f0a28e520ddc47b3ecc599613,93acb7398b9f9d248b7ce400de4cf96fb63c87f77ceb3e1f9a56b32874f5334a,fc22108d2401808f9c8bf29262d64804c754004321b64eeea1bcd32f7d4f2d4a,0.793906111531474,3.830142499995418
p2p-Gnutella08,spread_mean,full_r1_structural,8,1,5,rf,6299,56,5c066804775eef25e1ad1933a219214469e6490f0a28e520ddc47b3ecc599613,93acb7398b9f9d248b7ce400de4cf96fb63c87f77ceb3e1f9a56b32874f5334a,bdce87a3c059014086c217a4745e25c36f9be0caafa8f33268d235790bcb52d7,0.7923392631092941,3.833173499966506
p2p-Gnutella08,spread_mean,full_r1_structural,9,1,5,rf,6299,56,5c066804775eef25e1ad1933a219214469e6490f0a28e520ddc47b3ecc599613,93acb7398b9f9d248b7ce400de4cf96fb63c87f77ceb3e1f9a56b32874f5334a,8be197355ac651237c4b824aca070f65a9b77d25c7542b7552c4bb155ed1a573,0.7921386369018302,3.9447124999715015
p2p-Gnutella08,spread_cv,node_edge,0,1,5,rf,6299,38,a45d535846cb3e119d5d14d2a62b3d52917062b6c0b0579a9fbc2103bddf4265,e03736945acf78a007b60911dd7cea6cd4d2248303eabe5154fb3a3b9d259a44,5e92a306f4c23e1a581b082a920da8f477a2281f012b5f351701a48553de8fa2,0.5840176476405656,3.4293100999784656
p2p-Gnutella08,spread_cv,node_edge,1,1,5,rf,6299,38,a45d535846cb3e119d5d14d2a62b3d52917062b6c0b0579a9fbc2103bddf4265,e03736945acf78a007b60911dd7cea6cd4d2248303eabe5154fb3a3b9d259a44,8edbf47c3fe4aeeb74c510f009aa304974ce668550085b13cdd376a9df71efd6,0.5874004773841669,3.3725542999454774
p2p-Gnutella08,spread_cv,node_edge,2,1,5,rf,6299,38,a45d535846cb3e119d5d14d2a62b3d52917062b6c0b0579a9fbc2103bddf4265,e03736945acf78a007b60911dd7cea6cd4d2248303eabe5154fb3a3b9d259a44,7ccd485274cb266f12e2eea038880079860913673c4216e1f94ac8f94dd7f366,0.582756600146716,3.4346670000231825
p2p-Gnutella08,spread_cv,node_edge,3,1,5,rf,6299,38,a45d535846cb3e119d5d14d2a62b3d52917062b6c0b0579a9fbc2103bddf4265,e03736945acf78a007b60911dd7cea6cd4d2248303eabe5154fb3a3b9d259a44,d8ee40b86b0b528a7bc33f638ffde85626d3040c7c8e2ac0284228b7970f010d,0.5845756635323465,3.371655900031328
p2p-Gnutella08,spread_cv,node_edge,4,1,5,rf,6299,38,a45d535846cb3e119d5d14d2a62b3d52917062b6c0b0579a9fbc2103bddf4265,e03736945acf78a007b60911dd7cea6cd4d2248303eabe5154fb3a3b9d259a44,e04eb94c5a11b97b20b4fc23e4cbcef0ba3ced21f3bdf94682828356065cdd2a,0.587211215470147,3.4343232000246644
p2p-Gnutella08,spread_cv,node_edge,5,1,5,rf,6299,38,a45d535846cb3e119d5d14d2a62b3d52917062b6c0b0579a9fbc2103bddf4265,e03736945acf78a007b60911dd7cea6cd4d2248303eabe5154fb3a3b9d259a44,f3e23019196a65a7f8d85c9b9422bb9aa8a8ace7f7468b80bf104b5d4f22289f,0.5826904594716689,3.404620999994222
p2p-Gnutella08,spread_cv,node_edge,6,1,5,rf,6299,38,a45d535846cb3e119d5d14d2a62b3d52917062b6c0b0579a9fbc2103bddf4265,e03736945acf78a007b60911dd7cea6cd4d2248303eabe5154fb3a3b9d259a44,2b1232330895620c69bf7fb5c9635478f7bbb40d8bc2bdf17f86567e0e45fb9e,0.5863722855012731,3.4381330999895
p2p-Gnutella08,spread_cv,node_edge,7,1,5,rf,6299,38,a45d535846cb3e119d5d14d2a62b3d52917062b6c0b0579a9fbc2103bddf4265,e03736945acf78a007b60911dd7cea6cd4d2248303eabe5154fb3a3b9d259a44,fc22108d2401808f9c8bf29262d64804c754004321b64eeea1bcd32f7d4f2d4a,0.5851041134824411,3.440393499971833
p2p-Gnutella08,spread_cv,node_edge,8,1,5,rf,6299,38,a45d535846cb3e119d5d14d2a62b3d52917062b6c0b0579a9fbc2103bddf4265,e03736945acf78a007b60911dd7cea6cd4d2248303eabe5154fb3a3b9d259a44,bdce87a3c059014086c217a4745e25c36f9be0caafa8f33268d235790bcb52d7,0.58483314390068,3.5496037999982946
p2p-Gnutella08,spread_cv,node_edge,9,1,5,rf,6299,38,a45d535846cb3e119d5d14d2a62b3d52917062b6c0b0579a9fbc2103bddf4265,e03736945acf78a007b60911dd7cea6cd4d2248303eabe5154fb3a3b9d259a44,8be197355ac651237c4b824aca070f65a9b77d25c7542b7552c4bb155ed1a573,0.5835118985862103,3.4544761999859475
p2p-Gnutella08,spread_cv,plus_nonorbit_subgraph,0,1,5,rf,6299,40,c61383d6b27ef0ad89c89dab2673f8c8726eee83fc5458704272a64ff6df9087,e03736945acf78a007b60911dd7cea6cd4d2248303eabe5154fb3a3b9d259a44,5e92a306f4c23e1a581b082a920da8f477a2281f012b5f351701a48553de8fa2,0.5839756608745038,3.5382357999915257
p2p-Gnutella08,spread_cv,plus_nonorbit_subgraph,1,1,5,rf,6299,40,c61383d6b27ef0ad89c89dab2673f8c8726eee83fc5458704272a64ff6df9087,e03736945acf78a007b60911dd7cea6cd4d2248303eabe5154fb3a3b9d259a44,8edbf47c3fe4aeeb74c510f009aa304974ce668550085b13cdd376a9df71efd6,0.5874564285810956,3.495485999970697
p2p-Gnutella08,spread_cv,plus_nonorbit_subgraph,2,1,5,rf,6299,40,c61383d6b27ef0ad89c89dab2673f8c8726eee83fc5458704272a64ff6df9087,e03736945acf78a007b60911dd7cea6cd4d2248303eabe5154fb3a3b9d259a44,7ccd485274cb266f12e2eea038880079860913673c4216e1f94ac8f94dd7f366,0.5828161490686588,3.481913600000553
p2p-Gnutella08,spread_cv,plus_nonorbit_subgraph,3,1,5,rf,6299,40,c61383d6b27ef0ad89c89dab2673f8c8726eee83fc5458704272a64ff6df9087,e03736945acf78a007b60911dd7cea6cd4d2248303eabe5154fb3a3b9d259a44,d8ee40b86b0b528a7bc33f638ffde85626d3040c7c8e2ac0284228b7970f010d,0.5847424014192518,3.461865699966438
p2p-Gnutella08,spread_cv,plus_nonorbit_subgraph,4,1,5,rf,6299,40,c61383d6b27ef0ad89c89dab2673f8c8726eee83fc5458704272a64ff6df9087,e03736945acf78a007b60911dd7cea6cd4d2248303eabe5154fb3a3b9d259a44,e04eb94c5a11b97b20b4fc23e4cbcef0ba3ced21f3bdf94682828356065cdd2a,0.5871130101545985,3.551811400044244
p2p-Gnutella08,spread_cv,plus_nonorbit_subgraph,5,1,5,rf,6299,40,c61383d6b27ef0ad89c89dab2673f8c8726eee83fc5458704272a64ff6df9087,e03736945acf78a007b60911dd7cea6cd4d2248303eabe5154fb3a3b9d259a44,f3e23019196a65a7f8d85c9b9422bb9aa8a8ace7f7468b80bf104b5d4f22289f,0.582822778603281,3.5733162999968044
p2p-Gnutella08,spread_cv,plus_nonorbit_subgraph,6,1,5,rf,6299,40,c61383d6b27ef0ad89c89dab2673f8c8726eee83fc5458704272a64ff6df9087,e03736945acf78a007b60911dd7cea6cd4d2248303eabe5154fb3a3b9d259a44,2b1232330895620c69bf7fb5c9635478f7bbb40d8bc2bdf17f86567e0e45fb9e,0.5863753134052928,3.538931799994316
p2p-Gnutella08,spread_cv,plus_nonorbit_subgraph,7,1,5,rf,6299,40,c61383d6b27ef0ad89c89dab2673f8c8726eee83fc5458704272a64ff6df9087,e03736945acf78a007b60911dd7cea6cd4d2248303eabe5154fb3a3b9d259a44,fc22108d2401808f9c8bf29262d64804c754004321b64eeea1bcd32f7d4f2d4a,0.5850007609155938,3.4973835999844596
p2p-Gnutella08,spread_cv,plus_nonorbit_subgraph,8,1,5,rf,6299,40,c61383d6b27ef0ad89c89dab2673f8c8726eee83fc5458704272a64ff6df9087,e03736945acf78a007b60911dd7cea6cd4d2248303eabe5154fb3a3b9d259a44,bdce87a3c059014086c217a4745e25c36f9be0caafa8f33268d235790bcb52d7,0.5848082142224399,3.512025200005155
p2p-Gnutella08,spread_cv,plus_nonorbit_subgraph,9,1,5,rf,6299,40,c61383d6b27ef0ad89c89dab2673f8c8726eee83fc5458704272a64ff6df9087,e03736945acf78a007b60911dd7cea6cd4d2248303eabe5154fb3a3b9d259a44,8be197355ac651237c4b824aca070f65a9b77d25c7542b7552c4bb155ed1a573,0.5835727591541787,3.496104900026694
p2p-Gnutella08,spread_cv,plus_orbit_lt15,0,1,5,rf,6299,45,dcece2a6c43eb3af150d7357885003ee166f4bb9b7b5a037bc4198659ec035e7,e03736945acf78a007b60911dd7cea6cd4d2248303eabe5154fb3a3b9d259a44,5e92a306f4c23e1a581b082a920da8f477a2281f012b5f351701a48553de8fa2,0.5839368029299513,3.6879182999837212
p2p-Gnutella08,spread_cv,plus_orbit_lt15,1,1,5,rf,6299,45,dcece2a6c43eb3af150d7357885003ee166f4bb9b7b5a037bc4198659ec035e7,e03736945acf78a007b60911dd7cea6cd4d2248303eabe5154fb3a3b9d259a44,8edbf47c3fe4aeeb74c510f009aa304974ce668550085b13cdd376a9df71efd6,0.5875046377954668,3.770826699968893
p2p-Gnutella08,spread_cv,plus_orbit_lt15,2,1,5,rf,6299,45,dcece2a6c43eb3af150d7357885003ee166f4bb9b7b5a037bc4198659ec035e7,e03736945acf78a007b60911dd7cea6cd4d2248303eabe5154fb3a3b9d259a44,7ccd485274cb266f12e2eea038880079860913673c4216e1f94ac8f94dd7f366,0.5826317492713887,3.8005962000461295
p2p-Gnutella08,spread_cv,plus_orbit_lt15,3,1,5,rf,6299,45,dcece2a6c43eb3af150d7357885003ee166f4bb9b7b5a037bc4198659ec035e7,e03736945acf78a007b60911dd7cea6cd4d2248303eabe5154fb3a3b9d259a44,d8ee40b86b0b528a7bc33f638ffde85626d3040c7c8e2ac0284228b7970f010d,0.5845222710734042,3.7360524000250734
p2p-Gnutella08,spread_cv,plus_orbit_lt15,4,1,5,rf,6299,45,dcece2a6c43eb3af150d7357885003ee166f4bb9b7b5a037bc4198659ec035e7,e03736945acf78a007b60911dd7cea6cd4d2248303eabe5154fb3a3b9d259a44,e04eb94c5a11b97b20b4fc23e4cbcef0ba3ced21f3bdf94682828356065cdd2a,0.5871445360861887,3.6560139000066556
p2p-Gnutella08,spread_cv,plus_orbit_lt15,5,1,5,rf,6299,45,dcece2a6c43eb3af150d7357885003ee166f4bb9b7b5a037bc4198659ec035e7,e03736945acf78a007b60911dd7cea6cd4d2248303eabe5154fb3a3b9d259a44,f3e23019196a65a7f8d85c9b9422bb9aa8a8ace7f7468b80bf104b5d4f22289f,0.582797647051968,3.323255800001789
p2p-Gnutella08,spread_cv,plus_orbit_lt15,6,1,5,rf,6299,45,dcece2a6c43eb3af150d7357885003ee166f4bb9b7b5a037bc4198659ec035e7,e03736945acf78a007b60911dd7cea6cd4d2248303eabe5154fb3a3b9d259a44,2b1232330895620c69bf7fb5c9635478f7bbb40d8bc2bdf17f86567e0e45fb9e,0.5863546227278245,4.091723999998067
p2p-Gnutella08,spread_cv,plus_orbit_lt15,7,1,5,rf,6299,45,dcece2a6c43eb3af150d7357885003ee166f4bb9b7b5a037bc4198659ec035e7,e03736945acf78a007b60911dd7cea6cd4d2248303eabe5154fb3a3b9d259a44,fc22108d2401808f9c8bf29262d64804c754004321b64eeea1bcd32f7d4f2d4a,0.5851206660419752,4.079174300015438
p2p-Gnutella08,spread_cv,plus_orbit_lt15,8,1,5,rf,6299,45,dcece2a6c43eb3af150d7357885003ee166f4bb9b7b5a037bc4198659ec035e7,e03736945acf78a007b60911dd7cea6cd4d2248303eabe5154fb3a3b9d259a44,bdce87a3c059014086c217a4745e25c36f9be0caafa8f33268d235790bcb52d7,0.5847979193755553,4.051282999978866
p2p-Gnutella08,spread_cv,plus_orbit_lt15,9,1,5,rf,6299,45,dcece2a6c43eb3af150d7357885003ee166f4bb9b7b5a037bc4198659ec035e7,e03736945acf78a007b60911dd7cea6cd4d2248303eabe5154fb3a3b9d259a44,8be197355ac651237c4b824aca070f65a9b77d25c7542b7552c4bb155ed1a573,0.5835387458682659,4.029391599993687
p2p-Gnutella08,spread_cv,full_r1_structural,0,1,5,rf,6299,56,5c066804775eef25e1ad1933a219214469e6490f0a28e520ddc47b3ecc599613,e03736945acf78a007b60911dd7cea6cd4d2248303eabe5154fb3a3b9d259a44,5e92a306f4c23e1a581b082a920da8f477a2281f012b5f351701a48553de8fa2,0.58382214676109,4.2925314999883994
p2p-Gnutella08,spread_cv,full_r1_structural,1,1,5,rf,6299,56,5c066804775eef25e1ad1933a219214469e6490f0a28e520ddc47b3ecc599613,e03736945acf78a007b60911dd7cea6cd4d2248303eabe5154fb3a3b9d259a44,8edbf47c3fe4aeeb74c510f009aa304974ce668550085b13cdd376a9df71efd6,0.5875729025264482,4.081328100000974
p2p-Gnutella08,spread_cv,full_r1_structural,2,1,5,rf,6299,56,5c066804775eef25e1ad1933a219214469e6490f0a28e520ddc47b3ecc599613,e03736945acf78a007b60911dd7cea6cd4d2248303eabe5154fb3a3b9d259a44,7ccd485274cb266f12e2eea038880079860913673c4216e1f94ac8f94dd7f366,0.5829105189703815,4.061443099984899
p2p-Gnutella08,spread_cv,full_r1_structural,3,1,5,rf,6299,56,5c066804775eef25e1ad1933a219214469e6490f0a28e520ddc47b3ecc599613,e03736945acf78a007b60911dd7cea6cd4d2248303eabe5154fb3a3b9d259a44,d8ee40b86b0b528a7bc33f638ffde85626d3040c7c8e2ac0284228b7970f010d,0.5847091951451647,4.056289300031494
p2p-Gnutella08,spread_cv,full_r1_structural,4,1,5,rf,6299,56,5c066804775eef25e1ad1933a219214469e6490f0a28e520ddc47b3ecc599613,e03736945acf78a007b60911dd7cea6cd4d2248303eabe5154fb3a3b9d259a44,e04eb94c5a11b97b20b4fc23e4cbcef0ba3ced21f3bdf94682828356065cdd2a,0.5871715854427172,4.142491499951575
p2p-Gnutella08,spread_cv,full_r1_structural,5,1,5,rf,6299,56,5c066804775eef25e1ad1933a219214469e6490f0a28e520ddc47b3ecc599613,e03736945acf78a007b60911dd7cea6cd4d2248303eabe5154fb3a3b9d259a44,f3e23019196a65a7f8d85c9b9422bb9aa8a8ace7f7468b80bf104b5d4f22289f,0.5826032560165103,4.144215499982238
p2p-Gnutella08,spread_cv,full_r1_structural,6,1,5,rf,6299,56,5c066804775eef25e1ad1933a219214469e6490f0a28e520ddc47b3ecc599613,e03736945acf78a007b60911dd7cea6cd4d2248303eabe5154fb3a3b9d259a44,2b1232330895620c69bf7fb5c9635478f7bbb40d8bc2bdf17f86567e0e45fb9e,0.5863092398236979,4.073100499983411
p2p-Gnutella08,spread_cv,full_r1_structural,7,1,5,rf,6299,56,5c066804775eef25e1ad1933a219214469e6490f0a28e520ddc47b3ecc599613,e03736945acf78a007b60911dd7cea6cd4d2248303eabe5154fb3a3b9d259a44,fc22108d2401808f9c8bf29262d64804c754004321b64eeea1bcd32f7d4f2d4a,0.585042041384188,4.118471099995077
p2p-Gnutella08,spread_cv,full_r1_structural,8,1,5,rf,6299,56,5c066804775eef25e1ad1933a219214469e6490f0a28e520ddc47b3ecc599613,e03736945acf78a007b60911dd7cea6cd4d2248303eabe5154fb3a3b9d259a44,bdce87a3c059014086c217a4745e25c36f9be0caafa8f33268d235790bcb52d7,0.5847837891935569,4.040536699991208
p2p-Gnutella08,spread_cv,full_r1_structural,9,1,5,rf,6299,56,5c066804775eef25e1ad1933a219214469e6490f0a28e520ddc47b3ecc599613,e03736945acf78a007b60911dd7cea6cd4d2248303eabe5154fb3a3b9d259a44,8be197355ac651237c4b824aca070f65a9b77d25c7542b7552c4bb155ed1a573,0.5835482332536541,4.004730899992865
p2p-Gnutella08,spread_resid,node_edge,0,1,5,rf,6299,38,a45d535846cb3e119d5d14d2a62b3d52917062b6c0b0579a9fbc2103bddf4265,3ad453c855dc1fe9348341a857d809666b9e9c9f60d8d63c8c87697ed450d867,5e92a306f4c23e1a581b082a920da8f477a2281f012b5f351701a48553de8fa2,0.24954055288452454,4.318913399998564
p2p-Gnutella08,spread_resid,node_edge,1,1,5,rf,6299,38,a45d535846cb3e119d5d14d2a62b3d52917062b6c0b0579a9fbc2103bddf4265,3ad453c855dc1fe9348341a857d809666b9e9c9f60d8d63c8c87697ed450d867,8edbf47c3fe4aeeb74c510f009aa304974ce668550085b13cdd376a9df71efd6,0.2532147383753158,4.333245399990119
p2p-Gnutella08,spread_resid,node_edge,2,1,5,rf,6299,38,a45d535846cb3e119d5d14d2a62b3d52917062b6c0b0579a9fbc2103bddf4265,3ad453c855dc1fe9348341a857d809666b9e9c9f60d8d63c8c87697ed450d867,7ccd485274cb266f12e2eea038880079860913673c4216e1f94ac8f94dd7f366,0.2473902153507832,4.318540200009011
p2p-Gnutella08,spread_resid,node_edge,3,1,5,rf,6299,38,a45d535846cb3e119d5d14d2a62b3d52917062b6c0b0579a9fbc2103bddf4265,3ad453c855dc1fe9348341a857d809666b9e9c9f60d8d63c8c87697ed450d867,d8ee40b86b0b528a7bc33f638ffde85626d3040c7c8e2ac0284228b7970f010d,0.25193945991360367,4.496715100016445
p2p-Gnutella08,spread_resid,node_edge,4,1,5,rf,6299,38,a45d535846cb3e119d5d14d2a62b3d52917062b6c0b0579a9fbc2103bddf4265,3ad453c855dc1fe9348341a857d809666b9e9c9f60d8d63c8c87697ed450d867,e04eb94c5a11b97b20b4fc23e4cbcef0ba3ced21f3bdf94682828356065cdd2a,0.2540540006987724,4.369172799983062
p2p-Gnutella08,spread_resid,node_edge,5,1,5,rf,6299,38,a45d535846cb3e119d5d14d2a62b3d52917062b6c0b0579a9fbc2103bddf4265,3ad453c855dc1fe9348341a857d809666b9e9c9f60d8d63c8c87697ed450d867,f3e23019196a65a7f8d85c9b9422bb9aa8a8ace7f7468b80bf104b5d4f22289f,0.24378636811345708,4.276765200018417
p2p-Gnutella08,spread_resid,node_edge,6,1,5,rf,6299,38,a45d535846cb3e119d5d14d2a62b3d52917062b6c0b0579a9fbc2103bddf4265,3ad453c855dc1fe9348341a857d809666b9e9c9f60d8d63c8c87697ed450d867,2b1232330895620c69bf7fb5c9635478f7bbb40d8bc2bdf17f86567e0e45fb9e,0.2516910597355436,4.301528099982534
p2p-Gnutella08,spread_resid,node_edge,7,1,5,rf,6299,38,a45d535846cb3e119d5d14d2a62b3d52917062b6c0b0579a9fbc2103bddf4265,3ad453c855dc1fe9348341a857d809666b9e9c9f60d8d63c8c87697ed450d867,fc22108d2401808f9c8bf29262d64804c754004321b64eeea1bcd32f7d4f2d4a,0.2572475983719203,4.524359000031836
p2p-Gnutella08,spread_resid,node_edge,8,1,5,rf,6299,38,a45d535846cb3e119d5d14d2a62b3d52917062b6c0b0579a9fbc2103bddf4265,3ad453c855dc1fe9348341a857d809666b9e9c9f60d8d63c8c87697ed450d867,bdce87a3c059014086c217a4745e25c36f9be0caafa8f33268d235790bcb52d7,0.24603106642105504,4.774533600022551
p2p-Gnutella08,spread_resid,node_edge,9,1,5,rf,6299,38,a45d535846cb3e119d5d14d2a62b3d52917062b6c0b0579a9fbc2103bddf4265,3ad453c855dc1fe9348341a857d809666b9e9c9f60d8d63c8c87697ed450d867,8be197355ac651237c4b824aca070f65a9b77d25c7542b7552c4bb155ed1a573,0.2476426894816647,4.323725699970964
p2p-Gnutella08,spread_resid,plus_nonorbit_subgraph,0,1,5,rf,6299,40,c61383d6b27ef0ad89c89dab2673f8c8726eee83fc5458704272a64ff6df9087,3ad453c855dc1fe9348341a857d809666b9e9c9f60d8d63c8c87697ed450d867,5e92a306f4c23e1a581b082a920da8f477a2281f012b5f351701a48553de8fa2,0.24941105989897888,4.482765500026289
p2p-Gnutella08,spread_resid,plus_nonorbit_subgraph,1,1,5,rf,6299,40,c61383d6b27ef0ad89c89dab2673f8c8726eee83fc5458704272a64ff6df9087,3ad453c855dc1fe9348341a857d809666b9e9c9f60d8d63c8c87697ed450d867,8edbf47c3fe4aeeb74c510f009aa304974ce668550085b13cdd376a9df71efd6,0.2522986911592713,4.460723099997267
p2p-Gnutella08,spread_resid,plus_nonorbit_subgraph,2,1,5,rf,6299,40,c61383d6b27ef0ad89c89dab2673f8c8726eee83fc5458704272a64ff6df9087,3ad453c855dc1fe9348341a857d809666b9e9c9f60d8d63c8c87697ed450d867,7ccd485274cb266f12e2eea038880079860913673c4216e1f94ac8f94dd7f366,0.2472422512850402,4.4260989999747835
p2p-Gnutella08,spread_resid,plus_nonorbit_subgraph,3,1,5,rf,6299,40,c61383d6b27ef0ad89c89dab2673f8c8726eee83fc5458704272a64ff6df9087,3ad453c855dc1fe9348341a857d809666b9e9c9f60d8d63c8c87697ed450d867,d8ee40b86b0b528a7bc33f638ffde85626d3040c7c8e2ac0284228b7970f010d,0.25154724198594125,4.515519300010055
p2p-Gnutella08,spread_resid,plus_nonorbit_subgraph,4,1,5,rf,6299,40,c61383d6b27ef0ad89c89dab2673f8c8726eee83fc5458704272a64ff6df9087,3ad453c855dc1fe9348341a857d809666b9e9c9f60d8d63c8c87697ed450d867,e04eb94c5a11b97b20b4fc23e4cbcef0ba3ced21f3bdf94682828356065cdd2a,0.2543613782000288,4.446046199998818
p2p-Gnutella08,spread_resid,plus_nonorbit_subgraph,5,1,5,rf,6299,40,c61383d6b27ef0ad89c89dab2673f8c8726eee83fc5458704272a64ff6df9087,3ad453c855dc1fe9348341a857d809666b9e9c9f60d8d63c8c87697ed450d867,f3e23019196a65a7f8d85c9b9422bb9aa8a8ace7f7468b80bf104b5d4f22289f,0.24378081696240708,4.474291399994399
p2p-Gnutella08,spread_resid,plus_nonorbit_subgraph,6,1,5,rf,6299,40,c61383d6b27ef0ad89c89dab2673f8c8726eee83fc5458704272a64ff6df9087,3ad453c855dc1fe9348341a857d809666b9e9c9f60d8d63c8c87697ed450d867,2b1232330895620c69bf7fb5c9635478f7bbb40d8bc2bdf17f86567e0e45fb9e,0.25154446494005445,4.4823566999984905
p2p-Gnutella08,spread_resid,plus_nonorbit_subgraph,7,1,5,rf,6299,40,c61383d6b27ef0ad89c89dab2673f8c8726eee83fc5458704272a64ff6df9087,3ad453c855dc1fe9348341a857d809666b9e9c9f60d8d63c8c87697ed450d867,fc22108d2401808f9c8bf29262d64804c754004321b64eeea1bcd32f7d4f2d4a,0.25665479054564366,4.652855399996042
p2p-Gnutella08,spread_resid,plus_nonorbit_subgraph,8,1,5,rf,6299,40,c61383d6b27ef0ad89c89dab2673f8c8726eee83fc5458704272a64ff6df9087,3ad453c855dc1fe9348341a857d809666b9e9c9f60d8d63c8c87697ed450d867,bdce87a3c059014086c217a4745e25c36f9be0caafa8f33268d235790bcb52d7,0.24607830164374267,4.606135600013658
p2p-Gnutella08,spread_resid,plus_nonorbit_subgraph,9,1,5,rf,6299,40,c61383d6b27ef0ad89c89dab2673f8c8726eee83fc5458704272a64ff6df9087,3ad453c855dc1fe9348341a857d809666b9e9c9f60d8d63c8c87697ed450d867,8be197355ac651237c4b824aca070f65a9b77d25c7542b7552c4bb155ed1a573,0.24800054208883354,4.656183899962343
p2p-Gnutella08,spread_resid,plus_orbit_lt15,0,1,5,rf,6299,45,dcece2a6c43eb3af150d7357885003ee166f4bb9b7b5a037bc4198659ec035e7,3ad453c855dc1fe9348341a857d809666b9e9c9f60d8d63c8c87697ed450d867,5e92a306f4c23e1a581b082a920da8f477a2281f012b5f351701a48553de8fa2,0.24934182202829738,4.8818402999895625
p2p-Gnutella08,spread_resid,plus_orbit_lt15,1,1,5,rf,6299,45,dcece2a6c43eb3af150d7357885003ee166f4bb9b7b5a037bc4198659ec035e7,3ad453c855dc1fe9348341a857d809666b9e9c9f60d8d63c8c87697ed450d867,8edbf47c3fe4aeeb74c510f009aa304974ce668550085b13cdd376a9df71efd6,0.2519308996150595,4.920443399983924
p2p-Gnutella08,spread_resid,plus_orbit_lt15,2,1,5,rf,6299,45,dcece2a6c43eb3af150d7357885003ee166f4bb9b7b5a037bc4198659ec035e7,3ad453c855dc1fe9348341a857d809666b9e9c9f60d8d63c8c87697ed450d867,7ccd485274cb266f12e2eea038880079860913673c4216e1f94ac8f94dd7f366,0.24724265500691128,4.9509390000021085
p2p-Gnutella08,spread_resid,plus_orbit_lt15,3,1,5,rf,6299,45,dcece2a6c43eb3af150d7357885003ee166f4bb9b7b5a037bc4198659ec035e7,3ad453c855dc1fe9348341a857d809666b9e9c9f60d8d63c8c87697ed450d867,d8ee40b86b0b528a7bc33f638ffde85626d3040c7c8e2ac0284228b7970f010d,0.25155259132978225,4.894131000037305
p2p-Gnutella08,spread_resid,plus_orbit_lt15,4,1,5,rf,6299,45,dcece2a6c43eb3af150d7357885003ee166f4bb9b7b5a037bc4198659ec035e7,3ad453c855dc1fe9348341a857d809666b9e9c9f60d8d63c8c87697ed450d867,e04eb94c5a11b97b20b4fc23e4cbcef0ba3ced21f3bdf94682828356065cdd2a,0.25335313910575885,4.750367800006643
p2p-Gnutella08,spread_resid,plus_orbit_lt15,5,1,5,rf,6299,45,dcece2a6c43eb3af150d7357885003ee166f4bb9b7b5a037bc4198659ec035e7,3ad453c855dc1fe9348341a857d809666b9e9c9f60d8d63c8c87697ed450d867,f3e23019196a65a7f8d85c9b9422bb9aa8a8ace7f7468b80bf104b5d4f22289f,0.242810475758862,4.4816800999687985
p2p-Gnutella08,spread_resid,plus_orbit_lt15,6,1,5,rf,6299,45,dcece2a6c43eb3af150d7357885003ee166f4bb9b7b5a037bc4198659ec035e7,3ad453c855dc1fe9348341a857d809666b9e9c9f60d8d63c8c87697ed450d867,2b1232330895620c69bf7fb5c9635478f7bbb40d8bc2bdf17f86567e0e45fb9e,0.25154329788902324,5.068521600042004
p2p-Gnutella08,spread_resid,plus_orbit_lt15,7,1,5,rf,6299,45,dcece2a6c43eb3af150d7357885003ee166f4bb9b7b5a037bc4198659ec035e7,3ad453c855dc1fe9348341a857d809666b9e9c9f60d8d63c8c87697ed450d867,fc22108d2401808f9c8bf29262d64804c754004321b64eeea1bcd32f7d4f2d4a,0.25645226735062104,4.971199000021443
p2p-Gnutella08,spread_resid,plus_orbit_lt15,8,1,5,rf,6299,45,dcece2a6c43eb3af150d7357885003ee166f4bb9b7b5a037bc4198659ec035e7,3ad453c855dc1fe9348341a857d809666b9e9c9f60d8d63c8c87697ed450d867,bdce87a3c059014086c217a4745e25c36f9be0caafa8f33268d235790bcb52d7,0.24592074997148763,4.80757869995432
p2p-Gnutella08,spread_resid,plus_orbit_lt15,9,1,5,rf,6299,45,dcece2a6c43eb3af150d7357885003ee166f4bb9b7b5a037bc4198659ec035e7,3ad453c855dc1fe9348341a857d809666b9e9c9f60d8d63c8c87697ed450d867,8be197355ac651237c4b824aca070f65a9b77d25c7542b7552c4bb155ed1a573,0.24776598139985354,4.762555299967062
p2p-Gnutella08,spread_resid,full_r1_structural,0,1,5,rf,6299,56,5c066804775eef25e1ad1933a219214469e6490f0a28e520ddc47b3ecc599613,3ad453c855dc1fe9348341a857d809666b9e9c9f60d8d63c8c87697ed450d867,5e92a306f4c23e1a581b082a920da8f477a2281f012b5f351701a48553de8fa2,0.24914147629461997,5.102126199984923
p2p-Gnutella08,spread_resid,full_r1_structural,1,1,5,rf,6299,56,5c066804775eef25e1ad1933a219214469e6490f0a28e520ddc47b3ecc599613,3ad453c855dc1fe9348341a857d809666b9e9c9f60d8d63c8c87697ed450d867,8edbf47c3fe4aeeb74c510f009aa304974ce668550085b13cdd376a9df71efd6,0.2520759370599092,5.140129600011278
p2p-Gnutella08,spread_resid,full_r1_structural,2,1,5,rf,6299,56,5c066804775eef25e1ad1933a219214469e6490f0a28e520ddc47b3ecc599613,3ad453c855dc1fe9348341a857d809666b9e9c9f60d8d63c8c87697ed450d867,7ccd485274cb266f12e2eea038880079860913673c4216e1f94ac8f94dd7f366,0.24708974534824785,5.076805999968201
p2p-Gnutella08,spread_resid,full_r1_structural,3,1,5,rf,6299,56,5c066804775eef25e1ad1933a219214469e6490f0a28e520ddc47b3ecc599613,3ad453c855dc1fe9348341a857d809666b9e9c9f60d8d63c8c87697ed450d867,d8ee40b86b0b528a7bc33f638ffde85626d3040c7c8e2ac0284228b7970f010d,0.2515796408420348,5.065161999955308
p2p-Gnutella08,spread_resid,full_r1_structural,4,1,5,rf,6299,56,5c066804775eef25e1ad1933a219214469e6490f0a28e520ddc47b3ecc599613,3ad453c855dc1fe9348341a857d809666b9e9c9f60d8d63c8c87697ed450d867,e04eb94c5a11b97b20b4fc23e4cbcef0ba3ced21f3bdf94682828356065cdd2a,0.25300220365660736,5.062976500019431
p2p-Gnutella08,spread_resid,full_r1_structural,5,1,5,rf,6299,56,5c066804775eef25e1ad1933a219214469e6490f0a28e520ddc47b3ecc599613,3ad453c855dc1fe9348341a857d809666b9e9c9f60d8d63c8c87697ed450d867,f3e23019196a65a7f8d85c9b9422bb9aa8a8ace7f7468b80bf104b5d4f22289f,0.24300976821943165,5.056427499977872
p2p-Gnutella08,spread_resid,full_r1_structural,6,1,5,rf,6299,56,5c066804775eef25e1ad1933a219214469e6490f0a28e520ddc47b3ecc599613,3ad453c855dc1fe9348341a857d809666b9e9c9f60d8d63c8c87697ed450d867,2b1232330895620c69bf7fb5c9635478f7bbb40d8bc2bdf17f86567e0e45fb9e,0.2516556900486462,5.057371300004888
p2p-Gnutella08,spread_resid,full_r1_structural,7,1,5,rf,6299,56,5c066804775eef25e1ad1933a219214469e6490f0a28e520ddc47b3ecc599613,3ad453c855dc1fe9348341a857d809666b9e9c9f60d8d63c8c87697ed450d867,fc22108d2401808f9c8bf29262d64804c754004321b64eeea1bcd32f7d4f2d4a,0.2562281580187471,5.11078719998477
p2p-Gnutella08,spread_resid,full_r1_structural,8,1,5,rf,6299,56,5c066804775eef25e1ad1933a219214469e6490f0a28e520ddc47b3ecc599613,3ad453c855dc1fe9348341a857d809666b9e9c9f60d8d63c8c87697ed450d867,bdce87a3c059014086c217a4745e25c36f9be0caafa8f33268d235790bcb52d7,0.24579791820650723,5.13112530001672
p2p-Gnutella08,spread_resid,full_r1_structural,9,1,5,rf,6299,56,5c066804775eef25e1ad1933a219214469e6490f0a28e520ddc47b3ecc599613,3ad453c855dc1fe9348341a857d809666b9e9c9f60d8d63c8c87697ed450d867,8be197355ac651237c4b824aca070f65a9b77d25c7542b7552c4bb155ed1a573,0.2473898605182163,5.05973629996879
p2p-Gnutella08,betweenness,node_edge,0,1,5,rf_log1p,6299,38,a45d535846cb3e119d5d14d2a62b3d52917062b6c0b0579a9fbc2103bddf4265,59770f85e332baa490c45d2cd8ed5ccd580aa0c09ccc416567792f1c4b9fc079,5e92a306f4c23e1a581b082a920da8f477a2281f012b5f351701a48553de8fa2,0.9236157241966395,3.157131300016772
p2p-Gnutella08,betweenness,node_edge,1,1,5,rf_log1p,6299,38,a45d535846cb3e119d5d14d2a62b3d52917062b6c0b0579a9fbc2103bddf4265,59770f85e332baa490c45d2cd8ed5ccd580aa0c09ccc416567792f1c4b9fc079,8edbf47c3fe4aeeb74c510f009aa304974ce668550085b13cdd376a9df71efd6,0.9231121920470527,3.1838007000042126
p2p-Gnutella08,betweenness,node_edge,2,1,5,rf_log1p,6299,38,a45d535846cb3e119d5d14d2a62b3d52917062b6c0b0579a9fbc2103bddf4265,59770f85e332baa490c45d2cd8ed5ccd580aa0c09ccc416567792f1c4b9fc079,7ccd485274cb266f12e2eea038880079860913673c4216e1f94ac8f94dd7f366,0.9226027208241936,3.153468700009398
p2p-Gnutella08,betweenness,node_edge,3,1,5,rf_log1p,6299,38,a45d535846cb3e119d5d14d2a62b3d52917062b6c0b0579a9fbc2103bddf4265,59770f85e332baa490c45d2cd8ed5ccd580aa0c09ccc416567792f1c4b9fc079,d8ee40b86b0b528a7bc33f638ffde85626d3040c7c8e2ac0284228b7970f010d,0.9234575709128772,2.980100999993738
p2p-Gnutella08,betweenness,node_edge,4,1,5,rf_log1p,6299,38,a45d535846cb3e119d5d14d2a62b3d52917062b6c0b0579a9fbc2103bddf4265,59770f85e332baa490c45d2cd8ed5ccd580aa0c09ccc416567792f1c4b9fc079,e04eb94c5a11b97b20b4fc23e4cbcef0ba3ced21f3bdf94682828356065cdd2a,0.9233549358828246,2.604241000022739
p2p-Gnutella08,betweenness,node_edge,5,1,5,rf_log1p,6299,38,a45d535846cb3e119d5d14d2a62b3d52917062b6c0b0579a9fbc2103bddf4265,59770f85e332baa490c45d2cd8ed5ccd580aa0c09ccc416567792f1c4b9fc079,f3e23019196a65a7f8d85c9b9422bb9aa8a8ace7f7468b80bf104b5d4f22289f,0.9236173768359038,3.220596600032877
p2p-Gnutella08,betweenness,node_edge,6,1,5,rf_log1p,6299,38,a45d535846cb3e119d5d14d2a62b3d52917062b6c0b0579a9fbc2103bddf4265,59770f85e332baa490c45d2cd8ed5ccd580aa0c09ccc416567792f1c4b9fc079,2b1232330895620c69bf7fb5c9635478f7bbb40d8bc2bdf17f86567e0e45fb9e,0.9235841501222506,3.4095292999991216
p2p-Gnutella08,betweenness,node_edge,7,1,5,rf_log1p,6299,38,a45d535846cb3e119d5d14d2a62b3d52917062b6c0b0579a9fbc2103bddf4265,59770f85e332baa490c45d2cd8ed5ccd580aa0c09ccc416567792f1c4b9fc079,fc22108d2401808f9c8bf29262d64804c754004321b64eeea1bcd32f7d4f2d4a,0.9226150073336501,3.1656928000156768
p2p-Gnutella08,betweenness,node_edge,8,1,5,rf_log1p,6299,38,a45d535846cb3e119d5d14d2a62b3d52917062b6c0b0579a9fbc2103bddf4265,59770f85e332baa490c45d2cd8ed5ccd580aa0c09ccc416567792f1c4b9fc079,bdce87a3c059014086c217a4745e25c36f9be0caafa8f33268d235790bcb52d7,0.9237939735104239,3.1565644000074826
p2p-Gnutella08,betweenness,node_edge,9,1,5,rf_log1p,6299,38,a45d535846cb3e119d5d14d2a62b3d52917062b6c0b0579a9fbc2103bddf4265,59770f85e332baa490c45d2cd8ed5ccd580aa0c09ccc416567792f1c4b9fc079,8be197355ac651237c4b824aca070f65a9b77d25c7542b7552c4bb155ed1a573,0.9234662105547499,3.2094417000189424
p2p-Gnutella08,betweenness,plus_nonorbit_subgraph,0,1,5,rf_log1p,6299,40,c61383d6b27ef0ad89c89dab2673f8c8726eee83fc5458704272a64ff6df9087,59770f85e332baa490c45d2cd8ed5ccd580aa0c09ccc416567792f1c4b9fc079,5e92a306f4c23e1a581b082a920da8f477a2281f012b5f351701a48553de8fa2,0.9235597541623084,3.340227500011679
p2p-Gnutella08,betweenness,plus_nonorbit_subgraph,1,1,5,rf_log1p,6299,40,c61383d6b27ef0ad89c89dab2673f8c8726eee83fc5458704272a64ff6df9087,59770f85e332baa490c45d2cd8ed5ccd580aa0c09ccc416567792f1c4b9fc079,8edbf47c3fe4aeeb74c510f009aa304974ce668550085b13cdd376a9df71efd6,0.9232227651090105,3.2709963000379503
p2p-Gnutella08,betweenness,plus_nonorbit_subgraph,2,1,5,rf_log1p,6299,40,c61383d6b27ef0ad89c89dab2673f8c8726eee83fc5458704272a64ff6df9087,59770f85e332baa490c45d2cd8ed5ccd580aa0c09ccc416567792f1c4b9fc079,7ccd485274cb266f12e2eea038880079860913673c4216e1f94ac8f94dd7f366,0.9226989444433141,3.316312199982349
p2p-Gnutella08,betweenness,plus_nonorbit_subgraph,3,1,5,rf_log1p,6299,40,c61383d6b27ef0ad89c89dab2673f8c8726eee83fc5458704272a64ff6df9087,59770f85e332baa490c45d2cd8ed5ccd580aa0c09ccc416567792f1c4b9fc079,d8ee40b86b0b528a7bc33f638ffde85626d3040c7c8e2ac0284228b7970f010d,0.9235188383243804,3.3345518999849446
p2p-Gnutella08,betweenness,plus_nonorbit_subgraph,4,1,5,rf_log1p,6299,40,c61383d6b27ef0ad89c89dab2673f8c8726eee83fc5458704272a64ff6df9087,59770f85e332baa490c45d2cd8ed5ccd580aa0c09ccc416567792f1c4b9fc079,e04eb94c5a11b97b20b4fc23e4cbcef0ba3ced21f3bdf94682828356065cdd2a,0.923514579701894,3.410208799992688
p2p-Gnutella08,betweenness,plus_nonorbit_subgraph,5,1,5,rf_log1p,6299,40,c61383d6b27ef0ad89c89dab2673f8c8726eee83fc5458704272a64ff6df9087,59770f85e332baa490c45d2cd8ed5ccd580aa0c09ccc416567792f1c4b9fc079,f3e23019196a65a7f8d85c9b9422bb9aa8a8ace7f7468b80bf104b5d4f22289f,0.9236948421059537,3.27654240000993
p2p-Gnutella08,betweenness,plus_nonorbit_subgraph,6,1,5,rf_log1p,6299,40,c61383d6b27ef0ad89c89dab2673f8c8726eee83fc5458704272a64ff6df9087,59770f85e332baa490c45d2cd8ed5ccd580aa0c09ccc416567792f1c4b9fc079,2b1232330895620c69bf7fb5c9635478f7bbb40d8bc2bdf17f86567e0e45fb9e,0.9238159457887071,3.2452700000139885
p2p-Gnutella08,betweenness,plus_nonorbit_subgraph,7,1,5,rf_log1p,6299,40,c61383d6b27ef0ad89c89dab2673f8c8726eee83fc5458704272a64ff6df9087,59770f85e332baa490c45d2cd8ed5ccd580aa0c09ccc416567792f1c4b9fc079,fc22108d2401808f9c8bf29262d64804c754004321b64eeea1bcd32f7d4f2d4a,0.9227412262235964,3.2901795000070706
p2p-Gnutella08,betweenness,plus_nonorbit_subgraph,8,1,5,rf_log1p,6299,40,c61383d6b27ef0ad89c89dab2673f8c8726eee83fc5458704272a64ff6df9087,59770f85e332baa490c45d2cd8ed5ccd580aa0c09ccc416567792f1c4b9fc079,bdce87a3c059014086c217a4745e25c36f9be0caafa8f33268d235790bcb52d7,0.9239552793535379,3.2991175000206567
p2p-Gnutella08,betweenness,plus_nonorbit_subgraph,9,1,5,rf_log1p,6299,40,c61383d6b27ef0ad89c89dab2673f8c8726eee83fc5458704272a64ff6df9087,59770f85e332baa490c45d2cd8ed5ccd580aa0c09ccc416567792f1c4b9fc079,8be197355ac651237c4b824aca070f65a9b77d25c7542b7552c4bb155ed1a573,0.9234920069115325,3.2503731999895535
p2p-Gnutella08,betweenness,plus_orbit_lt15,0,1,5,rf_log1p,6299,45,dcece2a6c43eb3af150d7357885003ee166f4bb9b7b5a037bc4198659ec035e7,59770f85e332baa490c45d2cd8ed5ccd580aa0c09ccc416567792f1c4b9fc079,5e92a306f4c23e1a581b082a920da8f477a2281f012b5f351701a48553de8fa2,0.9237458835934194,3.4053125000209548
p2p-Gnutella08,betweenness,plus_orbit_lt15,1,1,5,rf_log1p,6299,45,dcece2a6c43eb3af150d7357885003ee166f4bb9b7b5a037bc4198659ec035e7,59770f85e332baa490c45d2cd8ed5ccd580aa0c09ccc416567792f1c4b9fc079,8edbf47c3fe4aeeb74c510f009aa304974ce668550085b13cdd376a9df71efd6,0.9233002082741757,3.4314088000101037
p2p-Gnutella08,betweenness,plus_orbit_lt15,2,1,5,rf_log1p,6299,45,dcece2a6c43eb3af150d7357885003ee166f4bb9b7b5a037bc4198659ec035e7,59770f85e332baa490c45d2cd8ed5ccd580aa0c09ccc416567792f1c4b9fc079,7ccd485274cb266f12e2eea038880079860913673c4216e1f94ac8f94dd7f366,0.9227072474053948,3.3747106000082567
p2p-Gnutella08,betweenness,plus_orbit_lt15,3,1,5,rf_log1p,6299,45,dcece2a6c43eb3af150d7357885003ee166f4bb9b7b5a037bc4198659ec035e7,59770f85e332baa490c45d2cd8ed5ccd580aa0c09ccc416567792f1c4b9fc079,d8ee40b86b0b528a7bc33f638ffde85626d3040c7c8e2ac0284228b7970f010d,0.9235322131357422,3.4575349999940954
p2p-Gnutella08,betweenness,plus_orbit_lt15,4,1,5,rf_log1p,6299,45,dcece2a6c43eb3af150d7357885003ee166f4bb9b7b5a037bc4198659ec035e7,59770f85e332baa490c45d2cd8ed5ccd580aa0c09ccc416567792f1c4b9fc079,e04eb94c5a11b97b20b4fc23e4cbcef0ba3ced21f3bdf94682828356065cdd2a,0.9235929264632031,3.3765908000059426
p2p-Gnutella08,betweenness,plus_orbit_lt15,5,1,5,rf_log1p,6299,45,dcece2a6c43eb3af150d7357885003ee166f4bb9b7b5a037bc4198659ec035e7,59770f85e332baa490c45d2cd8ed5ccd580aa0c09ccc416567792f1c4b9fc079,f3e23019196a65a7f8d85c9b9422bb9aa8a8ace7f7468b80bf104b5d4f22289f,0.92369943102181,3.288985799998045
p2p-Gnutella08,betweenness,plus_orbit_lt15,6,1,5,rf_log1p,6299,45,dcece2a6c43eb3af150d7357885003ee166f4bb9b7b5a037bc4198659ec035e7,59770f85e332baa490c45d2cd8ed5ccd580aa0c09ccc416567792f1c4b9fc079,2b1232330895620c69bf7fb5c9635478f7bbb40d8bc2bdf17f86567e0e45fb9e,0.923848592619909,3.726041400048416
p2p-Gnutella08,betweenness,plus_orbit_lt15,7,1,5,rf_log1p,6299,45,dcece2a6c43eb3af150d7357885003ee166f4bb9b7b5a037bc4198659ec035e7,59770f85e332baa490c45d2cd8ed5ccd580aa0c09ccc416567792f1c4b9fc079,fc22108d2401808f9c8bf29262d64804c754004321b64eeea1bcd32f7d4f2d4a,0.9226423274396991,3.713436099991668
p2p-Gnutella08,betweenness,plus_orbit_lt15,8,1,5,rf_log1p,6299,45,dcece2a6c43eb3af150d7357885003ee166f4bb9b7b5a037bc4198659ec035e7,59770f85e332baa490c45d2cd8ed5ccd580aa0c09ccc416567792f1c4b9fc079,bdce87a3c059014086c217a4745e25c36f9be0caafa8f33268d235790bcb52d7,0.9239364866707077,3.498048999987077
p2p-Gnutella08,betweenness,plus_orbit_lt15,9,1,5,rf_log1p,6299,45,dcece2a6c43eb3af150d7357885003ee166f4bb9b7b5a037bc4198659ec035e7,59770f85e332baa490c45d2cd8ed5ccd580aa0c09ccc416567792f1c4b9fc079,8be197355ac651237c4b824aca070f65a9b77d25c7542b7552c4bb155ed1a573,0.9234526862806498,3.457446100015659
p2p-Gnutella08,betweenness,full_r1_structural,0,1,5,rf_log1p,6299,56,5c066804775eef25e1ad1933a219214469e6490f0a28e520ddc47b3ecc599613,59770f85e332baa490c45d2cd8ed5ccd580aa0c09ccc416567792f1c4b9fc079,5e92a306f4c23e1a581b082a920da8f477a2281f012b5f351701a48553de8fa2,0.9236630449513042,3.759399900038261
p2p-Gnutella08,betweenness,full_r1_structural,1,1,5,rf_log1p,6299,56,5c066804775eef25e1ad1933a219214469e6490f0a28e520ddc47b3ecc599613,59770f85e332baa490c45d2cd8ed5ccd580aa0c09ccc416567792f1c4b9fc079,8edbf47c3fe4aeeb74c510f009aa304974ce668550085b13cdd376a9df71efd6,0.9235450460526266,3.680165100027807
p2p-Gnutella08,betweenness,full_r1_structural,2,1,5,rf_log1p,6299,56,5c066804775eef25e1ad1933a219214469e6490f0a28e520ddc47b3ecc599613,59770f85e332baa490c45d2cd8ed5ccd580aa0c09ccc416567792f1c4b9fc079,7ccd485274cb266f12e2eea038880079860913673c4216e1f94ac8f94dd7f366,0.9227892643523498,3.7013723999843933
p2p-Gnutella08,betweenness,full_r1_structural,3,1,5,rf_log1p,6299,56,5c066804775eef25e1ad1933a219214469e6490f0a28e520ddc47b3ecc599613,59770f85e332baa490c45d2cd8ed5ccd580aa0c09ccc416567792f1c4b9fc079,d8ee40b86b0b528a7bc33f638ffde85626d3040c7c8e2ac0284228b7970f010d,0.9235672938876306,3.723865300009493
p2p-Gnutella08,betweenness,full_r1_structural,4,1,5,rf_log1p,6299,56,5c066804775eef25e1ad1933a219214469e6490f0a28e520ddc47b3ecc599613,59770f85e332baa490c45d2cd8ed5ccd580aa0c09ccc416567792f1c4b9fc079,e04eb94c5a11b97b20b4fc23e4cbcef0ba3ced21f3bdf94682828356065cdd2a,0.9235250360528112,3.821123000001535
p2p-Gnutella08,betweenness,full_r1_structural,5,1,5,rf_log1p,6299,56,5c066804775eef25e1ad1933a219214469e6490f0a28e520ddc47b3ecc599613,59770f85e332baa490c45d2cd8ed5ccd580aa0c09ccc416567792f1c4b9fc079,f3e23019196a65a7f8d85c9b9422bb9aa8a8ace7f7468b80bf104b5d4f22289f,0.9237149459278001,3.650831900013145
p2p-Gnutella08,betweenness,full_r1_structural,6,1,5,rf_log1p,6299,56,5c066804775eef25e1ad1933a219214469e6490f0a28e520ddc47b3ecc599613,59770f85e332baa490c45d2cd8ed5ccd580aa0c09ccc416567792f1c4b9fc079,2b1232330895620c69bf7fb5c9635478f7bbb40d8bc2bdf17f86567e0e45fb9e,0.9237358094754718,3.6441084999823943
p2p-Gnutella08,betweenness,full_r1_structural,7,1,5,rf_log1p,6299,56,5c066804775eef25e1ad1933a219214469e6490f0a28e520ddc47b3ecc599613,59770f85e332baa490c45d2cd8ed5ccd580aa0c09ccc416567792f1c4b9fc079,fc22108d2401808f9c8bf29262d64804c754004321b64eeea1bcd32f7d4f2d4a,0.9226117160814558,3.8035412000026554
p2p-Gnutella08,betweenness,full_r1_structural,8,1,5,rf_log1p,6299,56,5c066804775eef25e1ad1933a219214469e6490f0a28e520ddc47b3ecc599613,59770f85e332baa490c45d2cd8ed5ccd580aa0c09ccc416567792f1c4b9fc079,bdce87a3c059014086c217a4745e25c36f9be0caafa8f33268d235790bcb52d7,0.9240066436802749,3.58647939999355
p2p-Gnutella08,betweenness,full_r1_structural,9,1,5,rf_log1p,6299,56,5c066804775eef25e1ad1933a219214469e6490f0a28e520ddc47b3ecc599613,59770f85e332baa490c45d2cd8ed5ccd580aa0c09ccc416567792f1c4b9fc079,8be197355ac651237c4b824aca070f65a9b77d25c7542b7552c4bb155ed1a573,0.923648283027998,3.6166988000040874
