network,target,set_id,seed,radius,n_splits,objective_id,n_rows,n_columns,columns_sha256,target_sha256,fold_digest,kendall_tau,fit_seconds
ca-GrQc,spread_mean,node_edge,0,1,5,rf,4158,38,a45d535846cb3e119d5d14d2a62b3d52917062b6c0b0579a9fbc2103bddf4265,6665abcf47a2153af73c59ecd874ade3d27232a63c423e3beb02cd65a426a90b,88d923553eb7c3eef7522f89c1d6119ade0eb1748d4c90fab5df502335dc1d18,0.9065429630832351,2.8197160999989137
ca-GrQc,spread_mean,node_edge,1,1,5,rf,4158,38,a45d535846cb3e119d5d14d2a62b3d52917062b6c0b0579a9fbc2103bddf4265,6665abcf47a2153af73c59ecd874ade3d27232a63c423e3beb02cd65a426a90b,9e9545c5461a1bd2663085b76e05b6979374e4edd8881be2d134c95cba6c75d9,0.9078878791409516,3.006351199990604
ca-GrQc,spread_mean,node_edge,2,1,5,rf,4158,38,a45d535846cb3e119d5d14d2a62b3d52917062b6c0b0579a9fbc2103bddf4265,6665abcf47a2153af73c59ecd874ade3d27232a63c423e3beb02cd65a426a90b,baf9067770f62fd1389cb8fba1fad3b41a07493e259653942eb8a192d36d17c2,0.9076318122609147,2.8405336000141688
ca-GrQc,spread_mean,node_edge,3,1,5,rf,4158,38,a45d535846cb3e119d5d14d2a62b3d52917062b6c0b0579a9fbc2103bddf4265,6665abcf47a2153af73c59ecd874ade3d27232a63c423e3beb02cd65a426a90b,8250746bbe5f21d917b544f1188f7c6f9af37d9d6b2e5962a0df5cd56a067adf,0.9065868679386281,2.8442945000133477
ca-GrQc,spread_mean,node_edge,4,1,5,rf,4158,38,a45d535846cb3e119d5d14d2a62b3d52917062b6c0b0579a9fbc2103bddf4265,6665abcf47a2153af73c59ecd874ade3d27232a63c423e3beb02cd65a426a90b,2923e520960435beb6fd396f69f3bacf05fc9503d08ba9af6e2fad96adb90251,0.9082293059287863,2.706809399998747
ca-GrQc,spread_mean,node_edge,5,1,5,rf,4158,38,a45d535846cb3e119d5d14d2a62b3d52917062b6c0b0579a9fbc2103bddf4265,6665abcf47a2153af73c59ecd874ade3d27232a63c423e3beb02cd65a426a90b,dcb426f861c79deef12674b7be17c5b4ccbccb2696e8c51853aa8c2b5c15aafd,0.9065403854371622,2.695075800002087
ca-GrQc,spread_mean,node_edge,6,1,5,rf,4158,38,a45d535846cb3e119d5d14d2a62b3d52917062b6c0b0579a9fbc2103bddf4265,6665abcf47a2153af73c59ecd874ade3d27232a63c423e3beb02cd65a426a90b,fd9c8bc97be818729648c3e99ebf7f1ce7d70b347028c5536fb1cef5797f89c0,0.9072946334378603,2.7303542000008747
ca-GrQc,spread_mean,node_edge,7,1,5,rf,4158,38,a45d535846cb3e119d5d14d2a62b3d52917062b6c0b0579a9fbc2103bddf4265,6665abcf47a2153af73c59ecd874ade3d27232a63c423e3beb02cd65a426a90b,ecf6ffac3fb86beb74fa0bf0df57dff374b5a709dcd1ff9a31b6da0413380f3f,0.907116179989043,2.6912512999842875
ca-GrQc,spread_mean,node_edge,8,1,5,rf,4158,38,a45d535846cb3e119d5d14d2a62b3d52917062b6c0b0579a9fbc2103bddf4265,6665abcf47a2153af73c59ecd874ade3d27232a63c423e3beb02cd65a426a90b,01ff36ada85e55535895edc6addcdf31658234d7eb82604039eeb0da049196a6,0.9072013828084454,2.691296600009082
ca-GrQc,spread_mean,node_edge,9,1,5,rf,4158,38,a45d535846cb3e119d5d14d2a62b3d52917062b6c0b0579a9fbc2103bddf4265,6665abcf47a2153af73c59ecd874ade3d27232a63c423e3beb02cd65a426a90b,b1876a48dcd8f44492c4729f1d084a7907438dc71dbb3996872076a7ed2ac118,0.9079736308242429,2.7304634999891277
ca-GrQc,spread_mean,plus_nonorbit_subgraph,0,1,5,rf,4158,40,c61383d6b27ef0ad89c89dab2673f8c8726eee83fc5458704272a64ff6df9087,6665abcf47a2153af73c59ecd874ade3d27232a63c423e3beb02cd65a426a90b,88d923553eb7c3eef7522f89c1d6119ade0eb1748d4c90fab5df502335dc1d18,0.9065431946135557,2.8658796999952756
ca-GrQc,spread_mean,plus_nonorbit_subgraph,1,1,5,rf,4158,40,c61383d6b27ef0ad89c89dab2673f8c8726eee83fc5458704272a64ff6df9087,6665abcf47a2153af73c59ecd874ade3d27232a63c423e3beb02cd65a426a90b,9e9545c5461a1bd2663085b76e05b6979374e4edd8881be2d134c95cba6c75d9,0.907982342844779,3.0551211000129115
ca-GrQc,spread_mean,plus_nonorbit_subgraph,2,1,5,rf,4158,40,c61383d6b27ef0ad89c89dab2673f8c8726eee83fc5458704272a64ff6df9087,6665abcf47a2153af73c59ecd874ade3d27232a63c423e3beb02cd65a426a90b,baf9067770f62fd1389cb8fba1fad3b41a07493e259653942eb8a192d36d17c2,0.9077230349591183,3.437877499993192
ca-GrQc,spread_mean,plus_nonorbit_subgraph,3,1,5,rf,4158,40,c61383d6b27ef0ad89c89dab2673f8c8726eee83fc5458704272a64ff6df9087,6665abcf47a2153af73c59ecd874ade3d27232a63c423e3beb02cd65a426a90b,8250746bbe5f21d917b544f1188f7c6f9af37d9d6b2e5962a0df5cd56a067adf,0.906603306535263,4.008038600004511
ca-GrQc,spread_mean,plus_nonorbit_subgraph,4,1,5,rf,4158,40,c61383d6b27ef0ad89c89dab2673f8c8726eee83fc5458704272a64ff6df9087,6665abcf47a2153af73c59ecd874ade3d27232a63c423e3beb02cd65a426a90b,2923e520960435beb6fd396f69f3bacf05fc9503d08ba9af6e2fad96adb90251,0.90840966761017,4.07641879998846
ca-GrQc,spread_mean,plus_nonorbit_subgraph,5,1,5,rf,4158,40,c61383d6b27ef0ad89c89dab2673f8c8726eee83fc5458704272a64ff6df9087,6665abcf47a2153af73c59ecd874ade3d27232a63c423e3beb02cd65a426a90b,dcb426f861c79deef12674b7be17c5b4ccbccb2696e8c51853aa8c2b5c15aafd,0.9065415430884307,3.9021576000086498
ca-GrQc,spread_mean,plus_nonorbit_subgraph,6,1,5,rf,4158,40,c61383d6b27ef0ad89c89dab2673f8c8726eee83fc5458704272a64ff6df9087,6665abcf47a2153af73c59ecd874ade3d27232a63c423e3beb02cd65a426a90b,fd9c8bc97be818729648c3e99ebf7f1ce7d70b347028c5536fb1cef5797f89c0,0.9072754163867635,3.8815329000062775
ca-GrQc,spread_mean,plus_nonorbit_subgraph,7,1,5,rf,4158,40,c61383d6b27ef0ad89c89dab2673f8c8726eee83fc5458704272a64ff6df9087,6665abcf47a2153af73c59ecd874ade3d27232a63c423e3beb02cd65a426a90b,ecf6ffac3fb86beb74fa0bf0df57dff374b5a709dcd1ff9a31b6da0413380f3f,0.9071726736652196,3.8250933999952395
ca-GrQc,spread_mean,plus_nonorbit_subgraph,8,1,5,rf,4158,40,c61383d6b27ef0ad89c89dab2673f8c8726eee83fc5458704272a64ff6df9087,6665abcf47a2153af73c59ecd874ade3d27232a63c423e3beb02cd65a426a90b,01ff36ada85e55535895edc6addcdf31658234d7eb82604039eeb0da049196a6,0.9072319448090078,3.8343644999840762
ca-GrQc,spread_mean,plus_nonorbit_subgraph,9,1,5,rf,4158,40,c61383d6b27ef0ad89c89dab2673f8c8726eee83fc5458704272a64ff6df9087,6665abcf47a2153af73c59ecd874ade3d27232a63c423e3beb02cd65a426a90b,b1876a48dcd8f44492c4729f1d084a7907438dc71dbb3996872076a7ed2ac118,0.9078668953278713,3.328776200010907
ca-GrQc,spread_mean,plus_orbit_lt15,0,1,5,rf,4158,45,dcece2a6c43eb3af150d7357885003ee166f4bb9b7b5a037bc4198659ec035e7,6665abcf47a2153af73c59ecd874ade3d27232a63c423e3beb02cd65a426a90b,88d923553eb7c3eef7522f89c1d6119ade0eb1748d4c90fab5df502335dc1d18,0.9063751036007337,3.0329997000226285
ca-GrQc,spread_mean,plus_orbit_lt15,1,1,5,rf,4158,45,dcece2a6c43eb3af150d7357885003ee166f4bb9b7b5a037bc4198659ec035e7,6665abcf47a2153af73c59ecd874ade3d27232a63c423e3beb02cd65a426a90b,9e9545c5461a1bd2663085b76e05b6979374e4edd8881be2d134c95cba6c75d9,0.9080615256553402,3.091029700008221
ca-GrQc,spread_mean,plus_orbit_lt15,2,1,5,rf,4158,45,dcece2a6c43eb3af150d7357885003ee166f4bb9b7b5a037bc4198659ec035e7,6665abcf47a2153af73c59ecd874ade3d27232a63c423e3beb02cd65a426a90b,baf9067770f62fd1389cb8fba1fad3b41a07493e259653942eb8a192d36d17c2,0.907883021975511,3.4271888000075705
ca-GrQc,spread_mean,plus_orbit_lt15,3,1,5,rf,4158,45,dcece2a6c43eb3af150d7357885003ee166f4bb9b7b5a037bc4198659ec035e7,6665abcf47a2153af73c59ecd874ade3d27232a63c423e3beb02cd65a426a90b,8250746bbe5f21d917b544f1188f7c6f9af37d9d6b2e5962a0df5cd56a067adf,0.9065882571158086,3.284562500019092
ca-GrQc,spread_mean,plus_orbit_lt15,4,1,5,rf,4158,45,dcece2a6c43eb3af150d7357885003ee166f4bb9b7b5a037bc4198659ec035e7,6665abcf47a2153af73c59ecd874ade3d27232a63c423e3beb02cd65a426a90b,2923e520960435beb6fd396f69f3bacf05fc9503d08ba9af6e2fad96adb90251,0.9083628985990794,3.2974955000099726
ca-GrQc,spread_mean,plus_orbit_lt15,5,1,5,rf,4158,45,dcece2a6c43eb3af150d7357885003ee166f4bb9b7b5a037bc4198659ec035e7,6665abcf47a2153af73c59ecd874ade3d27232a63c423e3beb02cd65a426a90b,dcb426f861c79deef12674b7be17c5b4ccbccb2696e8c51853aa8c2b5c15aafd,0.9065734942634398,3.46962769998936
ca-GrQc,spread_mean,plus_orbit_lt15,6,1,5,rf,4158,45,dcece2a6c43eb3af150d7357885003ee166f4bb9b7b5a037bc4198659ec035e7,6665abcf47a2153af73c59ecd874ade3d27232a63c423e3beb02cd65a426a90b,fd9c8bc97be818729648c3e99ebf7f1ce7d70b347028c5536fb1cef5797f89c0,0.9073948862465947,3.4500894999946468
ca-GrQc,spread_mean,plus_orbit_lt15,7,1,5,rf,4158,45,dcece2a6c43eb3af150d7357885003ee166f4bb9b7b5a037bc4198659ec035e7,6665abcf47a2153af73c59ecd874ade3d27232a63c423e3beb02cd65a426a90b,ecf6ffac3fb86beb74fa0bf0df57dff374b5a709dcd1ff9a31b6da0413380f3f,0.9071321556597651,3.2560266999935266
ca-GrQc,spread_mean,plus_orbit_lt15,8,1,5,rf,4158,45,dcece2a6c43eb3af150d7357885003ee166f4bb9b7b5a037bc4198659ec035e7,6665abcf47a2153af73c59ecd874ade3d27232a63c423e3beb02cd65a426a90b,01ff36ada85e55535895edc6addcdf31658234d7eb82604039eeb0da049196a6,0.9071057607915342,3.6113900000054855
ca-GrQc,spread_mean,plus_orbit_lt15,9,1,5,rf,4158,45,dcece2a6c43eb3af150d7357885003ee166f4bb9b7b5a037bc4198659ec035e7,6665abcf47a2153af73c59ecd874ade3d27232a63c423e3beb02cd65a426a90b,b1876a48dcd8f44492c4729f1d084a7907438dc71dbb3996872076a7ed2ac118,0.9079493201363491,3.2743869999831077
ca-GrQc,spread_mean,full_r1_structural,0,1,5,rf,4158,62,f87215536a24ad63e7fbc66c95f0e1f5a61902697811d754ea3f9a7c119ef71f,6665abcf47a2153af73c59ecd874ade3d27232a63c423e3beb02cd65a426a90b,88d923553eb7c3eef7522f89c1d6119ade0eb1748d4c90fab5df502335dc1d18,0.9207380219410024,3.87569529999746
ca-GrQc,spread_mean,full_r1_structural,1,1,5,rf,4158,62,f87215536a24ad63e7fbc66c95f0e1f5a61902697811d754ea3f9a7c119ef71f,6665abcf47a2153af73c59ecd874ade3d27232a63c423e3beb02cd65a426a90b,9e9545c5461a1bd2663085b76e05b6979374e4edd8881be2d134c95cba6c75d9,0.9210071811852901,3.862052299984498
ca-GrQc,spread_mean,full_r1_structural,2,1,5,rf,4158,62,f87215536a24ad63e7fbc66c95f0e1f5a61902697811d754ea3f9a7c119ef71f,6665abcf47a2153af73c59ecd874ade3d27232a63c423e3beb02cd65a426a90b,baf9067770f62fd1389cb8fba1fad3b41a07493e259653942eb8a192d36d17c2,0.9220113826254128,3.7587582000123803
ca-GrQc,spread_mean,full_r1_structural,3,1,5,rf,4158,62,f87215536a24ad63e7fbc66c95f0e1f5a61902697811d754ea3f9a7c119ef71f,6665abcf47a2153af73c59ecd874ade3d27232a63c423e3beb02cd65a426a90b,8250746bbe5f21d917b544f1188f7c6f9af37d9d6b2e5962a0df5cd56a067adf,0.9201301102882103,3.597198900009971
ca-GrQc,spread_mean,full_r1_structural,4,1,5,rf,4158,62,f87215536a24ad63e7fbc66c95f0e1f5a61902697811d754ea3f9a7c119ef71f,6665abcf47a2153af73c59ecd874ade3d27232a63c423e3beb02cd65a426a90b,2923e520960435beb6fd396f69f3bacf05fc9503d08ba9af6e2fad96adb90251,0.921512471118737,3.6504519999725744
ca-GrQc,spread_mean,full_r1_structural,5,1,5,rf,4158,62,f87215536a24ad63e7fbc66c95f0e1f5a61902697811d754ea3f9a7c119ef71f,6665abcf47a2153af73c59ecd874ade3d27232a63c423e3beb02cd65a426a90b,dcb426f861c79deef12674b7be17c5b4ccbccb2696e8c51853aa8c2b5c15aafd,0.9203257665613161,3.550749199988786
ca-GrQc,spread_mean,full_r1_structural,6,1,5,rf,4158,62,f87215536a24ad63e7fbc66c95f0e1f5a61902697811d754ea3f9a7c119ef71f,6665abcf47a2153af73c59ecd874ade3d27232a63c423e3beb02cd65a426a90b,fd9c8bc97be818729648c3e99ebf7f1ce7d70b347028c5536fb1cef5797f89c0,0.9201577873648339,3.4716794000123627
ca-GrQc,spread_mean,full_r1_structural,7,1,5,rf,4158,62,f87215536a24ad63e7fbc66c95f0e1f5a61902697811d754ea3f9a7c119ef71f,6665abcf47a2153af73c59ecd874ade3d27232a63c423e3beb02cd65a426a90b,ecf6ffac3fb86beb74fa0bf0df57dff374b5a709dcd1ff9a31b6da0413380f3f,0.919693297890308,3.4691473999992013
ca-GrQc,spread_mean,full_r1_structural,8,1,5,rf,4158,62,f87215536a24ad63e7fbc66c95f0e1f5a61902697811d754ea3f9a7c119ef71f,6665abcf47a2153af73c59ecd874ade3d27232a63c423e3beb02cd65a426a90b,01ff36ada85e55535895edc6addcdf31658234d7eb82604039eeb0da049196a6,0.9203861587501924,3.753009899985045
ca-GrQc,spread_mean,full_r1_structural,9,1,5,rf,4158,62,f87215536a24ad63e7fbc66c95f0e1f5a61902697811d754ea3f9a7c119ef71f,6665abcf47a2153af73c59ecd874ade3d27232a63c423e3beb02cd65a426a90b,b1876a48dcd8f44492c4729f1d084a7907438dc71dbb3996872076a7ed2ac118,0.9215038623295045,4.279124300024705
ca-GrQc,spread_cv,node_edge,0,1,5,rf,4158,38,a45d535846cb3e119d5d14d2a62b3d52917062b6c0b0579a9fbc2103bddf4265,b97ed7d47e6b1a6a877c1cdb0415f762c6313e685a44dfda8276e1b7c5601376,88d923553eb7c3eef7522f89c1d6119ade0eb1748d4c90fab5df502335dc1d18,0.672185762164971,3.0125559000007343
ca-GrQc,spread_cv,node_edge,1,1,5,rf,4158,38,a45d535846cb3e119d5d14d2a62b3d52917062b6c0b0579a9fbc2103bddf4265,b97ed7d47e6b1a6a877c1cdb0415f762c6313e685a44dfda8276e1b7c5601376,9e9545c5461a1bd2663085b76e05b6979374e4edd8881be2d134c95cba6c75d9,0.6714667209447811,3.0810174999933224
ca-GrQc,spread_cv,node_edge,2,1,5,rf,4158,38,a45d535846cb3e119d5d14d2a62b3d52917062b6c0b0579a9fbc2103bddf4265,b97ed7d47e6b1a6a877c1cdb0415f762c6313e685a44dfda8276e1b7c5601376,baf9067770f62fd1389cb8fba1fad3b41a07493e259653942eb8a192d36d17c2,0.674549843262078,2.852255400008289
ca-GrQc,spread_cv,node_edge,3,1,5,rf,4158,38,a45d535846cb3e119d5d14d2a62b3d52917062b6c0b0579a9fbc2103bddf4265,b97ed7d47e6b1a6a877c1cdb0415f762c6313e685a44dfda8276e1b7c5601376,8250746bbe5f21d917b544f1188f7c6f9af37d9d6b2e5962a0df5cd56a067adf,0.6684000740873444,2.827087699988624
ca-GrQc,spread_cv,node_edge,4,1,5,rf,4158,38,a45d535846cb3e119d5d14d2a62b3d52917062b6c0b0579a9fbc2103bddf4265,b97ed7d47e6b1a6a877c1cdb0415f762c6313e685a44dfda8276e1b7c5601376,2923e520960435beb6fd396f69f3bacf05fc9503d08ba9af6e2fad96adb90251,0.6734597268279409,2.7876339000067674
ca-GrQc,spread_cv,node_edge,5,1,5,rf,4158,38,a45d535846cb3e119d5d14d2a62b3d52917062b6c0b0579a9fbc2103bddf4265,b97ed7d47e6b1a6a877c1cdb0415f762c6313e685a44dfda8276e1b7c5601376,dcb426f861c79deef12674b7be17c5b4ccbccb2696e8c51853aa8c2b5c15aafd,0.6685060907051845,2.7644364000007045
ca-GrQc,spread_cv,node_edge,6,1,5,rf,4158,38,a45d535846cb3e119d5d14d2a62b3d52917062b6c0b0579a9fbc2103bddf4265,b97ed7d47e6b1a6a877c1cdb0415f762c6313e685a44dfda8276e1b7c5601376,fd9c8bc97be818729648c3e99ebf7f1ce7d70b347028c5536fb1cef5797f89c0,0.6734356065723962,2.6281146999972407
ca-GrQc,spread_cv,node_edge,7,1,5,rf,4158,38,a45d535846cb3e119d5d14d2a62b3d52917062b6c0b0579a9fbc2103bddf4265,b97ed7d47e6b1a6a877c1cdb0415f762c6313e685a44dfda8276e1b7c5601376,ecf6ffac3fb86beb74fa0bf0df57dff374b5a709dcd1ff9a31b6da0413380f3f,0.6718924456605125,3.048662700020941
ca-GrQc,spread_cv,node_edge,8,1,5,rf,4158,38,a45d535846cb3e119d5d14d2a62b3d52917062b6c0b0579a9fbc2103bddf4265,b97ed7d47e6b1a6a877c1cdb0415f762c6313e685a44dfda8276e1b7c5601376,01ff36ada85e55535895edc6addcdf31658234d7eb82604039eeb0da049196a6,0.6717795028018132,3.0962200999783818
ca-GrQc,spread_cv,node_edge,9,1,5,rf,4158,38,a45d535846cb3e119d5d14d2a62b3d52917062b6c0b0579a9fbc2103bddf4265,b97ed7d47e6b1a6a877c1cdb0415f762c6313e685a44dfda8276e1b7c5601376,b1876a48dcd8f44492c4729f1d084a7907438dc71dbb3996872076a7ed2ac118,0.673441806353691,2.8529243000084534
ca-GrQc,spread_cv,plus_nonorbit_subgraph,0,1,5,rf,4158,40,c61383d6b27ef0ad89c89dab2673f8c8726eee83fc5458704272a64ff6df9087,b97ed7d47e6b1a6a877c1cdb0415f762c6313e685a44dfda8276e1b7c5601376,88d923553eb7c3eef7522f89c1d6119ade0eb1748d4c90fab5df502335dc1d18,0.6720697983692472,2.9682692000060342
ca-GrQc,spread_cv,plus_nonorbit_subgraph,1,1,5,rf,4158,40,c61383d6b27ef0ad89c89dab2673f8c8726eee83fc5458704272a64ff6df9087,b97ed7d47e6b1a6a877c1cdb0415f762c6313e685a44dfda8276e1b7c5601376,9e9545c5461a1bd2663085b76e05b6979374e4edd8881be2d134c95cba6c75d9,0.6713660345277113,2.6762472999980673
ca-GrQc,spread_cv,plus_nonorbit_subgraph,2,1,5,rf,4158,40,c61383d6b27ef0ad89c89dab2673f8c8726eee83fc5458704272a64ff6df9087,b97ed7d47e6b1a6a877c1cdb0415f762c6313e685a44dfda8276e1b7c5601376,baf9067770f62fd1389cb8fba1fad3b41a07493e259653942eb8a192d36d17c2,0.6743109723805564,2.7540365000022575
ca-GrQc,spread_cv,plus_nonorbit_subgraph,3,1,5,rf,4158,40,c61383d6b27ef0ad89c89dab2673f8c8726eee83fc5458704272a64ff6df9087,b97ed7d47e6b1a6a877c1cdb0415f762c6313e685a44dfda8276e1b7c5601376,8250746bbe5f21d917b544f1188f7c6f9af37d9d6b2e5962a0df5cd56a067adf,0.6681642124020579,2.624596300011035
ca-GrQc,spread_cv,plus_nonorbit_subgraph,4,1,5,rf,4158,40,c61383d6b27ef0ad89c89dab2673f8c8726eee83fc5458704272a64ff6df9087,b97ed7d47e6b1a6a877c1cdb0415f762c6313e685a44dfda8276e1b7c5601376,2923e520960435beb6fd396f69f3bacf05fc9503d08ba9af6e2fad96adb90251,0.6738147927565202,2.8607058000052348
ca-GrQc,spread_cv,plus_nonorbit_subgraph,5,1,5,rf,4158,40,c61383d6b27ef0ad89c89dab2673f8c8726eee83fc5458704272a64ff6df9087,b97ed7d47e6b1a6a877c1cdb0415f762c6313e685a44dfda8276e1b7c5601376,dcb426f861c79deef12674b7be17c5b4ccbccb2696e8c51853aa8c2b5c15aafd,0.6687678771622877,2.8312928000232205
ca-GrQc,spread_cv,plus_nonorbit_subgraph,6,1,5,rf,4158,40,c61383d6b27ef0ad89c89dab2673f8c8726eee83fc5458704272a64ff6df9087,b97ed7d47e6b1a6a877c1cdb0415f762c6313e685a44dfda8276e1b7c5601376,fd9c8bc97be818729648c3e99ebf7f1ce7d70b347028c5536fb1cef5797f89c0,0.6729780001143348,3.0349032999947667
ca-GrQc,spread_cv,plus_nonorbit_subgraph,7,1,5,rf,4158,40,c61383d6b27ef0ad89c89dab2673f8c8726eee83fc5458704272a64ff6df9087,b97ed7d47e6b1a6a877c1cdb0415f762c6313e685a44dfda8276e1b7c5601376,ecf6ffac3fb86beb74fa0bf0df57dff374b5a709dcd1ff9a31b6da0413380f3f,0.6718262464414699,2.8412801999947987
ca-GrQc,spread_cv,plus_nonorbit_subgraph,8,1,5,rf,4158,40,c61383d6b27ef0ad89c89dab2673f8c8726eee83fc5458704272a64ff6df9087,b97ed7d47e6b1a6a877c1cdb0415f762c6313e685a44dfda8276e1b7c5601376,01ff36ada85e55535895edc6addcdf31658234d7eb82604039eeb0da049196a6,0.6720600379560697,2.7743976000056136
ca-GrQc,spread_cv,plus_nonorbit_subgraph,9,1,5,rf,4158,40,c61383d6b27ef0ad89c89dab2673f8c8726eee83fc5458704272a64ff6df9087,b97ed7d47e6b1a6a877c1cdb0415f762c6313e685a44dfda8276e1b7c5601376,b1876a48dcd8f44492c4729f1d084a7907438dc71dbb3996872076a7ed2ac118,0.6733948190191215,2.794246600009501
ca-GrQc,spread_cv,plus_orbit_lt15,0,1,5,rf,4158,45,dcece2a6c43eb3af150d7357885003ee166f4bb9b7b5a037bc4198659ec035e7,b97ed7d47e6b1a6a877c1cdb0415f762c6313e685a44dfda8276e1b7c5601376,88d923553eb7c3eef7522f89c1d6119ade0eb1748d4c90fab5df502335dc1d18,0.6721637730220692,2.8588045999931637
ca-GrQc,spread_cv,plus_orbit_lt15,1,1,5,rf,4158,45,dcece2a6c43eb3af150d7357885003ee166f4bb9b7b5a037bc4198659ec035e7,b97ed7d47e6b1a6a877c1cdb0415f762c6313e685a44dfda8276e1b7c5601376,9e9545c5461a1bd2663085b76e05b6979374e4edd8881be2d134c95cba6c75d9,0.6722002272797104,2.8161656000011135
ca-GrQc,spread_cv,plus_orbit_lt15,2,1,5,rf,4158,45,dcece2a6c43eb3af150d7357885003ee166f4bb9b7b5a037bc4198659ec035e7,b97ed7d47e6b1a6a877c1cdb0415f762c6313e685a44dfda8276e1b7c5601376,baf9067770f62fd1389cb8fba1fad3b41a07493e259653942eb8a192d36d17c2,0.6745218361141476,2.7826728000072762
ca-GrQc,spread_cv,plus_orbit_lt15,3,1,5,rf,4158,45,dcece2a6c43eb3af150d7357885003ee166f4bb9b7b5a037bc4198659ec035e7,b97ed7d47e6b1a6a877c1cdb0415f762c6313e685a44dfda8276e1b7c5601376,8250746bbe5f21d917b544f1188f7c6f9af37d9d6b2e5962a0df5cd56a067adf,0.6683887323576299,2.791724799986696
ca-GrQc,spread_cv,plus_orbit_lt15,4,1,5,rf,4158,45,dcece2a6c43eb3af150d7357885003ee166f4bb9b7b5a037bc4198659ec035e7,b97ed7d47e6b1a6a877c1cdb0415f762c6313e685a44dfda8276e1b7c5601376,2923e520960435beb6fd396f69f3bacf05fc9503d08ba9af6e2fad96adb90251,0.67361156727719,2.838224300008733
ca-GrQc,spread_cv,plus_orbit_lt15,5,1,5,rf,4158,45,dcece2a6c43eb3af150d7357885003ee166f4bb9b7b5a037bc4198659ec035e7,b97ed7d47e6b1a6a877c1cdb0415f762c6313e685a44dfda8276e1b7c5601376,dcb426f861c79deef12674b7be17c5b4ccbccb2696e8c51853aa8c2b5c15aafd,0.6686660327404261,2.8589167000027373
ca-GrQc,spread_cv,plus_orbit_lt15,6,1,5,rf,4158,45,dcece2a6c43eb3af150d7357885003ee166f4bb9b7b5a037bc4198659ec035e7,b97ed7d47e6b1a6a877c1cdb0415f762c6313e685a44dfda8276e1b7c5601376,fd9c8bc97be818729648c3e99ebf7f1ce7d70b347028c5536fb1cef5797f89c0,0.6732039100298978,2.9745718000049237
ca-GrQc,spread_cv,plus_orbit_lt15,7,1,5,rf,4158,45,dcece2a6c43eb3af150d7357885003ee166f4bb9b7b5a037bc4198659ec035e7,b97ed7d47e6b1a6a877c1cdb0415f762c6313e685a44dfda8276e1b7c5601376,ecf6ffac3fb86beb74fa0bf0df57dff374b5a709dcd1ff9a31b6da0413380f3f,0.6722570042968489,2.961940599983791
ca-GrQc,spread_cv,plus_orbit_lt15,8,1,5,rf,4158,45,dcece2a6c43eb3af150d7357885003ee166f4bb9b7b5a037bc4198659ec035e7,b97ed7d47e6b1a6a877c1cdb0415f762c6313e685a44dfda8276e1b7c5601376,01ff36ada85e55535895edc6addcdf31658234d7eb82604039eeb0da049196a6,0.6719556473994941,2.9275272999948356
ca-GrQc,spread_cv,plus_orbit_lt15,9,1,5,rf,4158,45,dcece2a6c43eb3af150d7357885003ee166f4bb9b7b5a037bc4198659ec035e7,b97ed7d47e6b1a6a877c1cdb0415f762c6313e685a44dfda8276e1b7c5601376,b1876a48dcd8f44492c4729f1d084a7907438dc71dbb3996872076a7ed2ac118,0.6731612711344874,2.8151033999747597
ca-GrQc,spread_cv,full_r1_structural,0,1,5,rf,4158,62,f87215536a24ad63e7fbc66c95f0e1f5a61902697811d754ea3f9a7c119ef71f,b97ed7d47e6b1a6a877c1cdb0415f762c6313e685a44dfda8276e1b7c5601376,88d923553eb7c3eef7522f89c1d6119ade0eb1748d4c90fab5df502335dc1d18,0.7095340589830628,3.288739599986002
ca-GrQc,spread_cv,full_r1_structural,1,1,5,rf,4158,62,f87215536a24ad63e7fbc66c95f0e1f5a61902697811d754ea3f9a7c119ef71f,b97ed7d47e6b1a6a877c1cdb0415f762c6313e685a44dfda8276e1b7c5601376,9e9545c5461a1bd2663085b76e05b6979374e4edd8881be2d134c95cba6c75d9,0.7077169429634058,3.262526800011983
ca-GrQc,spread_cv,full_r1_structural,2,1,5,rf,4158,62,f87215536a24ad63e7fbc66c95f0e1f5a61902697811d754ea3f9a7c119ef71f,b97ed7d47e6b1a6a877c1cdb0415f762c6313e685a44dfda8276e1b7c5601376,baf9067770f62fd1389cb8fba1fad3b41a07493e259653942eb8a192d36d17c2,0.708448433619654,3.310971300001256
ca-GrQc,spread_cv,full_r1_structural,3,1,5,rf,4158,62,f87215536a24ad63e7fbc66c95f0e1f5a61902697811d754ea3f9a7c119ef71f,b97ed7d47e6b1a6a877c1cdb0415f762c6313e685a44dfda8276e1b7c5601376,8250746bbe5f21d917b544f1188f7c6f9af37d9d6b2e5962a0df5cd56a067adf,0.7042946191143856,3.3817160000035074
ca-GrQc,spread_cv,full_r1_structural,4,1,5,rf,4158,62,f87215536a24ad63e7fbc66c95f0e1f5a61902697811d754ea3f9a7c119ef71f,b97ed7d47e6b1a6a877c1cdb0415f762c6313e685a44dfda8276e1b7c5601376,2923e520960435beb6fd396f69f3bacf05fc9503d08ba9af6e2fad96adb90251,0.7102112057607035,3.6206154999963474
ca-GrQc,spread_cv,full_r1_structural,5,1,5,rf,4158,62,f87215536a24ad63e7fbc66c95f0e1f5a61902697811d754ea3f9a7c119ef71f,b97ed7d47e6b1a6a877c1cdb0415f762c6313e685a44dfda8276e1b7c5601376,dcb426f861c79deef12674b7be17c5b4ccbccb2696e8c51853aa8c2b5c15aafd,0.703628632417051,3.3202141000074334
ca-GrQc,spread_cv,full_r1_structural,6,1,5,rf,4158,62,f87215536a24ad63e7fbc66c95f0e1f5a61902697811d754ea3f9a7c119ef71f,b97ed7d47e6b1a6a877c1cdb0415f762c6313e685a44dfda8276e1b7c5601376,fd9c8bc97be818729648c3e99ebf7f1ce7d70b347028c5536fb1cef5797f89c0,0.7088326436457919,3.2462970999768004
ca-GrQc,spread_cv,full_r1_structural,7,1,5,rf,4158,62,f87215536a24ad63e7fbc66c95f0e1f5a61902697811d754ea3f9a7c119ef71f,b97ed7d47e6b1a6a877c1cdb0415f762c6313e685a44dfda8276e1b7c5601376,ecf6ffac3fb86beb74fa0bf0df57dff374b5a709dcd1ff9a31b6da0413380f3f,0.7066943832258147,3.2845021999964956
ca-GrQc,spread_cv,full_r1_structural,8,1,5,rf,4158,62,f87215536a24ad63e7fbc66c95f0e1f5a61902697811d754ea3f9a7c119ef71f,b97ed7d47e6b1a6a877c1cdb0415f762c6313e685a44dfda8276e1b7c5601376,01ff36ada85e55535895edc6addcdf31658234d7eb82604039eeb0da049196a6,0.7044241387515416,3.2205981999868527
ca-GrQc,spread_cv,full_r1_structural,9,1,5,rf,4158,62,f87215536a24ad63e7fbc66c95f0e1f5a61902697811d754ea3f9a7c119ef71f,b97ed7d47e6b1a6a877c1cdb0415f762c6313e685a44dfda8276e1b7c5601376,b1876a48dcd8f44492c4729f1d084a7907438dc71dbb3996872076a7ed2ac118,0.7078849393134922,3.2492213000077754
ca-GrQc,spread_resid,node_edge,0,1,5,rf,4158,38,a45d535846cb3e119d5d14d2a62b3d52917062b6c0b0579a9fbc2103bddf4265,69a34f532e4c604878f00995e3e51183435f88b54219c4303d0d9e11161b1d46,88d923553eb7c3eef7522f89c1d6119ade0eb1748d4c90fab5df502335dc1d18,0.4966457846587069,2.547805599984713
ca-GrQc,spread_resid,node_edge,1,1,5,rf,4158,38,a45d535846cb3e119d5d14d2a62b3d52917062b6c0b0579a9fbc2103bddf4265,69a34f532e4c604878f00995e3e51183435f88b54219c4303d0d9e11161b1d46,9e9545c5461a1bd2663085b76e05b6979374e4edd8881be2d134c95cba6c75d9,0.4994920565101343,2.5334424000175204
ca-GrQc,spread_resid,node_edge,2,1,5,rf,4158,38,a45d535846cb3e119d5d14d2a62b3d52917062b6c0b0579a9fbc2103bddf4265,69a34f532e4c604878f00995e3e51183435f88b54219c4303d0d9e11161b1d46,baf9067770f62fd1389cb8fba1fad3b41a07493e259653942eb8a192d36d17c2,0.5013182991765708,2.8357110999932047
ca-GrQc,spread_resid,node_edge,3,1,5,rf,4158,38,a45d535846cb3e119d5d14d2a62b3d52917062b6c0b0579a9fbc2103bddf4265,69a34f532e4c604878f00995e3e51183435f88b54219c4303d0d9e11161b1d46,8250746bbe5f21d917b544f1188f7c6f9af37d9d6b2e5962a0df5cd56a067adf,0.4910267107619558,2.824945000000298
ca-GrQc,spread_resid,node_edge,4,1,5,rf,4158,38,a45d535846cb3e119d5d14d2a62b3d52917062b6c0b0579a9fbc2103bddf4265,69a34f532e4c604878f00995e3e51183435f88b54219c4303d0d9e11161b1d46,2923e520960435beb6fd396f69f3bacf05fc9503d08ba9af6e2fad96adb90251,0.4992373252490039,2.8251172000018414
ca-GrQc,spread_resid,node_edge,5,1,5,rf,4158,38,a45d535846cb3e119d5d14d2a62b3d52917062b6c0b0579a9fbc2103bddf4265,69a34f532e4c604878f00995e3e51183435f88b54219c4303d0d9e11161b1d46,dcb426f861c79deef12674b7be17c5b4ccbccb2696e8c51853aa8c2b5c15aafd,0.4976421951125067,2.54499080000096
ca-GrQc,spread_resid,node_edge,6,1,5,rf,4158,38,a45d535846cb3e119d5d14d2a62b3d52917062b6c0b0579a9fbc2103bddf4265,69a34f532e4c604878f00995e3e51183435f88b54219c4303d0d9e11161b1d46,fd9c8bc97be818729648c3e99ebf7f1ce7d70b347028c5536fb1cef5797f89c0,0.5020114940165553,2.4786721999989823
ca-GrQc,spread_resid,node_edge,7,1,5,rf,4158,38,a45d535846cb3e119d5d14d2a62b3d52917062b6c0b0579a9fbc2103bddf4265,69a34f532e4c604878f00995e3e51183435f88b54219c4303d0d9e11161b1d46,ecf6ffac3fb86beb74fa0bf0df57dff374b5a709dcd1ff9a31b6da0413380f3f,0.4999553070471007,2.4712049999798182
ca-GrQc,spread_resid,node_edge,8,1,5,rf,4158,38,a45d535846cb3e119d5d14d2a62b3d52917062b6c0b0579a9fbc2103bddf4265,69a34f532e4c604878f00995e3e51183435f88b54219c4303d0d9e11161b1d46,01ff36ada85e55535895edc6addcdf31658234d7eb82604039eeb0da049196a6,0.4983887928838095,2.3956227999879047
ca-GrQc,spread_resid,node_edge,9,1,5,rf,4158,38,a45d535846cb3e119d5d14d2a62b3d52917062b6c0b0579a9fbc2103bddf4265,69a34f532e4c604878f00995e3e51183435f88b54219c4303d0d9e11161b1d46,b1876a48dcd8f44492c4729f1d084a7907438dc71dbb3996872076a7ed2ac118,0.49850614656257336,2.417490899999393
ca-GrQc,spread_resid,plus_nonorbit_subgraph,0,1,5,rf,4158,40,c61383d6b27ef0ad89c89dab2673f8c8726eee83fc5458704272a64ff6df9087,69a34f532e4c604878f00995e3e51183435f88b54219c4303d0d9e11161b1d46,88d923553eb7c3eef7522f89c1d6119ade0eb1748d4c90fab5df502335dc1d18,0.4971932922244876,2.5261456000152975
ca-GrQc,spread_resid,plus_nonorbit_subgraph,1,1,5,rf,4158,40,c61383d6b27ef0ad89c89dab2673f8c8726eee83fc5458704272a64ff6df9087,69a34f532e4c604878f00995e3e51183435f88b54219c4303d0d9e11161b1d46,9e9545c5461a1bd2663085b76e05b6979374e4edd8881be2d134c95cba6c75d9,0.49955177469684037,2.588861700001871
ca-GrQc,spread_resid,plus_nonorbit_subgraph,2,1,5,rf,4158,40,c61383d6b27ef0ad89c89dab2673f8c8726eee83fc5458704272a64ff6df9087,69a34f532e4c604878f00995e3e51183435f88b54219c4303d0d9e11161b1d46,baf9067770f62fd1389cb8fba1fad3b41a07493e259653942eb8a192d36d17c2,0.5010254936180333,2.537598800001433
ca-GrQc,spread_resid,plus_nonorbit_subgraph,3,1,5,rf,4158,40,c61383d6b27ef0ad89c89dab2673f8c8726eee83fc5458704272a64ff6df9087,69a34f532e4c604878f00995e3e51183435f88b54219c4303d0d9e11161b1d46,8250746bbe5f21d917b544f1188f7c6f9af37d9d6b2e5962a0df5cd56a067adf,0.49170745427940316,2.5992553000105545
ca-GrQc,spread_resid,plus_nonorbit_subgraph,4,1,5,rf,4158,40,c61383d6b27ef0ad89c89dab2673f8c8726eee83fc5458704272a64ff6df9087,69a34f532e4c604878f00995e3e51183435f88b54219c4303d0d9e11161b1d46,2923e520960435beb6fd396f69f3bacf05fc9503d08ba9af6e2fad96adb90251,0.4989141974403023,2.570985300000757
ca-GrQc,spread_resid,plus_nonorbit_subgraph,5,1,5,rf,4158,40,c61383d6b27ef0ad89c89dab2673f8c8726eee83fc5458704272a64ff6df9087,69a34f532e4c604878f00995e3e51183435f88b54219c4303d0d9e11161b1d46,dcb426f861c79deef12674b7be17c5b4ccbccb2696e8c51853aa8c2b5c15aafd,0.49849121756269626,2.6484395999868866
ca-GrQc,spread_resid,plus_nonorbit_subgraph,6,1,5,rf,4158,40,c61383d6b27ef0ad89c89dab2673f8c8726eee83fc5458704272a64ff6df9087,69a34f532e4c604878f00995e3e51183435f88b54219c4303d0d9e11161b1d46,fd9c8bc97be818729648c3e99ebf7f1ce7d70b347028c5536fb1cef5797f89c0,0.5023790650253118,3.1533037000044715
ca-GrQc,spread_resid,plus_nonorbit_subgraph,7,1,5,rf,4158,40,c61383d6b27ef0ad89c89dab2673f8c8726eee83fc5458704272a64ff6df9087,69a34f532e4c604878f00995e3e51183435f88b54219c4303d0d9e11161b1d46,ecf6ffac3fb86beb74fa0bf0df57dff374b5a709dcd1ff9a31b6da0413380f3f,0.4996756929624984,2.759135000000242
ca-GrQc,spread_resid,plus_nonorbit_subgraph,8,1,5,rf,4158,40,c61383d6b27ef0ad89c89dab2673f8c8726eee83fc5458704272a64ff6df9087,69a34f532e4c604878f00995e3e51183435f88b54219c4303d0d9e11161b1d46,01ff36ada85e55535895edc6addcdf31658234d7eb82604039eeb0da049196a6,0.49903551296969095,2.953678599995328
ca-GrQc,spread_resid,plus_nonorbit_subgraph,9,1,5,rf,4158,40,c61383d6b27ef0ad89c89dab2673f8c8726eee83fc5458704272a64ff6df9087,69a34f532e4c604878f00995e3e51183435f88b54219c4303d0d9e11161b1d46,b1876a48dcd8f44492c4729f1d084a7907438dc71dbb3996872076a7ed2ac118,0.49833393473176096,3.1165021999913733
ca-GrQc,spread_resid,plus_orbit_lt15,0,1,5,rf,4158,45,dcece2a6c43eb3af150d7357885003ee166f4bb9b7b5a037bc4198659ec035e7,69a34f532e4c604878f00995e3e51183435f88b54219c4303d0d9e11161b1d46,88d923553eb7c3eef7522f89c1d6119ade0eb1748d4c90fab5df502335dc1d18,0.49575101839186114,3.045703100011451
ca-GrQc,spread_resid,plus_orbit_lt15,1,1,5,rf,4158,45,dcece2a6c43eb3af150d7357885003ee166f4bb9b7b5a037bc4198659ec035e7,69a34f532e4c604878f00995e3e51183435f88b54219c4303d0d9e11161b1d46,9e9545c5461a1bd2663085b76e05b6979374e4edd8881be2d134c95cba6c75d9,0.49967722918209106,3.2981097000010777
ca-GrQc,spread_resid,plus_orbit_lt15,2,1,5,rf,4158,45,dcece2a6c43eb3af150d7357885003ee166f4bb9b7b5a037bc4198659ec035e7,69a34f532e4c604878f00995e3e51183435f88b54219c4303d0d9e11161b1d46,baf9067770f62fd1389cb8fba1fad3b41a07493e259653942eb8a192d36d17c2,0.5005324692388359,3.034828399977414
ca-GrQc,spread_resid,plus_orbit_lt15,3,1,5,rf,4158,45,dcece2a6c43eb3af150d7357885003ee166f4bb9b7b5a037bc4198659ec035e7,69a34f532e4c604878f00995e3e51183435f88b54219c4303d0d9e11161b1d46,8250746bbe5f21d917b544f1188f7c6f9af37d9d6b2e5962a0df5cd56a067adf,0.49220834818343456,3.228279899980407
ca-GrQc,spread_resid,plus_orbit_lt15,4,1,5,rf,4158,45,dcece2a6c43eb3af150d7357885003ee166f4bb9b7b5a037bc4198659ec035e7,69a34f532e4c604878f00995e3e51183435f88b54219c4303d0d9e11161b1d46,2923e520960435beb6fd396f69f3bacf05fc9503d08ba9af6e2fad96adb90251,0.49869870174553077,3.229561099986313
ca-GrQc,spread_resid,plus_orbit_lt15,5,1,5,rf,4158,45,dcece2a6c43eb3af150d7357885003ee166f4bb9b7b5a037bc4198659ec035e7,69a34f532e4c604878f00995e3e51183435f88b54219c4303d0d9e11161b1d46,dcb426f861c79deef12674b7be17c5b4ccbccb2696e8c51853aa8c2b5c15aafd,0.4965059216097858,3.194776499993168
ca-GrQc,spread_resid,plus_orbit_lt15,6,1,5,rf,4158,45,dcece2a6c43eb3af150d7357885003ee166f4bb9b7b5a037bc4198659ec035e7,69a34f532e4c604878f00995e3e51183435f88b54219c4303d0d9e11161b1d46,fd9c8bc97be818729648c3e99ebf7f1ce7d70b347028c5536fb1cef5797f89c0,0.5020101052092175,3.1035230999987107
ca-GrQc,spread_resid,plus_orbit_lt15,7,1,5,rf,4158,45,dcece2a6c43eb3af150d7357885003ee166f4bb9b7b5a037bc4198659ec035e7,69a34f532e4c604878f00995e3e51183435f88b54219c4303d0d9e11161b1d46,ecf6ffac3fb86beb74fa0bf0df57dff374b5a709dcd1ff9a31b6da0413380f3f,0.5000698840105761,3.359408699994674
ca-GrQc,spread_resid,plus_orbit_lt15,8,1,5,rf,4158,45,dcece2a6c43eb3af150d7357885003ee166f4bb9b7b5a037bc4198659ec035e7,69a34f532e4c604878f00995e3e51183435f88b54219c4303d0d9e11161b1d46,01ff36ada85e55535895edc6addcdf31658234d7eb82604039eeb0da049196a6,0.4983637943980274,3.011969000013778
ca-GrQc,spread_resid,plus_orbit_lt15,9,1,5,rf,4158,45,dcece2a6c43eb3af150d7357885003ee166f4bb9b7b5a037bc4198659ec035e7,69a34f532e4c604878f00995e3e51183435f88b54219c4303d0d9e11161b1d46,b1876a48dcd8f44492c4729f1d084a7907438dc71dbb3996872076a7ed2ac118,0.498655906044476,3.276809700008016
ca-GrQc,spread_resid,full_r1_structural,0,1,5,rf,4158,62,f87215536a24ad63e7fbc66c95f0e1f5a61902697811d754ea3f9a7c119ef71f,69a34f532e4c604878f00995e3e51183435f88b54219c4303d0d9e11161b1d46,88d923553eb7c3eef7522f89c1d6119ade0eb1748d4c90fab5df502335dc1d18,0.5334000856537695,3.570435000001453
ca-GrQc,spread_resid,full_r1_structural,1,1,5,rf,4158,62,f87215536a24ad63e7fbc66c95f0e1f5a61902697811d754ea3f9a7c119ef71f,69a34f532e4c604878f00995e3e51183435f88b54219c4303d0d9e11161b1d46,9e9545c5461a1bd2663085b76e05b6979374e4edd8881be2d134c95cba6c75d9,0.5313631093720232,3.5968573999998625
ca-GrQc,spread_resid,full_r1_structural,2,1,5,rf,4158,62,f87215536a24ad63e7fbc66c95f0e1f5a61902697811d754ea3f9a7c119ef71f,69a34f532e4c604878f00995e3e51183435f88b54219c4303d0d9e11161b1d46,baf9067770f62fd1389cb8fba1fad3b41a07493e259653942eb8a192d36d17c2,0.5275521304506859,3.4141094000078738
ca-GrQc,spread_resid,full_r1_structural,3,1,5,rf,4158,62,f87215536a24ad63e7fbc66c95f0e1f5a61902697811d754ea3f9a7c119ef71f,69a34f532e4c604878f00995e3e51183435f88b54219c4303d0d9e11161b1d46,8250746bbe5f21d917b544f1188f7c6f9af37d9d6b2e5962a0df5cd56a067adf,0.5303608082473665,3.2154512999986764
ca-GrQc,spread_resid,full_r1_structural,4,1,5,rf,4158,62,f87215536a24ad63e7fbc66c95f0e1f5a61902697811d754ea3f9a7c119ef71f,69a34f532e4c604878f00995e3e51183435f88b54219c4303d0d9e11161b1d46,2923e520960435beb6fd396f69f3bacf05fc9503d08ba9af6e2fad96adb90251,0.5318565175002501,3.48515779999434
ca-GrQc,spread_resid,full_r1_structural,5,1,5,rf,4158,62,f87215536a24ad63e7fbc66c95f0e1f5a61902697811d754ea3f9a7c119ef71f,69a34f532e4c604878f00995e3e51183435f88b54219c4303d0d9e11161b1d46,dcb426f861c79deef12674b7be17c5b4ccbccb2696e8c51853aa8c2b5c15aafd,0.5279982743109507,3.497697499988135
ca-GrQc,spread_resid,full_r1_structural,6,1,5,rf,4158,62,f87215536a24ad63e7fbc66c95f0e1f5a61902697811d754ea3f9a7c119ef71f,69a34f532e4c604878f00995e3e51183435f88b54219c4303d0d9e11161b1d46,fd9c8bc97be818729648c3e99ebf7f1ce7d70b347028c5536fb1cef5797f89c0,0.5339321060879447,3.890385000006063
ca-GrQc,spread_resid,full_r1_structural,7,1,5,rf,4158,62,f87215536a24ad63e7fbc66c95f0e1f5a61902697811d754ea3f9a7c119ef71f,69a34f532e4c604878f00995e3e51183435f88b54219c4303d0d9e11161b1d46,ecf6ffac3fb86beb74fa0bf0df57dff374b5a709dcd1ff9a31b6da0413380f3f,0.5297274150465173,3.9170214000041597
ca-GrQc,spread_resid,full_r1_structural,8,1,5,rf,4158,62,f87215536a24ad63e7fbc66c95f0e1f5a61902697811d754ea3f9a7c119ef71f,69a34f532e4c604878f00995e3e51183435f88b54219c4303d0d9e11161b1d46,01ff36ada85e55535895edc6addcdf31658234d7eb82604039eeb0da049196a6,0.5262920689340911,4.456819099985296
ca-GrQc,spread_resid,full_r1_structural,9,1,5,rf,4158,62,f87215536a24ad63e7fbc66c95f0e1f5a61902697811d754ea3f9a7c119ef71f,69a34f532e4c604878f00995e3e51183435f88b54219c4303d0d9e11161b1d46,b1876a48dcd8f44492c4729f1d084a7907438dc71dbb3996872076a7ed2ac118,0.5291284852664954,3.735158199997386
ca-GrQc,betweenness,node_edge,0,1,5,rf_log1p,4158,38,a45d535846cb3e119d5d14d2a62b3d52917062b6c0b0579a9fbc2103bddf4265,aaf96ee1a795d92d125fbe7e096ababb3d8b01d4f68b849ba2aa92effad365ce,88d923553eb7c3eef7522f89c1d6119ade0eb1748d4c90fab5df502335dc1d18,0.9202845820686375,2.3955418999830727
ca-GrQc,betweenness,node_edge,1,1,5,rf_log1p,4158,38,a45d535846cb3e119d5d14d2a62b3d52917062b6c0b0579a9fbc2103bddf4265,aaf96ee1a795d92d125fbe7e096ababb3d8b01d4f68b849ba2aa92effad365ce,9e9545c5461a1bd2663085b76e05b6979374e4edd8881be2d134c95cba6c75d9,0.9188137597180149,2.1121255999896675
ca-GrQc,betweenness,node_edge,2,1,5,rf_log1p,4158,38,a45d535846cb3e119d5d14d2a62b3d52917062b6c0b0579a9fbc2103bddf4265,aaf96ee1a795d92d125fbe7e096ababb3d8b01d4f68b849ba2aa92effad365ce,baf9067770f62fd1389cb8fba1fad3b41a07493e259653942eb8a192d36d17c2,0.9178450808335845,1.887208300002385
ca-GrQc,betweenness,node_edge,3,1,5,rf_log1p,4158,38,a45d535846cb3e119d5d14d2a62b3d52917062b6c0b0579a9fbc2103bddf4265,aaf96ee1a795d92d125fbe7e096ababb3d8b01d4f68b849ba2aa92effad365ce,8250746bbe5f21d917b544f1188f7c6f9af37d9d6b2e5962a0df5cd56a067adf,0.9197411425748375,1.9618295000109356
ca-GrQc,betweenness,node_edge,4,1,5,rf_log1p,4158,38,a45d535846cb3e119d5d14d2a62b3d52917062b6c0b0579a9fbc2103bddf4265,aaf96ee1a795d92d125fbe7e096ababb3d8b01d4f68b849ba2aa92effad365ce,2923e520960435beb6fd396f69f3bacf05fc9503d08ba9af6e2fad96adb90251,0.9185200111357368,1.8774589000095148
ca-GrQc,betweenness,node_edge,5,1,5,rf_log1p,4158,38,a45d535846cb3e119d5d14d2a62b3d52917062b6c0b0579a9fbc2103bddf4265,aaf96ee1a795d92d125fbe7e096ababb3d8b01d4f68b849ba2aa92effad365ce,dcb426f861c79deef12674b7be17c5b4ccbccb2696e8c51853aa8c2b5c15aafd,0.9191437063024841,1.7697018000180833
ca-GrQc,betweenness,node_edge,6,1,5,rf_log1p,4158,38,a45d535846cb3e119d5d14d2a62b3d52917062b6c0b0579a9fbc2103bddf4265,aaf96ee1a795d92d125fbe7e096ababb3d8b01d4f68b849ba2aa92effad365ce,fd9c8bc97be818729648c3e99ebf7f1ce7d70b347028c5536fb1cef5797f89c0,0.9211611758952125,1.8072125000180677
ca-GrQc,betweenness,node_edge,7,1,5,rf_log1p,4158,38,a45d535846cb3e119d5d14d2a62b3d52917062b6c0b0579a9fbc2103bddf4265,aaf96ee1a795d92d125fbe7e096ababb3d8b01d4f68b849ba2aa92effad365ce,ecf6ffac3fb86beb74fa0bf0df57dff374b5a709dcd1ff9a31b6da0413380f3f,0.9193631767680422,1.7471612000081223
ca-GrQc,betweenness,node_edge,8,1,5,rf_log1p,4158,38,a45d535846cb3e119d5d14d2a62b3d52917062b6c0b0579a9fbc2103bddf4265,aaf96ee1a795d92d125fbe7e096ababb3d8b01d4f68b849ba2aa92effad365ce,01ff36ada85e55535895edc6addcdf31658234d7eb82604039eeb0da049196a6,0.9183144828091229,1.7143554000067525
ca-GrQc,betweenness,node_edge,9,1,5,rf_log1p,4158,38,a45d535846cb3e119d5d14d2a62b3d52917062b6c0b0579a9fbc2103bddf4265,aaf96ee1a795d92d125fbe7e096ababb3d8b01d4f68b849ba2aa92effad365ce,b1876a48dcd8f44492c4729f1d084a7907438dc71dbb3996872076a7ed2ac118,0.9197662226083441,2.0308330999978352
ca-GrQc,betweenness,plus_nonorbit_subgraph,0,1,5,rf_log1p,4158,40,c61383d6b27ef0ad89c89dab2673f8c8726eee83fc5458704272a64ff6df9087,aaf96ee1a795d92d125fbe7e096ababb3d8b01d4f68b849ba2aa92effad365ce,88d923553eb7c3eef7522f89c1d6119ade0eb1748d4c90fab5df502335dc1d18,0.9199497024484077,2.0648845999967307
ca-GrQc,betweenness,plus_nonorbit_subgraph,1,1,5,rf_log1p,4158,40,c61383d6b27ef0ad89c89dab2673f8c8726eee83fc5458704272a64ff6df9087,aaf96ee1a795d92d125fbe7e096ababb3d8b01d4f68b849ba2aa92effad365ce,9e9545c5461a1bd2663085b76e05b6979374e4edd8881be2d134c95cba6c75d9,0.9190671102732971,2.0989388000161853
ca-GrQc,betweenness,plus_nonorbit_subgraph,2,1,5,rf_log1p,4158,40,c61383d6b27ef0ad89c89dab2673f8c8726eee83fc5458704272a64ff6df9087,aaf96ee1a795d92d125fbe7e096ababb3d8b01d4f68b849ba2aa92effad365ce,baf9067770f62fd1389cb8fba1fad3b41a07493e259653942eb8a192d36d17c2,0.9182276885045569,2.2781783000100404
ca-GrQc,betweenness,plus_nonorbit_subgraph,3,1,5,rf_log1p,4158,40,c61383d6b27ef0ad89c89dab2673f8c8726eee83fc5458704272a64ff6df9087,aaf96ee1a795d92d125fbe7e096ababb3d8b01d4f68b849ba2aa92effad365ce,8250746bbe5f21d917b544f1188f7c6f9af37d9d6b2e5962a0df5cd56a067adf,0.9200208187895459,2.2280822999891825
ca-GrQc,betweenness,plus_nonorbit_subgraph,4,1,5,rf_log1p,4158,40,c61383d6b27ef0ad89c89dab2673f8c8726eee83fc5458704272a64ff6df9087,aaf96ee1a795d92d125fbe7e096ababb3d8b01d4f68b849ba2aa92effad365ce,2923e520960435beb6fd396f69f3bacf05fc9503d08ba9af6e2fad96adb90251,0.9191733536121514,1.937381900002947
ca-GrQc,betweenness,plus_nonorbit_subgraph,5,1,5,rf_log1p,4158,40,c61383d6b27ef0ad89c89dab2673f8c8726eee83fc5458704272a64ff6df9087,aaf96ee1a795d92d125fbe7e096ababb3d8b01d4f68b849ba2aa92effad365ce,dcb426f861c79deef12674b7be17c5b4ccbccb2696e8c51853aa8c2b5c15aafd,0.9196451545421739,2.135594699997455
ca-GrQc,betweenness,plus_nonorbit_subgraph,6,1,5,rf_log1p,4158,40,c61383d6b27ef0ad89c89dab2673f8c8726eee83fc5458704272a64ff6df9087,aaf96ee1a795d92d125fbe7e096ababb3d8b01d4f68b849ba2aa92effad365ce,fd9c8bc97be818729648c3e99ebf7f1ce7d70b347028c5536fb1cef5797f89c0,0.9211747459871682,2.2447186000063084
ca-GrQc,betweenness,plus_nonorbit_subgraph,7,1,5,rf_log1p,4158,40,c61383d6b27ef0ad89c89dab2673f8c8726eee83fc5458704272a64ff6df9087,aaf96ee1a795d92d125fbe7e096ababb3d8b01d4f68b849ba2aa92effad365ce,ecf6ffac3fb86beb74fa0bf0df57dff374b5a709dcd1ff9a31b6da0413380f3f,0.9192742172326126,2.034150299994508
ca-GrQc,betweenness,plus_nonorbit_subgraph,8,1,5,rf_log1p,4158,40,c61383d6b27ef0ad89c89dab2673f8c8726eee83fc5458704272a64ff6df9087,aaf96ee1a795d92d125fbe7e096ababb3d8b01d4f68b849ba2aa92effad365ce,01ff36ada85e55535895edc6addcdf31658234d7eb82604039eeb0da049196a6,0.9188963361818256,1.9763968999905046
ca-GrQc,betweenness,plus_nonorbit_subgraph,9,1,5,rf_log1p,4158,40,c61383d6b27ef0ad89c89dab2673f8c8726eee83fc5458704272a64ff6df9087,aaf96ee1a795d92d125fbe7e096ababb3d8b01d4f68b849ba2aa92effad365ce,b1876a48dcd8f44492c4729f1d084a7907438dc71dbb3996872076a7ed2ac118,0.9204311692969522,1.9801731000188738
ca-GrQc,betweenness,plus_orbit_lt15,0,1,5,rf_log1p,4158,45,dcece2a6c43eb3af150d7357885003ee166f4bb9b7b5a037bc4198659ec035e7,aaf96ee1a795d92d125fbe7e096ababb3d8b01d4f68b849ba2aa92effad365ce,88d923553eb7c3eef7522f89c1d6119ade0eb1748d4c90fab5df502335dc1d18,0.9199806569594057,2.106637499993667
ca-GrQc,betweenness,plus_orbit_lt15,1,1,5,rf_log1p,4158,45,dcece2a6c43eb3af150d7357885003ee166f4bb9b7b5a037bc4198659ec035e7,aaf96ee1a795d92d125fbe7e096ababb3d8b01d4f68b849ba2aa92effad365ce,9e9545c5461a1bd2663085b76e05b6979374e4edd8881be2d134c95cba6c75d9,0.9191412796681379,2.190642500005197
ca-GrQc,betweenness,plus_orbit_lt15,2,1,5,rf_log1p,4158,45,dcece2a6c43eb3af150d7357885003ee166f4bb9b7b5a037bc4198659ec035e7,aaf96ee1a795d92d125fbe7e096ababb3d8b01d4f68b849ba2aa92effad365ce,baf9067770f62fd1389cb8fba1fad3b41a07493e259653942eb8a192d36d17c2,0.9182160451272804,2.0335986000136472
ca-GrQc,betweenness,plus_orbit_lt15,3,1,5,rf_log1p,4158,45,dcece2a6c43eb3af150d7357885003ee166f4bb9b7b5a037bc4198659ec035e7,aaf96ee1a795d92d125fbe7e096ababb3d8b01d4f68b849ba2aa92effad365ce,8250746bbe5f21d917b544f1188f7c6f9af37d9d6b2e5962a0df5cd56a067adf,0.9198448419875301,2.059568800003035
ca-GrQc,betweenness,plus_orbit_lt15,4,1,5,rf_log1p,4158,45,dcece2a6c43eb3af150d7357885003ee166f4bb9b7b5a037bc4198659ec035e7,aaf96ee1a795d92d125fbe7e096ababb3d8b01d4f68b849ba2aa92effad365ce,2923e520960435beb6fd396f69f3bacf05fc9503d08ba9af6e2fad96adb90251,0.9195271608070688,2.1515638999990188
ca-GrQc,betweenness,plus_orbit_lt15,5,1,5,rf_log1p,4158,45,dcece2a6c43eb3af150d7357885003ee166f4bb9b7b5a037bc4198659ec035e7,aaf96ee1a795d92d125fbe7e096ababb3d8b01d4f68b849ba2aa92effad365ce,dcb426f861c79deef12674b7be17c5b4ccbccb2696e8c51853aa8c2b5c15aafd,0.9192178041203363,2.217888999992283
ca-GrQc,betweenness,plus_orbit_lt15,6,1,5,rf_log1p,4158,45,dcece2a6c43eb3af150d7357885003ee166f4bb9b7b5a037bc4198659ec035e7,aaf96ee1a795d92d125fbe7e096ababb3d8b01d4f68b849ba2aa92effad365ce,fd9c8bc97be818729648c3e99ebf7f1ce7d70b347028c5536fb1cef5797f89c0,0.9214729210699456,1.934526700002607
ca-GrQc,betweenness,plus_orbit_lt15,7,1,5,rf_log1p,4158,45,dcece2a6c43eb3af150d7357885003ee166f4bb9b7b5a037bc4198659ec035e7,aaf96ee1a795d92d125fbe7e096ababb3d8b01d4f68b849ba2aa92effad365ce,ecf6ffac3fb86beb74fa0bf0df57dff374b5a709dcd1ff9a31b6da0413380f3f,0.9194542558384362,1.9626726999995299
ca-GrQc,betweenness,plus_orbit_lt15,8,1,5,rf_log1p,4158,45,dcece2a6c43eb3af150d7357885003ee166f4bb9b7b5a037bc4198659ec035e7,aaf96ee1a795d92d125fbe7e096ababb3d8b01d4f68b849ba2aa92effad365ce,01ff36ada85e55535895edc6addcdf31658234d7eb82604039eeb0da049196a6,0.9188152424017597,2.131672499992419
ca-GrQc,betweenness,plus_orbit_lt15,9,1,5,rf_log1p,4158,45,dcece2a6c43eb3af150d7357885003ee166f4bb9b7b5a037bc4198659ec035e7,aaf96ee1a795d92d125fbe7e096ababb3d8b01d4f68b849ba2aa92effad365ce,b1876a48dcd8f44492c4729f1d084a7907438dc71dbb3996872076a7ed2ac118,0.9202334014954449,2.1203591000230517
ca-GrQc,betweenness,full_r1_structural,0,1,5,rf_log1p,4158,62,f87215536a24ad63e7fbc66c95f0e1f5a61902697811d754ea3f9a7c119ef71f,aaf96ee1a795d92d125fbe7e096ababb3d8b01d4f68b849ba2aa92effad365ce,88d923553eb7c3eef7522f89c1d6119ade0eb1748d4c90fab5df502335dc1d18,0.9206266988665986,2.5358842999849003
ca-GrQc,betweenness,full_r1_structural,1,1,5,rf_log1p,4158,62,f87215536a24ad63e7fbc66c95f0e1f5a61902697811d754ea3f9a7c119ef71f,aaf96ee1a795d92d125fbe7e096ababb3d8b01d4f68b849ba2aa92effad365ce,9e9545c5461a1bd2663085b76e05b6979374e4edd8881be2d134c95cba6c75d9,0.9177258026029569,2.563616600004025
ca-GrQc,betweenness,full_r1_structural,2,1,5,rf_log1p,4158,62,f87215536a24ad63e7fbc66c95f0e1f5a61902697811d754ea3f9a7c119ef71f,aaf96ee1a795d92d125fbe7e096ababb3d8b01d4f68b849ba2aa92effad365ce,baf9067770f62fd1389cb8fba1fad3b41a07493e259653942eb8a192d36d17c2,0.919194667575021,2.5825195999932475
ca-GrQc,betweenness,full_r1_structural,3,1,5,rf_log1p,4158,62,f87215536a24ad63e7fbc66c95f0e1f5a61902697811d754ea3f9a7c119ef71f,aaf96ee1a795d92d125fbe7e096ababb3d8b01d4f68b849ba2aa92effad365ce,8250746bbe5f21d917b544f1188f7c6f9af37d9d6b2e5962a0df5cd56a067adf,0.920243204454216,2.449786099983612
ca-GrQc,betweenness,full_r1_structural,4,1,5,rf_log1p,4158,62,f87215536a24ad63e7fbc66c95f0e1f5a61902697811d754ea3f9a7c119ef71f,aaf96ee1a795d92d125fbe7e096ababb3d8b01d4f68b849ba2aa92effad365ce,2923e520960435beb6fd396f69f3bacf05fc9503d08ba9af6e2fad96adb90251,0.9197327368290827,2.3395990999997593
ca-GrQc,betweenness,full_r1_structural,5,1,5,rf_log1p,4158,62,f87215536a24ad63e7fbc66c95f0e1f5a61902697811d754ea3f9a7c119ef71f,aaf96ee1a795d92d125fbe7e096ababb3d8b01d4f68b849ba2aa92effad365ce,dcb426f861c79deef12674b7be17c5b4ccbccb2696e8c51853aa8c2b5c15aafd,0.9207436381191719,2.2578837999899406
ca-GrQc,betweenness,full_r1_structural,6,1,5,rf_log1p,4158,62,f87215536a24ad63e7fbc66c95f0e1f5a61902697811d754ea3f9a7c119ef71f,aaf96ee1a795d92d125fbe7e096ababb3d8b01d4f68b849ba2aa92effad365ce,fd9c8bc97be818729648c3e99ebf7f1ce7d70b347028c5536fb1cef5797f89c0,0.9219427779444146,2.28793069999665
ca-GrQc,betweenness,full_r1_structural,7,1,5,rf_log1p,4158,62,f87215536a24ad63e7fbc66c95f0e1f5a61902697811d754ea3f9a7c119ef71f,aaf96ee1a795d92d125fbe7e096ababb3d8b01d4f68b849ba2aa92effad365ce,ecf6ffac3fb86beb74fa0bf0df57dff374b5a709dcd1ff9a31b6da0413380f3f,0.9194409724130513,2.222806900012074
ca-GrQc,betweenness,full_r1_structural,8,1,5,rf_log1p,4158,62,f87215536a24ad63e7fbc66c95f0e1f5a61902697811d754ea3f9a7c119ef71f,aaf96ee1a795d92d125fbe7e096ababb3d8b01d4f68b849ba2aa92effad365ce,01ff36ada85e55535895edc6addcdf31658234d7eb82604039eeb0da049196a6,0.9201092051189467,2.2124073000159115
ca-GrQc,betweenness,full_r1_structural,9,1,5,rf_log1p,4158,62,f87215536a24ad63e7fbc66c95f0e1f5a61902697811d754ea3f9a7c119ef71f,aaf96ee1a795d92d125fbe7e096ababb3d8b01d4f68b849ba2aa92effad365ce,b1876a48dcd8f44492c4729f1d084a7907438dc71dbb3996872076a7ed2ac118,0.9206390426448391,2.1751371000136714
ca-HepTh,spread_mean,node_edge,0,1,5,rf,8638,38,a45d535846cb3e119d5d14d2a62b3d52917062b6c0b0579a9fbc2103bddf4265,e17cc7834eea1ce10ef9705f0b70488090ae92b4507c86a2e03243d0dcae148b,228255b5fbd02b3703eb04439d6135a65cc3ae36c581e39d9df38c2ed973d869,0.8963569555202862,4.715187399997376
ca-HepTh,spread_mean,node_edge,1,1,5,rf,8638,38,a45d535846cb3e119d5d14d2a62b3d52917062b6c0b0579a9fbc2103bddf4265,e17cc7834eea1ce10ef9705f0b70488090ae92b4507c86a2e03243d0dcae148b,788cf64326d7b3d9ca02c50e757a7996e7f020ba1616eced50f8a8a6c27285fa,0.8967576373204956,4.946884700009832
ca-HepTh,spread_mean,node_edge,2,1,5,rf,8638,38,a45d535846cb3e119d5d14d2a62b3d52917062b6c0b0579a9fbc2103bddf4265,e17cc7834eea1ce10ef9705f0b70488090ae92b4507c86a2e03243d0dcae148b,796ebfc6d0b8950e4c7df98a3944078051a442a52d7e0f0a121208a70a3ab938,0.8971095862247157,4.881020400003763
ca-HepTh,spread_mean,node_edge,3,1,5,rf,8638,38,a45d535846cb3e119d5d14d2a62b3d52917062b6c0b0579a9fbc2103bddf4265,e17cc7834eea1ce10ef9705f0b70488090ae92b4507c86a2e03243d0dcae148b,58a3fed4953180ec9a6fe38740a6c5a5dfd954d3f9a45b004ce4d8e722f6d11b,0.8970363347269577,5.153633000008995
ca-HepTh,spread_mean,node_edge,4,1,5,rf,8638,38,a45d535846cb3e119d5d14d2a62b3d52917062b6c0b0579a9fbc2103bddf4265,e17cc7834eea1ce10ef9705f0b70488090ae92b4507c86a2e03243d0dcae148b,81bd8dbc9c72e68b23585dabf42c6404c5f8761c2cac0d1aebd2cbf091dc818f,0.8966743040429624,5.079691999999341
ca-HepTh,spread_mean,node_edge,5,1,5,rf,8638,38,a45d535846cb3e119d5d14d2a62b3d52917062b6c0b0579a9fbc2103bddf4265,e17cc7834eea1ce10ef9705f0b70488090ae92b4507c86a2e03243d0dcae148b,cbd1a37ca38f041a18ca0c9fb8eab8003ad669c37d21f2304cc7aef849d358a2,0.8968958146019267,4.888241799984826
ca-HepTh,spread_mean,node_edge,6,1,5,rf,8638,38,a45d535846cb3e119d5d14d2a62b3d52917062b6c0b0579a9fbc2103bddf4265,e17cc7834eea1ce10ef9705f0b70488090ae92b4507c86a2e03243d0dcae148b,49b36850b4bda160048a63116de19fc7cdaa84b01d7cf63da87df9935edc3c8e,0.8963879805872205,4.914767200010829
ca-HepTh,spread_mean,node_edge,7,1,5,rf,8638,38,a45d535846cb3e119d5d14d2a62b3d52917062b6c0b0579a9fbc2103bddf4265,e17cc7834eea1ce10ef9705f0b70488090ae92b4507c86a2e03243d0dcae148b,3d0e3726c3135eda8b78f6149e490450155973a61699369c8e6a6ce153a1684e,0.895827863715001,5.101091300020926
ca-HepTh,spread_mean,node_edge,8,1,5,rf,8638,38,a45d535846cb3e119d5d14d2a62b3d52917062b6c0b0579a9fbc2103bddf4265,e17cc7834eea1ce10ef9705f0b70488090ae92b4507c86a2e03243d0dcae148b,206f017fa3d0290c180615b5f6443ff5b2dcaa4b04a728e7e76c50b6b161d7fd,0.8966944415687657,4.751819199998863
ca-HepTh,spread_mean,node_edge,9,1,5,rf,8638,38,a45d535846cb3e119d5d14d2a62b3d52917062b6c0b0579a9fbc2103bddf4265,e17cc7834eea1ce10ef9705f0b70488090ae92b4507c86a2e03243d0dcae148b,79c5b06350ad1b88f17dfa79f4ed65a4af3c5a51ae2296fb3b217f733b5fae84,0.8967128695983954,4.9087928000080865
ca-HepTh,spread_mean,plus_nonorbit_subgraph,0,1,5,rf,8638,40,c61383d6b27ef0ad89c89dab2673f8c8726eee83fc5458704272a64ff6df9087,e17cc7834eea1ce10ef9705f0b70488090ae92b4507c86a2e03243d0dcae148b,228255b5fbd02b3703eb04439d6135a65cc3ae36c581e39d9df38c2ed973d869,0.8963180727842834,5.047777500003576
ca-HepTh,spread_mean,plus_nonorbit_subgraph,1,1,5,rf,8638,40,c61383d6b27ef0ad89c89dab2673f8c8726eee83fc5458704272a64ff6df9087,e17cc7834eea1ce10ef9705f0b70488090ae92b4507c86a2e03243d0dcae148b,788cf64326d7b3d9ca02c50e757a7996e7f020ba1616eced50f8a8a6c27285fa,0.896818079877808,4.96088410000084
ca-HepTh,spread_mean,plus_nonorbit_subgraph,2,1,5,rf,8638,40,c61383d6b27ef0ad89c89dab2673f8c8726eee83fc5458704272a64ff6df9087,e17cc7834eea1ce10ef9705f0b70488090ae92b4507c86a2e03243d0dcae148b,796ebfc6d0b8950e4c7df98a3944078051a442a52d7e0f0a121208a70a3ab938,0.8970771929028188,5.089785900025163
ca-HepTh,spread_mean,plus_nonorbit_subgraph,3,1,5,rf,8638,40,c61383d6b27ef0ad89c89dab2673f8c8726eee83fc5458704272a64ff6df9087,e17cc7834eea1ce10ef9705f0b70488090ae92b4507c86a2e03243d0dcae148b,58a3fed4953180ec9a6fe38740a6c5a5dfd954d3f9a45b004ce4d8e722f6d11b,0.8970079637238209,5.192325999989407
ca-HepTh,spread_mean,plus_nonorbit_subgraph,4,1,5,rf,8638,40,c61383d6b27ef0ad89c89dab2673f8c8726eee83fc5458704272a64ff6df9087,e17cc7834eea1ce10ef9705f0b70488090ae92b4507c86a2e03243d0dcae148b,81bd8dbc9c72e68b23585dabf42c6404c5f8761c2cac0d1aebd2cbf091dc818f,0.8966300582391852,5.111027200007811
ca-HepTh,spread_mean,plus_nonorbit_subgraph,5,1,5,rf,8638,40,c61383d6b27ef0ad89c89dab2673f8c8726eee83fc5458704272a64ff6df9087,e17cc7834eea1ce10ef9705f0b70488090ae92b4507c86a2e03243d0dcae148b,cbd1a37ca38f041a18ca0c9fb8eab8003ad669c37d21f2304cc7aef849d358a2,0.896942849397358,5.20905770000536
ca-HepTh,spread_mean,plus_nonorbit_subgraph,6,1,5,rf,8638,40,c61383d6b27ef0ad89c89dab2673f8c8726eee83fc5458704272a64ff6df9087,e17cc7834eea1ce10ef9705f0b70488090ae92b4507c86a2e03243d0dcae148b,49b36850b4bda160048a63116de19fc7cdaa84b01d7cf63da87df9935edc3c8e,0.8963543537939342,5.016673800011631
ca-HepTh,spread_mean,plus_nonorbit_subgraph,7,1,5,rf,8638,40,c61383d6b27ef0ad89c89dab2673f8c8726eee83fc5458704272a64ff6df9087,e17cc7834eea1ce10ef9705f0b70488090ae92b4507c86a2e03243d0dcae148b,3d0e3726c3135eda8b78f6149e490450155973a61699369c8e6a6ce153a1684e,0.8958572000665629,5.062870699999621
ca-HepTh,spread_mean,plus_nonorbit_subgraph,8,1,5,rf,8638,40,c61383d6b27ef0ad89c89dab2673f8c8726eee83fc5458704272a64ff6df9087,e17cc7834eea1ce10ef9705f0b70488090ae92b4507c86a2e03243d0dcae148b,206f017fa3d0290c180615b5f6443ff5b2dcaa4b04a728e7e76c50b6b161d7fd,0.8966983418577135,5.110837299987907
ca-HepTh,spread_mean,plus_nonorbit_subgraph,9,1,5,rf,8638,40,c61383d6b27ef0ad89c89dab2673f8c8726eee83fc5458704272a64ff6df9087,e17cc7834eea1ce10ef9705f0b70488090ae92b4507c86a2e03243d0dcae148b,79c5b06350ad1b88f17dfa79f4ed65a4af3c5a51ae2296fb3b217f733b5fae84,0.8966716271372993,4.966067700006533
ca-HepTh,spread_mean,plus_orbit_lt15,0,1,5,rf,8638,45,dcece2a6c43eb3af150d7357885003ee166f4bb9b7b5a037bc4198659ec035e7,e17cc7834eea1ce10ef9705f0b70488090ae92b4507c86a2e03243d0dcae148b,228255b5fbd02b3703eb04439d6135a65cc3ae36c581e39d9df38c2ed973d869,0.8963631767580466,5.4999100000131875
ca-HepTh,spread_mean,plus_orbit_lt15,1,1,5,rf,8638,45,dcece2a6c43eb3af150d7357885003ee166f4bb9b7b5a037bc4198659ec035e7,e17cc7834eea1ce10ef9705f0b70488090ae92b4507c86a2e03243d0dcae148b,788cf64326d7b3d9ca02c50e757a7996e7f020ba1616eced50f8a8a6c27285fa,0.8967472328341438,5.381042199995136
ca-HepTh,spread_mean,plus_orbit_lt15,2,1,5,rf,8638,45,dcece2a6c43eb3af150d7357885003ee166f4bb9b7b5a037bc4198659ec035e7,e17cc7834eea1ce10ef9705f0b70488090ae92b4507c86a2e03243d0dcae148b,796ebfc6d0b8950e4c7df98a3944078051a442a52d7e0f0a121208a70a3ab938,0.897073277815901,5.499386199982837
ca-HepTh,spread_mean,plus_orbit_lt15,3,1,5,rf,8638,45,dcece2a6c43eb3af150d7357885003ee166f4bb9b7b5a037bc4198659ec035e7,e17cc7834eea1ce10ef9705f0b70488090ae92b4507c86a2e03243d0dcae148b,58a3fed4953180ec9a6fe38740a6c5a5dfd954d3f9a45b004ce4d8e722f6d11b,0.8969749267901114,5.523698400007561
ca-HepTh,spread_mean,plus_orbit_lt15,4,1,5,rf,8638,45,dcece2a6c43eb3af150d7357885003ee166f4bb9b7b5a037bc4198659ec035e7,e17cc7834eea1ce10ef9705f0b70488090ae92b4507c86a2e03243d0dcae148b,81bd8dbc9c72e68b23585dabf42c6404c5f8761c2cac0d1aebd2cbf091dc818f,0.8965546526632934,5.540089499991154
ca-HepTh,spread_mean,plus_orbit_lt15,5,1,5,rf,8638,45,dcece2a6c43eb3af150d7357885003ee166f4bb9b7b5a037bc4198659ec035e7,e17cc7834eea1ce10ef9705f0b70488090ae92b4507c86a2e03243d0dcae148b,cbd1a37ca38f041a18ca0c9fb8eab8003ad669c37d21f2304cc7aef849d358a2,0.8968954391816667,5.60849959999905
ca-HepTh,spread_mean,plus_orbit_lt15,6,1,5,rf,8638,45,dcece2a6c43eb3af150d7357885003ee166f4bb9b7b5a037bc4198659ec035e7,e17cc7834eea1ce10ef9705f0b70488090ae92b4507c86a2e03243d0dcae148b,49b36850b4bda160048a63116de19fc7cdaa84b01d7cf63da87df9935edc3c8e,0.8963006152821753,7.704510300012771
ca-HepTh,spread_mean,plus_orbit_lt15,7,1,5,rf,8638,45,dcece2a6c43eb3af150d7357885003ee166f4bb9b7b5a037bc4198659ec035e7,e17cc7834eea1ce10ef9705f0b70488090ae92b4507c86a2e03243d0dcae148b,3d0e3726c3135eda8b78f6149e490450155973a61699369c8e6a6ce153a1684e,0.8957860312575635,7.655416399997193
ca-HepTh,spread_mean,plus_orbit_lt15,8,1,5,rf,8638,45,dcece2a6c43eb3af150d7357885003ee166f4bb9b7b5a037bc4198659ec035e7,e17cc7834eea1ce10ef9705f0b70488090ae92b4507c86a2e03243d0dcae148b,206f017fa3d0290c180615b5f6443ff5b2dcaa4b04a728e7e76c50b6b161d7fd,0.896654325393781,7.608608499984257
ca-HepTh,spread_mean,plus_orbit_lt15,9,1,5,rf,8638,45,dcece2a6c43eb3af150d7357885003ee166f4bb9b7b5a037bc4198659ec035e7,e17cc7834eea1ce10ef9705f0b70488090ae92b4507c86a2e03243d0dcae148b,79c5b06350ad1b88f17dfa79f4ed65a4af3c5a51ae2296fb3b217f733b5fae84,0.8967091690394674,7.785181399987778
ca-HepTh,spread_mean,full_r1_structural,0,1,5,rf,8638,62,f87215536a24ad63e7fbc66c95f0e1f5a61902697811d754ea3f9a7c119ef71f,e17cc7834eea1ce10ef9705f0b70488090ae92b4507c86a2e03243d0dcae148b,228255b5fbd02b3703eb04439d6135a65cc3ae36c581e39d9df38c2ed973d869,0.9009051565538041,9.603934799990384
ca-HepTh,spread_mean,full_r1_structural,1,1,5,rf,8638,62,f87215536a24ad63e7fbc66c95f0e1f5a61902697811d754ea3f9a7c119ef71f,e17cc7834eea1ce10ef9705f0b70488090ae92b4507c86a2e03243d0dcae148b,788cf64326d7b3d9ca02c50e757a7996e7f020ba1616eced50f8a8a6c27285fa,0.9013876802204218,9.203176899987739
ca-HepTh,spread_mean,full_r1_structural,2,1,5,rf,8638,62,f87215536a24ad63e7fbc66c95f0e1f5a61902697811d754ea3f9a7c119ef71f,e17cc7834eea1ce10ef9705f0b70488090ae92b4507c86a2e03243d0dcae148b,796ebfc6d0b8950e4c7df98a3944078051a442a52d7e0f0a121208a70a3ab938,0.9016497635554431,9.420069699990563
ca-HepTh,spread_mean,full_r1_structural,3,1,5,rf,8638,62,f87215536a24ad63e7fbc66c95f0e1f5a61902697811d754ea3f9a7c119ef71f,e17cc7834eea1ce10ef9705f0b70488090ae92b4507c86a2e03243d0dcae148b,58a3fed4953180ec9a6fe38740a6c5a5dfd954d3f9a45b004ce4d8e722f6d11b,0.9011703625430848,9.309946099994704
ca-HepTh,spread_mean,full_r1_structural,4,1,5,rf,8638,62,f87215536a24ad63e7fbc66c95f0e1f5a61902697811d754ea3f9a7c119ef71f,e17cc7834eea1ce10ef9705f0b70488090ae92b4507c86a2e03243d0dcae148b,81bd8dbc9c72e68b23585dabf42c6404c5f8761c2cac0d1aebd2cbf091dc818f,0.90153077565665,6.779618000000482
ca-HepTh,spread_mean,full_r1_structural,5,1,5,rf,8638,62,f87215536a24ad63e7fbc66c95f0e1f5a61902697811d754ea3f9a7c119ef71f,e17cc7834eea1ce10ef9705f0b70488090ae92b4507c86a2e03243d0dcae148b,cbd1a37ca38f041a18ca0c9fb8eab8003ad669c37d21f2304cc7aef849d358a2,0.9015276061048694,6.550555299996631
ca-HepTh,spread_mean,full_r1_structural,6,1,5,rf,8638,62,f87215536a24ad63e7fbc66c95f0e1f5a61902697811d754ea3f9a7c119ef71f,e17cc7834eea1ce10ef9705f0b70488090ae92b4507c86a2e03243d0dcae148b,49b36850b4bda160048a63116de19fc7cdaa84b01d7cf63da87df9935edc3c8e,0.9007531981614331,6.6141311999817844
ca-HepTh,spread_mean,full_r1_structural,7,1,5,rf,8638,62,f87215536a24ad63e7fbc66c95f0e1f5a61902697811d754ea3f9a7c119ef71f,e17cc7834eea1ce10ef9705f0b70488090ae92b4507c86a2e03243d0dcae148b,3d0e3726c3135eda8b78f6149e490450155973a61699369c8e6a6ce153a1684e,0.9009816638507665,6.712454000022262
ca-HepTh,spread_mean,full_r1_structural,8,1,5,rf,8638,62,f87215536a24ad63e7fbc66c95f0e1f5a61902697811d754ea3f9a7c119ef71f,e17cc7834eea1ce10ef9705f0b70488090ae92b4507c86a2e03243d0dcae148b,206f017fa3d0290c180615b5f6443ff5b2dcaa4b04a728e7e76c50b6b161d7fd,0.9010715573400246,6.589311499992618
ca-HepTh,spread_mean,full_r1_structural,9,1,5,rf,8638,62,f87215536a24ad63e7fbc66c95f0e1f5a61902697811d754ea3f9a7c119ef71f,e17cc7834eea1ce10ef9705f0b70488090ae92b4507c86a2e03243d0dcae148b,79c5b06350ad1b88f17dfa79f4ed65a4af3c5a51ae2296fb3b217f733b5fae84,0.9013125514255269,8.01007409999147
ca-HepTh,spread_cv,node_edge,0,1,5,rf,8638,38,a45d535846cb3e119d5d14d2a62b3d52917062b6c0b0579a9fbc2103bddf4265,2f2c6cff6d1b29fb18a4b550c18473b019326eeb2e7c98930ef731016c312186,228255b5fbd02b3703eb04439d6135a65cc3ae36c581e39d9df38c2ed973d869,0.6563498092511134,5.066127900005085
ca-HepTh,spread_cv,node_edge,1,1,5,rf,8638,38,a45d535846cb3e119d5d14d2a62b3d52917062b6c0b0579a9fbc2103bddf4265,2f2c6cff6d1b29fb18a4b550c18473b019326eeb2e7c98930ef731016c312186,788cf64326d7b3d9ca02c50e757a7996e7f020ba1616eced50f8a8a6c27285fa,0.6575500271679737,5.034483800001908
ca-HepTh,spread_cv,node_edge,2,1,5,rf,8638,38,a45d535846cb3e119d5d14d2a62b3d52917062b6c0b0579a9fbc2103bddf4265,2f2c6cff6d1b29fb18a4b550c18473b019326eeb2e7c98930ef731016c312186,796ebfc6d0b8950e4c7df98a3944078051a442a52d7e0f0a121208a70a3ab938,0.6558389097659545,4.945277899998473
ca-HepTh,spread_cv,node_edge,3,1,5,rf,8638,38,a45d535846cb3e119d5d14d2a62b3d52917062b6c0b0579a9fbc2103bddf4265,2f2c6cff6d1b29fb18a4b550c18473b019326eeb2e7c98930ef731016c312186,58a3fed4953180ec9a6fe38740a6c5a5dfd954d3f9a45b004ce4d8e722f6d11b,0.659103174460761,5.0670935999951325
ca-HepTh,spread_cv,node_edge,4,1,5,rf,8638,38,a45d535846cb3e119d5d14d2a62b3d52917062b6c0b0579a9fbc2103bddf4265,2f2c6cff6d1b29fb18a4b550c18473b019326eeb2e7c98930ef731016c312186,81bd8dbc9c72e68b23585dabf42c6404c5f8761c2cac0d1aebd2cbf091dc818f,0.6569687472731556,7.014526399987517
ca-HepTh,spread_cv,node_edge,5,1,5,rf,8638,38,a45d535846cb3e119d5d14d2a62b3d52917062b6c0b0579a9fbc2103bddf4265,2f2c6cff6d1b29fb18a4b550c18473b019326eeb2e7c98930ef731016c312186,cbd1a37ca38f041a18ca0c9fb8eab8003ad669c37d21f2304cc7aef849d358a2,0.6568683912152334,6.953232200001366
ca-HepTh,spread_cv,node_edge,6,1,5,rf,8638,38,a45d535846cb3e119d5d14d2a62b3d52917062b6c0b0579a9fbc2103bddf4265,2f2c6cff6d1b29fb18a4b550c18473b019326eeb2e7c98930ef731016c312186,49b36850b4bda160048a63116de19fc7cdaa84b01d7cf63da87df9935edc3c8e,0.6552758352087167,6.780357000010554
ca-HepTh,spread_cv,node_edge,7,1,5,rf,8638,38,a45d535846cb3e119d5d14d2a62b3d52917062b6c0b0579a9fbc2103bddf4265,2f2c6cff6d1b29fb18a4b550c18473b019326eeb2e7c98930ef731016c312186,3d0e3726c3135eda8b78f6149e490450155973a61699369c8e6a6ce153a1684e,0.6550245381174392,6.798124599998118
ca-HepTh,spread_cv,node_edge,8,1,5,rf,8638,38,a45d535846cb3e119d5d14d2a62b3d52917062b6c0b0579a9fbc2103bddf4265,2f2c6cff6d1b29fb18a4b550c18473b019326eeb2e7c98930ef731016c312186,206f017fa3d0290c180615b5f6443ff5b2dcaa4b04a728e7e76c50b6b161d7fd,0.6567671607802631,6.909978999989107
ca-HepTh,spread_cv,node_edge,9,1,5,rf,8638,38,a45d535846cb3e119d5d14d2a62b3d52917062b6c0b0579a9fbc2103bddf4265,2f2c6cff6d1b29fb18a4b550c18473b019326eeb2e7c98930ef731016c312186,79c5b06350ad1b88f17dfa79f4ed65a4af3c5a51ae2296fb3b217f733b5fae84,0.6577655572391049,6.9402872000064235
ca-HepTh,spread_cv,plus_nonorbit_subgraph,0,1,5,rf,8638,40,c61383d6b27ef0ad89c89dab2673f8c8726eee83fc5458704272a64ff6df9087,2f2c6cff6d1b29fb18a4b550c18473b019326eeb2e7c98930ef731016c312186,228255b5fbd02b3703eb04439d6135a65cc3ae36c581e39d9df38c2ed973d869,0.656219984712031,7.269991000008304
ca-HepTh,spread_cv,plus_nonorbit_subgraph,1,1,5,rf,8638,40,c61383d6b27ef0ad89c89dab2673f8c8726eee83fc5458704272a64ff6df9087,2f2c6cff6d1b29fb18a4b550c18473b019326eeb2e7c98930ef731016c312186,788cf64326d7b3d9ca02c50e757a7996e7f020ba1616eced50f8a8a6c27285fa,0.6576409740789302,7.415028299990809
ca-HepTh,spread_cv,plus_nonorbit_subgraph,2,1,5,rf,8638,40,c61383d6b27ef0ad89c89dab2673f8c8726eee83fc5458704272a64ff6df9087,2f2c6cff6d1b29fb18a4b550c18473b019326eeb2e7c98930ef731016c312186,796ebfc6d0b8950e4c7df98a3944078051a442a52d7e0f0a121208a70a3ab938,0.6557389540473113,7.430664199986495
ca-HepTh,spread_cv,plus_nonorbit_subgraph,3,1,5,rf,8638,40,c61383d6b27ef0ad89c89dab2673f8c8726eee83fc5458704272a64ff6df9087,2f2c6cff6d1b29fb18a4b550c18473b019326eeb2e7c98930ef731016c312186,58a3fed4953180ec9a6fe38740a6c5a5dfd954d3f9a45b004ce4d8e722f6d11b,0.659160498913165,7.361950300022727
ca-HepTh,spread_cv,plus_nonorbit_subgraph,4,1,5,rf,8638,40,c61383d6b27ef0ad89c89dab2673f8c8726eee83fc5458704272a64ff6df9087,2f2c6cff6d1b29fb18a4b550c18473b019326eeb2e7c98930ef731016c312186,81bd8dbc9c72e68b23585dabf42c6404c5f8761c2cac0d1aebd2cbf091dc818f,0.6568557073283421,7.244699600007152
ca-HepTh,spread_cv,plus_nonorbit_subgraph,5,1,5,rf,8638,40,c61383d6b27ef0ad89c89dab2673f8c8726eee83fc5458704272a64ff6df9087,2f2c6cff6d1b29fb18a4b550c18473b019326eeb2e7c98930ef731016c312186,cbd1a37ca38f041a18ca0c9fb8eab8003ad669c37d21f2304cc7aef849d358a2,0.6566670314031205,7.234195999975782
ca-HepTh,spread_cv,plus_nonorbit_subgraph,6,1,5,rf,8638,40,c61383d6b27ef0ad89c89dab2673f8c8726eee83fc5458704272a64ff6df9087,2f2c6cff6d1b29fb18a4b550c18473b019326eeb2e7c98930ef731016c312186,49b36850b4bda160048a63116de19fc7cdaa84b01d7cf63da87df9935edc3c8e,0.6552539028969272,7.165315499994904
ca-HepTh,spread_cv,plus_nonorbit_subgraph,7,1,5,rf,8638,40,c61383d6b27ef0ad89c89dab2673f8c8726eee83fc5458704272a64ff6df9087,2f2c6cff6d1b29fb18a4b550c18473b019326eeb2e7c98930ef731016c312186,3d0e3726c3135eda8b78f6149e490450155973a61699369c8e6a6ce153a1684e,0.6550225003924958,7.109192800009623
ca-HepTh,spread_cv,plus_nonorbit_subgraph,8,1,5,rf,8638,40,c61383d6b27ef0ad89c89dab2673f8c8726eee83fc5458704272a64ff6df9087,2f2c6cff6d1b29fb18a4b550c18473b019326eeb2e7c98930ef731016c312186,206f017fa3d0290c180615b5f6443ff5b2dcaa4b04a728e7e76c50b6b161d7fd,0.6568499565989839,7.271592600009171
ca-HepTh,spread_cv,plus_nonorbit_subgraph,9,1,5,rf,8638,40,c61383d6b27ef0ad89c89dab2673f8c8726eee83fc5458704272a64ff6df9087,2f2c6cff6d1b29fb18a4b550c18473b019326eeb2e7c98930ef731016c312186,79c5b06350ad1b88f17dfa79f4ed65a4af3c5a51ae2296fb3b217f733b5fae84,0.6576470832242879,5.325410999997985
ca-HepTh,spread_cv,plus_orbit_lt15,0,1,5,rf,8638,45,dcece2a6c43eb3af150d7357885003ee166f4bb9b7b5a037bc4198659ec035e7,2f2c6cff6d1b29fb18a4b550c18473b019326eeb2e7c98930ef731016c312186,228255b5fbd02b3703eb04439d6135a65cc3ae36c581e39d9df38c2ed973d869,0.6562117265629114,6.385302799986675
ca-HepTh,spread_cv,plus_orbit_lt15,1,1,5,rf,8638,45,dcece2a6c43eb3af150d7357885003ee166f4bb9b7b5a037bc4198659ec035e7,2f2c6cff6d1b29fb18a4b550c18473b019326eeb2e7c98930ef731016c312186,788cf64326d7b3d9ca02c50e757a7996e7f020ba1616eced50f8a8a6c27285fa,0.6574415987163501,7.73423320002621
ca-HepTh,spread_cv,plus_orbit_lt15,2,1,5,rf,8638,45,dcece2a6c43eb3af150d7357885003ee166f4bb9b7b5a037bc4198659ec035e7,2f2c6cff6d1b29fb18a4b550c18473b019326eeb2e7c98930ef731016c312186,796ebfc6d0b8950e4c7df98a3944078051a442a52d7e0f0a121208a70a3ab938,0.655712249139648,7.8751707000192255
ca-HepTh,spread_cv,plus_orbit_lt15,3,1,5,rf,8638,45,dcece2a6c43eb3af150d7357885003ee166f4bb9b7b5a037bc4198659ec035e7,2f2c6cff6d1b29fb18a4b550c18473b019326eeb2e7c98930ef731016c312186,58a3fed4953180ec9a6fe38740a6c5a5dfd954d3f9a45b004ce4d8e722f6d11b,0.6590789898695223,7.797328600019682
ca-HepTh,spread_cv,plus_orbit_lt15,4,1,5,rf,8638,45,dcece2a6c43eb3af150d7357885003ee166f4bb9b7b5a037bc4198659ec035e7,2f2c6cff6d1b29fb18a4b550c18473b019326eeb2e7c98930ef731016c312186,81bd8dbc9c72e68b23585dabf42c6404c5f8761c2cac0d1aebd2cbf091dc818f,0.6565841004400687,7.828433699993184
ca-HepTh,spread_cv,plus_orbit_lt15,5,1,5,rf,8638,45,dcece2a6c43eb3af150d7357885003ee166f4bb9b7b5a037bc4198659ec035e7,2f2c6cff6d1b29fb18a4b550c18473b019326eeb2e7c98930ef731016c312186,cbd1a37ca38f041a18ca0c9fb8eab8003ad669c37d21f2304cc7aef849d358a2,0.6564941997987424,7.7985212999919895
ca-HepTh,spread_cv,plus_orbit_lt15,6,1,5,rf,8638,45,dcece2a6c43eb3af150d7357885003ee166f4bb9b7b5a037bc4198659ec035e7,2f2c6cff6d1b29fb18a4b550c18473b019326eeb2e7c98930ef731016c312186,49b36850b4bda160048a63116de19fc7cdaa84b01d7cf63da87df9935edc3c8e,0.6553057575314024,7.72357989999
ca-HepTh,spread_cv,plus_orbit_lt15,7,1,5,rf,8638,45,dcece2a6c43eb3af150d7357885003ee166f4bb9b7b5a037bc4198659ec035e7,2f2c6cff6d1b29fb18a4b550c18473b019326eeb2e7c98930ef731016c312186,3d0e3726c3135eda8b78f6149e490450155973a61699369c8e6a6ce153a1684e,0.6550556402349981,7.8459682000102475
ca-HepTh,spread_cv,plus_orbit_lt15,8,1,5,rf,8638,45,dcece2a6c43eb3af150d7357885003ee166f4bb9b7b5a037bc4198659ec035e7,2f2c6cff6d1b29fb18a4b550c18473b019326eeb2e7c98930ef731016c312186,206f017fa3d0290c180615b5f6443ff5b2dcaa4b04a728e7e76c50b6b161d7fd,0.6568029281449567,7.840500699996483
ca-HepTh,spread_cv,plus_orbit_lt15,9,1,5,rf,8638,45,dcece2a6c43eb3af150d7357885003ee166f4bb9b7b5a037bc4198659ec035e7,2f2c6cff6d1b29fb18a4b550c18473b019326eeb2e7c98930ef731016c312186,79c5b06350ad1b88f17dfa79f4ed65a4af3c5a51ae2296fb3b217f733b5fae84,0.6573302173864516,7.791147900017677
ca-HepTh,spread_cv,full_r1_structural,0,1,5,rf,8638,62,f87215536a24ad63e7fbc66c95f0e1f5a61902697811d754ea3f9a7c119ef71f,2f2c6cff6d1b29fb18a4b550c18473b019326eeb2e7c98930ef731016c312186,228255b5fbd02b3703eb04439d6135a65cc3ae36c581e39d9df38c2ed973d869,0.6702250569729834,9.868070900003659
ca-HepTh,spread_cv,full_r1_structural,1,1,5,rf,8638,62,f87215536a24ad63e7fbc66c95f0e1f5a61902697811d754ea3f9a7c119ef71f,2f2c6cff6d1b29fb18a4b550c18473b019326eeb2e7c98930ef731016c312186,788cf64326d7b3d9ca02c50e757a7996e7f020ba1616eced50f8a8a6c27285fa,0.6711139448610144,8.369472299993504
ca-HepTh,spread_cv,full_r1_structural,2,1,5,rf,8638,62,f87215536a24ad63e7fbc66c95f0e1f5a61902697811d754ea3f9a7c119ef71f,2f2c6cff6d1b29fb18a4b550c18473b019326eeb2e7c98930ef731016c312186,796ebfc6d0b8950e4c7df98a3944078051a442a52d7e0f0a121208a70a3ab938,0.6713864702235618,7.970221000025049
ca-HepTh,spread_cv,full_r1_structural,3,1,5,rf,8638,62,f87215536a24ad63e7fbc66c95f0e1f5a61902697811d754ea3f9a7c119ef71f,2f2c6cff6d1b29fb18a4b550c18473b019326eeb2e7c98930ef731016c312186,58a3fed4953180ec9a6fe38740a6c5a5dfd954d3f9a45b004ce4d8e722f6d11b,0.6723117819658287,7.450110000005225
ca-HepTh,spread_cv,full_r1_structural,4,1,5,rf,8638,62,f87215536a24ad63e7fbc66c95f0e1f5a61902697811d754ea3f9a7c119ef71f,2f2c6cff6d1b29fb18a4b550c18473b019326eeb2e7c98930ef731016c312186,81bd8dbc9c72e68b23585dabf42c6404c5f8761c2cac0d1aebd2cbf091dc818f,0.6710517135135081,7.312756900006207
ca-HepTh,spread_cv,full_r1_structural,5,1,5,rf,8638,62,f87215536a24ad63e7fbc66c95f0e1f5a61902697811d754ea3f9a7c119ef71f,2f2c6cff6d1b29fb18a4b550c18473b019326eeb2e7c98930ef731016c312186,cbd1a37ca38f041a18ca0c9fb8eab8003ad669c37d21f2304cc7aef849d358a2,0.6700312991597415,7.493030699988594
ca-HepTh,spread_cv,full_r1_structural,6,1,5,rf,8638,62,f87215536a24ad63e7fbc66c95f0e1f5a61902697811d754ea3f9a7c119ef71f,2f2c6cff6d1b29fb18a4b550c18473b019326eeb2e7c98930ef731016c312186,49b36850b4bda160048a63116de19fc7cdaa84b01d7cf63da87df9935edc3c8e,0.6700119979906582,7.7258800999843515
ca-HepTh,spread_cv,full_r1_structural,7,1,5,rf,8638,62,f87215536a24ad63e7fbc66c95f0e1f5a61902697811d754ea3f9a7c119ef71f,2f2c6cff6d1b29fb18a4b550c18473b019326eeb2e7c98930ef731016c312186,3d0e3726c3135eda8b78f6149e490450155973a61699369c8e6a6ce153a1684e,0.6705952921751407,7.802892099978635
ca-HepTh,spread_cv,full_r1_structural,8,1,5,rf,8638,62,f87215536a24ad63e7fbc66c95f0e1f5a61902697811d754ea3f9a7c119ef71f,2f2c6cff6d1b29fb18a4b550c18473b019326eeb2e7c98930ef731016c312186,206f017fa3d0290c180615b5f6443ff5b2dcaa4b04a728e7e76c50b6b161d7fd,0.6709326367945466,9.13845489997766
ca-HepTh,spread_cv,full_r1_structural,9,1,5,rf,8638,62,f87215536a24ad63e7fbc66c95f0e1f5a61902697811d754ea3f9a7c119ef71f,2f2c6cff6d1b29fb18a4b550c18473b019326eeb2e7c98930ef731016c312186,79c5b06350ad1b88f17dfa79f4ed65a4af3c5a51ae2296fb3b217f733b5fae84,0.6705497517789064,10.01597770000808
ca-HepTh,spread_resid,node_edge,0,1,5,rf,8638,38,a45d535846cb3e119d5d14d2a62b3d52917062b6c0b0579a9fbc2103bddf4265,1e3cc3e0e811f5407efc1193fd8d6c3d2c242e2d415c88ed90b24a800bdda366,228255b5fbd02b3703eb04439d6135a65cc3ae36c581e39d9df38c2ed973d869,0.5334060440178663,7.238343700009864
ca-HepTh,spread_resid,node_edge,1,1,5,rf,8638,38,a45d535846cb3e119d5d14d2a62b3d52917062b6c0b0579a9fbc2103bddf4265,1e3cc3e0e811f5407efc1193fd8d6c3d2c242e2d415c88ed90b24a800bdda366,788cf64326d7b3d9ca02c50e757a7996e7f020ba1616eced50f8a8a6c27285fa,0.5349262630205531,7.323165300011169
ca-HepTh,spread_resid,node_edge,2,1,5,rf,8638,38,a45d535846cb3e119d5d14d2a62b3d52917062b6c0b0579a9fbc2103bddf4265,1e3cc3e0e811f5407efc1193fd8d6c3d2c242e2d415c88ed90b24a800bdda366,796ebfc6d0b8950e4c7df98a3944078051a442a52d7e0f0a121208a70a3ab938,0.5336481309696799,7.368238399998518
ca-HepTh,spread_resid,node_edge,3,1,5,rf,8638,38,a45d535846cb3e119d5d14d2a62b3d52917062b6c0b0579a9fbc2103bddf4265,1e3cc3e0e811f5407efc1193fd8d6c3d2c242e2d415c88ed90b24a800bdda366,58a3fed4953180ec9a6fe38740a6c5a5dfd954d3f9a45b004ce4d8e722f6d11b,0.5369630733341638,6.959098199993605
ca-HepTh,spread_resid,node_edge,4,1,5,rf,8638,38,a45d535846cb3e119d5d14d2a62b3d52917062b6c0b0579a9fbc2103bddf4265,1e3cc3e0e811f5407efc1193fd8d6c3d2c242e2d415c88ed90b24a800bdda366,81bd8dbc9c72e68b23585dabf42c6404c5f8761c2cac0d1aebd2cbf091dc818f,0.5340628965400249,7.22267920000013
ca-HepTh,spread_resid,node_edge,5,1,5,rf,8638,38,a45d535846cb3e119d5d14d2a62b3d52917062b6c0b0579a9fbc2103bddf4265,1e3cc3e0e811f5407efc1193fd8d6c3d2c242e2d415c88ed90b24a800bdda366,cbd1a37ca38f041a18ca0c9fb8eab8003ad669c37d21f2304cc7aef849d358a2,0.5342598388991708,7.340063399984501
ca-HepTh,spread_resid,node_edge,6,1,5,rf,8638,38,a45d535846cb3e119d5d14d2a62b3d52917062b6c0b0579a9fbc2103bddf4265,1e3cc3e0e811f5407efc1193fd8d6c3d2c242e2d415c88ed90b24a800bdda366,49b36850b4bda160048a63116de19fc7cdaa84b01d7cf63da87df9935edc3c8e,0.5335508809970148,7.033632400009083
ca-HepTh,spread_resid,node_edge,7,1,5,rf,8638,38,a45d535846cb3e119d5d14d2a62b3d52917062b6c0b0579a9fbc2103bddf4265,1e3cc3e0e811f5407efc1193fd8d6c3d2c242e2d415c88ed90b24a800bdda366,3d0e3726c3135eda8b78f6149e490450155973a61699369c8e6a6ce153a1684e,0.5339466955414734,7.294563699979335
ca-HepTh,spread_resid,node_edge,8,1,5,rf,8638,38,a45d535846cb3e119d5d14d2a62b3d52917062b6c0b0579a9fbc2103bddf4265,1e3cc3e0e811f5407efc1193fd8d6c3d2c242e2d415c88ed90b24a800bdda366,206f017fa3d0290c180615b5f6443ff5b2dcaa4b04a728e7e76c50b6b161d7fd,0.5344371630382866,7.1399729999830015
ca-HepTh,spread_resid,node_edge,9,1,5,rf,8638,38,a45d535846cb3e119d5d14d2a62b3d52917062b6c0b0579a9fbc2103bddf4265,1e3cc3e0e811f5407efc1193fd8d6c3d2c242e2d415c88ed90b24a800bdda366,79c5b06350ad1b88f17dfa79f4ed65a4af3c5a51ae2296fb3b217f733b5fae84,0.5345728191431129,7.159610100003192
ca-HepTh,spread_resid,plus_nonorbit_subgraph,0,1,5,rf,8638,40,c61383d6b27ef0ad89c89dab2673f8c8726eee83fc5458704272a64ff6df9087,1e3cc3e0e811f5407efc1193fd8d6c3d2c242e2d415c88ed90b24a800bdda366,228255b5fbd02b3703eb04439d6135a65cc3ae36c581e39d9df38c2ed973d869,0.5333228726265462,7.466555599996354
ca-HepTh,spread_resid,plus_nonorbit_subgraph,1,1,5,rf,8638,40,c61383d6b27ef0ad89c89dab2673f8c8726eee83fc5458704272a64ff6df9087,1e3cc3e0e811f5407efc1193fd8d6c3d2c242e2d415c88ed90b24a800bdda366,788cf64326d7b3d9ca02c50e757a7996e7f020ba1616eced50f8a8a6c27285fa,0.5346821648486226,7.232310899998993
ca-HepTh,spread_resid,plus_nonorbit_subgraph,2,1,5,rf,8638,40,c61383d6b27ef0ad89c89dab2673f8c8726eee83fc5458704272a64ff6df9087,1e3cc3e0e811f5407efc1193fd8d6c3d2c242e2d415c88ed90b24a800bdda366,796ebfc6d0b8950e4c7df98a3944078051a442a52d7e0f0a121208a70a3ab938,0.5335690350778839,7.4466233999992255
ca-HepTh,spread_resid,plus_nonorbit_subgraph,3,1,5,rf,8638,40,c61383d6b27ef0ad89c89dab2673f8c8726eee83fc5458704272a64ff6df9087,1e3cc3e0e811f5407efc1193fd8d6c3d2c242e2d415c88ed90b24a800bdda366,58a3fed4953180ec9a6fe38740a6c5a5dfd954d3f9a45b004ce4d8e722f6d11b,0.5367980174566288,7.493511000007857
ca-HepTh,spread_resid,plus_nonorbit_subgraph,4,1,5,rf,8638,40,c61383d6b27ef0ad89c89dab2673f8c8726eee83fc5458704272a64ff6df9087,1e3cc3e0e811f5407efc1193fd8d6c3d2c242e2d415c88ed90b24a800bdda366,81bd8dbc9c72e68b23585dabf42c6404c5f8761c2cac0d1aebd2cbf091dc818f,0.5339949009490673,5.869925600010902
ca-HepTh,spread_resid,plus_nonorbit_subgraph,5,1,5,rf,8638,40,c61383d6b27ef0ad89c89dab2673f8c8726eee83fc5458704272a64ff6df9087,1e3cc3e0e811f5407efc1193fd8d6c3d2c242e2d415c88ed90b24a800bdda366,cbd1a37ca38f041a18ca0c9fb8eab8003ad669c37d21f2304cc7aef849d358a2,0.5341750872586808,5.383107000001473
ca-HepTh,spread_resid,plus_nonorbit_subgraph,6,1,5,rf,8638,40,c61383d6b27ef0ad89c89dab2673f8c8726eee83fc5458704272a64ff6df9087,1e3cc3e0e811f5407efc1193fd8d6c3d2c242e2d415c88ed90b24a800bdda366,49b36850b4bda160048a63116de19fc7cdaa84b01d7cf63da87df9935edc3c8e,0.5335134512669913,5.284982900018804
ca-HepTh,spread_resid,plus_nonorbit_subgraph,7,1,5,rf,8638,40,c61383d6b27ef0ad89c89dab2673f8c8726eee83fc5458704272a64ff6df9087,1e3cc3e0e811f5407efc1193fd8d6c3d2c242e2d415c88ed90b24a800bdda366,3d0e3726c3135eda8b78f6149e490450155973a61699369c8e6a6ce153a1684e,0.5339700757630712,5.284755800006678
ca-HepTh,spread_resid,plus_nonorbit_subgraph,8,1,5,rf,8638,40,c61383d6b27ef0ad89c89dab2673f8c8726eee83fc5458704272a64ff6df9087,1e3cc3e0e811f5407efc1193fd8d6c3d2c242e2d415c88ed90b24a800bdda366,206f017fa3d0290c180615b5f6443ff5b2dcaa4b04a728e7e76c50b6b161d7fd,0.5339630173687954,5.3207470000197645
ca-HepTh,spread_resid,plus_nonorbit_subgraph,9,1,5,rf,8638,40,c61383d6b27ef0ad89c89dab2673f8c8726eee83fc5458704272a64ff6df9087,1e3cc3e0e811f5407efc1193fd8d6c3d2c242e2d415c88ed90b24a800bdda366,79c5b06350ad1b88f17dfa79f4ed65a4af3c5a51ae2296fb3b217f733b5fae84,0.5347444705193143,5.41146510001272
ca-HepTh,spread_resid,plus_orbit_lt15,0,1,5,rf,8638,45,dcece2a6c43eb3af150d7357885003ee166f4bb9b7b5a037bc4198659ec035e7,1e3cc3e0e811f5407efc1193fd8d6c3d2c242e2d415c88ed90b24a800bdda366,228255b5fbd02b3703eb04439d6135a65cc3ae36c581e39d9df38c2ed973d869,0.5334279227591032,5.809211000014329
ca-HepTh,spread_resid,plus_orbit_lt15,1,1,5,rf,8638,45,dcece2a6c43eb3af150d7357885003ee166f4bb9b7b5a037bc4198659ec035e7,1e3cc3e0e811f5407efc1193fd8d6c3d2c242e2d415c88ed90b24a800bdda366,788cf64326d7b3d9ca02c50e757a7996e7f020ba1616eced50f8a8a6c27285fa,0.5348971449829085,5.753914200002328
ca-HepTh,spread_resid,plus_orbit_lt15,2,1,5,rf,8638,45,dcece2a6c43eb3af150d7357885003ee166f4bb9b7b5a037bc4198659ec035e7,1e3cc3e0e811f5407efc1193fd8d6c3d2c242e2d415c88ed90b24a800bdda366,796ebfc6d0b8950e4c7df98a3944078051a442a52d7e0f0a121208a70a3ab938,0.5333689626898902,5.800094500009436
ca-HepTh,spread_resid,plus_orbit_lt15,3,1,5,rf,8638,45,dcece2a6c43eb3af150d7357885003ee166f4bb9b7b5a037bc4198659ec035e7,1e3cc3e0e811f5407efc1193fd8d6c3d2c242e2d415c88ed90b24a800bdda366,58a3fed4953180ec9a6fe38740a6c5a5dfd954d3f9a45b004ce4d8e722f6d11b,0.537150276085455,6.174682500015479
ca-HepTh,spread_resid,plus_orbit_lt15,4,1,5,rf,8638,45,dcece2a6c43eb3af150d7357885003ee166f4bb9b7b5a037bc4198659ec035e7,1e3cc3e0e811f5407efc1193fd8d6c3d2c242e2d415c88ed90b24a800bdda366,81bd8dbc9c72e68b23585dabf42c6404c5f8761c2cac0d1aebd2cbf091dc818f,0.534075444622268,5.855738899990683
ca-HepTh,spread_resid,plus_orbit_lt15,5,1,5,rf,8638,45,dcece2a6c43eb3af150d7357885003ee166f4bb9b7b5a037bc4198659ec035e7,1e3cc3e0e811f5407efc1193fd8d6c3d2c242e2d415c88ed90b24a800bdda366,cbd1a37ca38f041a18ca0c9fb8eab8003ad669c37d21f2304cc7aef849d358a2,0.533968901152042,6.021165899990592
ca-HepTh,spread_resid,plus_orbit_lt15,6,1,5,rf,8638,45,dcece2a6c43eb3af150d7357885003ee166f4bb9b7b5a037bc4198659ec035e7,1e3cc3e0e811f5407efc1193fd8d6c3d2c242e2d415c88ed90b24a800bdda366,49b36850b4bda160048a63116de19fc7cdaa84b01d7cf63da87df9935edc3c8e,0.5333856646672122,7.283284000004642
ca-HepTh,spread_resid,plus_orbit_lt15,7,1,5,rf,8638,45,dcece2a6c43eb3af150d7357885003ee166f4bb9b7b5a037bc4198659ec035e7,1e3cc3e0e811f5407efc1193fd8d6c3d2c242e2d415c88ed90b24a800bdda366,3d0e3726c3135eda8b78f6149e490450155973a61699369c8e6a6ce153a1684e,0.5339130194424748,7.931842399993911
ca-HepTh,spread_resid,plus_orbit_lt15,8,1,5,rf,8638,45,dcece2a6c43eb3af150d7357885003ee166f4bb9b7b5a037bc4198659ec035e7,1e3cc3e0e811f5407efc1193fd8d6c3d2c242e2d415c88ed90b24a800bdda366,206f017fa3d0290c180615b5f6443ff5b2dcaa4b04a728e7e76c50b6b161d7fd,0.534042488515842,7.947021300002234
ca-HepTh,spread_resid,plus_orbit_lt15,9,1,5,rf,8638,45,dcece2a6c43eb3af150d7357885003ee166f4bb9b7b5a037bc4198659ec035e7,1e3cc3e0e811f5407efc1193fd8d6c3d2c242e2d415c88ed90b24a800bdda366,79c5b06350ad1b88f17dfa79f4ed65a4af3c5a51ae2296fb3b217f733b5fae84,0.5344773142693189,7.712180000002263
ca-HepTh,spread_resid,full_r1_structural,0,1,5,rf,8638,62,f87215536a24ad63e7fbc66c95f0e1f5a61902697811d754ea3f9a7c119ef71f,1e3cc3e0e811f5407efc1193fd8d6c3d2c242e2d415c88ed90b24a800bdda366,228255b5fbd02b3703eb04439d6135a65cc3ae36c581e39d9df38c2ed973d869,0.5454546471986556,9.231396300019696
ca-HepTh,spread_resid,full_r1_structural,1,1,5,rf,8638,62,f87215536a24ad63e7fbc66c95f0e1f5a61902697811d754ea3f9a7c119ef71f,1e3cc3e0e811f5407efc1193fd8d6c3d2c242e2d415c88ed90b24a800bdda366,788cf64326d7b3d9ca02c50e757a7996e7f020ba1616eced50f8a8a6c27285fa,0.5465710679770589,9.254493500018725
ca-HepTh,spread_resid,full_r1_structural,2,1,5,rf,8638,62,f87215536a24ad63e7fbc66c95f0e1f5a61902697811d754ea3f9a7c119ef71f,1e3cc3e0e811f5407efc1193fd8d6c3d2c242e2d415c88ed90b24a800bdda366,796ebfc6d0b8950e4c7df98a3944078051a442a52d7e0f0a121208a70a3ab938,0.5457290355853771,9.27293209999334
ca-HepTh,spread_resid,full_r1_structural,3,1,5,rf,8638,62,f87215536a24ad63e7fbc66c95f0e1f5a61902697811d754ea3f9a7c119ef71f,1e3cc3e0e811f5407efc1193fd8d6c3d2c242e2d415c88ed90b24a800bdda366,58a3fed4953180ec9a6fe38740a6c5a5dfd954d3f9a45b004ce4d8e722f6d11b,0.5462402191947966,9.325815199990757
ca-HepTh,spread_resid,full_r1_structural,4,1,5,rf,8638,62,f87215536a24ad63e7fbc66c95f0e1f5a61902697811d754ea3f9a7c119ef71f,1e3cc3e0e811f5407efc1193fd8d6c3d2c242e2d415c88ed90b24a800bdda366,81bd8dbc9c72e68b23585dabf42c6404c5f8761c2cac0d1aebd2cbf091dc818f,0.5449095646114641,9.40678280001157
ca-HepTh,spread_resid,full_r1_structural,5,1,5,rf,8638,62,f87215536a24ad63e7fbc66c95f0e1f5a61902697811d754ea3f9a7c119ef71f,1e3cc3e0e811f5407efc1193fd8d6c3d2c242e2d415c88ed90b24a800bdda366,cbd1a37ca38f041a18ca0c9fb8eab8003ad669c37d21f2304cc7aef849d358a2,0.5467480203012649,9.179333699983545
ca-HepTh,spread_resid,full_r1_structural,6,1,5,rf,8638,62,f87215536a24ad63e7fbc66c95f0e1f5a61902697811d754ea3f9a7c119ef71f,1e3cc3e0e811f5407efc1193fd8d6c3d2c242e2d415c88ed90b24a800bdda366,49b36850b4bda160048a63116de19fc7cdaa84b01d7cf63da87df9935edc3c8e,0.5461496455334587,9.395784599997569
ca-HepTh,spread_resid,full_r1_structural,7,1,5,rf,8638,62,f87215536a24ad63e7fbc66c95f0e1f5a61902697811d754ea3f9a7c119ef71f,1e3cc3e0e811f5407efc1193fd8d6c3d2c242e2d415c88ed90b24a800bdda366,3d0e3726c3135eda8b78f6149e490450155973a61699369c8e6a6ce153a1684e,0.544944910108646,9.518396800005576
ca-HepTh,spread_resid,full_r1_structural,8,1,5,rf,8638,62,f87215536a24ad63e7fbc66c95f0e1f5a61902697811d754ea3f9a7c119ef71f,1e3cc3e0e811f5407efc1193fd8d6c3d2c242e2d415c88ed90b24a800bdda366,206f017fa3d0290c180615b5f6443ff5b2dcaa4b04a728e7e76c50b6b161d7fd,0.5486295618536902,9.446179200022016
ca-HepTh,spread_resid,full_r1_structural,9,1,5,rf,8638,62,f87215536a24ad63e7fbc66c95f0e1f5a61902697811d754ea3f9a7c119ef71f,1e3cc3e0e811f5407efc1193fd8d6c3d2c242e2d415c88ed90b24a800bdda366,79c5b06350ad1b88f17dfa79f4ed65a4af3c5a51ae2296fb3b217f733b5fae84,0.548207316386545,9.452366500016069
ca-HepTh,betweenness,node_edge,0,1,5,rf_log1p,8638,38,a45d535846cb3e119d5d14d2a62b3d52917062b6c0b0579a9fbc2103bddf4265,8edb32eca5e4deed30d28b4d98c4b1e05274fa2f90544b36ee9c3a3b3fa706ba,228255b5fbd02b3703eb04439d6135a65cc3ae36c581e39d9df38c2ed973d869,0.9022644541156631,5.095759799994994
ca-HepTh,betweenness,node_edge,1,1,5,rf_log1p,8638,38,a45d535846cb3e119d5d14d2a62b3d52917062b6c0b0579a9fbc2103bddf4265,8edb32eca5e4deed30d28b4d98c4b1e05274fa2f90544b36ee9c3a3b3fa706ba,788cf64326d7b3d9ca02c50e757a7996e7f020ba1616eced50f8a8a6c27285fa,0.9023205859490764,5.201065300003393
ca-HepTh,betweenness,node_edge,2,1,5,rf_log1p,8638,38,a45d535846cb3e119d5d14d2a62b3d52917062b6c0b0579a9fbc2103bddf4265,8edb32eca5e4deed30d28b4d98c4b1e05274fa2f90544b36ee9c3a3b3fa706ba,796ebfc6d0b8950e4c7df98a3944078051a442a52d7e0f0a121208a70a3ab938,0.9020690955215411,5.255118999979459
ca-HepTh,betweenness,node_edge,3,1,5,rf_log1p,8638,38,a45d535846cb3e119d5d14d2a62b3d52917062b6c0b0579a9fbc2103bddf4265,8edb32eca5e4deed30d28b4d98c4b1e05274fa2f90544b36ee9c3a3b3fa706ba,58a3fed4953180ec9a6fe38740a6c5a5dfd954d3f9a45b004ce4d8e722f6d11b,0.902356002882856,5.125521800015122
ca-HepTh,betweenness,node_edge,4,1,5,rf_log1p,8638,38,a45d535846cb3e119d5d14d2a62b3d52917062b6c0b0579a9fbc2103bddf4265,8edb32eca5e4deed30d28b4d98c4b1e05274fa2f90544b36ee9c3a3b3fa706ba,81bd8dbc9c72e68b23585dabf42c6404c5f8761c2cac0d1aebd2cbf091dc818f,0.9019358245140364,5.148026300012134
ca-HepTh,betweenness,node_edge,5,1,5,rf_log1p,8638,38,a45d535846cb3e119d5d14d2a62b3d52917062b6c0b0579a9fbc2103bddf4265,8edb32eca5e4deed30d28b4d98c4b1e05274fa2f90544b36ee9c3a3b3fa706ba,cbd1a37ca38f041a18ca0c9fb8eab8003ad669c37d21f2304cc7aef849d358a2,0.902139319619577,5.169728800014127
ca-HepTh,betweenness,node_edge,6,1,5,rf_log1p,8638,38,a45d535846cb3e119d5d14d2a62b3d52917062b6c0b0579a9fbc2103bddf4265,8edb32eca5e4deed30d28b4d98c4b1e05274fa2f90544b36ee9c3a3b3fa706ba,49b36850b4bda160048a63116de19fc7cdaa84b01d7cf63da87df9935edc3c8e,0.9012671355366154,5.3609454999968875
ca-HepTh,betweenness,node_edge,7,1,5,rf_log1p,8638,38,a45d535846cb3e119d5d14d2a62b3d52917062b6c0b0579a9fbc2103bddf4265,8edb32eca5e4deed30d28b4d98c4b1e05274fa2f90544b36ee9c3a3b3fa706ba,3d0e3726c3135eda8b78f6149e490450155973a61699369c8e6a6ce153a1684e,0.9026136870245182,5.327028500003507
ca-HepTh,betweenness,node_edge,8,1,5,rf_log1p,8638,38,a45d535846cb3e119d5d14d2a62b3d52917062b6c0b0579a9fbc2103bddf4265,8edb32eca5e4deed30d28b4d98c4b1e05274fa2f90544b36ee9c3a3b3fa706ba,206f017fa3d0290c180615b5f6443ff5b2dcaa4b04a728e7e76c50b6b161d7fd,0.9022783186884579,5.280629599990789
ca-HepTh,betweenness,node_edge,9,1,5,rf_log1p,8638,38,a45d535846cb3e119d5d14d2a62b3d52917062b6c0b0579a9fbc2103bddf4265,8edb32eca5e4deed30d28b4d98c4b1e05274fa2f90544b36ee9c3a3b3fa706ba,79c5b06350ad1b88f17dfa79f4ed65a4af3c5a51ae2296fb3b217f733b5fae84,0.9018618179426823,5.326986900006887
ca-HepTh,betweenness,plus_nonorbit_subgraph,0,1,5,rf_log1p,8638,40,c61383d6b27ef0ad89c89dab2673f8c8726eee83fc5458704272a64ff6df9087,8edb32eca5e4deed30d28b4d98c4b1e05274fa2f90544b36ee9c3a3b3fa706ba,228255b5fbd02b3703eb04439d6135a65cc3ae36c581e39d9df38c2ed973d869,0.9026361205295601,5.450539799989201
ca-HepTh,betweenness,plus_nonorbit_subgraph,1,1,5,rf_log1p,8638,40,c61383d6b27ef0ad89c89dab2673f8c8726eee83fc5458704272a64ff6df9087,8edb32eca5e4deed30d28b4d98c4b1e05274fa2f90544b36ee9c3a3b3fa706ba,788cf64326d7b3d9ca02c50e757a7996e7f020ba1616eced50f8a8a6c27285fa,0.9022145267713612,5.371963500016136
ca-HepTh,betweenness,plus_nonorbit_subgraph,2,1,5,rf_log1p,8638,40,c61383d6b27ef0ad89c89dab2673f8c8726eee83fc5458704272a64ff6df9087,8edb32eca5e4deed30d28b4d98c4b1e05274fa2f90544b36ee9c3a3b3fa706ba,796ebfc6d0b8950e4c7df98a3944078051a442a52d7e0f0a121208a70a3ab938,0.902248854305479,5.30479729999206
ca-HepTh,betweenness,plus_nonorbit_subgraph,3,1,5,rf_log1p,8638,40,c61383d6b27ef0ad89c89dab2673f8c8726eee83fc5458704272a64ff6df9087,8edb32eca5e4deed30d28b4d98c4b1e05274fa2f90544b36ee9c3a3b3fa706ba,58a3fed4953180ec9a6fe38740a6c5a5dfd954d3f9a45b004ce4d8e722f6d11b,0.90258308932244,5.522502400010126
ca-HepTh,betweenness,plus_nonorbit_subgraph,4,1,5,rf_log1p,8638,40,c61383d6b27ef0ad89c89dab2673f8c8726eee83fc5458704272a64ff6df9087,8edb32eca5e4deed30d28b4d98c4b1e05274fa2f90544b36ee9c3a3b3fa706ba,81bd8dbc9c72e68b23585dabf42c6404c5f8761c2cac0d1aebd2cbf091dc818f,0.902054751182095,5.6701649999886286
ca-HepTh,betweenness,plus_nonorbit_subgraph,5,1,5,rf_log1p,8638,40,c61383d6b27ef0ad89c89dab2673f8c8726eee83fc5458704272a64ff6df9087,8edb32eca5e4deed30d28b4d98c4b1e05274fa2f90544b36ee9c3a3b3fa706ba,cbd1a37ca38f041a18ca0c9fb8eab8003ad669c37d21f2304cc7aef849d358a2,0.9020805493831876,5.202335200010566
ca-HepTh,betweenness,plus_nonorbit_subgraph,6,1,5,rf_log1p,8638,40,c61383d6b27ef0ad89c89dab2673f8c8726eee83fc5458704272a64ff6df9087,8edb32eca5e4deed30d28b4d98c4b1e05274fa2f90544b36ee9c3a3b3fa706ba,49b36850b4bda160048a63116de19fc7cdaa84b01d7cf63da87df9935edc3c8e,0.9015622763704371,5.353967899980489
ca-HepTh,betweenness,plus_nonorbit_subgraph,7,1,5,rf_log1p,8638,40,c61383d6b27ef0ad89c89dab2673f8c8726eee83fc5458704272a64ff6df9087,8edb32eca5e4deed30d28b4d98c4b1e05274fa2f90544b36ee9c3a3b3fa706ba,3d0e3726c3135eda8b78f6149e490450155973a61699369c8e6a6ce153a1684e,0.9024103816455372,5.260365900001489
ca-HepTh,betweenness,plus_nonorbit_subgraph,8,1,5,rf_log1p,8638,40,c61383d6b27ef0ad89c89dab2673f8c8726eee83fc5458704272a64ff6df9087,8edb32eca5e4deed30d28b4d98c4b1e05274fa2f90544b36ee9c3a3b3fa706ba,206f017fa3d0290c180615b5f6443ff5b2dcaa4b04a728e7e76c50b6b161d7fd,0.9024637225762048,5.232390699995449
ca-HepTh,betweenness,plus_nonorbit_subgraph,9,1,5,rf_log1p,8638,40,c61383d6b27ef0ad89c89dab2673f8c8726eee83fc5458704272a64ff6df9087,8edb32eca5e4deed30d28b4d98c4b1e05274fa2f90544b36ee9c3a3b3fa706ba,79c5b06350ad1b88f17dfa79f4ed65a4af3c5a51ae2296fb3b217f733b5fae84,0.9021990125217473,5.326510799990501
ca-HepTh,betweenness,plus_orbit_lt15,0,1,5,rf_log1p,8638,45,dcece2a6c43eb3af150d7357885003ee166f4bb9b7b5a037bc4198659ec035e7,8edb32eca5e4deed30d28b4d98c4b1e05274fa2f90544b36ee9c3a3b3fa706ba,228255b5fbd02b3703eb04439d6135a65cc3ae36c581e39d9df38c2ed973d869,0.9025730287351705,5.722450000001118
ca-HepTh,betweenness,plus_orbit_lt15,1,1,5,rf_log1p,8638,45,dcece2a6c43eb3af150d7357885003ee166f4bb9b7b5a037bc4198659ec035e7,8edb32eca5e4deed30d28b4d98c4b1e05274fa2f90544b36ee9c3a3b3fa706ba,788cf64326d7b3d9ca02c50e757a7996e7f020ba1616eced50f8a8a6c27285fa,0.9022905160386577,5.030377299990505
ca-HepTh,betweenness,plus_orbit_lt15,2,1,5,rf_log1p,8638,45,dcece2a6c43eb3af150d7357885003ee166f4bb9b7b5a037bc4198659ec035e7,8edb32eca5e4deed30d28b4d98c4b1e05274fa2f90544b36ee9c3a3b3fa706ba,796ebfc6d0b8950e4c7df98a3944078051a442a52d7e0f0a121208a70a3ab938,0.9022131317798333,4.023631599993678
ca-HepTh,betweenness,plus_orbit_lt15,3,1,5,rf_log1p,8638,45,dcece2a6c43eb3af150d7357885003ee166f4bb9b7b5a037bc4198659ec035e7,8edb32eca5e4deed30d28b4d98c4b1e05274fa2f90544b36ee9c3a3b3fa706ba,58a3fed4953180ec9a6fe38740a6c5a5dfd954d3f9a45b004ce4d8e722f6d11b,0.9025435485237385,4.157856899983017
ca-HepTh,betweenness,plus_orbit_lt15,4,1,5,rf_log1p,8638,45,dcece2a6c43eb3af150d7357885003ee166f4bb9b7b5a037bc4198659ec035e7,8edb32eca5e4deed30d28b4d98c4b1e05274fa2f90544b36ee9c3a3b3fa706ba,81bd8dbc9c72e68b23585dabf42c6404c5f8761c2cac0d1aebd2cbf091dc818f,0.9021355905308628,4.851238800009014
ca-HepTh,betweenness,plus_orbit_lt15,5,1,5,rf_log1p,8638,45,dcece2a6c43eb3af150d7357885003ee166f4bb9b7b5a037bc4198659ec035e7,8edb32eca5e4deed30d28b4d98c4b1e05274fa2f90544b36ee9c3a3b3fa706ba,cbd1a37ca38f041a18ca0c9fb8eab8003ad669c37d21f2304cc7aef849d358a2,0.90194398730163,4.812968699989142
ca-HepTh,betweenness,plus_orbit_lt15,6,1,5,rf_log1p,8638,45,dcece2a6c43eb3af150d7357885003ee166f4bb9b7b5a037bc4198659ec035e7,8edb32eca5e4deed30d28b4d98c4b1e05274fa2f90544b36ee9c3a3b3fa706ba,49b36850b4bda160048a63116de19fc7cdaa84b01d7cf63da87df9935edc3c8e,0.9015078101305511,4.692511600005673
ca-HepTh,betweenness,plus_orbit_lt15,7,1,5,rf_log1p,8638,45,dcece2a6c43eb3af150d7357885003ee166f4bb9b7b5a037bc4198659ec035e7,8edb32eca5e4deed30d28b4d98c4b1e05274fa2f90544b36ee9c3a3b3fa706ba,3d0e3726c3135eda8b78f6149e490450155973a61699369c8e6a6ce153a1684e,0.9023523698400499,4.687356600014027
ca-HepTh,betweenness,plus_orbit_lt15,8,1,5,rf_log1p,8638,45,dcece2a6c43eb3af150d7357885003ee166f4bb9b7b5a037bc4198659ec035e7,8edb32eca5e4deed30d28b4d98c4b1e05274fa2f90544b36ee9c3a3b3fa706ba,206f017fa3d0290c180615b5f6443ff5b2dcaa4b04a728e7e76c50b6b161d7fd,0.902243527030606,4.235353500000201
ca-HepTh,betweenness,plus_orbit_lt15,9,1,5,rf_log1p,8638,45,dcece2a6c43eb3af150d7357885003ee166f4bb9b7b5a037bc4198659ec035e7,8edb32eca5e4deed30d28b4d98c4b1e05274fa2f90544b36ee9c3a3b3fa706ba,79c5b06350ad1b88f17dfa79f4ed65a4af3c5a51ae2296fb3b217f733b5fae84,0.902232116775145,4.056501400016714
ca-HepTh,betweenness,full_r1_structural,0,1,5,rf_log1p,8638,62,f87215536a24ad63e7fbc66c95f0e1f5a61902697811d754ea3f9a7c119ef71f,8edb32eca5e4deed30d28b4d98c4b1e05274fa2f90544b36ee9c3a3b3fa706ba,228255b5fbd02b3703eb04439d6135a65cc3ae36c581e39d9df38c2ed973d869,0.9040576837226775,5.415634300006786
ca-HepTh,betweenness,full_r1_structural,1,1,5,rf_log1p,8638,62,f87215536a24ad63e7fbc66c95f0e1f5a61902697811d754ea3f9a7c119ef71f,8edb32eca5e4deed30d28b4d98c4b1e05274fa2f90544b36ee9c3a3b3fa706ba,788cf64326d7b3d9ca02c50e757a7996e7f020ba1616eced50f8a8a6c27285fa,0.9034688961461378,5.8754176999791525
ca-HepTh,betweenness,full_r1_structural,2,1,5,rf_log1p,8638,62,f87215536a24ad63e7fbc66c95f0e1f5a61902697811d754ea3f9a7c119ef71f,8edb32eca5e4deed30d28b4d98c4b1e05274fa2f90544b36ee9c3a3b3fa706ba,796ebfc6d0b8950e4c7df98a3944078051a442a52d7e0f0a121208a70a3ab938,0.9029250653565152,5.836295000015525
ca-HepTh,betweenness,full_r1_structural,3,1,5,rf_log1p,8638,62,f87215536a24ad63e7fbc66c95f0e1f5a61902697811d754ea3f9a7c119ef71f,8edb32eca5e4deed30d28b4d98c4b1e05274fa2f90544b36ee9c3a3b3fa706ba,58a3fed4953180ec9a6fe38740a6c5a5dfd954d3f9a45b004ce4d8e722f6d11b,0.9042669300305167,5.637849099992309
ca-HepTh,betweenness,full_r1_structural,4,1,5,rf_log1p,8638,62,f87215536a24ad63e7fbc66c95f0e1f5a61902697811d754ea3f9a7c119ef71f,8edb32eca5e4deed30d28b4d98c4b1e05274fa2f90544b36ee9c3a3b3fa706ba,81bd8dbc9c72e68b23585dabf42c6404c5f8761c2cac0d1aebd2cbf091dc818f,0.9037859812974404,5.352368099993328
ca-HepTh,betweenness,full_r1_structural,5,1,5,rf_log1p,8638,62,f87215536a24ad63e7fbc66c95f0e1f5a61902697811d754ea3f9a7c119ef71f,8edb32eca5e4deed30d28b4d98c4b1e05274fa2f90544b36ee9c3a3b3fa706ba,cbd1a37ca38f041a18ca0c9fb8eab8003ad669c37d21f2304cc7aef849d358a2,0.9035779831848586,5.2404015000211075
ca-HepTh,betweenness,full_r1_structural,6,1,5,rf_log1p,8638,62,f87215536a24ad63e7fbc66c95f0e1f5a61902697811d754ea3f9a7c119ef71f,8edb32eca5e4deed30d28b4d98c4b1e05274fa2f90544b36ee9c3a3b3fa706ba,49b36850b4bda160048a63116de19fc7cdaa84b01d7cf63da87df9935edc3c8e,0.902844140438238,5.291902099997969
ca-HepTh,betweenness,full_r1_structural,7,1,5,rf_log1p,8638,62,f87215536a24ad63e7fbc66c95f0e1f5a61902697811d754ea3f9a7c119ef71f,8edb32eca5e4deed30d28b4d98c4b1e05274fa2f90544b36ee9c3a3b3fa706ba,3d0e3726c3135eda8b78f6149e490450155973a61699369c8e6a6ce153a1684e,0.9034354908003057,6.4638309000001755
ca-HepTh,betweenness,full_r1_structural,8,1,5,rf_log1p,8638,62,f87215536a24ad63e7fbc66c95f0e1f5a61902697811d754ea3f9a7c119ef71f,8edb32eca5e4deed30d28b4d98c4b1e05274fa2f90544b36ee9c3a3b3fa706ba,206f017fa3d0290c180615b5f6443ff5b2dcaa4b04a728e7e76c50b6b161d7fd,0.903703059894238,5.82853579998482
ca-HepTh,betweenness,full_r1_structural,9,1,5,rf_log1p,8638,62,f87215536a24ad63e7fbc66c95f0e1f5a61902697811d754ea3f9a7c119ef71f,8edb32eca5e4deed30d28b4d98c4b1e05274fa2f90544b36ee9c3a3b3fa706ba,79c5b06350ad1b88f17dfa79f4ed65a4af3c5a51ae2296fb3b217f733b5fae84,0.9033907796032983,5.306569300009869
email-Eu-core,spread_mean,node_edge,0,1,5,rf,986,38,a45d535846cb3e119d5d14d2a62b3d52917062b6c0b0579a9fbc2103bddf4265,822e9ecbd243453d956a13a6adfd7edc0484170d73919ff881f39321e6d2694e,124e870bcd30247bdc5ba02faf4655feb7dc88477e19d5166c001a3261cdac32,0.9573331960786069,1.0599648999923375
email-Eu-core,spread_mean,node_edge,1,1,5,rf,986,38,a45d535846cb3e119d5d14d2a62b3d52917062b6c0b0579a9fbc2103bddf4265,822e9ecbd243453d956a13a6adfd7edc0484170d73919ff881f39321e6d2694e,c9f8d77f76a2560e19388f52b9fea591bf6c83799a57c9393c0dba6611f26f63,0.9568563330195693,0.9852137000125367
email-Eu-core,spread_mean,node_edge,2,1,5,rf,986,38,a45d535846cb3e119d5d14d2a62b3d52917062b6c0b0579a9fbc2103bddf4265,822e9ecbd243453d956a13a6adfd7edc0484170d73919ff881f39321e6d2694e,e85beeb103ed16b87b1f513db1df561f2852712461b40b8c5475e0481955236a,0.9568036871073625,0.9547650000022259
email-Eu-core,spread_mean,node_edge,3,1,5,rf,986,38,a45d535846cb3e119d5d14d2a62b3d52917062b6c0b0579a9fbc2103bddf4265,822e9ecbd243453d956a13a6adfd7edc0484170d73919ff881f39321e6d2694e,23ab1a6bf4b32aeea510414af739e185fcac19a8a842b9591f4b990cfd0c16e0,0.9568180134577978,0.9289138999884017
email-Eu-core,spread_mean,node_edge,4,1,5,rf,986,38,a45d535846cb3e119d5d14d2a62b3d52917062b6c0b0579a9fbc2103bddf4265,822e9ecbd243453d956a13a6adfd7edc0484170d73919ff881f39321e6d2694e,646202f1aab453401c47bfbf401c1e063cf379b1abd2027e74afdfb57abe38bb,0.9570549242443562,1.0152616999985185
email-Eu-core,spread_mean,node_edge,5,1,5,rf,986,38,a45d535846cb3e119d5d14d2a62b3d52917062b6c0b0579a9fbc2103bddf4265,822e9ecbd243453d956a13a6adfd7edc0484170d73919ff881f39321e6d2694e,3835b606fb7af00be578f45b6fcbbe1bd05a8bbdb03299db8fac53d018893e47,0.9564978331915466,1.093084899999667
email-Eu-core,spread_mean,node_edge,6,1,5,rf,986,38,a45d535846cb3e119d5d14d2a62b3d52917062b6c0b0579a9fbc2103bddf4265,822e9ecbd243453d956a13a6adfd7edc0484170d73919ff881f39321e6d2694e,b4b5ca69d5e3b0ce6499732a4c588baa3c57035f907cc8c64f9881f2644310d2,0.9569734482119219,1.2166833999799564
email-Eu-core,spread_mean,node_edge,7,1,5,rf,986,38,a45d535846cb3e119d5d14d2a62b3d52917062b6c0b0579a9fbc2103bddf4265,822e9ecbd243453d956a13a6adfd7edc0484170d73919ff881f39321e6d2694e,36b160c30751c5c9b65922cf68164c891c1d2001eddcef404b827fa7cc8d399b,0.9567069881578237,1.2240469000244047
email-Eu-core,spread_mean,node_edge,8,1,5,rf,986,38,a45d535846cb3e119d5d14d2a62b3d52917062b6c0b0579a9fbc2103bddf4265,822e9ecbd243453d956a13a6adfd7edc0484170d73919ff881f39321e6d2694e,4ab5f8aadf4cbe63ce21702f92c968944c11c379b1694f4b1f1760bb3b50fab7,0.9565452870774924,1.059391399991
email-Eu-core,spread_mean,node_edge,9,1,5,rf,986,38,a45d535846cb3e119d5d14d2a62b3d52917062b6c0b0579a9fbc2103bddf4265,822e9ecbd243453d956a13a6adfd7edc0484170d73919ff881f39321e6d2694e,de2568ff80652fc2ddbf246ee5520e43cc5906690f0537bd197b4e4b1bb68e86,0.9569954695547075,0.922438300010981
email-Eu-core,spread_mean,plus_nonorbit_subgraph,0,1,5,rf,986,40,c61383d6b27ef0ad89c89dab2673f8c8726eee83fc5458704272a64ff6df9087,822e9ecbd243453d956a13a6adfd7edc0484170d73919ff881f39321e6d2694e,124e870bcd30247bdc5ba02faf4655feb7dc88477e19d5166c001a3261cdac32,0.9571066721906256,1.036535899998853
email-Eu-core,spread_mean,plus_nonorbit_subgraph,1,1,5,rf,986,40,c61383d6b27ef0ad89c89dab2673f8c8726eee83fc5458704272a64ff6df9087,822e9ecbd243453d956a13a6adfd7edc0484170d73919ff881f39321e6d2694e,c9f8d77f76a2560e19388f52b9fea591bf6c83799a57c9393c0dba6611f26f63,0.9568251766566644,0.985160000011092
email-Eu-core,spread_mean,plus_nonorbit_subgraph,2,1,5,rf,986,40,c61383d6b27ef0ad89c89dab2673f8c8726eee83fc5458704272a64ff6df9087,822e9ecbd243453d956a13a6adfd7edc0484170d73919ff881f39321e6d2694e,e85beeb103ed16b87b1f513db1df561f2852712461b40b8c5475e0481955236a,0.9567748566162322,1.013566699984949
email-Eu-core,spread_mean,plus_nonorbit_subgraph,3,1,5,rf,986,40,c61383d6b27ef0ad89c89dab2673f8c8726eee83fc5458704272a64ff6df9087,822e9ecbd243453d956a13a6adfd7edc0484170d73919ff881f39321e6d2694e,23ab1a6bf4b32aeea510414af739e185fcac19a8a842b9591f4b990cfd0c16e0,0.9567644710068642,0.9406541000062134
email-Eu-core,spread_mean,plus_nonorbit_subgraph,4,1,5,rf,986,40,c61383d6b27ef0ad89c89dab2673f8c8726eee83fc5458704272a64ff6df9087,822e9ecbd243453d956a13a6adfd7edc0484170d73919ff881f39321e6d2694e,646202f1aab453401c47bfbf401c1e063cf379b1abd2027e74afdfb57abe38bb,0.9570724726581903,0.9330417000164744
email-Eu-core,spread_mean,plus_nonorbit_subgraph,5,1,5,rf,986,40,c61383d6b27ef0ad89c89dab2673f8c8726eee83fc5458704272a64ff6df9087,822e9ecbd243453d956a13a6adfd7edc0484170d73919ff881f39321e6d2694e,3835b606fb7af00be578f45b6fcbbe1bd05a8bbdb03299db8fac53d018893e47,0.9564555722514784,0.9862021000008099
email-Eu-core,spread_mean,plus_nonorbit_subgraph,6,1,5,rf,986,40,c61383d6b27ef0ad89c89dab2673f8c8726eee83fc5458704272a64ff6df9087,822e9ecbd243453d956a13a6adfd7edc0484170d73919ff881f39321e6d2694e,b4b5ca69d5e3b0ce6499732a4c588baa3c57035f907cc8c64f9881f2644310d2,0.9569929675548882,0.9292864000017289
email-Eu-core,spread_mean,plus_nonorbit_subgraph,7,1,5,rf,986,40,c61383d6b27ef0ad89c89dab2673f8c8726eee83fc5458704272a64ff6df9087,822e9ecbd243453d956a13a6adfd7edc0484170d73919ff881f39321e6d2694e,36b160c30751c5c9b65922cf68164c891c1d2001eddcef404b827fa7cc8d399b,0.9565875477976814,0.9356958000280429
email-Eu-core,spread_mean,plus_nonorbit_subgraph,8,1,5,rf,986,40,c61383d6b27ef0ad89c89dab2673f8c8726eee83fc5458704272a64ff6df9087,822e9ecbd243453d956a13a6adfd7edc0484170d73919ff881f39321e6d2694e,4ab5f8aadf4cbe63ce21702f92c968944c11c379b1694f4b1f1760bb3b50fab7,0.9564186838402386,0.891768499976024
email-Eu-core,spread_mean,plus_nonorbit_subgraph,9,1,5,rf,986,40,c61383d6b27ef0ad89c89dab2673f8c8726eee83fc5458704272a64ff6df9087,822e9ecbd243453d956a13a6adfd7edc0484170d73919ff881f39321e6d2694e,de2568ff80652fc2ddbf246ee5520e43cc5906690f0537bd197b4e4b1bb68e86,0.9569358382887758,0.8847118000267074
email-Eu-core,spread_mean,plus_orbit_lt15,0,1,5,rf,986,45,dcece2a6c43eb3af150d7357885003ee166f4bb9b7b5a037bc4198659ec035e7,822e9ecbd243453d956a13a6adfd7edc0484170d73919ff881f39321e6d2694e,124e870bcd30247bdc5ba02faf4655feb7dc88477e19d5166c001a3261cdac32,0.9571066721906256,0.9555866000009701
email-Eu-core,spread_mean,plus_orbit_lt15,1,1,5,rf,986,45,dcece2a6c43eb3af150d7357885003ee166f4bb9b7b5a037bc4198659ec035e7,822e9ecbd243453d956a13a6adfd7edc0484170d73919ff881f39321e6d2694e,c9f8d77f76a2560e19388f52b9fea591bf6c83799a57c9393c0dba6611f26f63,0.956841828966635,0.9665785999968648
email-Eu-core,spread_mean,plus_orbit_lt15,2,1,5,rf,986,45,dcece2a6c43eb3af150d7357885003ee166f4bb9b7b5a037bc4198659ec035e7,822e9ecbd243453d956a13a6adfd7edc0484170d73919ff881f39321e6d2694e,e85beeb103ed16b87b1f513db1df561f2852712461b40b8c5475e0481955236a,0.9567202400664166,0.9999092000070959
email-Eu-core,spread_mean,plus_orbit_lt15,3,1,5,rf,986,45,dcece2a6c43eb3af150d7357885003ee166f4bb9b7b5a037bc4198659ec035e7,822e9ecbd243453d956a13a6adfd7edc0484170d73919ff881f39321e6d2694e,23ab1a6bf4b32aeea510414af739e185fcac19a8a842b9591f4b990cfd0c16e0,0.9568962678091621,0.9908281000098214
email-Eu-core,spread_mean,plus_orbit_lt15,4,1,5,rf,986,45,dcece2a6c43eb3af150d7357885003ee166f4bb9b7b5a037bc4198659ec035e7,822e9ecbd243453d956a13a6adfd7edc0484170d73919ff881f39321e6d2694e,646202f1aab453401c47bfbf401c1e063cf379b1abd2027e74afdfb57abe38bb,0.9569673588162725,1.035867500002496
email-Eu-core,spread_mean,plus_orbit_lt15,5,1,5,rf,986,45,dcece2a6c43eb3af150d7357885003ee166f4bb9b7b5a037bc4198659ec035e7,822e9ecbd243453d956a13a6adfd7edc0484170d73919ff881f39321e6d2694e,3835b606fb7af00be578f45b6fcbbe1bd05a8bbdb03299db8fac53d018893e47,0.9564473349513347,1.0255957999906968
email-Eu-core,spread_mean,plus_orbit_lt15,6,1,5,rf,986,45,dcece2a6c43eb3af150d7357885003ee166f4bb9b7b5a037bc4198659ec035e7,822e9ecbd243453d956a13a6adfd7edc0484170d73919ff881f39321e6d2694e,b4b5ca69d5e3b0ce6499732a4c588baa3c57035f907cc8c64f9881f2644310d2,0.9572227148577901,0.9646268999786116
email-Eu-core,spread_mean,plus_orbit_lt15,7,1,5,rf,986,45,dcece2a6c43eb3af150d7357885003ee166f4bb9b7b5a037bc4198659ec035e7,822e9ecbd243453d956a13a6adfd7edc0484170d73919ff881f39321e6d2694e,36b160c30751c5c9b65922cf68164c891c1d2001eddcef404b827fa7cc8d399b,0.9565699989015877,1.406469500012463
email-Eu-core,spread_mean,plus_orbit_lt15,8,1,5,rf,986,45,dcece2a6c43eb3af150d7357885003ee166f4bb9b7b5a037bc4198659ec035e7,822e9ecbd243453d956a13a6adfd7edc0484170d73919ff881f39321e6d2694e,4ab5f8aadf4cbe63ce21702f92c968944c11c379b1694f4b1f1760bb3b50fab7,0.9564310397395637,1.4174235000100452
email-Eu-core,spread_mean,plus_orbit_lt15,9,1,5,rf,986,45,dcece2a6c43eb3af150d7357885003ee166f4bb9b7b5a037bc4198659ec035e7,822e9ecbd243453d956a13a6adfd7edc0484170d73919ff881f39321e6d2694e,de2568ff80652fc2ddbf246ee5520e43cc5906690f0537bd197b4e4b1bb68e86,0.957011944019288,1.4869589000009
email-Eu-core,spread_mean,full_r1_structural,0,1,5,rf,986,62,f87215536a24ad63e7fbc66c95f0e1f5a61902697811d754ea3f9a7c119ef71f,822e9ecbd243453d956a13a6adfd7edc0484170d73919ff881f39321e6d2694e,124e870bcd30247bdc5ba02faf4655feb7dc88477e19d5166c001a3261cdac32,0.959504778129558,1.7607568000094034
email-Eu-core,spread_mean,full_r1_structural,1,1,5,rf,986,62,f87215536a24ad63e7fbc66c95f0e1f5a61902697811d754ea3f9a7c119ef71f,822e9ecbd243453d956a13a6adfd7edc0484170d73919ff881f39321e6d2694e,c9f8d77f76a2560e19388f52b9fea591bf6c83799a57c9393c0dba6611f26f63,0.9590724924237866,1.6404873999999836
email-Eu-core,spread_mean,full_r1_structural,2,1,5,rf,986,62,f87215536a24ad63e7fbc66c95f0e1f5a61902697811d754ea3f9a7c119ef71f,822e9ecbd243453d956a13a6adfd7edc0484170d73919ff881f39321e6d2694e,e85beeb103ed16b87b1f513db1df561f2852712461b40b8c5475e0481955236a,0.9590300659303943,1.7365042000019457
email-Eu-core,spread_mean,full_r1_structural,3,1,5,rf,986,62,f87215536a24ad63e7fbc66c95f0e1f5a61902697811d754ea3f9a7c119ef71f,822e9ecbd243453d956a13a6adfd7edc0484170d73919ff881f39321e6d2694e,23ab1a6bf4b32aeea510414af739e185fcac19a8a842b9591f4b990cfd0c16e0,0.9598457172827813,1.6807125000050291
email-Eu-core,spread_mean,full_r1_structural,4,1,5,rf,986,62,f87215536a24ad63e7fbc66c95f0e1f5a61902697811d754ea3f9a7c119ef71f,822e9ecbd243453d956a13a6adfd7edc0484170d73919ff881f39321e6d2694e,646202f1aab453401c47bfbf401c1e063cf379b1abd2027e74afdfb57abe38bb,0.9599979407244964,1.6627488000085577
email-Eu-core,spread_mean,full_r1_structural,5,1,5,rf,986,62,f87215536a24ad63e7fbc66c95f0e1f5a61902697811d754ea3f9a7c119ef71f,822e9ecbd243453d956a13a6adfd7edc0484170d73919ff881f39321e6d2694e,3835b606fb7af00be578f45b6fcbbe1bd05a8bbdb03299db8fac53d018893e47,0.9593398662266887,1.712358699995093
email-Eu-core,spread_mean,full_r1_structural,6,1,5,rf,986,62,f87215536a24ad63e7fbc66c95f0e1f5a61902697811d754ea3f9a7c119ef71f,822e9ecbd243453d956a13a6adfd7edc0484170d73919ff881f39321e6d2694e,b4b5ca69d5e3b0ce6499732a4c588baa3c57035f907cc8c64f9881f2644310d2,0.9596466210014416,1.7336211999936495
email-Eu-core,spread_mean,full_r1_structural,7,1,5,rf,986,62,f87215536a24ad63e7fbc66c95f0e1f5a61902697811d754ea3f9a7c119ef71f,822e9ecbd243453d956a13a6adfd7edc0484170d73919ff881f39321e6d2694e,36b160c30751c5c9b65922cf68164c891c1d2001eddcef404b827fa7cc8d399b,0.9593462952774522,1.6911861000116915
email-Eu-core,spread_mean,full_r1_structural,8,1,5,rf,986,62,f87215536a24ad63e7fbc66c95f0e1f5a61902697811d754ea3f9a7c119ef71f,822e9ecbd243453d956a13a6adfd7edc0484170d73919ff881f39321e6d2694e,4ab5f8aadf4cbe63ce21702f92c968944c11c379b1694f4b1f1760bb3b50fab7,0.9586656535074759,1.7304953999991994
email-Eu-core,spread_mean,full_r1_structural,9,1,5,rf,986,62,f87215536a24ad63e7fbc66c95f0e1f5a61902697811d754ea3f9a7c119ef71f,822e9ecbd243453d956a13a6adfd7edc0484170d73919ff881f39321e6d2694e,de2568ff80652fc2ddbf246ee5520e43cc5906690f0537bd197b4e4b1bb68e86,0.9599538717412366,1.756242499977816
email-Eu-core,spread_cv,node_edge,0,1,5,rf,986,38,a45d535846cb3e119d5d14d2a62b3d52917062b6c0b0579a9fbc2103bddf4265,21310cd343e956b22c7b25946e7ebfa662a9fab5b419badb2774d55306c7b62e,124e870bcd30247bdc5ba02faf4655feb7dc88477e19d5166c001a3261cdac32,0.9501596477347352,1.3538088999921456
email-Eu-core,spread_cv,node_edge,1,1,5,rf,986,38,a45d535846cb3e119d5d14d2a62b3d52917062b6c0b0579a9fbc2103bddf4265,21310cd343e956b22c7b25946e7ebfa662a9fab5b419badb2774d55306c7b62e,c9f8d77f76a2560e19388f52b9fea591bf6c83799a57c9393c0dba6611f26f63,0.9497898472509343,1.3467892999760807
email-Eu-core,spread_cv,node_edge,2,1,5,rf,986,38,a45d535846cb3e119d5d14d2a62b3d52917062b6c0b0579a9fbc2103bddf4265,21310cd343e956b22c7b25946e7ebfa662a9fab5b419badb2774d55306c7b62e,e85beeb103ed16b87b1f513db1df561f2852712461b40b8c5475e0481955236a,0.949128703264607,1.3729819000000134
email-Eu-core,spread_cv,node_edge,3,1,5,rf,986,38,a45d535846cb3e119d5d14d2a62b3d52917062b6c0b0579a9fbc2103bddf4265,21310cd343e956b22c7b25946e7ebfa662a9fab5b419badb2774d55306c7b62e,23ab1a6bf4b32aeea510414af739e185fcac19a8a842b9591f4b990cfd0c16e0,0.9488651107456648,1.3057231999991927
email-Eu-core,spread_cv,node_edge,4,1,5,rf,986,38,a45d535846cb3e119d5d14d2a62b3d52917062b6c0b0579a9fbc2103bddf4265,21310cd343e956b22c7b25946e7ebfa662a9fab5b419badb2774d55306c7b62e,646202f1aab453401c47bfbf401c1e063cf379b1abd2027e74afdfb57abe38bb,0.9500254841819077,1.2965756000194233
email-Eu-core,spread_cv,node_edge,5,1,5,rf,986,38,a45d535846cb3e119d5d14d2a62b3d52917062b6c0b0579a9fbc2103bddf4265,21310cd343e956b22c7b25946e7ebfa662a9fab5b419badb2774d55306c7b62e,3835b606fb7af00be578f45b6fcbbe1bd05a8bbdb03299db8fac53d018893e47,0.9497061862485654,1.4014279000111856
email-Eu-core,spread_cv,node_edge,6,1,5,rf,986,38,a45d535846cb3e119d5d14d2a62b3d52917062b6c0b0579a9fbc2103bddf4265,21310cd343e956b22c7b25946e7ebfa662a9fab5b419badb2774d55306c7b62e,b4b5ca69d5e3b0ce6499732a4c588baa3c57035f907cc8c64f9881f2644310d2,0.9480422533328139,1.364501600008225
email-Eu-core,spread_cv,node_edge,7,1,5,rf,986,38,a45d535846cb3e119d5d14d2a62b3d52917062b6c0b0579a9fbc2103bddf4265,21310cd343e956b22c7b25946e7ebfa662a9fab5b419badb2774d55306c7b62e,36b160c30751c5c9b65922cf68164c891c1d2001eddcef404b827fa7cc8d399b,0.9490400477402868,1.3528998999972828
email-Eu-core,spread_cv,node_edge,8,1,5,rf,986,38,a45d535846cb3e119d5d14d2a62b3d52917062b6c0b0579a9fbc2103bddf4265,21310cd343e956b22c7b25946e7ebfa662a9fab5b419badb2774d55306c7b62e,4ab5f8aadf4cbe63ce21702f92c968944c11c379b1694f4b1f1760bb3b50fab7,0.9486736999770696,1.351290099992184
email-Eu-core,spread_cv,node_edge,9,1,5,rf,986,38,a45d535846cb3e119d5d14d2a62b3d52917062b6c0b0579a9fbc2103bddf4265,21310cd343e956b22c7b25946e7ebfa662a9fab5b419badb2774d55306c7b62e,de2568ff80652fc2ddbf246ee5520e43cc5906690f0537bd197b4e4b1bb68e86,0.9499094936288213,1.3421945000009146
email-Eu-core,spread_cv,plus_nonorbit_subgraph,0,1,5,rf,986,40,c61383d6b27ef0ad89c89dab2673f8c8726eee83fc5458704272a64ff6df9087,21310cd343e956b22c7b25946e7ebfa662a9fab5b419badb2774d55306c7b62e,124e870bcd30247bdc5ba02faf4655feb7dc88477e19d5166c001a3261cdac32,0.9499578357514192,1.3769204000127502
email-Eu-core,spread_cv,plus_nonorbit_subgraph,1,1,5,rf,986,40,c61383d6b27ef0ad89c89dab2673f8c8726eee83fc5458704272a64ff6df9087,21310cd343e956b22c7b25946e7ebfa662a9fab5b419badb2774d55306c7b62e,c9f8d77f76a2560e19388f52b9fea591bf6c83799a57c9393c0dba6611f26f63,0.9496064647051897,1.399561400001403
email-Eu-core,spread_cv,plus_nonorbit_subgraph,2,1,5,rf,986,40,c61383d6b27ef0ad89c89dab2673f8c8726eee83fc5458704272a64ff6df9087,21310cd343e956b22c7b25946e7ebfa662a9fab5b419badb2774d55306c7b62e,e85beeb103ed16b87b1f513db1df561f2852712461b40b8c5475e0481955236a,0.9492451068965307,1.3587100000004284
email-Eu-core,spread_cv,plus_nonorbit_subgraph,3,1,5,rf,986,40,c61383d6b27ef0ad89c89dab2673f8c8726eee83fc5458704272a64ff6df9087,21310cd343e956b22c7b25946e7ebfa662a9fab5b419badb2774d55306c7b62e,23ab1a6bf4b32aeea510414af739e185fcac19a8a842b9591f4b990cfd0c16e0,0.9485902449065772,1.4070622000144795
email-Eu-core,spread_cv,plus_nonorbit_subgraph,4,1,5,rf,986,40,c61383d6b27ef0ad89c89dab2673f8c8726eee83fc5458704272a64ff6df9087,21310cd343e956b22c7b25946e7ebfa662a9fab5b419badb2774d55306c7b62e,646202f1aab453401c47bfbf401c1e063cf379b1abd2027e74afdfb57abe38bb,0.9498967251910463,1.331905099999858
email-Eu-core,spread_cv,plus_nonorbit_subgraph,5,1,5,rf,986,40,c61383d6b27ef0ad89c89dab2673f8c8726eee83fc5458704272a64ff6df9087,21310cd343e956b22c7b25946e7ebfa662a9fab5b419badb2774d55306c7b62e,3835b606fb7af00be578f45b6fcbbe1bd05a8bbdb03299db8fac53d018893e47,0.949563115222241,1.2422737999877427
email-Eu-core,spread_cv,plus_nonorbit_subgraph,6,1,5,rf,986,40,c61383d6b27ef0ad89c89dab2673f8c8726eee83fc5458704272a64ff6df9087,21310cd343e956b22c7b25946e7ebfa662a9fab5b419badb2774d55306c7b62e,b4b5ca69d5e3b0ce6499732a4c588baa3c57035f907cc8c64f9881f2644310d2,0.9477992532287808,1.316585299995495
email-Eu-core,spread_cv,plus_nonorbit_subgraph,7,1,5,rf,986,40,c61383d6b27ef0ad89c89dab2673f8c8726eee83fc5458704272a64ff6df9087,21310cd343e956b22c7b25946e7ebfa662a9fab5b419badb2774d55306c7b62e,36b160c30751c5c9b65922cf68164c891c1d2001eddcef404b827fa7cc8d399b,0.949058686501763,1.2634778999781702
email-Eu-core,spread_cv,plus_nonorbit_subgraph,8,1,5,rf,986,40,c61383d6b27ef0ad89c89dab2673f8c8726eee83fc5458704272a64ff6df9087,21310cd343e956b22c7b25946e7ebfa662a9fab5b419badb2774d55306c7b62e,4ab5f8aadf4cbe63ce21702f92c968944c11c379b1694f4b1f1760bb3b50fab7,0.9484430569979685,1.272143700014567
email-Eu-core,spread_cv,plus_nonorbit_subgraph,9,1,5,rf,986,40,c61383d6b27ef0ad89c89dab2673f8c8726eee83fc5458704272a64ff6df9087,21310cd343e956b22c7b25946e7ebfa662a9fab5b419badb2774d55306c7b62e,de2568ff80652fc2ddbf246ee5520e43cc5906690f0537bd197b4e4b1bb68e86,0.9498312400832122,1.3370244999823626
email-Eu-core,spread_cv,plus_orbit_lt15,0,1,5,rf,986,45,dcece2a6c43eb3af150d7357885003ee166f4bb9b7b5a037bc4198659ec035e7,21310cd343e956b22c7b25946e7ebfa662a9fab5b419badb2774d55306c7b62e,124e870bcd30247bdc5ba02faf4655feb7dc88477e19d5166c001a3261cdac32,0.9504644250156612,1.4151467999909073
email-Eu-core,spread_cv,plus_orbit_lt15,1,1,5,rf,986,45,dcece2a6c43eb3af150d7357885003ee166f4bb9b7b5a037bc4198659ec035e7,21310cd343e956b22c7b25946e7ebfa662a9fab5b419badb2774d55306c7b62e,c9f8d77f76a2560e19388f52b9fea591bf6c83799a57c9393c0dba6611f26f63,0.9498197589362922,1.46339910000097
email-Eu-core,spread_cv,plus_orbit_lt15,2,1,5,rf,986,45,dcece2a6c43eb3af150d7357885003ee166f4bb9b7b5a037bc4198659ec035e7,21310cd343e956b22c7b25946e7ebfa662a9fab5b419badb2774d55306c7b62e,e85beeb103ed16b87b1f513db1df561f2852712461b40b8c5475e0481955236a,0.9493810216491626,1.417108299996471
email-Eu-core,spread_cv,plus_orbit_lt15,3,1,5,rf,986,45,dcece2a6c43eb3af150d7357885003ee166f4bb9b7b5a037bc4198659ec035e7,21310cd343e956b22c7b25946e7ebfa662a9fab5b419badb2774d55306c7b62e,23ab1a6bf4b32aeea510414af739e185fcac19a8a842b9591f4b990cfd0c16e0,0.948500505691972,1.3906895000254735
email-Eu-core,spread_cv,plus_orbit_lt15,4,1,5,rf,986,45,dcece2a6c43eb3af150d7357885003ee166f4bb9b7b5a037bc4198659ec035e7,21310cd343e956b22c7b25946e7ebfa662a9fab5b419badb2774d55306c7b62e,646202f1aab453401c47bfbf401c1e063cf379b1abd2027e74afdfb57abe38bb,0.949933792965358,1.4292988999804948
email-Eu-core,spread_cv,plus_orbit_lt15,5,1,5,rf,986,45,dcece2a6c43eb3af150d7357885003ee166f4bb9b7b5a037bc4198659ec035e7,21310cd343e956b22c7b25946e7ebfa662a9fab5b419badb2774d55306c7b62e,3835b606fb7af00be578f45b6fcbbe1bd05a8bbdb03299db8fac53d018893e47,0.9496248948460938,1.4592578999872785
email-Eu-core,spread_cv,plus_orbit_lt15,6,1,5,rf,986,45,dcece2a6c43eb3af150d7357885003ee166f4bb9b7b5a037bc4198659ec035e7,21310cd343e956b22c7b25946e7ebfa662a9fab5b419badb2774d55306c7b62e,b4b5ca69d5e3b0ce6499732a4c588baa3c57035f907cc8c64f9881f2644310d2,0.9476839311455109,1.4607186999928672
email-Eu-core,spread_cv,plus_orbit_lt15,7,1,5,rf,986,45,dcece2a6c43eb3af150d7357885003ee166f4bb9b7b5a037bc4198659ec035e7,21310cd343e956b22c7b25946e7ebfa662a9fab5b419badb2774d55306c7b62e,36b160c30751c5c9b65922cf68164c891c1d2001eddcef404b827fa7cc8d399b,0.9494024882002235,1.3854236000042874
email-Eu-core,spread_cv,plus_orbit_lt15,8,1,5,rf,986,45,dcece2a6c43eb3af150d7357885003ee166f4bb9b7b5a037bc4198659ec035e7,21310cd343e956b22c7b25946e7ebfa662a9fab5b419badb2774d55306c7b62e,4ab5f8aadf4cbe63ce21702f92c968944c11c379b1694f4b1f1760bb3b50fab7,0.9484369852232579,1.4561528000049293
email-Eu-core,spread_cv,plus_orbit_lt15,9,1,5,rf,986,45,dcece2a6c43eb3af150d7357885003ee166f4bb9b7b5a037bc4198659ec035e7,21310cd343e956b22c7b25946e7ebfa662a9fab5b419badb2774d55306c7b62e,de2568ff80652fc2ddbf246ee5520e43cc5906690f0537bd197b4e4b1bb68e86,0.9497900540065759,1.4300342000206
email-Eu-core,spread_cv,full_r1_structural,0,1,5,rf,986,62,f87215536a24ad63e7fbc66c95f0e1f5a61902697811d754ea3f9a7c119ef71f,21310cd343e956b22c7b25946e7ebfa662a9fab5b419badb2774d55306c7b62e,124e870bcd30247bdc5ba02faf4655feb7dc88477e19d5166c001a3261cdac32,0.9548394670021899,1.6180486000084784
email-Eu-core,spread_cv,full_r1_structural,1,1,5,rf,986,62,f87215536a24ad63e7fbc66c95f0e1f5a61902697811d754ea3f9a7c119ef71f,21310cd343e956b22c7b25946e7ebfa662a9fab5b419badb2774d55306c7b62e,c9f8d77f76a2560e19388f52b9fea591bf6c83799a57c9393c0dba6611f26f63,0.9538017681190774,1.583471299993107
email-Eu-core,spread_cv,full_r1_structural,2,1,5,rf,986,62,f87215536a24ad63e7fbc66c95f0e1f5a61902697811d754ea3f9a7c119ef71f,21310cd343e956b22c7b25946e7ebfa662a9fab5b419badb2774d55306c7b62e,e85beeb103ed16b87b1f513db1df561f2852712461b40b8c5475e0481955236a,0.9538828728963189,1.6445911999908276
email-Eu-core,spread_cv,full_r1_structural,3,1,5,rf,986,62,f87215536a24ad63e7fbc66c95f0e1f5a61902697811d754ea3f9a7c119ef71f,21310cd343e956b22c7b25946e7ebfa662a9fab5b419badb2774d55306c7b62e,23ab1a6bf4b32aeea510414af739e185fcac19a8a842b9591f4b990cfd0c16e0,0.9537523450306692,1.5821632999868598
email-Eu-core,spread_cv,full_r1_structural,4,1,5,rf,986,62,f87215536a24ad63e7fbc66c95f0e1f5a61902697811d754ea3f9a7c119ef71f,21310cd343e956b22c7b25946e7ebfa662a9fab5b419badb2774d55306c7b62e,646202f1aab453401c47bfbf401c1e063cf379b1abd2027e74afdfb57abe38bb,0.9545871555319725,1.678009800001746
email-Eu-core,spread_cv,full_r1_structural,5,1,5,rf,986,62,f87215536a24ad63e7fbc66c95f0e1f5a61902697811d754ea3f9a7c119ef71f,21310cd343e956b22c7b25946e7ebfa662a9fab5b419badb2774d55306c7b62e,3835b606fb7af00be578f45b6fcbbe1bd05a8bbdb03299db8fac53d018893e47,0.9537881448225175,1.6275196999777108
email-Eu-core,spread_cv,full_r1_structural,6,1,5,rf,986,62,f87215536a24ad63e7fbc66c95f0e1f5a61902697811d754ea3f9a7c119ef71f,21310cd343e956b22c7b25946e7ebfa662a9fab5b419badb2774d55306c7b62e,b4b5ca69d5e3b0ce6499732a4c588baa3c57035f907cc8c64f9881f2644310d2,0.9524092925135833,1.665101799997501
email-Eu-core,spread_cv,full_r1_structural,7,1,5,rf,986,62,f87215536a24ad63e7fbc66c95f0e1f5a61902697811d754ea3f9a7c119ef71f,21310cd343e956b22c7b25946e7ebfa662a9fab5b419badb2774d55306c7b62e,36b160c30751c5c9b65922cf68164c891c1d2001eddcef404b827fa7cc8d399b,0.9538685527372369,1.610025800007861
email-Eu-core,spread_cv,full_r1_structural,8,1,5,rf,986,62,f87215536a24ad63e7fbc66c95f0e1f5a61902697811d754ea3f9a7c119ef71f,21310cd343e956b22c7b25946e7ebfa662a9fab5b419badb2774d55306c7b62e,4ab5f8aadf4cbe63ce21702f92c968944c11c379b1694f4b1f1760bb3b50fab7,0.9517815000943572,1.5941231999895535
email-Eu-core,spread_cv,full_r1_structural,9,1,5,rf,986,62,f87215536a24ad63e7fbc66c95f0e1f5a61902697811d754ea3f9a7c119ef71f,21310cd343e956b22c7b25946e7ebfa662a9fab5b419badb2774d55306c7b62e,de2568ff80652fc2ddbf246ee5520e43cc5906690f0537bd197b4e4b1bb68e86,0.9546913837104217,1.7197950999834575
email-Eu-core,spread_resid,node_edge,0,1,5,rf,986,38,a45d535846cb3e119d5d14d2a62b3d52917062b6c0b0579a9fbc2103bddf4265,58282d9b86501a6e92a6151e08bf325a054f5d201976f99ddcaeb857e28a7b31,124e870bcd30247bdc5ba02faf4655feb7dc88477e19d5166c001a3261cdac32,0.06006528438564152,2.6761511999939103
email-Eu-core,spread_resid,node_edge,1,1,5,rf,986,38,a45d535846cb3e119d5d14d2a62b3d52917062b6c0b0579a9fbc2103bddf4265,58282d9b86501a6e92a6151e08bf325a054f5d201976f99ddcaeb857e28a7b31,c9f8d77f76a2560e19388f52b9fea591bf6c83799a57c9393c0dba6611f26f63,0.06482606237946642,2.6398790999955963
email-Eu-core,spread_resid,node_edge,2,1,5,rf,986,38,a45d535846cb3e119d5d14d2a62b3d52917062b6c0b0579a9fbc2103bddf4265,58282d9b86501a6e92a6151e08bf325a054f5d201976f99ddcaeb857e28a7b31,e85beeb103ed16b87b1f513db1df561f2852712461b40b8c5475e0481955236a,0.05524518450379205,2.636289299989585
email-Eu-core,spread_resid,node_edge,3,1,5,rf,986,38,a45d535846cb3e119d5d14d2a62b3d52917062b6c0b0579a9fbc2103bddf4265,58282d9b86501a6e92a6151e08bf325a054f5d201976f99ddcaeb857e28a7b31,23ab1a6bf4b32aeea510414af739e185fcac19a8a842b9591f4b990cfd0c16e0,0.03344416326419062,2.6396508000034373
email-Eu-core,spread_resid,node_edge,4,1,5,rf,986,38,a45d535846cb3e119d5d14d2a62b3d52917062b6c0b0579a9fbc2103bddf4265,58282d9b86501a6e92a6151e08bf325a054f5d201976f99ddcaeb857e28a7b31,646202f1aab453401c47bfbf401c1e063cf379b1abd2027e74afdfb57abe38bb,0.05952187516952676,2.6411642000020947
email-Eu-core,spread_resid,node_edge,5,1,5,rf,986,38,a45d535846cb3e119d5d14d2a62b3d52917062b6c0b0579a9fbc2103bddf4265,58282d9b86501a6e92a6151e08bf325a054f5d201976f99ddcaeb857e28a7b31,3835b606fb7af00be578f45b6fcbbe1bd05a8bbdb03299db8fac53d018893e47,0.04577132084141051,2.5515534000005573
email-Eu-core,spread_resid,node_edge,6,1,5,rf,986,38,a45d535846cb3e119d5d14d2a62b3d52917062b6c0b0579a9fbc2103bddf4265,58282d9b86501a6e92a6151e08bf325a054f5d201976f99ddcaeb857e28a7b31,b4b5ca69d5e3b0ce6499732a4c588baa3c57035f907cc8c64f9881f2644310d2,0.08784080705695961,2.4305811999947764
email-Eu-core,spread_resid,node_edge,7,1,5,rf,986,38,a45d535846cb3e119d5d14d2a62b3d52917062b6c0b0579a9fbc2103bddf4265,58282d9b86501a6e92a6151e08bf325a054f5d201976f99ddcaeb857e28a7b31,36b160c30751c5c9b65922cf68164c891c1d2001eddcef404b827fa7cc8d399b,0.05635340857481795,2.549110699997982
email-Eu-core,spread_resid,node_edge,8,1,5,rf,986,38,a45d535846cb3e119d5d14d2a62b3d52917062b6c0b0579a9fbc2103bddf4265,58282d9b86501a6e92a6151e08bf325a054f5d201976f99ddcaeb857e28a7b31,4ab5f8aadf4cbe63ce21702f92c968944c11c379b1694f4b1f1760bb3b50fab7,0.061464209692466666,2.5334094999998342
email-Eu-core,spread_resid,node_edge,9,1,5,rf,986,38,a45d535846cb3e119d5d14d2a62b3d52917062b6c0b0579a9fbc2103bddf4265,58282d9b86501a6e92a6151e08bf325a054f5d201976f99ddcaeb857e28a7b31,de2568ff80652fc2ddbf246ee5520e43cc5906690f0537bd197b4e4b1bb68e86,0.036490721160822207,2.5841284999914933
email-Eu-core,spread_resid,plus_nonorbit_subgraph,0,1,5,rf,986,40,c61383d6b27ef0ad89c89dab2673f8c8726eee83fc5458704272a64ff6df9087,58282d9b86501a6e92a6151e08bf325a054f5d201976f99ddcaeb857e28a7b31,124e870bcd30247bdc5ba02faf4655feb7dc88477e19d5166c001a3261cdac32,0.05574341846064406,2.721831899980316
email-Eu-core,spread_resid,plus_nonorbit_subgraph,1,1,5,rf,986,40,c61383d6b27ef0ad89c89dab2673f8c8726eee83fc5458704272a64ff6df9087,58282d9b86501a6e92a6151e08bf325a054f5d201976f99ddcaeb857e28a7b31,c9f8d77f76a2560e19388f52b9fea591bf6c83799a57c9393c0dba6611f26f63,0.06401654926443993,2.66094180001528
email-Eu-core,spread_resid,plus_nonorbit_subgraph,2,1,5,rf,986,40,c61383d6b27ef0ad89c89dab2673f8c8726eee83fc5458704272a64ff6df9087,58282d9b86501a6e92a6151e08bf325a054f5d201976f99ddcaeb857e28a7b31,e85beeb103ed16b87b1f513db1df561f2852712461b40b8c5475e0481955236a,0.06020567388723344,2.579481599997962
email-Eu-core,spread_resid,plus_nonorbit_subgraph,3,1,5,rf,986,40,c61383d6b27ef0ad89c89dab2673f8c8726eee83fc5458704272a64ff6df9087,58282d9b86501a6e92a6151e08bf325a054f5d201976f99ddcaeb857e28a7b31,23ab1a6bf4b32aeea510414af739e185fcac19a8a842b9591f4b990cfd0c16e0,0.023399584263501153,2.6579315999988467
email-Eu-core,spread_resid,plus_nonorbit_subgraph,4,1,5,rf,986,40,c61383d6b27ef0ad89c89dab2673f8c8726eee83fc5458704272a64ff6df9087,58282d9b86501a6e92a6151e08bf325a054f5d201976f99ddcaeb857e28a7b31,646202f1aab453401c47bfbf401c1e063cf379b1abd2027e74afdfb57abe38bb,0.06166628014606205,2.705926599999657
email-Eu-core,spread_resid,plus_nonorbit_subgraph,5,1,5,rf,986,40,c61383d6b27ef0ad89c89dab2673f8c8726eee83fc5458704272a64ff6df9087,58282d9b86501a6e92a6151e08bf325a054f5d201976f99ddcaeb857e28a7b31,3835b606fb7af00be578f45b6fcbbe1bd05a8bbdb03299db8fac53d018893e47,0.05191426511203862,2.7099240999959875
email-Eu-core,spread_resid,plus_nonorbit_subgraph,6,1,5,rf,986,40,c61383d6b27ef0ad89c89dab2673f8c8726eee83fc5458704272a64ff6df9087,58282d9b86501a6e92a6151e08bf325a054f5d201976f99ddcaeb857e28a7b31,b4b5ca69d5e3b0ce6499732a4c588baa3c57035f907cc8c64f9881f2644310d2,0.09523623627612625,2.7786876000172924
email-Eu-core,spread_resid,plus_nonorbit_subgraph,7,1,5,rf,986,40,c61383d6b27ef0ad89c89dab2673f8c8726eee83fc5458704272a64ff6df9087,58282d9b86501a6e92a6151e08bf325a054f5d201976f99ddcaeb857e28a7b31,36b160c30751c5c9b65922cf68164c891c1d2001eddcef404b827fa7cc8d399b,0.053897886458237204,2.651344000012614
email-Eu-core,spread_resid,plus_nonorbit_subgraph,8,1,5,rf,986,40,c61383d6b27ef0ad89c89dab2673f8c8726eee83fc5458704272a64ff6df9087,58282d9b86501a6e92a6151e08bf325a054f5d201976f99ddcaeb857e28a7b31,4ab5f8aadf4cbe63ce21702f92c968944c11c379b1694f4b1f1760bb3b50fab7,0.061913289617156066,2.5453457000257913
email-Eu-core,spread_resid,plus_nonorbit_subgraph,9,1,5,rf,986,40,c61383d6b27ef0ad89c89dab2673f8c8726eee83fc5458704272a64ff6df9087,58282d9b86501a6e92a6151e08bf325a054f5d201976f99ddcaeb857e28a7b31,de2568ff80652fc2ddbf246ee5520e43cc5906690f0537bd197b4e4b1bb68e86,0.04100000425926252,2.5793699999921955
email-Eu-core,spread_resid,plus_orbit_lt15,0,1,5,rf,986,45,dcece2a6c43eb3af150d7357885003ee166f4bb9b7b5a037bc4198659ec035e7,58282d9b86501a6e92a6151e08bf325a054f5d201976f99ddcaeb857e28a7b31,124e870bcd30247bdc5ba02faf4655feb7dc88477e19d5166c001a3261cdac32,0.054008904109429635,2.8323911000043154
email-Eu-core,spread_resid,plus_orbit_lt15,1,1,5,rf,986,45,dcece2a6c43eb3af150d7357885003ee166f4bb9b7b5a037bc4198659ec035e7,58282d9b86501a6e92a6151e08bf325a054f5d201976f99ddcaeb857e28a7b31,c9f8d77f76a2560e19388f52b9fea591bf6c83799a57c9393c0dba6611f26f63,0.06017683383267855,2.9627552999882028
email-Eu-core,spread_resid,plus_orbit_lt15,2,1,5,rf,986,45,dcece2a6c43eb3af150d7357885003ee166f4bb9b7b5a037bc4198659ec035e7,58282d9b86501a6e92a6151e08bf325a054f5d201976f99ddcaeb857e28a7b31,e85beeb103ed16b87b1f513db1df561f2852712461b40b8c5475e0481955236a,0.053086300419968716,2.7710442000243347
email-Eu-core,spread_resid,plus_orbit_lt15,3,1,5,rf,986,45,dcece2a6c43eb3af150d7357885003ee166f4bb9b7b5a037bc4198659ec035e7,58282d9b86501a6e92a6151e08bf325a054f5d201976f99ddcaeb857e28a7b31,23ab1a6bf4b32aeea510414af739e185fcac19a8a842b9591f4b990cfd0c16e0,0.03409512449557246,2.6705603000009432
email-Eu-core,spread_resid,plus_orbit_lt15,4,1,5,rf,986,45,dcece2a6c43eb3af150d7357885003ee166f4bb9b7b5a037bc4198659ec035e7,58282d9b86501a6e92a6151e08bf325a054f5d201976f99ddcaeb857e28a7b31,646202f1aab453401c47bfbf401c1e063cf379b1abd2027e74afdfb57abe38bb,0.05698394514222502,2.2203309000178706
email-Eu-core,spread_resid,plus_orbit_lt15,5,1,5,rf,986,45,dcece2a6c43eb3af150d7357885003ee166f4bb9b7b5a037bc4198659ec035e7,58282d9b86501a6e92a6151e08bf325a054f5d201976f99ddcaeb857e28a7b31,3835b606fb7af00be578f45b6fcbbe1bd05a8bbdb03299db8fac53d018893e47,0.05000669757528422,2.1397142999921925
email-Eu-core,spread_resid,plus_orbit_lt15,6,1,5,rf,986,45,dcece2a6c43eb3af150d7357885003ee166f4bb9b7b5a037bc4198659ec035e7,58282d9b86501a6e92a6151e08bf325a054f5d201976f99ddcaeb857e28a7b31,b4b5ca69d5e3b0ce6499732a4c588baa3c57035f907cc8c64f9881f2644310d2,0.08549651779472794,2.0526883999991696
email-Eu-core,spread_resid,plus_orbit_lt15,7,1,5,rf,986,45,dcece2a6c43eb3af150d7357885003ee166f4bb9b7b5a037bc4198659ec035e7,58282d9b86501a6e92a6151e08bf325a054f5d201976f99ddcaeb857e28a7b31,36b160c30751c5c9b65922cf68164c891c1d2001eddcef404b827fa7cc8d399b,0.049711962850106255,1.969499500002712
email-Eu-core,spread_resid,plus_orbit_lt15,8,1,5,rf,986,45,dcece2a6c43eb3af150d7357885003ee166f4bb9b7b5a037bc4198659ec035e7,58282d9b86501a6e92a6151e08bf325a054f5d201976f99ddcaeb857e28a7b31,4ab5f8aadf4cbe63ce21702f92c968944c11c379b1694f4b1f1760bb3b50fab7,0.05478157081314362,1.9294983000145294
email-Eu-core,spread_resid,plus_orbit_lt15,9,1,5,rf,986,45,dcece2a6c43eb3af150d7357885003ee166f4bb9b7b5a037bc4198659ec035e7,58282d9b86501a6e92a6151e08bf325a054f5d201976f99ddcaeb857e28a7b31,de2568ff80652fc2ddbf246ee5520e43cc5906690f0537bd197b4e4b1bb68e86,0.04578330375632365,1.9056254000170156
email-Eu-core,spread_resid,full_r1_structural,0,1,5,rf,986,62,f87215536a24ad63e7fbc66c95f0e1f5a61902697811d754ea3f9a7c119ef71f,58282d9b86501a6e92a6151e08bf325a054f5d201976f99ddcaeb857e28a7b31,124e870bcd30247bdc5ba02faf4655feb7dc88477e19d5166c001a3261cdac32,0.05574341846064406,2.494163399998797
email-Eu-core,spread_resid,full_r1_structural,1,1,5,rf,986,62,f87215536a24ad63e7fbc66c95f0e1f5a61902697811d754ea3f9a7c119ef71f,58282d9b86501a6e92a6151e08bf325a054f5d201976f99ddcaeb857e28a7b31,c9f8d77f76a2560e19388f52b9fea591bf6c83799a57c9393c0dba6611f26f63,0.0794618539416269,2.521878600004129
email-Eu-core,spread_resid,full_r1_structural,2,1,5,rf,986,62,f87215536a24ad63e7fbc66c95f0e1f5a61902697811d754ea3f9a7c119ef71f,58282d9b86501a6e92a6151e08bf325a054f5d201976f99ddcaeb857e28a7b31,e85beeb103ed16b87b1f513db1df561f2852712461b40b8c5475e0481955236a,0.06734955935791652,2.580037400010042
email-Eu-core,spread_resid,full_r1_structural,3,1,5,rf,986,62,f87215536a24ad63e7fbc66c95f0e1f5a61902697811d754ea3f9a7c119ef71f,58282d9b86501a6e92a6151e08bf325a054f5d201976f99ddcaeb857e28a7b31,23ab1a6bf4b32aeea510414af739e185fcac19a8a842b9591f4b990cfd0c16e0,0.03897903251629243,2.677704600006109
email-Eu-core,spread_resid,full_r1_structural,4,1,5,rf,986,62,f87215536a24ad63e7fbc66c95f0e1f5a61902697811d754ea3f9a7c119ef71f,58282d9b86501a6e92a6151e08bf325a054f5d201976f99ddcaeb857e28a7b31,646202f1aab453401c47bfbf401c1e063cf379b1abd2027e74afdfb57abe38bb,0.07174971408932014,2.688381100015249
email-Eu-core,spread_resid,full_r1_structural,5,1,5,rf,986,62,f87215536a24ad63e7fbc66c95f0e1f5a61902697811d754ea3f9a7c119ef71f,58282d9b86501a6e92a6151e08bf325a054f5d201976f99ddcaeb857e28a7b31,3835b606fb7af00be578f45b6fcbbe1bd05a8bbdb03299db8fac53d018893e47,0.06323979916297495,3.2260671999829356
email-Eu-core,spread_resid,full_r1_structural,6,1,5,rf,986,62,f87215536a24ad63e7fbc66c95f0e1f5a61902697811d754ea3f9a7c119ef71f,58282d9b86501a6e92a6151e08bf325a054f5d201976f99ddcaeb857e28a7b31,b4b5ca69d5e3b0ce6499732a4c588baa3c57035f907cc8c64f9881f2644310d2,0.08339299188206538,2.7268131999881007
email-Eu-core,spread_resid,full_r1_structural,7,1,5,rf,986,62,f87215536a24ad63e7fbc66c95f0e1f5a61902697811d754ea3f9a7c119ef71f,58282d9b86501a6e92a6151e08bf325a054f5d201976f99ddcaeb857e28a7b31,36b160c30751c5c9b65922cf68164c891c1d2001eddcef404b827fa7cc8d399b,0.06466930280415155,2.5697023999819066
email-Eu-core,spread_resid,full_r1_structural,8,1,5,rf,986,62,f87215536a24ad63e7fbc66c95f0e1f5a61902697811d754ea3f9a7c119ef71f,58282d9b86501a6e92a6151e08bf325a054f5d201976f99ddcaeb857e28a7b31,4ab5f8aadf4cbe63ce21702f92c968944c11c379b1694f4b1f1760bb3b50fab7,0.06335702319272371,2.639612800005125
email-Eu-core,spread_resid,full_r1_structural,9,1,5,rf,986,62,f87215536a24ad63e7fbc66c95f0e1f5a61902697811d754ea3f9a7c119ef71f,58282d9b86501a6e92a6151e08bf325a054f5d201976f99ddcaeb857e28a7b31,de2568ff80652fc2ddbf246ee5520e43cc5906690f0537bd197b4e4b1bb68e86,0.07249086535505393,2.4659912000061013
email-Eu-core,betweenness,node_edge,0,1,5,rf_log1p,986,38,a45d535846cb3e119d5d14d2a62b3d52917062b6c0b0579a9fbc2103bddf4265,120dfe36f4097c2177419b817475d3f79223dca2723dfdf998417c576cdd2351,124e870bcd30247bdc5ba02faf4655feb7dc88477e19d5166c001a3261cdac32,0.9086811889308994,0.8026001999969594
email-Eu-core,betweenness,node_edge,1,1,5,rf_log1p,986,38,a45d535846cb3e119d5d14d2a62b3d52917062b6c0b0579a9fbc2103bddf4265,120dfe36f4097c2177419b817475d3f79223dca2723dfdf998417c576cdd2351,c9f8d77f76a2560e19388f52b9fea591bf6c83799a57c9393c0dba6611f26f63,0.9069656487949049,0.7947131000109948
email-Eu-core,betweenness,node_edge,2,1,5,rf_log1p,986,38,a45d535846cb3e119d5d14d2a62b3d52917062b6c0b0579a9fbc2103bddf4265,120dfe36f4097c2177419b817475d3f79223dca2723dfdf998417c576cdd2351,e85beeb103ed16b87b1f513db1df561f2852712461b40b8c5475e0481955236a,0.9060764729590376,0.7787005999998655
email-Eu-core,betweenness,node_edge,3,1,5,rf_log1p,986,38,a45d535846cb3e119d5d14d2a62b3d52917062b6c0b0579a9fbc2103bddf4265,120dfe36f4097c2177419b817475d3f79223dca2723dfdf998417c576cdd2351,23ab1a6bf4b32aeea510414af739e185fcac19a8a842b9591f4b990cfd0c16e0,0.9042974445950751,0.785884899989469
email-Eu-core,betweenness,node_edge,4,1,5,rf_log1p,986,38,a45d535846cb3e119d5d14d2a62b3d52917062b6c0b0579a9fbc2103bddf4265,120dfe36f4097c2177419b817475d3f79223dca2723dfdf998417c576cdd2351,646202f1aab453401c47bfbf401c1e063cf379b1abd2027e74afdfb57abe38bb,0.9044717191309259,0.7968832000042312
email-Eu-core,betweenness,node_edge,5,1,5,rf_log1p,986,38,a45d535846cb3e119d5d14d2a62b3d52917062b6c0b0579a9fbc2103bddf4265,120dfe36f4097c2177419b817475d3f79223dca2723dfdf998417c576cdd2351,3835b606fb7af00be578f45b6fcbbe1bd05a8bbdb03299db8fac53d018893e47,0.9037180427587015,0.8359804000065196
email-Eu-core,betweenness,node_edge,6,1,5,rf_log1p,986,38,a45d535846cb3e119d5d14d2a62b3d52917062b6c0b0579a9fbc2103bddf4265,120dfe36f4097c2177419b817475d3f79223dca2723dfdf998417c576cdd2351,b4b5ca69d5e3b0ce6499732a4c588baa3c57035f907cc8c64f9881f2644310d2,0.9069502017029438,0.8324842000147328
email-Eu-core,betweenness,node_edge,7,1,5,rf_log1p,986,38,a45d535846cb3e119d5d14d2a62b3d52917062b6c0b0579a9fbc2103bddf4265,120dfe36f4097c2177419b817475d3f79223dca2723dfdf998417c576cdd2351,36b160c30751c5c9b65922cf68164c891c1d2001eddcef404b827fa7cc8d399b,0.9025507526034451,0.8123785000061616
email-Eu-core,betweenness,node_edge,8,1,5,rf_log1p,986,38,a45d535846cb3e119d5d14d2a62b3d52917062b6c0b0579a9fbc2103bddf4265,120dfe36f4097c2177419b817475d3f79223dca2723dfdf998417c576cdd2351,4ab5f8aadf4cbe63ce21702f92c968944c11c379b1694f4b1f1760bb3b50fab7,0.9048558374926247,0.9004400999983773
email-Eu-core,betweenness,node_edge,9,1,5,rf_log1p,986,38,a45d535846cb3e119d5d14d2a62b3d52917062b6c0b0579a9fbc2103bddf4265,120dfe36f4097c2177419b817475d3f79223dca2723dfdf998417c576cdd2351,de2568ff80652fc2ddbf246ee5520e43cc5906690f0537bd197b4e4b1bb68e86,0.9063321667470083,0.8462530999968294
email-Eu-core,betweenness,plus_nonorbit_subgraph,0,1,5,rf_log1p,986,40,c61383d6b27ef0ad89c89dab2673f8c8726eee83fc5458704272a64ff6df9087,120dfe36f4097c2177419b817475d3f79223dca2723dfdf998417c576cdd2351,124e870bcd30247bdc5ba02faf4655feb7dc88477e19d5166c001a3261cdac32,0.9105374708652428,0.8192412000207696
email-Eu-core,betweenness,plus_nonorbit_subgraph,1,1,5,rf_log1p,986,40,c61383d6b27ef0ad89c89dab2673f8c8726eee83fc5458704272a64ff6df9087,120dfe36f4097c2177419b817475d3f79223dca2723dfdf998417c576cdd2351,c9f8d77f76a2560e19388f52b9fea591bf6c83799a57c9393c0dba6611f26f63,0.908231143229004,0.8702786999929231
email-Eu-core,betweenness,plus_nonorbit_subgraph,2,1,5,rf_log1p,986,40,c61383d6b27ef0ad89c89dab2673f8c8726eee83fc5458704272a64ff6df9087,120dfe36f4097c2177419b817475d3f79223dca2723dfdf998417c576cdd2351,e85beeb103ed16b87b1f513db1df561f2852712461b40b8c5475e0481955236a,0.9088112202515615,0.8238793999771588
email-Eu-core,betweenness,plus_nonorbit_subgraph,3,1,5,rf_log1p,986,40,c61383d6b27ef0ad89c89dab2673f8c8726eee83fc5458704272a64ff6df9087,120dfe36f4097c2177419b817475d3f79223dca2723dfdf998417c576cdd2351,23ab1a6bf4b32aeea510414af739e185fcac19a8a842b9591f4b990cfd0c16e0,0.9063575679305235,0.8211646999989171
email-Eu-core,betweenness,plus_nonorbit_subgraph,4,1,5,rf_log1p,986,40,c61383d6b27ef0ad89c89dab2673f8c8726eee83fc5458704272a64ff6df9087,120dfe36f4097c2177419b817475d3f79223dca2723dfdf998417c576cdd2351,646202f1aab453401c47bfbf401c1e063cf379b1abd2027e74afdfb57abe38bb,0.9067699335931505,0.8146108000073582
email-Eu-core,betweenness,plus_nonorbit_subgraph,5,1,5,rf_log1p,986,40,c61383d6b27ef0ad89c89dab2673f8c8726eee83fc5458704272a64ff6df9087,120dfe36f4097c2177419b817475d3f79223dca2723dfdf998417c576cdd2351,3835b606fb7af00be578f45b6fcbbe1bd05a8bbdb03299db8fac53d018893e47,0.9086973677247365,0.8183299999800511
email-Eu-core,betweenness,plus_nonorbit_subgraph,6,1,5,rf_log1p,986,40,c61383d6b27ef0ad89c89dab2673f8c8726eee83fc5458704272a64ff6df9087,120dfe36f4097c2177419b817475d3f79223dca2723dfdf998417c576cdd2351,b4b5ca69d5e3b0ce6499732a4c588baa3c57035f907cc8c64f9881f2644310d2,0.9100674094594349,0.8175137999933213
email-Eu-core,betweenness,plus_nonorbit_subgraph,7,1,5,rf_log1p,986,40,c61383d6b27ef0ad89c89dab2673f8c8726eee83fc5458704272a64ff6df9087,120dfe36f4097c2177419b817475d3f79223dca2723dfdf998417c576cdd2351,36b160c30751c5c9b65922cf68164c891c1d2001eddcef404b827fa7cc8d399b,0.9056304987851798,0.8478907000098843
email-Eu-core,betweenness,plus_nonorbit_subgraph,8,1,5,rf_log1p,986,40,c61383d6b27ef0ad89c89dab2673f8c8726eee83fc5458704272a64ff6df9087,120dfe36f4097c2177419b817475d3f79223dca2723dfdf998417c576cdd2351,4ab5f8aadf4cbe63ce21702f92c968944c11c379b1694f4b1f1760bb3b50fab7,0.9061700574729701,0.8210824000125285
email-Eu-core,betweenness,plus_nonorbit_subgraph,9,1,5,rf_log1p,986,40,c61383d6b27ef0ad89c89dab2673f8c8726eee83fc5458704272a64ff6df9087,120dfe36f4097c2177419b817475d3f79223dca2723dfdf998417c576cdd2351,de2568ff80652fc2ddbf246ee5520e43cc5906690f0537bd197b4e4b1bb68e86,0.9089781832659218,0.8073463999899104
email-Eu-core,betweenness,plus_orbit_lt15,0,1,5,rf_log1p,986,45,dcece2a6c43eb3af150d7357885003ee166f4bb9b7b5a037bc4198659ec035e7,120dfe36f4097c2177419b817475d3f79223dca2723dfdf998417c576cdd2351,124e870bcd30247bdc5ba02faf4655feb7dc88477e19d5166c001a3261cdac32,0.9109285992905868,0.8870915000152308
email-Eu-core,betweenness,plus_orbit_lt15,1,1,5,rf_log1p,986,45,dcece2a6c43eb3af150d7357885003ee166f4bb9b7b5a037bc4198659ec035e7,120dfe36f4097c2177419b817475d3f79223dca2723dfdf998417c576cdd2351,c9f8d77f76a2560e19388f52b9fea591bf6c83799a57c9393c0dba6611f26f63,0.9077569394343503,0.887828900013119
email-Eu-core,betweenness,plus_orbit_lt15,2,1,5,rf_log1p,986,45,dcece2a6c43eb3af150d7357885003ee166f4bb9b7b5a037bc4198659ec035e7,120dfe36f4097c2177419b817475d3f79223dca2723dfdf998417c576cdd2351,e85beeb103ed16b87b1f513db1df561f2852712461b40b8c5475e0481955236a,0.9085929627532545,0.9169884999864735
email-Eu-core,betweenness,plus_orbit_lt15,3,1,5,rf_log1p,986,45,dcece2a6c43eb3af150d7357885003ee166f4bb9b7b5a037bc4198659ec035e7,120dfe36f4097c2177419b817475d3f79223dca2723dfdf998417c576cdd2351,23ab1a6bf4b32aeea510414af739e185fcac19a8a842b9591f4b990cfd0c16e0,0.9066298989013821,0.9587659999961033
email-Eu-core,betweenness,plus_orbit_lt15,4,1,5,rf_log1p,986,45,dcece2a6c43eb3af150d7357885003ee166f4bb9b7b5a037bc4198659ec035e7,120dfe36f4097c2177419b817475d3f79223dca2723dfdf998417c576cdd2351,646202f1aab453401c47bfbf401c1e063cf379b1abd2027e74afdfb57abe38bb,0.90738104279706,0.8824281999841332
email-Eu-core,betweenness,plus_orbit_lt15,5,1,5,rf_log1p,986,45,dcece2a6c43eb3af150d7357885003ee166f4bb9b7b5a037bc4198659ec035e7,120dfe36f4097c2177419b817475d3f79223dca2723dfdf998417c576cdd2351,3835b606fb7af00be578f45b6fcbbe1bd05a8bbdb03299db8fac53d018893e47,0.9093623770135932,0.8825674999970943
email-Eu-core,betweenness,plus_orbit_lt15,6,1,5,rf_log1p,986,45,dcece2a6c43eb3af150d7357885003ee166f4bb9b7b5a037bc4198659ec035e7,120dfe36f4097c2177419b817475d3f79223dca2723dfdf998417c576cdd2351,b4b5ca69d5e3b0ce6499732a4c588baa3c57035f907cc8c64f9881f2644310d2,0.9100084810617354,0.8930076000106055
email-Eu-core,betweenness,plus_orbit_lt15,7,1,5,rf_log1p,986,45,dcece2a6c43eb3af150d7357885003ee166f4bb9b7b5a037bc4198659ec035e7,120dfe36f4097c2177419b817475d3f79223dca2723dfdf998417c576cdd2351,36b160c30751c5c9b65922cf68164c891c1d2001eddcef404b827fa7cc8d399b,0.9057659719708893,0.8900891000230331
email-Eu-core,betweenness,plus_orbit_lt15,8,1,5,rf_log1p,986,45,dcece2a6c43eb3af150d7357885003ee166f4bb9b7b5a037bc4198659ec035e7,120dfe36f4097c2177419b817475d3f79223dca2723dfdf998417c576cdd2351,4ab5f8aadf4cbe63ce21702f92c968944c11c379b1694f4b1f1760bb3b50fab7,0.9067033842545594,0.874856299982639
email-Eu-core,betweenness,plus_orbit_lt15,9,1,5,rf_log1p,986,45,dcece2a6c43eb3af150d7357885003ee166f4bb9b7b5a037bc4198659ec035e7,120dfe36f4097c2177419b817475d3f79223dca2723dfdf998417c576cdd2351,de2568ff80652fc2ddbf246ee5520e43cc5906690f0537bd197b4e4b1bb68e86,0.909440195447121,0.8991345000104047
email-Eu-core,betweenness,full_r1_structural,0,1,5,rf_log1p,986,62,f87215536a24ad63e7fbc66c95f0e1f5a61902697811d754ea3f9a7c119ef71f,120dfe36f4097c2177419b817475d3f79223dca2723dfdf998417c576cdd2351,124e870bcd30247bdc5ba02faf4655feb7dc88477e19d5166c001a3261cdac32,0.9100365075321912,1.0462804999842774
email-Eu-core,betweenness,full_r1_structural,1,1,5,rf_log1p,986,62,f87215536a24ad63e7fbc66c95f0e1f5a61902697811d754ea3f9a7c119ef71f,120dfe36f4097c2177419b817475d3f79223dca2723dfdf998417c576cdd2351,c9f8d77f76a2560e19388f52b9fea591bf6c83799a57c9393c0dba6611f26f63,0.9071657511903356,1.054088699980639
email-Eu-core,betweenness,full_r1_structural,2,1,5,rf_log1p,986,62,f87215536a24ad63e7fbc66c95f0e1f5a61902697811d754ea3f9a7c119ef71f,120dfe36f4097c2177419b817475d3f79223dca2723dfdf998417c576cdd2351,e85beeb103ed16b87b1f513db1df561f2852712461b40b8c5475e0481955236a,0.9081328764516513,1.0804375000006985
email-Eu-core,betweenness,full_r1_structural,3,1,5,rf_log1p,986,62,f87215536a24ad63e7fbc66c95f0e1f5a61902697811d754ea3f9a7c119ef71f,120dfe36f4097c2177419b817475d3f79223dca2723dfdf998417c576cdd2351,23ab1a6bf4b32aeea510414af739e185fcac19a8a842b9591f4b990cfd0c16e0,0.9061903448331842,1.0555408999789506
email-Eu-core,betweenness,full_r1_structural,4,1,5,rf_log1p,986,62,f87215536a24ad63e7fbc66c95f0e1f5a61902697811d754ea3f9a7c119ef71f,120dfe36f4097c2177419b817475d3f79223dca2723dfdf998417c576cdd2351,646202f1aab453401c47bfbf401c1e063cf379b1abd2027e74afdfb57abe38bb,0.9065451710989945,1.0717535000003409
email-Eu-core,betweenness,full_r1_structural,5,1,5,rf_log1p,986,62,f87215536a24ad63e7fbc66c95f0e1f5a61902697811d754ea3f9a7c119ef71f,120dfe36f4097c2177419b817475d3f79223dca2723dfdf998417c576cdd2351,3835b606fb7af00be578f45b6fcbbe1bd05a8bbdb03299db8fac53d018893e47,0.9096784476105789,1.0536246999981813
email-Eu-core,betweenness,full_r1_structural,6,1,5,rf_log1p,986,62,f87215536a24ad63e7fbc66c95f0e1f5a61902697811d754ea3f9a7c119ef71f,120dfe36f4097c2177419b817475d3f79223dca2723dfdf998417c576cdd2351,b4b5ca69d5e3b0ce6499732a4c588baa3c57035f907cc8c64f9881f2644310d2,0.9093634152907396,1.0734866000129841
email-Eu-core,betweenness,full_r1_structural,7,1,5,rf_log1p,986,62,f87215536a24ad63e7fbc66c95f0e1f5a61902697811d754ea3f9a7c119ef71f,120dfe36f4097c2177419b817475d3f79223dca2723dfdf998417c576cdd2351,36b160c30751c5c9b65922cf68164c891c1d2001eddcef404b827fa7cc8d399b,0.9054033043947239,1.0475962000200525
email-Eu-core,betweenness,full_r1_structural,8,1,5,rf_log1p,986,62,f87215536a24ad63e7fbc66c95f0e1f5a61902697811d754ea3f9a7c119ef71f,120dfe36f4097c2177419b817475d3f79223dca2723dfdf998417c576cdd2351,4ab5f8aadf4cbe63ce21702f92c968944c11c379b1694f4b1f1760bb3b50fab7,0.9058408639615279,1.0825959999929182
email-Eu-core,betweenness,full_r1_structural,9,1,5,rf_log1p,986,62,f87215536a24ad63e7fbc66c95f0e1f5a61902697811d754ea3f9a7c119ef71f,120dfe36f4097c2177419b817475d3f79223dca2723dfdf998417c576cdd2351,de2568ff80652fc2ddbf246ee5520e43cc5906690f0537bd197b4e4b1bb68e86,0.9092648822823751,1.0542860999994446
facebook_combined,spread_mean,node_edge,0,1,5,rf,4039,38,a45d535846cb3e119d5d14d2a62b3d52917062b6c0b0579a9fbc2103bddf4265,3ae84476e27a7a8c3ffab7f0eaf7e9f9eb6fd94a9074dde77c22d6b257731b90,56584d1830322a25d0b135c4aa1ed646d13eb15443b554fbe67d84e67a7a2086,0.9451355911193287,3.756092499999795
facebook_combined,spread_mean,node_edge,1,1,5,rf,4039,38,a45d535846cb3e119d5d14d2a62b3d52917062b6c0b0579a9fbc2103bddf4265,3ae84476e27a7a8c3ffab7f0eaf7e9f9eb6fd94a9074dde77c22d6b257731b90,de4613583ba795417f7c45791f928dad825d86b6bce5ef243c96ecea508a58fa,0.9454957226485591,3.7962761000089813
facebook_combined,spread_mean,node_edge,2,1,5,rf,4039,38,a45d535846cb3e119d5d14d2a62b3d52917062b6c0b0579a9fbc2103bddf4265,3ae84476e27a7a8c3ffab7f0eaf7e9f9eb6fd94a9074dde77c22d6b257731b90,43f85234d4439da73cb0580f917d94f47811002d442e37a3be18d3e24872987b,0.9454908886050409,3.8275668999995105
facebook_combined,spread_mean,node_edge,3,1,5,rf,4039,38,a45d535846cb3e119d5d14d2a62b3d52917062b6c0b0579a9fbc2103bddf4265,3ae84476e27a7a8c3ffab7f0eaf7e9f9eb6fd94a9074dde77c22d6b257731b90,d302c3f35165221715736e16bf669608e007391016ed66f3c533c1e11c201391,0.9455761131563859,3.839157900016289
facebook_combined,spread_mean,node_edge,4,1,5,rf,4039,38,a45d535846cb3e119d5d14d2a62b3d52917062b6c0b0579a9fbc2103bddf4265,3ae84476e27a7a8c3ffab7f0eaf7e9f9eb6fd94a9074dde77c22d6b257731b90,73888643a53e4eb95c37261e3699984ece56fff868fde029139a6f1642c59e28,0.9460652125855059,4.194401200016728
facebook_combined,spread_mean,node_edge,5,1,5,rf,4039,38,a45d535846cb3e119d5d14d2a62b3d52917062b6c0b0579a9fbc2103bddf4265,3ae84476e27a7a8c3ffab7f0eaf7e9f9eb6fd94a9074dde77c22d6b257731b90,054c8d406b297ba4b9bd94b8ac93aa43b632efa87848fc18b25fda26a2e323ab,0.9452066209899992,4.461783900012961
facebook_combined,spread_mean,node_edge,6,1,5,rf,4039,38,a45d535846cb3e119d5d14d2a62b3d52917062b6c0b0579a9fbc2103bddf4265,3ae84476e27a7a8c3ffab7f0eaf7e9f9eb6fd94a9074dde77c22d6b257731b90,a09ff484fbefde2a6c3b4da397dd93bed9c878c90a69a23c65d4af859c225729,0.9452470123788068,4.293100199982291
facebook_combined,spread_mean,node_edge,7,1,5,rf,4039,38,a45d535846cb3e119d5d14d2a62b3d52917062b6c0b0579a9fbc2103bddf4265,3ae84476e27a7a8c3ffab7f0eaf7e9f9eb6fd94a9074dde77c22d6b257731b90,562754d98f39d629405a34ddece7adc3a573d560e518b22b95ea768a0b57b66c,0.9448215919047344,4.340581700002076
facebook_combined,spread_mean,node_edge,8,1,5,rf,4039,38,a45d535846cb3e119d5d14d2a62b3d52917062b6c0b0579a9fbc2103bddf4265,3ae84476e27a7a8c3ffab7f0eaf7e9f9eb6fd94a9074dde77c22d6b257731b90,6346c545447b56748e4108ea1e263d0d2928809d56fe145f85508fa6895b919f,0.9464969204297365,5.412265100021614
facebook_combined,spread_mean,node_edge,9,1,5,rf,4039,38,a45d535846cb3e119d5d14d2a62b3d52917062b6c0b0579a9fbc2103bddf4265,3ae84476e27a7a8c3ffab7f0eaf7e9f9eb6fd94a9074dde77c22d6b257731b90,69752e02cd6ccec8556768fa95efb94d53e632f645d7095452779e63fd3a2b0b,0.9460602242716741,5.977028199995402
facebook_combined,spread_mean,plus_nonorbit_subgraph,0,1,5,rf,4039,40,c61383d6b27ef0ad89c89dab2673f8c8726eee83fc5458704272a64ff6df9087,3ae84476e27a7a8c3ffab7f0eaf7e9f9eb6fd94a9074dde77c22d6b257731b90,56584d1830322a25d0b135c4aa1ed646d13eb15443b554fbe67d84e67a7a2086,0.9452417928400318,6.3290396000084
facebook_combined,spread_mean,plus_nonorbit_subgraph,1,1,5,rf,4039,40,c61383d6b27ef0ad89c89dab2673f8c8726eee83fc5458704272a64ff6df9087,3ae84476e27a7a8c3ffab7f0eaf7e9f9eb6fd94a9074dde77c22d6b257731b90,de4613583ba795417f7c45791f928dad825d86b6bce5ef243c96ecea508a58fa,0.945476772212873,6.283193200011738
facebook_combined,spread_mean,plus_nonorbit_subgraph,2,1,5,rf,4039,40,c61383d6b27ef0ad89c89dab2673f8c8726eee83fc5458704272a64ff6df9087,3ae84476e27a7a8c3ffab7f0eaf7e9f9eb6fd94a9074dde77c22d6b257731b90,43f85234d4439da73cb0580f917d94f47811002d442e37a3be18d3e24872987b,0.9453670273922747,6.11788279999746
facebook_combined,spread_mean,plus_nonorbit_subgraph,3,1,5,rf,4039,40,c61383d6b27ef0ad89c89dab2673f8c8726eee83fc5458704272a64ff6df9087,3ae84476e27a7a8c3ffab7f0eaf7e9f9eb6fd94a9074dde77c22d6b257731b90,d302c3f35165221715736e16bf669608e007391016ed66f3c533c1e11c201391,0.9456558258278424,4.873150100000203
facebook_combined,spread_mean,plus_nonorbit_subgraph,4,1,5,rf,4039,40,c61383d6b27ef0ad89c89dab2673f8c8726eee83fc5458704272a64ff6df9087,3ae84476e27a7a8c3ffab7f0eaf7e9f9eb6fd94a9074dde77c22d6b257731b90,73888643a53e4eb95c37261e3699984ece56fff868fde029139a6f1642c59e28,0.9460217998143253,4.744985900004394
facebook_combined,spread_mean,plus_nonorbit_subgraph,5,1,5,rf,4039,40,c61383d6b27ef0ad89c89dab2673f8c8726eee83fc5458704272a64ff6df9087,3ae84476e27a7a8c3ffab7f0eaf7e9f9eb6fd94a9074dde77c22d6b257731b90,054c8d406b297ba4b9bd94b8ac93aa43b632efa87848fc18b25fda26a2e323ab,0.9453142944007009,4.739486200007377
facebook_combined,spread_mean,plus_nonorbit_subgraph,6,1,5,rf,4039,40,c61383d6b27ef0ad89c89dab2673f8c8726eee83fc5458704272a64ff6df9087,3ae84476e27a7a8c3ffab7f0eaf7e9f9eb6fd94a9074dde77c22d6b257731b90,a09ff484fbefde2a6c3b4da397dd93bed9c878c90a69a23c65d4af859c225729,0.9450483438380176,4.565296599990688
facebook_combined,spread_mean,plus_nonorbit_subgraph,7,1,5,rf,4039,40,c61383d6b27ef0ad89c89dab2673f8c8726eee83fc5458704272a64ff6df9087,3ae84476e27a7a8c3ffab7f0eaf7e9f9eb6fd94a9074dde77c22d6b257731b90,562754d98f39d629405a34ddece7adc3a573d560e518b22b95ea768a0b57b66c,0.9448036872090829,4.6539506999833975
facebook_combined,spread_mean,plus_nonorbit_subgraph,8,1,5,rf,4039,40,c61383d6b27ef0ad89c89dab2673f8c8726eee83fc5458704272a64ff6df9087,3ae84476e27a7a8c3ffab7f0eaf7e9f9eb6fd94a9074dde77c22d6b257731b90,6346c545447b56748e4108ea1e263d0d2928809d56fe145f85508fa6895b919f,0.9464419800072399,4.396387099986896
facebook_combined,spread_mean,plus_nonorbit_subgraph,9,1,5,rf,4039,40,c61383d6b27ef0ad89c89dab2673f8c8726eee83fc5458704272a64ff6df9087,3ae84476e27a7a8c3ffab7f0eaf7e9f9eb6fd94a9074dde77c22d6b257731b90,69752e02cd6ccec8556768fa95efb94d53e632f645d7095452779e63fd3a2b0b,0.9459370988756423,4.393717200000538
facebook_combined,spread_mean,plus_orbit_lt15,0,1,5,rf,4039,45,dcece2a6c43eb3af150d7357885003ee166f4bb9b7b5a037bc4198659ec035e7,3ae84476e27a7a8c3ffab7f0eaf7e9f9eb6fd94a9074dde77c22d6b257731b90,56584d1830322a25d0b135c4aa1ed646d13eb15443b554fbe67d84e67a7a2086,0.9450728021112456,5.0739978000056
facebook_combined,spread_mean,plus_orbit_lt15,1,1,5,rf,4039,45,dcece2a6c43eb3af150d7357885003ee166f4bb9b7b5a037bc4198659ec035e7,3ae84476e27a7a8c3ffab7f0eaf7e9f9eb6fd94a9074dde77c22d6b257731b90,de4613583ba795417f7c45791f928dad825d86b6bce5ef243c96ecea508a58fa,0.9455133820722414,5.105461600003764
facebook_combined,spread_mean,plus_orbit_lt15,2,1,5,rf,4039,45,dcece2a6c43eb3af150d7357885003ee166f4bb9b7b5a037bc4198659ec035e7,3ae84476e27a7a8c3ffab7f0eaf7e9f9eb6fd94a9074dde77c22d6b257731b90,43f85234d4439da73cb0580f917d94f47811002d442e37a3be18d3e24872987b,0.9455492628003644,4.91744240000844
facebook_combined,spread_mean,plus_orbit_lt15,3,1,5,rf,4039,45,dcece2a6c43eb3af150d7357885003ee166f4bb9b7b5a037bc4198659ec035e7,3ae84476e27a7a8c3ffab7f0eaf7e9f9eb6fd94a9074dde77c22d6b257731b90,d302c3f35165221715736e16bf669608e007391016ed66f3c533c1e11c201391,0.9451959450309787,4.971621899981983
facebook_combined,spread_mean,plus_orbit_lt15,4,1,5,rf,4039,45,dcece2a6c43eb3af150d7357885003ee166f4bb9b7b5a037bc4198659ec035e7,3ae84476e27a7a8c3ffab7f0eaf7e9f9eb6fd94a9074dde77c22d6b257731b90,73888643a53e4eb95c37261e3699984ece56fff868fde029139a6f1642c59e28,0.9460693821736983,5.049772300000768
facebook_combined,spread_mean,plus_orbit_lt15,5,1,5,rf,4039,45,dcece2a6c43eb3af150d7357885003ee166f4bb9b7b5a037bc4198659ec035e7,3ae84476e27a7a8c3ffab7f0eaf7e9f9eb6fd94a9074dde77c22d6b257731b90,054c8d406b297ba4b9bd94b8ac93aa43b632efa87848fc18b25fda26a2e323ab,0.9453317085514068,4.703462299978128
facebook_combined,spread_mean,plus_orbit_lt15,6,1,5,rf,4039,45,dcece2a6c43eb3af150d7357885003ee166f4bb9b7b5a037bc4198659ec035e7,3ae84476e27a7a8c3ffab7f0eaf7e9f9eb6fd94a9074dde77c22d6b257731b90,a09ff484fbefde2a6c3b4da397dd93bed9c878c90a69a23c65d4af859c225729,0.9450444195211626,4.594022999983281
facebook_combined,spread_mean,plus_orbit_lt15,7,1,5,rf,4039,45,dcece2a6c43eb3af150d7357885003ee166f4bb9b7b5a037bc4198659ec035e7,3ae84476e27a7a8c3ffab7f0eaf7e9f9eb6fd94a9074dde77c22d6b257731b90,562754d98f39d629405a34ddece7adc3a573d560e518b22b95ea768a0b57b66c,0.9448954181155708,5.270729400013806
facebook_combined,spread_mean,plus_orbit_lt15,8,1,5,rf,4039,45,dcece2a6c43eb3af150d7357885003ee166f4bb9b7b5a037bc4198659ec035e7,3ae84476e27a7a8c3ffab7f0eaf7e9f9eb6fd94a9074dde77c22d6b257731b90,6346c545447b56748e4108ea1e263d0d2928809d56fe145f85508fa6895b919f,0.9461528069799027,5.6046850999991875
facebook_combined,spread_mean,plus_orbit_lt15,9,1,5,rf,4039,45,dcece2a6c43eb3af150d7357885003ee166f4bb9b7b5a037bc4198659ec035e7,3ae84476e27a7a8c3ffab7f0eaf7e9f9eb6fd94a9074dde77c22d6b257731b90,69752e02cd6ccec8556768fa95efb94d53e632f645d7095452779e63fd3a2b0b,0.9460303013666624,5.047000099992147
facebook_combined,spread_mean,full_r1_structural,0,1,5,rf,4039,62,f87215536a24ad63e7fbc66c95f0e1f5a61902697811d754ea3f9a7c119ef71f,3ae84476e27a7a8c3ffab7f0eaf7e9f9eb6fd94a9074dde77c22d6b257731b90,56584d1830322a25d0b135c4aa1ed646d13eb15443b554fbe67d84e67a7a2086,0.9559913500068302,7.020852299989201
facebook_combined,spread_mean,full_r1_structural,1,1,5,rf,4039,62,f87215536a24ad63e7fbc66c95f0e1f5a61902697811d754ea3f9a7c119ef71f,3ae84476e27a7a8c3ffab7f0eaf7e9f9eb6fd94a9074dde77c22d6b257731b90,de4613583ba795417f7c45791f928dad825d86b6bce5ef243c96ecea508a58fa,0.9559132578024301,6.959348300006241
facebook_combined,spread_mean,full_r1_structural,2,1,5,rf,4039,62,f87215536a24ad63e7fbc66c95f0e1f5a61902697811d754ea3f9a7c119ef71f,3ae84476e27a7a8c3ffab7f0eaf7e9f9eb6fd94a9074dde77c22d6b257731b90,43f85234d4439da73cb0580f917d94f47811002d442e37a3be18d3e24872987b,0.9554244407055673,6.291460200009169
facebook_combined,spread_mean,full_r1_structural,3,1,5,rf,4039,62,f87215536a24ad63e7fbc66c95f0e1f5a61902697811d754ea3f9a7c119ef71f,3ae84476e27a7a8c3ffab7f0eaf7e9f9eb6fd94a9074dde77c22d6b257731b90,d302c3f35165221715736e16bf669608e007391016ed66f3c533c1e11c201391,0.9562054966836399,6.278029500012053
facebook_combined,spread_mean,full_r1_structural,4,1,5,rf,4039,62,f87215536a24ad63e7fbc66c95f0e1f5a61902697811d754ea3f9a7c119ef71f,3ae84476e27a7a8c3ffab7f0eaf7e9f9eb6fd94a9074dde77c22d6b257731b90,73888643a53e4eb95c37261e3699984ece56fff868fde029139a6f1642c59e28,0.9558872375522318,8.568143899989082
facebook_combined,spread_mean,full_r1_structural,5,1,5,rf,4039,62,f87215536a24ad63e7fbc66c95f0e1f5a61902697811d754ea3f9a7c119ef71f,3ae84476e27a7a8c3ffab7f0eaf7e9f9eb6fd94a9074dde77c22d6b257731b90,054c8d406b297ba4b9bd94b8ac93aa43b632efa87848fc18b25fda26a2e323ab,0.9562651612292561,9.01224069998716
facebook_combined,spread_mean,full_r1_structural,6,1,5,rf,4039,62,f87215536a24ad63e7fbc66c95f0e1f5a61902697811d754ea3f9a7c119ef71f,3ae84476e27a7a8c3ffab7f0eaf7e9f9eb6fd94a9074dde77c22d6b257731b90,a09ff484fbefde2a6c3b4da397dd93bed9c878c90a69a23c65d4af859c225729,0.955528360093207,8.997072099999059
facebook_combined,spread_mean,full_r1_structural,7,1,5,rf,4039,62,f87215536a24ad63e7fbc66c95f0e1f5a61902697811d754ea3f9a7c119ef71f,3ae84476e27a7a8c3ffab7f0eaf7e9f9eb6fd94a9074dde77c22d6b257731b90,562754d98f39d629405a34ddece7adc3a573d560e518b22b95ea768a0b57b66c,0.9555531909299005,8.565596000000369
facebook_combined,spread_mean,full_r1_structural,8,1,5,rf,4039,62,f87215536a24ad63e7fbc66c95f0e1f5a61902697811d754ea3f9a7c119ef71f,3ae84476e27a7a8c3ffab7f0eaf7e9f9eb6fd94a9074dde77c22d6b257731b90,6346c545447b56748e4108ea1e263d0d2928809d56fe145f85508fa6895b919f,0.9558750011411105,8.543542600004002
facebook_combined,spread_mean,full_r1_structural,9,1,5,rf,4039,62,f87215536a24ad63e7fbc66c95f0e1f5a61902697811d754ea3f9a7c119ef71f,3ae84476e27a7a8c3ffab7f0eaf7e9f9eb6fd94a9074dde77c22d6b257731b90,69752e02cd6ccec8556768fa95efb94d53e632f645d7095452779e63fd3a2b0b,0.9557839420519354,8.56368619998102
facebook_combined,spread_cv,node_edge,0,1,5,rf,4039,38,a45d535846cb3e119d5d14d2a62b3d52917062b6c0b0579a9fbc2103bddf4265,e3120af82e808edaeaa5cb82a147c5da4619ad5ba8603ec065826e5cdfed6494,56584d1830322a25d0b135c4aa1ed646d13eb15443b554fbe67d84e67a7a2086,0.8277646697996771,4.810580599994864
facebook_combined,spread_cv,node_edge,1,1,5,rf,4039,38,a45d535846cb3e119d5d14d2a62b3d52917062b6c0b0579a9fbc2103bddf4265,e3120af82e808edaeaa5cb82a147c5da4619ad5ba8603ec065826e5cdfed6494,de4613583ba795417f7c45791f928dad825d86b6bce5ef243c96ecea508a58fa,0.8277518911847043,4.824829699995462
facebook_combined,spread_cv,node_edge,2,1,5,rf,4039,38,a45d535846cb3e119d5d14d2a62b3d52917062b6c0b0579a9fbc2103bddf4265,e3120af82e808edaeaa5cb82a147c5da4619ad5ba8603ec065826e5cdfed6494,43f85234d4439da73cb0580f917d94f47811002d442e37a3be18d3e24872987b,0.8248583115967705,4.922181400004774
facebook_combined,spread_cv,node_edge,3,1,5,rf,4039,38,a45d535846cb3e119d5d14d2a62b3d52917062b6c0b0579a9fbc2103bddf4265,e3120af82e808edaeaa5cb82a147c5da4619ad5ba8603ec065826e5cdfed6494,d302c3f35165221715736e16bf669608e007391016ed66f3c533c1e11c201391,0.825957903005272,4.846660100010922
facebook_combined,spread_cv,node_edge,4,1,5,rf,4039,38,a45d535846cb3e119d5d14d2a62b3d52917062b6c0b0579a9fbc2103bddf4265,e3120af82e808edaeaa5cb82a147c5da4619ad5ba8603ec065826e5cdfed6494,73888643a53e4eb95c37261e3699984ece56fff868fde029139a6f1642c59e28,0.8270520141825978,4.929395799990743
facebook_combined,spread_cv,node_edge,5,1,5,rf,4039,38,a45d535846cb3e119d5d14d2a62b3d52917062b6c0b0579a9fbc2103bddf4265,e3120af82e808edaeaa5cb82a147c5da4619ad5ba8603ec065826e5cdfed6494,054c8d406b297ba4b9bd94b8ac93aa43b632efa87848fc18b25fda26a2e323ab,0.8296427981664966,4.774153999984264
facebook_combined,spread_cv,node_edge,6,1,5,rf,4039,38,a45d535846cb3e119d5d14d2a62b3d52917062b6c0b0579a9fbc2103bddf4265,e3120af82e808edaeaa5cb82a147c5da4619ad5ba8603ec065826e5cdfed6494,a09ff484fbefde2a6c3b4da397dd93bed9c878c90a69a23c65d4af859c225729,0.8277681797026474,5.015152899984969
facebook_combined,spread_cv,node_edge,7,1,5,rf,4039,38,a45d535846cb3e119d5d14d2a62b3d52917062b6c0b0579a9fbc2103bddf4265,e3120af82e808edaeaa5cb82a147c5da4619ad5ba8603ec065826e5cdfed6494,562754d98f39d629405a34ddece7adc3a573d560e518b22b95ea768a0b57b66c,0.8277517474339142,4.94078800000716
facebook_combined,spread_cv,node_edge,8,1,5,rf,4039,38,a45d535846cb3e119d5d14d2a62b3d52917062b6c0b0579a9fbc2103bddf4265,e3120af82e808edaeaa5cb82a147c5da4619ad5ba8603ec065826e5cdfed6494,6346c545447b56748e4108ea1e263d0d2928809d56fe145f85508fa6895b919f,0.8281454282576158,4.033540799980983
facebook_combined,spread_cv,node_edge,9,1,5,rf,4039,38,a45d535846cb3e119d5d14d2a62b3d52917062b6c0b0579a9fbc2103bddf4265,e3120af82e808edaeaa5cb82a147c5da4619ad5ba8603ec065826e5cdfed6494,69752e02cd6ccec8556768fa95efb94d53e632f645d7095452779e63fd3a2b0b,0.8288308218399715,3.417418799974257
facebook_combined,spread_cv,plus_nonorbit_subgraph,0,1,5,rf,4039,40,c61383d6b27ef0ad89c89dab2673f8c8726eee83fc5458704272a64ff6df9087,e3120af82e808edaeaa5cb82a147c5da4619ad5ba8603ec065826e5cdfed6494,56584d1830322a25d0b135c4aa1ed646d13eb15443b554fbe67d84e67a7a2086,0.8280599598316997,3.6044891999918036
facebook_combined,spread_cv,plus_nonorbit_subgraph,1,1,5,rf,4039,40,c61383d6b27ef0ad89c89dab2673f8c8726eee83fc5458704272a64ff6df9087,e3120af82e808edaeaa5cb82a147c5da4619ad5ba8603ec065826e5cdfed6494,de4613583ba795417f7c45791f928dad825d86b6bce5ef243c96ecea508a58fa,0.8281646599143547,3.7367027000000235
facebook_combined,spread_cv,plus_nonorbit_subgraph,2,1,5,rf,4039,40,c61383d6b27ef0ad89c89dab2673f8c8726eee83fc5458704272a64ff6df9087,e3120af82e808edaeaa5cb82a147c5da4619ad5ba8603ec065826e5cdfed6494,43f85234d4439da73cb0580f917d94f47811002d442e37a3be18d3e24872987b,0.8247231746222,3.7882334000023548
facebook_combined,spread_cv,plus_nonorbit_subgraph,3,1,5,rf,4039,40,c61383d6b27ef0ad89c89dab2673f8c8726eee83fc5458704272a64ff6df9087,e3120af82e808edaeaa5cb82a147c5da4619ad5ba8603ec065826e5cdfed6494,d302c3f35165221715736e16bf669608e007391016ed66f3c533c1e11c201391,0.8262279317298592,4.601803900004597
facebook_combined,spread_cv,plus_nonorbit_subgraph,4,1,5,rf,4039,40,c61383d6b27ef0ad89c89dab2673f8c8726eee83fc5458704272a64ff6df9087,e3120af82e808edaeaa5cb82a147c5da4619ad5ba8603ec065826e5cdfed6494,73888643a53e4eb95c37261e3699984ece56fff868fde029139a6f1642c59e28,0.8273534360772394,3.7729093999951147
facebook_combined,spread_cv,plus_nonorbit_subgraph,5,1,5,rf,4039,40,c61383d6b27ef0ad89c89dab2673f8c8726eee83fc5458704272a64ff6df9087,e3120af82e808edaeaa5cb82a147c5da4619ad5ba8603ec065826e5cdfed6494,054c8d406b297ba4b9bd94b8ac93aa43b632efa87848fc18b25fda26a2e323ab,0.8298426831651805,3.7831622999801766
facebook_combined,spread_cv,plus_nonorbit_subgraph,6,1,5,rf,4039,40,c61383d6b27ef0ad89c89dab2673f8c8726eee83fc5458704272a64ff6df9087,e3120af82e808edaeaa5cb82a147c5da4619ad5ba8603ec065826e5cdfed6494,a09ff484fbefde2a6c3b4da397dd93bed9c878c90a69a23c65d4af859c225729,0.8282373577636415,5.127656099997694
facebook_combined,spread_cv,plus_nonorbit_subgraph,7,1,5,rf,4039,40,c61383d6b27ef0ad89c89dab2673f8c8726eee83fc5458704272a64ff6df9087,e3120af82e808edaeaa5cb82a147c5da4619ad5ba8603ec065826e5cdfed6494,562754d98f39d629405a34ddece7adc3a573d560e518b22b95ea768a0b57b66c,0.8275351848474751,5.878464700013865
facebook_combined,spread_cv,plus_nonorbit_subgraph,8,1,5,rf,4039,40,c61383d6b27ef0ad89c89dab2673f8c8726eee83fc5458704272a64ff6df9087,e3120af82e808edaeaa5cb82a147c5da4619ad5ba8603ec065826e5cdfed6494,6346c545447b56748e4108ea1e263d0d2928809d56fe145f85508fa6895b919f,0.8277807300842813,5.91673759999685
facebook_combined,spread_cv,plus_nonorbit_subgraph,9,1,5,rf,4039,40,c61383d6b27ef0ad89c89dab2673f8c8726eee83fc5458704272a64ff6df9087,e3120af82e808edaeaa5cb82a147c5da4619ad5ba8603ec065826e5cdfed6494,69752e02cd6ccec8556768fa95efb94d53e632f645d7095452779e63fd3a2b0b,0.8289146999569755,6.353112099983264
facebook_combined,spread_cv,plus_orbit_lt15,0,1,5,rf,4039,45,dcece2a6c43eb3af150d7357885003ee166f4bb9b7b5a037bc4198659ec035e7,e3120af82e808edaeaa5cb82a147c5da4619ad5ba8603ec065826e5cdfed6494,56584d1830322a25d0b135c4aa1ed646d13eb15443b554fbe67d84e67a7a2086,0.8276518513489043,6.997507199994288
facebook_combined,spread_cv,plus_orbit_lt15,1,1,5,rf,4039,45,dcece2a6c43eb3af150d7357885003ee166f4bb9b7b5a037bc4198659ec035e7,e3120af82e808edaeaa5cb82a147c5da4619ad5ba8603ec065826e5cdfed6494,de4613583ba795417f7c45791f928dad825d86b6bce5ef243c96ecea508a58fa,0.8280204483795749,6.5966109999862965
facebook_combined,spread_cv,plus_orbit_lt15,2,1,5,rf,4039,45,dcece2a6c43eb3af150d7357885003ee166f4bb9b7b5a037bc4198659ec035e7,e3120af82e808edaeaa5cb82a147c5da4619ad5ba8603ec065826e5cdfed6494,43f85234d4439da73cb0580f917d94f47811002d442e37a3be18d3e24872987b,0.8250331803134104,6.341861699998844
facebook_combined,spread_cv,plus_orbit_lt15,3,1,5,rf,4039,45,dcece2a6c43eb3af150d7357885003ee166f4bb9b7b5a037bc4198659ec035e7,e3120af82e808edaeaa5cb82a147c5da4619ad5ba8603ec065826e5cdfed6494,d302c3f35165221715736e16bf669608e007391016ed66f3c533c1e11c201391,0.8257138715965852,6.731753900006879
facebook_combined,spread_cv,plus_orbit_lt15,4,1,5,rf,4039,45,dcece2a6c43eb3af150d7357885003ee166f4bb9b7b5a037bc4198659ec035e7,e3120af82e808edaeaa5cb82a147c5da4619ad5ba8603ec065826e5cdfed6494,73888643a53e4eb95c37261e3699984ece56fff868fde029139a6f1642c59e28,0.8273684687048523,6.199716599978274
facebook_combined,spread_cv,plus_orbit_lt15,5,1,5,rf,4039,45,dcece2a6c43eb3af150d7357885003ee166f4bb9b7b5a037bc4198659ec035e7,e3120af82e808edaeaa5cb82a147c5da4619ad5ba8603ec065826e5cdfed6494,054c8d406b297ba4b9bd94b8ac93aa43b632efa87848fc18b25fda26a2e323ab,0.8296118957004422,5.857889700011583
facebook_combined,spread_cv,plus_orbit_lt15,6,1,5,rf,4039,45,dcece2a6c43eb3af150d7357885003ee166f4bb9b7b5a037bc4198659ec035e7,e3120af82e808edaeaa5cb82a147c5da4619ad5ba8603ec065826e5cdfed6494,a09ff484fbefde2a6c3b4da397dd93bed9c878c90a69a23c65d4af859c225729,0.8277721038265239,6.736642900010338
facebook_combined,spread_cv,plus_orbit_lt15,7,1,5,rf,4039,45,dcece2a6c43eb3af150d7357885003ee166f4bb9b7b5a037bc4198659ec035e7,e3120af82e808edaeaa5cb82a147c5da4619ad5ba8603ec065826e5cdfed6494,562754d98f39d629405a34ddece7adc3a573d560e518b22b95ea768a0b57b66c,0.8275901225817474,6.495025200012606
facebook_combined,spread_cv,plus_orbit_lt15,8,1,5,rf,4039,45,dcece2a6c43eb3af150d7357885003ee166f4bb9b7b5a037bc4198659ec035e7,e3120af82e808edaeaa5cb82a147c5da4619ad5ba8603ec065826e5cdfed6494,6346c545447b56748e4108ea1e263d0d2928809d56fe145f85508fa6895b919f,0.8272340507108028,6.402635199978249
facebook_combined,spread_cv,plus_orbit_lt15,9,1,5,rf,4039,45,dcece2a6c43eb3af150d7357885003ee166f4bb9b7b5a037bc4198659ec035e7,e3120af82e808edaeaa5cb82a147c5da4619ad5ba8603ec065826e5cdfed6494,69752e02cd6ccec8556768fa95efb94d53e632f645d7095452779e63fd3a2b0b,0.8289573747884339,6.54683509998722
facebook_combined,spread_cv,full_r1_structural,0,1,5,rf,4039,62,f87215536a24ad63e7fbc66c95f0e1f5a61902697811d754ea3f9a7c119ef71f,e3120af82e808edaeaa5cb82a147c5da4619ad5ba8603ec065826e5cdfed6494,56584d1830322a25d0b135c4aa1ed646d13eb15443b554fbe67d84e67a7a2086,0.8326627789399886,9.064008799992735
facebook_combined,spread_cv,full_r1_structural,1,1,5,rf,4039,62,f87215536a24ad63e7fbc66c95f0e1f5a61902697811d754ea3f9a7c119ef71f,e3120af82e808edaeaa5cb82a147c5da4619ad5ba8603ec065826e5cdfed6494,de4613583ba795417f7c45791f928dad825d86b6bce5ef243c96ecea508a58fa,0.8349147855422189,9.116073800018057
facebook_combined,spread_cv,full_r1_structural,2,1,5,rf,4039,62,f87215536a24ad63e7fbc66c95f0e1f5a61902697811d754ea3f9a7c119ef71f,e3120af82e808edaeaa5cb82a147c5da4619ad5ba8603ec065826e5cdfed6494,43f85234d4439da73cb0580f917d94f47811002d442e37a3be18d3e24872987b,0.8310634739190008,9.017424999998184
facebook_combined,spread_cv,full_r1_structural,3,1,5,rf,4039,62,f87215536a24ad63e7fbc66c95f0e1f5a61902697811d754ea3f9a7c119ef71f,e3120af82e808edaeaa5cb82a147c5da4619ad5ba8603ec065826e5cdfed6494,d302c3f35165221715736e16bf669608e007391016ed66f3c533c1e11c201391,0.8332755547315356,9.052866699988954
facebook_combined,spread_cv,full_r1_structural,4,1,5,rf,4039,62,f87215536a24ad63e7fbc66c95f0e1f5a61902697811d754ea3f9a7c119ef71f,e3120af82e808edaeaa5cb82a147c5da4619ad5ba8603ec065826e5cdfed6494,73888643a53e4eb95c37261e3699984ece56fff868fde029139a6f1642c59e28,0.8324520709737988,9.075506799999857
facebook_combined,spread_cv,full_r1_structural,5,1,5,rf,4039,62,f87215536a24ad63e7fbc66c95f0e1f5a61902697811d754ea3f9a7c119ef71f,e3120af82e808edaeaa5cb82a147c5da4619ad5ba8603ec065826e5cdfed6494,054c8d406b297ba4b9bd94b8ac93aa43b632efa87848fc18b25fda26a2e323ab,0.8355560319170803,8.838742799998727
facebook_combined,spread_cv,full_r1_structural,6,1,5,rf,4039,62,f87215536a24ad63e7fbc66c95f0e1f5a61902697811d754ea3f9a7c119ef71f,e3120af82e808edaeaa5cb82a147c5da4619ad5ba8603ec065826e5cdfed6494,a09ff484fbefde2a6c3b4da397dd93bed9c878c90a69a23c65d4af859c225729,0.8342869567095788,7.3803919999918435
facebook_combined,spread_cv,full_r1_structural,7,1,5,rf,4039,62,f87215536a24ad63e7fbc66c95f0e1f5a61902697811d754ea3f9a7c119ef71f,e3120af82e808edaeaa5cb82a147c5da4619ad5ba8603ec065826e5cdfed6494,562754d98f39d629405a34ddece7adc3a573d560e518b22b95ea768a0b57b66c,0.8344467932828525,6.927740899991477
facebook_combined,spread_cv,full_r1_structural,8,1,5,rf,4039,62,f87215536a24ad63e7fbc66c95f0e1f5a61902697811d754ea3f9a7c119ef71f,e3120af82e808edaeaa5cb82a147c5da4619ad5ba8603ec065826e5cdfed6494,6346c545447b56748e4108ea1e263d0d2928809d56fe145f85508fa6895b919f,0.8326784238854724,6.48762379999971
facebook_combined,spread_cv,full_r1_structural,9,1,5,rf,4039,62,f87215536a24ad63e7fbc66c95f0e1f5a61902697811d754ea3f9a7c119ef71f,e3120af82e808edaeaa5cb82a147c5da4619ad5ba8603ec065826e5cdfed6494,69752e02cd6ccec8556768fa95efb94d53e632f645d7095452779e63fd3a2b0b,0.8343020295421026,7.495241199998418
facebook_combined,spread_resid,node_edge,0,1,5,rf,4039,38,a45d535846cb3e119d5d14d2a62b3d52917062b6c0b0579a9fbc2103bddf4265,4391820ee501dfe2e86a1b71ae0a495fabe4faa0ce91dd15e874c67cc717845f,56584d1830322a25d0b135c4aa1ed646d13eb15443b554fbe67d84e67a7a2086,0.7172411881795357,3.94077919999836
facebook_combined,spread_resid,node_edge,1,1,5,rf,4039,38,a45d535846cb3e119d5d14d2a62b3d52917062b6c0b0579a9fbc2103bddf4265,4391820ee501dfe2e86a1b71ae0a495fabe4faa0ce91dd15e874c67cc717845f,de4613583ba795417f7c45791f928dad825d86b6bce5ef243c96ecea508a58fa,0.7207639792401462,4.16992049998953
facebook_combined,spread_resid,node_edge,2,1,5,rf,4039,38,a45d535846cb3e119d5d14d2a62b3d52917062b6c0b0579a9fbc2103bddf4265,4391820ee501dfe2e86a1b71ae0a495fabe4faa0ce91dd15e874c67cc717845f,43f85234d4439da73cb0580f917d94f47811002d442e37a3be18d3e24872987b,0.7181593111453338,4.065554100001464
facebook_combined,spread_resid,node_edge,3,1,5,rf,4039,38,a45d535846cb3e119d5d14d2a62b3d52917062b6c0b0579a9fbc2103bddf4265,4391820ee501dfe2e86a1b71ae0a495fabe4faa0ce91dd15e874c67cc717845f,d302c3f35165221715736e16bf669608e007391016ed66f3c533c1e11c201391,0.7194410481089001,3.9804809000052046
facebook_combined,spread_resid,node_edge,4,1,5,rf,4039,38,a45d535846cb3e119d5d14d2a62b3d52917062b6c0b0579a9fbc2103bddf4265,4391820ee501dfe2e86a1b71ae0a495fabe4faa0ce91dd15e874c67cc717845f,73888643a53e4eb95c37261e3699984ece56fff868fde029139a6f1642c59e28,0.7197268050060505,3.641254999994999
facebook_combined,spread_resid,node_edge,5,1,5,rf,4039,38,a45d535846cb3e119d5d14d2a62b3d52917062b6c0b0579a9fbc2103bddf4265,4391820ee501dfe2e86a1b71ae0a495fabe4faa0ce91dd15e874c67cc717845f,054c8d406b297ba4b9bd94b8ac93aa43b632efa87848fc18b25fda26a2e323ab,0.7216304718528705,3.4646546999865677
facebook_combined,spread_resid,node_edge,6,1,5,rf,4039,38,a45d535846cb3e119d5d14d2a62b3d52917062b6c0b0579a9fbc2103bddf4265,4391820ee501dfe2e86a1b71ae0a495fabe4faa0ce91dd15e874c67cc717845f,a09ff484fbefde2a6c3b4da397dd93bed9c878c90a69a23c65d4af859c225729,0.714873663312145,3.6875436000118498
facebook_combined,spread_resid,node_edge,7,1,5,rf,4039,38,a45d535846cb3e119d5d14d2a62b3d52917062b6c0b0579a9fbc2103bddf4265,4391820ee501dfe2e86a1b71ae0a495fabe4faa0ce91dd15e874c67cc717845f,562754d98f39d629405a34ddece7adc3a573d560e518b22b95ea768a0b57b66c,0.7133042459322863,3.477126199984923
facebook_combined,spread_resid,node_edge,8,1,5,rf,4039,38,a45d535846cb3e119d5d14d2a62b3d52917062b6c0b0579a9fbc2103bddf4265,4391820ee501dfe2e86a1b71ae0a495fabe4faa0ce91dd15e874c67cc717845f,6346c545447b56748e4108ea1e263d0d2928809d56fe145f85508fa6895b919f,0.7123080712352579,3.418852299975697
facebook_combined,spread_resid,node_edge,9,1,5,rf,4039,38,a45d535846cb3e119d5d14d2a62b3d52917062b6c0b0579a9fbc2103bddf4265,4391820ee501dfe2e86a1b71ae0a495fabe4faa0ce91dd15e874c67cc717845f,69752e02cd6ccec8556768fa95efb94d53e632f645d7095452779e63fd3a2b0b,0.7212347010847824,3.453503400000045
facebook_combined,spread_resid,plus_nonorbit_subgraph,0,1,5,rf,4039,40,c61383d6b27ef0ad89c89dab2673f8c8726eee83fc5458704272a64ff6df9087,4391820ee501dfe2e86a1b71ae0a495fabe4faa0ce91dd15e874c67cc717845f,56584d1830322a25d0b135c4aa1ed646d13eb15443b554fbe67d84e67a7a2086,0.7169844014339984,3.6891305999888573
facebook_combined,spread_resid,plus_nonorbit_subgraph,1,1,5,rf,4039,40,c61383d6b27ef0ad89c89dab2673f8c8726eee83fc5458704272a64ff6df9087,4391820ee501dfe2e86a1b71ae0a495fabe4faa0ce91dd15e874c67cc717845f,de4613583ba795417f7c45791f928dad825d86b6bce5ef243c96ecea508a58fa,0.7205640925378909,3.5485655999800656
facebook_combined,spread_resid,plus_nonorbit_subgraph,2,1,5,rf,4039,40,c61383d6b27ef0ad89c89dab2673f8c8726eee83fc5458704272a64ff6df9087,4391820ee501dfe2e86a1b71ae0a495fabe4faa0ce91dd15e874c67cc717845f,43f85234d4439da73cb0580f917d94f47811002d442e37a3be18d3e24872987b,0.7185590844763086,3.5927856999915093
facebook_combined,spread_resid,plus_nonorbit_subgraph,3,1,5,rf,4039,40,c61383d6b27ef0ad89c89dab2673f8c8726eee83fc5458704272a64ff6df9087,4391820ee501dfe2e86a1b71ae0a495fabe4faa0ce91dd15e874c67cc717845f,d302c3f35165221715736e16bf669608e007391016ed66f3c533c1e11c201391,0.7195922066276451,3.6213100000168197
facebook_combined,spread_resid,plus_nonorbit_subgraph,4,1,5,rf,4039,40,c61383d6b27ef0ad89c89dab2673f8c8726eee83fc5458704272a64ff6df9087,4391820ee501dfe2e86a1b71ae0a495fabe4faa0ce91dd15e874c67cc717845f,73888643a53e4eb95c37261e3699984ece56fff868fde029139a6f1642c59e28,0.7193831958963619,3.563144400017336
facebook_combined,spread_resid,plus_nonorbit_subgraph,5,1,5,rf,4039,40,c61383d6b27ef0ad89c89dab2673f8c8726eee83fc5458704272a64ff6df9087,4391820ee501dfe2e86a1b71ae0a495fabe4faa0ce91dd15e874c67cc717845f,054c8d406b297ba4b9bd94b8ac93aa43b632efa87848fc18b25fda26a2e323ab,0.7218725431888656,3.597466900013387
facebook_combined,spread_resid,plus_nonorbit_subgraph,6,1,5,rf,4039,40,c61383d6b27ef0ad89c89dab2673f8c8726eee83fc5458704272a64ff6df9087,4391820ee501dfe2e86a1b71ae0a495fabe4faa0ce91dd15e874c67cc717845f,a09ff484fbefde2a6c3b4da397dd93bed9c878c90a69a23c65d4af859c225729,0.7152717199471678,3.665597799990792
facebook_combined,spread_resid,plus_nonorbit_subgraph,7,1,5,rf,4039,40,c61383d6b27ef0ad89c89dab2673f8c8726eee83fc5458704272a64ff6df9087,4391820ee501dfe2e86a1b71ae0a495fabe4faa0ce91dd15e874c67cc717845f,562754d98f39d629405a34ddece7adc3a573d560e518b22b95ea768a0b57b66c,0.713396218352578,3.601374699996086
facebook_combined,spread_resid,plus_nonorbit_subgraph,8,1,5,rf,4039,40,c61383d6b27ef0ad89c89dab2673f8c8726eee83fc5458704272a64ff6df9087,4391820ee501dfe2e86a1b71ae0a495fabe4faa0ce91dd15e874c67cc717845f,6346c545447b56748e4108ea1e263d0d2928809d56fe145f85508fa6895b919f,0.7128079105594798,3.8209171000053175
facebook_combined,spread_resid,plus_nonorbit_subgraph,9,1,5,rf,4039,40,c61383d6b27ef0ad89c89dab2673f8c8726eee83fc5458704272a64ff6df9087,4391820ee501dfe2e86a1b71ae0a495fabe4faa0ce91dd15e874c67cc717845f,69752e02cd6ccec8556768fa95efb94d53e632f645d7095452779e63fd3a2b0b,0.7205967806123226,3.5955541000002995
facebook_combined,spread_resid,plus_orbit_lt15,0,1,5,rf,4039,45,dcece2a6c43eb3af150d7357885003ee166f4bb9b7b5a037bc4198659ec035e7,4391820ee501dfe2e86a1b71ae0a495fabe4faa0ce91dd15e874c67cc717845f,56584d1830322a25d0b135c4aa1ed646d13eb15443b554fbe67d84e67a7a2086,0.7168764872333907,4.094156400009524
facebook_combined,spread_resid,plus_orbit_lt15,1,1,5,rf,4039,45,dcece2a6c43eb3af150d7357885003ee166f4bb9b7b5a037bc4198659ec035e7,4391820ee501dfe2e86a1b71ae0a495fabe4faa0ce91dd15e874c67cc717845f,de4613583ba795417f7c45791f928dad825d86b6bce5ef243c96ecea508a58fa,0.7191693002977356,4.247468100016704
facebook_combined,spread_resid,plus_orbit_lt15,2,1,5,rf,4039,45,dcece2a6c43eb3af150d7357885003ee166f4bb9b7b5a037bc4198659ec035e7,4391820ee501dfe2e86a1b71ae0a495fabe4faa0ce91dd15e874c67cc717845f,43f85234d4439da73cb0580f917d94f47811002d442e37a3be18d3e24872987b,0.7185529529835022,4.288463100005174
facebook_combined,spread_resid,plus_orbit_lt15,3,1,5,rf,4039,45,dcece2a6c43eb3af150d7357885003ee166f4bb9b7b5a037bc4198659ec035e7,4391820ee501dfe2e86a1b71ae0a495fabe4faa0ce91dd15e874c67cc717845f,d302c3f35165221715736e16bf669608e007391016ed66f3c533c1e11c201391,0.7186787807829985,4.0743836000037845
facebook_combined,spread_resid,plus_orbit_lt15,4,1,5,rf,4039,45,dcece2a6c43eb3af150d7357885003ee166f4bb9b7b5a037bc4198659ec035e7,4391820ee501dfe2e86a1b71ae0a495fabe4faa0ce91dd15e874c67cc717845f,73888643a53e4eb95c37261e3699984ece56fff868fde029139a6f1642c59e28,0.718453248961261,4.044775500020478
facebook_combined,spread_resid,plus_orbit_lt15,5,1,5,rf,4039,45,dcece2a6c43eb3af150d7357885003ee166f4bb9b7b5a037bc4198659ec035e7,4391820ee501dfe2e86a1b71ae0a495fabe4faa0ce91dd15e874c67cc717845f,054c8d406b297ba4b9bd94b8ac93aa43b632efa87848fc18b25fda26a2e323ab,0.7215762694564624,4.088144400011515
facebook_combined,spread_resid,plus_orbit_lt15,6,1,5,rf,4039,45,dcece2a6c43eb3af150d7357885003ee166f4bb9b7b5a037bc4198659ec035e7,4391820ee501dfe2e86a1b71ae0a495fabe4faa0ce91dd15e874c67cc717845f,a09ff484fbefde2a6c3b4da397dd93bed9c878c90a69a23c65d4af859c225729,0.7147431851052244,4.095400899997912
facebook_combined,spread_resid,plus_orbit_lt15,7,1,5,rf,4039,45,dcece2a6c43eb3af150d7357885003ee166f4bb9b7b5a037bc4198659ec035e7,4391820ee501dfe2e86a1b71ae0a495fabe4faa0ce91dd15e874c67cc717845f,562754d98f39d629405a34ddece7adc3a573d560e518b22b95ea768a0b57b66c,0.7129535244362403,4.1492173000006005
facebook_combined,spread_resid,plus_orbit_lt15,8,1,5,rf,4039,45,dcece2a6c43eb3af150d7357885003ee166f4bb9b7b5a037bc4198659ec035e7,4391820ee501dfe2e86a1b71ae0a495fabe4faa0ce91dd15e874c67cc717845f,6346c545447b56748e4108ea1e263d0d2928809d56fe145f85508fa6895b919f,0.7127019583572896,3.896632399992086
facebook_combined,spread_resid,plus_orbit_lt15,9,1,5,rf,4039,45,dcece2a6c43eb3af150d7357885003ee166f4bb9b7b5a037bc4198659ec035e7,4391820ee501dfe2e86a1b71ae0a495fabe4faa0ce91dd15e874c67cc717845f,69752e02cd6ccec8556768fa95efb94d53e632f645d7095452779e63fd3a2b0b,0.720717203123656,5.023787700018147
facebook_combined,spread_resid,full_r1_structural,0,1,5,rf,4039,62,f87215536a24ad63e7fbc66c95f0e1f5a61902697811d754ea3f9a7c119ef71f,4391820ee501dfe2e86a1b71ae0a495fabe4faa0ce91dd15e874c67cc717845f,56584d1830322a25d0b135c4aa1ed646d13eb15443b554fbe67d84e67a7a2086,0.7260335757872857,8.029275399981998
facebook_combined,spread_resid,full_r1_structural,1,1,5,rf,4039,62,f87215536a24ad63e7fbc66c95f0e1f5a61902697811d754ea3f9a7c119ef71f,4391820ee501dfe2e86a1b71ae0a495fabe4faa0ce91dd15e874c67cc717845f,de4613583ba795417f7c45791f928dad825d86b6bce5ef243c96ecea508a58fa,0.734053289176463,8.099748100008583
facebook_combined,spread_resid,full_r1_structural,2,1,5,rf,4039,62,f87215536a24ad63e7fbc66c95f0e1f5a61902697811d754ea3f9a7c119ef71f,4391820ee501dfe2e86a1b71ae0a495fabe4faa0ce91dd15e874c67cc717845f,43f85234d4439da73cb0580f917d94f47811002d442e37a3be18d3e24872987b,0.7260511891308837,8.05790149999666
facebook_combined,spread_resid,full_r1_structural,3,1,5,rf,4039,62,f87215536a24ad63e7fbc66c95f0e1f5a61902697811d754ea3f9a7c119ef71f,4391820ee501dfe2e86a1b71ae0a495fabe4faa0ce91dd15e874c67cc717845f,d302c3f35165221715736e16bf669608e007391016ed66f3c533c1e11c201391,0.7313891105437618,6.923849900020286
facebook_combined,spread_resid,full_r1_structural,4,1,5,rf,4039,62,f87215536a24ad63e7fbc66c95f0e1f5a61902697811d754ea3f9a7c119ef71f,4391820ee501dfe2e86a1b71ae0a495fabe4faa0ce91dd15e874c67cc717845f,73888643a53e4eb95c37261e3699984ece56fff868fde029139a6f1642c59e28,0.730144452532614,7.556489199982025
facebook_combined,spread_resid,full_r1_structural,5,1,5,rf,4039,62,f87215536a24ad63e7fbc66c95f0e1f5a61902697811d754ea3f9a7c119ef71f,4391820ee501dfe2e86a1b71ae0a495fabe4faa0ce91dd15e874c67cc717845f,054c8d406b297ba4b9bd94b8ac93aa43b632efa87848fc18b25fda26a2e323ab,0.7325656990961786,7.338071300007869
facebook_combined,spread_resid,full_r1_structural,6,1,5,rf,4039,62,f87215536a24ad63e7fbc66c95f0e1f5a61902697811d754ea3f9a7c119ef71f,4391820ee501dfe2e86a1b71ae0a495fabe4faa0ce91dd15e874c67cc717845f,a09ff484fbefde2a6c3b4da397dd93bed9c878c90a69a23c65d4af859c225729,0.7269199991500979,7.9770340000104625
facebook_combined,spread_resid,full_r1_structural,7,1,5,rf,4039,62,f87215536a24ad63e7fbc66c95f0e1f5a61902697811d754ea3f9a7c119ef71f,4391820ee501dfe2e86a1b71ae0a495fabe4faa0ce91dd15e874c67cc717845f,562754d98f39d629405a34ddece7adc3a573d560e518b22b95ea768a0b57b66c,0.7299079208984224,7.925377400009893
facebook_combined,spread_resid,full_r1_structural,8,1,5,rf,4039,62,f87215536a24ad63e7fbc66c95f0e1f5a61902697811d754ea3f9a7c119ef71f,4391820ee501dfe2e86a1b71ae0a495fabe4faa0ce91dd15e874c67cc717845f,6346c545447b56748e4108ea1e263d0d2928809d56fe145f85508fa6895b919f,0.7261305751606156,7.807857100007823
facebook_combined,spread_resid,full_r1_structural,9,1,5,rf,4039,62,f87215536a24ad63e7fbc66c95f0e1f5a61902697811d754ea3f9a7c119ef71f,4391820ee501dfe2e86a1b71ae0a495fabe4faa0ce91dd15e874c67cc717845f,69752e02cd6ccec8556768fa95efb94d53e632f645d7095452779e63fd3a2b0b,0.7312493903012185,7.879119399993215
facebook_combined,betweenness,node_edge,0,1,5,rf_log1p,4039,38,a45d535846cb3e119d5d14d2a62b3d52917062b6c0b0579a9fbc2103bddf4265,832218d441f15ca8888b69a0e09fd4b6894e55ac07c36c531c7510d6a3167c4a,56584d1830322a25d0b135c4aa1ed646d13eb15443b554fbe67d84e67a7a2086,0.8063159011599613,4.918748299998697
facebook_combined,betweenness,node_edge,1,1,5,rf_log1p,4039,38,a45d535846cb3e119d5d14d2a62b3d52917062b6c0b0579a9fbc2103bddf4265,832218d441f15ca8888b69a0e09fd4b6894e55ac07c36c531c7510d6a3167c4a,de4613583ba795417f7c45791f928dad825d86b6bce5ef243c96ecea508a58fa,0.8045433828023449,5.007807699992554
facebook_combined,betweenness,node_edge,2,1,5,rf_log1p,4039,38,a45d535846cb3e119d5d14d2a62b3d52917062b6c0b0579a9fbc2103bddf4265,832218d441f15ca8888b69a0e09fd4b6894e55ac07c36c531c7510d6a3167c4a,43f85234d4439da73cb0580f917d94f47811002d442e37a3be18d3e24872987b,0.8046385796714518,4.979690100008156
facebook_combined,betweenness,node_edge,3,1,5,rf_log1p,4039,38,a45d535846cb3e119d5d14d2a62b3d52917062b6c0b0579a9fbc2103bddf4265,832218d441f15ca8888b69a0e09fd4b6894e55ac07c36c531c7510d6a3167c4a,d302c3f35165221715736e16bf669608e007391016ed66f3c533c1e11c201391,0.8057350281417482,4.971785600006115
facebook_combined,betweenness,node_edge,4,1,5,rf_log1p,4039,38,a45d535846cb3e119d5d14d2a62b3d52917062b6c0b0579a9fbc2103bddf4265,832218d441f15ca8888b69a0e09fd4b6894e55ac07c36c531c7510d6a3167c4a,73888643a53e4eb95c37261e3699984ece56fff868fde029139a6f1642c59e28,0.8067497866007752,4.943046300002607
facebook_combined,betweenness,node_edge,5,1,5,rf_log1p,4039,38,a45d535846cb3e119d5d14d2a62b3d52917062b6c0b0579a9fbc2103bddf4265,832218d441f15ca8888b69a0e09fd4b6894e55ac07c36c531c7510d6a3167c4a,054c8d406b297ba4b9bd94b8ac93aa43b632efa87848fc18b25fda26a2e323ab,0.8070834085530765,4.93851320000249
facebook_combined,betweenness,node_edge,6,1,5,rf_log1p,4039,38,a45d535846cb3e119d5d14d2a62b3d52917062b6c0b0579a9fbc2103bddf4265,832218d441f15ca8888b69a0e09fd4b6894e55ac07c36c531c7510d6a3167c4a,a09ff484fbefde2a6c3b4da397dd93bed9c878c90a69a23c65d4af859c225729,0.8076414635627115,4.928627399989637
facebook_combined,betweenness,node_edge,7,1,5,rf_log1p,4039,38,a45d535846cb3e119d5d14d2a62b3d52917062b6c0b0579a9fbc2103bddf4265,832218d441f15ca8888b69a0e09fd4b6894e55ac07c36c531c7510d6a3167c4a,562754d98f39d629405a34ddece7adc3a573d560e518b22b95ea768a0b57b66c,0.8057026434969079,4.931879100011429
facebook_combined,betweenness,node_edge,8,1,5,rf_log1p,4039,38,a45d535846cb3e119d5d14d2a62b3d52917062b6c0b0579a9fbc2103bddf4265,832218d441f15ca8888b69a0e09fd4b6894e55ac07c36c531c7510d6a3167c4a,6346c545447b56748e4108ea1e263d0d2928809d56fe145f85508fa6895b919f,0.8071381743930385,4.902094999997644
facebook_combined,betweenness,node_edge,9,1,5,rf_log1p,4039,38,a45d535846cb3e119d5d14d2a62b3d52917062b6c0b0579a9fbc2103bddf4265,832218d441f15ca8888b69a0e09fd4b6894e55ac07c36c531c7510d6a3167c4a,69752e02cd6ccec8556768fa95efb94d53e632f645d7095452779e63fd3a2b0b,0.8087608102307585,4.980947800009744
facebook_combined,betweenness,plus_nonorbit_subgraph,0,1,5,rf_log1p,4039,40,c61383d6b27ef0ad89c89dab2673f8c8726eee83fc5458704272a64ff6df9087,832218d441f15ca8888b69a0e09fd4b6894e55ac07c36c531c7510d6a3167c4a,56584d1830322a25d0b135c4aa1ed646d13eb15443b554fbe67d84e67a7a2086,0.8098036043780527,5.416306400002213
facebook_combined,betweenness,plus_nonorbit_subgraph,1,1,5,rf_log1p,4039,40,c61383d6b27ef0ad89c89dab2673f8c8726eee83fc5458704272a64ff6df9087,832218d441f15ca8888b69a0e09fd4b6894e55ac07c36c531c7510d6a3167c4a,de4613583ba795417f7c45791f928dad825d86b6bce5ef243c96ecea508a58fa,0.8095908442085897,5.301647399988724
facebook_combined,betweenness,plus_nonorbit_subgraph,2,1,5,rf_log1p,4039,40,c61383d6b27ef0ad89c89dab2673f8c8726eee83fc5458704272a64ff6df9087,832218d441f15ca8888b69a0e09fd4b6894e55ac07c36c531c7510d6a3167c4a,43f85234d4439da73cb0580f917d94f47811002d442e37a3be18d3e24872987b,0.8077421243125935,5.4585871000017505
facebook_combined,betweenness,plus_nonorbit_subgraph,3,1,5,rf_log1p,4039,40,c61383d6b27ef0ad89c89dab2673f8c8726eee83fc5458704272a64ff6df9087,832218d441f15ca8888b69a0e09fd4b6894e55ac07c36c531c7510d6a3167c4a,d302c3f35165221715736e16bf669608e007391016ed66f3c533c1e11c201391,0.810269341263579,5.317229300009785
facebook_combined,betweenness,plus_nonorbit_subgraph,4,1,5,rf_log1p,4039,40,c61383d6b27ef0ad89c89dab2673f8c8726eee83fc5458704272a64ff6df9087,832218d441f15ca8888b69a0e09fd4b6894e55ac07c36c531c7510d6a3167c4a,73888643a53e4eb95c37261e3699984ece56fff868fde029139a6f1642c59e28,0.8102483581262641,5.4411375999916345
facebook_combined,betweenness,plus_nonorbit_subgraph,5,1,5,rf_log1p,4039,40,c61383d6b27ef0ad89c89dab2673f8c8726eee83fc5458704272a64ff6df9087,832218d441f15ca8888b69a0e09fd4b6894e55ac07c36c531c7510d6a3167c4a,054c8d406b297ba4b9bd94b8ac93aa43b632efa87848fc18b25fda26a2e323ab,0.8087576495932451,5.313760999997612
facebook_combined,betweenness,plus_nonorbit_subgraph,6,1,5,rf_log1p,4039,40,c61383d6b27ef0ad89c89dab2673f8c8726eee83fc5458704272a64ff6df9087,832218d441f15ca8888b69a0e09fd4b6894e55ac07c36c531c7510d6a3167c4a,a09ff484fbefde2a6c3b4da397dd93bed9c878c90a69a23c65d4af859c225729,0.8085571717602686,5.3053019999933895
facebook_combined,betweenness,plus_nonorbit_subgraph,7,1,5,rf_log1p,4039,40,c61383d6b27ef0ad89c89dab2673f8c8726eee83fc5458704272a64ff6df9087,832218d441f15ca8888b69a0e09fd4b6894e55ac07c36c531c7510d6a3167c4a,562754d98f39d629405a34ddece7adc3a573d560e518b22b95ea768a0b57b66c,0.8109397143398349,5.398149800021201
facebook_combined,betweenness,plus_nonorbit_subgraph,8,1,5,rf_log1p,4039,40,c61383d6b27ef0ad89c89dab2673f8c8726eee83fc5458704272a64ff6df9087,832218d441f15ca8888b69a0e09fd4b6894e55ac07c36c531c7510d6a3167c4a,6346c545447b56748e4108ea1e263d0d2928809d56fe145f85508fa6895b919f,0.8104225136303227,5.413315699988743
facebook_combined,betweenness,plus_nonorbit_subgraph,9,1,5,rf_log1p,4039,40,c61383d6b27ef0ad89c89dab2673f8c8726eee83fc5458704272a64ff6df9087,832218d441f15ca8888b69a0e09fd4b6894e55ac07c36c531c7510d6a3167c4a,69752e02cd6ccec8556768fa95efb94d53e632f645d7095452779e63fd3a2b0b,0.8129110937894177,5.534169899998233
facebook_combined,betweenness,plus_orbit_lt15,0,1,5,rf_log1p,4039,45,dcece2a6c43eb3af150d7357885003ee166f4bb9b7b5a037bc4198659ec035e7,832218d441f15ca8888b69a0e09fd4b6894e55ac07c36c531c7510d6a3167c4a,56584d1830322a25d0b135c4aa1ed646d13eb15443b554fbe67d84e67a7a2086,0.8096970771559475,6.112726899998961
facebook_combined,betweenness,plus_orbit_lt15,1,1,5,rf_log1p,4039,45,dcece2a6c43eb3af150d7357885003ee166f4bb9b7b5a037bc4198659ec035e7,832218d441f15ca8888b69a0e09fd4b6894e55ac07c36c531c7510d6a3167c4a,de4613583ba795417f7c45791f928dad825d86b6bce5ef243c96ecea508a58fa,0.8098704385034905,6.066791399993235
facebook_combined,betweenness,plus_orbit_lt15,2,1,5,rf_log1p,4039,45,dcece2a6c43eb3af150d7357885003ee166f4bb9b7b5a037bc4198659ec035e7,832218d441f15ca8888b69a0e09fd4b6894e55ac07c36c531c7510d6a3167c4a,43f85234d4439da73cb0580f917d94f47811002d442e37a3be18d3e24872987b,0.8073818966058393,5.972502699994948
facebook_combined,betweenness,plus_orbit_lt15,3,1,5,rf_log1p,4039,45,dcece2a6c43eb3af150d7357885003ee166f4bb9b7b5a037bc4198659ec035e7,832218d441f15ca8888b69a0e09fd4b6894e55ac07c36c531c7510d6a3167c4a,d302c3f35165221715736e16bf669608e007391016ed66f3c533c1e11c201391,0.80972188408639,5.83626379998168
facebook_combined,betweenness,plus_orbit_lt15,4,1,5,rf_log1p,4039,45,dcece2a6c43eb3af150d7357885003ee166f4bb9b7b5a037bc4198659ec035e7,832218d441f15ca8888b69a0e09fd4b6894e55ac07c36c531c7510d6a3167c4a,73888643a53e4eb95c37261e3699984ece56fff868fde029139a6f1642c59e28,0.8097798109832899,5.918145999981789
facebook_combined,betweenness,plus_orbit_lt15,5,1,5,rf_log1p,4039,45,dcece2a6c43eb3af150d7357885003ee166f4bb9b7b5a037bc4198659ec035e7,832218d441f15ca8888b69a0e09fd4b6894e55ac07c36c531c7510d6a3167c4a,054c8d406b297ba4b9bd94b8ac93aa43b632efa87848fc18b25fda26a2e323ab,0.8092578383735335,5.830291699996451
facebook_combined,betweenness,plus_orbit_lt15,6,1,5,rf_log1p,4039,45,dcece2a6c43eb3af150d7357885003ee166f4bb9b7b5a037bc4198659ec035e7,832218d441f15ca8888b69a0e09fd4b6894e55ac07c36c531c7510d6a3167c4a,a09ff484fbefde2a6c3b4da397dd93bed9c878c90a69a23c65d4af859c225729,0.8088857268398539,6.096659900009399
facebook_combined,betweenness,plus_orbit_lt15,7,1,5,rf_log1p,4039,45,dcece2a6c43eb3af150d7357885003ee166f4bb9b7b5a037bc4198659ec035e7,832218d441f15ca8888b69a0e09fd4b6894e55ac07c36c531c7510d6a3167c4a,562754d98f39d629405a34ddece7adc3a573d560e518b22b95ea768a0b57b66c,0.8114535985860931,6.0254554000275675
facebook_combined,betweenness,plus_orbit_lt15,8,1,5,rf_log1p,4039,45,dcece2a6c43eb3af150d7357885003ee166f4bb9b7b5a037bc4198659ec035e7,832218d441f15ca8888b69a0e09fd4b6894e55ac07c36c531c7510d6a3167c4a,6346c545447b56748e4108ea1e263d0d2928809d56fe145f85508fa6895b919f,0.8103047228547563,6.05784510000376
facebook_combined,betweenness,plus_orbit_lt15,9,1,5,rf_log1p,4039,45,dcece2a6c43eb3af150d7357885003ee166f4bb9b7b5a037bc4198659ec035e7,832218d441f15ca8888b69a0e09fd4b6894e55ac07c36c531c7510d6a3167c4a,69752e02cd6ccec8556768fa95efb94d53e632f645d7095452779e63fd3a2b0b,0.8128500048024431,5.9153873000177555
facebook_combined,betweenness,full_r1_structural,0,1,5,rf_log1p,4039,62,f87215536a24ad63e7fbc66c95f0e1f5a61902697811d754ea3f9a7c119ef71f,832218d441f15ca8888b69a0e09fd4b6894e55ac07c36c531c7510d6a3167c4a,56584d1830322a25d0b135c4aa1ed646d13eb15443b554fbe67d84e67a7a2086,0.8125318723983133,7.929562700010138
facebook_combined,betweenness,full_r1_structural,1,1,5,rf_log1p,4039,62,f87215536a24ad63e7fbc66c95f0e1f5a61902697811d754ea3f9a7c119ef71f,832218d441f15ca8888b69a0e09fd4b6894e55ac07c36c531c7510d6a3167c4a,de4613583ba795417f7c45791f928dad825d86b6bce5ef243c96ecea508a58fa,0.814189829046704,8.023075699980836
facebook_combined,betweenness,full_r1_structural,2,1,5,rf_log1p,4039,62,f87215536a24ad63e7fbc66c95f0e1f5a61902697811d754ea3f9a7c119ef71f,832218d441f15ca8888b69a0e09fd4b6894e55ac07c36c531c7510d6a3167c4a,43f85234d4439da73cb0580f917d94f47811002d442e37a3be18d3e24872987b,0.8106172006803533,7.905716400011443
facebook_combined,betweenness,full_r1_structural,3,1,5,rf_log1p,4039,62,f87215536a24ad63e7fbc66c95f0e1f5a61902697811d754ea3f9a7c119ef71f,832218d441f15ca8888b69a0e09fd4b6894e55ac07c36c531c7510d6a3167c4a,d302c3f35165221715736e16bf669608e007391016ed66f3c533c1e11c201391,0.8138705486719376,7.821893000014825
facebook_combined,betweenness,full_r1_structural,4,1,5,rf_log1p,4039,62,f87215536a24ad63e7fbc66c95f0e1f5a61902697811d754ea3f9a7c119ef71f,832218d441f15ca8888b69a0e09fd4b6894e55ac07c36c531c7510d6a3167c4a,73888643a53e4eb95c37261e3699984ece56fff868fde029139a6f1642c59e28,0.8134192332580091,8.22158219999983
facebook_combined,betweenness,full_r1_structural,5,1,5,rf_log1p,4039,62,f87215536a24ad63e7fbc66c95f0e1f5a61902697811d754ea3f9a7c119ef71f,832218d441f15ca8888b69a0e09fd4b6894e55ac07c36c531c7510d6a3167c4a,054c8d406b297ba4b9bd94b8ac93aa43b632efa87848fc18b25fda26a2e323ab,0.8132308906782485,7.9255838000099175
facebook_combined,betweenness,full_r1_structural,6,1,5,rf_log1p,4039,62,f87215536a24ad63e7fbc66c95f0e1f5a61902697811d754ea3f9a7c119ef71f,832218d441f15ca8888b69a0e09fd4b6894e55ac07c36c531c7510d6a3167c4a,a09ff484fbefde2a6c3b4da397dd93bed9c878c90a69a23c65d4af859c225729,0.812508613040096,8.039606599981198
facebook_combined,betweenness,full_r1_structural,7,1,5,rf_log1p,4039,62,f87215536a24ad63e7fbc66c95f0e1f5a61902697811d754ea3f9a7c119ef71f,832218d441f15ca8888b69a0e09fd4b6894e55ac07c36c531c7510d6a3167c4a,562754d98f39d629405a34ddece7adc3a573d560e518b22b95ea768a0b57b66c,0.8158516437005703,7.877508899982786
facebook_combined,betweenness,full_r1_structural,8,1,5,rf_log1p,4039,62,f87215536a24ad63e7fbc66c95f0e1f5a61902697811d754ea3f9a7c119ef71f,832218d441f15ca8888b69a0e09fd4b6894e55ac07c36c531c7510d6a3167c4a,6346c545447b56748e4108ea1e263d0d2928809d56fe145f85508fa6895b919f,0.8148976313989871,8.19737890001852
facebook_combined,betweenness,full_r1_structural,9,1,5,rf_log1p,4039,62,f87215536a24ad63e7fbc66c95f0e1f5a61902697811d754ea3f9a7c119ef71f,832218d441f15ca8888b69a0e09fd4b6894e55ac07c36c531c7510d6a3167c4a,69752e02cd6ccec8556768fa95efb94d53e632f645d7095452779e63fd3a2b0b,0.8158335101682203,7.977249899995513
p2p-Gnutella08,spread_mean,node_edge,0,1,5,rf,6299,38,a45d535846cb3e119d5d14d2a62b3d52917062b6c0b0579a9fbc2103bddf4265,93acb7398b9f9d248b7ce400de4cf96fb63c87f77ceb3e1f9a56b32874f5334a,5e92a306f4c23e1a581b082a920da8f477a2281f012b5f351701a48553de8fa2,0.7928809337316792,3.374611899984302
p2p-Gnutella08,spread_mean,node_edge,1,1,5,rf,6299,38,a45d535846cb3e119d5d14d2a62b3d52917062b6c0b0579a9fbc2103bddf4265,93acb7398b9f9d248b7ce400de4cf96fb63c87f77ceb3e1f9a56b32874f5334a,8edbf47c3fe4aeeb74c510f009aa304974ce668550085b13cdd376a9df71efd6,0.7936996231744838,3.358008199982578
p2p-Gnutella08,spread_mean,node_edge,2,1,5,rf,6299,38,a45d535846cb3e119d5d14d2a62b3d52917062b6c0b0579a9fbc2103bddf4265,93acb7398b9f9d248b7ce400de4cf96fb63c87f77ceb3e1f9a56b32874f5334a,7ccd485274cb266f12e2eea038880079860913673c4216e1f94ac8f94dd7f366,0.7909616619609149,3.4048865000077058
p2p-Gnutella08,spread_mean,node_edge,3,1,5,rf,6299,38,a45d535846cb3e119d5d14d2a62b3d52917062b6c0b0579a9fbc2103bddf4265,93acb7398b9f9d248b7ce400de4cf96fb63c87f77ceb3e1f9a56b32874f5334a,d8ee40b86b0b528a7bc33f638ffde85626d3040c7c8e2ac0284228b7970f010d,0.7926216120866306,3.35178990001441
p2p-Gnutella08,spread_mean,node_edge,4,1,5,rf,6299,38,a45d535846cb3e119d5d14d2a62b3d52917062b6c0b0579a9fbc2103bddf4265,93acb7398b9f9d248b7ce400de4cf96fb63c87f77ceb3e1f9a56b32874f5334a,e04eb94c5a11b97b20b4fc23e4cbcef0ba3ced21f3bdf94682828356065cdd2a,0.7935827032770163,3.385434299998451
p2p-Gnutella08,spread_mean,node_edge,5,1,5,rf,6299,38,a45d535846cb3e119d5d14d2a62b3d52917062b6c0b0579a9fbc2103bddf4265,93acb7398b9f9d248b7ce400de4cf96fb63c87f77ceb3e1f9a56b32874f5334a,f3e23019196a65a7f8d85c9b9422bb9aa8a8ace7f7468b80bf104b5d4f22289f,0.792441019125065,3.4485354000062216
p2p-Gnutella08,spread_mean,node_edge,6,1,5,rf,6299,38,a45d535846cb3e119d5d14d2a62b3d52917062b6c0b0579a9fbc2103bddf4265,93acb7398b9f9d248b7ce400de4cf96fb63c87f77ceb3e1f9a56b32874f5334a,2b1232330895620c69bf7fb5c9635478f7bbb40d8bc2bdf17f86567e0e45fb9e,0.7936125458193679,2.4379334000113886
p2p-Gnutella08,spread_mean,node_edge,7,1,5,rf,6299,38,a45d535846cb3e119d5d14d2a62b3d52917062b6c0b0579a9fbc2103bddf4265,93acb7398b9f9d248b7ce400de4cf96fb63c87f77ceb3e1f9a56b32874f5334a,fc22108d2401808f9c8bf29262d64804c754004321b64eeea1bcd32f7d4f2d4a,0.7939695979717788,2.3464284999936353
p2p-Gnutella08,spread_mean,node_edge,8,1,5,rf,6299,38,a45d535846cb3e119d5d14d2a62b3d52917062b6c0b0579a9fbc2103bddf4265,93acb7398b9f9d248b7ce400de4cf96fb63c87f77ceb3e1f9a56b32874f5334a,bdce87a3c059014086c217a4745e25c36f9be0caafa8f33268d235790bcb52d7,0.7921918015042276,2.3539193000178784
p2p-Gnutella08,spread_mean,node_edge,9,1,5,rf,6299,38,a45d535846cb3e119d5d14d2a62b3d52917062b6c0b0579a9fbc2103bddf4265,93acb7398b9f9d248b7ce400de4cf96fb63c87f77ceb3e1f9a56b32874f5334a,8be197355ac651237c4b824aca070f65a9b77d25c7542b7552c4bb155ed1a573,0.7921306937534606,2.517641200014623
p2p-Gnutella08,spread_mean,plus_nonorbit_subgraph,0,1,5,rf,6299,40,c61383d6b27ef0ad89c89dab2673f8c8726eee83fc5458704272a64ff6df9087,93acb7398b9f9d248b7ce400de4cf96fb63c87f77ceb3e1f9a56b32874f5334a,5e92a306f4c23e1a581b082a920da8f477a2281f012b5f351701a48553de8fa2,0.7928350097524118,2.6635680999897886
p2p-Gnutella08,spread_mean,plus_nonorbit_subgraph,1,1,5,rf,6299,40,c61383d6b27ef0ad89c89dab2673f8c8726eee83fc5458704272a64ff6df9087,93acb7398b9f9d248b7ce400de4cf96fb63c87f77ceb3e1f9a56b32874f5334a,8edbf47c3fe4aeeb74c510f009aa304974ce668550085b13cdd376a9df71efd6,0.7936388616740163,2.561319700005697
p2p-Gnutella08,spread_mean,plus_nonorbit_subgraph,2,1,5,rf,6299,40,c61383d6b27ef0ad89c89dab2673f8c8726eee83fc5458704272a64ff6df9087,93acb7398b9f9d248b7ce400de4cf96fb63c87f77ceb3e1f9a56b32874f5334a,7ccd485274cb266f12e2eea038880079860913673c4216e1f94ac8f94dd7f366,0.7908975698407867,2.3782994999783114
p2p-Gnutella08,spread_mean,plus_nonorbit_subgraph,3,1,5,rf,6299,40,c61383d6b27ef0ad89c89dab2673f8c8726eee83fc5458704272a64ff6df9087,93acb7398b9f9d248b7ce400de4cf96fb63c87f77ceb3e1f9a56b32874f5334a,d8ee40b86b0b528a7bc33f638ffde85626d3040c7c8e2ac0284228b7970f010d,0.792549646842831,2.3264139000093564
p2p-Gnutella08,spread_mean,plus_nonorbit_subgraph,4,1,5,rf,6299,40,c61383d6b27ef0ad89c89dab2673f8c8726eee83fc5458704272a64ff6df9087,93acb7398b9f9d248b7ce400de4cf96fb63c87f77ceb3e1f9a56b32874f5334a,e04eb94c5a11b97b20b4fc23e4cbcef0ba3ced21f3bdf94682828356065cdd2a,0.7935328426053057,2.35211320000235
p2p-Gnutella08,spread_mean,plus_nonorbit_subgraph,5,1,5,rf,6299,40,c61383d6b27ef0ad89c89dab2673f8c8726eee83fc5458704272a64ff6df9087,93acb7398b9f9d248b7ce400de4cf96fb63c87f77ceb3e1f9a56b32874f5334a,f3e23019196a65a7f8d85c9b9422bb9aa8a8ace7f7468b80bf104b5d4f22289f,0.7925476738236352,2.4730599999893457
p2p-Gnutella08,spread_mean,plus_nonorbit_subgraph,6,1,5,rf,6299,40,c61383d6b27ef0ad89c89dab2673f8c8726eee83fc5458704272a64ff6df9087,93acb7398b9f9d248b7ce400de4cf96fb63c87f77ceb3e1f9a56b32874f5334a,2b1232330895620c69bf7fb5c9635478f7bbb40d8bc2bdf17f86567e0e45fb9e,0.7936550382873164,2.8587102000019513
p2p-Gnutella08,spread_mean,plus_nonorbit_subgraph,7,1,5,rf,6299,40,c61383d6b27ef0ad89c89dab2673f8c8726eee83fc5458704272a64ff6df9087,93acb7398b9f9d248b7ce400de4cf96fb63c87f77ceb3e1f9a56b32874f5334a,fc22108d2401808f9c8bf29262d64804c754004321b64eeea1bcd32f7d4f2d4a,0.7939668727986655,2.846022100013215
p2p-Gnutella08,spread_mean,plus_nonorbit_subgraph,8,1,5,rf,6299,40,c61383d6b27ef0ad89c89dab2673f8c8726eee83fc5458704272a64ff6df9087,93acb7398b9f9d248b7ce400de4cf96fb63c87f77ceb3e1f9a56b32874f5334a,bdce87a3c059014086c217a4745e25c36f9be0caafa8f33268d235790bcb52d7,0.7922520578890495,2.4216543000075035
p2p-Gnutella08,spread_mean,plus_nonorbit_subgraph,9,1,5,rf,6299,40,c61383d6b27ef0ad89c89dab2673f8c8726eee83fc5458704272a64ff6df9087,93acb7398b9f9d248b7ce400de4cf96fb63c87f77ceb3e1f9a56b32874f5334a,8be197355ac651237c4b824aca070f65a9b77d25c7542b7552c4bb155ed1a573,0.7921092657674282,2.3946165000088513
p2p-Gnutella08,spread_mean,plus_orbit_lt15,0,1,5,rf,6299,45,dcece2a6c43eb3af150d7357885003ee166f4bb9b7b5a037bc4198659ec035e7,93acb7398b9f9d248b7ce400de4cf96fb63c87f77ceb3e1f9a56b32874f5334a,5e92a306f4c23e1a581b082a920da8f477a2281f012b5f351701a48553de8fa2,0.7927845438411292,2.54824770000414
p2p-Gnutella08,spread_mean,plus_orbit_lt15,1,1,5,rf,6299,45,dcece2a6c43eb3af150d7357885003ee166f4bb9b7b5a037bc4198659ec035e7,93acb7398b9f9d248b7ce400de4cf96fb63c87f77ceb3e1f9a56b32874f5334a,8edbf47c3fe4aeeb74c510f009aa304974ce668550085b13cdd376a9df71efd6,0.7936364392886156,2.520375000021886
p2p-Gnutella08,spread_mean,plus_orbit_lt15,2,1,5,rf,6299,45,dcece2a6c43eb3af150d7357885003ee166f4bb9b7b5a037bc4198659ec035e7,93acb7398b9f9d248b7ce400de4cf96fb63c87f77ceb3e1f9a56b32874f5334a,7ccd485274cb266f12e2eea038880079860913673c4216e1f94ac8f94dd7f366,0.7907836170791731,2.5124222000013106
p2p-Gnutella08,spread_mean,plus_orbit_lt15,3,1,5,rf,6299,45,dcece2a6c43eb3af150d7357885003ee166f4bb9b7b5a037bc4198659ec035e7,93acb7398b9f9d248b7ce400de4cf96fb63c87f77ceb3e1f9a56b32874f5334a,d8ee40b86b0b528a7bc33f638ffde85626d3040c7c8e2ac0284228b7970f010d,0.7925239089225381,2.512565999990329
p2p-Gnutella08,spread_mean,plus_orbit_lt15,4,1,5,rf,6299,45,dcece2a6c43eb3af150d7357885003ee166f4bb9b7b5a037bc4198659ec035e7,93acb7398b9f9d248b7ce400de4cf96fb63c87f77ceb3e1f9a56b32874f5334a,e04eb94c5a11b97b20b4fc23e4cbcef0ba3ced21f3bdf94682828356065cdd2a,0.7935343870165057,2.5543728999909945
p2p-Gnutella08,spread_mean,plus_orbit_lt15,5,1,5,rf,6299,45,dcece2a6c43eb3af150d7357885003ee166f4bb9b7b5a037bc4198659ec035e7,93acb7398b9f9d248b7ce400de4cf96fb63c87f77ceb3e1f9a56b32874f5334a,f3e23019196a65a7f8d85c9b9422bb9aa8a8ace7f7468b80bf104b5d4f22289f,0.7924168963719477,2.520004299993161
p2p-Gnutella08,spread_mean,plus_orbit_lt15,6,1,5,rf,6299,45,dcece2a6c43eb3af150d7357885003ee166f4bb9b7b5a037bc4198659ec035e7,93acb7398b9f9d248b7ce400de4cf96fb63c87f77ceb3e1f9a56b32874f5334a,2b1232330895620c69bf7fb5c9635478f7bbb40d8bc2bdf17f86567e0e45fb9e,0.7934934457904385,2.5390506999974605
p2p-Gnutella08,spread_mean,plus_orbit_lt15,7,1,5,rf,6299,45,dcece2a6c43eb3af150d7357885003ee166f4bb9b7b5a037bc4198659ec035e7,93acb7398b9f9d248b7ce400de4cf96fb63c87f77ceb3e1f9a56b32874f5334a,fc22108d2401808f9c8bf29262d64804c754004321b64eeea1bcd32f7d4f2d4a,0.7938369728802676,2.51881670000148
p2p-Gnutella08,spread_mean,plus_orbit_lt15,8,1,5,rf,6299,45,dcece2a6c43eb3af150d7357885003ee166f4bb9b7b5a037bc4198659ec035e7,93acb7398b9f9d248b7ce400de4cf96fb63c87f77ceb3e1f9a56b32874f5334a,bdce87a3c059014086c217a4745e25c36f9be0caafa8f33268d235790bcb52d7,0.7922505439095314,2.4969255999894813
p2p-Gnutella08,spread_mean,plus_orbit_lt15,9,1,5,rf,6299,45,dcece2a6c43eb3af150d7357885003ee166f4bb9b7b5a037bc4198659ec035e7,93acb7398b9f9d248b7ce400de4cf96fb63c87f77ceb3e1f9a56b32874f5334a,8be197355ac651237c4b824aca070f65a9b77d25c7542b7552c4bb155ed1a573,0.7920432564138238,2.499951500009047
p2p-Gnutella08,spread_mean,full_r1_structural,0,1,5,rf,6299,62,f87215536a24ad63e7fbc66c95f0e1f5a61902697811d754ea3f9a7c119ef71f,93acb7398b9f9d248b7ce400de4cf96fb63c87f77ceb3e1f9a56b32874f5334a,5e92a306f4c23e1a581b082a920da8f477a2281f012b5f351701a48553de8fa2,0.8020860570377696,2.7027276000007987
p2p-Gnutella08,spread_mean,full_r1_structural,1,1,5,rf,6299,62,f87215536a24ad63e7fbc66c95f0e1f5a61902697811d754ea3f9a7c119ef71f,93acb7398b9f9d248b7ce400de4cf96fb63c87f77ceb3e1f9a56b32874f5334a,8edbf47c3fe4aeeb74c510f009aa304974ce668550085b13cdd376a9df71efd6,0.8026125134633867,2.7420264999964274
p2p-Gnutella08,spread_mean,full_r1_structural,2,1,5,rf,6299,62,f87215536a24ad63e7fbc66c95f0e1f5a61902697811d754ea3f9a7c119ef71f,93acb7398b9f9d248b7ce400de4cf96fb63c87f77ceb3e1f9a56b32874f5334a,7ccd485274cb266f12e2eea038880079860913673c4216e1f94ac8f94dd7f366,0.800026542741697,2.6952686999866273
p2p-Gnutella08,spread_mean,full_r1_structural,3,1,5,rf,6299,62,f87215536a24ad63e7fbc66c95f0e1f5a61902697811d754ea3f9a7c119ef71f,93acb7398b9f9d248b7ce400de4cf96fb63c87f77ceb3e1f9a56b32874f5334a,d8ee40b86b0b528a7bc33f638ffde85626d3040c7c8e2ac0284228b7970f010d,0.8018096995573761,2.7535512000031304
p2p-Gnutella08,spread_mean,full_r1_structural,4,1,5,rf,6299,62,f87215536a24ad63e7fbc66c95f0e1f5a61902697811d754ea3f9a7c119ef71f,93acb7398b9f9d248b7ce400de4cf96fb63c87f77ceb3e1f9a56b32874f5334a,e04eb94c5a11b97b20b4fc23e4cbcef0ba3ced21f3bdf94682828356065cdd2a,0.8032367895342011,2.754648800007999
p2p-Gnutella08,spread_mean,full_r1_structural,5,1,5,rf,6299,62,f87215536a24ad63e7fbc66c95f0e1f5a61902697811d754ea3f9a7c119ef71f,93acb7398b9f9d248b7ce400de4cf96fb63c87f77ceb3e1f9a56b32874f5334a,f3e23019196a65a7f8d85c9b9422bb9aa8a8ace7f7468b80bf104b5d4f22289f,0.8012503823349313,2.8459334000071976
p2p-Gnutella08,spread_mean,full_r1_structural,6,1,5,rf,6299,62,f87215536a24ad63e7fbc66c95f0e1f5a61902697811d754ea3f9a7c119ef71f,93acb7398b9f9d248b7ce400de4cf96fb63c87f77ceb3e1f9a56b32874f5334a,2b1232330895620c69bf7fb5c9635478f7bbb40d8bc2bdf17f86567e0e45fb9e,0.8034741999809002,2.921556600020267
p2p-Gnutella08,spread_mean,full_r1_structural,7,1,5,rf,6299,62,f87215536a24ad63e7fbc66c95f0e1f5a61902697811d754ea3f9a7c119ef71f,93acb7398b9f9d248b7ce400de4cf96fb63c87f77ceb3e1f9a56b32874f5334a,fc22108d2401808f9c8bf29262d64804c754004321b64eeea1bcd32f7d4f2d4a,0.803023578158235,2.831250299990643
p2p-Gnutella08,spread_mean,full_r1_structural,8,1,5,rf,6299,62,f87215536a24ad63e7fbc66c95f0e1f5a61902697811d754ea3f9a7c119ef71f,93acb7398b9f9d248b7ce400de4cf96fb63c87f77ceb3e1f9a56b32874f5334a,bdce87a3c059014086c217a4745e25c36f9be0caafa8f33268d235790bcb52d7,0.8015042043873828,2.848450999998022
p2p-Gnutella08,spread_mean,full_r1_structural,9,1,5,rf,6299,62,f87215536a24ad63e7fbc66c95f0e1f5a61902697811d754ea3f9a7c119ef71f,93acb7398b9f9d248b7ce400de4cf96fb63c87f77ceb3e1f9a56b32874f5334a,8be197355ac651237c4b824aca070f65a9b77d25c7542b7552c4bb155ed1a573,0.8022253198041162,2.8385937999992166
p2p-Gnutella08,spread_cv,node_edge,0,1,5,rf,6299,38,a45d535846cb3e119d5d14d2a62b3d52917062b6c0b0579a9fbc2103bddf4265,e03736945acf78a007b60911dd7cea6cd4d2248303eabe5154fb3a3b9d259a44,5e92a306f4c23e1a581b082a920da8f477a2281f012b5f351701a48553de8fa2,0.5840176476405656,2.352772099984577
p2p-Gnutella08,spread_cv,node_edge,1,1,5,rf,6299,38,a45d535846cb3e119d5d14d2a62b3d52917062b6c0b0579a9fbc2103bddf4265,e03736945acf78a007b60911dd7cea6cd4d2248303eabe5154fb3a3b9d259a44,8edbf47c3fe4aeeb74c510f009aa304974ce668550085b13cdd376a9df71efd6,0.5874004773841669,2.4047796999802813
p2p-Gnutella08,spread_cv,node_edge,2,1,5,rf,6299,38,a45d535846cb3e119d5d14d2a62b3d52917062b6c0b0579a9fbc2103bddf4265,e03736945acf78a007b60911dd7cea6cd4d2248303eabe5154fb3a3b9d259a44,7ccd485274cb266f12e2eea038880079860913673c4216e1f94ac8f94dd7f366,0.582756600146716,2.4249045999895316
p2p-Gnutella08,spread_cv,node_edge,3,1,5,rf,6299,38,a45d535846cb3e119d5d14d2a62b3d52917062b6c0b0579a9fbc2103bddf4265,e03736945acf78a007b60911dd7cea6cd4d2248303eabe5154fb3a3b9d259a44,d8ee40b86b0b528a7bc33f638ffde85626d3040c7c8e2ac0284228b7970f010d,0.5845756635323465,2.415380599995842
p2p-Gnutella08,spread_cv,node_edge,4,1,5,rf,6299,38,a45d535846cb3e119d5d14d2a62b3d52917062b6c0b0579a9fbc2103bddf4265,e03736945acf78a007b60911dd7cea6cd4d2248303eabe5154fb3a3b9d259a44,e04eb94c5a11b97b20b4fc23e4cbcef0ba3ced21f3bdf94682828356065cdd2a,0.587211215470147,2.6696871999884024
p2p-Gnutella08,spread_cv,node_edge,5,1,5,rf,6299,38,a45d535846cb3e119d5d14d2a62b3d52917062b6c0b0579a9fbc2103bddf4265,e03736945acf78a007b60911dd7cea6cd4d2248303eabe5154fb3a3b9d259a44,f3e23019196a65a7f8d85c9b9422bb9aa8a8ace7f7468b80bf104b5d4f22289f,0.5826904594716689,2.4385943000088446
p2p-Gnutella08,spread_cv,node_edge,6,1,5,rf,6299,38,a45d535846cb3e119d5d14d2a62b3d52917062b6c0b0579a9fbc2103bddf4265,e03736945acf78a007b60911dd7cea6cd4d2248303eabe5154fb3a3b9d259a44,2b1232330895620c69bf7fb5c9635478f7bbb40d8bc2bdf17f86567e0e45fb9e,0.5863722855012731,2.345409900008235
p2p-Gnutella08,spread_cv,node_edge,7,1,5,rf,6299,38,a45d535846cb3e119d5d14d2a62b3d52917062b6c0b0579a9fbc2103bddf4265,e03736945acf78a007b60911dd7cea6cd4d2248303eabe5154fb3a3b9d259a44,fc22108d2401808f9c8bf29262d64804c754004321b64eeea1bcd32f7d4f2d4a,0.5851041134824411,2.3500283999892417
p2p-Gnutella08,spread_cv,node_edge,8,1,5,rf,6299,38,a45d535846cb3e119d5d14d2a62b3d52917062b6c0b0579a9fbc2103bddf4265,e03736945acf78a007b60911dd7cea6cd4d2248303eabe5154fb3a3b9d259a44,bdce87a3c059014086c217a4745e25c36f9be0caafa8f33268d235790bcb52d7,0.58483314390068,2.3730322000046726
p2p-Gnutella08,spread_cv,node_edge,9,1,5,rf,6299,38,a45d535846cb3e119d5d14d2a62b3d52917062b6c0b0579a9fbc2103bddf4265,e03736945acf78a007b60911dd7cea6cd4d2248303eabe5154fb3a3b9d259a44,8be197355ac651237c4b824aca070f65a9b77d25c7542b7552c4bb155ed1a573,0.5835118985862103,2.4137688000046182
p2p-Gnutella08,spread_cv,plus_nonorbit_subgraph,0,1,5,rf,6299,40,c61383d6b27ef0ad89c89dab2673f8c8726eee83fc5458704272a64ff6df9087,e03736945acf78a007b60911dd7cea6cd4d2248303eabe5154fb3a3b9d259a44,5e92a306f4c23e1a581b082a920da8f477a2281f012b5f351701a48553de8fa2,0.5839756608745038,2.558831799979089
p2p-Gnutella08,spread_cv,plus_nonorbit_subgraph,1,1,5,rf,6299,40,c61383d6b27ef0ad89c89dab2673f8c8726eee83fc5458704272a64ff6df9087,e03736945acf78a007b60911dd7cea6cd4d2248303eabe5154fb3a3b9d259a44,8edbf47c3fe4aeeb74c510f009aa304974ce668550085b13cdd376a9df71efd6,0.5874564285810956,2.550973300007172
p2p-Gnutella08,spread_cv,plus_nonorbit_subgraph,2,1,5,rf,6299,40,c61383d6b27ef0ad89c89dab2673f8c8726eee83fc5458704272a64ff6df9087,e03736945acf78a007b60911dd7cea6cd4d2248303eabe5154fb3a3b9d259a44,7ccd485274cb266f12e2eea038880079860913673c4216e1f94ac8f94dd7f366,0.5828161490686588,2.4257717999862507
p2p-Gnutella08,spread_cv,plus_nonorbit_subgraph,3,1,5,rf,6299,40,c61383d6b27ef0ad89c89dab2673f8c8726eee83fc5458704272a64ff6df9087,e03736945acf78a007b60911dd7cea6cd4d2248303eabe5154fb3a3b9d259a44,d8ee40b86b0b528a7bc33f638ffde85626d3040c7c8e2ac0284228b7970f010d,0.5847424014192518,2.423611300007906
p2p-Gnutella08,spread_cv,plus_nonorbit_subgraph,4,1,5,rf,6299,40,c61383d6b27ef0ad89c89dab2673f8c8726eee83fc5458704272a64ff6df9087,e03736945acf78a007b60911dd7cea6cd4d2248303eabe5154fb3a3b9d259a44,e04eb94c5a11b97b20b4fc23e4cbcef0ba3ced21f3bdf94682828356065cdd2a,0.5871130101545985,2.401410299993586
p2p-Gnutella08,spread_cv,plus_nonorbit_subgraph,5,1,5,rf,6299,40,c61383d6b27ef0ad89c89dab2673f8c8726eee83fc5458704272a64ff6df9087,e03736945acf78a007b60911dd7cea6cd4d2248303eabe5154fb3a3b9d259a44,f3e23019196a65a7f8d85c9b9422bb9aa8a8ace7f7468b80bf104b5d4f22289f,0.582822778603281,2.4606845999951474
p2p-Gnutella08,spread_cv,plus_nonorbit_subgraph,6,1,5,rf,6299,40,c61383d6b27ef0ad89c89dab2673f8c8726eee83fc5458704272a64ff6df9087,e03736945acf78a007b60911dd7cea6cd4d2248303eabe5154fb3a3b9d259a44,2b1232330895620c69bf7fb5c9635478f7bbb40d8bc2bdf17f86567e0e45fb9e,0.5863753134052928,2.4273032000055537
p2p-Gnutella08,spread_cv,plus_nonorbit_subgraph,7,1,5,rf,6299,40,c61383d6b27ef0ad89c89dab2673f8c8726eee83fc5458704272a64ff6df9087,e03736945acf78a007b60911dd7cea6cd4d2248303eabe5154fb3a3b9d259a44,fc22108d2401808f9c8bf29262d64804c754004321b64eeea1bcd32f7d4f2d4a,0.5850007609155938,2.457702399988193
p2p-Gnutella08,spread_cv,plus_nonorbit_subgraph,8,1,5,rf,6299,40,c61383d6b27ef0ad89c89dab2673f8c8726eee83fc5458704272a64ff6df9087,e03736945acf78a007b60911dd7cea6cd4d2248303eabe5154fb3a3b9d259a44,bdce87a3c059014086c217a4745e25c36f9be0caafa8f33268d235790bcb52d7,0.5848082142224399,2.5408030999824405
p2p-Gnutella08,spread_cv,plus_nonorbit_subgraph,9,1,5,rf,6299,40,c61383d6b27ef0ad89c89dab2673f8c8726eee83fc5458704272a64ff6df9087,e03736945acf78a007b60911dd7cea6cd4d2248303eabe5154fb3a3b9d259a44,8be197355ac651237c4b824aca070f65a9b77d25c7542b7552c4bb155ed1a573,0.5835727591541787,2.4745995000121184
p2p-Gnutella08,spread_cv,plus_orbit_lt15,0,1,5,rf,6299,45,dcece2a6c43eb3af150d7357885003ee166f4bb9b7b5a037bc4198659ec035e7,e03736945acf78a007b60911dd7cea6cd4d2248303eabe5154fb3a3b9d259a44,5e92a306f4c23e1a581b082a920da8f477a2281f012b5f351701a48553de8fa2,0.5839368029299513,2.600310300011188
p2p-Gnutella08,spread_cv,plus_orbit_lt15,1,1,5,rf,6299,45,dcece2a6c43eb3af150d7357885003ee166f4bb9b7b5a037bc4198659ec035e7,e03736945acf78a007b60911dd7cea6cd4d2248303eabe5154fb3a3b9d259a44,8edbf47c3fe4aeeb74c510f009aa304974ce668550085b13cdd376a9df71efd6,0.5875046377954668,2.5373323999810964
p2p-Gnutella08,spread_cv,plus_orbit_lt15,2,1,5,rf,6299,45,dcece2a6c43eb3af150d7357885003ee166f4bb9b7b5a037bc4198659ec035e7,e03736945acf78a007b60911dd7cea6cd4d2248303eabe5154fb3a3b9d259a44,7ccd485274cb266f12e2eea038880079860913673c4216e1f94ac8f94dd7f366,0.5826317492713887,2.5526867999869864
p2p-Gnutella08,spread_cv,plus_orbit_lt15,3,1,5,rf,6299,45,dcece2a6c43eb3af150d7357885003ee166f4bb9b7b5a037bc4198659ec035e7,e03736945acf78a007b60911dd7cea6cd4d2248303eabe5154fb3a3b9d259a44,d8ee40b86b0b528a7bc33f638ffde85626d3040c7c8e2ac0284228b7970f010d,0.5845222710734042,2.5734742999775335
p2p-Gnutella08,spread_cv,plus_orbit_lt15,4,1,5,rf,6299,45,dcece2a6c43eb3af150d7357885003ee166f4bb9b7b5a037bc4198659ec035e7,e03736945acf78a007b60911dd7cea6cd4d2248303eabe5154fb3a3b9d259a44,e04eb94c5a11b97b20b4fc23e4cbcef0ba3ced21f3bdf94682828356065cdd2a,0.5871445360861887,2.5458938000083435
p2p-Gnutella08,spread_cv,plus_orbit_lt15,5,1,5,rf,6299,45,dcece2a6c43eb3af150d7357885003ee166f4bb9b7b5a037bc4198659ec035e7,e03736945acf78a007b60911dd7cea6cd4d2248303eabe5154fb3a3b9d259a44,f3e23019196a65a7f8d85c9b9422bb9aa8a8ace7f7468b80bf104b5d4f22289f,0.582797647051968,2.540280099987285
p2p-Gnutella08,spread_cv,plus_orbit_lt15,6,1,5,rf,6299,45,dcece2a6c43eb3af150d7357885003ee166f4bb9b7b5a037bc4198659ec035e7,e03736945acf78a007b60911dd7cea6cd4d2248303eabe5154fb3a3b9d259a44,2b1232330895620c69bf7fb5c9635478f7bbb40d8bc2bdf17f86567e0e45fb9e,0.5863546227278245,2.547355700022308
p2p-Gnutella08,spread_cv,plus_orbit_lt15,7,1,5,rf,6299,45,dcece2a6c43eb3af150d7357885003ee166f4bb9b7b5a037bc4198659ec035e7,e03736945acf78a007b60911dd7cea6cd4d2248303eabe5154fb3a3b9d259a44,fc22108d2401808f9c8bf29262d64804c754004321b64eeea1bcd32f7d4f2d4a,0.5851206660419752,2.570877299993299
p2p-Gnutella08,spread_cv,plus_orbit_lt15,8,1,5,rf,6299,45,dcece2a6c43eb3af150d7357885003ee166f4bb9b7b5a037bc4198659ec035e7,e03736945acf78a007b60911dd7cea6cd4d2248303eabe5154fb3a3b9d259a44,bdce87a3c059014086c217a4745e25c36f9be0caafa8f33268d235790bcb52d7,0.5847979193755553,2.582786099985242
p2p-Gnutella08,spread_cv,plus_orbit_lt15,9,1,5,rf,6299,45,dcece2a6c43eb3af150d7357885003ee166f4bb9b7b5a037bc4198659ec035e7,e03736945acf78a007b60911dd7cea6cd4d2248303eabe5154fb3a3b9d259a44,8be197355ac651237c4b824aca070f65a9b77d25c7542b7552c4bb155ed1a573,0.5835387458682659,2.600343400001293
p2p-Gnutella08,spread_cv,full_r1_structural,0,1,5,rf,6299,62,f87215536a24ad63e7fbc66c95f0e1f5a61902697811d754ea3f9a7c119ef71f,e03736945acf78a007b60911dd7cea6cd4d2248303eabe5154fb3a3b9d259a44,5e92a306f4c23e1a581b082a920da8f477a2281f012b5f351701a48553de8fa2,0.5915320306781958,2.758736499992665
p2p-Gnutella08,spread_cv,full_r1_structural,1,1,5,rf,6299,62,f87215536a24ad63e7fbc66c95f0e1f5a61902697811d754ea3f9a7c119ef71f,e03736945acf78a007b60911dd7cea6cd4d2248303eabe5154fb3a3b9d259a44,8edbf47c3fe4aeeb74c510f009aa304974ce668550085b13cdd376a9df71efd6,0.5944154462371541,2.754476000001887
p2p-Gnutella08,spread_cv,full_r1_structural,2,1,5,rf,6299,62,f87215536a24ad63e7fbc66c95f0e1f5a61902697811d754ea3f9a7c119ef71f,e03736945acf78a007b60911dd7cea6cd4d2248303eabe5154fb3a3b9d259a44,7ccd485274cb266f12e2eea038880079860913673c4216e1f94ac8f94dd7f366,0.5901070643935531,2.7639759999874514
p2p-Gnutella08,spread_cv,full_r1_structural,3,1,5,rf,6299,62,f87215536a24ad63e7fbc66c95f0e1f5a61902697811d754ea3f9a7c119ef71f,e03736945acf78a007b60911dd7cea6cd4d2248303eabe5154fb3a3b9d259a44,d8ee40b86b0b528a7bc33f638ffde85626d3040c7c8e2ac0284228b7970f010d,0.5923270126835742,2.796570200007409
p2p-Gnutella08,spread_cv,full_r1_structural,4,1,5,rf,6299,62,f87215536a24ad63e7fbc66c95f0e1f5a61902697811d754ea3f9a7c119ef71f,e03736945acf78a007b60911dd7cea6cd4d2248303eabe5154fb3a3b9d259a44,e04eb94c5a11b97b20b4fc23e4cbcef0ba3ced21f3bdf94682828356065cdd2a,0.5951033617259007,2.7316641000215895
p2p-Gnutella08,spread_cv,full_r1_structural,5,1,5,rf,6299,62,f87215536a24ad63e7fbc66c95f0e1f5a61902697811d754ea3f9a7c119ef71f,e03736945acf78a007b60911dd7cea6cd4d2248303eabe5154fb3a3b9d259a44,f3e23019196a65a7f8d85c9b9422bb9aa8a8ace7f7468b80bf104b5d4f22289f,0.5896659553547069,2.798556900001131
p2p-Gnutella08,spread_cv,full_r1_structural,6,1,5,rf,6299,62,f87215536a24ad63e7fbc66c95f0e1f5a61902697811d754ea3f9a7c119ef71f,e03736945acf78a007b60911dd7cea6cd4d2248303eabe5154fb3a3b9d259a44,2b1232330895620c69bf7fb5c9635478f7bbb40d8bc2bdf17f86567e0e45fb9e,0.5941276909317645,2.7473460999899544
p2p-Gnutella08,spread_cv,full_r1_structural,7,1,5,rf,6299,62,f87215536a24ad63e7fbc66c95f0e1f5a61902697811d754ea3f9a7c119ef71f,e03736945acf78a007b60911dd7cea6cd4d2248303eabe5154fb3a3b9d259a44,fc22108d2401808f9c8bf29262d64804c754004321b64eeea1bcd32f7d4f2d4a,0.5922729855265577,2.7323120000073686
p2p-Gnutella08,spread_cv,full_r1_structural,8,1,5,rf,6299,62,f87215536a24ad63e7fbc66c95f0e1f5a61902697811d754ea3f9a7c119ef71f,e03736945acf78a007b60911dd7cea6cd4d2248303eabe5154fb3a3b9d259a44,bdce87a3c059014086c217a4745e25c36f9be0caafa8f33268d235790bcb52d7,0.592500294848014,2.789112800004659
p2p-Gnutella08,spread_cv,full_r1_structural,9,1,5,rf,6299,62,f87215536a24ad63e7fbc66c95f0e1f5a61902697811d754ea3f9a7c119ef71f,e03736945acf78a007b60911dd7cea6cd4d2248303eabe5154fb3a3b9d259a44,8be197355ac651237c4b824aca070f65a9b77d25c7542b7552c4bb155ed1a573,0.5906431082707573,2.765812800003914
p2p-Gnutella08,spread_resid,node_edge,0,1,5,rf,6299,38,a45d535846cb3e119d5d14d2a62b3d52917062b6c0b0579a9fbc2103bddf4265,3ad453c855dc1fe9348341a857d809666b9e9c9f60d8d63c8c87697ed450d867,5e92a306f4c23e1a581b082a920da8f477a2281f012b5f351701a48553de8fa2,0.24954055288452454,3.1354194000014104
p2p-Gnutella08,spread_resid,node_edge,1,1,5,rf,6299,38,a45d535846cb3e119d5d14d2a62b3d52917062b6c0b0579a9fbc2103bddf4265,3ad453c855dc1fe9348341a857d809666b9e9c9f60d8d63c8c87697ed450d867,8edbf47c3fe4aeeb74c510f009aa304974ce668550085b13cdd376a9df71efd6,0.2532147383753158,3.0745255000074394
p2p-Gnutella08,spread_resid,node_edge,2,1,5,rf,6299,38,a45d535846cb3e119d5d14d2a62b3d52917062b6c0b0579a9fbc2103bddf4265,3ad453c855dc1fe9348341a857d809666b9e9c9f60d8d63c8c87697ed450d867,7ccd485274cb266f12e2eea038880079860913673c4216e1f94ac8f94dd7f366,0.2473902153507832,3.0494272999931127
p2p-Gnutella08,spread_resid,node_edge,3,1,5,rf,6299,38,a45d535846cb3e119d5d14d2a62b3d52917062b6c0b0579a9fbc2103bddf4265,3ad453c855dc1fe9348341a857d809666b9e9c9f60d8d63c8c87697ed450d867,d8ee40b86b0b528a7bc33f638ffde85626d3040c7c8e2ac0284228b7970f010d,0.25193945991360367,3.0192600000009406
p2p-Gnutella08,spread_resid,node_edge,4,1,5,rf,6299,38,a45d535846cb3e119d5d14d2a62b3d52917062b6c0b0579a9fbc2103bddf4265,3ad453c855dc1fe9348341a857d809666b9e9c9f60d8d63c8c87697ed450d867,e04eb94c5a11b97b20b4fc23e4cbcef0ba3ced21f3bdf94682828356065cdd2a,0.2540540006987724,3.0830394999939017
p2p-Gnutella08,spread_resid,node_edge,5,1,5,rf,6299,38,a45d535846cb3e119d5d14d2a62b3d52917062b6c0b0579a9fbc2103bddf4265,3ad453c855dc1fe9348341a857d809666b9e9c9f60d8d63c8c87697ed450d867,f3e23019196a65a7f8d85c9b9422bb9aa8a8ace7f7468b80bf104b5d4f22289f,0.24378636811345708,3.049441199982539
p2p-Gnutella08,spread_resid,node_edge,6,1,5,rf,6299,38,a45d535846cb3e119d5d14d2a62b3d52917062b6c0b0579a9fbc2103bddf4265,3ad453c855dc1fe9348341a857d809666b9e9c9f60d8d63c8c87697ed450d867,2b1232330895620c69bf7fb5c9635478f7bbb40d8bc2bdf17f86567e0e45fb9e,0.2516910597355436,3.0504029000003356
p2p-Gnutella08,spread_resid,node_edge,7,1,5,rf,6299,38,a45d535846cb3e119d5d14d2a62b3d52917062b6c0b0579a9fbc2103bddf4265,3ad453c855dc1fe9348341a857d809666b9e9c9f60d8d63c8c87697ed450d867,fc22108d2401808f9c8bf29262d64804c754004321b64eeea1bcd32f7d4f2d4a,0.2572475983719203,3.0292117999924812
p2p-Gnutella08,spread_resid,node_edge,8,1,5,rf,6299,38,a45d535846cb3e119d5d14d2a62b3d52917062b6c0b0579a9fbc2103bddf4265,3ad453c855dc1fe9348341a857d809666b9e9c9f60d8d63c8c87697ed450d867,bdce87a3c059014086c217a4745e25c36f9be0caafa8f33268d235790bcb52d7,0.24603106642105504,3.050751800008584
p2p-Gnutella08,spread_resid,node_edge,9,1,5,rf,6299,38,a45d535846cb3e119d5d14d2a62b3d52917062b6c0b0579a9fbc2103bddf4265,3ad453c855dc1fe9348341a857d809666b9e9c9f60d8d63c8c87697ed450d867,8be197355ac651237c4b824aca070f65a9b77d25c7542b7552c4bb155ed1a573,0.2476426894816647,3.0455739999888465
p2p-Gnutella08,spread_resid,plus_nonorbit_subgraph,0,1,5,rf,6299,40,c61383d6b27ef0ad89c89dab2673f8c8726eee83fc5458704272a64ff6df9087,3ad453c855dc1fe9348341a857d809666b9e9c9f60d8d63c8c87697ed450d867,5e92a306f4c23e1a581b082a920da8f477a2281f012b5f351701a48553de8fa2,0.24941105989897888,3.224883899994893
p2p-Gnutella08,spread_resid,plus_nonorbit_subgraph,1,1,5,rf,6299,40,c61383d6b27ef0ad89c89dab2673f8c8726eee83fc5458704272a64ff6df9087,3ad453c855dc1fe9348341a857d809666b9e9c9f60d8d63c8c87697ed450d867,8edbf47c3fe4aeeb74c510f009aa304974ce668550085b13cdd376a9df71efd6,0.2522986911592713,3.085028899979079
p2p-Gnutella08,spread_resid,plus_nonorbit_subgraph,2,1,5,rf,6299,40,c61383d6b27ef0ad89c89dab2673f8c8726eee83fc5458704272a64ff6df9087,3ad453c855dc1fe9348341a857d809666b9e9c9f60d8d63c8c87697ed450d867,7ccd485274cb266f12e2eea038880079860913673c4216e1f94ac8f94dd7f366,0.2472422512850402,3.1525646999944
p2p-Gnutella08,spread_resid,plus_nonorbit_subgraph,3,1,5,rf,6299,40,c61383d6b27ef0ad89c89dab2673f8c8726eee83fc5458704272a64ff6df9087,3ad453c855dc1fe9348341a857d809666b9e9c9f60d8d63c8c87697ed450d867,d8ee40b86b0b528a7bc33f638ffde85626d3040c7c8e2ac0284228b7970f010d,0.25154724198594125,3.137090400006855
p2p-Gnutella08,spread_resid,plus_nonorbit_subgraph,4,1,5,rf,6299,40,c61383d6b27ef0ad89c89dab2673f8c8726eee83fc5458704272a64ff6df9087,3ad453c855dc1fe9348341a857d809666b9e9c9f60d8d63c8c87697ed450d867,e04eb94c5a11b97b20b4fc23e4cbcef0ba3ced21f3bdf94682828356065cdd2a,0.2543613782000288,3.124842399993213
p2p-Gnutella08,spread_resid,plus_nonorbit_subgraph,5,1,5,rf,6299,40,c61383d6b27ef0ad89c89dab2673f8c8726eee83fc5458704272a64ff6df9087,3ad453c855dc1fe9348341a857d809666b9e9c9f60d8d63c8c87697ed450d867,f3e23019196a65a7f8d85c9b9422bb9aa8a8ace7f7468b80bf104b5d4f22289f,0.24378081696240708,3.1347152999951504
p2p-Gnutella08,spread_resid,plus_nonorbit_subgraph,6,1,5,rf,6299,40,c61383d6b27ef0ad89c89dab2673f8c8726eee83fc5458704272a64ff6df9087,3ad453c855dc1fe9348341a857d809666b9e9c9f60d8d63c8c87697ed450d867,2b1232330895620c69bf7fb5c9635478f7bbb40d8bc2bdf17f86567e0e45fb9e,0.25154446494005445,3.0923180999816395
p2p-Gnutella08,spread_resid,plus_nonorbit_subgraph,7,1,5,rf,6299,40,c61383d6b27ef0ad89c89dab2673f8c8726eee83fc5458704272a64ff6df9087,3ad453c855dc1fe9348341a857d809666b9e9c9f60d8d63c8c87697ed450d867,fc22108d2401808f9c8bf29262d64804c754004321b64eeea1bcd32f7d4f2d4a,0.25665479054564366,3.1764214000140782
p2p-Gnutella08,spread_resid,plus_nonorbit_subgraph,8,1,5,rf,6299,40,c61383d6b27ef0ad89c89dab2673f8c8726eee83fc5458704272a64ff6df9087,3ad453c855dc1fe9348341a857d809666b9e9c9f60d8d63c8c87697ed450d867,bdce87a3c059014086c217a4745e25c36f9be0caafa8f33268d235790bcb52d7,0.24607830164374267,3.1670646000129636
p2p-Gnutella08,spread_resid,plus_nonorbit_subgraph,9,1,5,rf,6299,40,c61383d6b27ef0ad89c89dab2673f8c8726eee83fc5458704272a64ff6df9087,3ad453c855dc1fe9348341a857d809666b9e9c9f60d8d63c8c87697ed450d867,8be197355ac651237c4b824aca070f65a9b77d25c7542b7552c4bb155ed1a573,0.24800054208883354,3.0944371999939904
p2p-Gnutella08,spread_resid,plus_orbit_lt15,0,1,5,rf,6299,45,dcece2a6c43eb3af150d7357885003ee166f4bb9b7b5a037bc4198659ec035e7,3ad453c855dc1fe9348341a857d809666b9e9c9f60d8d63c8c87697ed450d867,5e92a306f4c23e1a581b082a920da8f477a2281f012b5f351701a48553de8fa2,0.24934182202829738,3.310572400019737
p2p-Gnutella08,spread_resid,plus_orbit_lt15,1,1,5,rf,6299,45,dcece2a6c43eb3af150d7357885003ee166f4bb9b7b5a037bc4198659ec035e7,3ad453c855dc1fe9348341a857d809666b9e9c9f60d8d63c8c87697ed450d867,8edbf47c3fe4aeeb74c510f009aa304974ce668550085b13cdd376a9df71efd6,0.2519308996150595,3.3508795000088867
p2p-Gnutella08,spread_resid,plus_orbit_lt15,2,1,5,rf,6299,45,dcece2a6c43eb3af150d7357885003ee166f4bb9b7b5a037bc4198659ec035e7,3ad453c855dc1fe9348341a857d809666b9e9c9f60d8d63c8c87697ed450d867,7ccd485274cb266f12e2eea038880079860913673c4216e1f94ac8f94dd7f366,0.24724265500691128,3.4789944000076503
p2p-Gnutella08,spread_resid,plus_orbit_lt15,3,1,5,rf,6299,45,dcece2a6c43eb3af150d7357885003ee166f4bb9b7b5a037bc4198659ec035e7,3ad453c855dc1fe9348341a857d809666b9e9c9f60d8d63c8c87697ed450d867,d8ee40b86b0b528a7bc33f638ffde85626d3040c7c8e2ac0284228b7970f010d,0.25155259132978225,3.2766250999993645
p2p-Gnutella08,spread_resid,plus_orbit_lt15,4,1,5,rf,6299,45,dcece2a6c43eb3af150d7357885003ee166f4bb9b7b5a037bc4198659ec035e7,3ad453c855dc1fe9348341a857d809666b9e9c9f60d8d63c8c87697ed450d867,e04eb94c5a11b97b20b4fc23e4cbcef0ba3ced21f3bdf94682828356065cdd2a,0.25335313910575885,3.3322355000127573
p2p-Gnutella08,spread_resid,plus_orbit_lt15,5,1,5,rf,6299,45,dcece2a6c43eb3af150d7357885003ee166f4bb9b7b5a037bc4198659ec035e7,3ad453c855dc1fe9348341a857d809666b9e9c9f60d8d63c8c87697ed450d867,f3e23019196a65a7f8d85c9b9422bb9aa8a8ace7f7468b80bf104b5d4f22289f,0.242810475758862,3.3669960999977775
p2p-Gnutella08,spread_resid,plus_orbit_lt15,6,1,5,rf,6299,45,dcece2a6c43eb3af150d7357885003ee166f4bb9b7b5a037bc4198659ec035e7,3ad453c855dc1fe9348341a857d809666b9e9c9f60d8d63c8c87697ed450d867,2b1232330895620c69bf7fb5c9635478f7bbb40d8bc2bdf17f86567e0e45fb9e,0.25154329788902324,3.3227171000035014
p2p-Gnutella08,spread_resid,plus_orbit_lt15,7,1,5,rf,6299,45,dcece2a6c43eb3af150d7357885003ee166f4bb9b7b5a037bc4198659ec035e7,3ad453c855dc1fe9348341a857d809666b9e9c9f60d8d63c8c87697ed450d867,fc22108d2401808f9c8bf29262d64804c754004321b64eeea1bcd32f7d4f2d4a,0.25645226735062104,3.344139599998016
p2p-Gnutella08,spread_resid,plus_orbit_lt15,8,1,5,rf,6299,45,dcece2a6c43eb3af150d7357885003ee166f4bb9b7b5a037bc4198659ec035e7,3ad453c855dc1fe9348341a857d809666b9e9c9f60d8d63c8c87697ed450d867,bdce87a3c059014086c217a4745e25c36f9be0caafa8f33268d235790bcb52d7,0.24592074997148763,3.34642509999685
p2p-Gnutella08,spread_resid,plus_orbit_lt15,9,1,5,rf,6299,45,dcece2a6c43eb3af150d7357885003ee166f4bb9b7b5a037bc4198659ec035e7,3ad453c855dc1fe9348341a857d809666b9e9c9f60d8d63c8c87697ed450d867,8be197355ac651237c4b824aca070f65a9b77d25c7542b7552c4bb155ed1a573,0.24776598139985354,3.332694699987769
p2p-Gnutella08,spread_resid,full_r1_structural,0,1,5,rf,6299,62,f87215536a24ad63e7fbc66c95f0e1f5a61902697811d754ea3f9a7c119ef71f,3ad453c855dc1fe9348341a857d809666b9e9c9f60d8d63c8c87697ed450d867,5e92a306f4c23e1a581b082a920da8f477a2281f012b5f351701a48553de8fa2,0.25665399533348976,3.646067399997264
p2p-Gnutella08,spread_resid,full_r1_structural,1,1,5,rf,6299,62,f87215536a24ad63e7fbc66c95f0e1f5a61902697811d754ea3f9a7c119ef71f,3ad453c855dc1fe9348341a857d809666b9e9c9f60d8d63c8c87697ed450d867,8edbf47c3fe4aeeb74c510f009aa304974ce668550085b13cdd376a9df71efd6,0.2587309529565819,3.6412100000015926
p2p-Gnutella08,spread_resid,full_r1_structural,2,1,5,rf,6299,62,f87215536a24ad63e7fbc66c95f0e1f5a61902697811d754ea3f9a7c119ef71f,3ad453c855dc1fe9348341a857d809666b9e9c9f60d8d63c8c87697ed450d867,7ccd485274cb266f12e2eea038880079860913673c4216e1f94ac8f94dd7f366,0.25302959413004666,3.652256600005785
p2p-Gnutella08,spread_resid,full_r1_structural,3,1,5,rf,6299,62,f87215536a24ad63e7fbc66c95f0e1f5a61902697811d754ea3f9a7c119ef71f,3ad453c855dc1fe9348341a857d809666b9e9c9f60d8d63c8c87697ed450d867,d8ee40b86b0b528a7bc33f638ffde85626d3040c7c8e2ac0284228b7970f010d,0.25845713294343414,3.69460839999374
p2p-Gnutella08,spread_resid,full_r1_structural,4,1,5,rf,6299,62,f87215536a24ad63e7fbc66c95f0e1f5a61902697811d754ea3f9a7c119ef71f,3ad453c855dc1fe9348341a857d809666b9e9c9f60d8d63c8c87697ed450d867,e04eb94c5a11b97b20b4fc23e4cbcef0ba3ced21f3bdf94682828356065cdd2a,0.2586576409205823,3.6279770000255667
p2p-Gnutella08,spread_resid,full_r1_structural,5,1,5,rf,6299,62,f87215536a24ad63e7fbc66c95f0e1f5a61902697811d754ea3f9a7c119ef71f,3ad453c855dc1fe9348341a857d809666b9e9c9f60d8d63c8c87697ed450d867,f3e23019196a65a7f8d85c9b9422bb9aa8a8ace7f7468b80bf104b5d4f22289f,0.24795420535986226,3.660051399987424
p2p-Gnutella08,spread_resid,full_r1_structural,6,1,5,rf,6299,62,f87215536a24ad63e7fbc66c95f0e1f5a61902697811d754ea3f9a7c119ef71f,3ad453c855dc1fe9348341a857d809666b9e9c9f60d8d63c8c87697ed450d867,2b1232330895620c69bf7fb5c9635478f7bbb40d8bc2bdf17f86567e0e45fb9e,0.25800460403000736,3.616844999982277
p2p-Gnutella08,spread_resid,full_r1_structural,7,1,5,rf,6299,62,f87215536a24ad63e7fbc66c95f0e1f5a61902697811d754ea3f9a7c119ef71f,3ad453c855dc1fe9348341a857d809666b9e9c9f60d8d63c8c87697ed450d867,fc22108d2401808f9c8bf29262d64804c754004321b64eeea1bcd32f7d4f2d4a,0.2614806742817543,3.6155957000155468
p2p-Gnutella08,spread_resid,full_r1_structural,8,1,5,rf,6299,62,f87215536a24ad63e7fbc66c95f0e1f5a61902697811d754ea3f9a7c119ef71f,3ad453c855dc1fe9348341a857d809666b9e9c9f60d8d63c8c87697ed450d867,bdce87a3c059014086c217a4745e25c36f9be0caafa8f33268d235790bcb52d7,0.25105650245260475,3.6129598000261467
p2p-Gnutella08,spread_resid,full_r1_structural,9,1,5,rf,6299,62,f87215536a24ad63e7fbc66c95f0e1f5a61902697811d754ea3f9a7c119ef71f,3ad453c855dc1fe9348341a857d809666b9e9c9f60d8d63c8c87697ed450d867,8be197355ac651237c4b824aca070f65a9b77d25c7542b7552c4bb155ed1a573,0.2548765460439222,3.609815899981186
p2p-Gnutella08,betweenness,node_edge,0,1,5,rf_log1p,6299,38,a45d535846cb3e119d5d14d2a62b3d52917062b6c0b0579a9fbc2103bddf4265,59770f85e332baa490c45d2cd8ed5ccd580aa0c09ccc416567792f1c4b9fc079,5e92a306f4c23e1a581b082a920da8f477a2281f012b5f351701a48553de8fa2,0.9236157241966395,2.1412207999965176
p2p-Gnutella08,betweenness,node_edge,1,1,5,rf_log1p,6299,38,a45d535846cb3e119d5d14d2a62b3d52917062b6c0b0579a9fbc2103bddf4265,59770f85e332baa490c45d2cd8ed5ccd580aa0c09ccc416567792f1c4b9fc079,8edbf47c3fe4aeeb74c510f009aa304974ce668550085b13cdd376a9df71efd6,0.9231121920470527,2.2201249999925494
p2p-Gnutella08,betweenness,node_edge,2,1,5,rf_log1p,6299,38,a45d535846cb3e119d5d14d2a62b3d52917062b6c0b0579a9fbc2103bddf4265,59770f85e332baa490c45d2cd8ed5ccd580aa0c09ccc416567792f1c4b9fc079,7ccd485274cb266f12e2eea038880079860913673c4216e1f94ac8f94dd7f366,0.9226027208241936,2.1540298000036273
p2p-Gnutella08,betweenness,node_edge,3,1,5,rf_log1p,6299,38,a45d535846cb3e119d5d14d2a62b3d52917062b6c0b0579a9fbc2103bddf4265,59770f85e332baa490c45d2cd8ed5ccd580aa0c09ccc416567792f1c4b9fc079,d8ee40b86b0b528a7bc33f638ffde85626d3040c7c8e2ac0284228b7970f010d,0.9234575709128772,2.131881799985422
p2p-Gnutella08,betweenness,node_edge,4,1,5,rf_log1p,6299,38,a45d535846cb3e119d5d14d2a62b3d52917062b6c0b0579a9fbc2103bddf4265,59770f85e332baa490c45d2cd8ed5ccd580aa0c09ccc416567792f1c4b9fc079,e04eb94c5a11b97b20b4fc23e4cbcef0ba3ced21f3bdf94682828356065cdd2a,0.9233549358828246,2.2597852000035346
p2p-Gnutella08,betweenness,node_edge,5,1,5,rf_log1p,6299,38,a45d535846cb3e119d5d14d2a62b3d52917062b6c0b0579a9fbc2103bddf4265,59770f85e332baa490c45d2cd8ed5ccd580aa0c09ccc416567792f1c4b9fc079,f3e23019196a65a7f8d85c9b9422bb9aa8a8ace7f7468b80bf104b5d4f22289f,0.9236173768359038,2.1480996000173036
p2p-Gnutella08,betweenness,node_edge,6,1,5,rf_log1p,6299,38,a45d535846cb3e119d5d14d2a62b3d52917062b6c0b0579a9fbc2103bddf4265,59770f85e332baa490c45d2cd8ed5ccd580aa0c09ccc416567792f1c4b9fc079,2b1232330895620c69bf7fb5c9635478f7bbb40d8bc2bdf17f86567e0e45fb9e,0.9235841501222506,2.1375009000184946
p2p-Gnutella08,betweenness,node_edge,7,1,5,rf_log1p,6299,38,a45d535846cb3e119d5d14d2a62b3d52917062b6c0b0579a9fbc2103bddf4265,59770f85e332baa490c45d2cd8ed5ccd580aa0c09ccc416567792f1c4b9fc079,fc22108d2401808f9c8bf29262d64804c754004321b64eeea1bcd32f7d4f2d4a,0.9226150073336501,2.158159800019348
p2p-Gnutella08,betweenness,node_edge,8,1,5,rf_log1p,6299,38,a45d535846cb3e119d5d14d2a62b3d52917062b6c0b0579a9fbc2103bddf4265,59770f85e332baa490c45d2cd8ed5ccd580aa0c09ccc416567792f1c4b9fc079,bdce87a3c059014086c217a4745e25c36f9be0caafa8f33268d235790bcb52d7,0.9237939735104239,2.162922899995465
p2p-Gnutella08,betweenness,node_edge,9,1,5,rf_log1p,6299,38,a45d535846cb3e119d5d14d2a62b3d52917062b6c0b0579a9fbc2103bddf4265,59770f85e332baa490c45d2cd8ed5ccd580aa0c09ccc416567792f1c4b9fc079,8be197355ac651237c4b824aca070f65a9b77d25c7542b7552c4bb155ed1a573,0.9234662105547499,2.1063343999849167
p2p-Gnutella08,betweenness,plus_nonorbit_subgraph,0,1,5,rf_log1p,6299,40,c61383d6b27ef0ad89c89dab2673f8c8726eee83fc5458704272a64ff6df9087,59770f85e332baa490c45d2cd8ed5ccd580aa0c09ccc416567792f1c4b9fc079,5e92a306f4c23e1a581b082a920da8f477a2281f012b5f351701a48553de8fa2,0.9235597541623084,2.211136700003408
p2p-Gnutella08,betweenness,plus_nonorbit_subgraph,1,1,5,rf_log1p,6299,40,c61383d6b27ef0ad89c89dab2673f8c8726eee83fc5458704272a64ff6df9087,59770f85e332baa490c45d2cd8ed5ccd580aa0c09ccc416567792f1c4b9fc079,8edbf47c3fe4aeeb74c510f009aa304974ce668550085b13cdd376a9df71efd6,0.9232227651090105,2.163174000015715
p2p-Gnutella08,betweenness,plus_nonorbit_subgraph,2,1,5,rf_log1p,6299,40,c61383d6b27ef0ad89c89dab2673f8c8726eee83fc5458704272a64ff6df9087,59770f85e332baa490c45d2cd8ed5ccd580aa0c09ccc416567792f1c4b9fc079,7ccd485274cb266f12e2eea038880079860913673c4216e1f94ac8f94dd7f366,0.9226989444433141,2.1803515999927185
p2p-Gnutella08,betweenness,plus_nonorbit_subgraph,3,1,5,rf_log1p,6299,40,c61383d6b27ef0ad89c89dab2673f8c8726eee83fc5458704272a64ff6df9087,59770f85e332baa490c45d2cd8ed5ccd580aa0c09ccc416567792f1c4b9fc079,d8ee40b86b0b528a7bc33f638ffde85626d3040c7c8e2ac0284228b7970f010d,0.9235188383243804,2.2161292000091635
p2p-Gnutella08,betweenness,plus_nonorbit_subgraph,4,1,5,rf_log1p,6299,40,c61383d6b27ef0ad89c89dab2673f8c8726eee83fc5458704272a64ff6df9087,59770f85e332baa490c45d2cd8ed5ccd580aa0c09ccc416567792f1c4b9fc079,e04eb94c5a11b97b20b4fc23e4cbcef0ba3ced21f3bdf94682828356065cdd2a,0.923514579701894,2.1977581000246573
p2p-Gnutella08,betweenness,plus_nonorbit_subgraph,5,1,5,rf_log1p,6299,40,c61383d6b27ef0ad89c89dab2673f8c8726eee83fc5458704272a64ff6df9087,59770f85e332baa490c45d2cd8ed5ccd580aa0c09ccc416567792f1c4b9fc079,f3e23019196a65a7f8d85c9b9422bb9aa8a8ace7f7468b80bf104b5d4f22289f,0.9236948421059537,2.6038086999906227
p2p-Gnutella08,betweenness,plus_nonorbit_subgraph,6,1,5,rf_log1p,6299,40,c61383d6b27ef0ad89c89dab2673f8c8726eee83fc5458704272a64ff6df9087,59770f85e332baa490c45d2cd8ed5ccd580aa0c09ccc416567792f1c4b9fc079,2b1232330895620c69bf7fb5c9635478f7bbb40d8bc2bdf17f86567e0e45fb9e,0.9238159457887071,2.724298599991016
p2p-Gnutella08,betweenness,plus_nonorbit_subgraph,7,1,5,rf_log1p,6299,40,c61383d6b27ef0ad89c89dab2673f8c8726eee83fc5458704272a64ff6df9087,59770f85e332baa490c45d2cd8ed5ccd580aa0c09ccc416567792f1c4b9fc079,fc22108d2401808f9c8bf29262d64804c754004321b64eeea1bcd32f7d4f2d4a,0.9227412262235964,2.2558066000055987
p2p-Gnutella08,betweenness,plus_nonorbit_subgraph,8,1,5,rf_log1p,6299,40,c61383d6b27ef0ad89c89dab2673f8c8726eee83fc5458704272a64ff6df9087,59770f85e332baa490c45d2cd8ed5ccd580aa0c09ccc416567792f1c4b9fc079,bdce87a3c059014086c217a4745e25c36f9be0caafa8f33268d235790bcb52d7,0.9239552793535379,2.263601800019387
p2p-Gnutella08,betweenness,plus_nonorbit_subgraph,9,1,5,rf_log1p,6299,40,c61383d6b27ef0ad89c89dab2673f8c8726eee83fc5458704272a64ff6df9087,59770f85e332baa490c45d2cd8ed5ccd580aa0c09ccc416567792f1c4b9fc079,8be197355ac651237c4b824aca070f65a9b77d25c7542b7552c4bb155ed1a573,0.9234920069115325,2.1847100000013597
p2p-Gnutella08,betweenness,plus_orbit_lt15,0,1,5,rf_log1p,6299,45,dcece2a6c43eb3af150d7357885003ee166f4bb9b7b5a037bc4198659ec035e7,59770f85e332baa490c45d2cd8ed5ccd580aa0c09ccc416567792f1c4b9fc079,5e92a306f4c23e1a581b082a920da8f477a2281f012b5f351701a48553de8fa2,0.9237458835934194,2.3146252000005916
p2p-Gnutella08,betweenness,plus_orbit_lt15,1,1,5,rf_log1p,6299,45,dcece2a6c43eb3af150d7357885003ee166f4bb9b7b5a037bc4198659ec035e7,59770f85e332baa490c45d2cd8ed5ccd580aa0c09ccc416567792f1c4b9fc079,8edbf47c3fe4aeeb74c510f009aa304974ce668550085b13cdd376a9df71efd6,0.9233002082741757,2.2857239000150003
p2p-Gnutella08,betweenness,plus_orbit_lt15,2,1,5,rf_log1p,6299,45,dcece2a6c43eb3af150d7357885003ee166f4bb9b7b5a037bc4198659ec035e7,59770f85e332baa490c45d2cd8ed5ccd580aa0c09ccc416567792f1c4b9fc079,7ccd485274cb266f12e2eea038880079860913673c4216e1f94ac8f94dd7f366,0.9227072474053948,2.3063214999856427
p2p-Gnutella08,betweenness,plus_orbit_lt15,3,1,5,rf_log1p,6299,45,dcece2a6c43eb3af150d7357885003ee166f4bb9b7b5a037bc4198659ec035e7,59770f85e332baa490c45d2cd8ed5ccd580aa0c09ccc416567792f1c4b9fc079,d8ee40b86b0b528a7bc33f638ffde85626d3040c7c8e2ac0284228b7970f010d,0.9235322131357422,2.3273676999961026
p2p-Gnutella08,betweenness,plus_orbit_lt15,4,1,5,rf_log1p,6299,45,dcece2a6c43eb3af150d7357885003ee166f4bb9b7b5a037bc4198659ec035e7,59770f85e332baa490c45d2cd8ed5ccd580aa0c09ccc416567792f1c4b9fc079,e04eb94c5a11b97b20b4fc23e4cbcef0ba3ced21f3bdf94682828356065cdd2a,0.9235929264632031,2.318897899996955
p2p-Gnutella08,betweenness,plus_orbit_lt15,5,1,5,rf_log1p,6299,45,dcece2a6c43eb3af150d7357885003ee166f4bb9b7b5a037bc4198659ec035e7,59770f85e332baa490c45d2cd8ed5ccd580aa0c09ccc416567792f1c4b9fc079,f3e23019196a65a7f8d85c9b9422bb9aa8a8ace7f7468b80bf104b5d4f22289f,0.92369943102181,2.296748900000239
p2p-Gnutella08,betweenness,plus_orbit_lt15,6,1,5,rf_log1p,6299,45,dcece2a6c43eb3af150d7357885003ee166f4bb9b7b5a037bc4198659ec035e7,59770f85e332baa490c45d2cd8ed5ccd580aa0c09ccc416567792f1c4b9fc079,2b1232330895620c69bf7fb5c9635478f7bbb40d8bc2bdf17f86567e0e45fb9e,0.923848592619909,2.3392417000140995
p2p-Gnutella08,betweenness,plus_orbit_lt15,7,1,5,rf_log1p,6299,45,dcece2a6c43eb3af150d7357885003ee166f4bb9b7b5a037bc4198659ec035e7,59770f85e332baa490c45d2cd8ed5ccd580aa0c09ccc416567792f1c4b9fc079,fc22108d2401808f9c8bf29262d64804c754004321b64eeea1bcd32f7d4f2d4a,0.9226423274396991,2.316286899993429
p2p-Gnutella08,betweenness,plus_orbit_lt15,8,1,5,rf_log1p,6299,45,dcece2a6c43eb3af150d7357885003ee166f4bb9b7b5a037bc4198659ec035e7,59770f85e332baa490c45d2cd8ed5ccd580aa0c09ccc416567792f1c4b9fc079,bdce87a3c059014086c217a4745e25c36f9be0caafa8f33268d235790bcb52d7,0.9239364866707077,2.336241199984215
p2p-Gnutella08,betweenness,plus_orbit_lt15,9,1,5,rf_log1p,6299,45,dcece2a6c43eb3af150d7357885003ee166f4bb9b7b5a037bc4198659ec035e7,59770f85e332baa490c45d2cd8ed5ccd580aa0c09ccc416567792f1c4b9fc079,8be197355ac651237c4b824aca070f65a9b77d25c7542b7552c4bb155ed1a573,0.9234526862806498,2.294277500011958
p2p-Gnutella08,betweenness,full_r1_structural,0,1,5,rf_log1p,6299,62,f87215536a24ad63e7fbc66c95f0e1f5a61902697811d754ea3f9a7c119ef71f,59770f85e332baa490c45d2cd8ed5ccd580aa0c09ccc416567792f1c4b9fc079,5e92a306f4c23e1a581b082a920da8f477a2281f012b5f351701a48553de8fa2,0.924385767552955,2.526313400012441
p2p-Gnutella08,betweenness,full_r1_structural,1,1,5,rf_log1p,6299,62,f87215536a24ad63e7fbc66c95f0e1f5a61902697811d754ea3f9a7c119ef71f,59770f85e332baa490c45d2cd8ed5ccd580aa0c09ccc416567792f1c4b9fc079,8edbf47c3fe4aeeb74c510f009aa304974ce668550085b13cdd376a9df71efd6,0.9239045602338849,2.525047300005099
p2p-Gnutella08,betweenness,full_r1_structural,2,1,5,rf_log1p,6299,62,f87215536a24ad63e7fbc66c95f0e1f5a61902697811d754ea3f9a7c119ef71f,59770f85e332baa490c45d2cd8ed5ccd580aa0c09ccc416567792f1c4b9fc079,7ccd485274cb266f12e2eea038880079860913673c4216e1f94ac8f94dd7f366,0.9235407368517882,2.54447120000259
p2p-Gnutella08,betweenness,full_r1_structural,3,1,5,rf_log1p,6299,62,f87215536a24ad63e7fbc66c95f0e1f5a61902697811d754ea3f9a7c119ef71f,59770f85e332baa490c45d2cd8ed5ccd580aa0c09ccc416567792f1c4b9fc079,d8ee40b86b0b528a7bc33f638ffde85626d3040c7c8e2ac0284228b7970f010d,0.9241350541055479,2.5308385000098497
p2p-Gnutella08,betweenness,full_r1_structural,4,1,5,rf_log1p,6299,62,f87215536a24ad63e7fbc66c95f0e1f5a61902697811d754ea3f9a7c119ef71f,59770f85e332baa490c45d2cd8ed5ccd580aa0c09ccc416567792f1c4b9fc079,e04eb94c5a11b97b20b4fc23e4cbcef0ba3ced21f3bdf94682828356065cdd2a,0.9239559382725878,2.6036338999983855
p2p-Gnutella08,betweenness,full_r1_structural,5,1,5,rf_log1p,6299,62,f87215536a24ad63e7fbc66c95f0e1f5a61902697811d754ea3f9a7c119ef71f,59770f85e332baa490c45d2cd8ed5ccd580aa0c09ccc416567792f1c4b9fc079,f3e23019196a65a7f8d85c9b9422bb9aa8a8ace7f7468b80bf104b5d4f22289f,0.9240959390601464,2.545036199997412
p2p-Gnutella08,betweenness,full_r1_structural,6,1,5,rf_log1p,6299,62,f87215536a24ad63e7fbc66c95f0e1f5a61902697811d754ea3f9a7c119ef71f,59770f85e332baa490c45d2cd8ed5ccd580aa0c09ccc416567792f1c4b9fc079,2b1232330895620c69bf7fb5c9635478f7bbb40d8bc2bdf17f86567e0e45fb9e,0.9243038059832218,2.5331767999741714
p2p-Gnutella08,betweenness,full_r1_structural,7,1,5,rf_log1p,6299,62,f87215536a24ad63e7fbc66c95f0e1f5a61902697811d754ea3f9a7c119ef71f,59770f85e332baa490c45d2cd8ed5ccd580aa0c09ccc416567792f1c4b9fc079,fc22108d2401808f9c8bf29262d64804c754004321b64eeea1bcd32f7d4f2d4a,0.9230320214652082,2.5620286999910604
p2p-Gnutella08,betweenness,full_r1_structural,8,1,5,rf_log1p,6299,62,f87215536a24ad63e7fbc66c95f0e1f5a61902697811d754ea3f9a7c119ef71f,59770f85e332baa490c45d2cd8ed5ccd580aa0c09ccc416567792f1c4b9fc079,bdce87a3c059014086c217a4745e25c36f9be0caafa8f33268d235790bcb52d7,0.9245598179416533,2.6304020999814384
p2p-Gnutella08,betweenness,full_r1_structural,9,1,5,rf_log1p,6299,62,f87215536a24ad63e7fbc66c95f0e1f5a61902697811d754ea3f9a7c119ef71f,59770f85e332baa490c45d2cd8ed5ccd580aa0c09ccc416567792f1c4b9fc079,8be197355ac651237c4b824aca070f65a9b77d25c7542b7552c4bb155ed1a573,0.924156624621524,2.5899752999830525
