graph,score_row,compact_id,original_node_id,degree,a_compact_id,b_compact_id,a_original_node_id,b_original_node_id,common_neighbor_count,rational_numerator,rational_denominator,gt_5e15,gt_1e14,gt_5e15_left_cross_product,gt_5e15_right_cross_product,gt_1e14_left_cross_product,gt_1e14_right_cross_product,usable_pair_count,gt_5e15_qualifying_pair_count,gt_1e14_qualifying_pair_count,edge_sha256,score_sha256
cit-Patents,33578,33578,33578,3,2264267,2329910,2264267,2329910,48,2,680091143872320,False,False,2000000000000000,3400455719361600,200000000000000,680091143872320,1,0,0,f8797f004315acf99faaee62b08ce093109968ba82bb52d55c7bc8b92e4918b9,48f352137529955aed7faf1fd06be1ded7fe77708ca0989683ef984733ab71a6
cit-Patents,33580,33580,33580,3,2264267,2329910,2264267,2329910,48,2,680091143872320,False,False,2000000000000000,3400455719361600,200000000000000,680091143872320,1,0,0,f8797f004315acf99faaee62b08ce093109968ba82bb52d55c7bc8b92e4918b9,48f352137529955aed7faf1fd06be1ded7fe77708ca0989683ef984733ab71a6
cit-Patents,36165,36165,36165,3,2953288,3070418,2953288,3070418,38,2,538405488898920,False,False,2000000000000000,2692027444494600,200000000000000,538405488898920,1,0,0,f8797f004315acf99faaee62b08ce093109968ba82bb52d55c7bc8b92e4918b9,48f352137529955aed7faf1fd06be1ded7fe77708ca0989683ef984733ab71a6
cit-Patents,324907,324907,324907,3,3308943,3373916,3308943,3373916,297,2,4208063952709980,False,False,2000000000000000,21040319763549900,200000000000000,4208063952709980,1,0,0,f8797f004315acf99faaee62b08ce093109968ba82bb52d55c7bc8b92e4918b9,48f352137529955aed7faf1fd06be1ded7fe77708ca0989683ef984733ab71a6
cit-Patents,334271,334271,334271,3,2391643,2460538,2391643,2460538,30,2,425056964920200,False,False,2000000000000000,2125284824601000,200000000000000,425056964920200,1,0,0,f8797f004315acf99faaee62b08ce093109968ba82bb52d55c7bc8b92e4918b9,48f352137529955aed7faf1fd06be1ded7fe77708ca0989683ef984733ab71a6
cit-Patents,419946,419946,419946,4,3226891,3376954,3226891,3376954,48,2,680091143872320,False,False,2000000000000000,3400455719361600,200000000000000,680091143872320,1,0,0,f8797f004315acf99faaee62b08ce093109968ba82bb52d55c7bc8b92e4918b9,48f352137529955aed7faf1fd06be1ded7fe77708ca0989683ef984733ab71a6
cit-Patents,490819,490819,490819,3,3693161,3726617,3693161,3726617,39,2,552574054396260,False,False,2000000000000000,2762870271981300,200000000000000,552574054396260,1,0,0,f8797f004315acf99faaee62b08ce093109968ba82bb52d55c7bc8b92e4918b9,48f352137529955aed7faf1fd06be1ded7fe77708ca0989683ef984733ab71a6
cit-Patents,640437,640437,640437,3,3289983,3375055,3289983,3375055,43,2,609248316385620,False,False,2000000000000000,3046241581928100,200000000000000,609248316385620,1,0,0,f8797f004315acf99faaee62b08ce093109968ba82bb52d55c7bc8b92e4918b9,48f352137529955aed7faf1fd06be1ded7fe77708ca0989683ef984733ab71a6
cit-Patents,678863,678863,678863,3,3693161,3726617,3693161,3726617,39,2,552574054396260,False,False,2000000000000000,2762870271981300,200000000000000,552574054396260,1,0,0,f8797f004315acf99faaee62b08ce093109968ba82bb52d55c7bc8b92e4918b9,48f352137529955aed7faf1fd06be1ded7fe77708ca0989683ef984733ab71a6
cit-Patents,706632,706632,706632,3,3317804,3324907,3317804,3324907,38,2,538405488898920,False,False,2000000000000000,2692027444494600,200000000000000,538405488898920,1,0,0,f8797f004315acf99faaee62b08ce093109968ba82bb52d55c7bc8b92e4918b9,48f352137529955aed7faf1fd06be1ded7fe77708ca0989683ef984733ab71a6
cit-Patents,835967,835967,835967,3,3226891,3376954,3226891,3376954,48,2,680091143872320,False,False,2000000000000000,3400455719361600,200000000000000,680091143872320,1,0,0,f8797f004315acf99faaee62b08ce093109968ba82bb52d55c7bc8b92e4918b9,48f352137529955aed7faf1fd06be1ded7fe77708ca0989683ef984733ab71a6
cit-Patents,835968,835968,835968,3,3226891,3376954,3226891,3376954,48,2,680091143872320,False,False,2000000000000000,3400455719361600,200000000000000,680091143872320,1,0,0,f8797f004315acf99faaee62b08ce093109968ba82bb52d55c7bc8b92e4918b9,48f352137529955aed7faf1fd06be1ded7fe77708ca0989683ef984733ab71a6
cit-Patents,835970,835970,835970,3,3226891,3376954,3226891,3376954,48,2,680091143872320,False,False,2000000000000000,3400455719361600,200000000000000,680091143872320,1,0,0,f8797f004315acf99faaee62b08ce093109968ba82bb52d55c7bc8b92e4918b9,48f352137529955aed7faf1fd06be1ded7fe77708ca0989683ef984733ab71a6
cit-Patents,850481,850481,850481,3,3413276,3413284,3413276,3413284,43,2,609248316385620,False,False,2000000000000000,3046241581928100,200000000000000,609248316385620,1,0,0,f8797f004315acf99faaee62b08ce093109968ba82bb52d55c7bc8b92e4918b9,48f352137529955aed7faf1fd06be1ded7fe77708ca0989683ef984733ab71a6
cit-Patents,1105644,1105644,1105644,3,3308943,3373916,3308943,3373916,297,2,4208063952709980,False,False,2000000000000000,21040319763549900,200000000000000,4208063952709980,1,0,0,f8797f004315acf99faaee62b08ce093109968ba82bb52d55c7bc8b92e4918b9,48f352137529955aed7faf1fd06be1ded7fe77708ca0989683ef984733ab71a6
cit-Patents,1115914,1115914,1115914,4,3222755,3560946,3222755,3560946,62,2,878451060835080,False,False,2000000000000000,4392255304175400,200000000000000,878451060835080,2,0,0,f8797f004315acf99faaee62b08ce093109968ba82bb52d55c7bc8b92e4918b9,48f352137529955aed7faf1fd06be1ded7fe77708ca0989683ef984733ab71a6
cit-Patents,1156696,1156696,1156696,3,3591617,3603796,3591617,3603796,70,2,991799584813800,False,False,2000000000000000,4958997924069000,200000000000000,991799584813800,1,0,0,f8797f004315acf99faaee62b08ce093109968ba82bb52d55c7bc8b92e4918b9,48f352137529955aed7faf1fd06be1ded7fe77708ca0989683ef984733ab71a6
cit-Patents,1279492,1279492,1279492,3,3579387,3645128,3579387,3645128,38,2,538405488898920,False,False,2000000000000000,2692027444494600,200000000000000,538405488898920,1,0,0,f8797f004315acf99faaee62b08ce093109968ba82bb52d55c7bc8b92e4918b9,48f352137529955aed7faf1fd06be1ded7fe77708ca0989683ef984733ab71a6
cit-Patents,1332430,1332430,1332430,4,3635476,3682804,3635476,3682804,74,2,1048473846803160,False,False,2000000000000000,5242369234015800,200000000000000,1048473846803160,1,0,0,f8797f004315acf99faaee62b08ce093109968ba82bb52d55c7bc8b92e4918b9,48f352137529955aed7faf1fd06be1ded7fe77708ca0989683ef984733ab71a6
cit-Patents,1346179,1346179,1346179,6,3407674,3445055,3407674,3445055,120,2,1700227859680800,False,False,2000000000000000,8501139298404000,200000000000000,1700227859680800,3,0,0,f8797f004315acf99faaee62b08ce093109968ba82bb52d55c7bc8b92e4918b9,48f352137529955aed7faf1fd06be1ded7fe77708ca0989683ef984733ab71a6
cit-Patents,1381153,1381153,1381153,3,3375808,3661984,3375808,3661984,51,2,722596840364340,False,False,2000000000000000,3612984201821700,200000000000000,722596840364340,1,0,0,f8797f004315acf99faaee62b08ce093109968ba82bb52d55c7bc8b92e4918b9,48f352137529955aed7faf1fd06be1ded7fe77708ca0989683ef984733ab71a6
cit-Patents,1425543,1425543,1425543,3,3574804,3615540,3574804,3615540,106,2,1501867942718040,False,False,2000000000000000,7509339713590200,200000000000000,1501867942718040,1,0,0,f8797f004315acf99faaee62b08ce093109968ba82bb52d55c7bc8b92e4918b9,48f352137529955aed7faf1fd06be1ded7fe77708ca0989683ef984733ab71a6
cit-Patents,1475245,1475245,1475245,2,1475243,1488613,1475243,1488613,30,2,425056964920200,False,False,2000000000000000,2125284824601000,200000000000000,425056964920200,1,0,0,f8797f004315acf99faaee62b08ce093109968ba82bb52d55c7bc8b92e4918b9,48f352137529955aed7faf1fd06be1ded7fe77708ca0989683ef984733ab71a6
cit-Patents,1475246,1475246,1475246,2,1475243,1488613,1475243,1488613,30,2,425056964920200,False,False,2000000000000000,2125284824601000,200000000000000,425056964920200,1,0,0,f8797f004315acf99faaee62b08ce093109968ba82bb52d55c7bc8b92e4918b9,48f352137529955aed7faf1fd06be1ded7fe77708ca0989683ef984733ab71a6
cit-Patents,1530874,1530874,1530874,2,1530873,1537190,1530873,1537190,29,2,410888399422860,False,False,2000000000000000,2054441997114300,200000000000000,410888399422860,1,0,0,f8797f004315acf99faaee62b08ce093109968ba82bb52d55c7bc8b92e4918b9,48f352137529955aed7faf1fd06be1ded7fe77708ca0989683ef984733ab71a6
cit-Patents,1530875,1530875,1530875,2,1530873,1537190,1530873,1537190,29,2,410888399422860,False,False,2000000000000000,2054441997114300,200000000000000,410888399422860,1,0,0,f8797f004315acf99faaee62b08ce093109968ba82bb52d55c7bc8b92e4918b9,48f352137529955aed7faf1fd06be1ded7fe77708ca0989683ef984733ab71a6
cit-Patents,1596427,1596427,1596427,5,2895446,3053542,2895446,3053542,38,2,538405488898920,False,False,2000000000000000,2692027444494600,200000000000000,538405488898920,1,0,0,f8797f004315acf99faaee62b08ce093109968ba82bb52d55c7bc8b92e4918b9,48f352137529955aed7faf1fd06be1ded7fe77708ca0989683ef984733ab71a6
cit-Patents,1639453,1639453,1639453,3,3614748,3614754,3614748,3614754,97,2,1374350853241980,False,False,2000000000000000,6871754266209900,200000000000000,1374350853241980,1,0,0,f8797f004315acf99faaee62b08ce093109968ba82bb52d55c7bc8b92e4918b9,48f352137529955aed7faf1fd06be1ded7fe77708ca0989683ef984733ab71a6
cit-Patents,1779725,1779725,1779725,4,3090315,3757019,3090315,3757019,83,2,1175990936279220,False,False,2000000000000000,5879954681396100,200000000000000,1175990936279220,1,0,0,f8797f004315acf99faaee62b08ce093109968ba82bb52d55c7bc8b92e4918b9,48f352137529955aed7faf1fd06be1ded7fe77708ca0989683ef984733ab71a6
cit-Patents,1787590,1787590,1787590,2,1787586,1787593,1787586,1787593,32,2,453394095914880,False,False,2000000000000000,2266970479574400,200000000000000,453394095914880,1,0,0,f8797f004315acf99faaee62b08ce093109968ba82bb52d55c7bc8b92e4918b9,48f352137529955aed7faf1fd06be1ded7fe77708ca0989683ef984733ab71a6
cit-Patents,1893897,1893897,1893897,5,2953288,3070418,2953288,3070418,38,2,538405488898920,False,False,2000000000000000,2692027444494600,200000000000000,538405488898920,1,0,0,f8797f004315acf99faaee62b08ce093109968ba82bb52d55c7bc8b92e4918b9,48f352137529955aed7faf1fd06be1ded7fe77708ca0989683ef984733ab71a6
cit-Patents,1905043,1905043,1905043,3,3482980,3605923,3482980,3605923,46,2,651754012877640,False,False,2000000000000000,3258770064388200,200000000000000,651754012877640,1,0,0,f8797f004315acf99faaee62b08ce093109968ba82bb52d55c7bc8b92e4918b9,48f352137529955aed7faf1fd06be1ded7fe77708ca0989683ef984733ab71a6
cit-Patents,1918951,1918951,1918951,4,3652322,3705661,3652322,3705661,34,2,481731226909560,False,False,2000000000000000,2408656134547800,200000000000000,481731226909560,1,0,0,f8797f004315acf99faaee62b08ce093109968ba82bb52d55c7bc8b92e4918b9,48f352137529955aed7faf1fd06be1ded7fe77708ca0989683ef984733ab71a6
cit-Patents,1918952,1918952,1918952,4,3652322,3705661,3652322,3705661,34,2,481731226909560,False,False,2000000000000000,2408656134547800,200000000000000,481731226909560,1,0,0,f8797f004315acf99faaee62b08ce093109968ba82bb52d55c7bc8b92e4918b9,48f352137529955aed7faf1fd06be1ded7fe77708ca0989683ef984733ab71a6
cit-Patents,1995048,1995048,1995048,4,2933611,2969142,2933611,2969142,47,2,665922578374980,False,False,2000000000000000,3329612891874900,200000000000000,665922578374980,1,0,0,f8797f004315acf99faaee62b08ce093109968ba82bb52d55c7bc8b92e4918b9,48f352137529955aed7faf1fd06be1ded7fe77708ca0989683ef984733ab71a6
cit-Patents,1995052,1995052,1995052,4,2933611,2969142,2933611,2969142,47,2,665922578374980,False,False,2000000000000000,3329612891874900,200000000000000,665922578374980,1,0,0,f8797f004315acf99faaee62b08ce093109968ba82bb52d55c7bc8b92e4918b9,48f352137529955aed7faf1fd06be1ded7fe77708ca0989683ef984733ab71a6
cit-Patents,2022280,2022280,2022280,4,2901000,3338834,2901000,3338834,44,2,623416881882960,False,False,2000000000000000,3117084409414800,200000000000000,623416881882960,1,0,0,f8797f004315acf99faaee62b08ce093109968ba82bb52d55c7bc8b92e4918b9,48f352137529955aed7faf1fd06be1ded7fe77708ca0989683ef984733ab71a6
cit-Patents,2085698,2085698,2085698,3,3269786,3346182,3269786,3346182,60,2,850113929840400,False,False,2000000000000000,4250569649202000,200000000000000,850113929840400,1,0,0,f8797f004315acf99faaee62b08ce093109968ba82bb52d55c7bc8b92e4918b9,48f352137529955aed7faf1fd06be1ded7fe77708ca0989683ef984733ab71a6
cit-Patents,2085699,2085699,2085699,3,3269786,3346182,3269786,3346182,60,2,850113929840400,False,False,2000000000000000,4250569649202000,200000000000000,850113929840400,1,0,0,f8797f004315acf99faaee62b08ce093109968ba82bb52d55c7bc8b92e4918b9,48f352137529955aed7faf1fd06be1ded7fe77708ca0989683ef984733ab71a6
cit-Patents,2088102,2088102,2088102,3,3436088,3690325,3436088,3690325,30,2,425056964920200,False,False,2000000000000000,2125284824601000,200000000000000,425056964920200,1,0,0,f8797f004315acf99faaee62b08ce093109968ba82bb52d55c7bc8b92e4918b9,48f352137529955aed7faf1fd06be1ded7fe77708ca0989683ef984733ab71a6
cit-Patents,2088105,2088105,2088105,3,3436088,3690325,3436088,3690325,30,2,425056964920200,False,False,2000000000000000,2125284824601000,200000000000000,425056964920200,1,0,0,f8797f004315acf99faaee62b08ce093109968ba82bb52d55c7bc8b92e4918b9,48f352137529955aed7faf1fd06be1ded7fe77708ca0989683ef984733ab71a6
cit-Patents,2107347,2107347,2107347,2,2107344,2309406,2107344,2309406,38,2,538405488898920,False,False,2000000000000000,2692027444494600,200000000000000,538405488898920,1,0,0,f8797f004315acf99faaee62b08ce093109968ba82bb52d55c7bc8b92e4918b9,48f352137529955aed7faf1fd06be1ded7fe77708ca0989683ef984733ab71a6
cit-Patents,2145680,2145680,2145680,3,3366587,3625451,3366587,3625451,52,2,736765405861680,False,False,2000000000000000,3683827029308400,200000000000000,736765405861680,1,0,0,f8797f004315acf99faaee62b08ce093109968ba82bb52d55c7bc8b92e4918b9,48f352137529955aed7faf1fd06be1ded7fe77708ca0989683ef984733ab71a6
cit-Patents,2151588,2151588,2151588,3,3555895,3602392,3555895,3602392,128,2,1813576383659520,False,False,2000000000000000,9067881918297600,200000000000000,1813576383659520,1,0,0,f8797f004315acf99faaee62b08ce093109968ba82bb52d55c7bc8b92e4918b9,48f352137529955aed7faf1fd06be1ded7fe77708ca0989683ef984733ab71a6
cit-Patents,2169978,2169978,2169978,3,2953288,3070418,2953288,3070418,38,2,538405488898920,False,False,2000000000000000,2692027444494600,200000000000000,538405488898920,1,0,0,f8797f004315acf99faaee62b08ce093109968ba82bb52d55c7bc8b92e4918b9,48f352137529955aed7faf1fd06be1ded7fe77708ca0989683ef984733ab71a6
cit-Patents,2213938,2213938,2213938,3,3167193,3255194,3167193,3255194,63,2,892619626332420,False,False,2000000000000000,4463098131662100,200000000000000,892619626332420,1,0,0,f8797f004315acf99faaee62b08ce093109968ba82bb52d55c7bc8b92e4918b9,48f352137529955aed7faf1fd06be1ded7fe77708ca0989683ef984733ab71a6
cit-Patents,2228731,2228731,2228731,2,2228730,2275511,2228730,2275511,31,2,439225530417540,False,False,2000000000000000,2196127652087700,200000000000000,439225530417540,1,0,0,f8797f004315acf99faaee62b08ce093109968ba82bb52d55c7bc8b92e4918b9,48f352137529955aed7faf1fd06be1ded7fe77708ca0989683ef984733ab71a6
cit-Patents,2228732,2228732,2228732,2,2228730,2275511,2228730,2275511,31,2,439225530417540,False,False,2000000000000000,2196127652087700,200000000000000,439225530417540,1,0,0,f8797f004315acf99faaee62b08ce093109968ba82bb52d55c7bc8b92e4918b9,48f352137529955aed7faf1fd06be1ded7fe77708ca0989683ef984733ab71a6
cit-Patents,2245557,2245557,2245557,3,3513409,3745306,3513409,3745306,34,2,481731226909560,False,False,2000000000000000,2408656134547800,200000000000000,481731226909560,1,0,0,f8797f004315acf99faaee62b08ce093109968ba82bb52d55c7bc8b92e4918b9,48f352137529955aed7faf1fd06be1ded7fe77708ca0989683ef984733ab71a6
cit-Patents,2245558,2245558,2245558,3,3513409,3745306,3513409,3745306,34,2,481731226909560,False,False,2000000000000000,2408656134547800,200000000000000,481731226909560,1,0,0,f8797f004315acf99faaee62b08ce093109968ba82bb52d55c7bc8b92e4918b9,48f352137529955aed7faf1fd06be1ded7fe77708ca0989683ef984733ab71a6
cit-Patents,2245559,2245559,2245559,3,3513409,3745306,3513409,3745306,34,2,481731226909560,False,False,2000000000000000,2408656134547800,200000000000000,481731226909560,1,0,0,f8797f004315acf99faaee62b08ce093109968ba82bb52d55c7bc8b92e4918b9,48f352137529955aed7faf1fd06be1ded7fe77708ca0989683ef984733ab71a6
cit-Patents,2251253,2251253,2251253,3,3354343,3549746,3354343,3549746,31,2,439225530417540,False,False,2000000000000000,2196127652087700,200000000000000,439225530417540,1,0,0,f8797f004315acf99faaee62b08ce093109968ba82bb52d55c7bc8b92e4918b9,48f352137529955aed7faf1fd06be1ded7fe77708ca0989683ef984733ab71a6
cit-Patents,2264268,2264268,2264268,2,2264267,2329910,2264267,2329910,48,2,680091143872320,False,False,2000000000000000,3400455719361600,200000000000000,680091143872320,1,0,0,f8797f004315acf99faaee62b08ce093109968ba82bb52d55c7bc8b92e4918b9,48f352137529955aed7faf1fd06be1ded7fe77708ca0989683ef984733ab71a6
cit-Patents,2292557,2292557,2292557,5,3315568,3347331,3315568,3347331,31,2,439225530417540,False,False,2000000000000000,2196127652087700,200000000000000,439225530417540,1,0,0,f8797f004315acf99faaee62b08ce093109968ba82bb52d55c7bc8b92e4918b9,48f352137529955aed7faf1fd06be1ded7fe77708ca0989683ef984733ab71a6
cit-Patents,2300085,2300085,2300085,2,2300084,2379447,2300084,2379447,55,2,779271102353700,False,False,2000000000000000,3896355511768500,200000000000000,779271102353700,1,0,0,f8797f004315acf99faaee62b08ce093109968ba82bb52d55c7bc8b92e4918b9,48f352137529955aed7faf1fd06be1ded7fe77708ca0989683ef984733ab71a6
cit-Patents,2303203,2303203,2303203,3,3308943,3373916,3308943,3373916,297,2,4208063952709980,False,False,2000000000000000,21040319763549900,200000000000000,4208063952709980,1,0,0,f8797f004315acf99faaee62b08ce093109968ba82bb52d55c7bc8b92e4918b9,48f352137529955aed7faf1fd06be1ded7fe77708ca0989683ef984733ab71a6
cit-Patents,2313923,2313923,2313923,2,2313922,2335863,2313922,2335863,30,2,425056964920200,False,False,2000000000000000,2125284824601000,200000000000000,425056964920200,1,0,0,f8797f004315acf99faaee62b08ce093109968ba82bb52d55c7bc8b92e4918b9,48f352137529955aed7faf1fd06be1ded7fe77708ca0989683ef984733ab71a6
cit-Patents,2351259,2351259,2351259,3,2489852,2518820,2489852,2518820,30,2,425056964920200,False,False,2000000000000000,2125284824601000,200000000000000,425056964920200,1,0,0,f8797f004315acf99faaee62b08ce093109968ba82bb52d55c7bc8b92e4918b9,48f352137529955aed7faf1fd06be1ded7fe77708ca0989683ef984733ab71a6
cit-Patents,2379924,2379924,2379924,3,3663655,3757651,3663655,3757651,46,2,651754012877640,False,False,2000000000000000,3258770064388200,200000000000000,651754012877640,1,0,0,f8797f004315acf99faaee62b08ce093109968ba82bb52d55c7bc8b92e4918b9,48f352137529955aed7faf1fd06be1ded7fe77708ca0989683ef984733ab71a6
cit-Patents,2380186,2380186,2380186,3,3555895,3602392,3555895,3602392,128,2,1813576383659520,False,False,2000000000000000,9067881918297600,200000000000000,1813576383659520,1,0,0,f8797f004315acf99faaee62b08ce093109968ba82bb52d55c7bc8b92e4918b9,48f352137529955aed7faf1fd06be1ded7fe77708ca0989683ef984733ab71a6
cit-Patents,2386707,2386707,2386707,2,2386706,2386709,2386706,2386709,48,2,680091143872320,False,False,2000000000000000,3400455719361600,200000000000000,680091143872320,1,0,0,f8797f004315acf99faaee62b08ce093109968ba82bb52d55c7bc8b92e4918b9,48f352137529955aed7faf1fd06be1ded7fe77708ca0989683ef984733ab71a6
cit-Patents,2386708,2386708,2386708,2,2386706,2386709,2386706,2386709,48,2,680091143872320,False,False,2000000000000000,3400455719361600,200000000000000,680091143872320,1,0,0,f8797f004315acf99faaee62b08ce093109968ba82bb52d55c7bc8b92e4918b9,48f352137529955aed7faf1fd06be1ded7fe77708ca0989683ef984733ab71a6
cit-Patents,2391644,2391644,2391644,2,2391643,2460538,2391643,2460538,30,2,425056964920200,False,False,2000000000000000,2125284824601000,200000000000000,425056964920200,1,0,0,f8797f004315acf99faaee62b08ce093109968ba82bb52d55c7bc8b92e4918b9,48f352137529955aed7faf1fd06be1ded7fe77708ca0989683ef984733ab71a6
cit-Patents,2391645,2391645,2391645,2,2391643,2460538,2391643,2460538,30,2,425056964920200,False,False,2000000000000000,2125284824601000,200000000000000,425056964920200,1,0,0,f8797f004315acf99faaee62b08ce093109968ba82bb52d55c7bc8b92e4918b9,48f352137529955aed7faf1fd06be1ded7fe77708ca0989683ef984733ab71a6
cit-Patents,2391646,2391646,2391646,2,2391643,2460538,2391643,2460538,30,2,425056964920200,False,False,2000000000000000,2125284824601000,200000000000000,425056964920200,1,0,0,f8797f004315acf99faaee62b08ce093109968ba82bb52d55c7bc8b92e4918b9,48f352137529955aed7faf1fd06be1ded7fe77708ca0989683ef984733ab71a6
cit-Patents,2403791,2403791,2403791,2,2403790,2461598,2403790,2461598,42,2,595079750888280,False,False,2000000000000000,2975398754441400,200000000000000,595079750888280,1,0,0,f8797f004315acf99faaee62b08ce093109968ba82bb52d55c7bc8b92e4918b9,48f352137529955aed7faf1fd06be1ded7fe77708ca0989683ef984733ab71a6
cit-Patents,2434672,2434672,2434672,2,2434671,2493406,2434671,2493406,88,2,1246833763765920,False,False,2000000000000000,6234168818829600,200000000000000,1246833763765920,1,0,0,f8797f004315acf99faaee62b08ce093109968ba82bb52d55c7bc8b92e4918b9,48f352137529955aed7faf1fd06be1ded7fe77708ca0989683ef984733ab71a6
cit-Patents,2465791,2465791,2465791,3,3490194,3597635,3490194,3597635,84,2,1190159501776560,False,False,2000000000000000,5950797508882800,200000000000000,1190159501776560,1,0,0,f8797f004315acf99faaee62b08ce093109968ba82bb52d55c7bc8b92e4918b9,48f352137529955aed7faf1fd06be1ded7fe77708ca0989683ef984733ab71a6
cit-Patents,2467477,2467477,2467477,2,2467473,2541585,2467473,2541585,58,2,821776798845720,False,False,2000000000000000,4108883994228600,200000000000000,821776798845720,1,0,0,f8797f004315acf99faaee62b08ce093109968ba82bb52d55c7bc8b92e4918b9,48f352137529955aed7faf1fd06be1ded7fe77708ca0989683ef984733ab71a6
cit-Patents,2480420,2480420,2480420,2,2480419,2586978,2480419,2586978,98,2,1388519418739320,False,False,2000000000000000,6942597093696600,200000000000000,1388519418739320,1,0,0,f8797f004315acf99faaee62b08ce093109968ba82bb52d55c7bc8b92e4918b9,48f352137529955aed7faf1fd06be1ded7fe77708ca0989683ef984733ab71a6
cit-Patents,2480421,2480421,2480421,2,2480419,2586978,2480419,2586978,98,2,1388519418739320,False,False,2000000000000000,6942597093696600,200000000000000,1388519418739320,1,0,0,f8797f004315acf99faaee62b08ce093109968ba82bb52d55c7bc8b92e4918b9,48f352137529955aed7faf1fd06be1ded7fe77708ca0989683ef984733ab71a6
cit-Patents,2502291,2502291,2502291,3,3270716,3300846,3270716,3300846,120,2,1700227859680800,False,False,2000000000000000,8501139298404000,200000000000000,1700227859680800,1,0,0,f8797f004315acf99faaee62b08ce093109968ba82bb52d55c7bc8b92e4918b9,48f352137529955aed7faf1fd06be1ded7fe77708ca0989683ef984733ab71a6
cit-Patents,2520356,2520356,2520356,4,3472308,3575286,3472308,3575286,85,2,1204328067273900,False,False,2000000000000000,6021640336369500,200000000000000,1204328067273900,1,0,0,f8797f004315acf99faaee62b08ce093109968ba82bb52d55c7bc8b92e4918b9,48f352137529955aed7faf1fd06be1ded7fe77708ca0989683ef984733ab71a6
cit-Patents,2520358,2520358,2520358,4,3472308,3575286,3472308,3575286,85,2,1204328067273900,False,False,2000000000000000,6021640336369500,200000000000000,1204328067273900,1,0,0,f8797f004315acf99faaee62b08ce093109968ba82bb52d55c7bc8b92e4918b9,48f352137529955aed7faf1fd06be1ded7fe77708ca0989683ef984733ab71a6
cit-Patents,2547723,2547723,2547723,3,3617667,3650155,3617667,3650155,58,2,821776798845720,False,False,2000000000000000,4108883994228600,200000000000000,821776798845720,1,0,0,f8797f004315acf99faaee62b08ce093109968ba82bb52d55c7bc8b92e4918b9,48f352137529955aed7faf1fd06be1ded7fe77708ca0989683ef984733ab71a6
cit-Patents,2561391,2561391,2561391,4,3537835,3638203,3537835,3638203,239,2,3386287153864260,False,False,2000000000000000,16931435769321300,200000000000000,3386287153864260,1,0,0,f8797f004315acf99faaee62b08ce093109968ba82bb52d55c7bc8b92e4918b9,48f352137529955aed7faf1fd06be1ded7fe77708ca0989683ef984733ab71a6
cit-Patents,2586798,2586798,2586798,3,3693161,3726617,3693161,3726617,39,2,552574054396260,False,False,2000000000000000,2762870271981300,200000000000000,552574054396260,1,0,0,f8797f004315acf99faaee62b08ce093109968ba82bb52d55c7bc8b92e4918b9,48f352137529955aed7faf1fd06be1ded7fe77708ca0989683ef984733ab71a6
cit-Patents,2586800,2586800,2586800,3,3693161,3726617,3693161,3726617,39,2,552574054396260,False,False,2000000000000000,2762870271981300,200000000000000,552574054396260,1,0,0,f8797f004315acf99faaee62b08ce093109968ba82bb52d55c7bc8b92e4918b9,48f352137529955aed7faf1fd06be1ded7fe77708ca0989683ef984733ab71a6
cit-Patents,2597772,2597772,2597772,3,3428737,3615966,3428737,3615966,62,2,878451060835080,False,False,2000000000000000,4392255304175400,200000000000000,878451060835080,1,0,0,f8797f004315acf99faaee62b08ce093109968ba82bb52d55c7bc8b92e4918b9,48f352137529955aed7faf1fd06be1ded7fe77708ca0989683ef984733ab71a6
cit-Patents,2602696,2602696,2602696,3,2602695,2801995,2602695,2801995,50,2,708428274867000,False,False,2000000000000000,3542141374335000,200000000000000,708428274867000,1,0,0,f8797f004315acf99faaee62b08ce093109968ba82bb52d55c7bc8b92e4918b9,48f352137529955aed7faf1fd06be1ded7fe77708ca0989683ef984733ab71a6
cit-Patents,2602698,2602698,2602698,3,2602695,2801995,2602695,2801995,50,2,708428274867000,False,False,2000000000000000,3542141374335000,200000000000000,708428274867000,1,0,0,f8797f004315acf99faaee62b08ce093109968ba82bb52d55c7bc8b92e4918b9,48f352137529955aed7faf1fd06be1ded7fe77708ca0989683ef984733ab71a6
cit-Patents,2602699,2602699,2602699,3,2602695,2801995,2602695,2801995,50,2,708428274867000,False,False,2000000000000000,3542141374335000,200000000000000,708428274867000,1,0,0,f8797f004315acf99faaee62b08ce093109968ba82bb52d55c7bc8b92e4918b9,48f352137529955aed7faf1fd06be1ded7fe77708ca0989683ef984733ab71a6
cit-Patents,2602700,2602700,2602700,3,2602695,2801995,2602695,2801995,50,2,708428274867000,False,False,2000000000000000,3542141374335000,200000000000000,708428274867000,1,0,0,f8797f004315acf99faaee62b08ce093109968ba82bb52d55c7bc8b92e4918b9,48f352137529955aed7faf1fd06be1ded7fe77708ca0989683ef984733ab71a6
cit-Patents,2602847,2602847,2602847,3,3204218,3372851,3204218,3372851,31,2,439225530417540,False,False,2000000000000000,2196127652087700,200000000000000,439225530417540,1,0,0,f8797f004315acf99faaee62b08ce093109968ba82bb52d55c7bc8b92e4918b9,48f352137529955aed7faf1fd06be1ded7fe77708ca0989683ef984733ab71a6
cit-Patents,2615158,2615158,2615158,3,3270716,3300846,3270716,3300846,120,2,1700227859680800,False,False,2000000000000000,8501139298404000,200000000000000,1700227859680800,1,0,0,f8797f004315acf99faaee62b08ce093109968ba82bb52d55c7bc8b92e4918b9,48f352137529955aed7faf1fd06be1ded7fe77708ca0989683ef984733ab71a6
cit-Patents,2652528,2652528,2652528,3,3387423,3529340,3387423,3529340,42,2,595079750888280,False,False,2000000000000000,2975398754441400,200000000000000,595079750888280,1,0,0,f8797f004315acf99faaee62b08ce093109968ba82bb52d55c7bc8b92e4918b9,48f352137529955aed7faf1fd06be1ded7fe77708ca0989683ef984733ab71a6
cit-Patents,2679518,2679518,2679518,3,2679517,2816383,2679517,2816383,43,2,609248316385620,False,False,2000000000000000,3046241581928100,200000000000000,609248316385620,1,0,0,f8797f004315acf99faaee62b08ce093109968ba82bb52d55c7bc8b92e4918b9,48f352137529955aed7faf1fd06be1ded7fe77708ca0989683ef984733ab71a6
cit-Patents,2679521,2679521,2679521,2,2679517,2816383,2679517,2816383,43,2,609248316385620,False,False,2000000000000000,3046241581928100,200000000000000,609248316385620,1,0,0,f8797f004315acf99faaee62b08ce093109968ba82bb52d55c7bc8b92e4918b9,48f352137529955aed7faf1fd06be1ded7fe77708ca0989683ef984733ab71a6
cit-Patents,2679523,2679523,2679523,3,2679517,2816383,2679517,2816383,43,2,609248316385620,False,False,2000000000000000,3046241581928100,200000000000000,609248316385620,1,0,0,f8797f004315acf99faaee62b08ce093109968ba82bb52d55c7bc8b92e4918b9,48f352137529955aed7faf1fd06be1ded7fe77708ca0989683ef984733ab71a6
cit-Patents,2679525,2679525,2679525,3,2679517,2816383,2679517,2816383,43,2,609248316385620,False,False,2000000000000000,3046241581928100,200000000000000,609248316385620,1,0,0,f8797f004315acf99faaee62b08ce093109968ba82bb52d55c7bc8b92e4918b9,48f352137529955aed7faf1fd06be1ded7fe77708ca0989683ef984733ab71a6
cit-Patents,2679526,2679526,2679526,3,2679517,2816383,2679517,2816383,43,2,609248316385620,False,False,2000000000000000,3046241581928100,200000000000000,609248316385620,1,0,0,f8797f004315acf99faaee62b08ce093109968ba82bb52d55c7bc8b92e4918b9,48f352137529955aed7faf1fd06be1ded7fe77708ca0989683ef984733ab71a6
cit-Patents,2708735,2708735,2708735,3,3616672,3687729,3616672,3687729,86,2,1218496632771240,False,False,2000000000000000,6092483163856200,200000000000000,1218496632771240,1,0,0,f8797f004315acf99faaee62b08ce093109968ba82bb52d55c7bc8b92e4918b9,48f352137529955aed7faf1fd06be1ded7fe77708ca0989683ef984733ab71a6
cit-Patents,2718314,2718314,2718314,4,3730281,3740059,3730281,3740059,70,2,991799584813800,False,False,2000000000000000,4958997924069000,200000000000000,991799584813800,1,0,0,f8797f004315acf99faaee62b08ce093109968ba82bb52d55c7bc8b92e4918b9,48f352137529955aed7faf1fd06be1ded7fe77708ca0989683ef984733ab71a6
cit-Patents,2718315,2718315,2718315,4,3730281,3740059,3730281,3740059,70,2,991799584813800,False,False,2000000000000000,4958997924069000,200000000000000,991799584813800,1,0,0,f8797f004315acf99faaee62b08ce093109968ba82bb52d55c7bc8b92e4918b9,48f352137529955aed7faf1fd06be1ded7fe77708ca0989683ef984733ab71a6
cit-Patents,2718316,2718316,2718316,4,3730281,3740059,3730281,3740059,70,2,991799584813800,False,False,2000000000000000,4958997924069000,200000000000000,991799584813800,1,0,0,f8797f004315acf99faaee62b08ce093109968ba82bb52d55c7bc8b92e4918b9,48f352137529955aed7faf1fd06be1ded7fe77708ca0989683ef984733ab71a6
cit-Patents,2718317,2718317,2718317,4,3730281,3740059,3730281,3740059,70,2,991799584813800,False,False,2000000000000000,4958997924069000,200000000000000,991799584813800,1,0,0,f8797f004315acf99faaee62b08ce093109968ba82bb52d55c7bc8b92e4918b9,48f352137529955aed7faf1fd06be1ded7fe77708ca0989683ef984733ab71a6
cit-Patents,2718598,2718598,2718598,2,2718596,2770919,2718596,2770919,47,2,665922578374980,False,False,2000000000000000,3329612891874900,200000000000000,665922578374980,1,0,0,f8797f004315acf99faaee62b08ce093109968ba82bb52d55c7bc8b92e4918b9,48f352137529955aed7faf1fd06be1ded7fe77708ca0989683ef984733ab71a6
cit-Patents,2718599,2718599,2718599,2,2718596,2770919,2718596,2770919,47,2,665922578374980,False,False,2000000000000000,3329612891874900,200000000000000,665922578374980,1,0,0,f8797f004315acf99faaee62b08ce093109968ba82bb52d55c7bc8b92e4918b9,48f352137529955aed7faf1fd06be1ded7fe77708ca0989683ef984733ab71a6
cit-Patents,2718600,2718600,2718600,2,2718596,2770919,2718596,2770919,47,2,665922578374980,False,False,2000000000000000,3329612891874900,200000000000000,665922578374980,1,0,0,f8797f004315acf99faaee62b08ce093109968ba82bb52d55c7bc8b92e4918b9,48f352137529955aed7faf1fd06be1ded7fe77708ca0989683ef984733ab71a6
cit-Patents,2718601,2718601,2718601,2,2718596,2770919,2718596,2770919,47,2,665922578374980,False,False,2000000000000000,3329612891874900,200000000000000,665922578374980,1,0,0,f8797f004315acf99faaee62b08ce093109968ba82bb52d55c7bc8b92e4918b9,48f352137529955aed7faf1fd06be1ded7fe77708ca0989683ef984733ab71a6
cit-Patents,2718603,2718603,2718603,2,2718596,2770919,2718596,2770919,47,2,665922578374980,False,False,2000000000000000,3329612891874900,200000000000000,665922578374980,1,0,0,f8797f004315acf99faaee62b08ce093109968ba82bb52d55c7bc8b92e4918b9,48f352137529955aed7faf1fd06be1ded7fe77708ca0989683ef984733ab71a6
cit-Patents,2718604,2718604,2718604,2,2718596,2770919,2718596,2770919,47,2,665922578374980,False,False,2000000000000000,3329612891874900,200000000000000,665922578374980,1,0,0,f8797f004315acf99faaee62b08ce093109968ba82bb52d55c7bc8b92e4918b9,48f352137529955aed7faf1fd06be1ded7fe77708ca0989683ef984733ab71a6
cit-Patents,2718605,2718605,2718605,2,2718596,2770919,2718596,2770919,47,2,665922578374980,False,False,2000000000000000,3329612891874900,200000000000000,665922578374980,1,0,0,f8797f004315acf99faaee62b08ce093109968ba82bb52d55c7bc8b92e4918b9,48f352137529955aed7faf1fd06be1ded7fe77708ca0989683ef984733ab71a6
cit-Patents,2741139,2741139,2741139,4,3694078,3741063,3694078,3741063,46,2,651754012877640,False,False,2000000000000000,3258770064388200,200000000000000,651754012877640,1,0,0,f8797f004315acf99faaee62b08ce093109968ba82bb52d55c7bc8b92e4918b9,48f352137529955aed7faf1fd06be1ded7fe77708ca0989683ef984733ab71a6
cit-Patents,2742910,2742910,2742910,3,3614748,3614754,3614748,3614754,97,2,1374350853241980,False,False,2000000000000000,6871754266209900,200000000000000,1374350853241980,1,0,0,f8797f004315acf99faaee62b08ce093109968ba82bb52d55c7bc8b92e4918b9,48f352137529955aed7faf1fd06be1ded7fe77708ca0989683ef984733ab71a6
cit-Patents,2745296,2745296,2745296,2,2745295,2927921,2745295,2927921,32,2,453394095914880,False,False,2000000000000000,2266970479574400,200000000000000,453394095914880,1,0,0,f8797f004315acf99faaee62b08ce093109968ba82bb52d55c7bc8b92e4918b9,48f352137529955aed7faf1fd06be1ded7fe77708ca0989683ef984733ab71a6
cit-Patents,2745297,2745297,2745297,2,2745295,2927921,2745295,2927921,32,2,453394095914880,False,False,2000000000000000,2266970479574400,200000000000000,453394095914880,1,0,0,f8797f004315acf99faaee62b08ce093109968ba82bb52d55c7bc8b92e4918b9,48f352137529955aed7faf1fd06be1ded7fe77708ca0989683ef984733ab71a6
cit-Patents,2745298,2745298,2745298,2,2745295,2927921,2745295,2927921,32,2,453394095914880,False,False,2000000000000000,2266970479574400,200000000000000,453394095914880,1,0,0,f8797f004315acf99faaee62b08ce093109968ba82bb52d55c7bc8b92e4918b9,48f352137529955aed7faf1fd06be1ded7fe77708ca0989683ef984733ab71a6
cit-Patents,2745299,2745299,2745299,2,2745295,2927921,2745295,2927921,32,2,453394095914880,False,False,2000000000000000,2266970479574400,200000000000000,453394095914880,1,0,0,f8797f004315acf99faaee62b08ce093109968ba82bb52d55c7bc8b92e4918b9,48f352137529955aed7faf1fd06be1ded7fe77708ca0989683ef984733ab71a6
cit-Patents,2745300,2745300,2745300,2,2745295,2927921,2745295,2927921,32,2,453394095914880,False,False,2000000000000000,2266970479574400,200000000000000,453394095914880,1,0,0,f8797f004315acf99faaee62b08ce093109968ba82bb52d55c7bc8b92e4918b9,48f352137529955aed7faf1fd06be1ded7fe77708ca0989683ef984733ab71a6
cit-Patents,2745301,2745301,2745301,2,2745295,2927921,2745295,2927921,32,2,453394095914880,False,False,2000000000000000,2266970479574400,200000000000000,453394095914880,1,0,0,f8797f004315acf99faaee62b08ce093109968ba82bb52d55c7bc8b92e4918b9,48f352137529955aed7faf1fd06be1ded7fe77708ca0989683ef984733ab71a6
cit-Patents,2745302,2745302,2745302,2,2745295,2927921,2745295,2927921,32,2,453394095914880,False,False,2000000000000000,2266970479574400,200000000000000,453394095914880,1,0,0,f8797f004315acf99faaee62b08ce093109968ba82bb52d55c7bc8b92e4918b9,48f352137529955aed7faf1fd06be1ded7fe77708ca0989683ef984733ab71a6
cit-Patents,2745304,2745304,2745304,2,2745295,2927921,2745295,2927921,32,2,453394095914880,False,False,2000000000000000,2266970479574400,200000000000000,453394095914880,1,0,0,f8797f004315acf99faaee62b08ce093109968ba82bb52d55c7bc8b92e4918b9,48f352137529955aed7faf1fd06be1ded7fe77708ca0989683ef984733ab71a6
cit-Patents,2755010,2755010,2755010,3,3004503,3146139,3004503,3146139,59,2,835945364343060,False,False,2000000000000000,4179726821715300,200000000000000,835945364343060,1,0,0,f8797f004315acf99faaee62b08ce093109968ba82bb52d55c7bc8b92e4918b9,48f352137529955aed7faf1fd06be1ded7fe77708ca0989683ef984733ab71a6
cit-Patents,2758079,2758079,2758079,4,3216159,3299868,3216159,3299868,34,2,481731226909560,False,False,2000000000000000,2408656134547800,200000000000000,481731226909560,1,0,0,f8797f004315acf99faaee62b08ce093109968ba82bb52d55c7bc8b92e4918b9,48f352137529955aed7faf1fd06be1ded7fe77708ca0989683ef984733ab71a6
cit-Patents,2758080,2758080,2758080,4,3216159,3299868,3216159,3299868,34,2,481731226909560,False,False,2000000000000000,2408656134547800,200000000000000,481731226909560,1,0,0,f8797f004315acf99faaee62b08ce093109968ba82bb52d55c7bc8b92e4918b9,48f352137529955aed7faf1fd06be1ded7fe77708ca0989683ef984733ab71a6
cit-Patents,2758081,2758081,2758081,5,3216159,3299868,3216159,3299868,34,2,481731226909560,False,False,2000000000000000,2408656134547800,200000000000000,481731226909560,1,0,0,f8797f004315acf99faaee62b08ce093109968ba82bb52d55c7bc8b92e4918b9,48f352137529955aed7faf1fd06be1ded7fe77708ca0989683ef984733ab71a6
cit-Patents,2758451,2758451,2758451,3,3063422,3336500,3063422,3336500,48,2,680091143872320,False,False,2000000000000000,3400455719361600,200000000000000,680091143872320,1,0,0,f8797f004315acf99faaee62b08ce093109968ba82bb52d55c7bc8b92e4918b9,48f352137529955aed7faf1fd06be1ded7fe77708ca0989683ef984733ab71a6
cit-Patents,2758452,2758452,2758452,3,3063422,3336500,3063422,3336500,48,2,680091143872320,False,False,2000000000000000,3400455719361600,200000000000000,680091143872320,1,0,0,f8797f004315acf99faaee62b08ce093109968ba82bb52d55c7bc8b92e4918b9,48f352137529955aed7faf1fd06be1ded7fe77708ca0989683ef984733ab71a6
cit-Patents,2758454,2758454,2758454,3,3063422,3336500,3063422,3336500,48,2,680091143872320,False,False,2000000000000000,3400455719361600,200000000000000,680091143872320,1,0,0,f8797f004315acf99faaee62b08ce093109968ba82bb52d55c7bc8b92e4918b9,48f352137529955aed7faf1fd06be1ded7fe77708ca0989683ef984733ab71a6
cit-Patents,2758456,2758456,2758456,3,3063422,3336500,3063422,3336500,48,2,680091143872320,False,False,2000000000000000,3400455719361600,200000000000000,680091143872320,1,0,0,f8797f004315acf99faaee62b08ce093109968ba82bb52d55c7bc8b92e4918b9,48f352137529955aed7faf1fd06be1ded7fe77708ca0989683ef984733ab71a6
cit-Patents,2758462,2758462,2758462,3,3063422,3336500,3063422,3336500,48,2,680091143872320,False,False,2000000000000000,3400455719361600,200000000000000,680091143872320,1,0,0,f8797f004315acf99faaee62b08ce093109968ba82bb52d55c7bc8b92e4918b9,48f352137529955aed7faf1fd06be1ded7fe77708ca0989683ef984733ab71a6
cit-Patents,2758463,2758463,2758463,3,3063422,3336500,3063422,3336500,48,2,680091143872320,False,False,2000000000000000,3400455719361600,200000000000000,680091143872320,1,0,0,f8797f004315acf99faaee62b08ce093109968ba82bb52d55c7bc8b92e4918b9,48f352137529955aed7faf1fd06be1ded7fe77708ca0989683ef984733ab71a6
cit-Patents,2763260,2763260,2763260,4,3473063,3710750,3473063,3710750,41,2,580911185390940,False,False,2000000000000000,2904555926954700,200000000000000,580911185390940,1,0,0,f8797f004315acf99faaee62b08ce093109968ba82bb52d55c7bc8b92e4918b9,48f352137529955aed7faf1fd06be1ded7fe77708ca0989683ef984733ab71a6
cit-Patents,2766090,2766090,2766090,3,3090315,3757019,3090315,3757019,83,2,1175990936279220,False,False,2000000000000000,5879954681396100,200000000000000,1175990936279220,1,0,0,f8797f004315acf99faaee62b08ce093109968ba82bb52d55c7bc8b92e4918b9,48f352137529955aed7faf1fd06be1ded7fe77708ca0989683ef984733ab71a6
cit-Patents,2793596,2793596,2793596,2,2793595,2816535,2793595,2816535,39,2,552574054396260,False,False,2000000000000000,2762870271981300,200000000000000,552574054396260,1,0,0,f8797f004315acf99faaee62b08ce093109968ba82bb52d55c7bc8b92e4918b9,48f352137529955aed7faf1fd06be1ded7fe77708ca0989683ef984733ab71a6
cit-Patents,2793598,2793598,2793598,2,2793595,2816535,2793595,2816535,39,2,552574054396260,False,False,2000000000000000,2762870271981300,200000000000000,552574054396260,1,0,0,f8797f004315acf99faaee62b08ce093109968ba82bb52d55c7bc8b92e4918b9,48f352137529955aed7faf1fd06be1ded7fe77708ca0989683ef984733ab71a6
cit-Patents,2826371,2826371,2826371,2,2826369,3005334,2826369,3005334,116,2,1643553597691440,False,False,2000000000000000,8217767988457200,200000000000000,1643553597691440,1,0,0,f8797f004315acf99faaee62b08ce093109968ba82bb52d55c7bc8b92e4918b9,48f352137529955aed7faf1fd06be1ded7fe77708ca0989683ef984733ab71a6
cit-Patents,2842127,2842127,2842127,4,3270127,3298130,3270127,3298130,31,2,439225530417540,False,False,2000000000000000,2196127652087700,200000000000000,439225530417540,1,0,0,f8797f004315acf99faaee62b08ce093109968ba82bb52d55c7bc8b92e4918b9,48f352137529955aed7faf1fd06be1ded7fe77708ca0989683ef984733ab71a6
cit-Patents,2856264,2856264,2856264,2,2856263,2894430,2856263,2894430,34,2,481731226909560,False,False,2000000000000000,2408656134547800,200000000000000,481731226909560,1,0,0,f8797f004315acf99faaee62b08ce093109968ba82bb52d55c7bc8b92e4918b9,48f352137529955aed7faf1fd06be1ded7fe77708ca0989683ef984733ab71a6
cit-Patents,2863792,2863792,2863792,2,2863790,3015537,2863790,3015537,29,2,410888399422860,False,False,2000000000000000,2054441997114300,200000000000000,410888399422860,1,0,0,f8797f004315acf99faaee62b08ce093109968ba82bb52d55c7bc8b92e4918b9,48f352137529955aed7faf1fd06be1ded7fe77708ca0989683ef984733ab71a6
cit-Patents,2863793,2863793,2863793,2,2863790,3015537,2863790,3015537,29,2,410888399422860,False,False,2000000000000000,2054441997114300,200000000000000,410888399422860,1,0,0,f8797f004315acf99faaee62b08ce093109968ba82bb52d55c7bc8b92e4918b9,48f352137529955aed7faf1fd06be1ded7fe77708ca0989683ef984733ab71a6
cit-Patents,2863795,2863795,2863795,2,2863790,3015537,2863790,3015537,29,2,410888399422860,False,False,2000000000000000,2054441997114300,200000000000000,410888399422860,1,0,0,f8797f004315acf99faaee62b08ce093109968ba82bb52d55c7bc8b92e4918b9,48f352137529955aed7faf1fd06be1ded7fe77708ca0989683ef984733ab71a6
cit-Patents,2863796,2863796,2863796,2,2863790,3015537,2863790,3015537,29,2,410888399422860,False,False,2000000000000000,2054441997114300,200000000000000,410888399422860,1,0,0,f8797f004315acf99faaee62b08ce093109968ba82bb52d55c7bc8b92e4918b9,48f352137529955aed7faf1fd06be1ded7fe77708ca0989683ef984733ab71a6
cit-Patents,2863797,2863797,2863797,2,2863790,3015537,2863790,3015537,29,2,410888399422860,False,False,2000000000000000,2054441997114300,200000000000000,410888399422860,1,0,0,f8797f004315acf99faaee62b08ce093109968ba82bb52d55c7bc8b92e4918b9,48f352137529955aed7faf1fd06be1ded7fe77708ca0989683ef984733ab71a6
cit-Patents,2863799,2863799,2863799,2,2863790,3015537,2863790,3015537,29,2,410888399422860,False,False,2000000000000000,2054441997114300,200000000000000,410888399422860,1,0,0,f8797f004315acf99faaee62b08ce093109968ba82bb52d55c7bc8b92e4918b9,48f352137529955aed7faf1fd06be1ded7fe77708ca0989683ef984733ab71a6
cit-Patents,2863800,2863800,2863800,2,2863790,3015537,2863790,3015537,29,2,410888399422860,False,False,2000000000000000,2054441997114300,200000000000000,410888399422860,1,0,0,f8797f004315acf99faaee62b08ce093109968ba82bb52d55c7bc8b92e4918b9,48f352137529955aed7faf1fd06be1ded7fe77708ca0989683ef984733ab71a6
cit-Patents,2877858,2877858,2877858,2,2877857,3006151,2877857,3006151,36,2,510068357904240,False,False,2000000000000000,2550341789521200,200000000000000,510068357904240,1,0,0,f8797f004315acf99faaee62b08ce093109968ba82bb52d55c7bc8b92e4918b9,48f352137529955aed7faf1fd06be1ded7fe77708ca0989683ef984733ab71a6
cit-Patents,2885265,2885265,2885265,2,2885264,2988004,2885264,2988004,44,2,623416881882960,False,False,2000000000000000,3117084409414800,200000000000000,623416881882960,1,0,0,f8797f004315acf99faaee62b08ce093109968ba82bb52d55c7bc8b92e4918b9,48f352137529955aed7faf1fd06be1ded7fe77708ca0989683ef984733ab71a6
cit-Patents,2887261,2887261,2887261,2,2887260,2913669,2887260,2913669,40,2,566742619893600,False,False,2000000000000000,2833713099468000,200000000000000,566742619893600,1,0,0,f8797f004315acf99faaee62b08ce093109968ba82bb52d55c7bc8b92e4918b9,48f352137529955aed7faf1fd06be1ded7fe77708ca0989683ef984733ab71a6
cit-Patents,2889641,2889641,2889641,3,2889640,3091322,2889640,3091322,36,2,510068357904240,False,False,2000000000000000,2550341789521200,200000000000000,510068357904240,1,0,0,f8797f004315acf99faaee62b08ce093109968ba82bb52d55c7bc8b92e4918b9,48f352137529955aed7faf1fd06be1ded7fe77708ca0989683ef984733ab71a6
cit-Patents,2894260,2894260,2894260,3,3709150,3740113,3709150,3740113,45,2,637585447380300,False,False,2000000000000000,3187927236901500,200000000000000,637585447380300,1,0,0,f8797f004315acf99faaee62b08ce093109968ba82bb52d55c7bc8b92e4918b9,48f352137529955aed7faf1fd06be1ded7fe77708ca0989683ef984733ab71a6
cit-Patents,2896488,2896488,2896488,3,3555895,3602392,3555895,3602392,128,2,1813576383659520,False,False,2000000000000000,9067881918297600,200000000000000,1813576383659520,1,0,0,f8797f004315acf99faaee62b08ce093109968ba82bb52d55c7bc8b92e4918b9,48f352137529955aed7faf1fd06be1ded7fe77708ca0989683ef984733ab71a6
cit-Patents,2896489,2896489,2896489,3,3555895,3602392,3555895,3602392,128,2,1813576383659520,False,False,2000000000000000,9067881918297600,200000000000000,1813576383659520,1,0,0,f8797f004315acf99faaee62b08ce093109968ba82bb52d55c7bc8b92e4918b9,48f352137529955aed7faf1fd06be1ded7fe77708ca0989683ef984733ab71a6
cit-Patents,2926247,2926247,2926247,3,3709150,3740113,3709150,3740113,45,2,637585447380300,False,False,2000000000000000,3187927236901500,200000000000000,637585447380300,1,0,0,f8797f004315acf99faaee62b08ce093109968ba82bb52d55c7bc8b92e4918b9,48f352137529955aed7faf1fd06be1ded7fe77708ca0989683ef984733ab71a6
cit-Patents,2926248,2926248,2926248,3,3709150,3740113,3709150,3740113,45,2,637585447380300,False,False,2000000000000000,3187927236901500,200000000000000,637585447380300,1,0,0,f8797f004315acf99faaee62b08ce093109968ba82bb52d55c7bc8b92e4918b9,48f352137529955aed7faf1fd06be1ded7fe77708ca0989683ef984733ab71a6
cit-Patents,2928994,2928994,2928994,5,3407674,3445055,3407674,3445055,120,2,1700227859680800,False,False,2000000000000000,8501139298404000,200000000000000,1700227859680800,3,0,0,f8797f004315acf99faaee62b08ce093109968ba82bb52d55c7bc8b92e4918b9,48f352137529955aed7faf1fd06be1ded7fe77708ca0989683ef984733ab71a6
cit-Patents,2928995,2928995,2928995,5,3407674,3445055,3407674,3445055,120,2,1700227859680800,False,False,2000000000000000,8501139298404000,200000000000000,1700227859680800,3,0,0,f8797f004315acf99faaee62b08ce093109968ba82bb52d55c7bc8b92e4918b9,48f352137529955aed7faf1fd06be1ded7fe77708ca0989683ef984733ab71a6
cit-Patents,2928996,2928996,2928996,5,3407674,3445055,3407674,3445055,120,2,1700227859680800,False,False,2000000000000000,8501139298404000,200000000000000,1700227859680800,3,0,0,f8797f004315acf99faaee62b08ce093109968ba82bb52d55c7bc8b92e4918b9,48f352137529955aed7faf1fd06be1ded7fe77708ca0989683ef984733ab71a6
cit-Patents,2928997,2928997,2928997,5,3407674,3445055,3407674,3445055,120,2,1700227859680800,False,False,2000000000000000,8501139298404000,200000000000000,1700227859680800,3,0,0,f8797f004315acf99faaee62b08ce093109968ba82bb52d55c7bc8b92e4918b9,48f352137529955aed7faf1fd06be1ded7fe77708ca0989683ef984733ab71a6
cit-Patents,2928998,2928998,2928998,5,3407674,3445055,3407674,3445055,120,2,1700227859680800,False,False,2000000000000000,8501139298404000,200000000000000,1700227859680800,3,0,0,f8797f004315acf99faaee62b08ce093109968ba82bb52d55c7bc8b92e4918b9,48f352137529955aed7faf1fd06be1ded7fe77708ca0989683ef984733ab71a6
cit-Patents,2928999,2928999,2928999,5,3407674,3445055,3407674,3445055,120,2,1700227859680800,False,False,2000000000000000,8501139298404000,200000000000000,1700227859680800,3,0,0,f8797f004315acf99faaee62b08ce093109968ba82bb52d55c7bc8b92e4918b9,48f352137529955aed7faf1fd06be1ded7fe77708ca0989683ef984733ab71a6
cit-Patents,2929000,2929000,2929000,5,3407674,3445055,3407674,3445055,120,2,1700227859680800,False,False,2000000000000000,8501139298404000,200000000000000,1700227859680800,3,0,0,f8797f004315acf99faaee62b08ce093109968ba82bb52d55c7bc8b92e4918b9,48f352137529955aed7faf1fd06be1ded7fe77708ca0989683ef984733ab71a6
cit-Patents,2929001,2929001,2929001,5,3407674,3445055,3407674,3445055,120,2,1700227859680800,False,False,2000000000000000,8501139298404000,200000000000000,1700227859680800,3,0,0,f8797f004315acf99faaee62b08ce093109968ba82bb52d55c7bc8b92e4918b9,48f352137529955aed7faf1fd06be1ded7fe77708ca0989683ef984733ab71a6
cit-Patents,2929002,2929002,2929002,5,3407674,3445055,3407674,3445055,120,2,1700227859680800,False,False,2000000000000000,8501139298404000,200000000000000,1700227859680800,3,0,0,f8797f004315acf99faaee62b08ce093109968ba82bb52d55c7bc8b92e4918b9,48f352137529955aed7faf1fd06be1ded7fe77708ca0989683ef984733ab71a6
cit-Patents,2929003,2929003,2929003,5,3407674,3445055,3407674,3445055,120,2,1700227859680800,False,False,2000000000000000,8501139298404000,200000000000000,1700227859680800,3,0,0,f8797f004315acf99faaee62b08ce093109968ba82bb52d55c7bc8b92e4918b9,48f352137529955aed7faf1fd06be1ded7fe77708ca0989683ef984733ab71a6
cit-Patents,2929004,2929004,2929004,5,3407674,3445055,3407674,3445055,120,2,1700227859680800,False,False,2000000000000000,8501139298404000,200000000000000,1700227859680800,3,0,0,f8797f004315acf99faaee62b08ce093109968ba82bb52d55c7bc8b92e4918b9,48f352137529955aed7faf1fd06be1ded7fe77708ca0989683ef984733ab71a6
cit-Patents,2929005,2929005,2929005,5,3407674,3445055,3407674,3445055,120,2,1700227859680800,False,False,2000000000000000,8501139298404000,200000000000000,1700227859680800,3,0,0,f8797f004315acf99faaee62b08ce093109968ba82bb52d55c7bc8b92e4918b9,48f352137529955aed7faf1fd06be1ded7fe77708ca0989683ef984733ab71a6
cit-Patents,2929006,2929006,2929006,5,3407674,3445055,3407674,3445055,120,2,1700227859680800,False,False,2000000000000000,8501139298404000,200000000000000,1700227859680800,3,0,0,f8797f004315acf99faaee62b08ce093109968ba82bb52d55c7bc8b92e4918b9,48f352137529955aed7faf1fd06be1ded7fe77708ca0989683ef984733ab71a6
cit-Patents,2929007,2929007,2929007,5,3407674,3445055,3407674,3445055,120,2,1700227859680800,False,False,2000000000000000,8501139298404000,200000000000000,1700227859680800,3,0,0,f8797f004315acf99faaee62b08ce093109968ba82bb52d55c7bc8b92e4918b9,48f352137529955aed7faf1fd06be1ded7fe77708ca0989683ef984733ab71a6
cit-Patents,2929008,2929008,2929008,5,3407674,3445055,3407674,3445055,120,2,1700227859680800,False,False,2000000000000000,8501139298404000,200000000000000,1700227859680800,3,0,0,f8797f004315acf99faaee62b08ce093109968ba82bb52d55c7bc8b92e4918b9,48f352137529955aed7faf1fd06be1ded7fe77708ca0989683ef984733ab71a6
cit-Patents,2929009,2929009,2929009,5,3407674,3445055,3407674,3445055,120,2,1700227859680800,False,False,2000000000000000,8501139298404000,200000000000000,1700227859680800,3,0,0,f8797f004315acf99faaee62b08ce093109968ba82bb52d55c7bc8b92e4918b9,48f352137529955aed7faf1fd06be1ded7fe77708ca0989683ef984733ab71a6
cit-Patents,2929010,2929010,2929010,5,3407674,3445055,3407674,3445055,120,2,1700227859680800,False,False,2000000000000000,8501139298404000,200000000000000,1700227859680800,3,0,0,f8797f004315acf99faaee62b08ce093109968ba82bb52d55c7bc8b92e4918b9,48f352137529955aed7faf1fd06be1ded7fe77708ca0989683ef984733ab71a6
cit-Patents,2929011,2929011,2929011,5,3407674,3445055,3407674,3445055,120,2,1700227859680800,False,False,2000000000000000,8501139298404000,200000000000000,1700227859680800,3,0,0,f8797f004315acf99faaee62b08ce093109968ba82bb52d55c7bc8b92e4918b9,48f352137529955aed7faf1fd06be1ded7fe77708ca0989683ef984733ab71a6
cit-Patents,2929012,2929012,2929012,5,3407674,3445055,3407674,3445055,120,2,1700227859680800,False,False,2000000000000000,8501139298404000,200000000000000,1700227859680800,3,0,0,f8797f004315acf99faaee62b08ce093109968ba82bb52d55c7bc8b92e4918b9,48f352137529955aed7faf1fd06be1ded7fe77708ca0989683ef984733ab71a6
cit-Patents,2929013,2929013,2929013,5,3407674,3445055,3407674,3445055,120,2,1700227859680800,False,False,2000000000000000,8501139298404000,200000000000000,1700227859680800,3,0,0,f8797f004315acf99faaee62b08ce093109968ba82bb52d55c7bc8b92e4918b9,48f352137529955aed7faf1fd06be1ded7fe77708ca0989683ef984733ab71a6
cit-Patents,2929014,2929014,2929014,5,3407674,3445055,3407674,3445055,120,2,1700227859680800,False,False,2000000000000000,8501139298404000,200000000000000,1700227859680800,3,0,0,f8797f004315acf99faaee62b08ce093109968ba82bb52d55c7bc8b92e4918b9,48f352137529955aed7faf1fd06be1ded7fe77708ca0989683ef984733ab71a6
cit-Patents,2929015,2929015,2929015,5,3407674,3445055,3407674,3445055,120,2,1700227859680800,False,False,2000000000000000,8501139298404000,200000000000000,1700227859680800,3,0,0,f8797f004315acf99faaee62b08ce093109968ba82bb52d55c7bc8b92e4918b9,48f352137529955aed7faf1fd06be1ded7fe77708ca0989683ef984733ab71a6
cit-Patents,2929016,2929016,2929016,5,3407674,3445055,3407674,3445055,120,2,1700227859680800,False,False,2000000000000000,8501139298404000,200000000000000,1700227859680800,3,0,0,f8797f004315acf99faaee62b08ce093109968ba82bb52d55c7bc8b92e4918b9,48f352137529955aed7faf1fd06be1ded7fe77708ca0989683ef984733ab71a6
cit-Patents,2929017,2929017,2929017,5,3407674,3445055,3407674,3445055,120,2,1700227859680800,False,False,2000000000000000,8501139298404000,200000000000000,1700227859680800,3,0,0,f8797f004315acf99faaee62b08ce093109968ba82bb52d55c7bc8b92e4918b9,48f352137529955aed7faf1fd06be1ded7fe77708ca0989683ef984733ab71a6
cit-Patents,2929018,2929018,2929018,5,3407674,3445055,3407674,3445055,120,2,1700227859680800,False,False,2000000000000000,8501139298404000,200000000000000,1700227859680800,3,0,0,f8797f004315acf99faaee62b08ce093109968ba82bb52d55c7bc8b92e4918b9,48f352137529955aed7faf1fd06be1ded7fe77708ca0989683ef984733ab71a6
cit-Patents,2929019,2929019,2929019,5,3407674,3445055,3407674,3445055,120,2,1700227859680800,False,False,2000000000000000,8501139298404000,200000000000000,1700227859680800,3,0,0,f8797f004315acf99faaee62b08ce093109968ba82bb52d55c7bc8b92e4918b9,48f352137529955aed7faf1fd06be1ded7fe77708ca0989683ef984733ab71a6
cit-Patents,2929020,2929020,2929020,5,3407674,3445055,3407674,3445055,120,2,1700227859680800,False,False,2000000000000000,8501139298404000,200000000000000,1700227859680800,3,0,0,f8797f004315acf99faaee62b08ce093109968ba82bb52d55c7bc8b92e4918b9,48f352137529955aed7faf1fd06be1ded7fe77708ca0989683ef984733ab71a6
cit-Patents,2929022,2929022,2929022,5,3407674,3445055,3407674,3445055,120,2,1700227859680800,False,False,2000000000000000,8501139298404000,200000000000000,1700227859680800,3,0,0,f8797f004315acf99faaee62b08ce093109968ba82bb52d55c7bc8b92e4918b9,48f352137529955aed7faf1fd06be1ded7fe77708ca0989683ef984733ab71a6
cit-Patents,2929023,2929023,2929023,5,3407674,3445055,3407674,3445055,120,2,1700227859680800,False,False,2000000000000000,8501139298404000,200000000000000,1700227859680800,3,0,0,f8797f004315acf99faaee62b08ce093109968ba82bb52d55c7bc8b92e4918b9,48f352137529955aed7faf1fd06be1ded7fe77708ca0989683ef984733ab71a6
cit-Patents,2933023,2933023,2933023,3,2933021,3224102,2933021,3224102,34,2,481731226909560,False,False,2000000000000000,2408656134547800,200000000000000,481731226909560,1,0,0,f8797f004315acf99faaee62b08ce093109968ba82bb52d55c7bc8b92e4918b9,48f352137529955aed7faf1fd06be1ded7fe77708ca0989683ef984733ab71a6
cit-Patents,2933612,2933612,2933612,3,2933611,2969142,2933611,2969142,47,2,665922578374980,False,False,2000000000000000,3329612891874900,200000000000000,665922578374980,1,0,0,f8797f004315acf99faaee62b08ce093109968ba82bb52d55c7bc8b92e4918b9,48f352137529955aed7faf1fd06be1ded7fe77708ca0989683ef984733ab71a6
cit-Patents,2936462,2936462,2936462,2,2936461,3040115,2936461,3040115,32,2,453394095914880,False,False,2000000000000000,2266970479574400,200000000000000,453394095914880,1,0,0,f8797f004315acf99faaee62b08ce093109968ba82bb52d55c7bc8b92e4918b9,48f352137529955aed7faf1fd06be1ded7fe77708ca0989683ef984733ab71a6
cit-Patents,2938364,2938364,2938364,3,2938363,3138617,2938363,3138617,37,2,524236923401580,False,False,2000000000000000,2621184617007900,200000000000000,524236923401580,1,0,0,f8797f004315acf99faaee62b08ce093109968ba82bb52d55c7bc8b92e4918b9,48f352137529955aed7faf1fd06be1ded7fe77708ca0989683ef984733ab71a6
cit-Patents,2938367,2938367,2938367,3,2938363,3138617,2938363,3138617,37,2,524236923401580,False,False,2000000000000000,2621184617007900,200000000000000,524236923401580,1,0,0,f8797f004315acf99faaee62b08ce093109968ba82bb52d55c7bc8b92e4918b9,48f352137529955aed7faf1fd06be1ded7fe77708ca0989683ef984733ab71a6
cit-Patents,2941299,2941299,2941299,3,2941298,2984927,2941298,2984927,41,2,580911185390940,False,False,2000000000000000,2904555926954700,200000000000000,580911185390940,1,0,0,f8797f004315acf99faaee62b08ce093109968ba82bb52d55c7bc8b92e4918b9,48f352137529955aed7faf1fd06be1ded7fe77708ca0989683ef984733ab71a6
cit-Patents,2944783,2944783,2944783,2,2944782,3101229,2944782,3101229,36,2,510068357904240,False,False,2000000000000000,2550341789521200,200000000000000,510068357904240,1,0,0,f8797f004315acf99faaee62b08ce093109968ba82bb52d55c7bc8b92e4918b9,48f352137529955aed7faf1fd06be1ded7fe77708ca0989683ef984733ab71a6
cit-Patents,2944784,2944784,2944784,2,2944782,3101229,2944782,3101229,36,2,510068357904240,False,False,2000000000000000,2550341789521200,200000000000000,510068357904240,1,0,0,f8797f004315acf99faaee62b08ce093109968ba82bb52d55c7bc8b92e4918b9,48f352137529955aed7faf1fd06be1ded7fe77708ca0989683ef984733ab71a6
cit-Patents,2944785,2944785,2944785,2,2944782,3101229,2944782,3101229,36,2,510068357904240,False,False,2000000000000000,2550341789521200,200000000000000,510068357904240,1,0,0,f8797f004315acf99faaee62b08ce093109968ba82bb52d55c7bc8b92e4918b9,48f352137529955aed7faf1fd06be1ded7fe77708ca0989683ef984733ab71a6
cit-Patents,2944786,2944786,2944786,2,2944782,3101229,2944782,3101229,36,2,510068357904240,False,False,2000000000000000,2550341789521200,200000000000000,510068357904240,1,0,0,f8797f004315acf99faaee62b08ce093109968ba82bb52d55c7bc8b92e4918b9,48f352137529955aed7faf1fd06be1ded7fe77708ca0989683ef984733ab71a6
cit-Patents,2944787,2944787,2944787,2,2944782,3101229,2944782,3101229,36,2,510068357904240,False,False,2000000000000000,2550341789521200,200000000000000,510068357904240,1,0,0,f8797f004315acf99faaee62b08ce093109968ba82bb52d55c7bc8b92e4918b9,48f352137529955aed7faf1fd06be1ded7fe77708ca0989683ef984733ab71a6
cit-Patents,2944788,2944788,2944788,2,2944782,3101229,2944782,3101229,36,2,510068357904240,False,False,2000000000000000,2550341789521200,200000000000000,510068357904240,1,0,0,f8797f004315acf99faaee62b08ce093109968ba82bb52d55c7bc8b92e4918b9,48f352137529955aed7faf1fd06be1ded7fe77708ca0989683ef984733ab71a6
cit-Patents,2944789,2944789,2944789,2,2944782,3101229,2944782,3101229,36,2,510068357904240,False,False,2000000000000000,2550341789521200,200000000000000,510068357904240,1,0,0,f8797f004315acf99faaee62b08ce093109968ba82bb52d55c7bc8b92e4918b9,48f352137529955aed7faf1fd06be1ded7fe77708ca0989683ef984733ab71a6
cit-Patents,2953289,2953289,2953289,2,2953288,3070418,2953288,3070418,38,2,538405488898920,False,False,2000000000000000,2692027444494600,200000000000000,538405488898920,1,0,0,f8797f004315acf99faaee62b08ce093109968ba82bb52d55c7bc8b92e4918b9,48f352137529955aed7faf1fd06be1ded7fe77708ca0989683ef984733ab71a6
cit-Patents,2953290,2953290,2953290,2,2953288,3070418,2953288,3070418,38,2,538405488898920,False,False,2000000000000000,2692027444494600,200000000000000,538405488898920,1,0,0,f8797f004315acf99faaee62b08ce093109968ba82bb52d55c7bc8b92e4918b9,48f352137529955aed7faf1fd06be1ded7fe77708ca0989683ef984733ab71a6
cit-Patents,2953291,2953291,2953291,2,2953288,3070418,2953288,3070418,38,2,538405488898920,False,False,2000000000000000,2692027444494600,200000000000000,538405488898920,1,0,0,f8797f004315acf99faaee62b08ce093109968ba82bb52d55c7bc8b92e4918b9,48f352137529955aed7faf1fd06be1ded7fe77708ca0989683ef984733ab71a6
cit-Patents,2955347,2955347,2955347,2,2955345,2955349,2955345,2955349,43,2,609248316385620,False,False,2000000000000000,3046241581928100,200000000000000,609248316385620,1,0,0,f8797f004315acf99faaee62b08ce093109968ba82bb52d55c7bc8b92e4918b9,48f352137529955aed7faf1fd06be1ded7fe77708ca0989683ef984733ab71a6
cit-Patents,2956663,2956663,2956663,2,2956662,2956665,2956662,2956665,33,2,467562661412220,False,False,2000000000000000,2337813307061100,200000000000000,467562661412220,1,0,0,f8797f004315acf99faaee62b08ce093109968ba82bb52d55c7bc8b92e4918b9,48f352137529955aed7faf1fd06be1ded7fe77708ca0989683ef984733ab71a6
cit-Patents,2967413,2967413,2967413,2,2967412,3198709,2967412,3198709,99,2,1402687984236660,False,False,2000000000000000,7013439921183300,200000000000000,1402687984236660,1,0,0,f8797f004315acf99faaee62b08ce093109968ba82bb52d55c7bc8b92e4918b9,48f352137529955aed7faf1fd06be1ded7fe77708ca0989683ef984733ab71a6
cit-Patents,2967414,2967414,2967414,2,2967412,3198709,2967412,3198709,99,2,1402687984236660,False,False,2000000000000000,7013439921183300,200000000000000,1402687984236660,1,0,0,f8797f004315acf99faaee62b08ce093109968ba82bb52d55c7bc8b92e4918b9,48f352137529955aed7faf1fd06be1ded7fe77708ca0989683ef984733ab71a6
cit-Patents,2967415,2967415,2967415,2,2967412,3198709,2967412,3198709,99,2,1402687984236660,False,False,2000000000000000,7013439921183300,200000000000000,1402687984236660,1,0,0,f8797f004315acf99faaee62b08ce093109968ba82bb52d55c7bc8b92e4918b9,48f352137529955aed7faf1fd06be1ded7fe77708ca0989683ef984733ab71a6
cit-Patents,2996185,2996185,2996185,2,2996184,3026882,2996184,3026882,49,2,694259709369660,False,False,2000000000000000,3471298546848300,200000000000000,694259709369660,1,0,0,f8797f004315acf99faaee62b08ce093109968ba82bb52d55c7bc8b92e4918b9,48f352137529955aed7faf1fd06be1ded7fe77708ca0989683ef984733ab71a6
cit-Patents,2996186,2996186,2996186,2,2996184,3026882,2996184,3026882,49,2,694259709369660,False,False,2000000000000000,3471298546848300,200000000000000,694259709369660,1,0,0,f8797f004315acf99faaee62b08ce093109968ba82bb52d55c7bc8b92e4918b9,48f352137529955aed7faf1fd06be1ded7fe77708ca0989683ef984733ab71a6
cit-Patents,2998017,2998017,2998017,3,3428737,3615966,3428737,3615966,62,2,878451060835080,False,False,2000000000000000,4392255304175400,200000000000000,878451060835080,1,0,0,f8797f004315acf99faaee62b08ce093109968ba82bb52d55c7bc8b92e4918b9,48f352137529955aed7faf1fd06be1ded7fe77708ca0989683ef984733ab71a6
cit-Patents,2998361,2998361,2998361,3,3434248,3445068,3434248,3445068,62,2,878451060835080,False,False,2000000000000000,4392255304175400,200000000000000,878451060835080,1,0,0,f8797f004315acf99faaee62b08ce093109968ba82bb52d55c7bc8b92e4918b9,48f352137529955aed7faf1fd06be1ded7fe77708ca0989683ef984733ab71a6
cit-Patents,2998362,2998362,2998362,3,3434248,3445068,3434248,3445068,62,2,878451060835080,False,False,2000000000000000,4392255304175400,200000000000000,878451060835080,1,0,0,f8797f004315acf99faaee62b08ce093109968ba82bb52d55c7bc8b92e4918b9,48f352137529955aed7faf1fd06be1ded7fe77708ca0989683ef984733ab71a6
cit-Patents,3004504,3004504,3004504,2,3004503,3146139,3004503,3146139,59,2,835945364343060,False,False,2000000000000000,4179726821715300,200000000000000,835945364343060,1,0,0,f8797f004315acf99faaee62b08ce093109968ba82bb52d55c7bc8b92e4918b9,48f352137529955aed7faf1fd06be1ded7fe77708ca0989683ef984733ab71a6
cit-Patents,3005205,3005205,3005205,2,3005203,3007951,3005203,3007951,32,2,453394095914880,False,False,2000000000000000,2266970479574400,200000000000000,453394095914880,1,0,0,f8797f004315acf99faaee62b08ce093109968ba82bb52d55c7bc8b92e4918b9,48f352137529955aed7faf1fd06be1ded7fe77708ca0989683ef984733ab71a6
cit-Patents,3012793,3012793,3012793,3,3308943,3373916,3308943,3373916,297,2,4208063952709980,False,False,2000000000000000,21040319763549900,200000000000000,4208063952709980,1,0,0,f8797f004315acf99faaee62b08ce093109968ba82bb52d55c7bc8b92e4918b9,48f352137529955aed7faf1fd06be1ded7fe77708ca0989683ef984733ab71a6
cit-Patents,3012794,3012794,3012794,3,3308943,3373916,3308943,3373916,297,2,4208063952709980,False,False,2000000000000000,21040319763549900,200000000000000,4208063952709980,1,0,0,f8797f004315acf99faaee62b08ce093109968ba82bb52d55c7bc8b92e4918b9,48f352137529955aed7faf1fd06be1ded7fe77708ca0989683ef984733ab71a6
cit-Patents,3012795,3012795,3012795,3,3308943,3373916,3308943,3373916,297,2,4208063952709980,False,False,2000000000000000,21040319763549900,200000000000000,4208063952709980,1,0,0,f8797f004315acf99faaee62b08ce093109968ba82bb52d55c7bc8b92e4918b9,48f352137529955aed7faf1fd06be1ded7fe77708ca0989683ef984733ab71a6
cit-Patents,3012797,3012797,3012797,3,3308943,3373916,3308943,3373916,297,2,4208063952709980,False,False,2000000000000000,21040319763549900,200000000000000,4208063952709980,1,0,0,f8797f004315acf99faaee62b08ce093109968ba82bb52d55c7bc8b92e4918b9,48f352137529955aed7faf1fd06be1ded7fe77708ca0989683ef984733ab71a6
cit-Patents,3012800,3012800,3012800,3,3308943,3373916,3308943,3373916,297,2,4208063952709980,False,False,2000000000000000,21040319763549900,200000000000000,4208063952709980,1,0,0,f8797f004315acf99faaee62b08ce093109968ba82bb52d55c7bc8b92e4918b9,48f352137529955aed7faf1fd06be1ded7fe77708ca0989683ef984733ab71a6
cit-Patents,3012802,3012802,3012802,3,3308943,3373916,3308943,3373916,297,2,4208063952709980,False,False,2000000000000000,21040319763549900,200000000000000,4208063952709980,1,0,0,f8797f004315acf99faaee62b08ce093109968ba82bb52d55c7bc8b92e4918b9,48f352137529955aed7faf1fd06be1ded7fe77708ca0989683ef984733ab71a6
cit-Patents,3012803,3012803,3012803,3,3308943,3373916,3308943,3373916,297,2,4208063952709980,False,False,2000000000000000,21040319763549900,200000000000000,4208063952709980,1,0,0,f8797f004315acf99faaee62b08ce093109968ba82bb52d55c7bc8b92e4918b9,48f352137529955aed7faf1fd06be1ded7fe77708ca0989683ef984733ab71a6
cit-Patents,3012804,3012804,3012804,3,3308943,3373916,3308943,3373916,297,2,4208063952709980,False,False,2000000000000000,21040319763549900,200000000000000,4208063952709980,1,0,0,f8797f004315acf99faaee62b08ce093109968ba82bb52d55c7bc8b92e4918b9,48f352137529955aed7faf1fd06be1ded7fe77708ca0989683ef984733ab71a6
cit-Patents,3012805,3012805,3012805,3,3308943,3373916,3308943,3373916,297,2,4208063952709980,False,False,2000000000000000,21040319763549900,200000000000000,4208063952709980,1,0,0,f8797f004315acf99faaee62b08ce093109968ba82bb52d55c7bc8b92e4918b9,48f352137529955aed7faf1fd06be1ded7fe77708ca0989683ef984733ab71a6
cit-Patents,3012806,3012806,3012806,3,3308943,3373916,3308943,3373916,297,2,4208063952709980,False,False,2000000000000000,21040319763549900,200000000000000,4208063952709980,1,0,0,f8797f004315acf99faaee62b08ce093109968ba82bb52d55c7bc8b92e4918b9,48f352137529955aed7faf1fd06be1ded7fe77708ca0989683ef984733ab71a6
cit-Patents,3012807,3012807,3012807,3,3308943,3373916,3308943,3373916,297,2,4208063952709980,False,False,2000000000000000,21040319763549900,200000000000000,4208063952709980,1,0,0,f8797f004315acf99faaee62b08ce093109968ba82bb52d55c7bc8b92e4918b9,48f352137529955aed7faf1fd06be1ded7fe77708ca0989683ef984733ab71a6
cit-Patents,3012809,3012809,3012809,3,3308943,3373916,3308943,3373916,297,2,4208063952709980,False,False,2000000000000000,21040319763549900,200000000000000,4208063952709980,1,0,0,f8797f004315acf99faaee62b08ce093109968ba82bb52d55c7bc8b92e4918b9,48f352137529955aed7faf1fd06be1ded7fe77708ca0989683ef984733ab71a6
cit-Patents,3012812,3012812,3012812,3,3308943,3373916,3308943,3373916,297,2,4208063952709980,False,False,2000000000000000,21040319763549900,200000000000000,4208063952709980,1,0,0,f8797f004315acf99faaee62b08ce093109968ba82bb52d55c7bc8b92e4918b9,48f352137529955aed7faf1fd06be1ded7fe77708ca0989683ef984733ab71a6
cit-Patents,3012813,3012813,3012813,3,3308943,3373916,3308943,3373916,297,2,4208063952709980,False,False,2000000000000000,21040319763549900,200000000000000,4208063952709980,1,0,0,f8797f004315acf99faaee62b08ce093109968ba82bb52d55c7bc8b92e4918b9,48f352137529955aed7faf1fd06be1ded7fe77708ca0989683ef984733ab71a6
cit-Patents,3012814,3012814,3012814,3,3308943,3373916,3308943,3373916,297,2,4208063952709980,False,False,2000000000000000,21040319763549900,200000000000000,4208063952709980,1,0,0,f8797f004315acf99faaee62b08ce093109968ba82bb52d55c7bc8b92e4918b9,48f352137529955aed7faf1fd06be1ded7fe77708ca0989683ef984733ab71a6
cit-Patents,3012816,3012816,3012816,3,3308943,3373916,3308943,3373916,297,2,4208063952709980,False,False,2000000000000000,21040319763549900,200000000000000,4208063952709980,1,0,0,f8797f004315acf99faaee62b08ce093109968ba82bb52d55c7bc8b92e4918b9,48f352137529955aed7faf1fd06be1ded7fe77708ca0989683ef984733ab71a6
cit-Patents,3012817,3012817,3012817,3,3308943,3373916,3308943,3373916,297,2,4208063952709980,False,False,2000000000000000,21040319763549900,200000000000000,4208063952709980,1,0,0,f8797f004315acf99faaee62b08ce093109968ba82bb52d55c7bc8b92e4918b9,48f352137529955aed7faf1fd06be1ded7fe77708ca0989683ef984733ab71a6
cit-Patents,3012818,3012818,3012818,3,3308943,3373916,3308943,3373916,297,2,4208063952709980,False,False,2000000000000000,21040319763549900,200000000000000,4208063952709980,1,0,0,f8797f004315acf99faaee62b08ce093109968ba82bb52d55c7bc8b92e4918b9,48f352137529955aed7faf1fd06be1ded7fe77708ca0989683ef984733ab71a6
cit-Patents,3012819,3012819,3012819,3,3308943,3373916,3308943,3373916,297,2,4208063952709980,False,False,2000000000000000,21040319763549900,200000000000000,4208063952709980,1,0,0,f8797f004315acf99faaee62b08ce093109968ba82bb52d55c7bc8b92e4918b9,48f352137529955aed7faf1fd06be1ded7fe77708ca0989683ef984733ab71a6
cit-Patents,3012820,3012820,3012820,3,3308943,3373916,3308943,3373916,297,2,4208063952709980,False,False,2000000000000000,21040319763549900,200000000000000,4208063952709980,1,0,0,f8797f004315acf99faaee62b08ce093109968ba82bb52d55c7bc8b92e4918b9,48f352137529955aed7faf1fd06be1ded7fe77708ca0989683ef984733ab71a6
cit-Patents,3012821,3012821,3012821,3,3308943,3373916,3308943,3373916,297,2,4208063952709980,False,False,2000000000000000,21040319763549900,200000000000000,4208063952709980,1,0,0,f8797f004315acf99faaee62b08ce093109968ba82bb52d55c7bc8b92e4918b9,48f352137529955aed7faf1fd06be1ded7fe77708ca0989683ef984733ab71a6
cit-Patents,3012822,3012822,3012822,3,3308943,3373916,3308943,3373916,297,2,4208063952709980,False,False,2000000000000000,21040319763549900,200000000000000,4208063952709980,1,0,0,f8797f004315acf99faaee62b08ce093109968ba82bb52d55c7bc8b92e4918b9,48f352137529955aed7faf1fd06be1ded7fe77708ca0989683ef984733ab71a6
cit-Patents,3012823,3012823,3012823,3,3308943,3373916,3308943,3373916,297,2,4208063952709980,False,False,2000000000000000,21040319763549900,200000000000000,4208063952709980,1,0,0,f8797f004315acf99faaee62b08ce093109968ba82bb52d55c7bc8b92e4918b9,48f352137529955aed7faf1fd06be1ded7fe77708ca0989683ef984733ab71a6
cit-Patents,3012824,3012824,3012824,3,3308943,3373916,3308943,3373916,297,2,4208063952709980,False,False,2000000000000000,21040319763549900,200000000000000,4208063952709980,1,0,0,f8797f004315acf99faaee62b08ce093109968ba82bb52d55c7bc8b92e4918b9,48f352137529955aed7faf1fd06be1ded7fe77708ca0989683ef984733ab71a6
cit-Patents,3012825,3012825,3012825,3,3308943,3373916,3308943,3373916,297,2,4208063952709980,False,False,2000000000000000,21040319763549900,200000000000000,4208063952709980,1,0,0,f8797f004315acf99faaee62b08ce093109968ba82bb52d55c7bc8b92e4918b9,48f352137529955aed7faf1fd06be1ded7fe77708ca0989683ef984733ab71a6
cit-Patents,3012826,3012826,3012826,3,3308943,3373916,3308943,3373916,297,2,4208063952709980,False,False,2000000000000000,21040319763549900,200000000000000,4208063952709980,1,0,0,f8797f004315acf99faaee62b08ce093109968ba82bb52d55c7bc8b92e4918b9,48f352137529955aed7faf1fd06be1ded7fe77708ca0989683ef984733ab71a6
cit-Patents,3012827,3012827,3012827,3,3308943,3373916,3308943,3373916,297,2,4208063952709980,False,False,2000000000000000,21040319763549900,200000000000000,4208063952709980,1,0,0,f8797f004315acf99faaee62b08ce093109968ba82bb52d55c7bc8b92e4918b9,48f352137529955aed7faf1fd06be1ded7fe77708ca0989683ef984733ab71a6
cit-Patents,3012828,3012828,3012828,3,3308943,3373916,3308943,3373916,297,2,4208063952709980,False,False,2000000000000000,21040319763549900,200000000000000,4208063952709980,1,0,0,f8797f004315acf99faaee62b08ce093109968ba82bb52d55c7bc8b92e4918b9,48f352137529955aed7faf1fd06be1ded7fe77708ca0989683ef984733ab71a6
cit-Patents,3012829,3012829,3012829,3,3308943,3373916,3308943,3373916,297,2,4208063952709980,False,False,2000000000000000,21040319763549900,200000000000000,4208063952709980,1,0,0,f8797f004315acf99faaee62b08ce093109968ba82bb52d55c7bc8b92e4918b9,48f352137529955aed7faf1fd06be1ded7fe77708ca0989683ef984733ab71a6
cit-Patents,3012830,3012830,3012830,3,3308943,3373916,3308943,3373916,297,2,4208063952709980,False,False,2000000000000000,21040319763549900,200000000000000,4208063952709980,1,0,0,f8797f004315acf99faaee62b08ce093109968ba82bb52d55c7bc8b92e4918b9,48f352137529955aed7faf1fd06be1ded7fe77708ca0989683ef984733ab71a6
cit-Patents,3012831,3012831,3012831,3,3308943,3373916,3308943,3373916,297,2,4208063952709980,False,False,2000000000000000,21040319763549900,200000000000000,4208063952709980,1,0,0,f8797f004315acf99faaee62b08ce093109968ba82bb52d55c7bc8b92e4918b9,48f352137529955aed7faf1fd06be1ded7fe77708ca0989683ef984733ab71a6
cit-Patents,3012832,3012832,3012832,3,3308943,3373916,3308943,3373916,297,2,4208063952709980,False,False,2000000000000000,21040319763549900,200000000000000,4208063952709980,1,0,0,f8797f004315acf99faaee62b08ce093109968ba82bb52d55c7bc8b92e4918b9,48f352137529955aed7faf1fd06be1ded7fe77708ca0989683ef984733ab71a6
cit-Patents,3012834,3012834,3012834,3,3308943,3373916,3308943,3373916,297,2,4208063952709980,False,False,2000000000000000,21040319763549900,200000000000000,4208063952709980,1,0,0,f8797f004315acf99faaee62b08ce093109968ba82bb52d55c7bc8b92e4918b9,48f352137529955aed7faf1fd06be1ded7fe77708ca0989683ef984733ab71a6
cit-Patents,3012836,3012836,3012836,3,3308943,3373916,3308943,3373916,297,2,4208063952709980,False,False,2000000000000000,21040319763549900,200000000000000,4208063952709980,1,0,0,f8797f004315acf99faaee62b08ce093109968ba82bb52d55c7bc8b92e4918b9,48f352137529955aed7faf1fd06be1ded7fe77708ca0989683ef984733ab71a6
cit-Patents,3012837,3012837,3012837,3,3308943,3373916,3308943,3373916,297,2,4208063952709980,False,False,2000000000000000,21040319763549900,200000000000000,4208063952709980,1,0,0,f8797f004315acf99faaee62b08ce093109968ba82bb52d55c7bc8b92e4918b9,48f352137529955aed7faf1fd06be1ded7fe77708ca0989683ef984733ab71a6
cit-Patents,3012838,3012838,3012838,3,3308943,3373916,3308943,3373916,297,2,4208063952709980,False,False,2000000000000000,21040319763549900,200000000000000,4208063952709980,1,0,0,f8797f004315acf99faaee62b08ce093109968ba82bb52d55c7bc8b92e4918b9,48f352137529955aed7faf1fd06be1ded7fe77708ca0989683ef984733ab71a6
cit-Patents,3012842,3012842,3012842,3,3308943,3373916,3308943,3373916,297,2,4208063952709980,False,False,2000000000000000,21040319763549900,200000000000000,4208063952709980,1,0,0,f8797f004315acf99faaee62b08ce093109968ba82bb52d55c7bc8b92e4918b9,48f352137529955aed7faf1fd06be1ded7fe77708ca0989683ef984733ab71a6
cit-Patents,3012844,3012844,3012844,3,3308943,3373916,3308943,3373916,297,2,4208063952709980,False,False,2000000000000000,21040319763549900,200000000000000,4208063952709980,1,0,0,f8797f004315acf99faaee62b08ce093109968ba82bb52d55c7bc8b92e4918b9,48f352137529955aed7faf1fd06be1ded7fe77708ca0989683ef984733ab71a6
cit-Patents,3012845,3012845,3012845,3,3308943,3373916,3308943,3373916,297,2,4208063952709980,False,False,2000000000000000,21040319763549900,200000000000000,4208063952709980,1,0,0,f8797f004315acf99faaee62b08ce093109968ba82bb52d55c7bc8b92e4918b9,48f352137529955aed7faf1fd06be1ded7fe77708ca0989683ef984733ab71a6
cit-Patents,3012846,3012846,3012846,3,3308943,3373916,3308943,3373916,297,2,4208063952709980,False,False,2000000000000000,21040319763549900,200000000000000,4208063952709980,1,0,0,f8797f004315acf99faaee62b08ce093109968ba82bb52d55c7bc8b92e4918b9,48f352137529955aed7faf1fd06be1ded7fe77708ca0989683ef984733ab71a6
cit-Patents,3020342,3020342,3020342,3,3175118,3735659,3175118,3735659,49,2,694259709369660,False,False,2000000000000000,3471298546848300,200000000000000,694259709369660,1,0,0,f8797f004315acf99faaee62b08ce093109968ba82bb52d55c7bc8b92e4918b9,48f352137529955aed7faf1fd06be1ded7fe77708ca0989683ef984733ab71a6
cit-Patents,3042868,3042868,3042868,2,3042867,3139260,3042867,3139260,36,2,510068357904240,False,False,2000000000000000,2550341789521200,200000000000000,510068357904240,1,0,0,f8797f004315acf99faaee62b08ce093109968ba82bb52d55c7bc8b92e4918b9,48f352137529955aed7faf1fd06be1ded7fe77708ca0989683ef984733ab71a6
cit-Patents,3042869,3042869,3042869,2,3042867,3139260,3042867,3139260,36,2,510068357904240,False,False,2000000000000000,2550341789521200,200000000000000,510068357904240,1,0,0,f8797f004315acf99faaee62b08ce093109968ba82bb52d55c7bc8b92e4918b9,48f352137529955aed7faf1fd06be1ded7fe77708ca0989683ef984733ab71a6
cit-Patents,3042870,3042870,3042870,2,3042867,3139260,3042867,3139260,36,2,510068357904240,False,False,2000000000000000,2550341789521200,200000000000000,510068357904240,1,0,0,f8797f004315acf99faaee62b08ce093109968ba82bb52d55c7bc8b92e4918b9,48f352137529955aed7faf1fd06be1ded7fe77708ca0989683ef984733ab71a6
cit-Patents,3045932,3045932,3045932,2,3045931,3053432,3045931,3053432,35,2,495899792406900,False,False,2000000000000000,2479498962034500,200000000000000,495899792406900,1,0,0,f8797f004315acf99faaee62b08ce093109968ba82bb52d55c7bc8b92e4918b9,48f352137529955aed7faf1fd06be1ded7fe77708ca0989683ef984733ab71a6
cit-Patents,3056342,3056342,3056342,2,3056341,3466972,3056341,3466972,40,2,566742619893600,False,False,2000000000000000,2833713099468000,200000000000000,566742619893600,1,0,0,f8797f004315acf99faaee62b08ce093109968ba82bb52d55c7bc8b92e4918b9,48f352137529955aed7faf1fd06be1ded7fe77708ca0989683ef984733ab71a6
cit-Patents,3074526,3074526,3074526,3,3535508,3546519,3535508,3546519,30,2,425056964920200,False,False,2000000000000000,2125284824601000,200000000000000,425056964920200,1,0,0,f8797f004315acf99faaee62b08ce093109968ba82bb52d55c7bc8b92e4918b9,48f352137529955aed7faf1fd06be1ded7fe77708ca0989683ef984733ab71a6
cit-Patents,3083182,3083182,3083182,2,3083181,3326252,3083181,3326252,110,2,1558542204707400,False,False,2000000000000000,7792711023537000,200000000000000,1558542204707400,1,0,0,f8797f004315acf99faaee62b08ce093109968ba82bb52d55c7bc8b92e4918b9,48f352137529955aed7faf1fd06be1ded7fe77708ca0989683ef984733ab71a6
cit-Patents,3083183,3083183,3083183,2,3083181,3326252,3083181,3326252,110,2,1558542204707400,False,False,2000000000000000,7792711023537000,200000000000000,1558542204707400,1,0,0,f8797f004315acf99faaee62b08ce093109968ba82bb52d55c7bc8b92e4918b9,48f352137529955aed7faf1fd06be1ded7fe77708ca0989683ef984733ab71a6
cit-Patents,3083184,3083184,3083184,2,3083181,3326252,3083181,3326252,110,2,1558542204707400,False,False,2000000000000000,7792711023537000,200000000000000,1558542204707400,1,0,0,f8797f004315acf99faaee62b08ce093109968ba82bb52d55c7bc8b92e4918b9,48f352137529955aed7faf1fd06be1ded7fe77708ca0989683ef984733ab71a6
cit-Patents,3085892,3085892,3085892,2,3085891,3100500,3085891,3100500,50,2,708428274867000,False,False,2000000000000000,3542141374335000,200000000000000,708428274867000,1,0,0,f8797f004315acf99faaee62b08ce093109968ba82bb52d55c7bc8b92e4918b9,48f352137529955aed7faf1fd06be1ded7fe77708ca0989683ef984733ab71a6
cit-Patents,3085893,3085893,3085893,2,3085891,3100500,3085891,3100500,50,2,708428274867000,False,False,2000000000000000,3542141374335000,200000000000000,708428274867000,1,0,0,f8797f004315acf99faaee62b08ce093109968ba82bb52d55c7bc8b92e4918b9,48f352137529955aed7faf1fd06be1ded7fe77708ca0989683ef984733ab71a6
cit-Patents,3085894,3085894,3085894,2,3085891,3100500,3085891,3100500,50,2,708428274867000,False,False,2000000000000000,3542141374335000,200000000000000,708428274867000,1,0,0,f8797f004315acf99faaee62b08ce093109968ba82bb52d55c7bc8b92e4918b9,48f352137529955aed7faf1fd06be1ded7fe77708ca0989683ef984733ab71a6
cit-Patents,3085895,3085895,3085895,2,3085891,3100500,3085891,3100500,50,2,708428274867000,False,False,2000000000000000,3542141374335000,200000000000000,708428274867000,1,0,0,f8797f004315acf99faaee62b08ce093109968ba82bb52d55c7bc8b92e4918b9,48f352137529955aed7faf1fd06be1ded7fe77708ca0989683ef984733ab71a6
cit-Patents,3106146,3106146,3106146,2,3106145,3175596,3106145,3175596,29,2,410888399422860,False,False,2000000000000000,2054441997114300,200000000000000,410888399422860,1,0,0,f8797f004315acf99faaee62b08ce093109968ba82bb52d55c7bc8b92e4918b9,48f352137529955aed7faf1fd06be1ded7fe77708ca0989683ef984733ab71a6
cit-Patents,3107732,3107732,3107732,2,3107728,3226797,3107728,3226797,45,2,637585447380300,False,False,2000000000000000,3187927236901500,200000000000000,637585447380300,1,0,0,f8797f004315acf99faaee62b08ce093109968ba82bb52d55c7bc8b92e4918b9,48f352137529955aed7faf1fd06be1ded7fe77708ca0989683ef984733ab71a6
cit-Patents,3121740,3121740,3121740,2,3121739,3297247,3121739,3297247,36,2,510068357904240,False,False,2000000000000000,2550341789521200,200000000000000,510068357904240,1,0,0,f8797f004315acf99faaee62b08ce093109968ba82bb52d55c7bc8b92e4918b9,48f352137529955aed7faf1fd06be1ded7fe77708ca0989683ef984733ab71a6
cit-Patents,3121741,3121741,3121741,2,3121739,3297247,3121739,3297247,36,2,510068357904240,False,False,2000000000000000,2550341789521200,200000000000000,510068357904240,1,0,0,f8797f004315acf99faaee62b08ce093109968ba82bb52d55c7bc8b92e4918b9,48f352137529955aed7faf1fd06be1ded7fe77708ca0989683ef984733ab71a6
cit-Patents,3121743,3121743,3121743,2,3121739,3297247,3121739,3297247,36,2,510068357904240,False,False,2000000000000000,2550341789521200,200000000000000,510068357904240,1,0,0,f8797f004315acf99faaee62b08ce093109968ba82bb52d55c7bc8b92e4918b9,48f352137529955aed7faf1fd06be1ded7fe77708ca0989683ef984733ab71a6
cit-Patents,3121761,3121761,3121761,3,3537835,3638203,3537835,3638203,239,2,3386287153864260,False,False,2000000000000000,16931435769321300,200000000000000,3386287153864260,1,0,0,f8797f004315acf99faaee62b08ce093109968ba82bb52d55c7bc8b92e4918b9,48f352137529955aed7faf1fd06be1ded7fe77708ca0989683ef984733ab71a6
cit-Patents,3121767,3121767,3121767,3,3537835,3638203,3537835,3638203,239,2,3386287153864260,False,False,2000000000000000,16931435769321300,200000000000000,3386287153864260,1,0,0,f8797f004315acf99faaee62b08ce093109968ba82bb52d55c7bc8b92e4918b9,48f352137529955aed7faf1fd06be1ded7fe77708ca0989683ef984733ab71a6
cit-Patents,3121768,3121768,3121768,3,3537835,3638203,3537835,3638203,239,2,3386287153864260,False,False,2000000000000000,16931435769321300,200000000000000,3386287153864260,1,0,0,f8797f004315acf99faaee62b08ce093109968ba82bb52d55c7bc8b92e4918b9,48f352137529955aed7faf1fd06be1ded7fe77708ca0989683ef984733ab71a6
cit-Patents,3121769,3121769,3121769,3,3537835,3638203,3537835,3638203,239,2,3386287153864260,False,False,2000000000000000,16931435769321300,200000000000000,3386287153864260,1,0,0,f8797f004315acf99faaee62b08ce093109968ba82bb52d55c7bc8b92e4918b9,48f352137529955aed7faf1fd06be1ded7fe77708ca0989683ef984733ab71a6
cit-Patents,3133255,3133255,3133255,2,3133254,3376652,3133254,3376652,30,2,425056964920200,False,False,2000000000000000,2125284824601000,200000000000000,425056964920200,1,0,0,f8797f004315acf99faaee62b08ce093109968ba82bb52d55c7bc8b92e4918b9,48f352137529955aed7faf1fd06be1ded7fe77708ca0989683ef984733ab71a6
cit-Patents,3145127,3145127,3145127,3,3295530,3383506,3295530,3383506,41,2,580911185390940,False,False,2000000000000000,2904555926954700,200000000000000,580911185390940,1,0,0,f8797f004315acf99faaee62b08ce093109968ba82bb52d55c7bc8b92e4918b9,48f352137529955aed7faf1fd06be1ded7fe77708ca0989683ef984733ab71a6
cit-Patents,3150009,3150009,3150009,2,3150008,3582412,3150008,3582412,37,2,524236923401580,False,False,2000000000000000,2621184617007900,200000000000000,524236923401580,1,0,0,f8797f004315acf99faaee62b08ce093109968ba82bb52d55c7bc8b92e4918b9,48f352137529955aed7faf1fd06be1ded7fe77708ca0989683ef984733ab71a6
cit-Patents,3158439,3158439,3158439,2,3158437,3168524,3158437,3168524,59,2,835945364343060,False,False,2000000000000000,4179726821715300,200000000000000,835945364343060,1,0,0,f8797f004315acf99faaee62b08ce093109968ba82bb52d55c7bc8b92e4918b9,48f352137529955aed7faf1fd06be1ded7fe77708ca0989683ef984733ab71a6
cit-Patents,3161639,3161639,3161639,3,3602048,3607998,3602048,3607998,31,2,439225530417540,False,False,2000000000000000,2196127652087700,200000000000000,439225530417540,1,0,0,f8797f004315acf99faaee62b08ce093109968ba82bb52d55c7bc8b92e4918b9,48f352137529955aed7faf1fd06be1ded7fe77708ca0989683ef984733ab71a6
cit-Patents,3169531,3169531,3169531,2,3169530,3257641,3169530,3257641,31,2,439225530417540,False,False,2000000000000000,2196127652087700,200000000000000,439225530417540,1,0,0,f8797f004315acf99faaee62b08ce093109968ba82bb52d55c7bc8b92e4918b9,48f352137529955aed7faf1fd06be1ded7fe77708ca0989683ef984733ab71a6
cit-Patents,3169532,3169532,3169532,2,3169530,3257641,3169530,3257641,31,2,439225530417540,False,False,2000000000000000,2196127652087700,200000000000000,439225530417540,1,0,0,f8797f004315acf99faaee62b08ce093109968ba82bb52d55c7bc8b92e4918b9,48f352137529955aed7faf1fd06be1ded7fe77708ca0989683ef984733ab71a6
cit-Patents,3169533,3169533,3169533,2,3169530,3257641,3169530,3257641,31,2,439225530417540,False,False,2000000000000000,2196127652087700,200000000000000,439225530417540,1,0,0,f8797f004315acf99faaee62b08ce093109968ba82bb52d55c7bc8b92e4918b9,48f352137529955aed7faf1fd06be1ded7fe77708ca0989683ef984733ab71a6
cit-Patents,3169535,3169535,3169535,2,3169530,3257641,3169530,3257641,31,2,439225530417540,False,False,2000000000000000,2196127652087700,200000000000000,439225530417540,1,0,0,f8797f004315acf99faaee62b08ce093109968ba82bb52d55c7bc8b92e4918b9,48f352137529955aed7faf1fd06be1ded7fe77708ca0989683ef984733ab71a6
cit-Patents,3171645,3171645,3171645,2,2206481,2242861,2206481,2242861,29,2,410888399422860,False,False,2000000000000000,2054441997114300,200000000000000,410888399422860,1,0,0,f8797f004315acf99faaee62b08ce093109968ba82bb52d55c7bc8b92e4918b9,48f352137529955aed7faf1fd06be1ded7fe77708ca0989683ef984733ab71a6
cit-Patents,3182031,3182031,3182031,3,3398425,3417649,3398425,3417649,51,2,722596840364340,False,False,2000000000000000,3612984201821700,200000000000000,722596840364340,1,0,0,f8797f004315acf99faaee62b08ce093109968ba82bb52d55c7bc8b92e4918b9,48f352137529955aed7faf1fd06be1ded7fe77708ca0989683ef984733ab71a6
cit-Patents,3190015,3190015,3190015,2,3190013,3525336,3190013,3525336,33,2,467562661412220,False,False,2000000000000000,2337813307061100,200000000000000,467562661412220,1,0,0,f8797f004315acf99faaee62b08ce093109968ba82bb52d55c7bc8b92e4918b9,48f352137529955aed7faf1fd06be1ded7fe77708ca0989683ef984733ab71a6
cit-Patents,3190016,3190016,3190016,2,3190013,3525336,3190013,3525336,33,2,467562661412220,False,False,2000000000000000,2337813307061100,200000000000000,467562661412220,1,0,0,f8797f004315acf99faaee62b08ce093109968ba82bb52d55c7bc8b92e4918b9,48f352137529955aed7faf1fd06be1ded7fe77708ca0989683ef984733ab71a6
cit-Patents,3192869,3192869,3192869,2,3192868,3272661,3192868,3272661,31,2,439225530417540,False,False,2000000000000000,2196127652087700,200000000000000,439225530417540,1,0,0,f8797f004315acf99faaee62b08ce093109968ba82bb52d55c7bc8b92e4918b9,48f352137529955aed7faf1fd06be1ded7fe77708ca0989683ef984733ab71a6
cit-Patents,3204219,3204219,3204219,2,3204218,3372851,3204218,3372851,31,2,439225530417540,False,False,2000000000000000,2196127652087700,200000000000000,439225530417540,1,0,0,f8797f004315acf99faaee62b08ce093109968ba82bb52d55c7bc8b92e4918b9,48f352137529955aed7faf1fd06be1ded7fe77708ca0989683ef984733ab71a6
cit-Patents,3205182,3205182,3205182,2,3205181,3277389,3205181,3277389,33,2,467562661412220,False,False,2000000000000000,2337813307061100,200000000000000,467562661412220,1,0,0,f8797f004315acf99faaee62b08ce093109968ba82bb52d55c7bc8b92e4918b9,48f352137529955aed7faf1fd06be1ded7fe77708ca0989683ef984733ab71a6
cit-Patents,3205183,3205183,3205183,2,3205181,3277389,3205181,3277389,33,2,467562661412220,False,False,2000000000000000,2337813307061100,200000000000000,467562661412220,1,0,0,f8797f004315acf99faaee62b08ce093109968ba82bb52d55c7bc8b92e4918b9,48f352137529955aed7faf1fd06be1ded7fe77708ca0989683ef984733ab71a6
cit-Patents,3205782,3205782,3205782,4,3663744,3754276,3663744,3754276,49,2,694259709369660,False,False,2000000000000000,3471298546848300,200000000000000,694259709369660,1,0,0,f8797f004315acf99faaee62b08ce093109968ba82bb52d55c7bc8b92e4918b9,48f352137529955aed7faf1fd06be1ded7fe77708ca0989683ef984733ab71a6
cit-Patents,3205783,3205783,3205783,4,3663744,3754276,3663744,3754276,49,2,694259709369660,False,False,2000000000000000,3471298546848300,200000000000000,694259709369660,1,0,0,f8797f004315acf99faaee62b08ce093109968ba82bb52d55c7bc8b92e4918b9,48f352137529955aed7faf1fd06be1ded7fe77708ca0989683ef984733ab71a6
cit-Patents,3205784,3205784,3205784,4,3663744,3754276,3663744,3754276,49,2,694259709369660,False,False,2000000000000000,3471298546848300,200000000000000,694259709369660,1,0,0,f8797f004315acf99faaee62b08ce093109968ba82bb52d55c7bc8b92e4918b9,48f352137529955aed7faf1fd06be1ded7fe77708ca0989683ef984733ab71a6
cit-Patents,3205785,3205785,3205785,4,3663744,3754276,3663744,3754276,49,2,694259709369660,False,False,2000000000000000,3471298546848300,200000000000000,694259709369660,1,0,0,f8797f004315acf99faaee62b08ce093109968ba82bb52d55c7bc8b92e4918b9,48f352137529955aed7faf1fd06be1ded7fe77708ca0989683ef984733ab71a6
cit-Patents,3216160,3216160,3216160,2,3216159,3299868,3216159,3299868,34,2,481731226909560,False,False,2000000000000000,2408656134547800,200000000000000,481731226909560,1,0,0,f8797f004315acf99faaee62b08ce093109968ba82bb52d55c7bc8b92e4918b9,48f352137529955aed7faf1fd06be1ded7fe77708ca0989683ef984733ab71a6
cit-Patents,3216161,3216161,3216161,2,3216159,3299868,3216159,3299868,34,2,481731226909560,False,False,2000000000000000,2408656134547800,200000000000000,481731226909560,1,0,0,f8797f004315acf99faaee62b08ce093109968ba82bb52d55c7bc8b92e4918b9,48f352137529955aed7faf1fd06be1ded7fe77708ca0989683ef984733ab71a6
cit-Patents,3223020,3223020,3223020,3,3747424,3762853,3747424,3762853,37,2,524236923401580,False,False,2000000000000000,2621184617007900,200000000000000,524236923401580,1,0,0,f8797f004315acf99faaee62b08ce093109968ba82bb52d55c7bc8b92e4918b9,48f352137529955aed7faf1fd06be1ded7fe77708ca0989683ef984733ab71a6
cit-Patents,3224419,3224419,3224419,3,3224417,3243322,3224417,3243322,62,2,878451060835080,False,False,2000000000000000,4392255304175400,200000000000000,878451060835080,1,0,0,f8797f004315acf99faaee62b08ce093109968ba82bb52d55c7bc8b92e4918b9,48f352137529955aed7faf1fd06be1ded7fe77708ca0989683ef984733ab71a6
cit-Patents,3226892,3226892,3226892,2,3226891,3376954,3226891,3376954,48,2,680091143872320,False,False,2000000000000000,3400455719361600,200000000000000,680091143872320,1,0,0,f8797f004315acf99faaee62b08ce093109968ba82bb52d55c7bc8b92e4918b9,48f352137529955aed7faf1fd06be1ded7fe77708ca0989683ef984733ab71a6
cit-Patents,3226893,3226893,3226893,2,3226891,3376954,3226891,3376954,48,2,680091143872320,False,False,2000000000000000,3400455719361600,200000000000000,680091143872320,1,0,0,f8797f004315acf99faaee62b08ce093109968ba82bb52d55c7bc8b92e4918b9,48f352137529955aed7faf1fd06be1ded7fe77708ca0989683ef984733ab71a6
cit-Patents,3226894,3226894,3226894,2,3226891,3376954,3226891,3376954,48,2,680091143872320,False,False,2000000000000000,3400455719361600,200000000000000,680091143872320,1,0,0,f8797f004315acf99faaee62b08ce093109968ba82bb52d55c7bc8b92e4918b9,48f352137529955aed7faf1fd06be1ded7fe77708ca0989683ef984733ab71a6
cit-Patents,3226895,3226895,3226895,2,3226891,3376954,3226891,3376954,48,2,680091143872320,False,False,2000000000000000,3400455719361600,200000000000000,680091143872320,1,0,0,f8797f004315acf99faaee62b08ce093109968ba82bb52d55c7bc8b92e4918b9,48f352137529955aed7faf1fd06be1ded7fe77708ca0989683ef984733ab71a6
cit-Patents,3226896,3226896,3226896,2,3226891,3376954,3226891,3376954,48,2,680091143872320,False,False,2000000000000000,3400455719361600,200000000000000,680091143872320,1,0,0,f8797f004315acf99faaee62b08ce093109968ba82bb52d55c7bc8b92e4918b9,48f352137529955aed7faf1fd06be1ded7fe77708ca0989683ef984733ab71a6
cit-Patents,3226897,3226897,3226897,2,3226891,3376954,3226891,3376954,48,2,680091143872320,False,False,2000000000000000,3400455719361600,200000000000000,680091143872320,1,0,0,f8797f004315acf99faaee62b08ce093109968ba82bb52d55c7bc8b92e4918b9,48f352137529955aed7faf1fd06be1ded7fe77708ca0989683ef984733ab71a6
cit-Patents,3226898,3226898,3226898,3,3226891,3376954,3226891,3376954,48,2,680091143872320,False,False,2000000000000000,3400455719361600,200000000000000,680091143872320,1,0,0,f8797f004315acf99faaee62b08ce093109968ba82bb52d55c7bc8b92e4918b9,48f352137529955aed7faf1fd06be1ded7fe77708ca0989683ef984733ab71a6
cit-Patents,3226899,3226899,3226899,2,3226891,3376954,3226891,3376954,48,2,680091143872320,False,False,2000000000000000,3400455719361600,200000000000000,680091143872320,1,0,0,f8797f004315acf99faaee62b08ce093109968ba82bb52d55c7bc8b92e4918b9,48f352137529955aed7faf1fd06be1ded7fe77708ca0989683ef984733ab71a6
cit-Patents,3226900,3226900,3226900,2,3226891,3376954,3226891,3376954,48,2,680091143872320,False,False,2000000000000000,3400455719361600,200000000000000,680091143872320,1,0,0,f8797f004315acf99faaee62b08ce093109968ba82bb52d55c7bc8b92e4918b9,48f352137529955aed7faf1fd06be1ded7fe77708ca0989683ef984733ab71a6
cit-Patents,3226901,3226901,3226901,2,3226891,3376954,3226891,3376954,48,2,680091143872320,False,False,2000000000000000,3400455719361600,200000000000000,680091143872320,1,0,0,f8797f004315acf99faaee62b08ce093109968ba82bb52d55c7bc8b92e4918b9,48f352137529955aed7faf1fd06be1ded7fe77708ca0989683ef984733ab71a6
cit-Patents,3226902,3226902,3226902,2,3226891,3376954,3226891,3376954,48,2,680091143872320,False,False,2000000000000000,3400455719361600,200000000000000,680091143872320,1,0,0,f8797f004315acf99faaee62b08ce093109968ba82bb52d55c7bc8b92e4918b9,48f352137529955aed7faf1fd06be1ded7fe77708ca0989683ef984733ab71a6
cit-Patents,3226904,3226904,3226904,2,3226891,3376954,3226891,3376954,48,2,680091143872320,False,False,2000000000000000,3400455719361600,200000000000000,680091143872320,1,0,0,f8797f004315acf99faaee62b08ce093109968ba82bb52d55c7bc8b92e4918b9,48f352137529955aed7faf1fd06be1ded7fe77708ca0989683ef984733ab71a6
cit-Patents,3226905,3226905,3226905,2,3226891,3376954,3226891,3376954,48,2,680091143872320,False,False,2000000000000000,3400455719361600,200000000000000,680091143872320,1,0,0,f8797f004315acf99faaee62b08ce093109968ba82bb52d55c7bc8b92e4918b9,48f352137529955aed7faf1fd06be1ded7fe77708ca0989683ef984733ab71a6
cit-Patents,3226906,3226906,3226906,2,3226891,3376954,3226891,3376954,48,2,680091143872320,False,False,2000000000000000,3400455719361600,200000000000000,680091143872320,1,0,0,f8797f004315acf99faaee62b08ce093109968ba82bb52d55c7bc8b92e4918b9,48f352137529955aed7faf1fd06be1ded7fe77708ca0989683ef984733ab71a6
cit-Patents,3227017,3227017,3227017,2,3227016,3232485,3227016,3232485,38,2,538405488898920,False,False,2000000000000000,2692027444494600,200000000000000,538405488898920,1,0,0,f8797f004315acf99faaee62b08ce093109968ba82bb52d55c7bc8b92e4918b9,48f352137529955aed7faf1fd06be1ded7fe77708ca0989683ef984733ab71a6
cit-Patents,3236019,3236019,3236019,2,3236018,3238693,3236018,3238693,31,2,439225530417540,False,False,2000000000000000,2196127652087700,200000000000000,439225530417540,1,0,0,f8797f004315acf99faaee62b08ce093109968ba82bb52d55c7bc8b92e4918b9,48f352137529955aed7faf1fd06be1ded7fe77708ca0989683ef984733ab71a6
cit-Patents,3240564,3240564,3240564,2,3240563,3248948,3240563,3248948,34,2,481731226909560,False,False,2000000000000000,2408656134547800,200000000000000,481731226909560,1,0,0,f8797f004315acf99faaee62b08ce093109968ba82bb52d55c7bc8b92e4918b9,48f352137529955aed7faf1fd06be1ded7fe77708ca0989683ef984733ab71a6
cit-Patents,3257429,3257429,3257429,2,3257428,3388794,3257428,3388794,46,2,651754012877640,False,False,2000000000000000,3258770064388200,200000000000000,651754012877640,1,0,0,f8797f004315acf99faaee62b08ce093109968ba82bb52d55c7bc8b92e4918b9,48f352137529955aed7faf1fd06be1ded7fe77708ca0989683ef984733ab71a6
cit-Patents,3257430,3257430,3257430,2,3257428,3388794,3257428,3388794,46,2,651754012877640,False,False,2000000000000000,3258770064388200,200000000000000,651754012877640,1,0,0,f8797f004315acf99faaee62b08ce093109968ba82bb52d55c7bc8b92e4918b9,48f352137529955aed7faf1fd06be1ded7fe77708ca0989683ef984733ab71a6
cit-Patents,3258309,3258309,3258309,4,3355119,3362542,3355119,3362542,95,2,1346013722247300,False,False,2000000000000000,6730068611236500,200000000000000,1346013722247300,1,0,0,f8797f004315acf99faaee62b08ce093109968ba82bb52d55c7bc8b92e4918b9,48f352137529955aed7faf1fd06be1ded7fe77708ca0989683ef984733ab71a6
cit-Patents,3269787,3269787,3269787,2,3269786,3346182,3269786,3346182,60,2,850113929840400,False,False,2000000000000000,4250569649202000,200000000000000,850113929840400,1,0,0,f8797f004315acf99faaee62b08ce093109968ba82bb52d55c7bc8b92e4918b9,48f352137529955aed7faf1fd06be1ded7fe77708ca0989683ef984733ab71a6
cit-Patents,3269863,3269863,3269863,3,3520690,3571423,3520690,3571423,58,2,821776798845720,False,False,2000000000000000,4108883994228600,200000000000000,821776798845720,1,0,0,f8797f004315acf99faaee62b08ce093109968ba82bb52d55c7bc8b92e4918b9,48f352137529955aed7faf1fd06be1ded7fe77708ca0989683ef984733ab71a6
cit-Patents,3269864,3269864,3269864,3,3520690,3571423,3520690,3571423,58,2,821776798845720,False,False,2000000000000000,4108883994228600,200000000000000,821776798845720,1,0,0,f8797f004315acf99faaee62b08ce093109968ba82bb52d55c7bc8b92e4918b9,48f352137529955aed7faf1fd06be1ded7fe77708ca0989683ef984733ab71a6
cit-Patents,3269865,3269865,3269865,3,3520690,3571423,3520690,3571423,58,2,821776798845720,False,False,2000000000000000,4108883994228600,200000000000000,821776798845720,1,0,0,f8797f004315acf99faaee62b08ce093109968ba82bb52d55c7bc8b92e4918b9,48f352137529955aed7faf1fd06be1ded7fe77708ca0989683ef984733ab71a6
cit-Patents,3270717,3270717,3270717,2,3270716,3300846,3270716,3300846,120,2,1700227859680800,False,False,2000000000000000,8501139298404000,200000000000000,1700227859680800,1,0,0,f8797f004315acf99faaee62b08ce093109968ba82bb52d55c7bc8b92e4918b9,48f352137529955aed7faf1fd06be1ded7fe77708ca0989683ef984733ab71a6
cit-Patents,3270718,3270718,3270718,2,3270716,3300846,3270716,3300846,120,2,1700227859680800,False,False,2000000000000000,8501139298404000,200000000000000,1700227859680800,1,0,0,f8797f004315acf99faaee62b08ce093109968ba82bb52d55c7bc8b92e4918b9,48f352137529955aed7faf1fd06be1ded7fe77708ca0989683ef984733ab71a6
cit-Patents,3283066,3283066,3283066,2,3283065,3401857,3283065,3401857,34,2,481731226909560,False,False,2000000000000000,2408656134547800,200000000000000,481731226909560,1,0,0,f8797f004315acf99faaee62b08ce093109968ba82bb52d55c7bc8b92e4918b9,48f352137529955aed7faf1fd06be1ded7fe77708ca0989683ef984733ab71a6
cit-Patents,3283067,3283067,3283067,2,3283065,3401857,3283065,3401857,34,2,481731226909560,False,False,2000000000000000,2408656134547800,200000000000000,481731226909560,1,0,0,f8797f004315acf99faaee62b08ce093109968ba82bb52d55c7bc8b92e4918b9,48f352137529955aed7faf1fd06be1ded7fe77708ca0989683ef984733ab71a6
cit-Patents,3293836,3293836,3293836,3,3551021,3561885,3551021,3561885,37,2,524236923401580,False,False,2000000000000000,2621184617007900,200000000000000,524236923401580,1,0,0,f8797f004315acf99faaee62b08ce093109968ba82bb52d55c7bc8b92e4918b9,48f352137529955aed7faf1fd06be1ded7fe77708ca0989683ef984733ab71a6
cit-Patents,3294462,3294462,3294462,2,3294461,3403648,3294461,3403648,32,2,453394095914880,False,False,2000000000000000,2266970479574400,200000000000000,453394095914880,1,0,0,f8797f004315acf99faaee62b08ce093109968ba82bb52d55c7bc8b92e4918b9,48f352137529955aed7faf1fd06be1ded7fe77708ca0989683ef984733ab71a6
cit-Patents,3294464,3294464,3294464,2,3294461,3403648,3294461,3403648,32,2,453394095914880,False,False,2000000000000000,2266970479574400,200000000000000,453394095914880,1,0,0,f8797f004315acf99faaee62b08ce093109968ba82bb52d55c7bc8b92e4918b9,48f352137529955aed7faf1fd06be1ded7fe77708ca0989683ef984733ab71a6
cit-Patents,3294465,3294465,3294465,2,3294461,3403648,3294461,3403648,32,2,453394095914880,False,False,2000000000000000,2266970479574400,200000000000000,453394095914880,1,0,0,f8797f004315acf99faaee62b08ce093109968ba82bb52d55c7bc8b92e4918b9,48f352137529955aed7faf1fd06be1ded7fe77708ca0989683ef984733ab71a6
cit-Patents,3295531,3295531,3295531,2,3295530,3383506,3295530,3383506,41,2,580911185390940,False,False,2000000000000000,2904555926954700,200000000000000,580911185390940,1,0,0,f8797f004315acf99faaee62b08ce093109968ba82bb52d55c7bc8b92e4918b9,48f352137529955aed7faf1fd06be1ded7fe77708ca0989683ef984733ab71a6
cit-Patents,3297252,3297252,3297252,2,3297251,3333653,3297251,3333653,29,2,410888399422860,False,False,2000000000000000,2054441997114300,200000000000000,410888399422860,1,0,0,f8797f004315acf99faaee62b08ce093109968ba82bb52d55c7bc8b92e4918b9,48f352137529955aed7faf1fd06be1ded7fe77708ca0989683ef984733ab71a6
cit-Patents,3302356,3302356,3302356,2,3302355,3309714,3302355,3309714,30,2,425056964920200,False,False,2000000000000000,2125284824601000,200000000000000,425056964920200,1,0,0,f8797f004315acf99faaee62b08ce093109968ba82bb52d55c7bc8b92e4918b9,48f352137529955aed7faf1fd06be1ded7fe77708ca0989683ef984733ab71a6
cit-Patents,3302918,3302918,3302918,2,3302917,3307865,3302917,3307865,40,2,566742619893600,False,False,2000000000000000,2833713099468000,200000000000000,566742619893600,1,0,0,f8797f004315acf99faaee62b08ce093109968ba82bb52d55c7bc8b92e4918b9,48f352137529955aed7faf1fd06be1ded7fe77708ca0989683ef984733ab71a6
cit-Patents,3302919,3302919,3302919,2,3302917,3307865,3302917,3307865,40,2,566742619893600,False,False,2000000000000000,2833713099468000,200000000000000,566742619893600,1,0,0,f8797f004315acf99faaee62b08ce093109968ba82bb52d55c7bc8b92e4918b9,48f352137529955aed7faf1fd06be1ded7fe77708ca0989683ef984733ab71a6
cit-Patents,3308944,3308944,3308944,2,3308943,3373916,3308943,3373916,297,2,4208063952709980,False,False,2000000000000000,21040319763549900,200000000000000,4208063952709980,1,0,0,f8797f004315acf99faaee62b08ce093109968ba82bb52d55c7bc8b92e4918b9,48f352137529955aed7faf1fd06be1ded7fe77708ca0989683ef984733ab71a6
cit-Patents,3308945,3308945,3308945,2,3308943,3373916,3308943,3373916,297,2,4208063952709980,False,False,2000000000000000,21040319763549900,200000000000000,4208063952709980,1,0,0,f8797f004315acf99faaee62b08ce093109968ba82bb52d55c7bc8b92e4918b9,48f352137529955aed7faf1fd06be1ded7fe77708ca0989683ef984733ab71a6
cit-Patents,3308946,3308946,3308946,2,3308943,3373916,3308943,3373916,297,2,4208063952709980,False,False,2000000000000000,21040319763549900,200000000000000,4208063952709980,1,0,0,f8797f004315acf99faaee62b08ce093109968ba82bb52d55c7bc8b92e4918b9,48f352137529955aed7faf1fd06be1ded7fe77708ca0989683ef984733ab71a6
cit-Patents,3308947,3308947,3308947,2,3308943,3373916,3308943,3373916,297,2,4208063952709980,False,False,2000000000000000,21040319763549900,200000000000000,4208063952709980,1,0,0,f8797f004315acf99faaee62b08ce093109968ba82bb52d55c7bc8b92e4918b9,48f352137529955aed7faf1fd06be1ded7fe77708ca0989683ef984733ab71a6
cit-Patents,3308948,3308948,3308948,2,3308943,3373916,3308943,3373916,297,2,4208063952709980,False,False,2000000000000000,21040319763549900,200000000000000,4208063952709980,1,0,0,f8797f004315acf99faaee62b08ce093109968ba82bb52d55c7bc8b92e4918b9,48f352137529955aed7faf1fd06be1ded7fe77708ca0989683ef984733ab71a6
cit-Patents,3308949,3308949,3308949,2,3308943,3373916,3308943,3373916,297,2,4208063952709980,False,False,2000000000000000,21040319763549900,200000000000000,4208063952709980,1,0,0,f8797f004315acf99faaee62b08ce093109968ba82bb52d55c7bc8b92e4918b9,48f352137529955aed7faf1fd06be1ded7fe77708ca0989683ef984733ab71a6
cit-Patents,3308950,3308950,3308950,2,3308943,3373916,3308943,3373916,297,2,4208063952709980,False,False,2000000000000000,21040319763549900,200000000000000,4208063952709980,1,0,0,f8797f004315acf99faaee62b08ce093109968ba82bb52d55c7bc8b92e4918b9,48f352137529955aed7faf1fd06be1ded7fe77708ca0989683ef984733ab71a6
cit-Patents,3308951,3308951,3308951,2,3308943,3373916,3308943,3373916,297,2,4208063952709980,False,False,2000000000000000,21040319763549900,200000000000000,4208063952709980,1,0,0,f8797f004315acf99faaee62b08ce093109968ba82bb52d55c7bc8b92e4918b9,48f352137529955aed7faf1fd06be1ded7fe77708ca0989683ef984733ab71a6
cit-Patents,3308952,3308952,3308952,2,3308943,3373916,3308943,3373916,297,2,4208063952709980,False,False,2000000000000000,21040319763549900,200000000000000,4208063952709980,1,0,0,f8797f004315acf99faaee62b08ce093109968ba82bb52d55c7bc8b92e4918b9,48f352137529955aed7faf1fd06be1ded7fe77708ca0989683ef984733ab71a6
cit-Patents,3308953,3308953,3308953,2,3308943,3373916,3308943,3373916,297,2,4208063952709980,False,False,2000000000000000,21040319763549900,200000000000000,4208063952709980,1,0,0,f8797f004315acf99faaee62b08ce093109968ba82bb52d55c7bc8b92e4918b9,48f352137529955aed7faf1fd06be1ded7fe77708ca0989683ef984733ab71a6
cit-Patents,3308954,3308954,3308954,2,3308943,3373916,3308943,3373916,297,2,4208063952709980,False,False,2000000000000000,21040319763549900,200000000000000,4208063952709980,1,0,0,f8797f004315acf99faaee62b08ce093109968ba82bb52d55c7bc8b92e4918b9,48f352137529955aed7faf1fd06be1ded7fe77708ca0989683ef984733ab71a6
cit-Patents,3308955,3308955,3308955,2,3308943,3373916,3308943,3373916,297,2,4208063952709980,False,False,2000000000000000,21040319763549900,200000000000000,4208063952709980,1,0,0,f8797f004315acf99faaee62b08ce093109968ba82bb52d55c7bc8b92e4918b9,48f352137529955aed7faf1fd06be1ded7fe77708ca0989683ef984733ab71a6
cit-Patents,3308956,3308956,3308956,2,3308943,3373916,3308943,3373916,297,2,4208063952709980,False,False,2000000000000000,21040319763549900,200000000000000,4208063952709980,1,0,0,f8797f004315acf99faaee62b08ce093109968ba82bb52d55c7bc8b92e4918b9,48f352137529955aed7faf1fd06be1ded7fe77708ca0989683ef984733ab71a6
cit-Patents,3308957,3308957,3308957,2,3308943,3373916,3308943,3373916,297,2,4208063952709980,False,False,2000000000000000,21040319763549900,200000000000000,4208063952709980,1,0,0,f8797f004315acf99faaee62b08ce093109968ba82bb52d55c7bc8b92e4918b9,48f352137529955aed7faf1fd06be1ded7fe77708ca0989683ef984733ab71a6
cit-Patents,3308958,3308958,3308958,2,3308943,3373916,3308943,3373916,297,2,4208063952709980,False,False,2000000000000000,21040319763549900,200000000000000,4208063952709980,1,0,0,f8797f004315acf99faaee62b08ce093109968ba82bb52d55c7bc8b92e4918b9,48f352137529955aed7faf1fd06be1ded7fe77708ca0989683ef984733ab71a6
cit-Patents,3308959,3308959,3308959,2,3308943,3373916,3308943,3373916,297,2,4208063952709980,False,False,2000000000000000,21040319763549900,200000000000000,4208063952709980,1,0,0,f8797f004315acf99faaee62b08ce093109968ba82bb52d55c7bc8b92e4918b9,48f352137529955aed7faf1fd06be1ded7fe77708ca0989683ef984733ab71a6
cit-Patents,3308960,3308960,3308960,2,3308943,3373916,3308943,3373916,297,2,4208063952709980,False,False,2000000000000000,21040319763549900,200000000000000,4208063952709980,1,0,0,f8797f004315acf99faaee62b08ce093109968ba82bb52d55c7bc8b92e4918b9,48f352137529955aed7faf1fd06be1ded7fe77708ca0989683ef984733ab71a6
cit-Patents,3308961,3308961,3308961,2,3308943,3373916,3308943,3373916,297,2,4208063952709980,False,False,2000000000000000,21040319763549900,200000000000000,4208063952709980,1,0,0,f8797f004315acf99faaee62b08ce093109968ba82bb52d55c7bc8b92e4918b9,48f352137529955aed7faf1fd06be1ded7fe77708ca0989683ef984733ab71a6
cit-Patents,3308962,3308962,3308962,2,3308943,3373916,3308943,3373916,297,2,4208063952709980,False,False,2000000000000000,21040319763549900,200000000000000,4208063952709980,1,0,0,f8797f004315acf99faaee62b08ce093109968ba82bb52d55c7bc8b92e4918b9,48f352137529955aed7faf1fd06be1ded7fe77708ca0989683ef984733ab71a6
cit-Patents,3308963,3308963,3308963,2,3308943,3373916,3308943,3373916,297,2,4208063952709980,False,False,2000000000000000,21040319763549900,200000000000000,4208063952709980,1,0,0,f8797f004315acf99faaee62b08ce093109968ba82bb52d55c7bc8b92e4918b9,48f352137529955aed7faf1fd06be1ded7fe77708ca0989683ef984733ab71a6
cit-Patents,3308964,3308964,3308964,2,3308943,3373916,3308943,3373916,297,2,4208063952709980,False,False,2000000000000000,21040319763549900,200000000000000,4208063952709980,1,0,0,f8797f004315acf99faaee62b08ce093109968ba82bb52d55c7bc8b92e4918b9,48f352137529955aed7faf1fd06be1ded7fe77708ca0989683ef984733ab71a6
cit-Patents,3308965,3308965,3308965,2,3308943,3373916,3308943,3373916,297,2,4208063952709980,False,False,2000000000000000,21040319763549900,200000000000000,4208063952709980,1,0,0,f8797f004315acf99faaee62b08ce093109968ba82bb52d55c7bc8b92e4918b9,48f352137529955aed7faf1fd06be1ded7fe77708ca0989683ef984733ab71a6
cit-Patents,3308967,3308967,3308967,2,3308943,3373916,3308943,3373916,297,2,4208063952709980,False,False,2000000000000000,21040319763549900,200000000000000,4208063952709980,1,0,0,f8797f004315acf99faaee62b08ce093109968ba82bb52d55c7bc8b92e4918b9,48f352137529955aed7faf1fd06be1ded7fe77708ca0989683ef984733ab71a6
cit-Patents,3308969,3308969,3308969,2,3308943,3373916,3308943,3373916,297,2,4208063952709980,False,False,2000000000000000,21040319763549900,200000000000000,4208063952709980,1,0,0,f8797f004315acf99faaee62b08ce093109968ba82bb52d55c7bc8b92e4918b9,48f352137529955aed7faf1fd06be1ded7fe77708ca0989683ef984733ab71a6
cit-Patents,3308970,3308970,3308970,2,3308943,3373916,3308943,3373916,297,2,4208063952709980,False,False,2000000000000000,21040319763549900,200000000000000,4208063952709980,1,0,0,f8797f004315acf99faaee62b08ce093109968ba82bb52d55c7bc8b92e4918b9,48f352137529955aed7faf1fd06be1ded7fe77708ca0989683ef984733ab71a6
cit-Patents,3308971,3308971,3308971,2,3308943,3373916,3308943,3373916,297,2,4208063952709980,False,False,2000000000000000,21040319763549900,200000000000000,4208063952709980,1,0,0,f8797f004315acf99faaee62b08ce093109968ba82bb52d55c7bc8b92e4918b9,48f352137529955aed7faf1fd06be1ded7fe77708ca0989683ef984733ab71a6
cit-Patents,3308972,3308972,3308972,2,3308943,3373916,3308943,3373916,297,2,4208063952709980,False,False,2000000000000000,21040319763549900,200000000000000,4208063952709980,1,0,0,f8797f004315acf99faaee62b08ce093109968ba82bb52d55c7bc8b92e4918b9,48f352137529955aed7faf1fd06be1ded7fe77708ca0989683ef984733ab71a6
cit-Patents,3308973,3308973,3308973,2,3308943,3373916,3308943,3373916,297,2,4208063952709980,False,False,2000000000000000,21040319763549900,200000000000000,4208063952709980,1,0,0,f8797f004315acf99faaee62b08ce093109968ba82bb52d55c7bc8b92e4918b9,48f352137529955aed7faf1fd06be1ded7fe77708ca0989683ef984733ab71a6
cit-Patents,3308974,3308974,3308974,2,3308943,3373916,3308943,3373916,297,2,4208063952709980,False,False,2000000000000000,21040319763549900,200000000000000,4208063952709980,1,0,0,f8797f004315acf99faaee62b08ce093109968ba82bb52d55c7bc8b92e4918b9,48f352137529955aed7faf1fd06be1ded7fe77708ca0989683ef984733ab71a6
cit-Patents,3308975,3308975,3308975,2,3308943,3373916,3308943,3373916,297,2,4208063952709980,False,False,2000000000000000,21040319763549900,200000000000000,4208063952709980,1,0,0,f8797f004315acf99faaee62b08ce093109968ba82bb52d55c7bc8b92e4918b9,48f352137529955aed7faf1fd06be1ded7fe77708ca0989683ef984733ab71a6
cit-Patents,3308976,3308976,3308976,2,3308943,3373916,3308943,3373916,297,2,4208063952709980,False,False,2000000000000000,21040319763549900,200000000000000,4208063952709980,1,0,0,f8797f004315acf99faaee62b08ce093109968ba82bb52d55c7bc8b92e4918b9,48f352137529955aed7faf1fd06be1ded7fe77708ca0989683ef984733ab71a6
cit-Patents,3308977,3308977,3308977,2,3308943,3373916,3308943,3373916,297,2,4208063952709980,False,False,2000000000000000,21040319763549900,200000000000000,4208063952709980,1,0,0,f8797f004315acf99faaee62b08ce093109968ba82bb52d55c7bc8b92e4918b9,48f352137529955aed7faf1fd06be1ded7fe77708ca0989683ef984733ab71a6
cit-Patents,3308978,3308978,3308978,2,3308943,3373916,3308943,3373916,297,2,4208063952709980,False,False,2000000000000000,21040319763549900,200000000000000,4208063952709980,1,0,0,f8797f004315acf99faaee62b08ce093109968ba82bb52d55c7bc8b92e4918b9,48f352137529955aed7faf1fd06be1ded7fe77708ca0989683ef984733ab71a6
cit-Patents,3308979,3308979,3308979,2,3308943,3373916,3308943,3373916,297,2,4208063952709980,False,False,2000000000000000,21040319763549900,200000000000000,4208063952709980,1,0,0,f8797f004315acf99faaee62b08ce093109968ba82bb52d55c7bc8b92e4918b9,48f352137529955aed7faf1fd06be1ded7fe77708ca0989683ef984733ab71a6
cit-Patents,3308980,3308980,3308980,2,3308943,3373916,3308943,3373916,297,2,4208063952709980,False,False,2000000000000000,21040319763549900,200000000000000,4208063952709980,1,0,0,f8797f004315acf99faaee62b08ce093109968ba82bb52d55c7bc8b92e4918b9,48f352137529955aed7faf1fd06be1ded7fe77708ca0989683ef984733ab71a6
cit-Patents,3308981,3308981,3308981,2,3308943,3373916,3308943,3373916,297,2,4208063952709980,False,False,2000000000000000,21040319763549900,200000000000000,4208063952709980,1,0,0,f8797f004315acf99faaee62b08ce093109968ba82bb52d55c7bc8b92e4918b9,48f352137529955aed7faf1fd06be1ded7fe77708ca0989683ef984733ab71a6
cit-Patents,3308982,3308982,3308982,2,3308943,3373916,3308943,3373916,297,2,4208063952709980,False,False,2000000000000000,21040319763549900,200000000000000,4208063952709980,1,0,0,f8797f004315acf99faaee62b08ce093109968ba82bb52d55c7bc8b92e4918b9,48f352137529955aed7faf1fd06be1ded7fe77708ca0989683ef984733ab71a6
cit-Patents,3308983,3308983,3308983,2,3308943,3373916,3308943,3373916,297,2,4208063952709980,False,False,2000000000000000,21040319763549900,200000000000000,4208063952709980,1,0,0,f8797f004315acf99faaee62b08ce093109968ba82bb52d55c7bc8b92e4918b9,48f352137529955aed7faf1fd06be1ded7fe77708ca0989683ef984733ab71a6
cit-Patents,3308984,3308984,3308984,2,3308943,3373916,3308943,3373916,297,2,4208063952709980,False,False,2000000000000000,21040319763549900,200000000000000,4208063952709980,1,0,0,f8797f004315acf99faaee62b08ce093109968ba82bb52d55c7bc8b92e4918b9,48f352137529955aed7faf1fd06be1ded7fe77708ca0989683ef984733ab71a6
cit-Patents,3308985,3308985,3308985,2,3308943,3373916,3308943,3373916,297,2,4208063952709980,False,False,2000000000000000,21040319763549900,200000000000000,4208063952709980,1,0,0,f8797f004315acf99faaee62b08ce093109968ba82bb52d55c7bc8b92e4918b9,48f352137529955aed7faf1fd06be1ded7fe77708ca0989683ef984733ab71a6
cit-Patents,3308986,3308986,3308986,2,3308943,3373916,3308943,3373916,297,2,4208063952709980,False,False,2000000000000000,21040319763549900,200000000000000,4208063952709980,1,0,0,f8797f004315acf99faaee62b08ce093109968ba82bb52d55c7bc8b92e4918b9,48f352137529955aed7faf1fd06be1ded7fe77708ca0989683ef984733ab71a6
cit-Patents,3308988,3308988,3308988,2,3308943,3373916,3308943,3373916,297,2,4208063952709980,False,False,2000000000000000,21040319763549900,200000000000000,4208063952709980,1,0,0,f8797f004315acf99faaee62b08ce093109968ba82bb52d55c7bc8b92e4918b9,48f352137529955aed7faf1fd06be1ded7fe77708ca0989683ef984733ab71a6
cit-Patents,3308989,3308989,3308989,2,3308943,3373916,3308943,3373916,297,2,4208063952709980,False,False,2000000000000000,21040319763549900,200000000000000,4208063952709980,1,0,0,f8797f004315acf99faaee62b08ce093109968ba82bb52d55c7bc8b92e4918b9,48f352137529955aed7faf1fd06be1ded7fe77708ca0989683ef984733ab71a6
cit-Patents,3308990,3308990,3308990,2,3308943,3373916,3308943,3373916,297,2,4208063952709980,False,False,2000000000000000,21040319763549900,200000000000000,4208063952709980,1,0,0,f8797f004315acf99faaee62b08ce093109968ba82bb52d55c7bc8b92e4918b9,48f352137529955aed7faf1fd06be1ded7fe77708ca0989683ef984733ab71a6
cit-Patents,3308991,3308991,3308991,2,3308943,3373916,3308943,3373916,297,2,4208063952709980,False,False,2000000000000000,21040319763549900,200000000000000,4208063952709980,1,0,0,f8797f004315acf99faaee62b08ce093109968ba82bb52d55c7bc8b92e4918b9,48f352137529955aed7faf1fd06be1ded7fe77708ca0989683ef984733ab71a6
cit-Patents,3308992,3308992,3308992,2,3308943,3373916,3308943,3373916,297,2,4208063952709980,False,False,2000000000000000,21040319763549900,200000000000000,4208063952709980,1,0,0,f8797f004315acf99faaee62b08ce093109968ba82bb52d55c7bc8b92e4918b9,48f352137529955aed7faf1fd06be1ded7fe77708ca0989683ef984733ab71a6
cit-Patents,3308993,3308993,3308993,2,3308943,3373916,3308943,3373916,297,2,4208063952709980,False,False,2000000000000000,21040319763549900,200000000000000,4208063952709980,1,0,0,f8797f004315acf99faaee62b08ce093109968ba82bb52d55c7bc8b92e4918b9,48f352137529955aed7faf1fd06be1ded7fe77708ca0989683ef984733ab71a6
cit-Patents,3308994,3308994,3308994,2,3308943,3373916,3308943,3373916,297,2,4208063952709980,False,False,2000000000000000,21040319763549900,200000000000000,4208063952709980,1,0,0,f8797f004315acf99faaee62b08ce093109968ba82bb52d55c7bc8b92e4918b9,48f352137529955aed7faf1fd06be1ded7fe77708ca0989683ef984733ab71a6
cit-Patents,3308995,3308995,3308995,2,3308943,3373916,3308943,3373916,297,2,4208063952709980,False,False,2000000000000000,21040319763549900,200000000000000,4208063952709980,1,0,0,f8797f004315acf99faaee62b08ce093109968ba82bb52d55c7bc8b92e4918b9,48f352137529955aed7faf1fd06be1ded7fe77708ca0989683ef984733ab71a6
cit-Patents,3308996,3308996,3308996,2,3308943,3373916,3308943,3373916,297,2,4208063952709980,False,False,2000000000000000,21040319763549900,200000000000000,4208063952709980,1,0,0,f8797f004315acf99faaee62b08ce093109968ba82bb52d55c7bc8b92e4918b9,48f352137529955aed7faf1fd06be1ded7fe77708ca0989683ef984733ab71a6
cit-Patents,3308997,3308997,3308997,2,3308943,3373916,3308943,3373916,297,2,4208063952709980,False,False,2000000000000000,21040319763549900,200000000000000,4208063952709980,1,0,0,f8797f004315acf99faaee62b08ce093109968ba82bb52d55c7bc8b92e4918b9,48f352137529955aed7faf1fd06be1ded7fe77708ca0989683ef984733ab71a6
cit-Patents,3308998,3308998,3308998,2,3308943,3373916,3308943,3373916,297,2,4208063952709980,False,False,2000000000000000,21040319763549900,200000000000000,4208063952709980,1,0,0,f8797f004315acf99faaee62b08ce093109968ba82bb52d55c7bc8b92e4918b9,48f352137529955aed7faf1fd06be1ded7fe77708ca0989683ef984733ab71a6
cit-Patents,3308999,3308999,3308999,2,3308943,3373916,3308943,3373916,297,2,4208063952709980,False,False,2000000000000000,21040319763549900,200000000000000,4208063952709980,1,0,0,f8797f004315acf99faaee62b08ce093109968ba82bb52d55c7bc8b92e4918b9,48f352137529955aed7faf1fd06be1ded7fe77708ca0989683ef984733ab71a6
cit-Patents,3309001,3309001,3309001,2,3308943,3373916,3308943,3373916,297,2,4208063952709980,False,False,2000000000000000,21040319763549900,200000000000000,4208063952709980,1,0,0,f8797f004315acf99faaee62b08ce093109968ba82bb52d55c7bc8b92e4918b9,48f352137529955aed7faf1fd06be1ded7fe77708ca0989683ef984733ab71a6
cit-Patents,3309002,3309002,3309002,2,3308943,3373916,3308943,3373916,297,2,4208063952709980,False,False,2000000000000000,21040319763549900,200000000000000,4208063952709980,1,0,0,f8797f004315acf99faaee62b08ce093109968ba82bb52d55c7bc8b92e4918b9,48f352137529955aed7faf1fd06be1ded7fe77708ca0989683ef984733ab71a6
cit-Patents,3309003,3309003,3309003,2,3308943,3373916,3308943,3373916,297,2,4208063952709980,False,False,2000000000000000,21040319763549900,200000000000000,4208063952709980,1,0,0,f8797f004315acf99faaee62b08ce093109968ba82bb52d55c7bc8b92e4918b9,48f352137529955aed7faf1fd06be1ded7fe77708ca0989683ef984733ab71a6
cit-Patents,3309004,3309004,3309004,2,3308943,3373916,3308943,3373916,297,2,4208063952709980,False,False,2000000000000000,21040319763549900,200000000000000,4208063952709980,1,0,0,f8797f004315acf99faaee62b08ce093109968ba82bb52d55c7bc8b92e4918b9,48f352137529955aed7faf1fd06be1ded7fe77708ca0989683ef984733ab71a6
cit-Patents,3309005,3309005,3309005,2,3308943,3373916,3308943,3373916,297,2,4208063952709980,False,False,2000000000000000,21040319763549900,200000000000000,4208063952709980,1,0,0,f8797f004315acf99faaee62b08ce093109968ba82bb52d55c7bc8b92e4918b9,48f352137529955aed7faf1fd06be1ded7fe77708ca0989683ef984733ab71a6
cit-Patents,3309006,3309006,3309006,2,3308943,3373916,3308943,3373916,297,2,4208063952709980,False,False,2000000000000000,21040319763549900,200000000000000,4208063952709980,1,0,0,f8797f004315acf99faaee62b08ce093109968ba82bb52d55c7bc8b92e4918b9,48f352137529955aed7faf1fd06be1ded7fe77708ca0989683ef984733ab71a6
cit-Patents,3309007,3309007,3309007,2,3308943,3373916,3308943,3373916,297,2,4208063952709980,False,False,2000000000000000,21040319763549900,200000000000000,4208063952709980,1,0,0,f8797f004315acf99faaee62b08ce093109968ba82bb52d55c7bc8b92e4918b9,48f352137529955aed7faf1fd06be1ded7fe77708ca0989683ef984733ab71a6
cit-Patents,3309008,3309008,3309008,2,3308943,3373916,3308943,3373916,297,2,4208063952709980,False,False,2000000000000000,21040319763549900,200000000000000,4208063952709980,1,0,0,f8797f004315acf99faaee62b08ce093109968ba82bb52d55c7bc8b92e4918b9,48f352137529955aed7faf1fd06be1ded7fe77708ca0989683ef984733ab71a6
cit-Patents,3309009,3309009,3309009,2,3308943,3373916,3308943,3373916,297,2,4208063952709980,False,False,2000000000000000,21040319763549900,200000000000000,4208063952709980,1,0,0,f8797f004315acf99faaee62b08ce093109968ba82bb52d55c7bc8b92e4918b9,48f352137529955aed7faf1fd06be1ded7fe77708ca0989683ef984733ab71a6
cit-Patents,3309010,3309010,3309010,2,3308943,3373916,3308943,3373916,297,2,4208063952709980,False,False,2000000000000000,21040319763549900,200000000000000,4208063952709980,1,0,0,f8797f004315acf99faaee62b08ce093109968ba82bb52d55c7bc8b92e4918b9,48f352137529955aed7faf1fd06be1ded7fe77708ca0989683ef984733ab71a6
cit-Patents,3309011,3309011,3309011,2,3308943,3373916,3308943,3373916,297,2,4208063952709980,False,False,2000000000000000,21040319763549900,200000000000000,4208063952709980,1,0,0,f8797f004315acf99faaee62b08ce093109968ba82bb52d55c7bc8b92e4918b9,48f352137529955aed7faf1fd06be1ded7fe77708ca0989683ef984733ab71a6
cit-Patents,3309012,3309012,3309012,2,3308943,3373916,3308943,3373916,297,2,4208063952709980,False,False,2000000000000000,21040319763549900,200000000000000,4208063952709980,1,0,0,f8797f004315acf99faaee62b08ce093109968ba82bb52d55c7bc8b92e4918b9,48f352137529955aed7faf1fd06be1ded7fe77708ca0989683ef984733ab71a6
cit-Patents,3309013,3309013,3309013,2,3308943,3373916,3308943,3373916,297,2,4208063952709980,False,False,2000000000000000,21040319763549900,200000000000000,4208063952709980,1,0,0,f8797f004315acf99faaee62b08ce093109968ba82bb52d55c7bc8b92e4918b9,48f352137529955aed7faf1fd06be1ded7fe77708ca0989683ef984733ab71a6
cit-Patents,3309016,3309016,3309016,2,3308943,3373916,3308943,3373916,297,2,4208063952709980,False,False,2000000000000000,21040319763549900,200000000000000,4208063952709980,1,0,0,f8797f004315acf99faaee62b08ce093109968ba82bb52d55c7bc8b92e4918b9,48f352137529955aed7faf1fd06be1ded7fe77708ca0989683ef984733ab71a6
cit-Patents,3309017,3309017,3309017,2,3308943,3373916,3308943,3373916,297,2,4208063952709980,False,False,2000000000000000,21040319763549900,200000000000000,4208063952709980,1,0,0,f8797f004315acf99faaee62b08ce093109968ba82bb52d55c7bc8b92e4918b9,48f352137529955aed7faf1fd06be1ded7fe77708ca0989683ef984733ab71a6
cit-Patents,3309018,3309018,3309018,2,3308943,3373916,3308943,3373916,297,2,4208063952709980,False,False,2000000000000000,21040319763549900,200000000000000,4208063952709980,1,0,0,f8797f004315acf99faaee62b08ce093109968ba82bb52d55c7bc8b92e4918b9,48f352137529955aed7faf1fd06be1ded7fe77708ca0989683ef984733ab71a6
cit-Patents,3313249,3313249,3313249,2,3313248,3504080,3313248,3504080,39,2,552574054396260,False,False,2000000000000000,2762870271981300,200000000000000,552574054396260,1,0,0,f8797f004315acf99faaee62b08ce093109968ba82bb52d55c7bc8b92e4918b9,48f352137529955aed7faf1fd06be1ded7fe77708ca0989683ef984733ab71a6
cit-Patents,3313250,3313250,3313250,2,3313248,3504080,3313248,3504080,39,2,552574054396260,False,False,2000000000000000,2762870271981300,200000000000000,552574054396260,1,0,0,f8797f004315acf99faaee62b08ce093109968ba82bb52d55c7bc8b92e4918b9,48f352137529955aed7faf1fd06be1ded7fe77708ca0989683ef984733ab71a6
cit-Patents,3315071,3315071,3315071,2,3315069,3353320,3315069,3353320,49,2,694259709369660,False,False,2000000000000000,3471298546848300,200000000000000,694259709369660,1,0,0,f8797f004315acf99faaee62b08ce093109968ba82bb52d55c7bc8b92e4918b9,48f352137529955aed7faf1fd06be1ded7fe77708ca0989683ef984733ab71a6
cit-Patents,3317805,3317805,3317805,2,3317804,3324907,3317804,3324907,38,2,538405488898920,False,False,2000000000000000,2692027444494600,200000000000000,538405488898920,1,0,0,f8797f004315acf99faaee62b08ce093109968ba82bb52d55c7bc8b92e4918b9,48f352137529955aed7faf1fd06be1ded7fe77708ca0989683ef984733ab71a6
cit-Patents,3324465,3324465,3324465,2,3324464,3690484,3324464,3690484,33,2,467562661412220,False,False,2000000000000000,2337813307061100,200000000000000,467562661412220,1,0,0,f8797f004315acf99faaee62b08ce093109968ba82bb52d55c7bc8b92e4918b9,48f352137529955aed7faf1fd06be1ded7fe77708ca0989683ef984733ab71a6
cit-Patents,3329106,3329106,3329106,2,3329105,3556403,3329105,3556403,41,2,580911185390940,False,False,2000000000000000,2904555926954700,200000000000000,580911185390940,1,0,0,f8797f004315acf99faaee62b08ce093109968ba82bb52d55c7bc8b92e4918b9,48f352137529955aed7faf1fd06be1ded7fe77708ca0989683ef984733ab71a6
cit-Patents,3329107,3329107,3329107,2,3329105,3556403,3329105,3556403,41,2,580911185390940,False,False,2000000000000000,2904555926954700,200000000000000,580911185390940,1,0,0,f8797f004315acf99faaee62b08ce093109968ba82bb52d55c7bc8b92e4918b9,48f352137529955aed7faf1fd06be1ded7fe77708ca0989683ef984733ab71a6
cit-Patents,3329108,3329108,3329108,2,3329105,3556403,3329105,3556403,41,2,580911185390940,False,False,2000000000000000,2904555926954700,200000000000000,580911185390940,1,0,0,f8797f004315acf99faaee62b08ce093109968ba82bb52d55c7bc8b92e4918b9,48f352137529955aed7faf1fd06be1ded7fe77708ca0989683ef984733ab71a6
cit-Patents,3329109,3329109,3329109,2,3329105,3556403,3329105,3556403,41,2,580911185390940,False,False,2000000000000000,2904555926954700,200000000000000,580911185390940,1,0,0,f8797f004315acf99faaee62b08ce093109968ba82bb52d55c7bc8b92e4918b9,48f352137529955aed7faf1fd06be1ded7fe77708ca0989683ef984733ab71a6
cit-Patents,3329331,3329331,3329331,2,3329330,3396107,3329330,3396107,44,2,623416881882960,False,False,2000000000000000,3117084409414800,200000000000000,623416881882960,1,0,0,f8797f004315acf99faaee62b08ce093109968ba82bb52d55c7bc8b92e4918b9,48f352137529955aed7faf1fd06be1ded7fe77708ca0989683ef984733ab71a6
cit-Patents,3337019,3337019,3337019,2,3337018,3342056,3337018,3342056,113,2,1601047901199420,False,False,2000000000000000,8005239505997100,200000000000000,1601047901199420,1,0,0,f8797f004315acf99faaee62b08ce093109968ba82bb52d55c7bc8b92e4918b9,48f352137529955aed7faf1fd06be1ded7fe77708ca0989683ef984733ab71a6
cit-Patents,3338310,3338310,3338310,2,3338309,3657110,3338309,3657110,49,2,694259709369660,False,False,2000000000000000,3471298546848300,200000000000000,694259709369660,1,0,0,f8797f004315acf99faaee62b08ce093109968ba82bb52d55c7bc8b92e4918b9,48f352137529955aed7faf1fd06be1ded7fe77708ca0989683ef984733ab71a6
cit-Patents,3338311,3338311,3338311,2,3338309,3657110,3338309,3657110,49,2,694259709369660,False,False,2000000000000000,3471298546848300,200000000000000,694259709369660,1,0,0,f8797f004315acf99faaee62b08ce093109968ba82bb52d55c7bc8b92e4918b9,48f352137529955aed7faf1fd06be1ded7fe77708ca0989683ef984733ab71a6
cit-Patents,3338524,3338524,3338524,2,3338523,3605949,3338523,3605949,62,2,878451060835080,False,False,2000000000000000,4392255304175400,200000000000000,878451060835080,1,0,0,f8797f004315acf99faaee62b08ce093109968ba82bb52d55c7bc8b92e4918b9,48f352137529955aed7faf1fd06be1ded7fe77708ca0989683ef984733ab71a6
cit-Patents,3343478,3343478,3343478,2,3343477,3533322,3343477,3533322,74,2,1048473846803160,False,False,2000000000000000,5242369234015800,200000000000000,1048473846803160,1,0,0,f8797f004315acf99faaee62b08ce093109968ba82bb52d55c7bc8b92e4918b9,48f352137529955aed7faf1fd06be1ded7fe77708ca0989683ef984733ab71a6
cit-Patents,3343479,3343479,3343479,2,3343477,3533322,3343477,3533322,74,2,1048473846803160,False,False,2000000000000000,5242369234015800,200000000000000,1048473846803160,1,0,0,f8797f004315acf99faaee62b08ce093109968ba82bb52d55c7bc8b92e4918b9,48f352137529955aed7faf1fd06be1ded7fe77708ca0989683ef984733ab71a6
cit-Patents,3343480,3343480,3343480,2,3343477,3533322,3343477,3533322,74,2,1048473846803160,False,False,2000000000000000,5242369234015800,200000000000000,1048473846803160,1,0,0,f8797f004315acf99faaee62b08ce093109968ba82bb52d55c7bc8b92e4918b9,48f352137529955aed7faf1fd06be1ded7fe77708ca0989683ef984733ab71a6
cit-Patents,3343481,3343481,3343481,2,3343477,3533322,3343477,3533322,74,2,1048473846803160,False,False,2000000000000000,5242369234015800,200000000000000,1048473846803160,1,0,0,f8797f004315acf99faaee62b08ce093109968ba82bb52d55c7bc8b92e4918b9,48f352137529955aed7faf1fd06be1ded7fe77708ca0989683ef984733ab71a6
cit-Patents,3343482,3343482,3343482,2,3343477,3533322,3343477,3533322,74,2,1048473846803160,False,False,2000000000000000,5242369234015800,200000000000000,1048473846803160,1,0,0,f8797f004315acf99faaee62b08ce093109968ba82bb52d55c7bc8b92e4918b9,48f352137529955aed7faf1fd06be1ded7fe77708ca0989683ef984733ab71a6
cit-Patents,3343483,3343483,3343483,2,3343477,3533322,3343477,3533322,74,2,1048473846803160,False,False,2000000000000000,5242369234015800,200000000000000,1048473846803160,1,0,0,f8797f004315acf99faaee62b08ce093109968ba82bb52d55c7bc8b92e4918b9,48f352137529955aed7faf1fd06be1ded7fe77708ca0989683ef984733ab71a6
cit-Patents,3343484,3343484,3343484,2,3343477,3533322,3343477,3533322,74,2,1048473846803160,False,False,2000000000000000,5242369234015800,200000000000000,1048473846803160,1,0,0,f8797f004315acf99faaee62b08ce093109968ba82bb52d55c7bc8b92e4918b9,48f352137529955aed7faf1fd06be1ded7fe77708ca0989683ef984733ab71a6
cit-Patents,3343485,3343485,3343485,2,3343477,3533322,3343477,3533322,74,2,1048473846803160,False,False,2000000000000000,5242369234015800,200000000000000,1048473846803160,1,0,0,f8797f004315acf99faaee62b08ce093109968ba82bb52d55c7bc8b92e4918b9,48f352137529955aed7faf1fd06be1ded7fe77708ca0989683ef984733ab71a6
cit-Patents,3343486,3343486,3343486,2,3343477,3533322,3343477,3533322,74,2,1048473846803160,False,False,2000000000000000,5242369234015800,200000000000000,1048473846803160,1,0,0,f8797f004315acf99faaee62b08ce093109968ba82bb52d55c7bc8b92e4918b9,48f352137529955aed7faf1fd06be1ded7fe77708ca0989683ef984733ab71a6
cit-Patents,3343487,3343487,3343487,2,3343477,3533322,3343477,3533322,74,2,1048473846803160,False,False,2000000000000000,5242369234015800,200000000000000,1048473846803160,1,0,0,f8797f004315acf99faaee62b08ce093109968ba82bb52d55c7bc8b92e4918b9,48f352137529955aed7faf1fd06be1ded7fe77708ca0989683ef984733ab71a6
cit-Patents,3345673,3345673,3345673,2,3345672,3515298,3345672,3515298,29,2,410888399422860,False,False,2000000000000000,2054441997114300,200000000000000,410888399422860,1,0,0,f8797f004315acf99faaee62b08ce093109968ba82bb52d55c7bc8b92e4918b9,48f352137529955aed7faf1fd06be1ded7fe77708ca0989683ef984733ab71a6
cit-Patents,3350200,3350200,3350200,2,3350199,3658908,3350199,3658908,35,2,495899792406900,False,False,2000000000000000,2479498962034500,200000000000000,495899792406900,1,0,0,f8797f004315acf99faaee62b08ce093109968ba82bb52d55c7bc8b92e4918b9,48f352137529955aed7faf1fd06be1ded7fe77708ca0989683ef984733ab71a6
cit-Patents,3353772,3353772,3353772,2,3353771,3605722,3353771,3605722,29,2,410888399422860,False,False,2000000000000000,2054441997114300,200000000000000,410888399422860,1,0,0,f8797f004315acf99faaee62b08ce093109968ba82bb52d55c7bc8b92e4918b9,48f352137529955aed7faf1fd06be1ded7fe77708ca0989683ef984733ab71a6
cit-Patents,3354344,3354344,3354344,2,3354343,3549746,3354343,3549746,31,2,439225530417540,False,False,2000000000000000,2196127652087700,200000000000000,439225530417540,1,0,0,f8797f004315acf99faaee62b08ce093109968ba82bb52d55c7bc8b92e4918b9,48f352137529955aed7faf1fd06be1ded7fe77708ca0989683ef984733ab71a6
cit-Patents,3358700,3358700,3358700,2,3358699,3503131,3358699,3503131,84,2,1190159501776560,False,False,2000000000000000,5950797508882800,200000000000000,1190159501776560,1,0,0,f8797f004315acf99faaee62b08ce093109968ba82bb52d55c7bc8b92e4918b9,48f352137529955aed7faf1fd06be1ded7fe77708ca0989683ef984733ab71a6
cit-Patents,3363000,3363000,3363000,2,3362999,3695034,3362999,3695034,29,2,410888399422860,False,False,2000000000000000,2054441997114300,200000000000000,410888399422860,1,0,0,f8797f004315acf99faaee62b08ce093109968ba82bb52d55c7bc8b92e4918b9,48f352137529955aed7faf1fd06be1ded7fe77708ca0989683ef984733ab71a6
cit-Patents,3363001,3363001,3363001,2,3362999,3695034,3362999,3695034,29,2,410888399422860,False,False,2000000000000000,2054441997114300,200000000000000,410888399422860,1,0,0,f8797f004315acf99faaee62b08ce093109968ba82bb52d55c7bc8b92e4918b9,48f352137529955aed7faf1fd06be1ded7fe77708ca0989683ef984733ab71a6
cit-Patents,3363002,3363002,3363002,2,3362999,3695034,3362999,3695034,29,2,410888399422860,False,False,2000000000000000,2054441997114300,200000000000000,410888399422860,1,0,0,f8797f004315acf99faaee62b08ce093109968ba82bb52d55c7bc8b92e4918b9,48f352137529955aed7faf1fd06be1ded7fe77708ca0989683ef984733ab71a6
cit-Patents,3363542,3363542,3363542,2,3363541,3597118,3363541,3597118,36,2,510068357904240,False,False,2000000000000000,2550341789521200,200000000000000,510068357904240,1,0,0,f8797f004315acf99faaee62b08ce093109968ba82bb52d55c7bc8b92e4918b9,48f352137529955aed7faf1fd06be1ded7fe77708ca0989683ef984733ab71a6
cit-Patents,3366340,3366340,3366340,2,3366339,3538129,3366339,3538129,39,2,552574054396260,False,False,2000000000000000,2762870271981300,200000000000000,552574054396260,1,0,0,f8797f004315acf99faaee62b08ce093109968ba82bb52d55c7bc8b92e4918b9,48f352137529955aed7faf1fd06be1ded7fe77708ca0989683ef984733ab71a6
cit-Patents,3368350,3368350,3368350,3,3472308,3575286,3472308,3575286,85,2,1204328067273900,False,False,2000000000000000,6021640336369500,200000000000000,1204328067273900,1,0,0,f8797f004315acf99faaee62b08ce093109968ba82bb52d55c7bc8b92e4918b9,48f352137529955aed7faf1fd06be1ded7fe77708ca0989683ef984733ab71a6
cit-Patents,3368351,3368351,3368351,3,3472308,3575286,3472308,3575286,85,2,1204328067273900,False,False,2000000000000000,6021640336369500,200000000000000,1204328067273900,1,0,0,f8797f004315acf99faaee62b08ce093109968ba82bb52d55c7bc8b92e4918b9,48f352137529955aed7faf1fd06be1ded7fe77708ca0989683ef984733ab71a6
cit-Patents,3368352,3368352,3368352,3,3472308,3575286,3472308,3575286,85,2,1204328067273900,False,False,2000000000000000,6021640336369500,200000000000000,1204328067273900,1,0,0,f8797f004315acf99faaee62b08ce093109968ba82bb52d55c7bc8b92e4918b9,48f352137529955aed7faf1fd06be1ded7fe77708ca0989683ef984733ab71a6
cit-Patents,3368353,3368353,3368353,3,3472308,3575286,3472308,3575286,85,2,1204328067273900,False,False,2000000000000000,6021640336369500,200000000000000,1204328067273900,1,0,0,f8797f004315acf99faaee62b08ce093109968ba82bb52d55c7bc8b92e4918b9,48f352137529955aed7faf1fd06be1ded7fe77708ca0989683ef984733ab71a6
cit-Patents,3368354,3368354,3368354,3,3472308,3575286,3472308,3575286,85,2,1204328067273900,False,False,2000000000000000,6021640336369500,200000000000000,1204328067273900,1,0,0,f8797f004315acf99faaee62b08ce093109968ba82bb52d55c7bc8b92e4918b9,48f352137529955aed7faf1fd06be1ded7fe77708ca0989683ef984733ab71a6
cit-Patents,3368355,3368355,3368355,3,3472308,3575286,3472308,3575286,85,2,1204328067273900,False,False,2000000000000000,6021640336369500,200000000000000,1204328067273900,1,0,0,f8797f004315acf99faaee62b08ce093109968ba82bb52d55c7bc8b92e4918b9,48f352137529955aed7faf1fd06be1ded7fe77708ca0989683ef984733ab71a6
cit-Patents,3368356,3368356,3368356,3,3472308,3575286,3472308,3575286,85,2,1204328067273900,False,False,2000000000000000,6021640336369500,200000000000000,1204328067273900,1,0,0,f8797f004315acf99faaee62b08ce093109968ba82bb52d55c7bc8b92e4918b9,48f352137529955aed7faf1fd06be1ded7fe77708ca0989683ef984733ab71a6
cit-Patents,3368357,3368357,3368357,3,3472308,3575286,3472308,3575286,85,2,1204328067273900,False,False,2000000000000000,6021640336369500,200000000000000,1204328067273900,1,0,0,f8797f004315acf99faaee62b08ce093109968ba82bb52d55c7bc8b92e4918b9,48f352137529955aed7faf1fd06be1ded7fe77708ca0989683ef984733ab71a6
cit-Patents,3368358,3368358,3368358,3,3472308,3575286,3472308,3575286,85,2,1204328067273900,False,False,2000000000000000,6021640336369500,200000000000000,1204328067273900,1,0,0,f8797f004315acf99faaee62b08ce093109968ba82bb52d55c7bc8b92e4918b9,48f352137529955aed7faf1fd06be1ded7fe77708ca0989683ef984733ab71a6
cit-Patents,3368359,3368359,3368359,3,3472308,3575286,3472308,3575286,85,2,1204328067273900,False,False,2000000000000000,6021640336369500,200000000000000,1204328067273900,1,0,0,f8797f004315acf99faaee62b08ce093109968ba82bb52d55c7bc8b92e4918b9,48f352137529955aed7faf1fd06be1ded7fe77708ca0989683ef984733ab71a6
cit-Patents,3368360,3368360,3368360,3,3472308,3575286,3472308,3575286,85,2,1204328067273900,False,False,2000000000000000,6021640336369500,200000000000000,1204328067273900,1,0,0,f8797f004315acf99faaee62b08ce093109968ba82bb52d55c7bc8b92e4918b9,48f352137529955aed7faf1fd06be1ded7fe77708ca0989683ef984733ab71a6
cit-Patents,3368361,3368361,3368361,3,3472308,3575286,3472308,3575286,85,2,1204328067273900,False,False,2000000000000000,6021640336369500,200000000000000,1204328067273900,1,0,0,f8797f004315acf99faaee62b08ce093109968ba82bb52d55c7bc8b92e4918b9,48f352137529955aed7faf1fd06be1ded7fe77708ca0989683ef984733ab71a6
cit-Patents,3368362,3368362,3368362,3,3472308,3575286,3472308,3575286,85,2,1204328067273900,False,False,2000000000000000,6021640336369500,200000000000000,1204328067273900,1,0,0,f8797f004315acf99faaee62b08ce093109968ba82bb52d55c7bc8b92e4918b9,48f352137529955aed7faf1fd06be1ded7fe77708ca0989683ef984733ab71a6
cit-Patents,3368363,3368363,3368363,3,3472308,3575286,3472308,3575286,85,2,1204328067273900,False,False,2000000000000000,6021640336369500,200000000000000,1204328067273900,1,0,0,f8797f004315acf99faaee62b08ce093109968ba82bb52d55c7bc8b92e4918b9,48f352137529955aed7faf1fd06be1ded7fe77708ca0989683ef984733ab71a6
cit-Patents,3368364,3368364,3368364,3,3472308,3575286,3472308,3575286,85,2,1204328067273900,False,False,2000000000000000,6021640336369500,200000000000000,1204328067273900,1,0,0,f8797f004315acf99faaee62b08ce093109968ba82bb52d55c7bc8b92e4918b9,48f352137529955aed7faf1fd06be1ded7fe77708ca0989683ef984733ab71a6
cit-Patents,3368366,3368366,3368366,3,3472308,3575286,3472308,3575286,85,2,1204328067273900,False,False,2000000000000000,6021640336369500,200000000000000,1204328067273900,1,0,0,f8797f004315acf99faaee62b08ce093109968ba82bb52d55c7bc8b92e4918b9,48f352137529955aed7faf1fd06be1ded7fe77708ca0989683ef984733ab71a6
cit-Patents,3368367,3368367,3368367,3,3472308,3575286,3472308,3575286,85,2,1204328067273900,False,False,2000000000000000,6021640336369500,200000000000000,1204328067273900,1,0,0,f8797f004315acf99faaee62b08ce093109968ba82bb52d55c7bc8b92e4918b9,48f352137529955aed7faf1fd06be1ded7fe77708ca0989683ef984733ab71a6
cit-Patents,3368368,3368368,3368368,3,3472308,3575286,3472308,3575286,85,2,1204328067273900,False,False,2000000000000000,6021640336369500,200000000000000,1204328067273900,1,0,0,f8797f004315acf99faaee62b08ce093109968ba82bb52d55c7bc8b92e4918b9,48f352137529955aed7faf1fd06be1ded7fe77708ca0989683ef984733ab71a6
cit-Patents,3368369,3368369,3368369,3,3472308,3575286,3472308,3575286,85,2,1204328067273900,False,False,2000000000000000,6021640336369500,200000000000000,1204328067273900,1,0,0,f8797f004315acf99faaee62b08ce093109968ba82bb52d55c7bc8b92e4918b9,48f352137529955aed7faf1fd06be1ded7fe77708ca0989683ef984733ab71a6
cit-Patents,3368370,3368370,3368370,3,3472308,3575286,3472308,3575286,85,2,1204328067273900,False,False,2000000000000000,6021640336369500,200000000000000,1204328067273900,1,0,0,f8797f004315acf99faaee62b08ce093109968ba82bb52d55c7bc8b92e4918b9,48f352137529955aed7faf1fd06be1ded7fe77708ca0989683ef984733ab71a6
cit-Patents,3368371,3368371,3368371,3,3472308,3575286,3472308,3575286,85,2,1204328067273900,False,False,2000000000000000,6021640336369500,200000000000000,1204328067273900,1,0,0,f8797f004315acf99faaee62b08ce093109968ba82bb52d55c7bc8b92e4918b9,48f352137529955aed7faf1fd06be1ded7fe77708ca0989683ef984733ab71a6
cit-Patents,3369560,3369560,3369560,2,3369559,3619060,3369559,3619060,40,2,566742619893600,False,False,2000000000000000,2833713099468000,200000000000000,566742619893600,1,0,0,f8797f004315acf99faaee62b08ce093109968ba82bb52d55c7bc8b92e4918b9,48f352137529955aed7faf1fd06be1ded7fe77708ca0989683ef984733ab71a6
cit-Patents,3372806,3372806,3372806,3,2689010,2729412,2689010,2729412,64,2,906788191829760,False,False,2000000000000000,4533940959148800,200000000000000,906788191829760,1,0,0,f8797f004315acf99faaee62b08ce093109968ba82bb52d55c7bc8b92e4918b9,48f352137529955aed7faf1fd06be1ded7fe77708ca0989683ef984733ab71a6
cit-Patents,3377583,3377583,3377583,2,3377582,3641563,3377582,3641563,31,2,439225530417540,False,False,2000000000000000,2196127652087700,200000000000000,439225530417540,1,0,0,f8797f004315acf99faaee62b08ce093109968ba82bb52d55c7bc8b92e4918b9,48f352137529955aed7faf1fd06be1ded7fe77708ca0989683ef984733ab71a6
cit-Patents,3377584,3377584,3377584,2,3377582,3641563,3377582,3641563,31,2,439225530417540,False,False,2000000000000000,2196127652087700,200000000000000,439225530417540,1,0,0,f8797f004315acf99faaee62b08ce093109968ba82bb52d55c7bc8b92e4918b9,48f352137529955aed7faf1fd06be1ded7fe77708ca0989683ef984733ab71a6
cit-Patents,3388145,3388145,3388145,2,3388144,3599918,3388144,3599918,47,2,665922578374980,False,False,2000000000000000,3329612891874900,200000000000000,665922578374980,1,0,0,f8797f004315acf99faaee62b08ce093109968ba82bb52d55c7bc8b92e4918b9,48f352137529955aed7faf1fd06be1ded7fe77708ca0989683ef984733ab71a6
cit-Patents,3388146,3388146,3388146,2,3388144,3599918,3388144,3599918,47,2,665922578374980,False,False,2000000000000000,3329612891874900,200000000000000,665922578374980,1,0,0,f8797f004315acf99faaee62b08ce093109968ba82bb52d55c7bc8b92e4918b9,48f352137529955aed7faf1fd06be1ded7fe77708ca0989683ef984733ab71a6
cit-Patents,3388147,3388147,3388147,2,3388144,3599918,3388144,3599918,47,2,665922578374980,False,False,2000000000000000,3329612891874900,200000000000000,665922578374980,1,0,0,f8797f004315acf99faaee62b08ce093109968ba82bb52d55c7bc8b92e4918b9,48f352137529955aed7faf1fd06be1ded7fe77708ca0989683ef984733ab71a6
cit-Patents,3398426,3398426,3398426,2,3398425,3417649,3398425,3417649,51,2,722596840364340,False,False,2000000000000000,3612984201821700,200000000000000,722596840364340,1,0,0,f8797f004315acf99faaee62b08ce093109968ba82bb52d55c7bc8b92e4918b9,48f352137529955aed7faf1fd06be1ded7fe77708ca0989683ef984733ab71a6
cit-Patents,3398650,3398650,3398650,2,3398649,3599050,3398649,3599050,30,2,425056964920200,False,False,2000000000000000,2125284824601000,200000000000000,425056964920200,1,0,0,f8797f004315acf99faaee62b08ce093109968ba82bb52d55c7bc8b92e4918b9,48f352137529955aed7faf1fd06be1ded7fe77708ca0989683ef984733ab71a6
cit-Patents,3407687,3407687,3407687,2,3407686,3609589,3407686,3609589,45,2,637585447380300,False,False,2000000000000000,3187927236901500,200000000000000,637585447380300,1,0,0,f8797f004315acf99faaee62b08ce093109968ba82bb52d55c7bc8b92e4918b9,48f352137529955aed7faf1fd06be1ded7fe77708ca0989683ef984733ab71a6
cit-Patents,3413277,3413277,3413277,2,3413276,3413284,3413276,3413284,43,2,609248316385620,False,False,2000000000000000,3046241581928100,200000000000000,609248316385620,1,0,0,f8797f004315acf99faaee62b08ce093109968ba82bb52d55c7bc8b92e4918b9,48f352137529955aed7faf1fd06be1ded7fe77708ca0989683ef984733ab71a6
cit-Patents,3413278,3413278,3413278,2,3413276,3413284,3413276,3413284,43,2,609248316385620,False,False,2000000000000000,3046241581928100,200000000000000,609248316385620,1,0,0,f8797f004315acf99faaee62b08ce093109968ba82bb52d55c7bc8b92e4918b9,48f352137529955aed7faf1fd06be1ded7fe77708ca0989683ef984733ab71a6
cit-Patents,3413279,3413279,3413279,2,3413276,3413284,3413276,3413284,43,2,609248316385620,False,False,2000000000000000,3046241581928100,200000000000000,609248316385620,1,0,0,f8797f004315acf99faaee62b08ce093109968ba82bb52d55c7bc8b92e4918b9,48f352137529955aed7faf1fd06be1ded7fe77708ca0989683ef984733ab71a6
cit-Patents,3413280,3413280,3413280,2,3413276,3413284,3413276,3413284,43,2,609248316385620,False,False,2000000000000000,3046241581928100,200000000000000,609248316385620,1,0,0,f8797f004315acf99faaee62b08ce093109968ba82bb52d55c7bc8b92e4918b9,48f352137529955aed7faf1fd06be1ded7fe77708ca0989683ef984733ab71a6
cit-Patents,3413281,3413281,3413281,2,3413276,3413284,3413276,3413284,43,2,609248316385620,False,False,2000000000000000,3046241581928100,200000000000000,609248316385620,1,0,0,f8797f004315acf99faaee62b08ce093109968ba82bb52d55c7bc8b92e4918b9,48f352137529955aed7faf1fd06be1ded7fe77708ca0989683ef984733ab71a6
cit-Patents,3413282,3413282,3413282,2,3413276,3413284,3413276,3413284,43,2,609248316385620,False,False,2000000000000000,3046241581928100,200000000000000,609248316385620,1,0,0,f8797f004315acf99faaee62b08ce093109968ba82bb52d55c7bc8b92e4918b9,48f352137529955aed7faf1fd06be1ded7fe77708ca0989683ef984733ab71a6
cit-Patents,3413283,3413283,3413283,2,3413276,3413284,3413276,3413284,43,2,609248316385620,False,False,2000000000000000,3046241581928100,200000000000000,609248316385620,1,0,0,f8797f004315acf99faaee62b08ce093109968ba82bb52d55c7bc8b92e4918b9,48f352137529955aed7faf1fd06be1ded7fe77708ca0989683ef984733ab71a6
cit-Patents,3419899,3419899,3419899,3,3555895,3602392,3555895,3602392,128,2,1813576383659520,False,False,2000000000000000,9067881918297600,200000000000000,1813576383659520,1,0,0,f8797f004315acf99faaee62b08ce093109968ba82bb52d55c7bc8b92e4918b9,48f352137529955aed7faf1fd06be1ded7fe77708ca0989683ef984733ab71a6
cit-Patents,3419900,3419900,3419900,3,3555895,3602392,3555895,3602392,128,2,1813576383659520,False,False,2000000000000000,9067881918297600,200000000000000,1813576383659520,1,0,0,f8797f004315acf99faaee62b08ce093109968ba82bb52d55c7bc8b92e4918b9,48f352137529955aed7faf1fd06be1ded7fe77708ca0989683ef984733ab71a6
cit-Patents,3422709,3422709,3422709,2,3422708,3487807,3422708,3487807,33,2,467562661412220,False,False,2000000000000000,2337813307061100,200000000000000,467562661412220,1,0,0,f8797f004315acf99faaee62b08ce093109968ba82bb52d55c7bc8b92e4918b9,48f352137529955aed7faf1fd06be1ded7fe77708ca0989683ef984733ab71a6
cit-Patents,3422710,3422710,3422710,2,3422708,3487807,3422708,3487807,33,2,467562661412220,False,False,2000000000000000,2337813307061100,200000000000000,467562661412220,1,0,0,f8797f004315acf99faaee62b08ce093109968ba82bb52d55c7bc8b92e4918b9,48f352137529955aed7faf1fd06be1ded7fe77708ca0989683ef984733ab71a6
cit-Patents,3422711,3422711,3422711,2,3422708,3487807,3422708,3487807,33,2,467562661412220,False,False,2000000000000000,2337813307061100,200000000000000,467562661412220,1,0,0,f8797f004315acf99faaee62b08ce093109968ba82bb52d55c7bc8b92e4918b9,48f352137529955aed7faf1fd06be1ded7fe77708ca0989683ef984733ab71a6
cit-Patents,3422712,3422712,3422712,2,3422708,3487807,3422708,3487807,33,2,467562661412220,False,False,2000000000000000,2337813307061100,200000000000000,467562661412220,1,0,0,f8797f004315acf99faaee62b08ce093109968ba82bb52d55c7bc8b92e4918b9,48f352137529955aed7faf1fd06be1ded7fe77708ca0989683ef984733ab71a6
cit-Patents,3422714,3422714,3422714,2,3422708,3487807,3422708,3487807,33,2,467562661412220,False,False,2000000000000000,2337813307061100,200000000000000,467562661412220,1,0,0,f8797f004315acf99faaee62b08ce093109968ba82bb52d55c7bc8b92e4918b9,48f352137529955aed7faf1fd06be1ded7fe77708ca0989683ef984733ab71a6
cit-Patents,3422715,3422715,3422715,2,3422708,3487807,3422708,3487807,33,2,467562661412220,False,False,2000000000000000,2337813307061100,200000000000000,467562661412220,1,0,0,f8797f004315acf99faaee62b08ce093109968ba82bb52d55c7bc8b92e4918b9,48f352137529955aed7faf1fd06be1ded7fe77708ca0989683ef984733ab71a6
cit-Patents,3428738,3428738,3428738,2,3428737,3615966,3428737,3615966,62,2,878451060835080,False,False,2000000000000000,4392255304175400,200000000000000,878451060835080,1,0,0,f8797f004315acf99faaee62b08ce093109968ba82bb52d55c7bc8b92e4918b9,48f352137529955aed7faf1fd06be1ded7fe77708ca0989683ef984733ab71a6
cit-Patents,3428739,3428739,3428739,2,3428737,3615966,3428737,3615966,62,2,878451060835080,False,False,2000000000000000,4392255304175400,200000000000000,878451060835080,1,0,0,f8797f004315acf99faaee62b08ce093109968ba82bb52d55c7bc8b92e4918b9,48f352137529955aed7faf1fd06be1ded7fe77708ca0989683ef984733ab71a6
cit-Patents,3428740,3428740,3428740,2,3428737,3615966,3428737,3615966,62,2,878451060835080,False,False,2000000000000000,4392255304175400,200000000000000,878451060835080,1,0,0,f8797f004315acf99faaee62b08ce093109968ba82bb52d55c7bc8b92e4918b9,48f352137529955aed7faf1fd06be1ded7fe77708ca0989683ef984733ab71a6
cit-Patents,3428741,3428741,3428741,2,3428737,3615966,3428737,3615966,62,2,878451060835080,False,False,2000000000000000,4392255304175400,200000000000000,878451060835080,1,0,0,f8797f004315acf99faaee62b08ce093109968ba82bb52d55c7bc8b92e4918b9,48f352137529955aed7faf1fd06be1ded7fe77708ca0989683ef984733ab71a6
cit-Patents,3428742,3428742,3428742,2,3428737,3615966,3428737,3615966,62,2,878451060835080,False,False,2000000000000000,4392255304175400,200000000000000,878451060835080,1,0,0,f8797f004315acf99faaee62b08ce093109968ba82bb52d55c7bc8b92e4918b9,48f352137529955aed7faf1fd06be1ded7fe77708ca0989683ef984733ab71a6
cit-Patents,3428743,3428743,3428743,2,3428737,3615966,3428737,3615966,62,2,878451060835080,False,False,2000000000000000,4392255304175400,200000000000000,878451060835080,1,0,0,f8797f004315acf99faaee62b08ce093109968ba82bb52d55c7bc8b92e4918b9,48f352137529955aed7faf1fd06be1ded7fe77708ca0989683ef984733ab71a6
cit-Patents,3428744,3428744,3428744,2,3428737,3615966,3428737,3615966,62,2,878451060835080,False,False,2000000000000000,4392255304175400,200000000000000,878451060835080,1,0,0,f8797f004315acf99faaee62b08ce093109968ba82bb52d55c7bc8b92e4918b9,48f352137529955aed7faf1fd06be1ded7fe77708ca0989683ef984733ab71a6
cit-Patents,3428745,3428745,3428745,2,3428737,3615966,3428737,3615966,62,2,878451060835080,False,False,2000000000000000,4392255304175400,200000000000000,878451060835080,1,0,0,f8797f004315acf99faaee62b08ce093109968ba82bb52d55c7bc8b92e4918b9,48f352137529955aed7faf1fd06be1ded7fe77708ca0989683ef984733ab71a6
cit-Patents,3428746,3428746,3428746,2,3428737,3615966,3428737,3615966,62,2,878451060835080,False,False,2000000000000000,4392255304175400,200000000000000,878451060835080,1,0,0,f8797f004315acf99faaee62b08ce093109968ba82bb52d55c7bc8b92e4918b9,48f352137529955aed7faf1fd06be1ded7fe77708ca0989683ef984733ab71a6
cit-Patents,3428747,3428747,3428747,2,3428737,3615966,3428737,3615966,62,2,878451060835080,False,False,2000000000000000,4392255304175400,200000000000000,878451060835080,1,0,0,f8797f004315acf99faaee62b08ce093109968ba82bb52d55c7bc8b92e4918b9,48f352137529955aed7faf1fd06be1ded7fe77708ca0989683ef984733ab71a6
cit-Patents,3428748,3428748,3428748,2,3428737,3615966,3428737,3615966,62,2,878451060835080,False,False,2000000000000000,4392255304175400,200000000000000,878451060835080,1,0,0,f8797f004315acf99faaee62b08ce093109968ba82bb52d55c7bc8b92e4918b9,48f352137529955aed7faf1fd06be1ded7fe77708ca0989683ef984733ab71a6
cit-Patents,3428749,3428749,3428749,2,3428737,3615966,3428737,3615966,62,2,878451060835080,False,False,2000000000000000,4392255304175400,200000000000000,878451060835080,1,0,0,f8797f004315acf99faaee62b08ce093109968ba82bb52d55c7bc8b92e4918b9,48f352137529955aed7faf1fd06be1ded7fe77708ca0989683ef984733ab71a6
cit-Patents,3428750,3428750,3428750,2,3428737,3615966,3428737,3615966,62,2,878451060835080,False,False,2000000000000000,4392255304175400,200000000000000,878451060835080,1,0,0,f8797f004315acf99faaee62b08ce093109968ba82bb52d55c7bc8b92e4918b9,48f352137529955aed7faf1fd06be1ded7fe77708ca0989683ef984733ab71a6
cit-Patents,3428751,3428751,3428751,2,3428737,3615966,3428737,3615966,62,2,878451060835080,False,False,2000000000000000,4392255304175400,200000000000000,878451060835080,1,0,0,f8797f004315acf99faaee62b08ce093109968ba82bb52d55c7bc8b92e4918b9,48f352137529955aed7faf1fd06be1ded7fe77708ca0989683ef984733ab71a6
cit-Patents,3428752,3428752,3428752,2,3428737,3615966,3428737,3615966,62,2,878451060835080,False,False,2000000000000000,4392255304175400,200000000000000,878451060835080,1,0,0,f8797f004315acf99faaee62b08ce093109968ba82bb52d55c7bc8b92e4918b9,48f352137529955aed7faf1fd06be1ded7fe77708ca0989683ef984733ab71a6
cit-Patents,3428753,3428753,3428753,2,3428737,3615966,3428737,3615966,62,2,878451060835080,False,False,2000000000000000,4392255304175400,200000000000000,878451060835080,1,0,0,f8797f004315acf99faaee62b08ce093109968ba82bb52d55c7bc8b92e4918b9,48f352137529955aed7faf1fd06be1ded7fe77708ca0989683ef984733ab71a6
cit-Patents,3428754,3428754,3428754,2,3428737,3615966,3428737,3615966,62,2,878451060835080,False,False,2000000000000000,4392255304175400,200000000000000,878451060835080,1,0,0,f8797f004315acf99faaee62b08ce093109968ba82bb52d55c7bc8b92e4918b9,48f352137529955aed7faf1fd06be1ded7fe77708ca0989683ef984733ab71a6
cit-Patents,3428755,3428755,3428755,2,3428737,3615966,3428737,3615966,62,2,878451060835080,False,False,2000000000000000,4392255304175400,200000000000000,878451060835080,1,0,0,f8797f004315acf99faaee62b08ce093109968ba82bb52d55c7bc8b92e4918b9,48f352137529955aed7faf1fd06be1ded7fe77708ca0989683ef984733ab71a6
cit-Patents,3428756,3428756,3428756,2,3428737,3615966,3428737,3615966,62,2,878451060835080,False,False,2000000000000000,4392255304175400,200000000000000,878451060835080,1,0,0,f8797f004315acf99faaee62b08ce093109968ba82bb52d55c7bc8b92e4918b9,48f352137529955aed7faf1fd06be1ded7fe77708ca0989683ef984733ab71a6
cit-Patents,3428757,3428757,3428757,2,3428737,3615966,3428737,3615966,62,2,878451060835080,False,False,2000000000000000,4392255304175400,200000000000000,878451060835080,1,0,0,f8797f004315acf99faaee62b08ce093109968ba82bb52d55c7bc8b92e4918b9,48f352137529955aed7faf1fd06be1ded7fe77708ca0989683ef984733ab71a6
cit-Patents,3428758,3428758,3428758,2,3428737,3615966,3428737,3615966,62,2,878451060835080,False,False,2000000000000000,4392255304175400,200000000000000,878451060835080,1,0,0,f8797f004315acf99faaee62b08ce093109968ba82bb52d55c7bc8b92e4918b9,48f352137529955aed7faf1fd06be1ded7fe77708ca0989683ef984733ab71a6
cit-Patents,3428762,3428762,3428762,2,3428737,3615966,3428737,3615966,62,2,878451060835080,False,False,2000000000000000,4392255304175400,200000000000000,878451060835080,1,0,0,f8797f004315acf99faaee62b08ce093109968ba82bb52d55c7bc8b92e4918b9,48f352137529955aed7faf1fd06be1ded7fe77708ca0989683ef984733ab71a6
cit-Patents,3428763,3428763,3428763,2,3428737,3615966,3428737,3615966,62,2,878451060835080,False,False,2000000000000000,4392255304175400,200000000000000,878451060835080,1,0,0,f8797f004315acf99faaee62b08ce093109968ba82bb52d55c7bc8b92e4918b9,48f352137529955aed7faf1fd06be1ded7fe77708ca0989683ef984733ab71a6
cit-Patents,3429135,3429135,3429135,2,3429134,3751820,3429134,3751820,99,2,1402687984236660,False,False,2000000000000000,7013439921183300,200000000000000,1402687984236660,1,0,0,f8797f004315acf99faaee62b08ce093109968ba82bb52d55c7bc8b92e4918b9,48f352137529955aed7faf1fd06be1ded7fe77708ca0989683ef984733ab71a6
cit-Patents,3430413,3430413,3430413,2,3430412,3435538,3430412,3435538,64,2,906788191829760,False,False,2000000000000000,4533940959148800,200000000000000,906788191829760,1,0,0,f8797f004315acf99faaee62b08ce093109968ba82bb52d55c7bc8b92e4918b9,48f352137529955aed7faf1fd06be1ded7fe77708ca0989683ef984733ab71a6
cit-Patents,3430841,3430841,3430841,3,3663744,3754276,3663744,3754276,49,2,694259709369660,False,False,2000000000000000,3471298546848300,200000000000000,694259709369660,1,0,0,f8797f004315acf99faaee62b08ce093109968ba82bb52d55c7bc8b92e4918b9,48f352137529955aed7faf1fd06be1ded7fe77708ca0989683ef984733ab71a6
cit-Patents,3430842,3430842,3430842,3,3663744,3754276,3663744,3754276,49,2,694259709369660,False,False,2000000000000000,3471298546848300,200000000000000,694259709369660,1,0,0,f8797f004315acf99faaee62b08ce093109968ba82bb52d55c7bc8b92e4918b9,48f352137529955aed7faf1fd06be1ded7fe77708ca0989683ef984733ab71a6
cit-Patents,3434249,3434249,3434249,2,3434248,3445068,3434248,3445068,62,2,878451060835080,False,False,2000000000000000,4392255304175400,200000000000000,878451060835080,1,0,0,f8797f004315acf99faaee62b08ce093109968ba82bb52d55c7bc8b92e4918b9,48f352137529955aed7faf1fd06be1ded7fe77708ca0989683ef984733ab71a6
cit-Patents,3434534,3434534,3434534,2,3434533,3439382,3434533,3439382,53,2,750933971359020,False,False,2000000000000000,3754669856795100,200000000000000,750933971359020,1,0,0,f8797f004315acf99faaee62b08ce093109968ba82bb52d55c7bc8b92e4918b9,48f352137529955aed7faf1fd06be1ded7fe77708ca0989683ef984733ab71a6
cit-Patents,3434535,3434535,3434535,2,3434533,3439382,3434533,3439382,53,2,750933971359020,False,False,2000000000000000,3754669856795100,200000000000000,750933971359020,1,0,0,f8797f004315acf99faaee62b08ce093109968ba82bb52d55c7bc8b92e4918b9,48f352137529955aed7faf1fd06be1ded7fe77708ca0989683ef984733ab71a6
cit-Patents,3434536,3434536,3434536,2,3434533,3439382,3434533,3439382,53,2,750933971359020,False,False,2000000000000000,3754669856795100,200000000000000,750933971359020,1,0,0,f8797f004315acf99faaee62b08ce093109968ba82bb52d55c7bc8b92e4918b9,48f352137529955aed7faf1fd06be1ded7fe77708ca0989683ef984733ab71a6
cit-Patents,3434537,3434537,3434537,2,3434533,3439382,3434533,3439382,53,2,750933971359020,False,False,2000000000000000,3754669856795100,200000000000000,750933971359020,1,0,0,f8797f004315acf99faaee62b08ce093109968ba82bb52d55c7bc8b92e4918b9,48f352137529955aed7faf1fd06be1ded7fe77708ca0989683ef984733ab71a6
cit-Patents,3434538,3434538,3434538,2,3434533,3439382,3434533,3439382,53,2,750933971359020,False,False,2000000000000000,3754669856795100,200000000000000,750933971359020,1,0,0,f8797f004315acf99faaee62b08ce093109968ba82bb52d55c7bc8b92e4918b9,48f352137529955aed7faf1fd06be1ded7fe77708ca0989683ef984733ab71a6
cit-Patents,3436089,3436089,3436089,2,3436088,3690325,3436088,3690325,30,2,425056964920200,False,False,2000000000000000,2125284824601000,200000000000000,425056964920200,1,0,0,f8797f004315acf99faaee62b08ce093109968ba82bb52d55c7bc8b92e4918b9,48f352137529955aed7faf1fd06be1ded7fe77708ca0989683ef984733ab71a6
cit-Patents,3436090,3436090,3436090,2,3436088,3690325,3436088,3690325,30,2,425056964920200,False,False,2000000000000000,2125284824601000,200000000000000,425056964920200,1,0,0,f8797f004315acf99faaee62b08ce093109968ba82bb52d55c7bc8b92e4918b9,48f352137529955aed7faf1fd06be1ded7fe77708ca0989683ef984733ab71a6
cit-Patents,3436091,3436091,3436091,2,3436088,3690325,3436088,3690325,30,2,425056964920200,False,False,2000000000000000,2125284824601000,200000000000000,425056964920200,1,0,0,f8797f004315acf99faaee62b08ce093109968ba82bb52d55c7bc8b92e4918b9,48f352137529955aed7faf1fd06be1ded7fe77708ca0989683ef984733ab71a6
cit-Patents,3436092,3436092,3436092,2,3436088,3690325,3436088,3690325,30,2,425056964920200,False,False,2000000000000000,2125284824601000,200000000000000,425056964920200,1,0,0,f8797f004315acf99faaee62b08ce093109968ba82bb52d55c7bc8b92e4918b9,48f352137529955aed7faf1fd06be1ded7fe77708ca0989683ef984733ab71a6
cit-Patents,3437907,3437907,3437907,2,3437906,3519638,3437906,3519638,35,2,495899792406900,False,False,2000000000000000,2479498962034500,200000000000000,495899792406900,1,0,0,f8797f004315acf99faaee62b08ce093109968ba82bb52d55c7bc8b92e4918b9,48f352137529955aed7faf1fd06be1ded7fe77708ca0989683ef984733ab71a6
cit-Patents,3437908,3437908,3437908,2,3437906,3519638,3437906,3519638,35,2,495899792406900,False,False,2000000000000000,2479498962034500,200000000000000,495899792406900,1,0,0,f8797f004315acf99faaee62b08ce093109968ba82bb52d55c7bc8b92e4918b9,48f352137529955aed7faf1fd06be1ded7fe77708ca0989683ef984733ab71a6
cit-Patents,3437909,3437909,3437909,2,3437906,3519638,3437906,3519638,35,2,495899792406900,False,False,2000000000000000,2479498962034500,200000000000000,495899792406900,1,0,0,f8797f004315acf99faaee62b08ce093109968ba82bb52d55c7bc8b92e4918b9,48f352137529955aed7faf1fd06be1ded7fe77708ca0989683ef984733ab71a6
cit-Patents,3437910,3437910,3437910,2,3437906,3519638,3437906,3519638,35,2,495899792406900,False,False,2000000000000000,2479498962034500,200000000000000,495899792406900,1,0,0,f8797f004315acf99faaee62b08ce093109968ba82bb52d55c7bc8b92e4918b9,48f352137529955aed7faf1fd06be1ded7fe77708ca0989683ef984733ab71a6
cit-Patents,3437911,3437911,3437911,2,3437906,3519638,3437906,3519638,35,2,495899792406900,False,False,2000000000000000,2479498962034500,200000000000000,495899792406900,1,0,0,f8797f004315acf99faaee62b08ce093109968ba82bb52d55c7bc8b92e4918b9,48f352137529955aed7faf1fd06be1ded7fe77708ca0989683ef984733ab71a6
cit-Patents,3437912,3437912,3437912,2,3437906,3519638,3437906,3519638,35,2,495899792406900,False,False,2000000000000000,2479498962034500,200000000000000,495899792406900,1,0,0,f8797f004315acf99faaee62b08ce093109968ba82bb52d55c7bc8b92e4918b9,48f352137529955aed7faf1fd06be1ded7fe77708ca0989683ef984733ab71a6
cit-Patents,3437913,3437913,3437913,2,3437906,3519638,3437906,3519638,35,2,495899792406900,False,False,2000000000000000,2479498962034500,200000000000000,495899792406900,1,0,0,f8797f004315acf99faaee62b08ce093109968ba82bb52d55c7bc8b92e4918b9,48f352137529955aed7faf1fd06be1ded7fe77708ca0989683ef984733ab71a6
cit-Patents,3439000,3439000,3439000,2,3438999,3646987,3438999,3646987,67,2,949293888321780,False,False,2000000000000000,4746469441608900,200000000000000,949293888321780,1,0,0,f8797f004315acf99faaee62b08ce093109968ba82bb52d55c7bc8b92e4918b9,48f352137529955aed7faf1fd06be1ded7fe77708ca0989683ef984733ab71a6
cit-Patents,3444542,3444542,3444542,2,3444541,3661011,3444541,3661011,33,2,467562661412220,False,False,2000000000000000,2337813307061100,200000000000000,467562661412220,1,0,0,f8797f004315acf99faaee62b08ce093109968ba82bb52d55c7bc8b92e4918b9,48f352137529955aed7faf1fd06be1ded7fe77708ca0989683ef984733ab71a6
cit-Patents,3460119,3460119,3460119,2,3460118,3664967,3460118,3664967,34,2,481731226909560,False,False,2000000000000000,2408656134547800,200000000000000,481731226909560,1,0,0,f8797f004315acf99faaee62b08ce093109968ba82bb52d55c7bc8b92e4918b9,48f352137529955aed7faf1fd06be1ded7fe77708ca0989683ef984733ab71a6
cit-Patents,3460120,3460120,3460120,2,3460118,3664967,3460118,3664967,34,2,481731226909560,False,False,2000000000000000,2408656134547800,200000000000000,481731226909560,1,0,0,f8797f004315acf99faaee62b08ce093109968ba82bb52d55c7bc8b92e4918b9,48f352137529955aed7faf1fd06be1ded7fe77708ca0989683ef984733ab71a6
cit-Patents,3460121,3460121,3460121,2,3460118,3664967,3460118,3664967,34,2,481731226909560,False,False,2000000000000000,2408656134547800,200000000000000,481731226909560,1,0,0,f8797f004315acf99faaee62b08ce093109968ba82bb52d55c7bc8b92e4918b9,48f352137529955aed7faf1fd06be1ded7fe77708ca0989683ef984733ab71a6
cit-Patents,3465297,3465297,3465297,2,3465294,3465300,3465294,3465300,45,2,637585447380300,False,False,2000000000000000,3187927236901500,200000000000000,637585447380300,1,0,0,f8797f004315acf99faaee62b08ce093109968ba82bb52d55c7bc8b92e4918b9,48f352137529955aed7faf1fd06be1ded7fe77708ca0989683ef984733ab71a6
cit-Patents,3469192,3469192,3469192,2,3469191,3603046,3469191,3603046,29,2,410888399422860,False,False,2000000000000000,2054441997114300,200000000000000,410888399422860,1,0,0,f8797f004315acf99faaee62b08ce093109968ba82bb52d55c7bc8b92e4918b9,48f352137529955aed7faf1fd06be1ded7fe77708ca0989683ef984733ab71a6
cit-Patents,3470501,3470501,3470501,3,3665237,3688060,3665237,3688060,29,2,410888399422860,False,False,2000000000000000,2054441997114300,200000000000000,410888399422860,1,0,0,f8797f004315acf99faaee62b08ce093109968ba82bb52d55c7bc8b92e4918b9,48f352137529955aed7faf1fd06be1ded7fe77708ca0989683ef984733ab71a6
cit-Patents,3475112,3475112,3475112,3,3475111,3525322,3475111,3525322,33,2,467562661412220,False,False,2000000000000000,2337813307061100,200000000000000,467562661412220,1,0,0,f8797f004315acf99faaee62b08ce093109968ba82bb52d55c7bc8b92e4918b9,48f352137529955aed7faf1fd06be1ded7fe77708ca0989683ef984733ab71a6
cit-Patents,3475368,3475368,3475368,3,3730281,3740059,3730281,3740059,70,2,991799584813800,False,False,2000000000000000,4958997924069000,200000000000000,991799584813800,1,0,0,f8797f004315acf99faaee62b08ce093109968ba82bb52d55c7bc8b92e4918b9,48f352137529955aed7faf1fd06be1ded7fe77708ca0989683ef984733ab71a6
cit-Patents,3475369,3475369,3475369,3,3730281,3740059,3730281,3740059,70,2,991799584813800,False,False,2000000000000000,4958997924069000,200000000000000,991799584813800,1,0,0,f8797f004315acf99faaee62b08ce093109968ba82bb52d55c7bc8b92e4918b9,48f352137529955aed7faf1fd06be1ded7fe77708ca0989683ef984733ab71a6
cit-Patents,3475370,3475370,3475370,3,3730281,3740059,3730281,3740059,70,2,991799584813800,False,False,2000000000000000,4958997924069000,200000000000000,991799584813800,1,0,0,f8797f004315acf99faaee62b08ce093109968ba82bb52d55c7bc8b92e4918b9,48f352137529955aed7faf1fd06be1ded7fe77708ca0989683ef984733ab71a6
cit-Patents,3475371,3475371,3475371,3,3730281,3740059,3730281,3740059,70,2,991799584813800,False,False,2000000000000000,4958997924069000,200000000000000,991799584813800,1,0,0,f8797f004315acf99faaee62b08ce093109968ba82bb52d55c7bc8b92e4918b9,48f352137529955aed7faf1fd06be1ded7fe77708ca0989683ef984733ab71a6
cit-Patents,3475372,3475372,3475372,3,3730281,3740059,3730281,3740059,70,2,991799584813800,False,False,2000000000000000,4958997924069000,200000000000000,991799584813800,1,0,0,f8797f004315acf99faaee62b08ce093109968ba82bb52d55c7bc8b92e4918b9,48f352137529955aed7faf1fd06be1ded7fe77708ca0989683ef984733ab71a6
cit-Patents,3479800,3479800,3479800,2,3479799,3479801,3479799,3479801,78,2,1105148108792520,False,False,2000000000000000,5525740543962600,200000000000000,1105148108792520,1,0,0,f8797f004315acf99faaee62b08ce093109968ba82bb52d55c7bc8b92e4918b9,48f352137529955aed7faf1fd06be1ded7fe77708ca0989683ef984733ab71a6
cit-Patents,3482981,3482981,3482981,2,3482980,3605923,3482980,3605923,46,2,651754012877640,False,False,2000000000000000,3258770064388200,200000000000000,651754012877640,1,0,0,f8797f004315acf99faaee62b08ce093109968ba82bb52d55c7bc8b92e4918b9,48f352137529955aed7faf1fd06be1ded7fe77708ca0989683ef984733ab71a6
cit-Patents,3482982,3482982,3482982,2,3482980,3605923,3482980,3605923,46,2,651754012877640,False,False,2000000000000000,3258770064388200,200000000000000,651754012877640,1,0,0,f8797f004315acf99faaee62b08ce093109968ba82bb52d55c7bc8b92e4918b9,48f352137529955aed7faf1fd06be1ded7fe77708ca0989683ef984733ab71a6
cit-Patents,3486906,3486906,3486906,2,3486905,3678431,3486905,3678431,57,2,807608233348380,False,False,2000000000000000,4038041166741900,200000000000000,807608233348380,1,0,0,f8797f004315acf99faaee62b08ce093109968ba82bb52d55c7bc8b92e4918b9,48f352137529955aed7faf1fd06be1ded7fe77708ca0989683ef984733ab71a6
cit-Patents,3486907,3486907,3486907,2,3486905,3678431,3486905,3678431,57,2,807608233348380,False,False,2000000000000000,4038041166741900,200000000000000,807608233348380,1,0,0,f8797f004315acf99faaee62b08ce093109968ba82bb52d55c7bc8b92e4918b9,48f352137529955aed7faf1fd06be1ded7fe77708ca0989683ef984733ab71a6
cit-Patents,3489868,3489868,3489868,2,3489867,3524442,3489867,3524442,31,2,439225530417540,False,False,2000000000000000,2196127652087700,200000000000000,439225530417540,1,0,0,f8797f004315acf99faaee62b08ce093109968ba82bb52d55c7bc8b92e4918b9,48f352137529955aed7faf1fd06be1ded7fe77708ca0989683ef984733ab71a6
cit-Patents,3500552,3500552,3500552,2,3500551,3504417,3500551,3504417,31,2,439225530417540,False,False,2000000000000000,2196127652087700,200000000000000,439225530417540,1,0,0,f8797f004315acf99faaee62b08ce093109968ba82bb52d55c7bc8b92e4918b9,48f352137529955aed7faf1fd06be1ded7fe77708ca0989683ef984733ab71a6
cit-Patents,3506211,3506211,3506211,3,3652322,3705661,3652322,3705661,34,2,481731226909560,False,False,2000000000000000,2408656134547800,200000000000000,481731226909560,1,0,0,f8797f004315acf99faaee62b08ce093109968ba82bb52d55c7bc8b92e4918b9,48f352137529955aed7faf1fd06be1ded7fe77708ca0989683ef984733ab71a6
cit-Patents,3506212,3506212,3506212,3,3652322,3705661,3652322,3705661,34,2,481731226909560,False,False,2000000000000000,2408656134547800,200000000000000,481731226909560,1,0,0,f8797f004315acf99faaee62b08ce093109968ba82bb52d55c7bc8b92e4918b9,48f352137529955aed7faf1fd06be1ded7fe77708ca0989683ef984733ab71a6
cit-Patents,3506214,3506214,3506214,3,3652322,3705661,3652322,3705661,34,2,481731226909560,False,False,2000000000000000,2408656134547800,200000000000000,481731226909560,1,0,0,f8797f004315acf99faaee62b08ce093109968ba82bb52d55c7bc8b92e4918b9,48f352137529955aed7faf1fd06be1ded7fe77708ca0989683ef984733ab71a6
cit-Patents,3506215,3506215,3506215,3,3652322,3705661,3652322,3705661,34,2,481731226909560,False,False,2000000000000000,2408656134547800,200000000000000,481731226909560,1,0,0,f8797f004315acf99faaee62b08ce093109968ba82bb52d55c7bc8b92e4918b9,48f352137529955aed7faf1fd06be1ded7fe77708ca0989683ef984733ab71a6
cit-Patents,3506216,3506216,3506216,3,3652322,3705661,3652322,3705661,34,2,481731226909560,False,False,2000000000000000,2408656134547800,200000000000000,481731226909560,1,0,0,f8797f004315acf99faaee62b08ce093109968ba82bb52d55c7bc8b92e4918b9,48f352137529955aed7faf1fd06be1ded7fe77708ca0989683ef984733ab71a6
cit-Patents,3506217,3506217,3506217,3,3652322,3705661,3652322,3705661,34,2,481731226909560,False,False,2000000000000000,2408656134547800,200000000000000,481731226909560,1,0,0,f8797f004315acf99faaee62b08ce093109968ba82bb52d55c7bc8b92e4918b9,48f352137529955aed7faf1fd06be1ded7fe77708ca0989683ef984733ab71a6
cit-Patents,3506218,3506218,3506218,3,3652322,3705661,3652322,3705661,34,2,481731226909560,False,False,2000000000000000,2408656134547800,200000000000000,481731226909560,1,0,0,f8797f004315acf99faaee62b08ce093109968ba82bb52d55c7bc8b92e4918b9,48f352137529955aed7faf1fd06be1ded7fe77708ca0989683ef984733ab71a6
cit-Patents,3506219,3506219,3506219,3,3652322,3705661,3652322,3705661,34,2,481731226909560,False,False,2000000000000000,2408656134547800,200000000000000,481731226909560,1,0,0,f8797f004315acf99faaee62b08ce093109968ba82bb52d55c7bc8b92e4918b9,48f352137529955aed7faf1fd06be1ded7fe77708ca0989683ef984733ab71a6
cit-Patents,3506220,3506220,3506220,3,3652322,3705661,3652322,3705661,34,2,481731226909560,False,False,2000000000000000,2408656134547800,200000000000000,481731226909560,1,0,0,f8797f004315acf99faaee62b08ce093109968ba82bb52d55c7bc8b92e4918b9,48f352137529955aed7faf1fd06be1ded7fe77708ca0989683ef984733ab71a6
cit-Patents,3510435,3510435,3510435,2,3510434,3542486,3510434,3542486,218,2,3088747278420120,False,False,2000000000000000,15443736392100600,200000000000000,3088747278420120,1,0,0,f8797f004315acf99faaee62b08ce093109968ba82bb52d55c7bc8b92e4918b9,48f352137529955aed7faf1fd06be1ded7fe77708ca0989683ef984733ab71a6
cit-Patents,3510436,3510436,3510436,2,3510434,3542486,3510434,3542486,218,2,3088747278420120,False,False,2000000000000000,15443736392100600,200000000000000,3088747278420120,1,0,0,f8797f004315acf99faaee62b08ce093109968ba82bb52d55c7bc8b92e4918b9,48f352137529955aed7faf1fd06be1ded7fe77708ca0989683ef984733ab71a6
cit-Patents,3510437,3510437,3510437,2,3510434,3542486,3510434,3542486,218,2,3088747278420120,False,False,2000000000000000,15443736392100600,200000000000000,3088747278420120,1,0,0,f8797f004315acf99faaee62b08ce093109968ba82bb52d55c7bc8b92e4918b9,48f352137529955aed7faf1fd06be1ded7fe77708ca0989683ef984733ab71a6
cit-Patents,3510439,3510439,3510439,2,3510434,3542486,3510434,3542486,218,2,3088747278420120,False,False,2000000000000000,15443736392100600,200000000000000,3088747278420120,1,0,0,f8797f004315acf99faaee62b08ce093109968ba82bb52d55c7bc8b92e4918b9,48f352137529955aed7faf1fd06be1ded7fe77708ca0989683ef984733ab71a6
cit-Patents,3510440,3510440,3510440,2,3510434,3542486,3510434,3542486,218,2,3088747278420120,False,False,2000000000000000,15443736392100600,200000000000000,3088747278420120,1,0,0,f8797f004315acf99faaee62b08ce093109968ba82bb52d55c7bc8b92e4918b9,48f352137529955aed7faf1fd06be1ded7fe77708ca0989683ef984733ab71a6
cit-Patents,3513410,3513410,3513410,2,3513409,3745306,3513409,3745306,34,2,481731226909560,False,False,2000000000000000,2408656134547800,200000000000000,481731226909560,1,0,0,f8797f004315acf99faaee62b08ce093109968ba82bb52d55c7bc8b92e4918b9,48f352137529955aed7faf1fd06be1ded7fe77708ca0989683ef984733ab71a6
cit-Patents,3513411,3513411,3513411,2,3513409,3745306,3513409,3745306,34,2,481731226909560,False,False,2000000000000000,2408656134547800,200000000000000,481731226909560,1,0,0,f8797f004315acf99faaee62b08ce093109968ba82bb52d55c7bc8b92e4918b9,48f352137529955aed7faf1fd06be1ded7fe77708ca0989683ef984733ab71a6
cit-Patents,3513412,3513412,3513412,2,3513409,3745306,3513409,3745306,34,2,481731226909560,False,False,2000000000000000,2408656134547800,200000000000000,481731226909560,1,0,0,f8797f004315acf99faaee62b08ce093109968ba82bb52d55c7bc8b92e4918b9,48f352137529955aed7faf1fd06be1ded7fe77708ca0989683ef984733ab71a6
cit-Patents,3525979,3525979,3525979,2,3525978,3635626,3525978,3635626,73,2,1034305281305820,False,False,2000000000000000,5171526406529100,200000000000000,1034305281305820,1,0,0,f8797f004315acf99faaee62b08ce093109968ba82bb52d55c7bc8b92e4918b9,48f352137529955aed7faf1fd06be1ded7fe77708ca0989683ef984733ab71a6
cit-Patents,3525980,3525980,3525980,2,3525978,3635626,3525978,3635626,73,2,1034305281305820,False,False,2000000000000000,5171526406529100,200000000000000,1034305281305820,1,0,0,f8797f004315acf99faaee62b08ce093109968ba82bb52d55c7bc8b92e4918b9,48f352137529955aed7faf1fd06be1ded7fe77708ca0989683ef984733ab71a6
cit-Patents,3525981,3525981,3525981,2,3525978,3635626,3525978,3635626,73,2,1034305281305820,False,False,2000000000000000,5171526406529100,200000000000000,1034305281305820,1,0,0,f8797f004315acf99faaee62b08ce093109968ba82bb52d55c7bc8b92e4918b9,48f352137529955aed7faf1fd06be1ded7fe77708ca0989683ef984733ab71a6
cit-Patents,3535509,3535509,3535509,2,3535508,3546519,3535508,3546519,30,2,425056964920200,False,False,2000000000000000,2125284824601000,200000000000000,425056964920200,1,0,0,f8797f004315acf99faaee62b08ce093109968ba82bb52d55c7bc8b92e4918b9,48f352137529955aed7faf1fd06be1ded7fe77708ca0989683ef984733ab71a6
cit-Patents,3535510,3535510,3535510,2,3535508,3546519,3535508,3546519,30,2,425056964920200,False,False,2000000000000000,2125284824601000,200000000000000,425056964920200,1,0,0,f8797f004315acf99faaee62b08ce093109968ba82bb52d55c7bc8b92e4918b9,48f352137529955aed7faf1fd06be1ded7fe77708ca0989683ef984733ab71a6
cit-Patents,3535511,3535511,3535511,2,3535508,3546519,3535508,3546519,30,2,425056964920200,False,False,2000000000000000,2125284824601000,200000000000000,425056964920200,1,0,0,f8797f004315acf99faaee62b08ce093109968ba82bb52d55c7bc8b92e4918b9,48f352137529955aed7faf1fd06be1ded7fe77708ca0989683ef984733ab71a6
cit-Patents,3535512,3535512,3535512,2,3535508,3546519,3535508,3546519,30,2,425056964920200,False,False,2000000000000000,2125284824601000,200000000000000,425056964920200,1,0,0,f8797f004315acf99faaee62b08ce093109968ba82bb52d55c7bc8b92e4918b9,48f352137529955aed7faf1fd06be1ded7fe77708ca0989683ef984733ab71a6
cit-Patents,3542612,3542612,3542612,2,3542611,3619237,3542611,3619237,36,2,510068357904240,False,False,2000000000000000,2550341789521200,200000000000000,510068357904240,1,0,0,f8797f004315acf99faaee62b08ce093109968ba82bb52d55c7bc8b92e4918b9,48f352137529955aed7faf1fd06be1ded7fe77708ca0989683ef984733ab71a6
cit-Patents,3548726,3548726,3548726,2,3548725,3705008,3548725,3705008,31,2,439225530417540,False,False,2000000000000000,2196127652087700,200000000000000,439225530417540,1,0,0,f8797f004315acf99faaee62b08ce093109968ba82bb52d55c7bc8b92e4918b9,48f352137529955aed7faf1fd06be1ded7fe77708ca0989683ef984733ab71a6
cit-Patents,3548727,3548727,3548727,2,3548725,3705008,3548725,3705008,31,2,439225530417540,False,False,2000000000000000,2196127652087700,200000000000000,439225530417540,1,0,0,f8797f004315acf99faaee62b08ce093109968ba82bb52d55c7bc8b92e4918b9,48f352137529955aed7faf1fd06be1ded7fe77708ca0989683ef984733ab71a6
cit-Patents,3553321,3553321,3553321,2,3553320,3731432,3553320,3731432,51,2,722596840364340,False,False,2000000000000000,3612984201821700,200000000000000,722596840364340,1,0,0,f8797f004315acf99faaee62b08ce093109968ba82bb52d55c7bc8b92e4918b9,48f352137529955aed7faf1fd06be1ded7fe77708ca0989683ef984733ab71a6
cit-Patents,3555896,3555896,3555896,2,3555895,3602392,3555895,3602392,128,2,1813576383659520,False,False,2000000000000000,9067881918297600,200000000000000,1813576383659520,1,0,0,f8797f004315acf99faaee62b08ce093109968ba82bb52d55c7bc8b92e4918b9,48f352137529955aed7faf1fd06be1ded7fe77708ca0989683ef984733ab71a6
cit-Patents,3555897,3555897,3555897,2,3555895,3602392,3555895,3602392,128,2,1813576383659520,False,False,2000000000000000,9067881918297600,200000000000000,1813576383659520,1,0,0,f8797f004315acf99faaee62b08ce093109968ba82bb52d55c7bc8b92e4918b9,48f352137529955aed7faf1fd06be1ded7fe77708ca0989683ef984733ab71a6
cit-Patents,3556815,3556815,3556815,2,3556814,3599946,3556814,3599946,36,2,510068357904240,False,False,2000000000000000,2550341789521200,200000000000000,510068357904240,1,0,0,f8797f004315acf99faaee62b08ce093109968ba82bb52d55c7bc8b92e4918b9,48f352137529955aed7faf1fd06be1ded7fe77708ca0989683ef984733ab71a6
cit-Patents,3556816,3556816,3556816,2,3556814,3599946,3556814,3599946,36,2,510068357904240,False,False,2000000000000000,2550341789521200,200000000000000,510068357904240,1,0,0,f8797f004315acf99faaee62b08ce093109968ba82bb52d55c7bc8b92e4918b9,48f352137529955aed7faf1fd06be1ded7fe77708ca0989683ef984733ab71a6
cit-Patents,3570158,3570158,3570158,2,3570157,3689117,3570157,3689117,39,2,552574054396260,False,False,2000000000000000,2762870271981300,200000000000000,552574054396260,1,0,0,f8797f004315acf99faaee62b08ce093109968ba82bb52d55c7bc8b92e4918b9,48f352137529955aed7faf1fd06be1ded7fe77708ca0989683ef984733ab71a6
cit-Patents,3570159,3570159,3570159,2,3570157,3689117,3570157,3689117,39,2,552574054396260,False,False,2000000000000000,2762870271981300,200000000000000,552574054396260,1,0,0,f8797f004315acf99faaee62b08ce093109968ba82bb52d55c7bc8b92e4918b9,48f352137529955aed7faf1fd06be1ded7fe77708ca0989683ef984733ab71a6
cit-Patents,3575348,3575348,3575348,2,3575347,3594958,3575347,3594958,46,2,651754012877640,False,False,2000000000000000,3258770064388200,200000000000000,651754012877640,1,0,0,f8797f004315acf99faaee62b08ce093109968ba82bb52d55c7bc8b92e4918b9,48f352137529955aed7faf1fd06be1ded7fe77708ca0989683ef984733ab71a6
cit-Patents,3582061,3582061,3582061,3,3711151,3747311,3711151,3747311,99,2,1402687984236660,False,False,2000000000000000,7013439921183300,200000000000000,1402687984236660,1,0,0,f8797f004315acf99faaee62b08ce093109968ba82bb52d55c7bc8b92e4918b9,48f352137529955aed7faf1fd06be1ded7fe77708ca0989683ef984733ab71a6
cit-Patents,3590567,3590567,3590567,2,3590566,3596581,3590566,3596581,29,2,410888399422860,False,False,2000000000000000,2054441997114300,200000000000000,410888399422860,1,0,0,f8797f004315acf99faaee62b08ce093109968ba82bb52d55c7bc8b92e4918b9,48f352137529955aed7faf1fd06be1ded7fe77708ca0989683ef984733ab71a6
cit-Patents,3590568,3590568,3590568,2,3590566,3596581,3590566,3596581,29,2,410888399422860,False,False,2000000000000000,2054441997114300,200000000000000,410888399422860,1,0,0,f8797f004315acf99faaee62b08ce093109968ba82bb52d55c7bc8b92e4918b9,48f352137529955aed7faf1fd06be1ded7fe77708ca0989683ef984733ab71a6
cit-Patents,3590569,3590569,3590569,2,3590566,3596581,3590566,3596581,29,2,410888399422860,False,False,2000000000000000,2054441997114300,200000000000000,410888399422860,1,0,0,f8797f004315acf99faaee62b08ce093109968ba82bb52d55c7bc8b92e4918b9,48f352137529955aed7faf1fd06be1ded7fe77708ca0989683ef984733ab71a6
cit-Patents,3590570,3590570,3590570,2,3590566,3596581,3590566,3596581,29,2,410888399422860,False,False,2000000000000000,2054441997114300,200000000000000,410888399422860,1,0,0,f8797f004315acf99faaee62b08ce093109968ba82bb52d55c7bc8b92e4918b9,48f352137529955aed7faf1fd06be1ded7fe77708ca0989683ef984733ab71a6
cit-Patents,3590571,3590571,3590571,2,3590566,3596581,3590566,3596581,29,2,410888399422860,False,False,2000000000000000,2054441997114300,200000000000000,410888399422860,1,0,0,f8797f004315acf99faaee62b08ce093109968ba82bb52d55c7bc8b92e4918b9,48f352137529955aed7faf1fd06be1ded7fe77708ca0989683ef984733ab71a6
cit-Patents,3590572,3590572,3590572,2,3590566,3596581,3590566,3596581,29,2,410888399422860,False,False,2000000000000000,2054441997114300,200000000000000,410888399422860,1,0,0,f8797f004315acf99faaee62b08ce093109968ba82bb52d55c7bc8b92e4918b9,48f352137529955aed7faf1fd06be1ded7fe77708ca0989683ef984733ab71a6
cit-Patents,3590573,3590573,3590573,2,3590566,3596581,3590566,3596581,29,2,410888399422860,False,False,2000000000000000,2054441997114300,200000000000000,410888399422860,1,0,0,f8797f004315acf99faaee62b08ce093109968ba82bb52d55c7bc8b92e4918b9,48f352137529955aed7faf1fd06be1ded7fe77708ca0989683ef984733ab71a6
cit-Patents,3590574,3590574,3590574,2,3590566,3596581,3590566,3596581,29,2,410888399422860,False,False,2000000000000000,2054441997114300,200000000000000,410888399422860,1,0,0,f8797f004315acf99faaee62b08ce093109968ba82bb52d55c7bc8b92e4918b9,48f352137529955aed7faf1fd06be1ded7fe77708ca0989683ef984733ab71a6
cit-Patents,3590575,3590575,3590575,2,3590566,3596581,3590566,3596581,29,2,410888399422860,False,False,2000000000000000,2054441997114300,200000000000000,410888399422860,1,0,0,f8797f004315acf99faaee62b08ce093109968ba82bb52d55c7bc8b92e4918b9,48f352137529955aed7faf1fd06be1ded7fe77708ca0989683ef984733ab71a6
cit-Patents,3590576,3590576,3590576,2,3590566,3596581,3590566,3596581,29,2,410888399422860,False,False,2000000000000000,2054441997114300,200000000000000,410888399422860,1,0,0,f8797f004315acf99faaee62b08ce093109968ba82bb52d55c7bc8b92e4918b9,48f352137529955aed7faf1fd06be1ded7fe77708ca0989683ef984733ab71a6
cit-Patents,3590577,3590577,3590577,2,3590566,3596581,3590566,3596581,29,2,410888399422860,False,False,2000000000000000,2054441997114300,200000000000000,410888399422860,1,0,0,f8797f004315acf99faaee62b08ce093109968ba82bb52d55c7bc8b92e4918b9,48f352137529955aed7faf1fd06be1ded7fe77708ca0989683ef984733ab71a6
cit-Patents,3590578,3590578,3590578,2,3590566,3596581,3590566,3596581,29,2,410888399422860,False,False,2000000000000000,2054441997114300,200000000000000,410888399422860,1,0,0,f8797f004315acf99faaee62b08ce093109968ba82bb52d55c7bc8b92e4918b9,48f352137529955aed7faf1fd06be1ded7fe77708ca0989683ef984733ab71a6
cit-Patents,3601214,3601214,3601214,2,3601213,3703265,3601213,3703265,70,2,991799584813800,False,False,2000000000000000,4958997924069000,200000000000000,991799584813800,1,0,0,f8797f004315acf99faaee62b08ce093109968ba82bb52d55c7bc8b92e4918b9,48f352137529955aed7faf1fd06be1ded7fe77708ca0989683ef984733ab71a6
cit-Patents,3608996,3608996,3608996,2,3608995,3735862,3608995,3735862,45,2,637585447380300,False,False,2000000000000000,3187927236901500,200000000000000,637585447380300,1,0,0,f8797f004315acf99faaee62b08ce093109968ba82bb52d55c7bc8b92e4918b9,48f352137529955aed7faf1fd06be1ded7fe77708ca0989683ef984733ab71a6
cit-Patents,3608997,3608997,3608997,2,3608995,3735862,3608995,3735862,45,2,637585447380300,False,False,2000000000000000,3187927236901500,200000000000000,637585447380300,1,0,0,f8797f004315acf99faaee62b08ce093109968ba82bb52d55c7bc8b92e4918b9,48f352137529955aed7faf1fd06be1ded7fe77708ca0989683ef984733ab71a6
cit-Patents,3611842,3611842,3611842,2,3611841,3664068,3611841,3664068,31,2,439225530417540,False,False,2000000000000000,2196127652087700,200000000000000,439225530417540,1,0,0,f8797f004315acf99faaee62b08ce093109968ba82bb52d55c7bc8b92e4918b9,48f352137529955aed7faf1fd06be1ded7fe77708ca0989683ef984733ab71a6
cit-Patents,3614749,3614749,3614749,2,3614748,3614754,3614748,3614754,97,2,1374350853241980,False,False,2000000000000000,6871754266209900,200000000000000,1374350853241980,1,0,0,f8797f004315acf99faaee62b08ce093109968ba82bb52d55c7bc8b92e4918b9,48f352137529955aed7faf1fd06be1ded7fe77708ca0989683ef984733ab71a6
cit-Patents,3614750,3614750,3614750,2,3614748,3614754,3614748,3614754,97,2,1374350853241980,False,False,2000000000000000,6871754266209900,200000000000000,1374350853241980,1,0,0,f8797f004315acf99faaee62b08ce093109968ba82bb52d55c7bc8b92e4918b9,48f352137529955aed7faf1fd06be1ded7fe77708ca0989683ef984733ab71a6
cit-Patents,3614751,3614751,3614751,2,3614748,3614754,3614748,3614754,97,2,1374350853241980,False,False,2000000000000000,6871754266209900,200000000000000,1374350853241980,1,0,0,f8797f004315acf99faaee62b08ce093109968ba82bb52d55c7bc8b92e4918b9,48f352137529955aed7faf1fd06be1ded7fe77708ca0989683ef984733ab71a6
cit-Patents,3614752,3614752,3614752,2,3614748,3614754,3614748,3614754,97,2,1374350853241980,False,False,2000000000000000,6871754266209900,200000000000000,1374350853241980,1,0,0,f8797f004315acf99faaee62b08ce093109968ba82bb52d55c7bc8b92e4918b9,48f352137529955aed7faf1fd06be1ded7fe77708ca0989683ef984733ab71a6
cit-Patents,3614753,3614753,3614753,2,3614748,3614754,3614748,3614754,97,2,1374350853241980,False,False,2000000000000000,6871754266209900,200000000000000,1374350853241980,1,0,0,f8797f004315acf99faaee62b08ce093109968ba82bb52d55c7bc8b92e4918b9,48f352137529955aed7faf1fd06be1ded7fe77708ca0989683ef984733ab71a6
cit-Patents,3615296,3615296,3615296,2,3615295,3745992,3615295,3745992,34,2,481731226909560,False,False,2000000000000000,2408656134547800,200000000000000,481731226909560,1,0,0,f8797f004315acf99faaee62b08ce093109968ba82bb52d55c7bc8b92e4918b9,48f352137529955aed7faf1fd06be1ded7fe77708ca0989683ef984733ab71a6
cit-Patents,3617668,3617668,3617668,2,3617667,3650155,3617667,3650155,58,2,821776798845720,False,False,2000000000000000,4108883994228600,200000000000000,821776798845720,1,0,0,f8797f004315acf99faaee62b08ce093109968ba82bb52d55c7bc8b92e4918b9,48f352137529955aed7faf1fd06be1ded7fe77708ca0989683ef984733ab71a6
cit-Patents,3617669,3617669,3617669,2,3617667,3650155,3617667,3650155,58,2,821776798845720,False,False,2000000000000000,4108883994228600,200000000000000,821776798845720,1,0,0,f8797f004315acf99faaee62b08ce093109968ba82bb52d55c7bc8b92e4918b9,48f352137529955aed7faf1fd06be1ded7fe77708ca0989683ef984733ab71a6
cit-Patents,3617670,3617670,3617670,2,3617667,3650155,3617667,3650155,58,2,821776798845720,False,False,2000000000000000,4108883994228600,200000000000000,821776798845720,1,0,0,f8797f004315acf99faaee62b08ce093109968ba82bb52d55c7bc8b92e4918b9,48f352137529955aed7faf1fd06be1ded7fe77708ca0989683ef984733ab71a6
cit-Patents,3617671,3617671,3617671,2,3617667,3650155,3617667,3650155,58,2,821776798845720,False,False,2000000000000000,4108883994228600,200000000000000,821776798845720,1,0,0,f8797f004315acf99faaee62b08ce093109968ba82bb52d55c7bc8b92e4918b9,48f352137529955aed7faf1fd06be1ded7fe77708ca0989683ef984733ab71a6
cit-Patents,3617672,3617672,3617672,2,3617667,3650155,3617667,3650155,58,2,821776798845720,False,False,2000000000000000,4108883994228600,200000000000000,821776798845720,1,0,0,f8797f004315acf99faaee62b08ce093109968ba82bb52d55c7bc8b92e4918b9,48f352137529955aed7faf1fd06be1ded7fe77708ca0989683ef984733ab71a6
cit-Patents,3617673,3617673,3617673,2,3617667,3650155,3617667,3650155,58,2,821776798845720,False,False,2000000000000000,4108883994228600,200000000000000,821776798845720,1,0,0,f8797f004315acf99faaee62b08ce093109968ba82bb52d55c7bc8b92e4918b9,48f352137529955aed7faf1fd06be1ded7fe77708ca0989683ef984733ab71a6
cit-Patents,3617674,3617674,3617674,2,3617667,3650155,3617667,3650155,58,2,821776798845720,False,False,2000000000000000,4108883994228600,200000000000000,821776798845720,1,0,0,f8797f004315acf99faaee62b08ce093109968ba82bb52d55c7bc8b92e4918b9,48f352137529955aed7faf1fd06be1ded7fe77708ca0989683ef984733ab71a6
cit-Patents,3617675,3617675,3617675,2,3617667,3650155,3617667,3650155,58,2,821776798845720,False,False,2000000000000000,4108883994228600,200000000000000,821776798845720,1,0,0,f8797f004315acf99faaee62b08ce093109968ba82bb52d55c7bc8b92e4918b9,48f352137529955aed7faf1fd06be1ded7fe77708ca0989683ef984733ab71a6
cit-Patents,3617676,3617676,3617676,2,3617667,3650155,3617667,3650155,58,2,821776798845720,False,False,2000000000000000,4108883994228600,200000000000000,821776798845720,1,0,0,f8797f004315acf99faaee62b08ce093109968ba82bb52d55c7bc8b92e4918b9,48f352137529955aed7faf1fd06be1ded7fe77708ca0989683ef984733ab71a6
cit-Patents,3617677,3617677,3617677,2,3617667,3650155,3617667,3650155,58,2,821776798845720,False,False,2000000000000000,4108883994228600,200000000000000,821776798845720,1,0,0,f8797f004315acf99faaee62b08ce093109968ba82bb52d55c7bc8b92e4918b9,48f352137529955aed7faf1fd06be1ded7fe77708ca0989683ef984733ab71a6
cit-Patents,3617678,3617678,3617678,2,3617667,3650155,3617667,3650155,58,2,821776798845720,False,False,2000000000000000,4108883994228600,200000000000000,821776798845720,1,0,0,f8797f004315acf99faaee62b08ce093109968ba82bb52d55c7bc8b92e4918b9,48f352137529955aed7faf1fd06be1ded7fe77708ca0989683ef984733ab71a6
cit-Patents,3617679,3617679,3617679,2,3617667,3650155,3617667,3650155,58,2,821776798845720,False,False,2000000000000000,4108883994228600,200000000000000,821776798845720,1,0,0,f8797f004315acf99faaee62b08ce093109968ba82bb52d55c7bc8b92e4918b9,48f352137529955aed7faf1fd06be1ded7fe77708ca0989683ef984733ab71a6
cit-Patents,3617680,3617680,3617680,2,3617667,3650155,3617667,3650155,58,2,821776798845720,False,False,2000000000000000,4108883994228600,200000000000000,821776798845720,1,0,0,f8797f004315acf99faaee62b08ce093109968ba82bb52d55c7bc8b92e4918b9,48f352137529955aed7faf1fd06be1ded7fe77708ca0989683ef984733ab71a6
cit-Patents,3617681,3617681,3617681,2,3617667,3650155,3617667,3650155,58,2,821776798845720,False,False,2000000000000000,4108883994228600,200000000000000,821776798845720,1,0,0,f8797f004315acf99faaee62b08ce093109968ba82bb52d55c7bc8b92e4918b9,48f352137529955aed7faf1fd06be1ded7fe77708ca0989683ef984733ab71a6
cit-Patents,3617682,3617682,3617682,2,3617667,3650155,3617667,3650155,58,2,821776798845720,False,False,2000000000000000,4108883994228600,200000000000000,821776798845720,1,0,0,f8797f004315acf99faaee62b08ce093109968ba82bb52d55c7bc8b92e4918b9,48f352137529955aed7faf1fd06be1ded7fe77708ca0989683ef984733ab71a6
cit-Patents,3617683,3617683,3617683,2,3617667,3650155,3617667,3650155,58,2,821776798845720,False,False,2000000000000000,4108883994228600,200000000000000,821776798845720,1,0,0,f8797f004315acf99faaee62b08ce093109968ba82bb52d55c7bc8b92e4918b9,48f352137529955aed7faf1fd06be1ded7fe77708ca0989683ef984733ab71a6
cit-Patents,3617684,3617684,3617684,2,3617667,3650155,3617667,3650155,58,2,821776798845720,False,False,2000000000000000,4108883994228600,200000000000000,821776798845720,1,0,0,f8797f004315acf99faaee62b08ce093109968ba82bb52d55c7bc8b92e4918b9,48f352137529955aed7faf1fd06be1ded7fe77708ca0989683ef984733ab71a6
cit-Patents,3626168,3626168,3626168,2,3626167,3702914,3626167,3702914,37,2,524236923401580,False,False,2000000000000000,2621184617007900,200000000000000,524236923401580,1,0,0,f8797f004315acf99faaee62b08ce093109968ba82bb52d55c7bc8b92e4918b9,48f352137529955aed7faf1fd06be1ded7fe77708ca0989683ef984733ab71a6
cit-Patents,3626169,3626169,3626169,2,3626167,3702914,3626167,3702914,37,2,524236923401580,False,False,2000000000000000,2621184617007900,200000000000000,524236923401580,1,0,0,f8797f004315acf99faaee62b08ce093109968ba82bb52d55c7bc8b92e4918b9,48f352137529955aed7faf1fd06be1ded7fe77708ca0989683ef984733ab71a6
cit-Patents,3628500,3628500,3628500,2,3628499,3633432,3628499,3633432,34,2,481731226909560,False,False,2000000000000000,2408656134547800,200000000000000,481731226909560,1,0,0,f8797f004315acf99faaee62b08ce093109968ba82bb52d55c7bc8b92e4918b9,48f352137529955aed7faf1fd06be1ded7fe77708ca0989683ef984733ab71a6
cit-Patents,3628916,3628916,3628916,2,3628915,3702355,3628915,3702355,29,2,410888399422860,False,False,2000000000000000,2054441997114300,200000000000000,410888399422860,1,0,0,f8797f004315acf99faaee62b08ce093109968ba82bb52d55c7bc8b92e4918b9,48f352137529955aed7faf1fd06be1ded7fe77708ca0989683ef984733ab71a6
cit-Patents,3628917,3628917,3628917,2,3628915,3702355,3628915,3702355,29,2,410888399422860,False,False,2000000000000000,2054441997114300,200000000000000,410888399422860,1,0,0,f8797f004315acf99faaee62b08ce093109968ba82bb52d55c7bc8b92e4918b9,48f352137529955aed7faf1fd06be1ded7fe77708ca0989683ef984733ab71a6
cit-Patents,3628918,3628918,3628918,2,3628915,3702355,3628915,3702355,29,2,410888399422860,False,False,2000000000000000,2054441997114300,200000000000000,410888399422860,1,0,0,f8797f004315acf99faaee62b08ce093109968ba82bb52d55c7bc8b92e4918b9,48f352137529955aed7faf1fd06be1ded7fe77708ca0989683ef984733ab71a6
cit-Patents,3628919,3628919,3628919,2,3628915,3702355,3628915,3702355,29,2,410888399422860,False,False,2000000000000000,2054441997114300,200000000000000,410888399422860,1,0,0,f8797f004315acf99faaee62b08ce093109968ba82bb52d55c7bc8b92e4918b9,48f352137529955aed7faf1fd06be1ded7fe77708ca0989683ef984733ab71a6
cit-Patents,3628920,3628920,3628920,2,3628915,3702355,3628915,3702355,29,2,410888399422860,False,False,2000000000000000,2054441997114300,200000000000000,410888399422860,1,0,0,f8797f004315acf99faaee62b08ce093109968ba82bb52d55c7bc8b92e4918b9,48f352137529955aed7faf1fd06be1ded7fe77708ca0989683ef984733ab71a6
cit-Patents,3628921,3628921,3628921,2,3628915,3702355,3628915,3702355,29,2,410888399422860,False,False,2000000000000000,2054441997114300,200000000000000,410888399422860,1,0,0,f8797f004315acf99faaee62b08ce093109968ba82bb52d55c7bc8b92e4918b9,48f352137529955aed7faf1fd06be1ded7fe77708ca0989683ef984733ab71a6
cit-Patents,3639336,3639336,3639336,2,3639335,3727112,3639335,3727112,97,2,1374350853241980,False,False,2000000000000000,6871754266209900,200000000000000,1374350853241980,1,0,0,f8797f004315acf99faaee62b08ce093109968ba82bb52d55c7bc8b92e4918b9,48f352137529955aed7faf1fd06be1ded7fe77708ca0989683ef984733ab71a6
cit-Patents,3643936,3643936,3643936,2,3643935,3709704,3643935,3709704,48,2,680091143872320,False,False,2000000000000000,3400455719361600,200000000000000,680091143872320,1,0,0,f8797f004315acf99faaee62b08ce093109968ba82bb52d55c7bc8b92e4918b9,48f352137529955aed7faf1fd06be1ded7fe77708ca0989683ef984733ab71a6
cit-Patents,3646283,3646283,3646283,2,3646282,3675037,3646282,3675037,41,2,580911185390940,False,False,2000000000000000,2904555926954700,200000000000000,580911185390940,1,0,0,f8797f004315acf99faaee62b08ce093109968ba82bb52d55c7bc8b92e4918b9,48f352137529955aed7faf1fd06be1ded7fe77708ca0989683ef984733ab71a6
cit-Patents,3646284,3646284,3646284,2,3646282,3675037,3646282,3675037,41,2,580911185390940,False,False,2000000000000000,2904555926954700,200000000000000,580911185390940,1,0,0,f8797f004315acf99faaee62b08ce093109968ba82bb52d55c7bc8b92e4918b9,48f352137529955aed7faf1fd06be1ded7fe77708ca0989683ef984733ab71a6
cit-Patents,3646419,3646419,3646419,2,3646418,3713285,3646418,3713285,29,2,410888399422860,False,False,2000000000000000,2054441997114300,200000000000000,410888399422860,1,0,0,f8797f004315acf99faaee62b08ce093109968ba82bb52d55c7bc8b92e4918b9,48f352137529955aed7faf1fd06be1ded7fe77708ca0989683ef984733ab71a6
cit-Patents,3650735,3650735,3650735,3,3650734,3671768,3650734,3671768,103,2,1459362246226020,False,False,2000000000000000,7296811231130100,200000000000000,1459362246226020,3,0,0,f8797f004315acf99faaee62b08ce093109968ba82bb52d55c7bc8b92e4918b9,48f352137529955aed7faf1fd06be1ded7fe77708ca0989683ef984733ab71a6
cit-Patents,3652323,3652323,3652323,2,3652322,3705661,3652322,3705661,34,2,481731226909560,False,False,2000000000000000,2408656134547800,200000000000000,481731226909560,1,0,0,f8797f004315acf99faaee62b08ce093109968ba82bb52d55c7bc8b92e4918b9,48f352137529955aed7faf1fd06be1ded7fe77708ca0989683ef984733ab71a6
cit-Patents,3655259,3655259,3655259,3,3655258,3672181,3655258,3672181,102,2,1445193680728680,False,False,2000000000000000,7225968403643400,200000000000000,1445193680728680,3,0,0,f8797f004315acf99faaee62b08ce093109968ba82bb52d55c7bc8b92e4918b9,48f352137529955aed7faf1fd06be1ded7fe77708ca0989683ef984733ab71a6
cit-Patents,3663656,3663656,3663656,2,3663655,3757651,3663655,3757651,46,2,651754012877640,False,False,2000000000000000,3258770064388200,200000000000000,651754012877640,1,0,0,f8797f004315acf99faaee62b08ce093109968ba82bb52d55c7bc8b92e4918b9,48f352137529955aed7faf1fd06be1ded7fe77708ca0989683ef984733ab71a6
cit-Patents,3663657,3663657,3663657,2,3663655,3757651,3663655,3757651,46,2,651754012877640,False,False,2000000000000000,3258770064388200,200000000000000,651754012877640,1,0,0,f8797f004315acf99faaee62b08ce093109968ba82bb52d55c7bc8b92e4918b9,48f352137529955aed7faf1fd06be1ded7fe77708ca0989683ef984733ab71a6
cit-Patents,3663658,3663658,3663658,2,3663655,3757651,3663655,3757651,46,2,651754012877640,False,False,2000000000000000,3258770064388200,200000000000000,651754012877640,1,0,0,f8797f004315acf99faaee62b08ce093109968ba82bb52d55c7bc8b92e4918b9,48f352137529955aed7faf1fd06be1ded7fe77708ca0989683ef984733ab71a6
cit-Patents,3680345,3680345,3680345,2,3680344,3722338,3680344,3722338,31,2,439225530417540,False,False,2000000000000000,2196127652087700,200000000000000,439225530417540,1,0,0,f8797f004315acf99faaee62b08ce093109968ba82bb52d55c7bc8b92e4918b9,48f352137529955aed7faf1fd06be1ded7fe77708ca0989683ef984733ab71a6
cit-Patents,3683495,3683495,3683495,2,3683494,3731423,3683494,3731423,42,2,595079750888280,False,False,2000000000000000,2975398754441400,200000000000000,595079750888280,1,0,0,f8797f004315acf99faaee62b08ce093109968ba82bb52d55c7bc8b92e4918b9,48f352137529955aed7faf1fd06be1ded7fe77708ca0989683ef984733ab71a6
cit-Patents,3686884,3686884,3686884,2,3686883,3745457,3686883,3745457,40,2,566742619893600,False,False,2000000000000000,2833713099468000,200000000000000,566742619893600,1,0,0,f8797f004315acf99faaee62b08ce093109968ba82bb52d55c7bc8b92e4918b9,48f352137529955aed7faf1fd06be1ded7fe77708ca0989683ef984733ab71a6
cit-Patents,3693053,3693053,3693053,2,3693052,3708919,3693052,3708919,34,2,481731226909560,False,False,2000000000000000,2408656134547800,200000000000000,481731226909560,1,0,0,f8797f004315acf99faaee62b08ce093109968ba82bb52d55c7bc8b92e4918b9,48f352137529955aed7faf1fd06be1ded7fe77708ca0989683ef984733ab71a6
cit-Patents,3693162,3693162,3693162,2,3693161,3726617,3693161,3726617,39,2,552574054396260,False,False,2000000000000000,2762870271981300,200000000000000,552574054396260,1,0,0,f8797f004315acf99faaee62b08ce093109968ba82bb52d55c7bc8b92e4918b9,48f352137529955aed7faf1fd06be1ded7fe77708ca0989683ef984733ab71a6
cit-Patents,3693163,3693163,3693163,2,3693161,3726617,3693161,3726617,39,2,552574054396260,False,False,2000000000000000,2762870271981300,200000000000000,552574054396260,1,0,0,f8797f004315acf99faaee62b08ce093109968ba82bb52d55c7bc8b92e4918b9,48f352137529955aed7faf1fd06be1ded7fe77708ca0989683ef984733ab71a6
cit-Patents,3693164,3693164,3693164,2,3693161,3726617,3693161,3726617,39,2,552574054396260,False,False,2000000000000000,2762870271981300,200000000000000,552574054396260,1,0,0,f8797f004315acf99faaee62b08ce093109968ba82bb52d55c7bc8b92e4918b9,48f352137529955aed7faf1fd06be1ded7fe77708ca0989683ef984733ab71a6
cit-Patents,3693865,3693865,3693865,2,3693864,3761480,3693864,3761480,35,2,495899792406900,False,False,2000000000000000,2479498962034500,200000000000000,495899792406900,1,0,0,f8797f004315acf99faaee62b08ce093109968ba82bb52d55c7bc8b92e4918b9,48f352137529955aed7faf1fd06be1ded7fe77708ca0989683ef984733ab71a6
cit-Patents,3693866,3693866,3693866,2,3693864,3761480,3693864,3761480,35,2,495899792406900,False,False,2000000000000000,2479498962034500,200000000000000,495899792406900,1,0,0,f8797f004315acf99faaee62b08ce093109968ba82bb52d55c7bc8b92e4918b9,48f352137529955aed7faf1fd06be1ded7fe77708ca0989683ef984733ab71a6
cit-Patents,3693867,3693867,3693867,2,3693864,3761480,3693864,3761480,35,2,495899792406900,False,False,2000000000000000,2479498962034500,200000000000000,495899792406900,1,0,0,f8797f004315acf99faaee62b08ce093109968ba82bb52d55c7bc8b92e4918b9,48f352137529955aed7faf1fd06be1ded7fe77708ca0989683ef984733ab71a6
cit-Patents,3693868,3693868,3693868,2,3693864,3761480,3693864,3761480,35,2,495899792406900,False,False,2000000000000000,2479498962034500,200000000000000,495899792406900,1,0,0,f8797f004315acf99faaee62b08ce093109968ba82bb52d55c7bc8b92e4918b9,48f352137529955aed7faf1fd06be1ded7fe77708ca0989683ef984733ab71a6
cit-Patents,3693869,3693869,3693869,2,3693864,3761480,3693864,3761480,35,2,495899792406900,False,False,2000000000000000,2479498962034500,200000000000000,495899792406900,1,0,0,f8797f004315acf99faaee62b08ce093109968ba82bb52d55c7bc8b92e4918b9,48f352137529955aed7faf1fd06be1ded7fe77708ca0989683ef984733ab71a6
cit-Patents,3693870,3693870,3693870,2,3693864,3761480,3693864,3761480,35,2,495899792406900,False,False,2000000000000000,2479498962034500,200000000000000,495899792406900,1,0,0,f8797f004315acf99faaee62b08ce093109968ba82bb52d55c7bc8b92e4918b9,48f352137529955aed7faf1fd06be1ded7fe77708ca0989683ef984733ab71a6
cit-Patents,3695533,3695533,3695533,2,3695532,3723125,3695532,3723125,33,2,467562661412220,False,False,2000000000000000,2337813307061100,200000000000000,467562661412220,1,0,0,f8797f004315acf99faaee62b08ce093109968ba82bb52d55c7bc8b92e4918b9,48f352137529955aed7faf1fd06be1ded7fe77708ca0989683ef984733ab71a6
cit-Patents,3699322,3699322,3699322,2,3699321,3723127,3699321,3723127,43,2,609248316385620,False,False,2000000000000000,3046241581928100,200000000000000,609248316385620,1,0,0,f8797f004315acf99faaee62b08ce093109968ba82bb52d55c7bc8b92e4918b9,48f352137529955aed7faf1fd06be1ded7fe77708ca0989683ef984733ab71a6
cit-Patents,3699323,3699323,3699323,2,3699321,3723127,3699321,3723127,43,2,609248316385620,False,False,2000000000000000,3046241581928100,200000000000000,609248316385620,1,0,0,f8797f004315acf99faaee62b08ce093109968ba82bb52d55c7bc8b92e4918b9,48f352137529955aed7faf1fd06be1ded7fe77708ca0989683ef984733ab71a6
cit-Patents,3701552,3701552,3701552,2,3701551,3754151,3701551,3754151,38,2,538405488898920,False,False,2000000000000000,2692027444494600,200000000000000,538405488898920,1,0,0,f8797f004315acf99faaee62b08ce093109968ba82bb52d55c7bc8b92e4918b9,48f352137529955aed7faf1fd06be1ded7fe77708ca0989683ef984733ab71a6
cit-Patents,3701686,3701686,3701686,2,3701685,3750140,3701685,3750140,34,2,481731226909560,False,False,2000000000000000,2408656134547800,200000000000000,481731226909560,1,0,0,f8797f004315acf99faaee62b08ce093109968ba82bb52d55c7bc8b92e4918b9,48f352137529955aed7faf1fd06be1ded7fe77708ca0989683ef984733ab71a6
cit-Patents,3701687,3701687,3701687,2,3701685,3750140,3701685,3750140,34,2,481731226909560,False,False,2000000000000000,2408656134547800,200000000000000,481731226909560,1,0,0,f8797f004315acf99faaee62b08ce093109968ba82bb52d55c7bc8b92e4918b9,48f352137529955aed7faf1fd06be1ded7fe77708ca0989683ef984733ab71a6
cit-Patents,3701688,3701688,3701688,2,3701685,3750140,3701685,3750140,34,2,481731226909560,False,False,2000000000000000,2408656134547800,200000000000000,481731226909560,1,0,0,f8797f004315acf99faaee62b08ce093109968ba82bb52d55c7bc8b92e4918b9,48f352137529955aed7faf1fd06be1ded7fe77708ca0989683ef984733ab71a6
cit-Patents,3702211,3702211,3702211,2,3702210,3731655,3702210,3731655,70,2,991799584813800,False,False,2000000000000000,4958997924069000,200000000000000,991799584813800,1,0,0,f8797f004315acf99faaee62b08ce093109968ba82bb52d55c7bc8b92e4918b9,48f352137529955aed7faf1fd06be1ded7fe77708ca0989683ef984733ab71a6
cit-Patents,3707174,3707174,3707174,2,3436874,3507375,3436874,3507375,36,2,510068357904240,False,False,2000000000000000,2550341789521200,200000000000000,510068357904240,1,0,0,f8797f004315acf99faaee62b08ce093109968ba82bb52d55c7bc8b92e4918b9,48f352137529955aed7faf1fd06be1ded7fe77708ca0989683ef984733ab71a6
cit-Patents,3709151,3709151,3709151,2,3709150,3740113,3709150,3740113,45,2,637585447380300,False,False,2000000000000000,3187927236901500,200000000000000,637585447380300,1,0,0,f8797f004315acf99faaee62b08ce093109968ba82bb52d55c7bc8b92e4918b9,48f352137529955aed7faf1fd06be1ded7fe77708ca0989683ef984733ab71a6
cit-Patents,3730058,3730058,3730058,2,3730057,3744747,3730057,3744747,43,2,609248316385620,False,False,2000000000000000,3046241581928100,200000000000000,609248316385620,1,0,0,f8797f004315acf99faaee62b08ce093109968ba82bb52d55c7bc8b92e4918b9,48f352137529955aed7faf1fd06be1ded7fe77708ca0989683ef984733ab71a6
cit-Patents,3749382,3749382,3749382,2,3749381,3760697,3749381,3760697,114,2,1615216466696760,False,False,2000000000000000,8076082333483800,200000000000000,1615216466696760,1,0,0,f8797f004315acf99faaee62b08ce093109968ba82bb52d55c7bc8b92e4918b9,48f352137529955aed7faf1fd06be1ded7fe77708ca0989683ef984733ab71a6
