kendall_tau_old,spearman_old,precision_at_1pct_old,precision_at_5pct_old,rmse_old,radius,richness,n_features_old,fit_seconds_old,feature_seconds_old,target,network_old,seed,kendall_tau_new,spearman_new,precision_at_1pct_new,precision_at_5pct_new,rmse_new,n_features_new,fit_seconds_new,feature_seconds_new,network_new,d_tau,file
0.9206914883458672,0.9884085631303988,0.926829268292683,0.9710144927536232,0.1467672072851442,1,node+edge+subgraph,62,2.242733500000213,1.2540637999827595,spread_mean,ca-GrQc,0,0.9064454888182238,0.982811695488111,0.926829268292683,0.966183574879227,0.1822715684204621,56,2.936004499992123,1.2540637999827595,ca-GrQc,-0.014245999527643383,ca-GrQc rf
0.9209969947749896,0.9883310539258604,0.926829268292683,0.9710144927536232,0.1507580777841003,1,node+edge+subgraph,62,2.206382399999711,1.2540637999827595,spread_mean,ca-GrQc,1,0.9078888052556948,0.983320486588022,0.926829268292683,0.961352657004831,0.1910672990146033,56,2.8237120999838226,1.2540637999827595,ca-GrQc,-0.013108189519294822,ca-GrQc rf
0.9218053383365225,0.9886168628295424,0.926829268292683,0.9710144927536232,0.1831109002265069,1,node+edge+subgraph,62,2.229839399999946,1.2540637999827595,spread_mean,ca-GrQc,2,0.9077573013533674,0.9834900469906336,0.951219512195122,0.9710144927536232,0.202291014085361,56,2.6453499000053853,1.2540637999827595,ca-GrQc,-0.014048036983155043,ca-GrQc rf
0.9199854162316208,0.9872781568198656,0.926829268292683,0.966183574879227,0.1465355553158467,1,node+edge+subgraph,62,2.42866850000064,1.2540637999827595,spread_mean,ca-GrQc,3,0.9066505385593968,0.982736976019526,0.926829268292683,0.961352657004831,0.1777705720885623,56,3.0242170999990776,1.2540637999827595,ca-GrQc,-0.013334877672223966,ca-GrQc rf
0.921528213806586,0.988548585344653,0.926829268292683,0.9710144927536232,0.1528282114032877,1,node+edge+subgraph,62,2.9331976000003124,1.2540637999827595,spread_mean,ca-GrQc,4,0.9083698444918156,0.9835676992816706,0.926829268292683,0.961352657004831,0.1904174610437044,56,2.8118522000149824,1.2540637999827595,ca-GrQc,-0.013158369314770435,ca-GrQc rf
0.92025376687792,0.9877995284851396,0.926829268292683,0.9710144927536232,0.1617733207639085,1,node+edge+subgraph,62,3.1347914999996647,1.2540637999827595,spread_mean,ca-GrQc,5,0.9065945635165256,0.983196785706513,0.926829268292683,0.966183574879227,0.1957232034551484,56,3.271788899990497,1.2540637999827595,ca-GrQc,-0.013659203361394479,ca-GrQc rf
0.9202378899250314,0.987830259064011,0.926829268292683,0.966183574879227,0.1421412448267144,1,node+edge+subgraph,62,2.970370699999876,1.2540637999827595,spread_mean,ca-GrQc,6,0.9073247324335544,0.983260141387082,0.926829268292683,0.961352657004831,0.1798813092847148,56,2.908428800001275,1.2540637999827595,ca-GrQc,-0.012913157491477034,ca-GrQc rf
0.9196782496849109,0.9876745496151956,0.926829268292683,0.9710144927536232,0.1523763940817989,1,node+edge+subgraph,62,3.64319179999984,1.2540637999827595,spread_mean,ca-GrQc,7,0.9071289142193288,0.9829255296149156,0.926829268292683,0.9710144927536232,0.1931904497794163,56,2.8888626000261866,1.2540637999827595,ca-GrQc,-0.012549335465582012,ca-GrQc rf
0.9202812844190807,0.9878098850333086,0.926829268292683,0.966183574879227,0.16264974906668,1,node+edge+subgraph,62,2.5473688000001857,1.2540637999827595,spread_mean,ca-GrQc,8,0.90720184586906,0.9832439765666098,0.926829268292683,0.9516908212560388,0.1968267302519052,56,2.747628799988888,1.2540637999827595,ca-GrQc,-0.013079438550020694,ca-GrQc rf
0.9215066404626256,0.9883741513191374,0.926829268292683,0.9710144927536232,0.1398081538780546,1,node+edge+subgraph,62,2.4182174000006853,1.2540637999827595,spread_mean,ca-GrQc,9,0.9078541611580222,0.9833012300704094,0.926829268292683,0.966183574879227,0.1758664770864302,56,2.8615963000047486,1.2540637999827595,ca-GrQc,-0.013652479304603449,ca-GrQc rf
0.9206914883458672,0.9884085631303988,0.926829268292683,0.9710144927536232,0.1467672072851442,1,node+edge+subgraph+dynamic,62,2.436305400000492,1.2540637999827595,spread_mean,ca-GrQc,0,0.9064454888182238,0.982811695488111,0.926829268292683,0.966183574879227,0.1822715684204621,56,2.9308615000045397,1.2540637999827595,ca-GrQc,-0.014245999527643383,ca-GrQc rf
0.9209969947749896,0.9883310539258604,0.926829268292683,0.9710144927536232,0.1507580777841003,1,node+edge+subgraph+dynamic,62,2.331036000000495,1.2540637999827595,spread_mean,ca-GrQc,1,0.9078888052556948,0.983320486588022,0.926829268292683,0.961352657004831,0.1910672990146033,56,2.860202000010758,1.2540637999827595,ca-GrQc,-0.013108189519294822,ca-GrQc rf
0.9218053383365225,0.9886168628295424,0.926829268292683,0.9710144927536232,0.1831109002265068,1,node+edge+subgraph+dynamic,62,2.329356100000041,1.2540637999827595,spread_mean,ca-GrQc,2,0.9077573013533674,0.9834900469906336,0.951219512195122,0.9710144927536232,0.202291014085361,56,3.1536921999941114,1.2540637999827595,ca-GrQc,-0.014048036983155043,ca-GrQc rf
0.9199854162316208,0.9872781568198656,0.926829268292683,0.966183574879227,0.1465355553158467,1,node+edge+subgraph+dynamic,62,2.314653200000066,1.2540637999827595,spread_mean,ca-GrQc,3,0.9066505385593968,0.982736976019526,0.926829268292683,0.961352657004831,0.1777705720885623,56,2.931128099997295,1.2540637999827595,ca-GrQc,-0.013334877672223966,ca-GrQc rf
0.921528213806586,0.988548585344653,0.926829268292683,0.9710144927536232,0.1528282114032878,1,node+edge+subgraph+dynamic,62,2.327916799999912,1.2540637999827595,spread_mean,ca-GrQc,4,0.9083698444918156,0.9835676992816706,0.926829268292683,0.961352657004831,0.1904174610437045,56,2.8345773000037298,1.2540637999827595,ca-GrQc,-0.013158369314770435,ca-GrQc rf
0.92025376687792,0.9877995284851396,0.926829268292683,0.9710144927536232,0.1617733207639085,1,node+edge+subgraph+dynamic,62,2.4030034999996133,1.2540637999827595,spread_mean,ca-GrQc,5,0.9065945635165256,0.983196785706513,0.926829268292683,0.966183574879227,0.1957232034551485,56,2.908760100021027,1.2540637999827595,ca-GrQc,-0.013659203361394479,ca-GrQc rf
0.9202378899250314,0.987830259064011,0.926829268292683,0.966183574879227,0.1421412448267144,1,node+edge+subgraph+dynamic,62,2.421678400000019,1.2540637999827595,spread_mean,ca-GrQc,6,0.9073247324335544,0.983260141387082,0.926829268292683,0.961352657004831,0.1798813092847148,56,2.797638400021242,1.2540637999827595,ca-GrQc,-0.012913157491477034,ca-GrQc rf
0.9196782496849109,0.9876745496151956,0.926829268292683,0.9710144927536232,0.1523763940817988,1,node+edge+subgraph+dynamic,62,2.389935600000172,1.2540637999827595,spread_mean,ca-GrQc,7,0.9071289142193288,0.9829255296149156,0.926829268292683,0.9710144927536232,0.1931904497794163,56,2.758845200005453,1.2540637999827595,ca-GrQc,-0.012549335465582012,ca-GrQc rf
0.9202812844190807,0.9878098850333086,0.926829268292683,0.966183574879227,0.1626497490666801,1,node+edge+subgraph+dynamic,62,2.3088997000004383,1.2540637999827595,spread_mean,ca-GrQc,8,0.90720184586906,0.9832439765666098,0.926829268292683,0.9516908212560388,0.1968267302519052,56,2.696222400001716,1.2540637999827595,ca-GrQc,-0.013079438550020694,ca-GrQc rf
0.9215066404626256,0.9883741513191374,0.926829268292683,0.9710144927536232,0.1398081538780546,1,node+edge+subgraph+dynamic,62,2.2885606999998345,1.2540637999827595,spread_mean,ca-GrQc,9,0.9078541611580222,0.9833012300704094,0.926829268292683,0.966183574879227,0.1758664770864301,56,2.7948461000050884,1.2540637999827595,ca-GrQc,-0.013652479304603449,ca-GrQc rf
0.7098314654961153,0.8617571354351085,0.7804878048780488,0.8502415458937198,0.2715535749764859,1,node+edge+subgraph,62,2.575582500001474,1.2540637999827595,spread_cv,ca-GrQc,0,0.6721406265558569,0.8316905062223602,0.7073170731707317,0.8164251207729468,0.3222704165005865,56,3.0960167000012007,1.2540637999827595,ca-GrQc,-0.037690838940258375,ca-GrQc rf
0.7081742756071326,0.8597759259430355,0.8292682926829268,0.8502415458937198,0.2720516417416051,1,node+edge+subgraph,62,2.4241485000002285,1.2540637999827595,spread_cv,ca-GrQc,1,0.6719537191551601,0.8322945837585609,0.7073170731707317,0.8309178743961353,0.3224093132810056,56,3.213614799984498,1.2540637999827595,ca-GrQc,-0.03622055645197253,ca-GrQc rf
0.7086502534713247,0.8604458027258338,0.8048780487804879,0.8309178743961353,0.2725018049275191,1,node+edge+subgraph,62,2.619308499999533,1.2540637999827595,spread_cv,ca-GrQc,2,0.6746697416309038,0.8345351900572535,0.7073170731707317,0.8115942028985508,0.3208520512342011,56,3.1722345000016503,1.2540637999827595,ca-GrQc,-0.033980511840420946,ca-GrQc rf
0.704625585174695,0.8570977445233923,0.7560975609756098,0.8502415458937198,0.2744515707710188,1,node+edge+subgraph,62,2.728333400000338,1.2540637999827595,spread_cv,ca-GrQc,3,0.668019316018359,0.8281369815920012,0.7317073170731707,0.8164251207729468,0.3245184767158455,56,3.003608600003645,1.2540637999827595,ca-GrQc,-0.036606269156336024,ca-GrQc rf
0.7104377152525377,0.862065295604352,0.7560975609756098,0.8599033816425121,0.2693988924906017,1,node+edge+subgraph,62,2.605671600000278,1.2540637999827595,spread_cv,ca-GrQc,4,0.6735479146498371,0.833491645956279,0.7560975609756098,0.8260869565217391,0.3178999009352222,56,3.1753158000065014,1.2540637999827595,ca-GrQc,-0.03688980060270064,ca-GrQc rf
0.7037455119044763,0.8552319163102596,0.7560975609756098,0.8502415458937198,0.2750473927372429,1,node+edge+subgraph,62,2.5376152000008005,1.2540637999827595,spread_cv,ca-GrQc,5,0.668862777646295,0.8296341413288323,0.7560975609756098,0.8164251207729468,0.3215837300956928,56,3.2028157000022475,1.2540637999827595,ca-GrQc,-0.034882734258181336,ca-GrQc rf
0.7087553411371339,0.8601622756081944,0.7560975609756098,0.8405797101449275,0.2713953327602698,1,node+edge+subgraph,62,2.497366300000067,1.2540637999827595,spread_cv,ca-GrQc,6,0.6734182466915896,0.8337128424391743,0.7073170731707317,0.8164251207729468,0.3206333756178059,56,3.37128799999482,1.2540637999827595,ca-GrQc,-0.03533709444554434,ca-GrQc rf
0.7068584778625635,0.8584039116624158,0.7804878048780488,0.8405797101449275,0.2738879646390593,1,node+edge+subgraph,62,2.49401940000098,1.2540637999827595,spread_cv,ca-GrQc,7,0.6720683596691573,0.8315359664228799,0.7560975609756098,0.7971014492753623,0.3218619600424176,56,3.34462839999469,1.2540637999827595,ca-GrQc,-0.03479011819340616,ca-GrQc rf
0.7046342907735309,0.8559483923228961,0.7560975609756098,0.8405797101449275,0.2727558061342049,1,node+edge+subgraph,62,2.456987499999741,1.2540637999827595,spread_cv,ca-GrQc,8,0.6716804359321583,0.831710771090723,0.7560975609756098,0.8164251207729468,0.3193262926085488,56,4.0984616999921855,1.2540637999827595,ca-GrQc,-0.03295385484137259,ca-GrQc rf
0.7078316321066174,0.8587428690275913,0.7804878048780488,0.8502415458937198,0.2697272784700153,1,node+edge+subgraph,62,2.647483200000352,1.2540637999827595,spread_cv,ca-GrQc,9,0.6735279112229515,0.833979699391838,0.6829268292682927,0.8309178743961353,0.3188386793548195,56,3.924856800003909,1.2540637999827595,ca-GrQc,-0.034303720883665845,ca-GrQc rf
0.7098314654961153,0.8617571354351085,0.7804878048780488,0.8502415458937198,0.2715535749764858,1,node+edge+subgraph+dynamic,62,2.49904030000107,1.2540637999827595,spread_cv,ca-GrQc,0,0.6721406265558569,0.8316905062223602,0.7073170731707317,0.8164251207729468,0.3222704165005864,56,3.91205500002252,1.2540637999827595,ca-GrQc,-0.037690838940258375,ca-GrQc rf
0.7081742756071326,0.8597759259430355,0.8292682926829268,0.8502415458937198,0.2720516417416051,1,node+edge+subgraph+dynamic,62,2.6835100000007515,1.2540637999827595,spread_cv,ca-GrQc,1,0.6719537191551601,0.8322945837585609,0.7073170731707317,0.8309178743961353,0.3224093132810056,56,3.9062522999884095,1.2540637999827595,ca-GrQc,-0.03622055645197253,ca-GrQc rf
0.7086502534713247,0.8604458027258338,0.8048780487804879,0.8309178743961353,0.2725018049275191,1,node+edge+subgraph+dynamic,62,2.568723300000784,1.2540637999827595,spread_cv,ca-GrQc,2,0.6746697416309038,0.8345351900572535,0.7073170731707317,0.8115942028985508,0.3208520512342011,56,3.622586899989983,1.2540637999827595,ca-GrQc,-0.033980511840420946,ca-GrQc rf
0.704625585174695,0.8570977445233923,0.7560975609756098,0.8502415458937198,0.2744515707710188,1,node+edge+subgraph+dynamic,62,2.6211517000010645,1.2540637999827595,spread_cv,ca-GrQc,3,0.668019316018359,0.8281369815920012,0.7317073170731707,0.8164251207729468,0.3245184767158455,56,3.7587798000022303,1.2540637999827595,ca-GrQc,-0.036606269156336024,ca-GrQc rf
0.7104377152525377,0.862065295604352,0.7560975609756098,0.8599033816425121,0.2693988924906017,1,node+edge+subgraph+dynamic,62,2.6364726000010705,1.2540637999827595,spread_cv,ca-GrQc,4,0.6735479146498371,0.833491645956279,0.7560975609756098,0.8260869565217391,0.3178999009352222,56,3.4751082000148017,1.2540637999827595,ca-GrQc,-0.03688980060270064,ca-GrQc rf
0.7037455119044763,0.8552319163102596,0.7560975609756098,0.8502415458937198,0.2750473927372429,1,node+edge+subgraph+dynamic,62,2.6377576000013505,1.2540637999827595,spread_cv,ca-GrQc,5,0.668862777646295,0.8296341413288323,0.7560975609756098,0.8164251207729468,0.3215837300956928,56,3.766155999997864,1.2540637999827595,ca-GrQc,-0.034882734258181336,ca-GrQc rf
0.7087553411371339,0.8601622756081944,0.7560975609756098,0.8405797101449275,0.2713953327602698,1,node+edge+subgraph+dynamic,62,2.4068043000006583,1.2540637999827595,spread_cv,ca-GrQc,6,0.6734182466915896,0.8337128424391743,0.7073170731707317,0.8164251207729468,0.3206333756178059,56,3.5606779000081588,1.2540637999827595,ca-GrQc,-0.03533709444554434,ca-GrQc rf
0.7068584778625635,0.8584039116624158,0.7804878048780488,0.8405797101449275,0.2738879646390593,1,node+edge+subgraph+dynamic,62,2.439859599999181,1.2540637999827595,spread_cv,ca-GrQc,7,0.6720683596691573,0.8315359664228799,0.7560975609756098,0.7971014492753623,0.3218619600424176,56,3.941581299994141,1.2540637999827595,ca-GrQc,-0.03479011819340616,ca-GrQc rf
0.7046342907735309,0.8559483923228961,0.7560975609756098,0.8405797101449275,0.2727558061342049,1,node+edge+subgraph+dynamic,62,2.2776714999999967,1.2540637999827595,spread_cv,ca-GrQc,8,0.6716804359321583,0.831710771090723,0.7560975609756098,0.8164251207729468,0.3193262926085488,56,3.940945300011663,1.2540637999827595,ca-GrQc,-0.03295385484137259,ca-GrQc rf
0.7078316321066174,0.8587428690275913,0.7804878048780488,0.8502415458937198,0.2697272784700153,1,node+edge+subgraph+dynamic,62,2.2832700999988447,1.2540637999827595,spread_cv,ca-GrQc,9,0.6735279112229515,0.833979699391838,0.6829268292682927,0.8309178743961353,0.3188386793548194,56,4.555811099999119,1.2540637999827595,ca-GrQc,-0.034303720883665845,ca-GrQc rf
0.5329219149757677,0.7088425873227838,0.1951219512195122,0.4251207729468599,0.1213930739464591,1,node+edge+subgraph,62,2.604684600000837,1.2540637999827595,spread_resid,ca-GrQc,0,0.4962232120395193,0.6699984629803062,0.073170731707317,0.2898550724637681,0.1313754115005765,56,3.949305000016466,1.2540637999827595,ca-GrQc,-0.036698702936248384,ca-GrQc rf
0.5317461532593091,0.7072169196963044,0.2439024390243902,0.429951690821256,0.1216784105031038,1,node+edge+subgraph,62,2.4467834000006405,1.2540637999827595,spread_resid,ca-GrQc,1,0.4996337136041812,0.6735390992714726,0.0975609756097561,0.251207729468599,0.1308108690713608,56,4.309384799998952,1.2540637999827595,ca-GrQc,-0.03211243965512789,ca-GrQc rf
0.5271348304592399,0.7021689352829121,0.1951219512195122,0.4782608695652174,0.1221364425510561,1,node+edge+subgraph,62,2.3362176999999065,1.2540637999827595,spread_resid,ca-GrQc,2,0.5005243678992716,0.6759439576377296,0.073170731707317,0.2657004830917874,0.1307724302042462,56,3.877992699999595,1.2540637999827595,ca-GrQc,-0.02661046255996835,ca-GrQc rf
0.5296227218209998,0.7043009705666804,0.1707317073170731,0.4589371980676328,0.1223188881254991,1,node+edge+subgraph,62,2.4028339000014967,1.2540637999827595,spread_resid,ca-GrQc,3,0.4932080527913418,0.6664295042810809,0.073170731707317,0.2801932367149758,0.1317745611311618,56,3.955647599999793,1.2540637999827595,ca-GrQc,-0.03641466902965801,ca-GrQc rf
0.5321636479980494,0.7066145088004361,0.2195121951219512,0.4541062801932367,0.1212337725561886,1,node+edge+subgraph,62,2.384558499999912,1.2540637999827595,spread_resid,ca-GrQc,4,0.500175460642032,0.6740092905244176,0.0975609756097561,0.2898550724637681,0.1300650238358739,56,3.791215599980205,1.2540637999827595,ca-GrQc,-0.031988187356017384,ca-GrQc rf
0.5281065916667865,0.7037906634782825,0.2195121951219512,0.4541062801932367,0.1222841228647523,1,node+edge+subgraph,62,2.3509482999998,1.2540637999827595,spread_resid,ca-GrQc,5,0.4968329850563828,0.6713877146275306,0.073170731707317,0.2850241545893719,0.131353727476748,56,3.850284000014653,1.2540637999827595,ca-GrQc,-0.03127360661040374,ca-GrQc rf
0.5331569886271816,0.7076991893648837,0.2439024390243902,0.463768115942029,0.1211825667021958,1,node+edge+subgraph,62,2.357125200000155,1.2540637999827595,spread_resid,ca-GrQc,6,0.5017293346590779,0.675896561322852,0.048780487804878,0.2946859903381642,0.1307956993120996,56,3.699322400003439,1.2540637999827595,ca-GrQc,-0.031427653968103764,ca-GrQc rf
0.5296751077990132,0.7038633904318384,0.1707317073170731,0.4444444444444444,0.1217622511052456,1,node+edge+subgraph,62,2.3608690000000934,1.2540637999827595,spread_resid,ca-GrQc,7,0.4999432706792205,0.6739557111823992,0.073170731707317,0.2850241545893719,0.1309191761126624,56,3.895967599994037,1.2540637999827595,ca-GrQc,-0.02973183711979266,ca-GrQc rf
0.5258289418656849,0.6991240022343008,0.2195121951219512,0.4347826086956521,0.1233281436173486,1,node+edge+subgraph,62,2.4043070999996417,1.2540637999827595,spread_resid,ca-GrQc,8,0.4989697762107824,0.6723243858162803,0.1219512195121951,0.2753623188405797,0.1310377687082556,56,3.7604716999921943,1.2540637999827595,ca-GrQc,-0.026859165654902428,ca-GrQc rf
0.5291592678804862,0.7036891680009046,0.2439024390243902,0.4492753623188406,0.121693110504748,1,node+edge+subgraph,62,2.4160114000005706,1.2540637999827595,spread_resid,ca-GrQc,9,0.4979256260361251,0.67236089496349,0.048780487804878,0.2898550724637681,0.1308525061913703,56,4.005155899998499,1.2540637999827595,ca-GrQc,-0.03123364184436106,ca-GrQc rf
0.5329219149757677,0.7088425873227838,0.1951219512195122,0.4251207729468599,0.1213930739464591,1,node+edge+subgraph+dynamic,62,2.3592058999984147,1.2540637999827595,spread_resid,ca-GrQc,0,0.4962232120395193,0.6699984629803062,0.073170731707317,0.2898550724637681,0.1313754115005765,56,4.300331799982814,1.2540637999827595,ca-GrQc,-0.036698702936248384,ca-GrQc rf
0.5317461532593091,0.7072169196963044,0.2439024390243902,0.429951690821256,0.1216784105031038,1,node+edge+subgraph+dynamic,62,2.5250135000005685,1.2540637999827595,spread_resid,ca-GrQc,1,0.4996337136041812,0.6735390992714726,0.0975609756097561,0.251207729468599,0.1308108690713608,56,3.978737800003728,1.2540637999827595,ca-GrQc,-0.03211243965512789,ca-GrQc rf
0.5271348304592399,0.7021689352829121,0.1951219512195122,0.4782608695652174,0.1221364425510561,1,node+edge+subgraph+dynamic,62,2.562262100000225,1.2540637999827595,spread_resid,ca-GrQc,2,0.5005243678992716,0.6759439576377296,0.073170731707317,0.2657004830917874,0.1307724302042462,56,3.743004899995867,1.2540637999827595,ca-GrQc,-0.02661046255996835,ca-GrQc rf
0.5296227218209998,0.7043009705666804,0.1707317073170731,0.4589371980676328,0.1223188881254991,1,node+edge+subgraph+dynamic,62,2.4834952000001067,1.2540637999827595,spread_resid,ca-GrQc,3,0.4932080527913418,0.6664295042810809,0.073170731707317,0.2801932367149758,0.1317745611311618,56,3.837051700014854,1.2540637999827595,ca-GrQc,-0.03641466902965801,ca-GrQc rf
0.5321636479980494,0.7066145088004361,0.2195121951219512,0.4541062801932367,0.1212337725561886,1,node+edge+subgraph+dynamic,62,2.4227037000000564,1.2540637999827595,spread_resid,ca-GrQc,4,0.500175460642032,0.6740092905244176,0.0975609756097561,0.2898550724637681,0.1300650238358739,56,3.9620164000079967,1.2540637999827595,ca-GrQc,-0.031988187356017384,ca-GrQc rf
0.5281065916667865,0.7037906634782825,0.2195121951219512,0.4541062801932367,0.1222841228647523,1,node+edge+subgraph+dynamic,62,2.3736480999996274,1.2540637999827595,spread_resid,ca-GrQc,5,0.4968329850563828,0.6713877146275306,0.073170731707317,0.2850241545893719,0.131353727476748,56,3.78065100000822,1.2540637999827595,ca-GrQc,-0.03127360661040374,ca-GrQc rf
0.5331569886271816,0.7076991893648837,0.2439024390243902,0.463768115942029,0.1211825667021958,1,node+edge+subgraph+dynamic,62,2.37579420000111,1.2540637999827595,spread_resid,ca-GrQc,6,0.5017293346590779,0.675896561322852,0.048780487804878,0.2946859903381642,0.1307956993120996,56,4.232391599973198,1.2540637999827595,ca-GrQc,-0.031427653968103764,ca-GrQc rf
0.5296751077990132,0.7038633904318384,0.1707317073170731,0.4444444444444444,0.1217622511052456,1,node+edge+subgraph+dynamic,62,2.312293099999806,1.2540637999827595,spread_resid,ca-GrQc,7,0.4999432706792205,0.6739557111823992,0.073170731707317,0.2850241545893719,0.1309191761126624,56,4.013917300006142,1.2540637999827595,ca-GrQc,-0.02973183711979266,ca-GrQc rf
0.5258289418656849,0.6991240022343008,0.2195121951219512,0.4347826086956521,0.1233281436173486,1,node+edge+subgraph+dynamic,62,2.3051211000001786,1.2540637999827595,spread_resid,ca-GrQc,8,0.4989697762107824,0.6723243858162803,0.1219512195121951,0.2753623188405797,0.1310377687082556,56,3.921600400004536,1.2540637999827595,ca-GrQc,-0.026859165654902428,ca-GrQc rf
0.5291592678804862,0.7036891680009046,0.2439024390243902,0.4492753623188406,0.121693110504748,1,node+edge+subgraph+dynamic,62,2.342798600000606,1.2540637999827595,spread_resid,ca-GrQc,9,0.4979256260361251,0.67236089496349,0.048780487804878,0.2898550724637681,0.1308525061913703,56,4.097443999984535,1.2540637999827595,ca-GrQc,-0.03123364184436106,ca-GrQc rf
0.9186074125546108,0.986303430872148,0.7073170731707317,0.7584541062801933,11026.36507997549,1,node+edge+subgraph,62,2.007034599999315,1.2540637999827595,betweenness,ca-GrQc,0,0.9188278934010248,0.9868079358812364,0.6829268292682927,0.7536231884057971,11025.995864101107,56,3.255741600005422,1.2540637999827595,ca-GrQc,0.00022048084641401733,ca-GrQc rf
0.9163919413751233,0.9857573795374824,0.6829268292682927,0.7439613526570048,11186.645517662775,1,node+edge+subgraph,62,2.076846500000101,1.2540637999827595,betweenness,ca-GrQc,1,0.9174999902664956,0.9865981605060284,0.6829268292682927,0.7391304347826086,11141.590995509596,56,3.519314100005431,1.2540637999827595,ca-GrQc,0.001108048891372393,ca-GrQc rf
0.9175580695684848,0.9860993020558898,0.6585365853658537,0.7246376811594203,11562.68902359158,1,node+edge+subgraph,62,2.1000944999996136,1.2540637999827595,betweenness,ca-GrQc,2,0.9175798981138478,0.9864551023793734,0.6585365853658537,0.7246376811594203,11600.215360659317,56,3.3964088000066117,1.2540637999827595,ca-GrQc,2.1828545362923002e-05,ca-GrQc rf
0.9182415326240428,0.9862272444716192,0.7073170731707317,0.748792270531401,11036.887492264064,1,node+edge+subgraph,62,1.9855004999990344,1.2540637999827595,betweenness,ca-GrQc,3,0.918534745190161,0.9867812282696684,0.7073170731707317,0.7584541062801933,11064.425211037746,56,3.3647770000097807,1.2540637999827595,ca-GrQc,0.0002932125661181395,ca-GrQc rf
0.9177213086073348,0.9859352817583136,0.6829268292682927,0.7439613526570048,10971.405813127556,1,node+edge+subgraph,62,1.961206600000878,1.2540637999827595,betweenness,ca-GrQc,4,0.9173059970612464,0.98604861567441,0.6829268292682927,0.748792270531401,11012.992859381824,56,3.242247000016505,1.2540637999827595,ca-GrQc,-0.000415311546088426,ca-GrQc rf
0.91826243668624,0.9863685772738244,0.7317073170731707,0.748792270531401,11052.912936954475,1,node+edge+subgraph,62,1.9775236000004952,1.2540637999827595,betweenness,ca-GrQc,5,0.9185664709842156,0.9868042283803388,0.7073170731707317,0.7439613526570048,11061.239045848495,56,3.1006984999985434,1.2540637999827595,ca-GrQc,0.00030403429797565273,ca-GrQc rf
0.9188044925158632,0.9864812928297482,0.6829268292682927,0.7536231884057971,11292.35186065784,1,node+edge+subgraph,62,1.9964029999991908,1.2540637999827595,betweenness,ca-GrQc,6,0.919101992169582,0.986969695224695,0.6829268292682927,0.748792270531401,11295.367674312036,56,3.2655368999985512,1.2540637999827595,ca-GrQc,0.0002974996537188357,ca-GrQc rf
0.9175887484386052,0.9860665529693232,0.7073170731707317,0.7391304347826086,11124.5665110147,1,node+edge+subgraph,62,1.9797725999997056,1.2540637999827595,betweenness,ca-GrQc,7,0.9178250406163312,0.9866086943844103,0.6829268292682927,0.7342995169082126,11113.925373127366,56,2.942378400010057,1.2540637999827595,ca-GrQc,0.0002362921777260274,ca-GrQc rf
0.9191405699451248,0.986887213557649,0.7317073170731707,0.7439613526570048,11258.492997888452,1,node+edge+subgraph,62,1.967202099998758,1.2540637999827595,betweenness,ca-GrQc,8,0.9186674362165403,0.9868960194042466,0.7317073170731707,0.7536231884057971,11231.522320719834,56,2.9822705000115093,1.2540637999827595,ca-GrQc,-0.000473133728584485,ca-GrQc rf
0.918335934822769,0.9860708240337612,0.7073170731707317,0.7439613526570048,11113.787481439986,1,node+edge+subgraph,62,2.472741900000983,1.2540637999827595,betweenness,ca-GrQc,9,0.918736584975985,0.9866549611949148,0.7317073170731707,0.7342995169082126,11125.970674135277,56,2.7931787999987137,1.2540637999827595,ca-GrQc,0.00040065015321599784,ca-GrQc rf
0.9186074125546108,0.986303430872148,0.7073170731707317,0.7584541062801933,11026.36507997549,1,node+edge+subgraph+dynamic,62,2.216454299999896,1.2540637999827595,betweenness,ca-GrQc,0,0.9188278934010248,0.9868079358812364,0.6829268292682927,0.7536231884057971,11025.995864101107,56,2.869145499978913,1.2540637999827595,ca-GrQc,0.00022048084641401733,ca-GrQc rf
0.9163919413751233,0.9857573795374824,0.6829268292682927,0.7439613526570048,11186.645517662775,1,node+edge+subgraph+dynamic,62,2.2303578999999445,1.2540637999827595,betweenness,ca-GrQc,1,0.9174999902664956,0.9865981605060284,0.6829268292682927,0.7391304347826086,11141.590995509596,56,2.349749899993185,1.2540637999827595,ca-GrQc,0.001108048891372393,ca-GrQc rf
0.9175580695684848,0.9860993020558898,0.6585365853658537,0.7246376811594203,11562.68902359158,1,node+edge+subgraph+dynamic,62,2.2405686999991303,1.2540637999827595,betweenness,ca-GrQc,2,0.9175798981138478,0.9864551023793734,0.6585365853658537,0.7246376811594203,11600.215360659317,56,2.129720200027805,1.2540637999827595,ca-GrQc,2.1828545362923002e-05,ca-GrQc rf
0.9182415326240428,0.9862272444716192,0.7073170731707317,0.748792270531401,11036.887492264064,1,node+edge+subgraph+dynamic,62,2.2917653000004066,1.2540637999827595,betweenness,ca-GrQc,3,0.918534745190161,0.9867812282696684,0.7073170731707317,0.7584541062801933,11064.425211037747,56,2.070423099998152,1.2540637999827595,ca-GrQc,0.0002932125661181395,ca-GrQc rf
0.9177213086073348,0.9859352817583136,0.6829268292682927,0.7439613526570048,10971.405813127556,1,node+edge+subgraph+dynamic,62,2.182806199998595,1.2540637999827595,betweenness,ca-GrQc,4,0.9173059970612464,0.98604861567441,0.6829268292682927,0.748792270531401,11012.992859381824,56,2.122085100010736,1.2540637999827595,ca-GrQc,-0.000415311546088426,ca-GrQc rf
0.91826243668624,0.9863685772738244,0.7317073170731707,0.748792270531401,11052.91293695448,1,node+edge+subgraph+dynamic,62,2.2949254999984987,1.2540637999827595,betweenness,ca-GrQc,5,0.9185664709842156,0.9868042283803388,0.7073170731707317,0.7439613526570048,11061.239045848495,56,2.0548566999787,1.2540637999827595,ca-GrQc,0.00030403429797565273,ca-GrQc rf
0.9188044925158632,0.9864812928297482,0.6829268292682927,0.7536231884057971,11292.35186065784,1,node+edge+subgraph+dynamic,62,2.2746752000002743,1.2540637999827595,betweenness,ca-GrQc,6,0.919101992169582,0.986969695224695,0.6829268292682927,0.748792270531401,11295.367674312036,56,1.8965418000007048,1.2540637999827595,ca-GrQc,0.0002974996537188357,ca-GrQc rf
0.9175887484386052,0.9860665529693232,0.7073170731707317,0.7391304347826086,11124.5665110147,1,node+edge+subgraph+dynamic,62,2.170598299999256,1.2540637999827595,betweenness,ca-GrQc,7,0.9178250406163312,0.9866086943844103,0.6829268292682927,0.7342995169082126,11113.925373127366,56,2.0014446999994107,1.2540637999827595,ca-GrQc,0.0002362921777260274,ca-GrQc rf
0.9191405699451248,0.986887213557649,0.7317073170731707,0.7439613526570048,11258.492997888452,1,node+edge+subgraph+dynamic,62,2.2142504999992525,1.2540637999827595,betweenness,ca-GrQc,8,0.9186674362165403,0.9868960194042466,0.7317073170731707,0.7536231884057971,11231.522320719834,56,2.1817993000149727,1.2540637999827595,ca-GrQc,-0.000473133728584485,ca-GrQc rf
0.918335934822769,0.9860708240337612,0.7073170731707317,0.7439613526570048,11113.787481439986,1,node+edge+subgraph+dynamic,62,2.406070600000021,1.2540637999827595,betweenness,ca-GrQc,9,0.918736584975985,0.9866549611949148,0.7317073170731707,0.7342995169082126,11125.970674135277,56,2.041191800002707,1.2540637999827595,ca-GrQc,0.00040065015321599784,ca-GrQc rf
0.92158934073194,0.9882271914071216,0.926829268292683,0.9710144927536232,0.1296415972257951,1,node+edge+subgraph,62,1.2608534000028158,1.2540637999827595,spread_mean,ca-GrQc,0,0.9086739739384556,0.9836664315145632,0.926829268292683,0.961352657004831,0.1625241316531838,56,7.289304299978539,1.2540637999827595,ca-GrQc,-0.012915366793484373,ca-GrQc hgb
0.9209268359905284,0.988060748717756,0.926829268292683,0.961352657004831,0.3129830312446908,1,node+edge+subgraph,62,1.1525350999945658,1.2540637999827595,spread_mean,ca-GrQc,1,0.9113245210564154,0.9848102682141427,0.926829268292683,0.9565217391304348,0.308558801054064,56,1.4796424000232946,1.2540637999827595,ca-GrQc,-0.00960231493411301,ca-GrQc hgb
0.9206071561212488,0.9880959818303868,0.926829268292683,0.966183574879227,0.322290369092725,1,node+edge+subgraph,62,1.1844834000003177,1.2540637999827595,spread_mean,ca-GrQc,2,0.9104177915561668,0.9842114792549068,0.926829268292683,0.961352657004831,0.3502895470970339,56,1.3900263999821618,1.2540637999827595,ca-GrQc,-0.010189364565082015,ca-GrQc hgb
0.9213578707819592,0.9878886654686186,0.926829268292683,0.966183574879227,0.12078298941932,1,node+edge+subgraph,62,1.1940844999990077,1.2540637999827595,spread_mean,ca-GrQc,3,0.9107437187677976,0.9843148881689072,0.926829268292683,0.961352657004831,0.1477427960392958,56,1.4013839999970514,1.2540637999827595,ca-GrQc,-0.010614152014161604,ca-GrQc hgb
0.922770794036793,0.98870261998223,0.951219512195122,0.9758454106280192,0.1261979149332676,1,node+edge+subgraph,62,1.1573200999991968,1.2540637999827595,spread_mean,ca-GrQc,4,0.912051936288266,0.9845084649723814,0.926829268292683,0.9565217391304348,0.1634108205947911,56,1.447550000011688,1.2540637999827595,ca-GrQc,-0.010718857748526989,ca-GrQc hgb
0.9209605747203344,0.9878653337009008,0.926829268292683,0.966183574879227,0.1500223561791317,1,node+edge+subgraph,62,1.1374789999972563,1.2540637999827595,spread_mean,ca-GrQc,5,0.910888327852926,0.9845383572085222,0.926829268292683,0.9565217391304348,0.1754120032293255,56,1.3757195999787657,1.2540637999827595,ca-GrQc,-0.010072246867408485,ca-GrQc hgb
0.9212188141544476,0.9881794037774744,0.926829268292683,0.9710144927536232,0.145260603407736,1,node+edge+subgraph,62,1.133967499998107,1.2540637999827595,spread_mean,ca-GrQc,6,0.9104000832412537,0.9845611735399205,0.926829268292683,0.9565217391304348,0.1591926898268478,56,1.4614210999861823,1.2540637999827595,ca-GrQc,-0.010818730913193964,ca-GrQc hgb
0.9205866251901244,0.9875984664790736,0.926829268292683,0.9710144927536232,0.1294225122521605,1,node+edge+subgraph,62,1.1516504999963215,1.2540637999827595,spread_mean,ca-GrQc,7,0.9107952202118608,0.984510362747574,0.902439024390244,0.9516908212560388,0.1643349112878485,56,1.4417151999950877,1.2540637999827595,ca-GrQc,-0.009791404978263585,ca-GrQc hgb
0.9213651538255891,0.9880125855785435,0.926829268292683,0.9710144927536232,0.3125634497406157,1,node+edge+subgraph,62,1.1103670000011334,1.2540637999827595,spread_mean,ca-GrQc,8,0.9116327370100272,0.9847614161254252,0.926829268292683,0.9565217391304348,0.3002273075829093,56,1.409613099996932,1.2540637999827595,ca-GrQc,-0.009732416815561917,ca-GrQc hgb
0.9220094785083008,0.9883353194725368,0.926829268292683,0.9565217391304348,0.1300575657644173,1,node+edge+subgraph,62,1.1201255999985733,1.2540637999827595,spread_mean,ca-GrQc,9,0.9105914618445126,0.9841857124174388,0.902439024390244,0.9565217391304348,0.1619491930458481,56,1.3839914000127465,1.2540637999827595,ca-GrQc,-0.011418016663788277,ca-GrQc hgb
0.92158934073194,0.9882271914071216,0.926829268292683,0.9710144927536232,0.1296415972257951,1,node+edge+subgraph+dynamic,62,1.0768208999943454,1.2540637999827595,spread_mean,ca-GrQc,0,0.9086739739384556,0.9836664315145632,0.926829268292683,0.961352657004831,0.1625241316531838,56,1.413581000000704,1.2540637999827595,ca-GrQc,-0.012915366793484373,ca-GrQc hgb
0.9209268359905284,0.988060748717756,0.926829268292683,0.961352657004831,0.3129830312446908,1,node+edge+subgraph+dynamic,62,1.1320042000006652,1.2540637999827595,spread_mean,ca-GrQc,1,0.9113245210564154,0.9848102682141427,0.926829268292683,0.9565217391304348,0.308558801054064,56,1.4253308000043037,1.2540637999827595,ca-GrQc,-0.00960231493411301,ca-GrQc hgb
0.9206071561212488,0.9880959818303868,0.926829268292683,0.966183574879227,0.322290369092725,1,node+edge+subgraph+dynamic,62,1.1375267000039455,1.2540637999827595,spread_mean,ca-GrQc,2,0.9104177915561668,0.9842114792549068,0.926829268292683,0.961352657004831,0.3502895470970339,56,1.4054164999979548,1.2540637999827595,ca-GrQc,-0.010189364565082015,ca-GrQc hgb
0.9213578707819592,0.9878886654686186,0.926829268292683,0.966183574879227,0.12078298941932,1,node+edge+subgraph+dynamic,62,1.1607294999994338,1.2540637999827595,spread_mean,ca-GrQc,3,0.9107437187677976,0.9843148881689072,0.926829268292683,0.961352657004831,0.1477427960392958,56,1.4542358000180684,1.2540637999827595,ca-GrQc,-0.010614152014161604,ca-GrQc hgb
0.922770794036793,0.98870261998223,0.951219512195122,0.9758454106280192,0.1261979149332676,1,node+edge+subgraph+dynamic,62,1.12350719999813,1.2540637999827595,spread_mean,ca-GrQc,4,0.912051936288266,0.9845084649723814,0.926829268292683,0.9565217391304348,0.1634108205947911,56,1.4297999999835156,1.2540637999827595,ca-GrQc,-0.010718857748526989,ca-GrQc hgb
0.9209605747203344,0.9878653337009008,0.926829268292683,0.966183574879227,0.1500223561791317,1,node+edge+subgraph+dynamic,62,1.163180100003956,1.2540637999827595,spread_mean,ca-GrQc,5,0.910888327852926,0.9845383572085222,0.926829268292683,0.9565217391304348,0.1754120032293255,56,1.4902637999912258,1.2540637999827595,ca-GrQc,-0.010072246867408485,ca-GrQc hgb
0.9212188141544476,0.9881794037774744,0.926829268292683,0.9710144927536232,0.145260603407736,1,node+edge+subgraph+dynamic,62,1.1430431999979191,1.2540637999827595,spread_mean,ca-GrQc,6,0.9104000832412537,0.9845611735399205,0.926829268292683,0.9565217391304348,0.1591926898268478,56,1.455849699996179,1.2540637999827595,ca-GrQc,-0.010818730913193964,ca-GrQc hgb
0.9205866251901244,0.9875984664790736,0.926829268292683,0.9710144927536232,0.1294225122521605,1,node+edge+subgraph+dynamic,62,1.1828323000008822,1.2540637999827595,spread_mean,ca-GrQc,7,0.9107952202118608,0.984510362747574,0.902439024390244,0.9516908212560388,0.1643349112878485,56,1.4175555999972858,1.2540637999827595,ca-GrQc,-0.009791404978263585,ca-GrQc hgb
0.9213651538255891,0.9880125855785435,0.926829268292683,0.9710144927536232,0.3125634497406157,1,node+edge+subgraph+dynamic,62,1.159153000000515,1.2540637999827595,spread_mean,ca-GrQc,8,0.9116327370100272,0.9847614161254252,0.926829268292683,0.9565217391304348,0.3002273075829093,56,1.4460436000081245,1.2540637999827595,ca-GrQc,-0.009732416815561917,ca-GrQc hgb
0.9220094785083008,0.9883353194725368,0.926829268292683,0.9565217391304348,0.1300575657644173,1,node+edge+subgraph+dynamic,62,1.1538673999966704,1.2540637999827595,spread_mean,ca-GrQc,9,0.9105914618445126,0.9841857124174388,0.902439024390244,0.9565217391304348,0.1619491930458481,56,1.423559099988779,1.2540637999827595,ca-GrQc,-0.011418016663788277,ca-GrQc hgb
0.7134376216164802,0.8659784333780169,0.8048780487804879,0.855072463768116,0.2697193990800662,1,node+edge+subgraph,62,1.145465499997954,1.2540637999827595,spread_cv,ca-GrQc,0,0.6738411315774403,0.8359864708647394,0.7317073170731707,0.8019323671497585,0.3232278481917617,56,1.4430834999948274,1.2540637999827595,ca-GrQc,-0.03959649003903987,ca-GrQc hgb
0.7108576474064752,0.863204972774328,0.7317073170731707,0.8454106280193237,0.274973569350488,1,node+edge+subgraph,62,1.117602899998019,1.2540637999827595,spread_cv,ca-GrQc,1,0.6771067229157894,0.8381208618822518,0.7317073170731707,0.8164251207729468,0.3210054326274097,56,1.5081398999900557,1.2540637999827595,ca-GrQc,-0.03375092449068573,ca-GrQc hgb
0.7091988062340451,0.8614231712478722,0.8292682926829268,0.8357487922705314,0.2717264512582378,1,node+edge+subgraph,62,1.1834240000025602,1.2540637999827595,spread_cv,ca-GrQc,2,0.6751341148006756,0.8360305395000195,0.7073170731707317,0.8067632850241546,0.3254283899142454,56,1.4551049000001512,1.2540637999827595,ca-GrQc,-0.03406469143336943,ca-GrQc hgb
0.7063258772859761,0.8595494373577139,0.7317073170731707,0.8599033816425121,0.2743054104190872,1,node+edge+subgraph,62,1.1364221000039834,1.2540637999827595,spread_cv,ca-GrQc,3,0.6698813996432567,0.8315524377598172,0.7317073170731707,0.7971014492753623,0.3273646797906772,56,1.4054481999773998,1.2540637999827595,ca-GrQc,-0.03644447764271941,ca-GrQc hgb
0.7131606518825532,0.8646753720347834,0.8048780487804879,0.8357487922705314,0.2692829108297698,1,node+edge+subgraph,62,1.1153296999982558,1.2540637999827595,spread_cv,ca-GrQc,4,0.6773821977515238,0.839198776564796,0.6829268292682927,0.8115942028985508,0.3199268613625669,56,1.491346700000577,1.2540637999827595,ca-GrQc,-0.035778454131029425,ca-GrQc hgb
0.7101284812463875,0.8620980869608997,0.7560975609756098,0.8599033816425121,0.2728511359957821,1,node+edge+subgraph,62,1.17963040000177,1.2540637999827595,spread_cv,ca-GrQc,5,0.6732187400533455,0.8355044726953705,0.7073170731707317,0.8115942028985508,0.3232877204106008,56,1.4601631999830715,1.2540637999827595,ca-GrQc,-0.03690974119304202,ca-GrQc hgb
0.7109027195240599,0.8627662396251962,0.7560975609756098,0.855072463768116,0.2697840768081729,1,node+edge+subgraph,62,1.3386648000014247,1.2540637999827595,spread_cv,ca-GrQc,6,0.6735307375038742,0.8361439824517726,0.7560975609756098,0.7971014492753623,0.3245207904733357,56,1.3914716000144836,1.2540637999827595,ca-GrQc,-0.03737198202018577,ca-GrQc hgb
0.710176250907033,0.8633478820085997,0.7560975609756098,0.855072463768116,0.2705754775072753,1,node+edge+subgraph,62,1.3416445000038948,1.2540637999827595,spread_cv,ca-GrQc,7,0.6746934942522311,0.836113853120179,0.7560975609756098,0.8115942028985508,0.3213579820686016,56,1.6457202000019606,1.2540637999827595,ca-GrQc,-0.03548275665480183,ca-GrQc hgb
0.7091762274553587,0.8614762710894088,0.7317073170731707,0.8502415458937198,0.2720060989381919,1,node+edge+subgraph,62,1.2132606000013766,1.2540637999827595,spread_cv,ca-GrQc,8,0.6754695122318103,0.8370997057274403,0.7560975609756098,0.8019323671497585,0.3200996637410516,56,2.1572497000161093,1.2540637999827595,ca-GrQc,-0.0337067152235484,ca-GrQc hgb
0.7104035717005287,0.8633577461519807,0.7560975609756098,0.8647342995169082,0.2683751948375695,1,node+edge+subgraph,62,1.237554800005455,1.2540637999827595,spread_cv,ca-GrQc,9,0.6732902925145134,0.835594141993516,0.7073170731707317,0.821256038647343,0.3232451421997419,56,2.571722699998645,1.2540637999827595,ca-GrQc,-0.03711327918601526,ca-GrQc hgb
0.7134376216164802,0.8659784333780169,0.8048780487804879,0.855072463768116,0.2697193990800662,1,node+edge+subgraph+dynamic,62,1.2092109999939566,1.2540637999827595,spread_cv,ca-GrQc,0,0.6738411315774403,0.8359864708647394,0.7317073170731707,0.8019323671497585,0.3232278481917617,56,1.493514400004642,1.2540637999827595,ca-GrQc,-0.03959649003903987,ca-GrQc hgb
0.7108576474064752,0.863204972774328,0.7317073170731707,0.8454106280193237,0.274973569350488,1,node+edge+subgraph+dynamic,62,1.152040599998145,1.2540637999827595,spread_cv,ca-GrQc,1,0.6771067229157894,0.8381208618822518,0.7317073170731707,0.8164251207729468,0.3210054326274097,56,1.5191980999952648,1.2540637999827595,ca-GrQc,-0.03375092449068573,ca-GrQc hgb
0.7091988062340451,0.8614231712478722,0.8292682926829268,0.8357487922705314,0.2717264512582378,1,node+edge+subgraph+dynamic,62,1.1646767999991423,1.2540637999827595,spread_cv,ca-GrQc,2,0.6751341148006756,0.8360305395000195,0.7073170731707317,0.8067632850241546,0.3254283899142454,56,1.5333326999971175,1.2540637999827595,ca-GrQc,-0.03406469143336943,ca-GrQc hgb
0.7063258772859761,0.8595494373577139,0.7317073170731707,0.8599033816425121,0.2743054104190872,1,node+edge+subgraph+dynamic,62,1.1897241000042411,1.2540637999827595,spread_cv,ca-GrQc,3,0.6698813996432567,0.8315524377598172,0.7317073170731707,0.7971014492753623,0.3273646797906772,56,1.449484599987045,1.2540637999827595,ca-GrQc,-0.03644447764271941,ca-GrQc hgb
0.7131606518825532,0.8646753720347834,0.8048780487804879,0.8357487922705314,0.2692829108297698,1,node+edge+subgraph+dynamic,62,1.1944711999967694,1.2540637999827595,spread_cv,ca-GrQc,4,0.6773821977515238,0.839198776564796,0.6829268292682927,0.8115942028985508,0.3199268613625669,56,1.543374600005336,1.2540637999827595,ca-GrQc,-0.035778454131029425,ca-GrQc hgb
0.7101284812463875,0.8620980869608997,0.7560975609756098,0.8599033816425121,0.2728511359957821,1,node+edge+subgraph+dynamic,62,1.1827011999994284,1.2540637999827595,spread_cv,ca-GrQc,5,0.6732187400533455,0.8355044726953705,0.7073170731707317,0.8115942028985508,0.3232877204106008,56,1.5064300000085495,1.2540637999827595,ca-GrQc,-0.03690974119304202,ca-GrQc hgb
0.7109027195240599,0.8627662396251962,0.7560975609756098,0.855072463768116,0.2697840768081729,1,node+edge+subgraph+dynamic,62,1.1922985000055633,1.2540637999827595,spread_cv,ca-GrQc,6,0.6735307375038742,0.8361439824517726,0.7560975609756098,0.7971014492753623,0.3245207904733357,56,1.4738318000163415,1.2540637999827595,ca-GrQc,-0.03737198202018577,ca-GrQc hgb
0.710176250907033,0.8633478820085997,0.7560975609756098,0.855072463768116,0.2705754775072753,1,node+edge+subgraph+dynamic,62,1.2017408000028809,1.2540637999827595,spread_cv,ca-GrQc,7,0.6746934942522311,0.836113853120179,0.7560975609756098,0.8115942028985508,0.3213579820686016,56,1.5043837999983225,1.2540637999827595,ca-GrQc,-0.03548275665480183,ca-GrQc hgb
0.7091762274553587,0.8614762710894088,0.7317073170731707,0.8502415458937198,0.2720060989381919,1,node+edge+subgraph+dynamic,62,1.1856410000036703,1.2540637999827595,spread_cv,ca-GrQc,8,0.6754695122318103,0.8370997057274403,0.7560975609756098,0.8019323671497585,0.3200996637410516,56,1.4383573999803048,1.2540637999827595,ca-GrQc,-0.0337067152235484,ca-GrQc hgb
0.7104035717005287,0.8633577461519807,0.7560975609756098,0.8647342995169082,0.2683751948375695,1,node+edge+subgraph+dynamic,62,1.1765091999986907,1.2540637999827595,spread_cv,ca-GrQc,9,0.6732902925145134,0.835594141993516,0.7073170731707317,0.821256038647343,0.3232451421997419,56,1.4941803999827243,1.2540637999827595,ca-GrQc,-0.03711327918601526,ca-GrQc hgb
0.7390103482328583,0.8778990655944077,0.7560975609756098,0.7681159420289855,11425.34060069282,1,node+edge+subgraph,62,1.1061868999968285,1.2540637999827595,betweenness,ca-GrQc,0,0.7366623083650106,0.8754241168741775,0.7317073170731707,0.7584541062801933,11583.32947117826,56,1.3916801000013947,1.2540637999827595,ca-GrQc,-0.0023480398678477066,ca-GrQc hgb
0.7361580391632034,0.8755084554373141,0.7073170731707317,0.748792270531401,11793.147811274512,1,node+edge+subgraph,62,1.1303920999998809,1.2540637999827595,betweenness,ca-GrQc,1,0.7363632430624477,0.8761051218478623,0.6829268292682927,0.7342995169082126,12014.670998051695,56,1.337629800022114,1.2540637999827595,ca-GrQc,0.0002052038992442773,ca-GrQc hgb
0.7354146947010932,0.8745467394889732,0.7560975609756098,0.7439613526570048,11686.482728422296,1,node+edge+subgraph,62,1.1081266999972286,1.2540637999827595,betweenness,ca-GrQc,2,0.739619997735677,0.8789759224236519,0.7560975609756098,0.7391304347826086,11846.539589560543,56,1.4043197999999393,1.2540637999827595,ca-GrQc,0.004205303034583774,ca-GrQc hgb
0.7406087872121413,0.8797272246073291,0.6829268292682927,0.7536231884057971,11563.772406805245,1,node+edge+subgraph,62,1.069628900004318,1.2540637999827595,betweenness,ca-GrQc,3,0.7341367136453358,0.873498299059413,0.6829268292682927,0.7391304347826086,11732.22679140103,56,1.4172677000169642,1.2540637999827595,ca-GrQc,-0.0064720735668054585,ca-GrQc hgb
0.7393361055994154,0.8762661053712533,0.7317073170731707,0.7632850241545893,11461.883204750418,1,node+edge+subgraph,62,1.146463599994604,1.2540637999827595,betweenness,ca-GrQc,4,0.7311949904872804,0.8704898383849471,0.6829268292682927,0.7294685990338164,11662.846832202704,56,1.4291377000045031,1.2540637999827595,ca-GrQc,-0.008141115112135,ca-GrQc hgb
0.7439516758082604,0.8817370216683745,0.7317073170731707,0.7439613526570048,11478.481989182475,1,node+edge+subgraph,62,1.113231800001813,1.2540637999827595,betweenness,ca-GrQc,5,0.7386683527177033,0.8765596713516584,0.7073170731707317,0.7342995169082126,11761.285349067746,56,1.3749626000062565,1.2540637999827595,ca-GrQc,-0.005283323090557124,ca-GrQc hgb
0.7341945503998172,0.8734113325890173,0.6829268292682927,0.7632850241545893,11740.600208379288,1,node+edge+subgraph,62,1.242900400000508,1.2540637999827595,betweenness,ca-GrQc,6,0.7401222260174054,0.8780374896510678,0.6829268292682927,0.7584541062801933,11857.607812440769,56,1.4158920000190849,1.2540637999827595,ca-GrQc,0.005927675617588224,ca-GrQc hgb
0.7280879589848213,0.8684672892739491,0.7560975609756098,0.7632850241545893,11441.31927016082,1,node+edge+subgraph,62,1.2296142999985022,1.2540637999827595,betweenness,ca-GrQc,7,0.7358319978824347,0.8756213892756481,0.7317073170731707,0.748792270531401,11584.331543455732,56,1.384047500003362,1.2540637999827595,ca-GrQc,0.007744038897613437,ca-GrQc hgb
0.7403244052073779,0.8787885150596326,0.7317073170731707,0.7584541062801933,11776.453497978946,1,node+edge+subgraph,62,1.1609903999997186,1.2540637999827595,betweenness,ca-GrQc,8,0.7399451285177072,0.8785555510555648,0.7317073170731707,0.7439613526570048,11815.518718756555,56,1.3999438999744598,1.2540637999827595,ca-GrQc,-0.0003792766896706379,ca-GrQc hgb
0.7358736124619061,0.874682019484249,0.7073170731707317,0.7536231884057971,11703.53455367976,1,node+edge+subgraph,62,1.125642400002107,1.2540637999827595,betweenness,ca-GrQc,9,0.7391759666995701,0.8783459102612097,0.6585365853658537,0.7342995169082126,12034.067932730151,56,1.3681373999861537,1.2540637999827595,ca-GrQc,0.003302354237664007,ca-GrQc hgb
0.7390103482328583,0.8778990655944077,0.7560975609756098,0.7681159420289855,11425.34060069282,1,node+edge+subgraph+dynamic,62,1.177357099993969,1.2540637999827595,betweenness,ca-GrQc,0,0.7366623083650106,0.8754241168741775,0.7317073170731707,0.7584541062801933,11583.32947117826,56,1.4417752000153996,1.2540637999827595,ca-GrQc,-0.0023480398678477066,ca-GrQc hgb
0.7361580391632034,0.8755084554373141,0.7073170731707317,0.748792270531401,11793.147811274512,1,node+edge+subgraph+dynamic,62,1.1677435999954469,1.2540637999827595,betweenness,ca-GrQc,1,0.7363632430624477,0.8761051218478623,0.6829268292682927,0.7342995169082126,12014.670998051695,56,1.375717999995686,1.2540637999827595,ca-GrQc,0.0002052038992442773,ca-GrQc hgb
0.7354146947010932,0.8745467394889732,0.7560975609756098,0.7439613526570048,11686.482728422296,1,node+edge+subgraph+dynamic,62,1.1644001999957254,1.2540637999827595,betweenness,ca-GrQc,2,0.739619997735677,0.8789759224236519,0.7560975609756098,0.7391304347826086,11846.539589560543,56,1.380983600014588,1.2540637999827595,ca-GrQc,0.004205303034583774,ca-GrQc hgb
0.7406087872121413,0.8797272246073291,0.6829268292682927,0.7536231884057971,11563.772406805245,1,node+edge+subgraph+dynamic,62,1.099717499993858,1.2540637999827595,betweenness,ca-GrQc,3,0.7341367136453358,0.873498299059413,0.6829268292682927,0.7391304347826086,11732.22679140103,56,1.3843857999891045,1.2540637999827595,ca-GrQc,-0.0064720735668054585,ca-GrQc hgb
0.7393361055994154,0.8762661053712533,0.7317073170731707,0.7632850241545893,11461.883204750418,1,node+edge+subgraph+dynamic,62,1.111731699995289,1.2540637999827595,betweenness,ca-GrQc,4,0.7311949904872804,0.8704898383849471,0.6829268292682927,0.7294685990338164,11662.846832202704,56,1.4094365000200924,1.2540637999827595,ca-GrQc,-0.008141115112135,ca-GrQc hgb
0.7439516758082604,0.8817370216683745,0.7317073170731707,0.7439613526570048,11478.481989182475,1,node+edge+subgraph+dynamic,62,1.1070716000031098,1.2540637999827595,betweenness,ca-GrQc,5,0.7386683527177033,0.8765596713516584,0.7073170731707317,0.7342995169082126,11761.285349067746,56,1.373144199984381,1.2540637999827595,ca-GrQc,-0.005283323090557124,ca-GrQc hgb
0.7341945503998172,0.8734113325890173,0.6829268292682927,0.7632850241545893,11740.600208379288,1,node+edge+subgraph+dynamic,62,1.0970785999961663,1.2540637999827595,betweenness,ca-GrQc,6,0.7401222260174054,0.8780374896510678,0.6829268292682927,0.7584541062801933,11857.607812440769,56,1.4157445000018924,1.2540637999827595,ca-GrQc,0.005927675617588224,ca-GrQc hgb
0.7280879589848213,0.8684672892739491,0.7560975609756098,0.7632850241545893,11441.31927016082,1,node+edge+subgraph+dynamic,62,1.1059650000024703,1.2540637999827595,betweenness,ca-GrQc,7,0.7358319978824347,0.8756213892756481,0.7317073170731707,0.748792270531401,11584.331543455732,56,1.3931523999781348,1.2540637999827595,ca-GrQc,0.007744038897613437,ca-GrQc hgb
0.7403244052073779,0.8787885150596326,0.7317073170731707,0.7584541062801933,11776.453497978946,1,node+edge+subgraph+dynamic,62,1.099986799999897,1.2540637999827595,betweenness,ca-GrQc,8,0.7399451285177072,0.8785555510555648,0.7317073170731707,0.7439613526570048,11815.518718756555,56,1.3831807000096887,1.2540637999827595,ca-GrQc,-0.0003792766896706379,ca-GrQc hgb
0.7358736124619061,0.874682019484249,0.7073170731707317,0.7536231884057971,11703.53455367976,1,node+edge+subgraph+dynamic,62,1.0683615000016289,1.2540637999827595,betweenness,ca-GrQc,9,0.7391759666995701,0.8783459102612097,0.6585365853658537,0.7342995169082126,12034.067932730151,56,1.4168298000004145,1.2540637999827595,ca-GrQc,0.003302354237664007,ca-GrQc hgb
0.5423327967842511,0.7180593429738452,0.2195121951219512,0.4347826086956521,0.1192761090288524,1,node+edge+subgraph,62,1.1846278000011807,1.2540637999827595,spread_resid,ca-GrQc,0,0.5019657752915292,0.6761705126667762,0.073170731707317,0.2898550724637681,0.1297757289527151,56,1.6247594000014942,1.2540637999827595,ca-GrQc,-0.040367021492721866,ca-GrQc hgb
0.5410326835636378,0.7162020384019894,0.1707317073170731,0.4154589371980676,0.1204752626474923,1,node+edge+subgraph,62,1.211450300004799,1.2540637999827595,spread_resid,ca-GrQc,1,0.5102381773553654,0.6847201612086042,0.0975609756097561,0.2463768115942029,0.1291427235908505,56,1.5499858999974094,1.2540637999827595,ca-GrQc,-0.0307945062082724,ca-GrQc hgb
0.5318996213062774,0.7060603756323411,0.1707317073170731,0.4347826086956521,0.1213791509176896,1,node+edge+subgraph,62,1.185250199996517,1.2540637999827595,spread_resid,ca-GrQc,2,0.5069304099470641,0.6816659433195603,0.0975609756097561,0.2657004830917874,0.1298813974398514,56,1.4662534999952186,1.2540637999827595,ca-GrQc,-0.024969211359213372,ca-GrQc hgb
0.5391864451034334,0.7141810122631789,0.1219512195121951,0.4154589371980676,0.1205716908980356,1,node+edge+subgraph,62,1.2148758999974234,1.2540637999827595,spread_resid,ca-GrQc,3,0.4993187431230183,0.672150974134252,0.1219512195121951,0.2608695652173913,0.1308714660418602,56,1.5116932000091765,1.2540637999827595,ca-GrQc,-0.03986770198041506,ca-GrQc hgb
0.5437641382486371,0.718313597207129,0.2195121951219512,0.4202898550724637,0.1196499495707678,1,node+edge+subgraph,62,1.2130484999943292,1.2540637999827595,spread_resid,ca-GrQc,4,0.5044973221569272,0.6785551004103504,0.1219512195121951,0.2415458937198067,0.1293996613768814,56,1.5366596000094432,1.2540637999827595,ca-GrQc,-0.0392668160917099,ca-GrQc hgb
0.5422609557125099,0.7172704892647822,0.1463414634146341,0.4541062801932367,0.1200266906291983,1,node+edge+subgraph,62,1.2233937999990303,1.2540637999827595,spread_resid,ca-GrQc,5,0.5021893490820007,0.675948569794009,0.0975609756097561,0.2367149758454106,0.1302400161714737,56,1.5486319999909028,1.2540637999827595,ca-GrQc,-0.04007160663050913,ca-GrQc hgb
0.542562691208414,0.7174658238112752,0.1951219512195122,0.4444444444444444,0.1199565821415099,1,node+edge+subgraph,62,1.1285860999996655,1.2540637999827595,spread_resid,ca-GrQc,6,0.5062336690265086,0.6805224293721521,0.0975609756097561,0.2705314009661835,0.1299119999932607,56,1.550605500000529,1.2540637999827595,ca-GrQc,-0.03632902218190548,ca-GrQc hgb
0.5413731737078346,0.7157414074263847,0.1951219512195122,0.4541062801932367,0.1204131608475092,1,node+edge+subgraph,62,1.1478442000006908,1.2540637999827595,spread_resid,ca-GrQc,7,0.5059602387079483,0.6800923741568465,0.073170731707317,0.251207729468599,0.129372629189796,56,1.4930573999881744,1.2540637999827595,ca-GrQc,-0.03541293499988629,ca-GrQc hgb
0.5413593391719105,0.7160220144423598,0.1707317073170731,0.4396135265700483,0.1203203517905789,1,node+edge+subgraph,62,1.184290100005455,1.2540637999827595,spread_resid,ca-GrQc,8,0.5102650403529986,0.6847534143864458,0.1219512195121951,0.2560386473429952,0.1294329093998151,56,1.5142293000244536,1.2540637999827595,ca-GrQc,-0.031094298818911903,ca-GrQc hgb
0.541594301132088,0.7162300953784341,0.1219512195121951,0.4589371980676328,0.1195389780032471,1,node+edge+subgraph,62,1.178983400001016,1.2540637999827595,spread_resid,ca-GrQc,9,0.5045467261618081,0.6792207742430383,0.1219512195121951,0.2657004830917874,0.129657936920073,56,1.505350399995223,1.2540637999827595,ca-GrQc,-0.037047574970279884,ca-GrQc hgb
0.5423327967842511,0.7180593429738452,0.2195121951219512,0.4347826086956521,0.1192761090288524,1,node+edge+subgraph+dynamic,62,1.1877243999988425,1.2540637999827595,spread_resid,ca-GrQc,0,0.5019657752915292,0.6761705126667762,0.073170731707317,0.2898550724637681,0.1297757289527151,56,1.5656891000107862,1.2540637999827595,ca-GrQc,-0.040367021492721866,ca-GrQc hgb
0.5410326835636378,0.7162020384019894,0.1707317073170731,0.4154589371980676,0.1204752626474923,1,node+edge+subgraph+dynamic,62,1.179318599999533,1.2540637999827595,spread_resid,ca-GrQc,1,0.5102381773553654,0.6847201612086042,0.0975609756097561,0.2463768115942029,0.1291427235908505,56,1.5354387999977916,1.2540637999827595,ca-GrQc,-0.0307945062082724,ca-GrQc hgb
0.5318996213062774,0.7060603756323411,0.1707317073170731,0.4347826086956521,0.1213791509176896,1,node+edge+subgraph+dynamic,62,1.154296799999429,1.2540637999827595,spread_resid,ca-GrQc,2,0.5069304099470641,0.6816659433195603,0.0975609756097561,0.2657004830917874,0.1298813974398514,56,1.4782535999838728,1.2540637999827595,ca-GrQc,-0.024969211359213372,ca-GrQc hgb
0.5391864451034334,0.7141810122631789,0.1219512195121951,0.4154589371980676,0.1205716908980356,1,node+edge+subgraph+dynamic,62,1.1677322999967146,1.2540637999827595,spread_resid,ca-GrQc,3,0.4993187431230183,0.672150974134252,0.1219512195121951,0.2608695652173913,0.1308714660418602,56,1.5635807999933604,1.2540637999827595,ca-GrQc,-0.03986770198041506,ca-GrQc hgb
0.5437641382486371,0.718313597207129,0.2195121951219512,0.4202898550724637,0.1196499495707678,1,node+edge+subgraph+dynamic,62,1.2995364999951562,1.2540637999827595,spread_resid,ca-GrQc,4,0.5044973221569272,0.6785551004103504,0.1219512195121951,0.2415458937198067,0.1293996613768814,56,1.538667999993777,1.2540637999827595,ca-GrQc,-0.0392668160917099,ca-GrQc hgb
0.5422609557125099,0.7172704892647822,0.1463414634146341,0.4541062801932367,0.1200266906291983,1,node+edge+subgraph+dynamic,62,1.3484146999981022,1.2540637999827595,spread_resid,ca-GrQc,5,0.5021893490820007,0.675948569794009,0.0975609756097561,0.2367149758454106,0.1302400161714737,56,1.4606088000000454,1.2540637999827595,ca-GrQc,-0.04007160663050913,ca-GrQc hgb
0.542562691208414,0.7174658238112752,0.1951219512195122,0.4444444444444444,0.1199565821415099,1,node+edge+subgraph+dynamic,62,1.2256932000018423,1.2540637999827595,spread_resid,ca-GrQc,6,0.5062336690265086,0.6805224293721521,0.0975609756097561,0.2705314009661835,0.1299119999932607,56,1.4826153999892997,1.2540637999827595,ca-GrQc,-0.03632902218190548,ca-GrQc hgb
0.5413731737078346,0.7157414074263847,0.1951219512195122,0.4541062801932367,0.1204131608475092,1,node+edge+subgraph+dynamic,62,1.2145415999984834,1.2540637999827595,spread_resid,ca-GrQc,7,0.5059602387079483,0.6800923741568465,0.073170731707317,0.251207729468599,0.129372629189796,56,1.4505664999887813,1.2540637999827595,ca-GrQc,-0.03541293499988629,ca-GrQc hgb
0.5413593391719105,0.7160220144423598,0.1707317073170731,0.4396135265700483,0.1203203517905789,1,node+edge+subgraph+dynamic,62,1.158598599999095,1.2540637999827595,spread_resid,ca-GrQc,8,0.5102650403529986,0.6847534143864458,0.1219512195121951,0.2560386473429952,0.1294329093998151,56,1.4582852000021376,1.2540637999827595,ca-GrQc,-0.031094298818911903,ca-GrQc hgb
0.541594301132088,0.7162300953784341,0.1219512195121951,0.4589371980676328,0.1195389780032471,1,node+edge+subgraph+dynamic,62,1.2346618000010494,1.2540637999827595,spread_resid,ca-GrQc,9,0.5045467261618081,0.6792207742430383,0.1219512195121951,0.2657004830917874,0.129657936920073,56,1.427207600005204,1.2540637999827595,ca-GrQc,-0.037047574970279884,ca-GrQc hgb
0.9221674830819492,0.9886361033629854,0.926829268292683,0.9758454106280192,0.1377808767122796,1,node+edge+subgraph,62,1.3482838000054471,1.2540637999827595,spread_mean,ca-GrQc,0,0.9122026495460304,0.9846019056850682,0.926829268292683,0.9710144927536232,0.1951470365391543,56,6.194454300013604,1.2540637999827595,ca-GrQc,-0.009964833535918816,ca-GrQc hgb_matched
0.9218867893746672,0.9885860017377156,0.926829268292683,0.9710144927536232,0.3331182150701613,1,node+edge+subgraph,62,1.2467445000002044,1.2540637999827595,spread_mean,ca-GrQc,1,0.9130740077839558,0.985206976015634,0.926829268292683,0.9468599033816424,0.3862608314630842,56,1.73461590000079,1.2540637999827595,ca-GrQc,-0.008812781590711416,ca-GrQc hgb_matched
0.922686007016134,0.988884977939399,0.926829268292683,0.9710144927536232,0.3215398919280807,1,node+edge+subgraph,62,1.2983661000034772,1.2540637999827595,spread_mean,ca-GrQc,2,0.9124920826339876,0.9848530881540192,0.926829268292683,0.961352657004831,0.3507840702799948,56,1.6857347000041043,1.2540637999827595,ca-GrQc,-0.010193924382146391,ca-GrQc hgb_matched
0.92201597498398,0.9881243900100096,0.926829268292683,0.9806763285024156,0.1185486496318,1,node+edge+subgraph,62,1.2925305999960983,1.2540637999827595,spread_mean,ca-GrQc,3,0.9123452389192392,0.9847746168801066,0.926829268292683,0.966183574879227,0.1596406541890669,56,1.6624020999879576,1.2540637999827595,ca-GrQc,-0.009670736064740781,ca-GrQc hgb_matched
0.9225134650677704,0.988732742271115,0.926829268292683,0.9758454106280192,0.1383399968827596,1,node+edge+subgraph,62,1.3038512999992236,1.2540637999827595,spread_mean,ca-GrQc,4,0.9123788892383184,0.9848453952913052,0.926829268292683,0.966183574879227,0.1815079380341524,56,1.630551500013098,1.2540637999827595,ca-GrQc,-0.010134575829451986,ca-GrQc hgb_matched
0.9219673090105076,0.9881060296703134,0.926829268292683,0.9710144927536232,0.1262585858106605,1,node+edge+subgraph,62,1.2673532999979216,1.2540637999827595,spread_mean,ca-GrQc,5,0.9120119878522766,0.9848083301008548,0.926829268292683,0.961352657004831,0.1898916373789794,56,1.6612920000043232,1.2540637999827595,ca-GrQc,-0.009955321158231056,ca-GrQc hgb_matched
0.9226237220493122,0.9886404548332056,0.902439024390244,0.966183574879227,0.1308803020385916,1,node+edge+subgraph,62,1.2643791000009514,1.2540637999827595,spread_mean,ca-GrQc,6,0.9121315200168966,0.9849374590361634,0.926829268292683,0.9516908212560388,0.175974854933568,56,1.6206842999963555,1.2540637999827595,ca-GrQc,-0.010492202032415632,ca-GrQc hgb_matched
0.9221267597850432,0.9883174329462092,0.926829268292683,0.9758454106280192,0.159993347645061,1,node+edge+subgraph,62,1.3257144000017431,1.2540637999827595,spread_mean,ca-GrQc,7,0.9130865753670052,0.9849505843824844,0.926829268292683,0.961352657004831,0.1873889468941914,56,1.707129300019005,1.2540637999827595,ca-GrQc,-0.009040184418038,ca-GrQc hgb_matched
0.9222429932581098,0.9884724948358028,0.926829268292683,0.966183574879227,0.3177963837024425,1,node+edge+subgraph,62,1.2885509000043385,1.2540637999827595,spread_mean,ca-GrQc,8,0.9134526415003706,0.98514264759505,0.926829268292683,0.961352657004831,0.3597405179357965,56,1.6598991000209935,1.2540637999827595,ca-GrQc,-0.008790351757739123,ca-GrQc hgb_matched
0.9230086033141486,0.988825600584506,0.926829268292683,0.9710144927536232,0.1265623675601545,1,node+edge+subgraph,62,1.2724165999970865,1.2540637999827595,spread_mean,ca-GrQc,9,0.9136064497178892,0.9851859039089446,0.926829268292683,0.966183574879227,0.1673255887139539,56,1.6915589999989606,1.2540637999827595,ca-GrQc,-0.0094021535962594,ca-GrQc hgb_matched
0.9221674830819492,0.9886361033629854,0.926829268292683,0.9758454106280192,0.1377808767122796,1,node+edge+subgraph+dynamic,62,1.2663461999982246,1.2540637999827595,spread_mean,ca-GrQc,0,0.9122026495460304,0.9846019056850682,0.926829268292683,0.9710144927536232,0.1951470365391543,56,1.6798876999819186,1.2540637999827595,ca-GrQc,-0.009964833535918816,ca-GrQc hgb_matched
0.9218867893746672,0.9885860017377156,0.926829268292683,0.9710144927536232,0.3331182150701613,1,node+edge+subgraph+dynamic,62,1.2051535999999032,1.2540637999827595,spread_mean,ca-GrQc,1,0.9130740077839558,0.985206976015634,0.926829268292683,0.9468599033816424,0.3862608314630842,56,1.7424842999898829,1.2540637999827595,ca-GrQc,-0.008812781590711416,ca-GrQc hgb_matched
0.922686007016134,0.988884977939399,0.926829268292683,0.9710144927536232,0.3215398919280807,1,node+edge+subgraph+dynamic,62,1.1933218000049235,1.2540637999827595,spread_mean,ca-GrQc,2,0.9124920826339876,0.9848530881540192,0.926829268292683,0.961352657004831,0.3507840702799948,56,1.699925799999619,1.2540637999827595,ca-GrQc,-0.010193924382146391,ca-GrQc hgb_matched
0.92201597498398,0.9881243900100096,0.926829268292683,0.9806763285024156,0.1185486496318,1,node+edge+subgraph+dynamic,62,1.2127785999982734,1.2540637999827595,spread_mean,ca-GrQc,3,0.9123452389192392,0.9847746168801066,0.926829268292683,0.966183574879227,0.1596406541890669,56,1.7171281999908388,1.2540637999827595,ca-GrQc,-0.009670736064740781,ca-GrQc hgb_matched
0.9225134650677704,0.988732742271115,0.926829268292683,0.9758454106280192,0.1383399968827596,1,node+edge+subgraph+dynamic,62,1.232030200000736,1.2540637999827595,spread_mean,ca-GrQc,4,0.9123788892383184,0.9848453952913052,0.926829268292683,0.966183574879227,0.1815079380341524,56,1.7950088999932632,1.2540637999827595,ca-GrQc,-0.010134575829451986,ca-GrQc hgb_matched
0.9219673090105076,0.9881060296703134,0.926829268292683,0.9710144927536232,0.1262585858106605,1,node+edge+subgraph+dynamic,62,1.2496461999980966,1.2540637999827595,spread_mean,ca-GrQc,5,0.9120119878522766,0.9848083301008548,0.926829268292683,0.961352657004831,0.1898916373789794,56,1.7493521999858783,1.2540637999827595,ca-GrQc,-0.009955321158231056,ca-GrQc hgb_matched
0.9226237220493122,0.9886404548332056,0.902439024390244,0.966183574879227,0.1308803020385916,1,node+edge+subgraph+dynamic,62,1.305010999996739,1.2540637999827595,spread_mean,ca-GrQc,6,0.9121315200168966,0.9849374590361634,0.926829268292683,0.9516908212560388,0.175974854933568,56,1.7243129999842497,1.2540637999827595,ca-GrQc,-0.010492202032415632,ca-GrQc hgb_matched
0.9221267597850432,0.9883174329462092,0.926829268292683,0.9758454106280192,0.159993347645061,1,node+edge+subgraph+dynamic,62,1.3105993999997736,1.2540637999827595,spread_mean,ca-GrQc,7,0.9130865753670052,0.9849505843824844,0.926829268292683,0.961352657004831,0.1873889468941914,56,1.7078380000020843,1.2540637999827595,ca-GrQc,-0.009040184418038,ca-GrQc hgb_matched
0.9222429932581098,0.9884724948358028,0.926829268292683,0.966183574879227,0.3177963837024425,1,node+edge+subgraph+dynamic,62,1.2579191000040737,1.2540637999827595,spread_mean,ca-GrQc,8,0.9134526415003706,0.98514264759505,0.926829268292683,0.961352657004831,0.3597405179357965,56,1.701247599994531,1.2540637999827595,ca-GrQc,-0.008790351757739123,ca-GrQc hgb_matched
0.9230086033141486,0.988825600584506,0.926829268292683,0.9710144927536232,0.1265623675601545,1,node+edge+subgraph+dynamic,62,1.2763313999967068,1.2540637999827595,spread_mean,ca-GrQc,9,0.9136064497178892,0.9851859039089446,0.926829268292683,0.966183574879227,0.1673255887139539,56,1.6903578999917954,1.2540637999827595,ca-GrQc,-0.0094021535962594,ca-GrQc hgb_matched
0.7214753956136545,0.8704443114776584,0.8048780487804879,0.8454106280193237,0.2681755853276023,1,node+edge+subgraph,62,1.1442879999958675,1.2540637999827595,spread_cv,ca-GrQc,0,0.6829390335299805,0.8412342080110569,0.7804878048780488,0.8405797101449275,0.319158155844077,56,1.6598120999988168,1.2540637999827595,ca-GrQc,-0.03853636208367395,ca-GrQc hgb_matched
0.721245190990141,0.8704213221440242,0.7560975609756098,0.8599033816425121,0.2709170080614614,1,node+edge+subgraph,62,1.136947599996347,1.2540637999827595,spread_cv,ca-GrQc,1,0.683284137418852,0.8418593057777084,0.7804878048780488,0.8309178743961353,0.3204508386825477,56,1.638936300005298,1.2540637999827595,ca-GrQc,-0.03796105357128898,ca-GrQc hgb_matched
0.7176025940150771,0.8666498338744817,0.8048780487804879,0.8357487922705314,0.2704090270614493,1,node+edge+subgraph,62,1.1421562999967136,1.2540637999827595,spread_cv,ca-GrQc,2,0.680732494055154,0.8388671678276104,0.7560975609756098,0.821256038647343,0.3237344231197364,56,1.649355999979889,1.2540637999827595,ca-GrQc,-0.036870099959923075,ca-GrQc hgb_matched
0.7165231088863244,0.8656473216848907,0.7804878048780488,0.8599033816425121,0.2701243418287612,1,node+edge+subgraph,62,1.11795130000246,1.2540637999827595,spread_cv,ca-GrQc,3,0.678114033008173,0.837852771121082,0.7317073170731707,0.8357487922705314,0.3202641554999099,56,1.7385143999999857,1.2540637999827595,ca-GrQc,-0.038409075878151455,ca-GrQc hgb_matched
0.7244592944104006,0.8718794588561405,0.8536585365853658,0.8405797101449275,0.2659268356548125,1,node+edge+subgraph,62,1.2497904999981984,1.2540637999827595,spread_cv,ca-GrQc,4,0.6851636377388606,0.8440862507959531,0.7317073170731707,0.8260869565217391,0.3147763990306675,56,1.6871284999942873,1.2540637999827595,ca-GrQc,-0.03929565667154,ca-GrQc hgb_matched
0.716471812161746,0.865124693359605,0.7560975609756098,0.8695652173913043,0.2700842335251908,1,node+edge+subgraph,62,1.2275668000002042,1.2540637999827595,spread_cv,ca-GrQc,5,0.6816313635492622,0.8402298214949476,0.7560975609756098,0.8309178743961353,0.3207244625127102,56,1.624827199993888,1.2540637999827595,ca-GrQc,-0.03484044861248381,ca-GrQc hgb_matched
0.7207149120638039,0.8690327351809339,0.7560975609756098,0.8599033816425121,0.2680589369665582,1,node+edge+subgraph,62,1.180305900001258,1.2540637999827595,spread_cv,ca-GrQc,6,0.6828427775567646,0.8421467803612364,0.7804878048780488,0.821256038647343,0.3192090442821647,56,1.741007799981162,1.2540637999827595,ca-GrQc,-0.0378721345070393,ca-GrQc hgb_matched
0.716198089462734,0.8653734030813187,0.7073170731707317,0.8502415458937198,0.2708640433227907,1,node+edge+subgraph,62,1.1562244000015198,1.2540637999827595,spread_cv,ca-GrQc,7,0.6826646609789955,0.840941790390274,0.7560975609756098,0.8357487922705314,0.3184870539061854,56,1.6592210000089835,1.2540637999827595,ca-GrQc,-0.033533428483738525,ca-GrQc hgb_matched
0.7189412729553311,0.8673576320061211,0.7804878048780488,0.8599033816425121,0.267888446196997,1,node+edge+subgraph,62,1.1910838999974658,1.2540637999827595,spread_cv,ca-GrQc,8,0.6829763240496642,0.8416403846654161,0.7804878048780488,0.8405797101449275,0.3164919435679466,56,1.6653919000236783,1.2540637999827595,ca-GrQc,-0.035964948905666816,ca-GrQc hgb_matched
0.7162328231880696,0.8657348849851857,0.7560975609756098,0.855072463768116,0.2670578810455321,1,node+edge+subgraph,62,1.1391631000005873,1.2540637999827595,spread_cv,ca-GrQc,9,0.6797492009573259,0.8402988585319555,0.7804878048780488,0.8405797101449275,0.3179649950852912,56,1.6806165000016335,1.2540637999827595,ca-GrQc,-0.03648362223074364,ca-GrQc hgb_matched
0.7214753956136545,0.8704443114776584,0.8048780487804879,0.8454106280193237,0.2681755853276023,1,node+edge+subgraph+dynamic,62,1.1160693999991054,1.2540637999827595,spread_cv,ca-GrQc,0,0.6829390335299805,0.8412342080110569,0.7804878048780488,0.8405797101449275,0.319158155844077,56,1.64914670001599,1.2540637999827595,ca-GrQc,-0.03853636208367395,ca-GrQc hgb_matched
0.721245190990141,0.8704213221440242,0.7560975609756098,0.8599033816425121,0.2709170080614614,1,node+edge+subgraph+dynamic,62,1.1163897000005818,1.2540637999827595,spread_cv,ca-GrQc,1,0.683284137418852,0.8418593057777084,0.7804878048780488,0.8309178743961353,0.3204508386825477,56,1.689649300009478,1.2540637999827595,ca-GrQc,-0.03796105357128898,ca-GrQc hgb_matched
0.7176025940150771,0.8666498338744817,0.8048780487804879,0.8357487922705314,0.2704090270614493,1,node+edge+subgraph+dynamic,62,1.1344146000046749,1.2540637999827595,spread_cv,ca-GrQc,2,0.680732494055154,0.8388671678276104,0.7560975609756098,0.821256038647343,0.3237344231197364,56,1.6188107000198215,1.2540637999827595,ca-GrQc,-0.036870099959923075,ca-GrQc hgb_matched
0.7165231088863244,0.8656473216848907,0.7804878048780488,0.8599033816425121,0.2701243418287612,1,node+edge+subgraph+dynamic,62,1.1139646000010544,1.2540637999827595,spread_cv,ca-GrQc,3,0.678114033008173,0.837852771121082,0.7317073170731707,0.8357487922705314,0.3202641554999099,56,1.6435673999949358,1.2540637999827595,ca-GrQc,-0.038409075878151455,ca-GrQc hgb_matched
0.7244592944104006,0.8718794588561405,0.8536585365853658,0.8405797101449275,0.2659268356548125,1,node+edge+subgraph+dynamic,62,1.1334036000043852,1.2540637999827595,spread_cv,ca-GrQc,4,0.6851636377388606,0.8440862507959531,0.7317073170731707,0.8260869565217391,0.3147763990306675,56,1.7231353000097442,1.2540637999827595,ca-GrQc,-0.03929565667154,ca-GrQc hgb_matched
0.716471812161746,0.865124693359605,0.7560975609756098,0.8695652173913043,0.2700842335251908,1,node+edge+subgraph+dynamic,62,1.156330000005255,1.2540637999827595,spread_cv,ca-GrQc,5,0.6816313635492622,0.8402298214949476,0.7560975609756098,0.8309178743961353,0.3207244625127102,56,1.7905989999999292,1.2540637999827595,ca-GrQc,-0.03484044861248381,ca-GrQc hgb_matched
0.7207149120638039,0.8690327351809339,0.7560975609756098,0.8599033816425121,0.2680589369665582,1,node+edge+subgraph+dynamic,62,1.1339072999981,1.2540637999827595,spread_cv,ca-GrQc,6,0.6828427775567646,0.8421467803612364,0.7804878048780488,0.821256038647343,0.3192090442821647,56,1.686681099992711,1.2540637999827595,ca-GrQc,-0.0378721345070393,ca-GrQc hgb_matched
0.716198089462734,0.8653734030813187,0.7073170731707317,0.8502415458937198,0.2708640433227907,1,node+edge+subgraph+dynamic,62,1.1126531999980216,1.2540637999827595,spread_cv,ca-GrQc,7,0.6826646609789955,0.840941790390274,0.7560975609756098,0.8357487922705314,0.3184870539061854,56,1.7648985999985598,1.2540637999827595,ca-GrQc,-0.033533428483738525,ca-GrQc hgb_matched
0.7189412729553311,0.8673576320061211,0.7804878048780488,0.8599033816425121,0.267888446196997,1,node+edge+subgraph+dynamic,62,1.144316899997648,1.2540637999827595,spread_cv,ca-GrQc,8,0.6829763240496642,0.8416403846654161,0.7804878048780488,0.8405797101449275,0.3164919435679466,56,1.6877631999959704,1.2540637999827595,ca-GrQc,-0.035964948905666816,ca-GrQc hgb_matched
0.7162328231880696,0.8657348849851857,0.7560975609756098,0.855072463768116,0.2670578810455321,1,node+edge+subgraph+dynamic,62,1.1436823000040022,1.2540637999827595,spread_cv,ca-GrQc,9,0.6797492009573259,0.8402988585319555,0.7804878048780488,0.8405797101449275,0.3179649950852912,56,1.6638018999947235,1.2540637999827595,ca-GrQc,-0.03648362223074364,ca-GrQc hgb_matched
0.7350025780159956,0.8751455943390499,0.7317073170731707,0.7681159420289855,11213.466146074325,1,node+edge+subgraph,62,1.2073298000032082,1.2540637999827595,betweenness,ca-GrQc,0,0.7347754563546247,0.874262542950587,0.6829268292682927,0.7632850241545893,11314.99018302562,56,1.7055938999983482,1.2540637999827595,ca-GrQc,-0.00022712166137084377,ca-GrQc hgb_matched
0.7307488849437239,0.8719715713890033,0.7560975609756098,0.7342995169082126,11373.991358242123,1,node+edge+subgraph,62,1.2612888000003295,1.2540637999827595,betweenness,ca-GrQc,1,0.7336562215124627,0.8735972257347926,0.7317073170731707,0.7391304347826086,11549.440075895262,56,1.8997474999923725,1.2540637999827595,ca-GrQc,0.002907336568738761,ca-GrQc hgb_matched
0.7357664109888392,0.8750312140019424,0.7073170731707317,0.7584541062801933,11259.774465958471,1,node+edge+subgraph,62,1.274007599997276,1.2540637999827595,betweenness,ca-GrQc,2,0.7401550162592062,0.8785612439978443,0.6829268292682927,0.7536231884057971,11189.76645670841,56,1.664275799994357,1.2540637999827595,ca-GrQc,0.0043886052703669964,ca-GrQc hgb_matched
0.7350228460060391,0.8743202167063394,0.6829268292682927,0.7681159420289855,11585.919260177723,1,node+edge+subgraph,62,1.2646716000017475,1.2540637999827595,betweenness,ca-GrQc,3,0.7340603023340342,0.8733895129390883,0.6585365853658537,0.7536231884057971,11746.860139392356,56,1.638036300020758,1.2540637999827595,ca-GrQc,-0.0009625436720048786,ca-GrQc hgb_matched
0.7356272691233959,0.8749611231312979,0.7317073170731707,0.7439613526570048,10804.789969571882,1,node+edge+subgraph,62,1.2657151000021258,1.2540637999827595,betweenness,ca-GrQc,4,0.7344542569550732,0.8740277277079146,0.7317073170731707,0.7342995169082126,11070.619441741082,56,1.614700800011633,1.2540637999827595,ca-GrQc,-0.0011730121683227734,ca-GrQc hgb_matched
0.7385360783836172,0.87745574413304,0.6829268292682927,0.7584541062801933,11208.810117480514,1,node+edge+subgraph,62,1.0893739000021014,1.2540637999827595,betweenness,ca-GrQc,5,0.7321194575382546,0.8716422285627924,0.6585365853658537,0.7584541062801933,11382.537661497749,56,1.622607099998277,1.2540637999827595,ca-GrQc,-0.006416620845362653,ca-GrQc hgb_matched
0.7326452278364677,0.8722848169014658,0.6829268292682927,0.7681159420289855,11274.861454471367,1,node+edge+subgraph,62,1.1277660999985528,1.2540637999827595,betweenness,ca-GrQc,6,0.7360323141098751,0.8748991487580885,0.6829268292682927,0.7536231884057971,11291.50720948817,56,1.7545544000167863,1.2540637999827595,ca-GrQc,0.003387086273407447,ca-GrQc hgb_matched
0.738727400471093,0.8784201138698411,0.6829268292682927,0.7536231884057971,11376.606612033918,1,node+edge+subgraph,62,1.0728882000039448,1.2540637999827595,betweenness,ca-GrQc,7,0.7393829847652036,0.8785006679026375,0.6585365853658537,0.7439613526570048,11650.51704948306,56,2.9614238000067417,1.2540637999827595,ca-GrQc,0.0006555842941106116,ca-GrQc hgb_matched
0.7339832722888648,0.8738792122257099,0.7073170731707317,0.7391304347826086,11527.02665093239,1,node+edge+subgraph,62,1.0447284000038053,1.2540637999827595,betweenness,ca-GrQc,8,0.7379392647855088,0.8774881018734764,0.7073170731707317,0.7439613526570048,11521.347918221782,56,2.658185199979925,1.2540637999827595,ca-GrQc,0.003955992496643912,ca-GrQc hgb_matched
0.7274437434418998,0.8676532613083126,0.6585365853658537,0.7391304347826086,11663.116596203448,1,node+edge+subgraph,62,1.1886306999949738,1.2540637999827595,betweenness,ca-GrQc,9,0.7392324687975853,0.8781211785140302,0.6585365853658537,0.748792270531401,11832.18928520208,56,1.2977357000054326,1.2540637999827595,ca-GrQc,0.011788725355685536,ca-GrQc hgb_matched
0.7350025780159956,0.8751455943390499,0.7317073170731707,0.7681159420289855,11213.466146074325,1,node+edge+subgraph+dynamic,62,1.1304852999965078,1.2540637999827595,betweenness,ca-GrQc,0,0.7347754563546247,0.874262542950587,0.6829268292682927,0.7632850241545893,11314.99018302562,56,1.2407202999747824,1.2540637999827595,ca-GrQc,-0.00022712166137084377,ca-GrQc hgb_matched
0.7307488849437239,0.8719715713890033,0.7560975609756098,0.7342995169082126,11373.991358242123,1,node+edge+subgraph+dynamic,62,1.3692819999996573,1.2540637999827595,betweenness,ca-GrQc,1,0.7336562215124627,0.8735972257347926,0.7317073170731707,0.7391304347826086,11549.440075895262,56,1.5761761000030674,1.2540637999827595,ca-GrQc,0.002907336568738761,ca-GrQc hgb_matched
0.7357664109888392,0.8750312140019424,0.7073170731707317,0.7584541062801933,11259.774465958471,1,node+edge+subgraph+dynamic,62,1.2860710000022664,1.2540637999827595,betweenness,ca-GrQc,2,0.7401550162592062,0.8785612439978443,0.6829268292682927,0.7536231884057971,11189.76645670841,56,1.6299620000063442,1.2540637999827595,ca-GrQc,0.0043886052703669964,ca-GrQc hgb_matched
0.7350228460060391,0.8743202167063394,0.6829268292682927,0.7681159420289855,11585.919260177723,1,node+edge+subgraph+dynamic,62,1.1742614000031608,1.2540637999827595,betweenness,ca-GrQc,3,0.7340603023340342,0.8733895129390883,0.6585365853658537,0.7536231884057971,11746.860139392356,56,1.352637700008927,1.2540637999827595,ca-GrQc,-0.0009625436720048786,ca-GrQc hgb_matched
0.7356272691233959,0.8749611231312979,0.7317073170731707,0.7439613526570048,10804.789969571882,1,node+edge+subgraph+dynamic,62,1.052999899999122,1.2540637999827595,betweenness,ca-GrQc,4,0.7344542569550732,0.8740277277079146,0.7317073170731707,0.7342995169082126,11070.619441741082,56,1.3698258000076748,1.2540637999827595,ca-GrQc,-0.0011730121683227734,ca-GrQc hgb_matched
0.7385360783836172,0.87745574413304,0.6829268292682927,0.7584541062801933,11208.810117480514,1,node+edge+subgraph+dynamic,62,1.160458500002278,1.2540637999827595,betweenness,ca-GrQc,5,0.7321194575382546,0.8716422285627924,0.6585365853658537,0.7584541062801933,11382.537661497749,56,1.1692493000009565,1.2540637999827595,ca-GrQc,-0.006416620845362653,ca-GrQc hgb_matched
0.7326452278364677,0.8722848169014658,0.6829268292682927,0.7681159420289855,11274.861454471367,1,node+edge+subgraph+dynamic,62,1.090391300000192,1.2540637999827595,betweenness,ca-GrQc,6,0.7360323141098751,0.8748991487580885,0.6829268292682927,0.7536231884057971,11291.50720948817,56,1.2554532999929506,1.2540637999827595,ca-GrQc,0.003387086273407447,ca-GrQc hgb_matched
0.738727400471093,0.8784201138698411,0.6829268292682927,0.7536231884057971,11376.606612033918,1,node+edge+subgraph+dynamic,62,1.0787561000033747,1.2540637999827595,betweenness,ca-GrQc,7,0.7393829847652036,0.8785006679026375,0.6585365853658537,0.7439613526570048,11650.51704948306,56,1.4072932999988552,1.2540637999827595,ca-GrQc,0.0006555842941106116,ca-GrQc hgb_matched
0.7339832722888648,0.8738792122257099,0.7073170731707317,0.7391304347826086,11527.02665093239,1,node+edge+subgraph+dynamic,62,1.125461700001324,1.2540637999827595,betweenness,ca-GrQc,8,0.7379392647855088,0.8774881018734764,0.7073170731707317,0.7439613526570048,11521.347918221782,56,1.46060980000766,1.2540637999827595,ca-GrQc,0.003955992496643912,ca-GrQc hgb_matched
0.7274437434418998,0.8676532613083126,0.6585365853658537,0.7391304347826086,11663.116596203448,1,node+edge+subgraph+dynamic,62,1.0559104999992996,1.2540637999827595,betweenness,ca-GrQc,9,0.7392324687975853,0.8781211785140302,0.6585365853658537,0.748792270531401,11832.18928520208,56,1.3300463000196032,1.2540637999827595,ca-GrQc,0.011788725355685536,ca-GrQc hgb_matched
0.5459969424645157,0.7213949611932449,0.1951219512195122,0.4685990338164251,0.1185646462267798,1,node+edge+subgraph,62,1.0651389000049676,1.2540637999827595,spread_resid,ca-GrQc,0,0.5088188504273122,0.6833985767790933,0.0975609756097561,0.3091787439613526,0.1293906873672192,56,1.7815234000154303,1.2540637999827595,ca-GrQc,-0.03717809203720346,ca-GrQc hgb_matched
0.5415624018317698,0.7153732538815358,0.2195121951219512,0.4830917874396135,0.1188575997867938,1,node+edge+subgraph,62,1.0532288999966113,1.2540637999827595,spread_resid,ca-GrQc,1,0.5117156727539387,0.6858965462570175,0.073170731707317,0.2801932367149758,0.128902596227246,56,1.6527101999963634,1.2540637999827595,ca-GrQc,-0.029846729077831147,ca-GrQc hgb_matched
0.5383420731337013,0.712011189276146,0.1951219512195122,0.4927536231884058,0.1200214896699904,1,node+edge+subgraph,62,1.085060199999134,1.2540637999827595,spread_resid,ca-GrQc,2,0.509100792408262,0.6832822632902406,0.048780487804878,0.2898550724637681,0.1300010913689805,56,1.6976157999888528,1.2540637999827595,ca-GrQc,-0.0292412807254393,ca-GrQc hgb_matched
0.5360447957687475,0.7091524375488896,0.1707317073170731,0.463768115942029,0.1205325144757106,1,node+edge+subgraph,62,1.084771299996646,1.2540637999827595,spread_resid,ca-GrQc,3,0.5041038528663461,0.6779044343341429,0.0975609756097561,0.2850241545893719,0.1297567813468265,56,1.8905693000124304,1.2540637999827595,ca-GrQc,-0.03194094290240146,ca-GrQc hgb_matched
0.5415912367162111,0.7164231058461193,0.1707317073170731,0.463768115942029,0.1195330472615848,1,node+edge+subgraph,62,1.3176559999992603,1.2540637999827595,spread_resid,ca-GrQc,4,0.5074170965715037,0.6808993932673414,0.0975609756097561,0.3043478260869565,0.1284875329999876,56,1.8857866999751425,1.2540637999827595,ca-GrQc,-0.03417414014470743,ca-GrQc hgb_matched
0.543748319785105,0.7186322957951877,0.2195121951219512,0.5024154589371981,0.1198660637904059,1,node+edge+subgraph,62,1.2397883999947226,1.2540637999827595,spread_resid,ca-GrQc,5,0.5056360403420564,0.6804206172028411,0.1219512195121951,0.2705314009661835,0.1298058421555293,56,1.8209563000127675,1.2540637999827595,ca-GrQc,-0.03811227944304851,ca-GrQc hgb_matched
0.5415994290970653,0.7151759248317777,0.1951219512195122,0.4879227053140096,0.1195932653529374,1,node+edge+subgraph,62,1.1113579000011669,1.2540637999827595,spread_resid,ca-GrQc,6,0.5084390827968509,0.6823484113073756,0.048780487804878,0.2995169082125604,0.1292097397739496,56,1.782041800004663,1.2540637999827595,ca-GrQc,-0.03316034630021436,ca-GrQc hgb_matched
0.53870883953166,0.7132375638893521,0.1951219512195122,0.4541062801932367,0.1205638403862707,1,node+edge+subgraph,62,1.1290634000033606,1.2540637999827595,spread_resid,ca-GrQc,7,0.503558089894689,0.6771512299932805,0.1219512195121951,0.2753623188405797,0.1299799198497599,56,1.7271861000044737,1.2540637999827595,ca-GrQc,-0.03515074963697107,ca-GrQc hgb_matched
0.542727917068502,0.7171234895907497,0.1707317073170731,0.4782608695652174,0.1200204450162032,1,node+edge+subgraph,62,1.0930271000033829,1.2540637999827595,spread_resid,ca-GrQc,8,0.5116850760448924,0.6866604469806622,0.1219512195121951,0.2995169082125604,0.1292869972074354,56,1.7561999000026844,1.2540637999827595,ca-GrQc,-0.031042841023609546,ca-GrQc hgb_matched
0.5438936853731005,0.7179483729748011,0.2195121951219512,0.463768115942029,0.1191498484882495,1,node+edge+subgraph,62,1.2387646999995925,1.2540637999827595,spread_resid,ca-GrQc,9,0.5094280944522611,0.6846328523882741,0.1219512195121951,0.2946859903381642,0.1290205322209885,56,1.7778624999918975,1.2540637999827595,ca-GrQc,-0.03446559092083934,ca-GrQc hgb_matched
0.5459969424645157,0.7213949611932449,0.1951219512195122,0.4685990338164251,0.1185646462267798,1,node+edge+subgraph+dynamic,62,1.0770438999970793,1.2540637999827595,spread_resid,ca-GrQc,0,0.5088188504273122,0.6833985767790933,0.0975609756097561,0.3091787439613526,0.1293906873672192,56,1.8990859000186904,1.2540637999827595,ca-GrQc,-0.03717809203720346,ca-GrQc hgb_matched
0.5415624018317698,0.7153732538815358,0.2195121951219512,0.4830917874396135,0.1188575997867938,1,node+edge+subgraph+dynamic,62,1.1069441999934495,1.2540637999827595,spread_resid,ca-GrQc,1,0.5117156727539387,0.6858965462570175,0.073170731707317,0.2801932367149758,0.128902596227246,56,1.740117299981648,1.2540637999827595,ca-GrQc,-0.029846729077831147,ca-GrQc hgb_matched
0.5383420731337013,0.712011189276146,0.1951219512195122,0.4927536231884058,0.1200214896699904,1,node+edge+subgraph+dynamic,62,1.1107332999963546,1.2540637999827595,spread_resid,ca-GrQc,2,0.509100792408262,0.6832822632902406,0.048780487804878,0.2898550724637681,0.1300010913689805,56,1.7650375999801329,1.2540637999827595,ca-GrQc,-0.0292412807254393,ca-GrQc hgb_matched
0.5360447957687475,0.7091524375488896,0.1707317073170731,0.463768115942029,0.1205325144757106,1,node+edge+subgraph+dynamic,62,1.0758280000009108,1.2540637999827595,spread_resid,ca-GrQc,3,0.5041038528663461,0.6779044343341429,0.0975609756097561,0.2850241545893719,0.1297567813468265,56,1.7655273999844212,1.2540637999827595,ca-GrQc,-0.03194094290240146,ca-GrQc hgb_matched
0.5415912367162111,0.7164231058461193,0.1707317073170731,0.463768115942029,0.1195330472615848,1,node+edge+subgraph+dynamic,62,1.1492364999940037,1.2540637999827595,spread_resid,ca-GrQc,4,0.5074170965715037,0.6808993932673414,0.0975609756097561,0.3043478260869565,0.1284875329999876,56,1.7563331999990623,1.2540637999827595,ca-GrQc,-0.03417414014470743,ca-GrQc hgb_matched
0.543748319785105,0.7186322957951877,0.2195121951219512,0.5024154589371981,0.1198660637904059,1,node+edge+subgraph+dynamic,62,1.096908999999869,1.2540637999827595,spread_resid,ca-GrQc,5,0.5056360403420564,0.6804206172028411,0.1219512195121951,0.2705314009661835,0.1298058421555293,56,1.7596810999966692,1.2540637999827595,ca-GrQc,-0.03811227944304851,ca-GrQc hgb_matched
0.5415994290970653,0.7151759248317777,0.1951219512195122,0.4879227053140096,0.1195932653529374,1,node+edge+subgraph+dynamic,62,1.057852300000377,1.2540637999827595,spread_resid,ca-GrQc,6,0.5084390827968509,0.6823484113073756,0.048780487804878,0.2995169082125604,0.1292097397739496,56,1.7143030000152066,1.2540637999827595,ca-GrQc,-0.03316034630021436,ca-GrQc hgb_matched
0.53870883953166,0.7132375638893521,0.1951219512195122,0.4541062801932367,0.1205638403862707,1,node+edge+subgraph+dynamic,62,1.0825880999982471,1.2540637999827595,spread_resid,ca-GrQc,7,0.503558089894689,0.6771512299932805,0.1219512195121951,0.2753623188405797,0.1299799198497599,56,1.720740199991269,1.2540637999827595,ca-GrQc,-0.03515074963697107,ca-GrQc hgb_matched
0.542727917068502,0.7171234895907497,0.1707317073170731,0.4782608695652174,0.1200204450162032,1,node+edge+subgraph+dynamic,62,1.0662376999971457,1.2540637999827595,spread_resid,ca-GrQc,8,0.5116850760448924,0.6866604469806622,0.1219512195121951,0.2995169082125604,0.1292869972074354,56,1.7377113999973517,1.2540637999827595,ca-GrQc,-0.031042841023609546,ca-GrQc hgb_matched
0.5438936853731005,0.7179483729748011,0.2195121951219512,0.463768115942029,0.1191498484882495,1,node+edge+subgraph+dynamic,62,1.030384600002435,1.2540637999827595,spread_resid,ca-GrQc,9,0.5094280944522611,0.6846328523882741,0.1219512195121951,0.2946859903381642,0.1290205322209885,56,1.7787542000005487,1.2540637999827595,ca-GrQc,-0.03446559092083934,ca-GrQc hgb_matched
0.9211150437702076,0.9862815794957684,0.7073170731707317,0.748792270531401,11214.005535981922,1,node+edge+subgraph,62,2.685426899999584,1.2540637999827595,betweenness,ca-GrQc,0,0.9205403239538804,0.986362667612346,0.7317073170731707,0.7536231884057971,11109.46990058682,56,1.914156299986644,1.2540637999827595,ca-GrQc,-0.0005747198163271738,ca-GrQc rf_log1p
0.918003357094524,0.9847035655227584,0.7073170731707317,0.748792270531401,11094.38200240477,1,node+edge+subgraph,62,2.776959999999235,1.2540637999827595,betweenness,ca-GrQc,1,0.919198370965525,0.9857509256231124,0.7073170731707317,0.748792270531401,11144.005534122556,56,1.9926175999862608,1.2540637999827595,ca-GrQc,0.0011950138710010716,ca-GrQc rf_log1p
0.9199980698446876,0.9859861097214742,0.7073170731707317,0.7439613526570048,11244.580874381656,1,node+edge+subgraph,62,2.7639088000014453,1.2540637999827595,betweenness,ca-GrQc,2,0.918655515642916,0.9853984432851725,0.7073170731707317,0.7391304347826086,11159.375738572082,56,2.039807099994505,1.2540637999827595,ca-GrQc,-0.0013425542017715397,ca-GrQc rf_log1p
0.9201820120168522,0.9856540681500772,0.6585365853658537,0.7632850241545893,11098.708607442648,1,node+edge+subgraph,62,2.2370702999996865,1.2540637999827595,betweenness,ca-GrQc,3,0.919629497716189,0.9858085341661827,0.6585365853658537,0.7632850241545893,11138.229023443648,56,2.0804546999861486,1.2540637999827595,ca-GrQc,-0.000552514300663276,ca-GrQc rf_log1p
0.9190082138318164,0.9851688253861968,0.7073170731707317,0.7681159420289855,10928.806046912588,1,node+edge+subgraph,62,2.1100435000007565,1.2540637999827595,betweenness,ca-GrQc,4,0.9193145498793216,0.9855218306292184,0.7073170731707317,0.7632850241545893,10862.370389352807,56,1.9875948000117205,1.2540637999827595,ca-GrQc,0.0003063360475051846,ca-GrQc rf_log1p
0.9203467312721054,0.9861905919840874,0.7317073170731707,0.7681159420289855,11214.516586932188,1,node+edge+subgraph,62,2.7254381000002468,1.2540637999827595,betweenness,ca-GrQc,5,0.9192413026571165,0.9856886847217436,0.6829268292682927,0.7632850241545893,11184.412315508376,56,1.9833791999844836,1.2540637999827595,ca-GrQc,-0.001105428614988968,ca-GrQc rf_log1p
0.9220155386745522,0.9866724266158756,0.7073170731707317,0.7681159420289855,11211.848809239282,1,node+edge+subgraph,62,2.6726331999998365,1.2540637999827595,betweenness,ca-GrQc,6,0.9218195809163852,0.9870963947647808,0.7073170731707317,0.7632850241545893,11207.152773976542,56,1.944013600004837,1.2540637999827595,ca-GrQc,-0.00019595775816705352,ca-GrQc rf_log1p
0.9191767196072104,0.9852243287563146,0.6829268292682927,0.7439613526570048,11136.226872806656,1,node+edge+subgraph,62,2.7430537000000186,1.2540637999827595,betweenness,ca-GrQc,7,0.9191308089409256,0.9856829129938822,0.6829268292682927,0.7342995169082126,11113.34065177248,56,2.1285017000045627,1.2540637999827595,ca-GrQc,-4.591066628478746e-05,ca-GrQc rf_log1p
0.9197403660994142,0.9855173521873944,0.6829268292682927,0.7584541062801933,11277.13679658944,1,node+edge+subgraph,62,2.66097660000014,1.2540637999827595,betweenness,ca-GrQc,8,0.91903997277228,0.9854801476961416,0.6829268292682927,0.7681159420289855,11185.12495223276,56,2.023252200015122,1.2540637999827595,ca-GrQc,-0.00070039332713423,ca-GrQc rf_log1p
0.92061583738613,0.985734992854793,0.7073170731707317,0.7536231884057971,11283.815590560978,1,node+edge+subgraph,62,2.889459800000622,1.2540637999827595,betweenness,ca-GrQc,9,0.9207101623099432,0.9863990790839788,0.6829268292682927,0.7536231884057971,11295.999747354716,56,1.9639764999737963,1.2540637999827595,ca-GrQc,9.43249238132271e-05,ca-GrQc rf_log1p
0.9211150437702076,0.9862815794957684,0.7073170731707317,0.748792270531401,11214.005535981922,1,node+edge+subgraph+dynamic,62,2.863723000000391,1.2540637999827595,betweenness,ca-GrQc,0,0.9205400965302296,0.9863626673175246,0.7317073170731707,0.7536231884057971,11109.46990058682,56,2.008770899992669,1.2540637999827595,ca-GrQc,-0.0005749472399779743,ca-GrQc rf_log1p
0.918003357094524,0.9847035655227584,0.7073170731707317,0.748792270531401,11094.382002404767,1,node+edge+subgraph+dynamic,62,2.778514300000097,1.2540637999827595,betweenness,ca-GrQc,1,0.919198370965525,0.9857509256231124,0.7073170731707317,0.748792270531401,11144.005534122556,56,2.1629573999962304,1.2540637999827595,ca-GrQc,0.0011950138710010716,ca-GrQc rf_log1p
0.9199980698446876,0.9859861097214742,0.7073170731707317,0.7439613526570048,11244.580874381654,1,node+edge+subgraph+dynamic,62,2.824274599999626,1.2540637999827595,betweenness,ca-GrQc,2,0.918655515642916,0.9853984432851725,0.7073170731707317,0.7391304347826086,11159.375738572093,56,2.250261800014414,1.2540637999827595,ca-GrQc,-0.0013425542017715397,ca-GrQc rf_log1p
0.9201820120168522,0.9856540681500772,0.6585365853658537,0.7632850241545893,11098.70860744264,1,node+edge+subgraph+dynamic,62,2.8431571000000986,1.2540637999827595,betweenness,ca-GrQc,3,0.919629497716189,0.9858085341661827,0.6585365853658537,0.7632850241545893,11138.229023443651,56,2.55243640000117,1.2540637999827595,ca-GrQc,-0.000552514300663276,ca-GrQc rf_log1p
0.9190082138318164,0.9851688253861968,0.7073170731707317,0.7681159420289855,10928.806046912585,1,node+edge+subgraph+dynamic,62,3.398430499999449,1.2540637999827595,betweenness,ca-GrQc,4,0.9193145498793216,0.9855218306292184,0.7073170731707317,0.7632850241545893,10862.370389352807,56,2.27215229999274,1.2540637999827595,ca-GrQc,0.0003063360475051846,ca-GrQc rf_log1p
0.9203467312721054,0.9861905919840874,0.7317073170731707,0.7681159420289855,11214.516586932185,1,node+edge+subgraph+dynamic,62,5.567435699998896,1.2540637999827595,betweenness,ca-GrQc,5,0.9192413026571165,0.9856886847217436,0.6829268292682927,0.7632850241545893,11184.412315508374,56,2.083783499983838,1.2540637999827595,ca-GrQc,-0.001105428614988968,ca-GrQc rf_log1p
0.9220155386745522,0.9866724266158756,0.7073170731707317,0.7681159420289855,11211.848809239282,1,node+edge+subgraph+dynamic,62,5.687293200000568,1.2540637999827595,betweenness,ca-GrQc,6,0.9218195809163852,0.9870963947647808,0.7073170731707317,0.7632850241545893,11207.15277397654,56,2.2494255999918096,1.2540637999827595,ca-GrQc,-0.00019595775816705352,ca-GrQc rf_log1p
0.9191767196072104,0.9852243287563146,0.6829268292682927,0.7439613526570048,11136.22687280666,1,node+edge+subgraph+dynamic,62,8.230110700000296,1.2540637999827595,betweenness,ca-GrQc,7,0.9191308089409256,0.9856829129938822,0.6829268292682927,0.7342995169082126,11113.34065177248,56,2.1580506999744102,1.2540637999827595,ca-GrQc,-4.591066628478746e-05,ca-GrQc rf_log1p
0.9197403660994142,0.9855173521873944,0.6829268292682927,0.7584541062801933,11277.136796589444,1,node+edge+subgraph+dynamic,62,13.071903599999132,1.2540637999827595,betweenness,ca-GrQc,8,0.91903997277228,0.9854801476961416,0.6829268292682927,0.7681159420289855,11185.124952232763,56,2.0507088000013027,1.2540637999827595,ca-GrQc,-0.00070039332713423,ca-GrQc rf_log1p
0.92061583738613,0.985734992854793,0.7073170731707317,0.7536231884057971,11283.815590560976,1,node+edge+subgraph+dynamic,62,19.46861209999952,1.2540637999827595,betweenness,ca-GrQc,9,0.9207101623099432,0.9863990790839788,0.6829268292682927,0.7536231884057971,11295.999747354716,56,2.125829500000691,1.2540637999827595,ca-GrQc,9.43249238132271e-05,ca-GrQc rf_log1p
0.8823258295988998,0.9765377958612927,0.926829268292683,0.9806763285024156,0.1010394115994158,1,node+edge+subgraph,62,0.3223998000030406,1.2540637999827595,spread_mean,ca-GrQc,0,0.6764630147851801,0.8487651434333645,0.926829268292683,0.9468599033816424,0.1926170199953157,56,0.4574243999959435,1.2540637999827595,ca-GrQc,-0.2058628148137197,ca-GrQc ridge
0.8797136131764024,0.9752132222501266,0.926829268292683,0.9806763285024156,0.0975407602248716,1,node+edge+subgraph,62,0.3002655000018421,1.2540637999827595,spread_mean,ca-GrQc,1,0.6766123170155884,0.849005462762881,0.926829268292683,0.9468599033816424,0.1953432777931899,56,0.3722825999720953,1.2540637999827595,ca-GrQc,-0.20310129616081396,ca-GrQc ridge
0.8834252959996792,0.9767237270628896,0.926829268292683,0.9806763285024156,0.100211029131904,1,node+edge+subgraph,62,0.3247668999974848,1.2540637999827595,spread_mean,ca-GrQc,2,0.6762537617533768,0.8487752823535533,0.926829268292683,0.9420289855072465,0.1918215322431993,56,0.3941128000151366,1.2540637999827595,ca-GrQc,-0.2071715342463024,ca-GrQc ridge
0.880844956039871,0.9757954212947558,0.926829268292683,0.9806763285024156,0.0940957476551387,1,node+edge+subgraph,62,0.3246023999963654,1.2540637999827595,spread_mean,ca-GrQc,3,0.6750154918869715,0.8474904732853803,0.926829268292683,0.9516908212560388,0.1877648391253359,56,0.4353273000160698,1.2540637999827595,ca-GrQc,-0.2058294641528995,ca-GrQc ridge
0.8798314643702172,0.9751583466364292,0.926829268292683,0.9806763285024156,0.1005092981224689,1,node+edge+subgraph,62,0.3118351000011898,1.2540637999827595,spread_mean,ca-GrQc,4,0.6766199646754266,0.8487748961752799,0.926829268292683,0.9565217391304348,0.1943668452565705,56,0.4282702000054996,1.2540637999827595,ca-GrQc,-0.20321149969479058,ca-GrQc ridge
0.883653570807809,0.9764972539259336,0.926829268292683,0.9806763285024156,0.101174188039394,1,node+edge+subgraph,62,0.3186502000025939,1.2540637999827595,spread_mean,ca-GrQc,5,0.6754984153384402,0.8477536090609091,0.926829268292683,0.9468599033816424,0.1969731453824016,56,0.4018213000090327,1.2540637999827595,ca-GrQc,-0.2081551554693688,ca-GrQc ridge
0.8852356443355893,0.9775553628102815,0.926829268292683,0.9806763285024156,0.0991069827977257,1,node+edge+subgraph,62,0.3185545999949681,1.2540637999827595,spread_mean,ca-GrQc,6,0.6758992550096269,0.8481630238579404,0.926829268292683,0.9468599033816424,0.1895421875914548,56,0.3201360999955795,1.2540637999827595,ca-GrQc,-0.20933638932596244,ca-GrQc ridge
0.8796129076938675,0.9752233940419408,0.926829268292683,0.9806763285024156,0.1181516348038535,1,node+edge+subgraph,62,0.3203269000005093,1.2540637999827595,spread_mean,ca-GrQc,7,0.675375478957692,0.8476822936864087,0.926829268292683,0.9516908212560388,0.1943652391099984,56,0.3248553000157699,1.2540637999827595,ca-GrQc,-0.20423742873617545,ca-GrQc ridge
0.8846495605174947,0.9769762217464864,0.926829268292683,0.9806763285024156,0.0957858015528192,1,node+edge+subgraph,62,0.3309431000016047,1.2540637999827595,spread_mean,ca-GrQc,8,0.6754885423106384,0.8477300051735226,0.926829268292683,0.9468599033816424,0.1948398970297789,56,0.3222942999855149,1.2540637999827595,ca-GrQc,-0.2091610182068563,ca-GrQc ridge
0.8832002121339658,0.9764180433236812,0.926829268292683,0.9806763285024156,0.0961015503704882,1,node+edge+subgraph,62,0.3902826999983517,1.2540637999827595,spread_mean,ca-GrQc,9,0.6764305205898026,0.8483490251154546,0.926829268292683,0.9516908212560388,0.1918772422699935,56,0.3354648000095039,1.2540637999827595,ca-GrQc,-0.20676969154416325,ca-GrQc ridge
0.8823258295988998,0.9765377958612927,0.926829268292683,0.9806763285024156,0.1010394115994158,1,node+edge+subgraph+dynamic,62,0.3289655000044149,1.2540637999827595,spread_mean,ca-GrQc,0,0.6764630147851801,0.8487651434333645,0.926829268292683,0.9468599033816424,0.1926170199953157,56,0.2958401000068988,1.2540637999827595,ca-GrQc,-0.2058628148137197,ca-GrQc ridge
0.8797136131764024,0.9752132222501266,0.926829268292683,0.9806763285024156,0.0975407602248716,1,node+edge+subgraph+dynamic,62,0.3003747999973711,1.2540637999827595,spread_mean,ca-GrQc,1,0.6766123170155884,0.849005462762881,0.926829268292683,0.9468599033816424,0.1953432777931899,56,0.3044357000035234,1.2540637999827595,ca-GrQc,-0.20310129616081396,ca-GrQc ridge
0.8834252959996792,0.9767237270628896,0.926829268292683,0.9806763285024156,0.100211029131904,1,node+edge+subgraph+dynamic,62,0.3036703000034322,1.2540637999827595,spread_mean,ca-GrQc,2,0.6762537617533768,0.8487752823535533,0.926829268292683,0.9420289855072465,0.1918215322431993,56,0.2927421999920625,1.2540637999827595,ca-GrQc,-0.2071715342463024,ca-GrQc ridge
0.880844956039871,0.9757954212947558,0.926829268292683,0.9806763285024156,0.0940957476551387,1,node+edge+subgraph+dynamic,62,0.2950564999991911,1.2540637999827595,spread_mean,ca-GrQc,3,0.6750154918869715,0.8474904732853803,0.926829268292683,0.9516908212560388,0.1877648391253359,56,0.2955794000008609,1.2540637999827595,ca-GrQc,-0.2058294641528995,ca-GrQc ridge
0.8798314643702172,0.9751583466364292,0.926829268292683,0.9806763285024156,0.1005092981224689,1,node+edge+subgraph+dynamic,62,0.3117438000044785,1.2540637999827595,spread_mean,ca-GrQc,4,0.6766199646754266,0.8487748961752799,0.926829268292683,0.9565217391304348,0.1943668452565705,56,0.306732800003374,1.2540637999827595,ca-GrQc,-0.20321149969479058,ca-GrQc ridge
0.883653570807809,0.9764972539259336,0.926829268292683,0.9806763285024156,0.101174188039394,1,node+edge+subgraph+dynamic,62,0.3158645000003162,1.2540637999827595,spread_mean,ca-GrQc,5,0.6754984153384402,0.8477536090609091,0.926829268292683,0.9468599033816424,0.1969731453824016,56,0.287781899998663,1.2540637999827595,ca-GrQc,-0.2081551554693688,ca-GrQc ridge
0.8852356443355893,0.9775553628102815,0.926829268292683,0.9806763285024156,0.0991069827977257,1,node+edge+subgraph+dynamic,62,0.3005129000011948,1.2540637999827595,spread_mean,ca-GrQc,6,0.6758992550096269,0.8481630238579404,0.926829268292683,0.9468599033816424,0.1895421875914548,56,0.2937378000060562,1.2540637999827595,ca-GrQc,-0.20933638932596244,ca-GrQc ridge
0.8796129076938675,0.9752233940419408,0.926829268292683,0.9806763285024156,0.1181516348038535,1,node+edge+subgraph+dynamic,62,0.2915931000025011,1.2540637999827595,spread_mean,ca-GrQc,7,0.675375478957692,0.8476822936864087,0.926829268292683,0.9516908212560388,0.1943652391099984,56,0.3015862999891396,1.2540637999827595,ca-GrQc,-0.20423742873617545,ca-GrQc ridge
0.8846495605174947,0.9769762217464864,0.926829268292683,0.9806763285024156,0.0957858015528192,1,node+edge+subgraph+dynamic,62,0.3004360999984783,1.2540637999827595,spread_mean,ca-GrQc,8,0.6754885423106384,0.8477300051735226,0.926829268292683,0.9468599033816424,0.1948398970297789,56,0.299116199981654,1.2540637999827595,ca-GrQc,-0.2091610182068563,ca-GrQc ridge
0.8832002121339658,0.9764180433236812,0.926829268292683,0.9806763285024156,0.0961015503704882,1,node+edge+subgraph+dynamic,62,0.2890060000063386,1.2540637999827595,spread_mean,ca-GrQc,9,0.6764305205898026,0.8483490251154546,0.926829268292683,0.9516908212560388,0.1918772422699935,56,0.2973902999947313,1.2540637999827595,ca-GrQc,-0.20676969154416325,ca-GrQc ridge
0.6728279933409911,0.8334321595405585,0.1951219512195122,0.7681159420289855,0.3659806849152059,1,node+edge+subgraph,62,0.2918366000012611,1.2540637999827595,spread_cv,ca-GrQc,0,0.6628230256011246,0.8267029292718091,0.3170731707317073,0.7536231884057971,0.3719279208778071,56,0.3115265000087674,1.2540637999827595,ca-GrQc,-0.010004967739866477,ca-GrQc ridge
0.6717053072335917,0.8326006003677814,0.2195121951219512,0.7729468599033816,0.3668231532004554,1,node+edge+subgraph,62,0.2954344000027049,1.2540637999827595,spread_cv,ca-GrQc,1,0.6614100503291188,0.8253121342532196,0.3170731707317073,0.7584541062801933,0.3717861407468373,56,0.3443027000175789,1.2540637999827595,ca-GrQc,-0.01029525690447286,ca-GrQc ridge
0.672029357130011,0.8327878384963102,0.2195121951219512,0.7729468599033816,0.3669877319326385,1,node+edge+subgraph,62,0.2956182999987504,1.2540637999827595,spread_cv,ca-GrQc,2,0.6609582084484436,0.8248586256763479,0.3170731707317073,0.7536231884057971,0.3723945106853801,56,0.3165051999967545,1.2540637999827595,ca-GrQc,-0.011071148681567444,ca-GrQc ridge
0.6719609245140856,0.8327528253730309,0.1951219512195122,0.7729468599033816,0.3663075765241594,1,node+edge+subgraph,62,0.2959230999986175,1.2540637999827595,spread_cv,ca-GrQc,3,0.6628063776688794,0.8266738228507259,0.3414634146341463,0.748792270531401,0.3723659893278297,56,0.3156509000109508,1.2540637999827595,ca-GrQc,-0.009154546845206224,ca-GrQc ridge
0.671105267282872,0.8317310668477056,0.1707317073170731,0.7777777777777778,0.367623244177702,1,node+edge+subgraph,62,0.2950251000002026,1.2540637999827595,spread_cv,ca-GrQc,4,0.6615820897638983,0.825058438492622,0.2926829268292683,0.748792270531401,0.3728690093726022,56,0.3244967999926302,1.2540637999827595,ca-GrQc,-0.009523177518973691,ca-GrQc ridge
0.6719697943729025,0.8323845029725807,0.1707317073170731,0.7729468599033816,0.3700344406090602,1,node+edge+subgraph,62,0.2942592999970657,1.2540637999827595,spread_cv,ca-GrQc,5,0.662340807028431,0.8258540788640956,0.3658536585365853,0.7536231884057971,0.3745826824724019,56,0.3251427999930456,1.2540637999827595,ca-GrQc,-0.009628987344471485,ca-GrQc ridge
0.6709271763162851,0.8315946281686957,0.1951219512195122,0.7729468599033816,0.3663301638146023,1,node+edge+subgraph,62,0.3026696000015363,1.2540637999827595,spread_cv,ca-GrQc,6,0.661928254817633,0.8255873428403404,0.3414634146341463,0.7536231884057971,0.3715646358328061,56,0.3136396000045351,1.2540637999827595,ca-GrQc,-0.008998921498652113,ca-GrQc ridge
0.6712482390308283,0.8318498091297335,0.1707317073170731,0.7729468599033816,0.3667082250375373,1,node+edge+subgraph,62,0.2952681000024313,1.2540637999827595,spread_cv,ca-GrQc,7,0.6622974252364255,0.8259798276618755,0.3170731707317073,0.7584541062801933,0.371778228451043,56,0.3155838999955449,1.2540637999827595,ca-GrQc,-0.008950813794402768,ca-GrQc ridge
0.67213146692213,0.8328865034267845,0.2195121951219512,0.7729468599033816,0.3664196000992777,1,node+edge+subgraph,62,0.2894543000002159,1.2540637999827595,spread_cv,ca-GrQc,8,0.6626426740129693,0.8256908198597089,0.3170731707317073,0.7632850241545893,0.3732219310095431,56,0.3171162000217009,1.2540637999827595,ca-GrQc,-0.009488792909160715,ca-GrQc ridge
0.6728858330136142,0.8339126288467422,0.1951219512195122,0.7777777777777778,0.3659793729885229,1,node+edge+subgraph,62,0.2999995999998646,1.2540637999827595,spread_cv,ca-GrQc,9,0.6652746550568891,0.8284649653019683,0.3414634146341463,0.748792270531401,0.3714048419603871,56,0.3076768000028096,1.2540637999827595,ca-GrQc,-0.007611177956725057,ca-GrQc ridge
0.6728279933409911,0.8334321595405585,0.1951219512195122,0.7681159420289855,0.3659806849152059,1,node+edge+subgraph+dynamic,62,0.2920536999954493,1.2540637999827595,spread_cv,ca-GrQc,0,0.6628230256011246,0.8267029292718091,0.3170731707317073,0.7536231884057971,0.3719279208778071,56,0.3080168000014964,1.2540637999827595,ca-GrQc,-0.010004967739866477,ca-GrQc ridge
0.6717053072335917,0.8326006003677814,0.2195121951219512,0.7729468599033816,0.3668231532004554,1,node+edge+subgraph+dynamic,62,0.2973352000044542,1.2540637999827595,spread_cv,ca-GrQc,1,0.6614100503291188,0.8253121342532196,0.3170731707317073,0.7584541062801933,0.3717861407468373,56,0.315899699984584,1.2540637999827595,ca-GrQc,-0.01029525690447286,ca-GrQc ridge
0.672029357130011,0.8327878384963102,0.2195121951219512,0.7729468599033816,0.3669877319326385,1,node+edge+subgraph+dynamic,62,0.2963995000027353,1.2540637999827595,spread_cv,ca-GrQc,2,0.6609582084484436,0.8248586256763479,0.3170731707317073,0.7536231884057971,0.3723945106853801,56,0.3083095000183675,1.2540637999827595,ca-GrQc,-0.011071148681567444,ca-GrQc ridge
0.6719609245140856,0.8327528253730309,0.1951219512195122,0.7729468599033816,0.3663075765241594,1,node+edge+subgraph+dynamic,62,0.2867431999984546,1.2540637999827595,spread_cv,ca-GrQc,3,0.6628063776688794,0.8266738228507259,0.3414634146341463,0.748792270531401,0.3723659893278297,56,0.3044292999838944,1.2540637999827595,ca-GrQc,-0.009154546845206224,ca-GrQc ridge
0.671105267282872,0.8317310668477056,0.1707317073170731,0.7777777777777778,0.367623244177702,1,node+edge+subgraph+dynamic,62,0.2873484000010649,1.2540637999827595,spread_cv,ca-GrQc,4,0.6615820897638983,0.825058438492622,0.2926829268292683,0.748792270531401,0.3728690093726022,56,0.3079666999983601,1.2540637999827595,ca-GrQc,-0.009523177518973691,ca-GrQc ridge
0.6719697943729025,0.8323845029725807,0.1707317073170731,0.7729468599033816,0.3700344406090602,1,node+edge+subgraph+dynamic,62,0.2939670999985537,1.2540637999827595,spread_cv,ca-GrQc,5,0.662340807028431,0.8258540788640956,0.3658536585365853,0.7536231884057971,0.3745826824724019,56,0.3137199000047985,1.2540637999827595,ca-GrQc,-0.009628987344471485,ca-GrQc ridge
0.6709271763162851,0.8315946281686957,0.1951219512195122,0.7729468599033816,0.3663301638146023,1,node+edge+subgraph+dynamic,62,0.2879021000044304,1.2540637999827595,spread_cv,ca-GrQc,6,0.661928254817633,0.8255873428403404,0.3414634146341463,0.7536231884057971,0.3715646358328061,56,0.2911165000114124,1.2540637999827595,ca-GrQc,-0.008998921498652113,ca-GrQc ridge
0.6712482390308283,0.8318498091297335,0.1707317073170731,0.7729468599033816,0.3667082250375373,1,node+edge+subgraph+dynamic,62,0.2853061999994679,1.2540637999827595,spread_cv,ca-GrQc,7,0.6622974252364255,0.8259798276618755,0.3170731707317073,0.7584541062801933,0.371778228451043,56,0.2938174000009894,1.2540637999827595,ca-GrQc,-0.008950813794402768,ca-GrQc ridge
0.67213146692213,0.8328865034267845,0.2195121951219512,0.7729468599033816,0.3664196000992777,1,node+edge+subgraph+dynamic,62,0.289288400002988,1.2540637999827595,spread_cv,ca-GrQc,8,0.6626426740129693,0.8256908198597089,0.3170731707317073,0.7632850241545893,0.3732219310095431,56,0.3086968000279739,1.2540637999827595,ca-GrQc,-0.009488792909160715,ca-GrQc ridge
0.6728858330136142,0.8339126288467422,0.1951219512195122,0.7777777777777778,0.3659793729885229,1,node+edge+subgraph+dynamic,62,0.2916237999961595,1.2540637999827595,spread_cv,ca-GrQc,9,0.6652746550568891,0.8284649653019683,0.3414634146341463,0.748792270531401,0.3714048419603871,56,0.2813418000005185,1.2540637999827595,ca-GrQc,-0.007611177956725057,ca-GrQc ridge
0.6200404687182132,0.7694874928689569,0.7073170731707317,0.7729468599033816,11972.125476214018,1,node+edge+subgraph,62,0.4660342999995919,1.2540637999827595,betweenness,ca-GrQc,0,0.6142620393075565,0.7665914028010135,0.7073170731707317,0.7584541062801933,12249.81337080686,56,0.313658300001407,1.2540637999827595,ca-GrQc,-0.005778429410656649,ca-GrQc ridge
0.6271447282585964,0.7773947014858685,0.7073170731707317,0.7681159420289855,11451.32198882467,1,node+edge+subgraph,62,0.4367511000018567,1.2540637999827595,betweenness,ca-GrQc,1,0.6220217806877658,0.7743755311791044,0.6585365853658537,0.7536231884057971,11895.608409509816,56,0.3245102999790106,1.2540637999827595,ca-GrQc,-0.005122947570830538,ca-GrQc ridge
0.6241865952986814,0.7742460521675509,0.7317073170731707,0.7584541062801933,12268.56580193444,1,node+edge+subgraph,62,0.4607488000037847,1.2540637999827595,betweenness,ca-GrQc,2,0.6203192964593143,0.7726151253440426,0.7073170731707317,0.748792270531401,12729.169514733445,56,0.3271966000029351,1.2540637999827595,ca-GrQc,-0.003867298839367095,ca-GrQc ridge
0.6310578557917277,0.7811332348721204,0.7073170731707317,0.7681159420289855,11880.804264385712,1,node+edge+subgraph,62,0.4424084999991464,1.2540637999827595,betweenness,ca-GrQc,3,0.6240877228427254,0.7762938536437004,0.6829268292682927,0.7536231884057971,12157.15334141452,56,0.3523596999875735,1.2540637999827595,ca-GrQc,-0.006970132949002283,ca-GrQc ridge
0.6221844788668258,0.7726311262443054,0.7317073170731707,0.7584541062801933,12695.57602637245,1,node+edge+subgraph,62,0.4625371000001905,1.2540637999827595,betweenness,ca-GrQc,4,0.615521675606089,0.7671074684485962,0.7073170731707317,0.7536231884057971,12491.411981328163,56,0.3582032999838702,1.2540637999827595,ca-GrQc,-0.0066628032607368715,ca-GrQc ridge
0.6226747194069701,0.772285743395684,0.7073170731707317,0.7632850241545893,11755.015851764376,1,node+edge+subgraph,62,0.4535124999965774,1.2540637999827595,betweenness,ca-GrQc,5,0.6200137896205048,0.7724000081204329,0.7073170731707317,0.7439613526570048,12500.457002986368,56,0.3192160000035073,1.2540637999827595,ca-GrQc,-0.0026609297864652603,ca-GrQc ridge
0.6291696573854523,0.7796872982960131,0.6829268292682927,0.7729468599033816,11708.69972012068,1,node+edge+subgraph,62,0.4344307999999728,1.2540637999827595,betweenness,ca-GrQc,6,0.6163772340177128,0.7688987784122482,0.6829268292682927,0.748792270531401,12261.8482004505,56,0.3181718999985605,1.2540637999827595,ca-GrQc,-0.012792423367739447,ca-GrQc ridge
0.6207118812444783,0.7696037855610018,0.6585365853658537,0.7729468599033816,12446.630373111568,1,node+edge+subgraph,62,0.398956699995324,1.2540637999827595,betweenness,ca-GrQc,7,0.6176050154431899,0.7683345430866712,0.6829268292682927,0.748792270531401,12329.60719427134,56,0.323311799991643,1.2540637999827595,ca-GrQc,-0.003106865801288383,ca-GrQc ridge
0.618042237374216,0.7681853798223475,0.7073170731707317,0.7632850241545893,11900.71379477751,1,node+edge+subgraph,62,0.4061053999976138,1.2540637999827595,betweenness,ca-GrQc,8,0.6135393053952563,0.7660266751778476,0.7073170731707317,0.7439613526570048,12235.683484197,56,0.3291902999917511,1.2540637999827595,ca-GrQc,-0.00450293197895979,ca-GrQc ridge
0.6185278403543869,0.7687273925965906,0.7073170731707317,0.7729468599033816,11937.540871479472,1,node+edge+subgraph,62,0.3949336000005132,1.2540637999827595,betweenness,ca-GrQc,9,0.6113983801325373,0.7640828838823497,0.6829268292682927,0.7391304347826086,12163.243529215635,56,0.333974200009834,1.2540637999827595,ca-GrQc,-0.007129460221849571,ca-GrQc ridge
0.6200404687182132,0.7694874928689569,0.7073170731707317,0.7729468599033816,11972.125476214018,1,node+edge+subgraph+dynamic,62,0.3587292000011075,1.2540637999827595,betweenness,ca-GrQc,0,0.6142620393075565,0.7665914028010135,0.7073170731707317,0.7584541062801933,12249.81337080686,56,0.2883460999873932,1.2540637999827595,ca-GrQc,-0.005778429410656649,ca-GrQc ridge
0.6271447282585964,0.7773947014858685,0.7073170731707317,0.7681159420289855,11451.32198882467,1,node+edge+subgraph+dynamic,62,0.366667200003576,1.2540637999827595,betweenness,ca-GrQc,1,0.6220217806877658,0.7743755311791044,0.6585365853658537,0.7536231884057971,11895.608409509816,56,0.2772994999832008,1.2540637999827595,ca-GrQc,-0.005122947570830538,ca-GrQc ridge
0.6241865952986814,0.7742460521675509,0.7317073170731707,0.7584541062801933,12268.56580193444,1,node+edge+subgraph+dynamic,62,0.3803195000000414,1.2540637999827595,betweenness,ca-GrQc,2,0.6203192964593143,0.7726151253440426,0.7073170731707317,0.748792270531401,12729.169514733445,56,0.2809427000174764,1.2540637999827595,ca-GrQc,-0.003867298839367095,ca-GrQc ridge
0.6310578557917277,0.7811332348721204,0.7073170731707317,0.7681159420289855,11880.804264385712,1,node+edge+subgraph+dynamic,62,0.38478860000032,1.2540637999827595,betweenness,ca-GrQc,3,0.6240877228427254,0.7762938536437004,0.6829268292682927,0.7536231884057971,12157.15334141452,56,0.2715420000022277,1.2540637999827595,ca-GrQc,-0.006970132949002283,ca-GrQc ridge
0.6221844788668258,0.7726311262443054,0.7317073170731707,0.7584541062801933,12695.57602637245,1,node+edge+subgraph+dynamic,62,0.3854117999944719,1.2540637999827595,betweenness,ca-GrQc,4,0.615521675606089,0.7671074684485962,0.7073170731707317,0.7536231884057971,12491.411981328163,56,0.2749018000031356,1.2540637999827595,ca-GrQc,-0.0066628032607368715,ca-GrQc ridge
0.6226747194069701,0.772285743395684,0.7073170731707317,0.7632850241545893,11755.015851764376,1,node+edge+subgraph+dynamic,62,0.3701535000000149,1.2540637999827595,betweenness,ca-GrQc,5,0.6200137896205048,0.7724000081204329,0.7073170731707317,0.7439613526570048,12500.457002986368,56,0.2812589000095613,1.2540637999827595,ca-GrQc,-0.0026609297864652603,ca-GrQc ridge
0.6291696573854523,0.7796872982960131,0.6829268292682927,0.7729468599033816,11708.69972012068,1,node+edge+subgraph+dynamic,62,0.3324346999943373,1.2540637999827595,betweenness,ca-GrQc,6,0.6163772340177128,0.7688987784122482,0.6829268292682927,0.748792270531401,12261.8482004505,56,0.2782245999842416,1.2540637999827595,ca-GrQc,-0.012792423367739447,ca-GrQc ridge
0.6207118812444783,0.7696037855610018,0.6585365853658537,0.7729468599033816,12446.630373111568,1,node+edge+subgraph+dynamic,62,0.3374016000016127,1.2540637999827595,betweenness,ca-GrQc,7,0.6176050154431899,0.7683345430866712,0.6829268292682927,0.748792270531401,12329.60719427134,56,0.2723831000039354,1.2540637999827595,ca-GrQc,-0.003106865801288383,ca-GrQc ridge
0.618042237374216,0.7681853798223475,0.7073170731707317,0.7632850241545893,11900.71379477751,1,node+edge+subgraph+dynamic,62,0.3456088999955682,1.2540637999827595,betweenness,ca-GrQc,8,0.6135393053952563,0.7660266751778476,0.7073170731707317,0.7439613526570048,12235.683484197,56,0.2836657000007108,1.2540637999827595,ca-GrQc,-0.00450293197895979,ca-GrQc ridge
0.6185278403543869,0.7687273925965906,0.7073170731707317,0.7729468599033816,11937.540871479472,1,node+edge+subgraph+dynamic,62,0.3072749999992084,1.2540637999827595,betweenness,ca-GrQc,9,0.6113983801325373,0.7640828838823497,0.6829268292682927,0.7391304347826086,12163.243529215635,56,0.2913997000141535,1.2540637999827595,ca-GrQc,-0.007129460221849571,ca-GrQc ridge
0.486064479421766,0.6623666894380514,0.0,0.1980676328502415,0.1339607996006061,1,node+edge+subgraph,62,0.2868058999956702,1.2540637999827595,spread_resid,ca-GrQc,0,0.4857589193631094,0.6629606346961804,0.0,0.1739130434782608,0.1345160567362019,56,0.2864422000129707,1.2540637999827595,ca-GrQc,-0.0003055600586566176,ca-GrQc ridge
0.4852144454578104,0.6612903943345831,0.0,0.2077294685990338,0.134635715199454,1,node+edge+subgraph,62,0.2862688000022899,1.2540637999827595,spread_resid,ca-GrQc,1,0.4856206294802718,0.6629548694029117,0.0,0.1835748792270531,0.1345243114278816,56,0.2754029000061564,1.2540637999827595,ca-GrQc,0.00040618402246139773,ca-GrQc ridge
0.486559973538756,0.6632975560970841,0.0,0.1980676328502415,0.1346516132646304,1,node+edge+subgraph,62,0.2885613000034936,1.2540637999827595,spread_resid,ca-GrQc,2,0.48622980787004,0.6636177314215458,0.0,0.178743961352657,0.1356060917240125,56,0.3121374000038486,1.2540637999827595,ca-GrQc,-0.0003301656687160204,ca-GrQc ridge
0.4873902625281799,0.6641979137844066,0.0,0.2077294685990338,0.1340152048673847,1,node+edge+subgraph,62,0.2970232000006945,1.2540637999827595,spread_resid,ca-GrQc,3,0.4850620801526513,0.6620730095299461,0.0,0.1835748792270531,0.1350498567178466,56,0.2912903999967966,1.2540637999827595,ca-GrQc,-0.00232818237552862,ca-GrQc ridge
0.4884448680734512,0.665233519137813,0.0,0.1932367149758454,0.1339430309959159,1,node+edge+subgraph,62,0.2926076000003377,1.2540637999827595,spread_resid,ca-GrQc,4,0.4868075009264231,0.6644798523822195,0.0,0.1690821256038647,0.1348641334785913,56,0.3148546000011265,1.2540637999827595,ca-GrQc,-0.0016373671470281126,ca-GrQc ridge
0.4885596065888724,0.6654424261346873,0.0,0.2028985507246377,0.1337664580106209,1,node+edge+subgraph,62,0.2951358999998774,1.2540637999827595,spread_resid,ca-GrQc,5,0.4882633268869304,0.6659659104087068,0.0,0.1690821256038647,0.1344246897158449,56,0.31677989999298,1.2540637999827595,ca-GrQc,-0.0002962797019419594,ca-GrQc ridge
0.4862295888674064,0.6623213832241167,0.0,0.2028985507246377,0.1341512543433917,1,node+edge+subgraph,62,0.2875650000059977,1.2540637999827595,spread_resid,ca-GrQc,6,0.4864954504382351,0.663638185111687,0.0,0.1690821256038647,0.1346804693631693,56,0.2797666999977082,1.2540637999827595,ca-GrQc,0.000265861570828696,ca-GrQc ridge
0.4872242660109151,0.6638968967347904,0.0,0.1884057971014492,0.1341438343649199,1,node+edge+subgraph,62,0.2931115000028512,1.2540637999827595,spread_resid,ca-GrQc,7,0.4861586208653801,0.6633039880980421,0.0,0.1642512077294686,0.1349909730038503,56,0.2875780000176746,1.2540637999827595,ca-GrQc,-0.0010656451455350324,ca-GrQc ridge
0.4867666437737703,0.6630744882664145,0.0,0.2125603864734299,0.1344473555972866,1,node+edge+subgraph,62,0.2871931999980006,1.2540637999827595,spread_resid,ca-GrQc,8,0.4855791158198769,0.6620966992664842,0.0,0.1932367149758454,0.1352516091383837,56,0.3127499000111129,1.2540637999827595,ca-GrQc,-0.0011875279538934302,ca-GrQc ridge
0.488252785697189,0.6651291605570041,0.0,0.1932367149758454,0.1340028601510662,1,node+edge+subgraph,62,0.2900104000000283,1.2540637999827595,spread_resid,ca-GrQc,9,0.4876343405360311,0.6652843748404929,0.0,0.1690821256038647,0.13481846583613,56,0.2948477999889292,1.2540637999827595,ca-GrQc,-0.0006184451611578878,ca-GrQc ridge
0.486064479421766,0.6623666894380514,0.0,0.1980676328502415,0.1339607996006061,1,node+edge+subgraph+dynamic,62,0.2883990000045742,1.2540637999827595,spread_resid,ca-GrQc,0,0.4857589193631094,0.6629606346961804,0.0,0.1739130434782608,0.1345160567362019,56,0.3101277000096161,1.2540637999827595,ca-GrQc,-0.0003055600586566176,ca-GrQc ridge
0.4852144454578104,0.6612903943345831,0.0,0.2077294685990338,0.134635715199454,1,node+edge+subgraph+dynamic,62,0.2951019999964046,1.2540637999827595,spread_resid,ca-GrQc,1,0.4856206294802718,0.6629548694029117,0.0,0.1835748792270531,0.1345243114278816,56,0.3040103999956045,1.2540637999827595,ca-GrQc,0.00040618402246139773,ca-GrQc ridge
0.486559973538756,0.6632975560970841,0.0,0.1980676328502415,0.1346516132646304,1,node+edge+subgraph+dynamic,62,0.2917551999998977,1.2540637999827595,spread_resid,ca-GrQc,2,0.48622980787004,0.6636177314215458,0.0,0.178743961352657,0.1356060917240125,56,0.3071270000073127,1.2540637999827595,ca-GrQc,-0.0003301656687160204,ca-GrQc ridge
0.4873902625281799,0.6641979137844066,0.0,0.2077294685990338,0.1340152048673847,1,node+edge+subgraph+dynamic,62,0.2981294999990496,1.2540637999827595,spread_resid,ca-GrQc,3,0.4850620801526513,0.6620730095299461,0.0,0.1835748792270531,0.1350498567178466,56,0.3369386999984272,1.2540637999827595,ca-GrQc,-0.00232818237552862,ca-GrQc ridge
0.4884448680734512,0.665233519137813,0.0,0.1932367149758454,0.1339430309959159,1,node+edge+subgraph+dynamic,62,0.2898784999997588,1.2540637999827595,spread_resid,ca-GrQc,4,0.4868075009264231,0.6644798523822195,0.0,0.1690821256038647,0.1348641334785913,56,0.3449851999757811,1.2540637999827595,ca-GrQc,-0.0016373671470281126,ca-GrQc ridge
0.4885596065888724,0.6654424261346873,0.0,0.2028985507246377,0.1337664580106209,1,node+edge+subgraph+dynamic,62,0.2940765000021201,1.2540637999827595,spread_resid,ca-GrQc,5,0.4882633268869304,0.6659659104087068,0.0,0.1690821256038647,0.1344246897158449,56,0.3188928999879863,1.2540637999827595,ca-GrQc,-0.0002962797019419594,ca-GrQc ridge
0.4862295888674064,0.6623213832241167,0.0,0.2028985507246377,0.1341512543433917,1,node+edge+subgraph+dynamic,62,0.2965025000012247,1.2540637999827595,spread_resid,ca-GrQc,6,0.4864954504382351,0.663638185111687,0.0,0.1690821256038647,0.1346804693631693,56,0.3219644000055268,1.2540637999827595,ca-GrQc,0.000265861570828696,ca-GrQc ridge
0.4872242660109151,0.6638968967347904,0.0,0.1884057971014492,0.1341438343649199,1,node+edge+subgraph+dynamic,62,0.3034665000013774,1.2540637999827595,spread_resid,ca-GrQc,7,0.4861586208653801,0.6633039880980421,0.0,0.1642512077294686,0.1349909730038503,56,0.2828181999793742,1.2540637999827595,ca-GrQc,-0.0010656451455350324,ca-GrQc ridge
0.4867666437737703,0.6630744882664145,0.0,0.2125603864734299,0.1344473555972866,1,node+edge+subgraph+dynamic,62,0.2976303999967058,1.2540637999827595,spread_resid,ca-GrQc,8,0.4855791158198769,0.6620966992664842,0.0,0.1932367149758454,0.1352516091383837,56,0.2804329000064172,1.2540637999827595,ca-GrQc,-0.0011875279538934302,ca-GrQc ridge
0.488252785697189,0.6651291605570041,0.0,0.1932367149758454,0.1340028601510662,1,node+edge+subgraph+dynamic,62,0.2939982000025338,1.2540637999827595,spread_resid,ca-GrQc,9,0.4876343405360311,0.6652843748404929,0.0,0.1690821256038647,0.13481846583613,56,0.288247600023169,1.2540637999827595,ca-GrQc,-0.0006184451611578878,ca-GrQc ridge
0.9008405370646504,0.9850833117185585,0.8953488372093024,0.9211136890951276,0.1978611179765118,1,node+edge+subgraph,62,4.568271999996796,2.1808887000479444,spread_mean,ca-HepTh,0,0.8962951721935618,0.9836217989430268,0.9069767441860463,0.9187935034802784,0.206114842105295,56,4.971744599984959,2.1808887000479444,ca-HepTh,-0.004545364871088586,ca-HepTh rf
0.9013390948568296,0.9853844653696566,0.8953488372093024,0.9164733178654292,0.1989461964296775,1,node+edge+subgraph,62,4.685997100001259,2.1808887000479444,spread_mean,ca-HepTh,1,0.8967833267481377,0.9838788221449613,0.8953488372093024,0.9164733178654292,0.2048362793496284,56,4.923784799990244,2.1808887000479444,ca-HepTh,-0.00455576810869196,ca-HepTh rf
0.9016019290821816,0.9853073049004047,0.8953488372093024,0.9164733178654292,0.1984521508846911,1,node+edge+subgraph,62,4.943519699998433,2.1808887000479444,spread_mean,ca-HepTh,2,0.8971139303622547,0.9838914323354788,0.9069767441860463,0.9187935034802784,0.2071718717859328,56,5.038186299992958,2.1808887000479444,ca-HepTh,-0.004487998719926889,ca-HepTh rf
0.901205112296237,0.9852327460196576,0.9069767441860463,0.9118329466357308,0.1999861140607144,1,node+edge+subgraph,62,4.801089500000671,2.1808887000479444,spread_mean,ca-HepTh,3,0.8970024396910738,0.983873405247961,0.9186046511627908,0.9118329466357308,0.2068555406497742,56,4.9571778000099584,2.1808887000479444,ca-HepTh,-0.00420267260516316,ca-HepTh rf
0.9015580177419712,0.9854457476939908,0.9186046511627908,0.9118329466357308,0.19995659652297,1,node+edge+subgraph,62,4.597290400000929,2.1808887000479444,spread_mean,ca-HepTh,4,0.8965109431722893,0.9837447879857246,0.9069767441860463,0.9187935034802784,0.2069768562710279,56,4.906316000007792,2.1808887000479444,ca-HepTh,-0.0050470745696818975,ca-HepTh rf
0.901594048956444,0.9852507708254564,0.8837209302325582,0.9095127610208816,0.2025839928760878,1,node+edge+subgraph,62,4.565487799998664,2.1808887000479444,spread_mean,ca-HepTh,5,0.8969607623069065,0.9838874475110304,0.8837209302325582,0.9164733178654292,0.2104397004369149,56,4.964051199989626,2.1808887000479444,ca-HepTh,-0.004633286649537549,ca-HepTh rf
0.9008034457973428,0.9850880128423216,0.8953488372093024,0.91415313225058,0.1997658268236175,1,node+edge+subgraph,62,4.612779200000659,2.1808887000479444,spread_mean,ca-HepTh,6,0.896331238725503,0.9837099368052206,0.9069767441860463,0.9164733178654292,0.2060360218781613,56,4.85614779999014,2.1808887000479444,ca-HepTh,-0.004472207071839818,ca-HepTh rf
0.9009985024363742,0.985182221375172,0.8953488372093024,0.9211136890951276,0.1998981712825902,1,node+edge+subgraph,62,4.649361700001464,2.1808887000479444,spread_mean,ca-HepTh,7,0.8957571775882028,0.9834427008301182,0.8953488372093024,0.9211136890951276,0.2069558057519856,56,4.805356199998641,2.1808887000479444,ca-HepTh,-0.005241324848171414,ca-HepTh rf
0.901060403116515,0.9851789774422796,0.9186046511627908,0.9118329466357308,0.2012423912586582,1,node+edge+subgraph,62,4.807477599999402,2.1808887000479444,spread_mean,ca-HepTh,8,0.8966363589250379,0.9837700526137168,0.9069767441860463,0.91415313225058,0.2068281780256815,56,4.919563700008439,2.1808887000479444,ca-HepTh,-0.004424044191477128,ca-HepTh rf
0.9012728681351364,0.9853865234252668,0.8953488372093024,0.91415313225058,0.2016406253883153,1,node+edge+subgraph,62,4.841187199999695,2.1808887000479444,spread_mean,ca-HepTh,9,0.8967230595432696,0.9837965128627644,0.9069767441860463,0.9164733178654292,0.2063854473070432,56,4.897082799987402,2.1808887000479444,ca-HepTh,-0.004549808591866822,ca-HepTh rf
0.9008405370646504,0.9850833117185585,0.8953488372093024,0.9211136890951276,0.1978611179765118,1,node+edge+subgraph+dynamic,62,4.767403600002581,2.1808887000479444,spread_mean,ca-HepTh,0,0.8962951721935618,0.9836217989430268,0.9069767441860463,0.9187935034802784,0.206114842105295,56,4.829872500005877,2.1808887000479444,ca-HepTh,-0.004545364871088586,ca-HepTh rf
0.9013390948568296,0.9853844653696566,0.8953488372093024,0.9164733178654292,0.1989461964296774,1,node+edge+subgraph+dynamic,62,4.6735470999992685,2.1808887000479444,spread_mean,ca-HepTh,1,0.8967833267481377,0.9838788221449613,0.8953488372093024,0.9164733178654292,0.2048362793496284,56,4.912668699980713,2.1808887000479444,ca-HepTh,-0.00455576810869196,ca-HepTh rf
0.9016019290821816,0.9853073049004047,0.8953488372093024,0.9164733178654292,0.1984521508846911,1,node+edge+subgraph+dynamic,62,4.687639699997817,2.1808887000479444,spread_mean,ca-HepTh,2,0.8971139303622547,0.9838914323354788,0.9069767441860463,0.9187935034802784,0.2071718717859328,56,4.827159199980088,2.1808887000479444,ca-HepTh,-0.004487998719926889,ca-HepTh rf
0.901205112296237,0.9852327460196576,0.9069767441860463,0.9118329466357308,0.1999861140607144,1,node+edge+subgraph+dynamic,62,4.637949700001627,2.1808887000479444,spread_mean,ca-HepTh,3,0.8970024396910738,0.983873405247961,0.9186046511627908,0.9118329466357308,0.2068555406497742,56,4.800137399986852,2.1808887000479444,ca-HepTh,-0.00420267260516316,ca-HepTh rf
0.9015580177419712,0.9854457476939908,0.9186046511627908,0.9118329466357308,0.19995659652297,1,node+edge+subgraph+dynamic,62,4.748263900000893,2.1808887000479444,spread_mean,ca-HepTh,4,0.8965109431722893,0.9837447879857246,0.9069767441860463,0.9187935034802784,0.2069768562710278,56,4.773074400000041,2.1808887000479444,ca-HepTh,-0.0050470745696818975,ca-HepTh rf
0.901594048956444,0.9852507708254564,0.8837209302325582,0.9095127610208816,0.2025839928760878,1,node+edge+subgraph+dynamic,62,4.9781145000015385,2.1808887000479444,spread_mean,ca-HepTh,5,0.8969607623069065,0.9838874475110304,0.8837209302325582,0.9164733178654292,0.2104397004369149,56,4.5723859000136144,2.1808887000479444,ca-HepTh,-0.004633286649537549,ca-HepTh rf
0.9008034457973428,0.9850880128423216,0.8953488372093024,0.91415313225058,0.1997658268236176,1,node+edge+subgraph+dynamic,62,4.732591899999534,2.1808887000479444,spread_mean,ca-HepTh,6,0.896331238725503,0.9837099368052206,0.9069767441860463,0.9164733178654292,0.2060360218781613,56,4.815259900002275,2.1808887000479444,ca-HepTh,-0.004472207071839818,ca-HepTh rf
0.9009985024363742,0.985182221375172,0.8953488372093024,0.9211136890951276,0.1998981712825902,1,node+edge+subgraph+dynamic,62,4.683300299999246,2.1808887000479444,spread_mean,ca-HepTh,7,0.8957571775882028,0.9834427008301182,0.8953488372093024,0.9211136890951276,0.2069558057519856,56,6.702137299987953,2.1808887000479444,ca-HepTh,-0.005241324848171414,ca-HepTh rf
0.901060403116515,0.9851789774422796,0.9186046511627908,0.9118329466357308,0.2012423912586582,1,node+edge+subgraph+dynamic,62,4.684338999999454,2.1808887000479444,spread_mean,ca-HepTh,8,0.8966363589250379,0.9837700526137168,0.9069767441860463,0.91415313225058,0.2068281780256815,56,6.692431899980875,2.1808887000479444,ca-HepTh,-0.004424044191477128,ca-HepTh rf
0.9012728681351364,0.9853865234252668,0.8953488372093024,0.91415313225058,0.2016406253883153,1,node+edge+subgraph+dynamic,62,4.806048599999485,2.1808887000479444,spread_mean,ca-HepTh,9,0.8967230595432696,0.9837965128627644,0.9069767441860463,0.9164733178654292,0.2063854473070431,56,6.577141399990069,2.1808887000479444,ca-HepTh,-0.004549808591866822,ca-HepTh rf
0.6703261290098305,0.8493248211925434,0.3720930232558139,0.5266821345707656,0.3501414271357563,1,node+edge+subgraph,62,4.902753899998061,2.1808887000479444,spread_cv,ca-HepTh,0,0.6560641523656563,0.8384680382041824,0.3837209302325581,0.4756380510440835,0.3639790065025527,56,6.2933922999945935,2.1808887000479444,ca-HepTh,-0.014261976644174168,ca-HepTh rf
0.6711824165963894,0.8509816651398219,0.3604651162790697,0.5081206496519721,0.3484095079208361,1,node+edge+subgraph,62,4.708049900000333,2.1808887000479444,spread_cv,ca-HepTh,1,0.6576355580187847,0.8400623504770263,0.3604651162790697,0.482598607888631,0.3612400659837247,56,6.348436500004027,2.1808887000479444,ca-HepTh,-0.013546858577604737,ca-HepTh rf
0.6710635225244862,0.8501391649750895,0.3953488372093023,0.5127610208816705,0.3494393581523208,1,node+edge+subgraph,62,4.669663499997114,2.1808887000479444,spread_cv,ca-HepTh,2,0.6559067981456769,0.8383861968928714,0.3372093023255814,0.4733178654292343,0.3635442154004109,56,6.210528399999021,2.1808887000479444,ca-HepTh,-0.015156724378809328,ca-HepTh rf
0.6724669021544095,0.8511570925136683,0.4186046511627907,0.5127610208816705,0.3485300529344673,1,node+edge+subgraph,62,4.650225999997929,2.1808887000479444,spread_cv,ca-HepTh,3,0.6590061679739521,0.8412859245338274,0.3837209302325581,0.482598607888631,0.361128463060987,56,6.674729999998817,2.1808887000479444,ca-HepTh,-0.013460734180457457,ca-HepTh rf
0.6711879061235645,0.8506298778090113,0.4186046511627907,0.5127610208816705,0.3484720324051212,1,node+edge+subgraph,62,4.830837099998462,2.1808887000479444,spread_cv,ca-HepTh,4,0.6564327727720118,0.838825991888593,0.3953488372093023,0.4779582366589327,0.3631445347129384,56,6.522072699997807,2.1808887000479444,ca-HepTh,-0.014755133351552652,ca-HepTh rf
0.6699544092594184,0.849093828733259,0.4069767441860465,0.5359628770301624,0.3502194324557796,1,node+edge+subgraph,62,5.564882700000453,2.1808887000479444,spread_cv,ca-HepTh,5,0.6564710876605211,0.8389112703514422,0.3837209302325581,0.4895591647331787,0.3630160887822072,56,7.08409320001374,2.1808887000479444,ca-HepTh,-0.013483321598897313,ca-HepTh rf
0.6700964480161117,0.8496363296933933,0.3720930232558139,0.5104408352668214,0.3509381040910705,1,node+edge+subgraph,62,4.872573799999373,2.1808887000479444,spread_cv,ca-HepTh,6,0.6553458684585868,0.838195713786541,0.3255813953488372,0.4802784222737819,0.363811239245594,56,6.242814900004305,2.1808887000479444,ca-HepTh,-0.014750579557524901,ca-HepTh rf
0.6706181338917178,0.8498991216175696,0.4186046511627907,0.5150812064965197,0.3499762811931696,1,node+edge+subgraph,62,4.769802200000413,2.1808887000479444,spread_cv,ca-HepTh,7,0.6550817016645387,0.8375412903895751,0.3488372093023256,0.4756380510440835,0.3646067058617789,56,4.863628799997969,2.1808887000479444,ca-HepTh,-0.015536432227179042,ca-HepTh rf
0.6709037897417134,0.8506098617659859,0.3604651162790697,0.5220417633410673,0.3494908523340965,1,node+edge+subgraph,62,4.680365799998981,2.1808887000479444,spread_cv,ca-HepTh,8,0.6562734424493287,0.8392691838388839,0.3372093023255814,0.494199535962877,0.3631503957259264,56,4.828256400011014,2.1808887000479444,ca-HepTh,-0.01463034729238466,ca-HepTh rf
0.6705915210217517,0.8503617878251023,0.3953488372093023,0.5197215777262181,0.3489418361580847,1,node+edge+subgraph,62,4.684498700000404,2.1808887000479444,spread_cv,ca-HepTh,9,0.657540960785114,0.8401122362467583,0.3953488372093023,0.4872389791183295,0.3616360032320609,56,4.935045599995647,2.1808887000479444,ca-HepTh,-0.013050560236637643,ca-HepTh rf
0.6703261290098305,0.8493248211925434,0.3720930232558139,0.5266821345707656,0.3501414271357563,1,node+edge+subgraph+dynamic,62,4.669457500000135,2.1808887000479444,spread_cv,ca-HepTh,0,0.6560641523656563,0.8384680382041824,0.3837209302325581,0.4756380510440835,0.3639790065025527,56,5.093974999996135,2.1808887000479444,ca-HepTh,-0.014261976644174168,ca-HepTh rf
0.6711824165963894,0.8509816651398219,0.3604651162790697,0.5081206496519721,0.3484095079208362,1,node+edge+subgraph+dynamic,62,5.128893200002494,2.1808887000479444,spread_cv,ca-HepTh,1,0.6576355580187847,0.8400623504770263,0.3604651162790697,0.482598607888631,0.3612400659837246,56,5.674987499980489,2.1808887000479444,ca-HepTh,-0.013546858577604737,ca-HepTh rf
0.6710635225244862,0.8501391649750895,0.3953488372093023,0.5127610208816705,0.3494393581523208,1,node+edge+subgraph+dynamic,62,4.940581200000452,2.1808887000479444,spread_cv,ca-HepTh,2,0.6559067981456769,0.8383861968928714,0.3372093023255814,0.4733178654292343,0.3635442154004109,56,6.315829200000735,2.1808887000479444,ca-HepTh,-0.015156724378809328,ca-HepTh rf
0.6724669021544095,0.8511570925136683,0.4186046511627907,0.5127610208816705,0.3485300529344673,1,node+edge+subgraph+dynamic,62,4.659033199997793,2.1808887000479444,spread_cv,ca-HepTh,3,0.6590061679739521,0.8412859245338274,0.3837209302325581,0.482598607888631,0.361128463060987,56,5.91534910001792,2.1808887000479444,ca-HepTh,-0.013460734180457457,ca-HepTh rf
0.6711879061235645,0.8506298778090113,0.4186046511627907,0.5127610208816705,0.3484720324051212,1,node+edge+subgraph+dynamic,62,4.663314199999149,2.1808887000479444,spread_cv,ca-HepTh,4,0.6564327727720118,0.838825991888593,0.3953488372093023,0.4779582366589327,0.3631445347129384,56,6.286513999977615,2.1808887000479444,ca-HepTh,-0.014755133351552652,ca-HepTh rf
0.6699544092594184,0.849093828733259,0.4069767441860465,0.5359628770301624,0.3502194324557796,1,node+edge+subgraph+dynamic,62,4.656720599999972,2.1808887000479444,spread_cv,ca-HepTh,5,0.6564710876605211,0.8389112703514422,0.3837209302325581,0.4895591647331787,0.3630160887822072,56,5.591515599982813,2.1808887000479444,ca-HepTh,-0.013483321598897313,ca-HepTh rf
0.6700964480161117,0.8496363296933933,0.3720930232558139,0.5104408352668214,0.3509381040910705,1,node+edge+subgraph+dynamic,62,4.815657599996484,2.1808887000479444,spread_cv,ca-HepTh,6,0.6553458684585868,0.838195713786541,0.3255813953488372,0.4802784222737819,0.363811239245594,56,4.864207499980694,2.1808887000479444,ca-HepTh,-0.014750579557524901,ca-HepTh rf
0.6706181338917178,0.8498991216175696,0.4186046511627907,0.5150812064965197,0.3499762811931696,1,node+edge+subgraph+dynamic,62,4.987874999998894,2.1808887000479444,spread_cv,ca-HepTh,7,0.6550817016645387,0.8375412903895751,0.3488372093023256,0.4756380510440835,0.3646067058617788,56,4.972812000021804,2.1808887000479444,ca-HepTh,-0.015536432227179042,ca-HepTh rf
0.6709037897417134,0.8506098617659859,0.3604651162790697,0.5220417633410673,0.3494908523340965,1,node+edge+subgraph+dynamic,62,5.145275299997593,2.1808887000479444,spread_cv,ca-HepTh,8,0.6562734424493287,0.8392691838388839,0.3372093023255814,0.494199535962877,0.3631503957259264,56,4.902330900018569,2.1808887000479444,ca-HepTh,-0.01463034729238466,ca-HepTh rf
0.6705915210217517,0.8503617878251023,0.3953488372093023,0.5197215777262181,0.3489418361580847,1,node+edge+subgraph+dynamic,62,4.769116799998301,2.1808887000479444,spread_cv,ca-HepTh,9,0.657540960785114,0.8401122362467583,0.3953488372093023,0.4872389791183295,0.3616360032320609,56,4.8928190000006,2.1808887000479444,ca-HepTh,-0.013050560236637643,ca-HepTh rf
0.5452386156924028,0.7287473422419088,0.0697674418604651,0.3944315545243619,0.1070502041955152,1,node+edge+subgraph,62,4.637620400000742,2.1808887000479444,spread_resid,ca-HepTh,0,0.5332200747173518,0.7161454214384363,0.0,0.3758700696055684,0.1086742775072461,56,5.179580199997872,2.1808887000479444,ca-HepTh,-0.012018540975051062,ca-HepTh rf
0.546497234291655,0.7300837999766662,0.0581395348837209,0.3781902552204176,0.1070043290980971,1,node+edge+subgraph,62,4.6976553999993484,2.1808887000479444,spread_resid,ca-HepTh,1,0.5345437067027693,0.7174498470808842,0.0116279069767441,0.3874709976798144,0.1084025066400662,56,5.10803199998918,2.1808887000479444,ca-HepTh,-0.011953527588885682,ca-HepTh rf
0.5454604039065983,0.7292980064598743,0.0697674418604651,0.3874709976798144,0.1071930185386119,1,node+edge+subgraph,62,4.531951500001014,2.1808887000479444,spread_resid,ca-HepTh,2,0.533253402251368,0.7161424431319815,0.0116279069767441,0.3619489559164733,0.1086073992480353,56,5.07318999999552,2.1808887000479444,ca-HepTh,-0.012207001655230365,ca-HepTh rf
0.54603308835435,0.7300174252617292,0.0697674418604651,0.37122969837587,0.1074012507783032,1,node+edge+subgraph,62,4.5504312999983085,2.1808887000479444,spread_resid,ca-HepTh,3,0.5369007081666611,0.720347811513475,0.0116279069767441,0.3758700696055684,0.1080563670602492,56,4.958587200002512,2.1808887000479444,ca-HepTh,-0.009132380187688915,ca-HepTh rf
0.5451207168526042,0.7287296232862427,0.0581395348837209,0.3897911832946635,0.1070591805511014,1,node+edge+subgraph,62,4.458008199999313,2.1808887000479444,spread_resid,ca-HepTh,4,0.5340306683458881,0.7174234146937798,0.0116279069767441,0.3665893271461717,0.108609778899918,56,4.793036899995059,2.1808887000479444,ca-HepTh,-0.011090048506716133,ca-HepTh rf
0.5466919346199537,0.7299433551764911,0.0697674418604651,0.408352668213457,0.1070103780370343,1,node+edge+subgraph,62,4.69908939999732,2.1808887000479444,spread_resid,ca-HepTh,5,0.5340308624029088,0.7169156452987319,0.0116279069767441,0.37122969837587,0.108645123687433,56,4.9685197999933735,2.1808887000479444,ca-HepTh,-0.012661072217044933,ca-HepTh rf
0.5462619238951522,0.7298164697769367,0.0465116279069767,0.4013921113689095,0.1069160429584853,1,node+edge+subgraph,62,4.692269800001668,2.1808887000479444,spread_resid,ca-HepTh,6,0.5332987933740345,0.7163307608956769,0.0116279069767441,0.3735498839907192,0.1087127184499734,56,5.19524449997698,2.1808887000479444,ca-HepTh,-0.012963130521117638,ca-HepTh rf
0.5448575646373608,0.7286413259414581,0.0465116279069767,0.3944315545243619,0.1071936325369331,1,node+edge+subgraph,62,4.70727049999914,2.1808887000479444,spread_resid,ca-HepTh,7,0.5335995850497246,0.7168884247737658,0.0116279069767441,0.3596287703016241,0.1085023370565705,56,5.532424799981527,2.1808887000479444,ca-HepTh,-0.011257979587636191,ca-HepTh rf
0.5486313312832217,0.7327961511609558,0.0465116279069767,0.3990719257540603,0.1065620707603461,1,node+edge+subgraph,62,4.602430300001288,2.1808887000479444,spread_resid,ca-HepTh,8,0.5336540880313221,0.7172318056634381,0.0116279069767441,0.3758700696055684,0.1084044149602324,56,5.149462100001983,2.1808887000479444,ca-HepTh,-0.014977243251899641,ca-HepTh rf
0.5483907472406103,0.7326761277766124,0.0813953488372093,0.3990719257540603,0.1067358845709688,1,node+edge+subgraph,62,4.56984999999986,2.1808887000479444,spread_resid,ca-HepTh,9,0.5344776896394011,0.7179231418275284,0.0116279069767441,0.3596287703016241,0.1084274319167293,56,5.30032779998146,2.1808887000479444,ca-HepTh,-0.0139130576012092,ca-HepTh rf
0.5452386156924028,0.7287473422419088,0.0697674418604651,0.3944315545243619,0.1070502041955152,1,node+edge+subgraph+dynamic,62,4.528447699998651,2.1808887000479444,spread_resid,ca-HepTh,0,0.5332200747173518,0.7161454214384363,0.0,0.3758700696055684,0.1086742775072461,56,5.298448500019731,2.1808887000479444,ca-HepTh,-0.012018540975051062,ca-HepTh rf
0.546497234291655,0.7300837999766662,0.0581395348837209,0.3781902552204176,0.1070043290980971,1,node+edge+subgraph+dynamic,62,4.822912299998279,2.1808887000479444,spread_resid,ca-HepTh,1,0.5345437067027693,0.7174498470808842,0.0116279069767441,0.3874709976798144,0.1084025066400662,56,5.392169600003399,2.1808887000479444,ca-HepTh,-0.011953527588885682,ca-HepTh rf
0.5454604039065983,0.7292980064598743,0.0697674418604651,0.3874709976798144,0.1071930185386119,1,node+edge+subgraph+dynamic,62,4.679615300003206,2.1808887000479444,spread_resid,ca-HepTh,2,0.533253402251368,0.7161424431319815,0.0116279069767441,0.3619489559164733,0.1086073992480353,56,6.219852900016122,2.1808887000479444,ca-HepTh,-0.012207001655230365,ca-HepTh rf
0.54603308835435,0.7300174252617292,0.0697674418604651,0.37122969837587,0.1074012507783032,1,node+edge+subgraph+dynamic,62,4.610302499997488,2.1808887000479444,spread_resid,ca-HepTh,3,0.5369007081666611,0.720347811513475,0.0116279069767441,0.3758700696055684,0.1080563670602492,56,6.210520300024655,2.1808887000479444,ca-HepTh,-0.009132380187688915,ca-HepTh rf
0.5451207168526042,0.7287296232862427,0.0581395348837209,0.3897911832946635,0.1070591805511014,1,node+edge+subgraph+dynamic,62,4.640679700001783,2.1808887000479444,spread_resid,ca-HepTh,4,0.5340306683458881,0.7174234146937798,0.0116279069767441,0.3665893271461717,0.108609778899918,56,5.56186109999544,2.1808887000479444,ca-HepTh,-0.011090048506716133,ca-HepTh rf
0.5466919346199537,0.7299433551764911,0.0697674418604651,0.408352668213457,0.1070103780370343,1,node+edge+subgraph+dynamic,62,4.489753599998949,2.1808887000479444,spread_resid,ca-HepTh,5,0.5340308624029088,0.7169156452987319,0.0116279069767441,0.37122969837587,0.108645123687433,56,5.605453399999533,2.1808887000479444,ca-HepTh,-0.012661072217044933,ca-HepTh rf
0.5462619238951522,0.7298164697769367,0.0465116279069767,0.4013921113689095,0.1069160429584853,1,node+edge+subgraph+dynamic,62,4.491000599999097,2.1808887000479444,spread_resid,ca-HepTh,6,0.5332987933740345,0.7163307608956769,0.0116279069767441,0.3735498839907192,0.1087127184499734,56,6.230787800013786,2.1808887000479444,ca-HepTh,-0.012963130521117638,ca-HepTh rf
0.5448575646373608,0.7286413259414581,0.0465116279069767,0.3944315545243619,0.1071936325369331,1,node+edge+subgraph+dynamic,62,4.511424299998907,2.1808887000479444,spread_resid,ca-HepTh,7,0.5335995850497246,0.7168884247737658,0.0116279069767441,0.3596287703016241,0.1085023370565705,56,6.843023299996276,2.1808887000479444,ca-HepTh,-0.011257979587636191,ca-HepTh rf
0.5486313312832217,0.7327961511609558,0.0465116279069767,0.3990719257540603,0.1065620707603461,1,node+edge+subgraph+dynamic,62,4.613363100001152,2.1808887000479444,spread_resid,ca-HepTh,8,0.5336540880313221,0.7172318056634381,0.0116279069767441,0.3758700696055684,0.1084044149602324,56,6.502544899994973,2.1808887000479444,ca-HepTh,-0.014977243251899641,ca-HepTh rf
0.5483907472406103,0.7326761277766124,0.0813953488372093,0.3990719257540603,0.1067358845709688,1,node+edge+subgraph+dynamic,62,4.576844400002301,2.1808887000479444,spread_resid,ca-HepTh,9,0.5344776896394011,0.7179231418275284,0.0116279069767441,0.3596287703016241,0.1084274319167293,56,5.798749000008684,2.1808887000479444,ca-HepTh,-0.0139130576012092,ca-HepTh rf
0.8995017737625204,0.9813879673549069,0.6744186046511628,0.7470997679814385,26305.58196372352,1,node+edge+subgraph,62,4.320561799999268,2.1808887000479444,betweenness,ca-HepTh,0,0.8980203921480513,0.9808048574445216,0.6511627906976745,0.7494199535962877,26522.940942039477,56,4.914990999997826,2.1808887000479444,ca-HepTh,-0.0014813816144690906,ca-HepTh rf
0.8979580238853289,0.9805911648592316,0.7093023255813954,0.7563805104408353,25316.373383901988,1,node+edge+subgraph,62,4.463424399997166,2.1808887000479444,betweenness,ca-HepTh,1,0.8959832116048574,0.979671711643659,0.7093023255813954,0.7494199535962877,25370.43450618584,56,4.490927899983944,2.1808887000479444,ca-HepTh,-0.001974812280471472,ca-HepTh rf
0.8993988190929453,0.9811969950170928,0.6744186046511628,0.7494199535962877,24602.06172063708,1,node+edge+subgraph,62,4.40124619999915,2.1808887000479444,betweenness,ca-HepTh,2,0.8983014890630746,0.980852857068142,0.6744186046511628,0.7540603248259861,24748.929008250423,56,4.400103499996476,2.1808887000479444,ca-HepTh,-0.001097330029870669,ca-HepTh rf
0.899388840726276,0.9813156654202496,0.7093023255813954,0.7447795823665894,25503.360858694297,1,node+edge+subgraph,62,4.3343387999993865,2.1808887000479444,betweenness,ca-HepTh,3,0.897438645912398,0.9805278821624224,0.686046511627907,0.7563805104408353,25631.138752557552,56,4.525618399988161,2.1808887000479444,ca-HepTh,-0.0019501948138780367,ca-HepTh rf
0.8989356306192163,0.9810020788211276,0.6976744186046512,0.7494199535962877,25248.71101926666,1,node+edge+subgraph,62,4.241712999999436,2.1808887000479444,betweenness,ca-HepTh,4,0.8972576080745875,0.9803555420097234,0.686046511627907,0.7540603248259861,25462.934787856306,56,4.53596850001486,2.1808887000479444,ca-HepTh,-0.0016780225446287877,ca-HepTh rf
0.8994946794392901,0.981451502418818,0.6744186046511628,0.7494199535962877,24920.263956582483,1,node+edge+subgraph,62,4.252606799997011,2.1808887000479444,betweenness,ca-HepTh,5,0.8980137634427805,0.9809002998514896,0.6627906976744186,0.7447795823665894,25072.89888824241,56,4.619400299998233,2.1808887000479444,ca-HepTh,-0.0014809159965095686,ca-HepTh rf
0.8983110571275632,0.9808423390156316,0.6744186046511628,0.7424593967517401,25372.234746653165,1,node+edge+subgraph,62,4.32795509999778,2.1808887000479444,betweenness,ca-HepTh,6,0.8967237942349652,0.980251155810355,0.6744186046511628,0.740139211136891,25354.1032561195,56,4.484365899988916,2.1808887000479444,ca-HepTh,-0.0015872628925980292,ca-HepTh rf
0.8990511837181682,0.981140574057887,0.6744186046511628,0.7470997679814385,24925.5368990547,1,node+edge+subgraph,62,4.270741000000271,2.1808887000479444,betweenness,ca-HepTh,7,0.8976008605316703,0.9803836792252888,0.6744186046511628,0.7517401392111369,25064.807346428817,56,4.3620055000064895,2.1808887000479444,ca-HepTh,-0.0014503231864978483,ca-HepTh rf
0.8988532987175103,0.9809974313468218,0.686046511627907,0.7447795823665894,24615.70636247335,1,node+edge+subgraph,62,4.435411299997213,2.1808887000479444,betweenness,ca-HepTh,8,0.8973520386111632,0.9803298695545676,0.686046511627907,0.7354988399071926,24811.216881927296,56,4.453375999990385,2.1808887000479444,ca-HepTh,-0.001501260106347102,ca-HepTh rf
0.8986835051693036,0.980984909383738,0.6744186046511628,0.7494199535962877,24478.090406181025,1,node+edge+subgraph,62,4.439687500002037,2.1808887000479444,betweenness,ca-HepTh,9,0.8973154737749032,0.9803318312274044,0.6627906976744186,0.7540603248259861,24613.34040858964,56,4.461042500013718,2.1808887000479444,ca-HepTh,-0.0013680313944004485,ca-HepTh rf
0.8995017737625204,0.9813879673549069,0.6744186046511628,0.7470997679814385,26305.581963723525,1,node+edge+subgraph+dynamic,62,4.303132299999561,2.1808887000479444,betweenness,ca-HepTh,0,0.8980203921480513,0.9808048574445216,0.6511627906976745,0.7494199535962877,26522.940942039477,56,4.573261999990791,2.1808887000479444,ca-HepTh,-0.0014813816144690906,ca-HepTh rf
0.8979580238853289,0.9805911648592316,0.7093023255813954,0.7563805104408353,25316.373383901988,1,node+edge+subgraph+dynamic,62,4.277514800000063,2.1808887000479444,betweenness,ca-HepTh,1,0.8959832116048574,0.979671711643659,0.7093023255813954,0.7494199535962877,25370.43450618584,56,4.333382699987851,2.1808887000479444,ca-HepTh,-0.001974812280471472,ca-HepTh rf
0.8993988190929453,0.9811969950170928,0.6744186046511628,0.7494199535962877,24602.06172063708,1,node+edge+subgraph+dynamic,62,4.2271920000021055,2.1808887000479444,betweenness,ca-HepTh,2,0.8983014890630746,0.980852857068142,0.6744186046511628,0.7540603248259861,24748.929008250423,56,4.467014599998947,2.1808887000479444,ca-HepTh,-0.001097330029870669,ca-HepTh rf
0.899388840726276,0.9813156654202496,0.7093023255813954,0.7447795823665894,25503.360858694297,1,node+edge+subgraph+dynamic,62,4.378903299999365,2.1808887000479444,betweenness,ca-HepTh,3,0.897438645912398,0.9805278821624224,0.686046511627907,0.7563805104408353,25631.138752557552,56,4.589254600025015,2.1808887000479444,ca-HepTh,-0.0019501948138780367,ca-HepTh rf
0.8989356306192163,0.9810020788211276,0.6976744186046512,0.7494199535962877,25248.71101926666,1,node+edge+subgraph+dynamic,62,4.250489999998536,2.1808887000479444,betweenness,ca-HepTh,4,0.8972576080745875,0.9803555420097234,0.686046511627907,0.7540603248259861,25462.9347878563,56,4.492801799991867,2.1808887000479444,ca-HepTh,-0.0016780225446287877,ca-HepTh rf
0.8994946794392901,0.981451502418818,0.6744186046511628,0.7494199535962877,24920.263956582483,1,node+edge+subgraph+dynamic,62,4.526525799999945,2.1808887000479444,betweenness,ca-HepTh,5,0.8980137634427805,0.9809002998514896,0.6627906976744186,0.7447795823665894,25072.89888824241,56,4.520517500001006,2.1808887000479444,ca-HepTh,-0.0014809159965095686,ca-HepTh rf
0.8983110571275632,0.9808423390156316,0.6744186046511628,0.7424593967517401,25372.234746653165,1,node+edge+subgraph+dynamic,62,4.456314200000634,2.1808887000479444,betweenness,ca-HepTh,6,0.8967237942349652,0.980251155810355,0.6744186046511628,0.740139211136891,25354.1032561195,56,4.3861624999844935,2.1808887000479444,ca-HepTh,-0.0015872628925980292,ca-HepTh rf
0.8990511837181682,0.981140574057887,0.6744186046511628,0.7470997679814385,24925.5368990547,1,node+edge+subgraph+dynamic,62,4.226239299998269,2.1808887000479444,betweenness,ca-HepTh,7,0.8976008605316703,0.9803836792252888,0.6744186046511628,0.7517401392111369,25064.807346428817,56,4.669884399976581,2.1808887000479444,ca-HepTh,-0.0014503231864978483,ca-HepTh rf
0.8988532987175103,0.9809974313468218,0.686046511627907,0.7447795823665894,24615.70636247335,1,node+edge+subgraph+dynamic,62,4.27454410000064,2.1808887000479444,betweenness,ca-HepTh,8,0.8973520386111632,0.9803298695545676,0.686046511627907,0.7354988399071926,24811.216881927296,56,6.162731600023108,2.1808887000479444,ca-HepTh,-0.001501260106347102,ca-HepTh rf
0.8986835051693036,0.980984909383738,0.6744186046511628,0.7494199535962877,24478.090406181025,1,node+edge+subgraph+dynamic,62,4.2505592000015895,2.1808887000479444,betweenness,ca-HepTh,9,0.8973154737749032,0.9803318312274044,0.6627906976744186,0.7540603248259861,24613.34040858964,56,5.795369700004812,2.1808887000479444,ca-HepTh,-0.0013680313944004485,ca-HepTh rf
0.9017114926255676,0.9853122178235298,0.8953488372093024,0.9187935034802784,0.2037501613769686,1,node+edge+subgraph,62,1.3320020000028308,2.1808887000479444,spread_mean,ca-HepTh,0,0.8994895433980574,0.9847274162446904,0.8837209302325582,0.9164733178654292,0.2190551974262643,56,5.447205700009363,2.1808887000479444,ca-HepTh,-0.002221949227510178,ca-HepTh hgb
0.9019874475549158,0.9854217593703692,0.8953488372093024,0.9095127610208816,0.2078777988148356,1,node+edge+subgraph,62,1.2526937000002365,2.1808887000479444,spread_mean,ca-HepTh,1,0.8998419529324239,0.984873248628592,0.8953488372093024,0.9187935034802784,0.2246516040117377,56,1.4880023000005167,2.1808887000479444,ca-HepTh,-0.002145494622491917,ca-HepTh hgb
0.9020929745992002,0.985383246361492,0.8604651162790697,0.9211136890951276,0.2025767830016015,1,node+edge+subgraph,62,1.2199242999995477,2.1808887000479444,spread_mean,ca-HepTh,2,0.8996855941372173,0.9847859334038768,0.872093023255814,0.9095127610208816,0.2159237361652911,56,1.538981599995168,2.1808887000479444,ca-HepTh,-0.0024073804619829664,ca-HepTh hgb
0.9018899921218092,0.9853735889774844,0.872093023255814,0.9187935034802784,0.204745707593644,1,node+edge+subgraph,62,1.1177166999987094,2.1808887000479444,spread_mean,ca-HepTh,3,0.899997272288253,0.9848556149236536,0.8837209302325582,0.9164733178654292,0.2201213813562698,56,1.4715470999944955,2.1808887000479444,ca-HepTh,-0.0018927198335562112,ca-HepTh hgb
0.9019771845681024,0.9854086854827396,0.8837209302325582,0.9118329466357308,0.200041438231296,1,node+edge+subgraph,62,1.1842456000013044,2.1808887000479444,spread_mean,ca-HepTh,4,0.9000023349320782,0.9848680358281,0.8953488372093024,0.9118329466357308,0.209777625287388,56,1.4447691999957897,2.1808887000479444,ca-HepTh,-0.001974849636024234,ca-HepTh hgb
0.902526595013031,0.9855330383188294,0.8837209302325582,0.9118329466357308,0.2053733727443603,1,node+edge+subgraph,62,1.1202068999991752,2.1808887000479444,spread_mean,ca-HepTh,5,0.9000593053535993,0.98490638633011,0.8837209302325582,0.9048723897911832,0.2148530485938495,56,1.5242644000099972,2.1808887000479444,ca-HepTh,-0.0024672896594316596,ca-HepTh hgb
0.9017643257863924,0.9853489694729648,0.8953488372093024,0.91415313225058,0.204286008083998,1,node+edge+subgraph,62,1.0930399999997462,2.1808887000479444,spread_mean,ca-HepTh,6,0.8995061181053486,0.9847217602769992,0.872093023255814,0.9164733178654292,0.2116981764852188,56,1.4533298999886028,2.1808887000479444,ca-HepTh,-0.002258207681043789,ca-HepTh hgb
0.9017374344888218,0.9853441112444238,0.9069767441860463,0.9164733178654292,0.2053610337262824,1,node+edge+subgraph,62,1.0788124000027892,2.1808887000479444,spread_mean,ca-HepTh,7,0.8993759706661689,0.9846298501755698,0.8837209302325582,0.91415313225058,0.2141093061736908,56,1.4523257999971977,2.1808887000479444,ca-HepTh,-0.0023614638226528983,ca-HepTh hgb
0.901778803200621,0.985287908164468,0.8837209302325582,0.91415313225058,0.2062702003622913,1,node+edge+subgraph,62,1.1214418000017758,2.1808887000479444,spread_mean,ca-HepTh,8,0.8997146846716153,0.9847810116253076,0.8837209302325582,0.9187935034802784,0.2165122686864033,56,1.499782700004289,2.1808887000479444,ca-HepTh,-0.0020641185290056763,ca-HepTh hgb
0.902695954121221,0.9856090435638656,0.872093023255814,0.9118329466357308,0.1987525001820643,1,node+edge+subgraph,62,1.099175600000308,2.1808887000479444,spread_mean,ca-HepTh,9,0.9001431446872181,0.9849232843205435,0.8837209302325582,0.9187935034802784,0.205872638752721,56,1.4910449000017252,2.1808887000479444,ca-HepTh,-0.002552809434002823,ca-HepTh hgb
0.9017114926255676,0.9853122178235298,0.8953488372093024,0.9187935034802784,0.2037501613769686,1,node+edge+subgraph+dynamic,62,1.1569783000013558,2.1808887000479444,spread_mean,ca-HepTh,0,0.8994895433980574,0.9847274162446904,0.8837209302325582,0.9164733178654292,0.2190551974262643,56,1.571776600001613,2.1808887000479444,ca-HepTh,-0.002221949227510178,ca-HepTh hgb
0.9019874475549158,0.9854217593703692,0.8953488372093024,0.9095127610208816,0.2078777988148356,1,node+edge+subgraph+dynamic,62,1.0879934999975376,2.1808887000479444,spread_mean,ca-HepTh,1,0.8998419529324239,0.984873248628592,0.8953488372093024,0.9187935034802784,0.2246516040117377,56,1.5122837999952026,2.1808887000479444,ca-HepTh,-0.002145494622491917,ca-HepTh hgb
0.9020929745992002,0.985383246361492,0.8604651162790697,0.9211136890951276,0.2025767830016015,1,node+edge+subgraph+dynamic,62,1.1181700999950408,2.1808887000479444,spread_mean,ca-HepTh,2,0.8996855941372173,0.9847859334038768,0.872093023255814,0.9095127610208816,0.2159237361652911,56,1.541513100004522,2.1808887000479444,ca-HepTh,-0.0024073804619829664,ca-HepTh hgb
0.9018899921218092,0.9853735889774844,0.872093023255814,0.9187935034802784,0.204745707593644,1,node+edge+subgraph+dynamic,62,1.0829643000033684,2.1808887000479444,spread_mean,ca-HepTh,3,0.899997272288253,0.9848556149236536,0.8837209302325582,0.9164733178654292,0.2201213813562698,56,1.5034558000043037,2.1808887000479444,ca-HepTh,-0.0018927198335562112,ca-HepTh hgb
0.9019771845681024,0.9854086854827396,0.8837209302325582,0.9118329466357308,0.200041438231296,1,node+edge+subgraph+dynamic,62,1.1723207000031834,2.1808887000479444,spread_mean,ca-HepTh,4,0.9000023349320782,0.9848680358281,0.8953488372093024,0.9118329466357308,0.209777625287388,56,1.6062697999877855,2.1808887000479444,ca-HepTh,-0.001974849636024234,ca-HepTh hgb
0.902526595013031,0.9855330383188294,0.8837209302325582,0.9118329466357308,0.2053733727443603,1,node+edge+subgraph+dynamic,62,1.2000742999953218,2.1808887000479444,spread_mean,ca-HepTh,5,0.9000593053535993,0.98490638633011,0.8837209302325582,0.9048723897911832,0.2148530485938495,56,1.5765184000192676,2.1808887000479444,ca-HepTh,-0.0024672896594316596,ca-HepTh hgb
0.9017643257863924,0.9853489694729648,0.8953488372093024,0.91415313225058,0.204286008083998,1,node+edge+subgraph+dynamic,62,1.0735014999954728,2.1808887000479444,spread_mean,ca-HepTh,6,0.8995061181053486,0.9847217602769992,0.872093023255814,0.9164733178654292,0.2116981764852188,56,1.5234228000044825,2.1808887000479444,ca-HepTh,-0.002258207681043789,ca-HepTh hgb
0.9017374344888218,0.9853441112444238,0.9069767441860463,0.9164733178654292,0.2053610337262824,1,node+edge+subgraph+dynamic,62,1.0653369999999995,2.1808887000479444,spread_mean,ca-HepTh,7,0.8993759706661689,0.9846298501755698,0.8837209302325582,0.91415313225058,0.2141093061736908,56,1.5262790999840945,2.1808887000479444,ca-HepTh,-0.0023614638226528983,ca-HepTh hgb
0.901778803200621,0.985287908164468,0.8837209302325582,0.91415313225058,0.2062702003622913,1,node+edge+subgraph+dynamic,62,1.0719177999999374,2.1808887000479444,spread_mean,ca-HepTh,8,0.8997146846716153,0.9847810116253076,0.8837209302325582,0.9187935034802784,0.2165122686864033,56,1.5236985000083223,2.1808887000479444,ca-HepTh,-0.0020641185290056763,ca-HepTh hgb
0.902695954121221,0.9856090435638656,0.872093023255814,0.9118329466357308,0.1987525001820643,1,node+edge+subgraph+dynamic,62,1.09593699999823,2.1808887000479444,spread_mean,ca-HepTh,9,0.9001431446872181,0.9849232843205435,0.8837209302325582,0.9187935034802784,0.205872638752721,56,1.6300404999929017,2.1808887000479444,ca-HepTh,-0.002552809434002823,ca-HepTh hgb
0.6740291850454566,0.8527781859114308,0.3604651162790697,0.5266821345707656,0.3456340299616274,1,node+edge+subgraph,62,1.059144600003492,2.1808887000479444,spread_cv,ca-HepTh,0,0.662631126427329,0.8438830465434654,0.4069767441860465,0.4849187935034802,0.3570193978589056,56,1.848050000000512,2.1808887000479444,ca-HepTh,-0.011398058618127593,ca-HepTh hgb
0.6752613349247419,0.8538149878699832,0.3837209302325581,0.5290023201856149,0.3435291934323886,1,node+edge+subgraph,62,1.1223021000041626,2.1808887000479444,spread_cv,ca-HepTh,1,0.6645581543203805,0.8453601390759388,0.3837209302325581,0.4965197215777262,0.3547427116693323,56,1.7745625000097789,2.1808887000479444,ca-HepTh,-0.010703180604361484,ca-HepTh hgb
0.6752687103800373,0.853681277434312,0.4418604651162791,0.5359628770301624,0.3444279566060954,1,node+edge+subgraph,62,1.0943417999951637,2.1808887000479444,spread_cv,ca-HepTh,2,0.662725331998281,0.8438634162213926,0.3953488372093023,0.482598607888631,0.3568167387806763,56,1.8338373999868052,2.1808887000479444,ca-HepTh,-0.012543378381756343,ca-HepTh hgb
0.6747125862144877,0.8531249269771543,0.4186046511627907,0.5174013921113689,0.3456982520871484,1,node+edge+subgraph,62,1.276185800001258,2.1808887000479444,spread_cv,ca-HepTh,3,0.6645692273992231,0.8453774993303598,0.4069767441860465,0.4849187935034802,0.3553135711198229,56,1.718338200007565,2.1808887000479444,ca-HepTh,-0.010143358815264625,ca-HepTh hgb
0.6739829826445283,0.8529581884644318,0.4418604651162791,0.5336426914153132,0.3453724801243001,1,node+edge+subgraph,62,1.2976791000037338,2.1808887000479444,spread_cv,ca-HepTh,4,0.661716050963535,0.8430770762616009,0.3953488372093023,0.494199535962877,0.3578405128145269,56,1.743736500007799,2.1808887000479444,ca-HepTh,-0.012266931680993243,ca-HepTh hgb
0.6751840414200145,0.8535695121748297,0.4186046511627907,0.5475638051044084,0.3447583052820194,1,node+edge+subgraph,62,1.2245693000004394,2.1808887000479444,spread_cv,ca-HepTh,5,0.662744890284673,0.8436902013588554,0.3953488372093023,0.5034802784222738,0.3565328248467481,56,1.8170118999842089,2.1808887000479444,ca-HepTh,-0.012439151135341553,ca-HepTh hgb
0.6747471931082754,0.8535918558845126,0.3953488372093023,0.54292343387471,0.3449650121821466,1,node+edge+subgraph,62,1.0759812999967835,2.1808887000479444,spread_cv,ca-HepTh,6,0.6627060021458552,0.843916276878561,0.3837209302325581,0.4918793503480278,0.3567289844214748,56,1.718788999976823,2.1808887000479444,ca-HepTh,-0.012041190962420179,ca-HepTh hgb
0.6735901380575636,0.8523926226915485,0.4069767441860465,0.5290023201856149,0.3457970189713296,1,node+edge+subgraph,62,1.1021856000006665,2.1808887000479444,spread_cv,ca-HepTh,7,0.6626521260905534,0.8438617938984018,0.4418604651162791,0.5011600928074246,0.3572411473893474,56,1.8621313000039663,2.1808887000479444,ca-HepTh,-0.010938011967010275,ca-HepTh hgb
0.6740161675919704,0.8527320758510225,0.3837209302325581,0.5382830626450116,0.3455545180544458,1,node+edge+subgraph,62,1.111515499993402,2.1808887000479444,spread_cv,ca-HepTh,8,0.6628758303959666,0.8440944193450619,0.3953488372093023,0.5011600928074246,0.3565485884118632,56,1.963889900012873,2.1808887000479444,ca-HepTh,-0.011140337196003713,ca-HepTh hgb
0.6755990058122346,0.8545728593717876,0.3837209302325581,0.5382830626450116,0.3430936058218009,1,node+edge+subgraph,62,1.0840769999995246,2.1808887000479444,spread_cv,ca-HepTh,9,0.6645607351674049,0.8456360445409815,0.3837209302325581,0.4872389791183295,0.3548191032314125,56,1.8602677999879236,2.1808887000479444,ca-HepTh,-0.011038270644829762,ca-HepTh hgb
0.6740291850454566,0.8527781859114308,0.3604651162790697,0.5266821345707656,0.3456340299616274,1,node+edge+subgraph+dynamic,62,1.0884904999984428,2.1808887000479444,spread_cv,ca-HepTh,0,0.662631126427329,0.8438830465434654,0.4069767441860465,0.4849187935034802,0.3570193978589056,56,1.8837106999999376,2.1808887000479444,ca-HepTh,-0.011398058618127593,ca-HepTh hgb
0.6752613349247419,0.8538149878699832,0.3837209302325581,0.5290023201856149,0.3435291934323886,1,node+edge+subgraph+dynamic,62,1.0885051999939606,2.1808887000479444,spread_cv,ca-HepTh,1,0.6645581543203805,0.8453601390759388,0.3837209302325581,0.4965197215777262,0.3547427116693323,56,1.870937600004254,2.1808887000479444,ca-HepTh,-0.010703180604361484,ca-HepTh hgb
0.6752687103800373,0.853681277434312,0.4418604651162791,0.5359628770301624,0.3444279566060954,1,node+edge+subgraph+dynamic,62,1.0982402000008733,2.1808887000479444,spread_cv,ca-HepTh,2,0.662725331998281,0.8438634162213926,0.3953488372093023,0.482598607888631,0.3568167387806763,56,1.9174159000103828,2.1808887000479444,ca-HepTh,-0.012543378381756343,ca-HepTh hgb
0.6747125862144877,0.8531249269771543,0.4186046511627907,0.5174013921113689,0.3456982520871484,1,node+edge+subgraph+dynamic,62,1.0686118000012357,2.1808887000479444,spread_cv,ca-HepTh,3,0.6645692273992231,0.8453774993303598,0.4069767441860465,0.4849187935034802,0.3553135711198229,56,1.788418099982664,2.1808887000479444,ca-HepTh,-0.010143358815264625,ca-HepTh hgb
0.6739829826445283,0.8529581884644318,0.4418604651162791,0.5336426914153132,0.3453724801243001,1,node+edge+subgraph+dynamic,62,1.0734154999954626,2.1808887000479444,spread_cv,ca-HepTh,4,0.661716050963535,0.8430770762616009,0.3953488372093023,0.494199535962877,0.3578405128145269,56,1.8728993000113403,2.1808887000479444,ca-HepTh,-0.012266931680993243,ca-HepTh hgb
0.6751840414200145,0.8535695121748297,0.4186046511627907,0.5475638051044084,0.3447583052820194,1,node+edge+subgraph+dynamic,62,1.0981002999978955,2.1808887000479444,spread_cv,ca-HepTh,5,0.662744890284673,0.8436902013588554,0.3953488372093023,0.5034802784222738,0.3565328248467481,56,1.7630307000072207,2.1808887000479444,ca-HepTh,-0.012439151135341553,ca-HepTh hgb
0.6747471931082754,0.8535918558845126,0.3953488372093023,0.54292343387471,0.3449650121821466,1,node+edge+subgraph+dynamic,62,1.0602131999985431,2.1808887000479444,spread_cv,ca-HepTh,6,0.6627060021458552,0.843916276878561,0.3837209302325581,0.4918793503480278,0.3567289844214748,56,1.7875289000221528,2.1808887000479444,ca-HepTh,-0.012041190962420179,ca-HepTh hgb
0.6735901380575636,0.8523926226915485,0.4069767441860465,0.5290023201856149,0.3457970189713296,1,node+edge+subgraph+dynamic,62,1.109936100001505,2.1808887000479444,spread_cv,ca-HepTh,7,0.6626521260905534,0.8438617938984018,0.4418604651162791,0.5011600928074246,0.3572411473893474,56,1.9299016000004483,2.1808887000479444,ca-HepTh,-0.010938011967010275,ca-HepTh hgb
0.6740161675919704,0.8527320758510225,0.3837209302325581,0.5382830626450116,0.3455545180544458,1,node+edge+subgraph+dynamic,62,1.2315715000004277,2.1808887000479444,spread_cv,ca-HepTh,8,0.6628758303959666,0.8440944193450619,0.3953488372093023,0.5011600928074246,0.3565485884118632,56,1.9538287000032144,2.1808887000479444,ca-HepTh,-0.011140337196003713,ca-HepTh hgb
0.6755990058122346,0.8545728593717876,0.3837209302325581,0.5382830626450116,0.3430936058218009,1,node+edge+subgraph+dynamic,62,1.1641552000000956,2.1808887000479444,spread_cv,ca-HepTh,9,0.6645607351674049,0.8456360445409815,0.3837209302325581,0.4872389791183295,0.3548191032314125,56,1.7241911000164691,2.1808887000479444,ca-HepTh,-0.011038270644829762,ca-HepTh hgb
0.7656909241473379,0.907176917071154,0.6627906976744186,0.7378190255220418,25771.575387407363,1,node+edge+subgraph,62,1.1128203000043868,2.1808887000479444,betweenness,ca-HepTh,0,0.767331711813637,0.9085562778195108,0.6395348837209303,0.7215777262180975,26415.93527011896,56,1.537352399987867,2.1808887000479444,ca-HepTh,0.0016407876662991594,ca-HepTh hgb
0.7614878256528823,0.9040880695503136,0.6627906976744186,0.7424593967517401,26641.621819287277,1,node+edge+subgraph,62,1.0365201000022353,2.1808887000479444,betweenness,ca-HepTh,1,0.7681031641160505,0.9092784718384984,0.6511627906976745,0.740139211136891,26326.80790858552,56,1.5223835999786388,2.1808887000479444,ca-HepTh,0.006615338463168197,ca-HepTh hgb
0.7656839226055939,0.9072806973613694,0.6744186046511628,0.7494199535962877,25285.92914988041,1,node+edge+subgraph,62,0.973206399998162,2.1808887000479444,betweenness,ca-HepTh,2,0.766721356990687,0.9076896742143274,0.6627906976744186,0.7447795823665894,25835.959393885696,56,1.5099683000007644,2.1808887000479444,ca-HepTh,0.0010374343850930723,ca-HepTh hgb
0.7649400349592886,0.9058977161156784,0.6627906976744186,0.7354988399071926,26022.42195910252,1,node+edge+subgraph,62,0.9776811999981874,2.1808887000479444,betweenness,ca-HepTh,3,0.7684296725794474,0.9094356173687026,0.6627906976744186,0.7308584686774942,26397.99665982946,56,1.568796800012933,2.1808887000479444,ca-HepTh,0.0034896376201587476,ca-HepTh hgb
0.7638017110430599,0.905728151799682,0.6395348837209303,0.7517401392111369,26825.20362020902,1,node+edge+subgraph,62,1.03212910000002,2.1808887000479444,betweenness,ca-HepTh,4,0.7686614704152023,0.9097449565791794,0.6627906976744186,0.7470997679814385,26986.262466318167,56,1.5316801000153646,2.1808887000479444,ca-HepTh,0.004859759372142336,ca-HepTh hgb
0.7691888013726901,0.9102847006048266,0.6511627906976745,0.7378190255220418,25625.51663736524,1,node+edge+subgraph,62,0.9855406999995466,2.1808887000479444,betweenness,ca-HepTh,5,0.7683210591989249,0.9088610368965871,0.6627906976744186,0.7308584686774942,25909.58883035995,56,1.5664410000026692,2.1808887000479444,ca-HepTh,-0.0008677421737651736,ca-HepTh hgb
0.7666743578166696,0.9075739815858672,0.6744186046511628,0.7354988399071926,26614.264791547237,1,node+edge+subgraph,62,0.9702925000019604,2.1808887000479444,betweenness,ca-HepTh,6,0.7680474195142664,0.9091253143726572,0.686046511627907,0.728538283062645,27052.873559666597,56,1.4888439000060316,2.1808887000479444,ca-HepTh,0.0013730616975967669,ca-HepTh hgb
0.7691633634345354,0.9098259501761684,0.6511627906976745,0.7587006960556845,25400.519663092084,1,node+edge+subgraph,62,0.988878799995291,2.1808887000479444,betweenness,ca-HepTh,7,0.7670506013581174,0.908508611208408,0.627906976744186,0.728538283062645,26046.484867704312,56,1.5913268000003882,2.1808887000479444,ca-HepTh,-0.0021127620764179733,ca-HepTh hgb
0.7643611516651115,0.9057405237442424,0.6511627906976745,0.7424593967517401,25646.00966600013,1,node+edge+subgraph,62,0.9924883999992744,2.1808887000479444,betweenness,ca-HepTh,8,0.7708413647939614,0.9112048939417032,0.6395348837209303,0.7354988399071926,25681.10291480858,56,1.6599525999918114,2.1808887000479444,ca-HepTh,0.006480213128849832,ca-HepTh hgb
0.765663897029024,0.9071055362666364,0.6627906976744186,0.7424593967517401,26205.691894874995,1,node+edge+subgraph,62,0.987420600002224,2.1808887000479444,betweenness,ca-HepTh,9,0.7679305705457806,0.9087408668527496,0.6511627906976745,0.7331786542923434,26492.051172314863,56,1.5857601999887263,2.1808887000479444,ca-HepTh,0.002266673516756579,ca-HepTh hgb
0.7656909241473379,0.907176917071154,0.6627906976744186,0.7378190255220418,25771.575387407363,1,node+edge+subgraph+dynamic,62,0.9513789000047836,2.1808887000479444,betweenness,ca-HepTh,0,0.767331711813637,0.9085562778195108,0.6395348837209303,0.7215777262180975,26415.93527011896,56,1.6256750000175089,2.1808887000479444,ca-HepTh,0.0016407876662991594,ca-HepTh hgb
0.7614878256528823,0.9040880695503136,0.6627906976744186,0.7424593967517401,26641.621819287277,1,node+edge+subgraph+dynamic,62,1.0223227999958908,2.1808887000479444,betweenness,ca-HepTh,1,0.7681031641160505,0.9092784718384984,0.6511627906976745,0.740139211136891,26326.80790858552,56,1.5955246999801602,2.1808887000479444,ca-HepTh,0.006615338463168197,ca-HepTh hgb
0.7656839226055939,0.9072806973613694,0.6744186046511628,0.7494199535962877,25285.92914988041,1,node+edge+subgraph+dynamic,62,0.9937772000048426,2.1808887000479444,betweenness,ca-HepTh,2,0.766721356990687,0.9076896742143274,0.6627906976744186,0.7447795823665894,25835.959393885696,56,1.4855405999987852,2.1808887000479444,ca-HepTh,0.0010374343850930723,ca-HepTh hgb
0.7649400349592886,0.9058977161156784,0.6627906976744186,0.7354988399071926,26022.42195910252,1,node+edge+subgraph+dynamic,62,1.0372460999933537,2.1808887000479444,betweenness,ca-HepTh,3,0.7684296725794474,0.9094356173687026,0.6627906976744186,0.7308584686774942,26397.99665982946,56,1.54461439998704,2.1808887000479444,ca-HepTh,0.0034896376201587476,ca-HepTh hgb
0.7638017110430599,0.905728151799682,0.6395348837209303,0.7517401392111369,26825.20362020902,1,node+edge+subgraph+dynamic,62,1.0195043999992777,2.1808887000479444,betweenness,ca-HepTh,4,0.7686614704152023,0.9097449565791794,0.6627906976744186,0.7470997679814385,26986.262466318167,56,1.4998771999962628,2.1808887000479444,ca-HepTh,0.004859759372142336,ca-HepTh hgb
0.7691888013726901,0.9102847006048266,0.6511627906976745,0.7378190255220418,25625.51663736524,1,node+edge+subgraph+dynamic,62,1.069692800003395,2.1808887000479444,betweenness,ca-HepTh,5,0.7683210591989249,0.9088610368965871,0.6627906976744186,0.7308584686774942,25909.58883035995,56,1.540330100018764,2.1808887000479444,ca-HepTh,-0.0008677421737651736,ca-HepTh hgb
0.7666743578166696,0.9075739815858672,0.6744186046511628,0.7354988399071926,26614.264791547237,1,node+edge+subgraph+dynamic,62,1.1100404000026174,2.1808887000479444,betweenness,ca-HepTh,6,0.7680474195142664,0.9091253143726572,0.686046511627907,0.728538283062645,27052.873559666597,56,1.5426039000158198,2.1808887000479444,ca-HepTh,0.0013730616975967669,ca-HepTh hgb
0.7691633634345354,0.9098259501761684,0.6511627906976745,0.7587006960556845,25400.519663092084,1,node+edge+subgraph+dynamic,62,1.1057190999999875,2.1808887000479444,betweenness,ca-HepTh,7,0.7670506013581174,0.908508611208408,0.627906976744186,0.728538283062645,26046.484867704312,56,1.5519259000138843,2.1808887000479444,ca-HepTh,-0.0021127620764179733,ca-HepTh hgb
0.7643611516651115,0.9057405237442424,0.6511627906976745,0.7424593967517401,25646.00966600013,1,node+edge+subgraph+dynamic,62,1.089188700003433,2.1808887000479444,betweenness,ca-HepTh,8,0.7708413647939614,0.9112048939417032,0.6395348837209303,0.7354988399071926,25681.10291480858,56,1.538605700014159,2.1808887000479444,ca-HepTh,0.006480213128849832,ca-HepTh hgb
0.765663897029024,0.9071055362666364,0.6627906976744186,0.7424593967517401,26205.691894874995,1,node+edge+subgraph+dynamic,62,1.1023623000000953,2.1808887000479444,betweenness,ca-HepTh,9,0.7679305705457806,0.9087408668527496,0.6511627906976745,0.7331786542923434,26492.051172314863,56,1.5261090000276454,2.1808887000479444,ca-HepTh,0.002266673516756579,ca-HepTh hgb
0.5520690381206863,0.7360562851297093,0.0465116279069767,0.4037122969837587,0.1055309643094014,1,node+edge+subgraph,62,1.043244099993899,2.1808887000479444,spread_resid,ca-HepTh,0,0.5414790170036743,0.7255101720971108,0.0116279069767441,0.3897911832946635,0.1071041874439347,56,1.801380999997491,2.1808887000479444,ca-HepTh,-0.010590021117012016,ca-HepTh hgb
0.553655676298115,0.7382809930022827,0.0581395348837209,0.408352668213457,0.1052869786438728,1,node+edge+subgraph,62,1.057468400002108,2.1808887000479444,spread_resid,ca-HepTh,1,0.5404173659245022,0.7245160755050142,0.0116279069767441,0.3897911832946635,0.1073174362883639,56,1.7576903000008317,2.1808887000479444,ca-HepTh,-0.013238310373612783,ca-HepTh hgb
0.5533114520376985,0.7375680470379457,0.0116279069767441,0.3990719257540603,0.1052827669564497,1,node+edge+subgraph,62,1.0546049999975369,2.1808887000479444,spread_resid,ca-HepTh,2,0.5412438080722893,0.7252084975021105,0.0116279069767441,0.382830626450116,0.1071528979205936,56,1.712663500016788,2.1808887000479444,ca-HepTh,-0.012067643965409158,ca-HepTh hgb
0.5534096971289391,0.738082562086796,0.0348837209302325,0.3990719257540603,0.1053966761933781,1,node+edge+subgraph,62,1.072698199997831,2.1808887000479444,spread_resid,ca-HepTh,3,0.5438329845658094,0.7285949078797882,0.0116279069767441,0.382830626450116,0.1068048514954593,56,1.791670000005979,2.1808887000479444,ca-HepTh,-0.009576712563129641,ca-HepTh hgb
0.5531275902440851,0.7375865508896905,0.0348837209302325,0.4106728538283062,0.1053425010718953,1,node+edge+subgraph,62,1.073407000003499,2.1808887000479444,spread_resid,ca-HepTh,4,0.5416069362163932,0.7257267974198531,0.0116279069767441,0.3921113689095127,0.1070118922276514,56,1.8066295999742576,2.1808887000479444,ca-HepTh,-0.011520654027691868,ca-HepTh hgb
0.5530326998859467,0.7370442714328023,0.0,0.4037122969837587,0.1054254038532902,1,node+edge+subgraph,62,1.0831984999967972,2.1808887000479444,spread_resid,ca-HepTh,5,0.5400833768757111,0.7240789613833885,0.0116279069767441,0.3921113689095127,0.1073279979813627,56,1.736829699977534,2.1808887000479444,ca-HepTh,-0.012949323010235658,ca-HepTh hgb
0.5532106551343874,0.7375676654771429,0.0116279069767441,0.4037122969837587,0.1052912441955982,1,node+edge+subgraph,62,1.0813248999984353,2.1808887000479444,spread_resid,ca-HepTh,6,0.5406850558782503,0.7251367693388237,0.0116279069767441,0.3874709976798144,0.107146971236066,56,1.6837688999949023,2.1808887000479444,ca-HepTh,-0.012525599256137054,ca-HepTh hgb
0.5530229574139794,0.7375671484270733,0.0348837209302325,0.3851508120649652,0.1054902046902236,1,node+edge+subgraph,62,1.0641514000017196,2.1808887000479444,spread_resid,ca-HepTh,7,0.5413519462164516,0.7259780204069862,0.0116279069767441,0.3851508120649652,0.1070815160120523,56,1.697928299981868,2.1808887000479444,ca-HepTh,-0.011671011197527892,ca-HepTh hgb
0.5551498277727609,0.7394782771631795,0.0465116279069767,0.4176334106728538,0.1048761535268989,1,node+edge+subgraph,62,1.0396048999973573,2.1808887000479444,spread_resid,ca-HepTh,8,0.5431687069420935,0.7275100353288753,0.0116279069767441,0.3897911832946635,0.1067202984351317,56,1.6856011000054425,2.1808887000479444,ca-HepTh,-0.01198112083066738,ca-HepTh hgb
0.5539176405100628,0.7384972223675063,0.0116279069767441,0.3990719257540603,0.1050420202732899,1,node+edge+subgraph,62,1.0608044999971753,2.1808887000479444,spread_resid,ca-HepTh,9,0.5422459696434564,0.7269499530351564,0.0116279069767441,0.3874709976798144,0.1068513875377894,56,1.7476179999939632,2.1808887000479444,ca-HepTh,-0.011671670866606365,ca-HepTh hgb
0.5520690381206863,0.7360562851297093,0.0465116279069767,0.4037122969837587,0.1055309643094014,1,node+edge+subgraph+dynamic,62,1.0672182999987854,2.1808887000479444,spread_resid,ca-HepTh,0,0.5414790170036743,0.7255101720971108,0.0116279069767441,0.3897911832946635,0.1071041874439347,56,1.8295630000066008,2.1808887000479444,ca-HepTh,-0.010590021117012016,ca-HepTh hgb
0.553655676298115,0.7382809930022827,0.0581395348837209,0.408352668213457,0.1052869786438728,1,node+edge+subgraph+dynamic,62,1.0523498999973526,2.1808887000479444,spread_resid,ca-HepTh,1,0.5404173659245022,0.7245160755050142,0.0116279069767441,0.3897911832946635,0.1073174362883639,56,1.7197285000002012,2.1808887000479444,ca-HepTh,-0.013238310373612783,ca-HepTh hgb
0.5533114520376985,0.7375680470379457,0.0116279069767441,0.3990719257540603,0.1052827669564497,1,node+edge+subgraph+dynamic,62,1.2499498999968637,2.1808887000479444,spread_resid,ca-HepTh,2,0.5412438080722893,0.7252084975021105,0.0116279069767441,0.382830626450116,0.1071528979205936,56,1.7130730999924708,2.1808887000479444,ca-HepTh,-0.012067643965409158,ca-HepTh hgb
0.5534096971289391,0.738082562086796,0.0348837209302325,0.3990719257540603,0.1053966761933781,1,node+edge+subgraph+dynamic,62,1.2365541999970446,2.1808887000479444,spread_resid,ca-HepTh,3,0.5438329845658094,0.7285949078797882,0.0116279069767441,0.382830626450116,0.1068048514954593,56,1.7777282999886663,2.1808887000479444,ca-HepTh,-0.009576712563129641,ca-HepTh hgb
0.5531275902440851,0.7375865508896905,0.0348837209302325,0.4106728538283062,0.1053425010718953,1,node+edge+subgraph+dynamic,62,1.2029570000013337,2.1808887000479444,spread_resid,ca-HepTh,4,0.5416069362163932,0.7257267974198531,0.0116279069767441,0.3921113689095127,0.1070118922276514,56,1.7833901999983937,2.1808887000479444,ca-HepTh,-0.011520654027691868,ca-HepTh hgb
0.5530326998859467,0.7370442714328023,0.0,0.4037122969837587,0.1054254038532902,1,node+edge+subgraph+dynamic,62,1.1942477999982657,2.1808887000479444,spread_resid,ca-HepTh,5,0.5400833768757111,0.7240789613833885,0.0116279069767441,0.3921113689095127,0.1073279979813627,56,1.782324300002074,2.1808887000479444,ca-HepTh,-0.012949323010235658,ca-HepTh hgb
0.5532106551343874,0.7375676654771429,0.0116279069767441,0.4037122969837587,0.1052912441955982,1,node+edge+subgraph+dynamic,62,1.1533836999951743,2.1808887000479444,spread_resid,ca-HepTh,6,0.5406850558782503,0.7251367693388237,0.0116279069767441,0.3874709976798144,0.107146971236066,56,1.7325200000195764,2.1808887000479444,ca-HepTh,-0.012525599256137054,ca-HepTh hgb
0.5530229574139794,0.7375671484270733,0.0348837209302325,0.3851508120649652,0.1054902046902236,1,node+edge+subgraph+dynamic,62,1.0583115999979782,2.1808887000479444,spread_resid,ca-HepTh,7,0.5413519462164516,0.7259780204069862,0.0116279069767441,0.3851508120649652,0.1070815160120523,56,1.7646526000171434,2.1808887000479444,ca-HepTh,-0.011671011197527892,ca-HepTh hgb
0.5551498277727609,0.7394782771631795,0.0465116279069767,0.4176334106728538,0.1048761535268989,1,node+edge+subgraph+dynamic,62,1.085835699996096,2.1808887000479444,spread_resid,ca-HepTh,8,0.5431687069420935,0.7275100353288753,0.0116279069767441,0.3897911832946635,0.1067202984351317,56,1.7822174000029918,2.1808887000479444,ca-HepTh,-0.01198112083066738,ca-HepTh hgb
0.5539176405100628,0.7384972223675063,0.0116279069767441,0.3990719257540603,0.1050420202732899,1,node+edge+subgraph+dynamic,62,1.0776952000014717,2.1808887000479444,spread_resid,ca-HepTh,9,0.5422459696434564,0.7269499530351564,0.0116279069767441,0.3874709976798144,0.1068513875377894,56,1.7395650999969805,2.1808887000479444,ca-HepTh,-0.011671670866606365,ca-HepTh hgb
0.9024492351980392,0.98549144922623,0.8837209302325582,0.9164733178654292,0.2105531190735755,1,node+edge+subgraph,62,1.6395139000014751,2.1808887000479444,spread_mean,ca-HepTh,0,0.8998678008322992,0.9847786615988388,0.9069767441860463,0.9164733178654292,0.2224218931226841,56,6.046659799991176,2.1808887000479444,ca-HepTh,-0.0025814343657399874,ca-HepTh hgb_matched
0.9028824377894886,0.9856101687119668,0.872093023255814,0.9187935034802784,0.2136450462024285,1,node+edge+subgraph,62,1.5827180000051158,2.1808887000479444,spread_mean,ca-HepTh,1,0.9000708495142569,0.9848377528540916,0.872093023255814,0.9234338747099768,0.22602111010019,56,1.518891399988206,2.1808887000479444,ca-HepTh,-0.002811588275231758,ca-HepTh hgb_matched
0.9024627132354568,0.98549252856601,0.8372093023255814,0.9164733178654292,0.2138685956299203,1,node+edge+subgraph,62,1.6052951000019675,2.1808887000479444,spread_mean,ca-HepTh,2,0.8996414482801254,0.9847022281901836,0.872093023255814,0.9211136890951276,0.2210018196594587,56,1.7048766000079922,2.1808887000479444,ca-HepTh,-0.002821264955331415,ca-HepTh hgb_matched
0.902470498855159,0.9854641073683104,0.8953488372093024,0.9187935034802784,0.2081683061859483,1,node+edge+subgraph,62,1.6094243999978062,2.1808887000479444,spread_mean,ca-HepTh,3,0.9000500092554753,0.9848191755902,0.9069767441860463,0.9164733178654292,0.218284695620219,56,1.3554744999855757,2.1808887000479444,ca-HepTh,-0.0024204895996836617,ca-HepTh hgb_matched
0.9024377227739796,0.9855365779725024,0.9069767441860463,0.9164733178654292,0.2019277138593478,1,node+edge+subgraph,62,1.5791274000002886,2.1808887000479444,spread_mean,ca-HepTh,4,0.9003843142517564,0.984930206385304,0.9069767441860463,0.91415313225058,0.2144302686329985,56,1.3888966999948025,2.1808887000479444,ca-HepTh,-0.0020534085222232434,ca-HepTh hgb_matched
0.9033289828584132,0.9856955989151728,0.8837209302325582,0.9164733178654292,0.2075557049901691,1,node+edge+subgraph,62,1.6465285000012957,2.1808887000479444,spread_mean,ca-HepTh,5,0.9002475492499223,0.984882303528852,0.9069767441860463,0.9095127610208816,0.2195049195932329,56,1.3984734000114258,2.1808887000479444,ca-HepTh,-0.003081433608490891,ca-HepTh hgb_matched
0.9026501738926138,0.9855288385957348,0.8837209302325582,0.91415313225058,0.2078955872910967,1,node+edge+subgraph,62,1.6076383000036003,2.1808887000479444,spread_mean,ca-HepTh,6,0.8998683814093704,0.9847733189971856,0.872093023255814,0.91415313225058,0.2189948444830166,56,1.408480199985206,2.1808887000479444,ca-HepTh,-0.002781792483243395,ca-HepTh hgb_matched
0.9021099802803192,0.9853851688597024,0.9186046511627908,0.9164733178654292,0.2146999814122929,1,node+edge+subgraph,62,1.5796065000031376,2.1808887000479444,spread_mean,ca-HepTh,7,0.8997777523955323,0.9846978878368204,0.9069767441860463,0.9211136890951276,0.2232536559062929,56,1.3214758999820333,2.1808887000479444,ca-HepTh,-0.0023322278847869304,ca-HepTh hgb_matched
0.9023785249204348,0.9854182177063068,0.8604651162790697,0.9187935034802784,0.2140322524440074,1,node+edge+subgraph,62,1.5760201000011875,2.1808887000479444,spread_mean,ca-HepTh,8,0.9006894389403013,0.9849613502735044,0.8604651162790697,0.9211136890951276,0.2193785059155788,56,1.45190499999444,2.1808887000479444,ca-HepTh,-0.001689085980133509,ca-HepTh hgb_matched
0.9030358766901828,0.985646500301011,0.8837209302325582,0.9118329466357308,0.1978035042490074,1,node+edge+subgraph,62,1.5865588000015125,2.1808887000479444,spread_mean,ca-HepTh,9,0.9005662627165906,0.984979561292997,0.9069767441860463,0.9187935034802784,0.2048530352841921,56,1.4496838000195569,2.1808887000479444,ca-HepTh,-0.002469613973592244,ca-HepTh hgb_matched
0.9024492351980392,0.98549144922623,0.8837209302325582,0.9164733178654292,0.2105531190735755,1,node+edge+subgraph+dynamic,62,1.6186585999967065,2.1808887000479444,spread_mean,ca-HepTh,0,0.8998678008322992,0.9847786615988388,0.9069767441860463,0.9164733178654292,0.2224218931226841,56,1.506192100001499,2.1808887000479444,ca-HepTh,-0.0025814343657399874,ca-HepTh hgb_matched
0.9028824377894886,0.9856101687119668,0.872093023255814,0.9187935034802784,0.2136450462024285,1,node+edge+subgraph+dynamic,62,1.5767160000032163,2.1808887000479444,spread_mean,ca-HepTh,1,0.9000708495142569,0.9848377528540916,0.872093023255814,0.9234338747099768,0.22602111010019,56,1.639461000013398,2.1808887000479444,ca-HepTh,-0.002811588275231758,ca-HepTh hgb_matched
0.9024627132354568,0.98549252856601,0.8372093023255814,0.9164733178654292,0.2138685956299203,1,node+edge+subgraph+dynamic,62,1.5977849000046265,2.1808887000479444,spread_mean,ca-HepTh,2,0.8996414482801254,0.9847022281901836,0.872093023255814,0.9211136890951276,0.2210018196594587,56,1.4388515000173356,2.1808887000479444,ca-HepTh,-0.002821264955331415,ca-HepTh hgb_matched
0.902470498855159,0.9854641073683104,0.8953488372093024,0.9187935034802784,0.2081683061859483,1,node+edge+subgraph+dynamic,62,1.58837240000139,2.1808887000479444,spread_mean,ca-HepTh,3,0.9000500092554753,0.9848191755902,0.9069767441860463,0.9164733178654292,0.218284695620219,56,1.4066921999910846,2.1808887000479444,ca-HepTh,-0.0024204895996836617,ca-HepTh hgb_matched
0.9024377227739796,0.9855365779725024,0.9069767441860463,0.9164733178654292,0.2019277138593478,1,node+edge+subgraph+dynamic,62,1.6845637999940664,2.1808887000479444,spread_mean,ca-HepTh,4,0.9003843142517564,0.984930206385304,0.9069767441860463,0.91415313225058,0.2144302686329985,56,1.5668078000016976,2.1808887000479444,ca-HepTh,-0.0020534085222232434,ca-HepTh hgb_matched
0.9033289828584132,0.9856955989151728,0.8837209302325582,0.9164733178654292,0.2075557049901691,1,node+edge+subgraph+dynamic,62,1.6225259999991977,2.1808887000479444,spread_mean,ca-HepTh,5,0.9002475492499223,0.984882303528852,0.9069767441860463,0.9095127610208816,0.2195049195932329,56,1.4134291000082158,2.1808887000479444,ca-HepTh,-0.003081433608490891,ca-HepTh hgb_matched
0.9026501738926138,0.9855288385957348,0.8837209302325582,0.91415313225058,0.2078955872910967,1,node+edge+subgraph+dynamic,62,1.6347850000020117,2.1808887000479444,spread_mean,ca-HepTh,6,0.8998683814093704,0.9847733189971856,0.872093023255814,0.91415313225058,0.2189948444830166,56,1.450035099987872,2.1808887000479444,ca-HepTh,-0.002781792483243395,ca-HepTh hgb_matched
0.9021099802803192,0.9853851688597024,0.9186046511627908,0.9164733178654292,0.2146999814122929,1,node+edge+subgraph+dynamic,62,1.762603300005139,2.1808887000479444,spread_mean,ca-HepTh,7,0.8997777523955323,0.9846978878368204,0.9069767441860463,0.9211136890951276,0.2232536559062929,56,1.5438346000155434,2.1808887000479444,ca-HepTh,-0.0023322278847869304,ca-HepTh hgb_matched
0.9023785249204348,0.9854182177063068,0.8604651162790697,0.9187935034802784,0.2140322524440074,1,node+edge+subgraph+dynamic,62,1.6627819999994244,2.1808887000479444,spread_mean,ca-HepTh,8,0.9006894389403013,0.9849613502735044,0.8604651162790697,0.9211136890951276,0.2193785059155788,56,1.5869043999991843,2.1808887000479444,ca-HepTh,-0.001689085980133509,ca-HepTh hgb_matched
0.9030358766901828,0.985646500301011,0.8837209302325582,0.9118329466357308,0.1978035042490074,1,node+edge+subgraph+dynamic,62,1.588719500003208,2.1808887000479444,spread_mean,ca-HepTh,9,0.9005662627165906,0.984979561292997,0.9069767441860463,0.9187935034802784,0.2048530352841921,56,1.3745576000073925,2.1808887000479444,ca-HepTh,-0.002469613973592244,ca-HepTh hgb_matched
0.6757491762799497,0.8539542047832095,0.3372093023255814,0.5290023201856149,0.3442506227977331,1,node+edge+subgraph,62,1.4417757999981404,2.1808887000479444,spread_cv,ca-HepTh,0,0.6625712588365811,0.8435905366630971,0.3837209302325581,0.482598607888631,0.3576801780150707,56,1.8265458999958355,2.1808887000479444,ca-HepTh,-0.013177917443368603,ca-HepTh hgb_matched
0.6777771265386046,0.8559284747408464,0.3837209302325581,0.5336426914153132,0.3419715546765463,1,node+edge+subgraph,62,1.4175739000056635,2.1808887000479444,spread_cv,ca-HepTh,1,0.6658317668103247,0.8462313552443121,0.3837209302325581,0.4849187935034802,0.3542070882328849,56,2.5979607999906875,2.1808887000479444,ca-HepTh,-0.011945359728279814,ca-HepTh hgb_matched
0.6763789651773274,0.8544858024281807,0.3837209302325581,0.5290023201856149,0.343930043758072,1,node+edge+subgraph,62,1.415563900001871,2.1808887000479444,spread_cv,ca-HepTh,2,0.6637983360019474,0.8445545464484986,0.4069767441860465,0.482598607888631,0.3561657801035036,56,2.5376900999981444,2.1808887000479444,ca-HepTh,-0.012580629175380054,ca-HepTh hgb_matched
0.6762912570237299,0.8543025548109262,0.4069767441860465,0.5336426914153132,0.3447698642737817,1,node+edge+subgraph,62,1.4117601999969338,2.1808887000479444,spread_cv,ca-HepTh,3,0.6653521975337309,0.8458848425295922,0.3720930232558139,0.482598607888631,0.355740399958623,56,2.320005999994464,2.1808887000479444,ca-HepTh,-0.01093905948999907,ca-HepTh hgb_matched
0.6759176334883535,0.8545467326422415,0.4302325581395348,0.5359628770301624,0.343874908750342,1,node+edge+subgraph,62,1.4418071000036434,2.1808887000479444,spread_cv,ca-HepTh,4,0.6636656223355294,0.8444843053866642,0.4186046511627907,0.4872389791183295,0.3568881357964039,56,2.3758185999759007,2.1808887000479444,ca-HepTh,-0.01225201115282415,ca-HepTh hgb_matched
0.6757973505102411,0.8543185486753646,0.3953488372093023,0.5336426914153132,0.3438690117600987,1,node+edge+subgraph,62,1.4247945000024629,2.1808887000479444,spread_cv,ca-HepTh,5,0.6643205928009472,0.844936870308783,0.3837209302325581,0.4988399071925754,0.3557829404210743,56,1.535637900000438,2.1808887000479444,ca-HepTh,-0.011476757709293905,ca-HepTh hgb_matched
0.6752992090825758,0.853645232967955,0.3953488372093023,0.5359628770301624,0.3449595340257305,1,node+edge+subgraph,62,1.4248431000014534,2.1808887000479444,spread_cv,ca-HepTh,6,0.6647660755588682,0.8452228359763325,0.3837209302325581,0.4872389791183295,0.3554982820873224,56,1.2411895999975968,2.1808887000479444,ca-HepTh,-0.01053313352370755,ca-HepTh hgb_matched
0.6745131047896986,0.8530247071402497,0.4069767441860465,0.5336426914153132,0.3452265190913269,1,node+edge+subgraph,62,1.423023400006059,2.1808887000479444,spread_cv,ca-HepTh,7,0.6641557056110273,0.8450334428270394,0.4186046511627907,0.4965197215777262,0.3564394091897338,56,1.4844207999994978,2.1808887000479444,ca-HepTh,-0.01035739917867129,ca-HepTh hgb_matched
0.6754927265495411,0.8539244809460829,0.3837209302325581,0.5382830626450116,0.3445871385116069,1,node+edge+subgraph,62,1.6127084999970975,2.1808887000479444,spread_cv,ca-HepTh,8,0.6648843805689861,0.8457778726880443,0.3953488372093023,0.5011600928074246,0.3552095455053959,56,1.474230699997861,2.1808887000479444,ca-HepTh,-0.010608345980554934,ca-HepTh hgb_matched
0.677605214365823,0.8560764793754231,0.3604651162790697,0.5406032482598608,0.3420944085947418,1,node+edge+subgraph,62,1.5724814999994123,2.1808887000479444,spread_cv,ca-HepTh,9,0.665036567749434,0.8461366144337875,0.3720930232558139,0.4918793503480278,0.3552280181583809,56,1.4252047999762,2.1808887000479444,ca-HepTh,-0.012568646616389012,ca-HepTh hgb_matched
0.6757491762799497,0.8539542047832095,0.3372093023255814,0.5290023201856149,0.3442506227977331,1,node+edge+subgraph+dynamic,62,1.416352400003234,2.1808887000479444,spread_cv,ca-HepTh,0,0.6625712588365811,0.8435905366630971,0.3837209302325581,0.482598607888631,0.3576801780150707,56,1.340033799991943,2.1808887000479444,ca-HepTh,-0.013177917443368603,ca-HepTh hgb_matched
0.6777771265386046,0.8559284747408464,0.3837209302325581,0.5336426914153132,0.3419715546765463,1,node+edge+subgraph+dynamic,62,1.4520217000026605,2.1808887000479444,spread_cv,ca-HepTh,1,0.6658317668103247,0.8462313552443121,0.3837209302325581,0.4849187935034802,0.3542070882328849,56,1.1841247999982445,2.1808887000479444,ca-HepTh,-0.011945359728279814,ca-HepTh hgb_matched
0.6763789651773274,0.8544858024281807,0.3837209302325581,0.5290023201856149,0.343930043758072,1,node+edge+subgraph+dynamic,62,1.442447199995513,2.1808887000479444,spread_cv,ca-HepTh,2,0.6637983360019474,0.8445545464484986,0.4069767441860465,0.482598607888631,0.3561657801035036,56,1.7628273000009358,2.1808887000479444,ca-HepTh,-0.012580629175380054,ca-HepTh hgb_matched
0.6762912570237299,0.8543025548109262,0.4069767441860465,0.5336426914153132,0.3447698642737817,1,node+edge+subgraph+dynamic,62,1.3952862000005553,2.1808887000479444,spread_cv,ca-HepTh,3,0.6653521975337309,0.8458848425295922,0.3720930232558139,0.482598607888631,0.355740399958623,56,1.898405500018271,2.1808887000479444,ca-HepTh,-0.01093905948999907,ca-HepTh hgb_matched
0.6759176334883535,0.8545467326422415,0.4302325581395348,0.5359628770301624,0.343874908750342,1,node+edge+subgraph+dynamic,62,1.4198243000064394,2.1808887000479444,spread_cv,ca-HepTh,4,0.6636656223355294,0.8444843053866642,0.4186046511627907,0.4872389791183295,0.3568881357964039,56,1.865511300013168,2.1808887000479444,ca-HepTh,-0.01225201115282415,ca-HepTh hgb_matched
0.6757973505102411,0.8543185486753646,0.3953488372093023,0.5336426914153132,0.3438690117600987,1,node+edge+subgraph+dynamic,62,1.379522100003669,2.1808887000479444,spread_cv,ca-HepTh,5,0.6643205928009472,0.844936870308783,0.3837209302325581,0.4988399071925754,0.3557829404210743,56,1.8533227000152688,2.1808887000479444,ca-HepTh,-0.011476757709293905,ca-HepTh hgb_matched
0.6752992090825758,0.853645232967955,0.3953488372093023,0.5359628770301624,0.3449595340257305,1,node+edge+subgraph+dynamic,62,1.3821031999978004,2.1808887000479444,spread_cv,ca-HepTh,6,0.6647660755588682,0.8452228359763325,0.3837209302325581,0.4872389791183295,0.3554982820873224,56,1.9182836999825668,2.1808887000479444,ca-HepTh,-0.01053313352370755,ca-HepTh hgb_matched
0.6745131047896986,0.8530247071402497,0.4069767441860465,0.5336426914153132,0.3452265190913269,1,node+edge+subgraph+dynamic,62,1.4204263999999966,2.1808887000479444,spread_cv,ca-HepTh,7,0.6641557056110273,0.8450334428270394,0.4186046511627907,0.4965197215777262,0.3564394091897338,56,1.8521466000238436,2.1808887000479444,ca-HepTh,-0.01035739917867129,ca-HepTh hgb_matched
0.6754927265495411,0.8539244809460829,0.3837209302325581,0.5382830626450116,0.3445871385116069,1,node+edge+subgraph+dynamic,62,1.4769396999981836,2.1808887000479444,spread_cv,ca-HepTh,8,0.6648843805689861,0.8457778726880443,0.3953488372093023,0.5011600928074246,0.3552095455053959,56,1.9163496000110167,2.1808887000479444,ca-HepTh,-0.010608345980554934,ca-HepTh hgb_matched
0.677605214365823,0.8560764793754231,0.3604651162790697,0.5406032482598608,0.3420944085947418,1,node+edge+subgraph+dynamic,62,1.445407899998827,2.1808887000479444,spread_cv,ca-HepTh,9,0.665036567749434,0.8461366144337875,0.3720930232558139,0.4918793503480278,0.3552280181583809,56,1.90398470000946,2.1808887000479444,ca-HepTh,-0.012568646616389012,ca-HepTh hgb_matched
0.7630381353261614,0.9051839797615316,0.6395348837209303,0.7494199535962877,27091.68593679468,1,node+edge+subgraph,62,1.3768067999990308,2.1808887000479444,betweenness,ca-HepTh,0,0.7697273102916964,0.9110031099687848,0.6395348837209303,0.740139211136891,27636.29387196755,56,1.6686999000085052,2.1808887000479444,ca-HepTh,0.006689174965535005,ca-HepTh hgb_matched
0.7617032735518935,0.9042664318805452,0.6511627906976745,0.7540603248259861,25868.743731038656,1,node+edge+subgraph,62,1.3687767000010354,2.1808887000479444,betweenness,ca-HepTh,1,0.761805977557526,0.9045331635841464,0.6627906976744186,0.7610208816705336,25335.24521646456,56,1.7125335999880915,2.1808887000479444,ca-HepTh,0.00010270400563250348,ca-HepTh hgb_matched
0.7673808203747338,0.9079506349090348,0.6511627906976745,0.7563805104408353,26715.155202329384,1,node+edge+subgraph,62,1.3684651000003214,2.1808887000479444,betweenness,ca-HepTh,2,0.7692425433577772,0.9103305191201284,0.6627906976744186,0.7540603248259861,27477.02862111285,56,1.6421231999993324,2.1808887000479444,ca-HepTh,0.0018617229830434345,ca-HepTh hgb_matched
0.7647297370958478,0.905895008402888,0.6744186046511628,0.7424593967517401,25957.841959427653,1,node+edge+subgraph,62,1.3726535999958287,2.1808887000479444,betweenness,ca-HepTh,3,0.7663153760159409,0.907781237431424,0.627906976744186,0.7470997679814385,26761.21909117303,56,1.6690672999829983,2.1808887000479444,ca-HepTh,0.0015856389200931131,ca-HepTh hgb_matched
0.7637321922534882,0.9061103906284336,0.6395348837209303,0.7494199535962877,27105.73447587919,1,node+edge+subgraph,62,1.361616800000775,2.1808887000479444,betweenness,ca-HepTh,4,0.763772697702744,0.906514112116045,0.6395348837209303,0.7354988399071926,26645.237066660346,56,1.663036199985072,2.1808887000479444,ca-HepTh,4.050544925582322e-05,ca-HepTh hgb_matched
0.7656835816922719,0.9065838393347524,0.686046511627907,0.7447795823665894,25252.67354811341,1,node+edge+subgraph,62,1.359822800004622,2.1808887000479444,betweenness,ca-HepTh,5,0.7667647117710525,0.9085063000125604,0.6627906976744186,0.7424593967517401,25672.545519559462,56,1.6394519999739714,2.1808887000479444,ca-HepTh,0.0010811300787806344,ca-HepTh hgb_matched
0.768155298980439,0.9090775395349948,0.6627906976744186,0.728538283062645,26970.78533290137,1,node+edge+subgraph,62,1.3321190999995451,2.1808887000479444,betweenness,ca-HepTh,6,0.7643488876425626,0.9063986485789712,0.6511627906976745,0.7424593967517401,26978.348801208733,56,1.660337100009201,2.1808887000479444,ca-HepTh,-0.003806411337876403,ca-HepTh hgb_matched
0.7653204777972684,0.9069365477112108,0.6511627906976745,0.7494199535962877,25790.702497252736,1,node+edge+subgraph,62,1.5060921000040253,2.1808887000479444,betweenness,ca-HepTh,7,0.7688795052085673,0.9098189588617408,0.6627906976744186,0.7470997679814385,25928.81891146054,56,1.7033778000040911,2.1808887000479444,ca-HepTh,0.0035590274112988762,ca-HepTh hgb_matched
0.7624744789754998,0.9046029339592994,0.6627906976744186,0.7308584686774942,25680.759622483238,1,node+edge+subgraph,62,1.5434878000014578,2.1808887000479444,betweenness,ca-HepTh,8,0.7625693617527869,0.905302753631906,0.6162790697674418,0.7563805104408353,26208.224107826238,56,1.6874849000014365,2.1808887000479444,ca-HepTh,9.488277728708638e-05,ca-HepTh hgb_matched
0.764131090420158,0.9059163040259272,0.627906976744186,0.7470997679814385,26845.435203983896,1,node+edge+subgraph,62,1.413252400001511,2.1808887000479444,betweenness,ca-HepTh,9,0.7681939399747151,0.909521974425653,0.6395348837209303,0.740139211136891,27513.85204568681,56,1.6698245000152383,2.1808887000479444,ca-HepTh,0.0040628495545570464,ca-HepTh hgb_matched
0.7630381353261614,0.9051839797615316,0.6395348837209303,0.7494199535962877,27091.68593679468,1,node+edge+subgraph+dynamic,62,1.3825286999999662,2.1808887000479444,betweenness,ca-HepTh,0,0.7697273102916964,0.9110031099687848,0.6395348837209303,0.740139211136891,27636.29387196755,56,1.6813877999957183,2.1808887000479444,ca-HepTh,0.006689174965535005,ca-HepTh hgb_matched
0.7617032735518935,0.9042664318805452,0.6511627906976745,0.7540603248259861,25868.743731038656,1,node+edge+subgraph+dynamic,62,1.3562340999997105,2.1808887000479444,betweenness,ca-HepTh,1,0.761805977557526,0.9045331635841464,0.6627906976744186,0.7610208816705336,25335.24521646456,56,1.7157177999906708,2.1808887000479444,ca-HepTh,0.00010270400563250348,ca-HepTh hgb_matched
0.7673808203747338,0.9079506349090348,0.6511627906976745,0.7563805104408353,26715.155202329384,1,node+edge+subgraph+dynamic,62,1.4455405000044266,2.1808887000479444,betweenness,ca-HepTh,2,0.7692425433577772,0.9103305191201284,0.6627906976744186,0.7540603248259861,27477.02862111285,56,1.6700142000045162,2.1808887000479444,ca-HepTh,0.0018617229830434345,ca-HepTh hgb_matched
0.7647297370958478,0.905895008402888,0.6744186046511628,0.7424593967517401,25957.841959427653,1,node+edge+subgraph+dynamic,62,1.407412399996247,2.1808887000479444,betweenness,ca-HepTh,3,0.7663153760159409,0.907781237431424,0.627906976744186,0.7470997679814385,26761.21909117303,56,1.7606705999933183,2.1808887000479444,ca-HepTh,0.0015856389200931131,ca-HepTh hgb_matched
0.7637321922534882,0.9061103906284336,0.6395348837209303,0.7494199535962877,27105.73447587919,1,node+edge+subgraph+dynamic,62,1.387727500004985,2.1808887000479444,betweenness,ca-HepTh,4,0.763772697702744,0.906514112116045,0.6395348837209303,0.7354988399071926,26645.237066660346,56,1.7746951000008266,2.1808887000479444,ca-HepTh,4.050544925582322e-05,ca-HepTh hgb_matched
0.7656835816922719,0.9065838393347524,0.686046511627907,0.7447795823665894,25252.67354811341,1,node+edge+subgraph+dynamic,62,1.4124005999983638,2.1808887000479444,betweenness,ca-HepTh,5,0.7667647117710525,0.9085063000125604,0.6627906976744186,0.7424593967517401,25672.545519559462,56,1.7433534000010695,2.1808887000479444,ca-HepTh,0.0010811300787806344,ca-HepTh hgb_matched
0.768155298980439,0.9090775395349948,0.6627906976744186,0.728538283062645,26970.78533290137,1,node+edge+subgraph+dynamic,62,1.3814123000047402,2.1808887000479444,betweenness,ca-HepTh,6,0.7643488876425626,0.9063986485789712,0.6511627906976745,0.7424593967517401,26978.348801208733,56,1.7283437000005506,2.1808887000479444,ca-HepTh,-0.003806411337876403,ca-HepTh hgb_matched
0.7653204777972684,0.9069365477112108,0.6511627906976745,0.7494199535962877,25790.702497252736,1,node+edge+subgraph+dynamic,62,1.3835841999971308,2.1808887000479444,betweenness,ca-HepTh,7,0.7688795052085673,0.9098189588617408,0.6627906976744186,0.7470997679814385,25928.81891146054,56,1.7451340999978129,2.1808887000479444,ca-HepTh,0.0035590274112988762,ca-HepTh hgb_matched
0.7624744789754998,0.9046029339592994,0.6627906976744186,0.7308584686774942,25680.759622483238,1,node+edge+subgraph+dynamic,62,1.4248796999963815,2.1808887000479444,betweenness,ca-HepTh,8,0.7625693617527869,0.905302753631906,0.6162790697674418,0.7563805104408353,26208.224107826238,56,1.7384867000218946,2.1808887000479444,ca-HepTh,9.488277728708638e-05,ca-HepTh hgb_matched
0.764131090420158,0.9059163040259272,0.627906976744186,0.7470997679814385,26845.435203983896,1,node+edge+subgraph+dynamic,62,1.3839369999986957,2.1808887000479444,betweenness,ca-HepTh,9,0.7681939399747151,0.909521974425653,0.6395348837209303,0.740139211136891,27513.85204568681,56,1.750752799998736,2.1808887000479444,ca-HepTh,0.0040628495545570464,ca-HepTh hgb_matched
0.5544554564218285,0.7386622713209783,0.0348837209302325,0.4060324825986079,0.1050492560051814,1,node+edge+subgraph,62,1.4431616000001668,2.1808887000479444,spread_resid,ca-HepTh,0,0.5414022719124802,0.7250289605075078,0.0116279069767441,0.3897911832946635,0.1071606334133295,56,1.969980699999724,2.1808887000479444,ca-HepTh,-0.013053184509348226,ca-HepTh hgb_matched
0.5544881194141794,0.7389255944857592,0.0232558139534883,0.408352668213457,0.1049752599453407,1,node+edge+subgraph,62,1.4589476000037394,2.1808887000479444,spread_resid,ca-HepTh,1,0.5434332726787537,0.7277563710257592,0.0116279069767441,0.3897911832946635,0.1069126679046068,56,1.9325509000045715,2.1808887000479444,ca-HepTh,-0.011054846735425672,ca-HepTh hgb_matched
0.5537804015439454,0.738267129053116,0.0116279069767441,0.4037122969837587,0.1051202836564325,1,node+edge+subgraph,62,1.4190967000031378,2.1808887000479444,spread_resid,ca-HepTh,2,0.5429832882041896,0.726817709778802,0.0116279069767441,0.382830626450116,0.1068434393106547,56,1.9291986000025645,2.1808887000479444,ca-HepTh,-0.010797113339755748,ca-HepTh hgb_matched
0.5544445505034377,0.7388377126559003,0.0232558139534883,0.4037122969837587,0.1052446270399587,1,node+edge+subgraph,62,1.453011300000071,2.1808887000479444,spread_resid,ca-HepTh,3,0.5460618415365287,0.7303808230325248,0.0116279069767441,0.382830626450116,0.1065085362762448,56,1.8458015999931376,2.1808887000479444,ca-HepTh,-0.008382708966908958,ca-HepTh hgb_matched
0.5552472221174275,0.7398178961240016,0.0232558139534883,0.4106728538283062,0.1050585224906003,1,node+edge+subgraph,62,1.445694200003345,2.1808887000479444,spread_resid,ca-HepTh,4,0.5442419817588484,0.7284471515949641,0.0116279069767441,0.3874709976798144,0.1066989249623094,56,1.7935371000203304,2.1808887000479444,ca-HepTh,-0.011005240358579083,ca-HepTh hgb_matched
0.5545220971670588,0.739056010906528,0.0116279069767441,0.408352668213457,0.105154659337227,1,node+edge+subgraph,62,1.457183200000145,2.1808887000479444,spread_resid,ca-HepTh,5,0.5427235742659565,0.7266819012556791,0.0116279069767441,0.3874709976798144,0.1069898273339506,56,1.8004056000208948,2.1808887000479444,ca-HepTh,-0.011798522901102282,ca-HepTh hgb_matched
0.5543782225904391,0.7388764743325577,0.0116279069767441,0.4037122969837587,0.1050729496028966,1,node+edge+subgraph,62,1.4500876999954926,2.1808887000479444,spread_resid,ca-HepTh,6,0.542386522429136,0.7262966285907811,0.0116279069767441,0.3921113689095127,0.1069857157102838,56,1.8579011000110768,2.1808887000479444,ca-HepTh,-0.011991700161303132,ca-HepTh hgb_matched
0.5543778475256897,0.7393200136597676,0.0232558139534883,0.3781902552204176,0.1052400123274835,1,node+edge+subgraph,62,1.5526270999980625,2.1808887000479444,spread_resid,ca-HepTh,7,0.543819652849465,0.7283757340818052,0.0116279069767441,0.382830626450116,0.1068372974511849,56,1.800068199983798,2.1808887000479444,ca-HepTh,-0.010558194676224764,ca-HepTh hgb_matched
0.5560705433718358,0.7404386669532063,0.0465116279069767,0.4153132250580046,0.1048059233530187,1,node+edge+subgraph,62,1.6546358999985389,2.1808887000479444,spread_resid,ca-HepTh,8,0.5428977449472296,0.7269531290800791,0.0116279069767441,0.3874709976798144,0.1067966483517383,56,1.84361379998154,2.1808887000479444,ca-HepTh,-0.013172798424606169,ca-HepTh hgb_matched
0.5558664650954258,0.7409908565450363,0.0232558139534883,0.3990719257540603,0.1047132238801126,1,node+edge+subgraph,62,1.5205792999986445,2.1808887000479444,spread_resid,ca-HepTh,9,0.5434706939029239,0.7280048115172528,0.0116279069767441,0.3897911832946635,0.1067214547728363,56,1.845283600006951,2.1808887000479444,ca-HepTh,-0.012395771192501903,ca-HepTh hgb_matched
0.5544554564218285,0.7386622713209783,0.0348837209302325,0.4060324825986079,0.1050492560051814,1,node+edge+subgraph+dynamic,62,1.452571399997396,2.1808887000479444,spread_resid,ca-HepTh,0,0.5414022719124802,0.7250289605075078,0.0116279069767441,0.3897911832946635,0.1071606334133295,56,1.793782699998701,2.1808887000479444,ca-HepTh,-0.013053184509348226,ca-HepTh hgb_matched
0.5544881194141794,0.7389255944857592,0.0232558139534883,0.408352668213457,0.1049752599453407,1,node+edge+subgraph+dynamic,62,1.452652299994952,2.1808887000479444,spread_resid,ca-HepTh,1,0.5434332726787537,0.7277563710257592,0.0116279069767441,0.3897911832946635,0.1069126679046068,56,1.8305438999959731,2.1808887000479444,ca-HepTh,-0.011054846735425672,ca-HepTh hgb_matched
0.5537804015439454,0.738267129053116,0.0116279069767441,0.4037122969837587,0.1051202836564325,1,node+edge+subgraph+dynamic,62,1.426881700004742,2.1808887000479444,spread_resid,ca-HepTh,2,0.5429832882041896,0.726817709778802,0.0116279069767441,0.382830626450116,0.1068434393106547,56,1.83834270000807,2.1808887000479444,ca-HepTh,-0.010797113339755748,ca-HepTh hgb_matched
0.5544445505034377,0.7388377126559003,0.0232558139534883,0.4037122969837587,0.1052446270399587,1,node+edge+subgraph+dynamic,62,1.4681921000010334,2.1808887000479444,spread_resid,ca-HepTh,3,0.5460618415365287,0.7303808230325248,0.0116279069767441,0.382830626450116,0.1065085362762448,56,1.7612588999909349,2.1808887000479444,ca-HepTh,-0.008382708966908958,ca-HepTh hgb_matched
0.5552472221174275,0.7398178961240016,0.0232558139534883,0.4106728538283062,0.1050585224906003,1,node+edge+subgraph+dynamic,62,1.4588233999966178,2.1808887000479444,spread_resid,ca-HepTh,4,0.5442419817588484,0.7284471515949641,0.0116279069767441,0.3874709976798144,0.1066989249623094,56,1.822407999978168,2.1808887000479444,ca-HepTh,-0.011005240358579083,ca-HepTh hgb_matched
0.5545220971670588,0.739056010906528,0.0116279069767441,0.408352668213457,0.105154659337227,1,node+edge+subgraph+dynamic,62,1.4281286000041291,2.1808887000479444,spread_resid,ca-HepTh,5,0.5427235742659565,0.7266819012556791,0.0116279069767441,0.3874709976798144,0.1069898273339506,56,1.7835226000170223,2.1808887000479444,ca-HepTh,-0.011798522901102282,ca-HepTh hgb_matched
0.5543782225904391,0.7388764743325577,0.0116279069767441,0.4037122969837587,0.1050729496028966,1,node+edge+subgraph+dynamic,62,1.4081158000044525,2.1808887000479444,spread_resid,ca-HepTh,6,0.542386522429136,0.7262966285907811,0.0116279069767441,0.3921113689095127,0.1069857157102838,56,1.79985690000467,2.1808887000479444,ca-HepTh,-0.011991700161303132,ca-HepTh hgb_matched
0.5543778475256897,0.7393200136597676,0.0232558139534883,0.3781902552204176,0.1052400123274835,1,node+edge+subgraph+dynamic,62,1.4556216000055429,2.1808887000479444,spread_resid,ca-HepTh,7,0.543819652849465,0.7283757340818052,0.0116279069767441,0.382830626450116,0.1068372974511849,56,1.837220100016566,2.1808887000479444,ca-HepTh,-0.010558194676224764,ca-HepTh hgb_matched
0.5560705433718358,0.7404386669532063,0.0465116279069767,0.4153132250580046,0.1048059233530187,1,node+edge+subgraph+dynamic,62,1.4960959000018192,2.1808887000479444,spread_resid,ca-HepTh,8,0.5428977449472296,0.7269531290800791,0.0116279069767441,0.3874709976798144,0.1067966483517383,56,1.8490369000064677,2.1808887000479444,ca-HepTh,-0.013172798424606169,ca-HepTh hgb_matched
0.5558664650954258,0.7409908565450363,0.0232558139534883,0.3990719257540603,0.1047132238801126,1,node+edge+subgraph+dynamic,62,1.451007199997548,2.1808887000479444,spread_resid,ca-HepTh,9,0.5434706939029239,0.7280048115172528,0.0116279069767441,0.3897911832946635,0.1067214547728363,56,1.8321062999893911,2.1808887000479444,ca-HepTh,-0.012395771192501903,ca-HepTh hgb_matched
0.9040937706995368,0.9828420827533384,0.6511627906976745,0.7424593967517401,26458.80878982506,1,node+edge+subgraph,62,4.010289799998645,2.1808887000479444,betweenness,ca-HepTh,0,0.902467539883971,0.9823919506089958,0.6511627906976745,0.7494199535962877,26474.547177237902,56,4.304957099986496,2.1808887000479444,ca-HepTh,-0.0016262308155657879,ca-HepTh rf_log1p
0.9037174494321428,0.9826903459339056,0.6976744186046512,0.7517401392111369,25564.438762278936,1,node+edge+subgraph,62,3.991021699999692,2.1808887000479444,betweenness,ca-HepTh,1,0.9027053202104788,0.9824803214498636,0.6976744186046512,0.7517401392111369,25552.61520791952,56,4.447105600003852,2.1808887000479444,ca-HepTh,-0.0010121292216640487,ca-HepTh rf_log1p
0.902824474596134,0.982182991721097,0.686046511627907,0.7563805104408353,24928.954219495343,1,node+edge+subgraph,62,4.115973699999813,2.1808887000479444,betweenness,ca-HepTh,2,0.9024786388306082,0.9823355047232648,0.6976744186046512,0.7494199535962877,24992.424684077057,56,4.4543353999906685,2.1808887000479444,ca-HepTh,-0.00034583576552582596,ca-HepTh rf_log1p
0.9041746818638872,0.9829562162184606,0.686046511627907,0.740139211136891,25622.454160126923,1,node+edge+subgraph,62,4.207867799999804,2.1808887000479444,betweenness,ca-HepTh,3,0.9028317201722834,0.9825361743748522,0.6744186046511628,0.7424593967517401,25868.474172051127,56,4.589728999999352,2.1808887000479444,ca-HepTh,-0.0013429616916037501,ca-HepTh rf_log1p
0.9037482920564324,0.9827809008151056,0.686046511627907,0.7447795823665894,25562.998744528144,1,node+edge+subgraph,62,4.134129600000961,2.1808887000479444,betweenness,ca-HepTh,4,0.9021542259754904,0.9822740638065658,0.686046511627907,0.7447795823665894,25710.68235371006,56,4.451559900015127,2.1808887000479444,ca-HepTh,-0.001594066080941925,ca-HepTh rf_log1p
0.903505176926616,0.9827113283996552,0.6627906976744186,0.7494199535962877,25035.58125226361,1,node+edge+subgraph,62,4.123206500000379,2.1808887000479444,betweenness,ca-HepTh,5,0.9021851043414664,0.98234423780311,0.6744186046511628,0.7447795823665894,25319.542962175936,56,4.454992899991339,2.1808887000479444,ca-HepTh,-0.0013200725851496564,ca-HepTh rf_log1p
0.9028906342067948,0.982386614568648,0.686046511627907,0.7424593967517401,25550.8271183888,1,node+edge+subgraph,62,4.035553199999413,2.1808887000479444,betweenness,ca-HepTh,6,0.9016285563046054,0.9819851840238006,0.686046511627907,0.7424593967517401,25622.48661465781,56,4.392189099977259,2.1808887000479444,ca-HepTh,-0.0012620779021894624,ca-HepTh rf_log1p
0.9034153840487944,0.9825562378186234,0.686046511627907,0.7447795823665894,25224.948788999267,1,node+edge+subgraph,62,4.080975599999874,2.1808887000479444,betweenness,ca-HepTh,7,0.9024587704050476,0.9822714576281644,0.686046511627907,0.7424593967517401,25269.242210004937,56,4.439070199994603,2.1808887000479444,ca-HepTh,-0.0009566136437467732,ca-HepTh rf_log1p
0.9037177777205306,0.982568511129666,0.6744186046511628,0.7447795823665894,25083.472924970785,1,node+edge+subgraph,62,4.030554400000256,2.1808887000479444,betweenness,ca-HepTh,8,0.9022035864322951,0.9820961206010412,0.686046511627907,0.7494199535962877,25369.513424996065,56,4.473110099992482,2.1808887000479444,ca-HepTh,-0.001514191288235489,ca-HepTh rf_log1p
0.9033652936477572,0.9824694767542752,0.686046511627907,0.740139211136891,24973.44748730858,1,node+edge+subgraph,62,4.006448399999499,2.1808887000479444,betweenness,ca-HepTh,9,0.9023892390489544,0.9821815968222336,0.6744186046511628,0.7424593967517401,25026.834011874045,56,4.396964499988826,2.1808887000479444,ca-HepTh,-0.0009760545988027891,ca-HepTh rf_log1p
0.9040956550289502,0.9828420911101876,0.6511627906976745,0.7424593967517401,26458.80878982505,1,node+edge+subgraph+dynamic,62,4.025443900000028,2.1808887000479444,betweenness,ca-HepTh,0,0.9024645041992782,0.982391935747271,0.6511627906976745,0.7494199535962877,26474.54717723791,56,4.458832500007702,2.1808887000479444,ca-HepTh,-0.0016311508296720234,ca-HepTh rf_log1p
0.9037165945887644,0.9826903413350864,0.6976744186046512,0.7517401392111369,25564.438762278944,1,node+edge+subgraph+dynamic,62,4.104345900001135,2.1808887000479444,betweenness,ca-HepTh,1,0.9027075352942878,0.9824803322905098,0.6976744186046512,0.7517401392111369,25552.615207919516,56,4.332148599991342,2.1808887000479444,ca-HepTh,-0.0010090592944765886,ca-HepTh rf_log1p
0.9028246167002312,0.9821829924168252,0.686046511627907,0.7563805104408353,24928.95421949535,1,node+edge+subgraph+dynamic,62,4.089820299999701,2.1808887000479444,betweenness,ca-HepTh,2,0.9024799033447296,0.9823355109141546,0.6976744186046512,0.7494199535962877,24992.42468407705,56,4.324204999982612,2.1808887000479444,ca-HepTh,-0.0003447133555015691,ca-HepTh rf_log1p
0.904174808534412,0.9829562169204736,0.686046511627907,0.740139211136891,25622.45416012692,1,node+edge+subgraph+dynamic,62,4.0511679999999615,2.1808887000479444,betweenness,ca-HepTh,3,0.9028317834042462,0.982536174426444,0.6744186046511628,0.7424593967517401,25868.474172051123,56,4.422040399978869,2.1808887000479444,ca-HepTh,-0.0013430251301658203,ca-HepTh rf_log1p
0.9037481654458732,0.9827809002886896,0.686046511627907,0.7447795823665894,25562.998744528148,1,node+edge+subgraph+dynamic,62,3.9653312000009455,2.1808887000479444,betweenness,ca-HepTh,4,0.9021542259754904,0.9822740638065658,0.686046511627907,0.7447795823665894,25710.68235371006,56,4.368705399974715,2.1808887000479444,ca-HepTh,-0.001593939470382777,ca-HepTh rf_log1p
0.9035048920471612,0.9827113273312198,0.6627906976744186,0.7494199535962877,25035.581252263608,1,node+edge+subgraph+dynamic,62,4.029097399999955,2.1808887000479444,betweenness,ca-HepTh,5,0.902185151766228,0.9823442380817796,0.6744186046511628,0.7447795823665894,25319.54296217592,56,4.26054909999948,2.1808887000479444,ca-HepTh,-0.0013197402809331793,ca-HepTh rf_log1p
0.9028908239426756,0.9823866156520104,0.686046511627907,0.7424593967517401,25550.8271183888,1,node+edge+subgraph+dynamic,62,4.06562379999923,2.1808887000479444,betweenness,ca-HepTh,6,0.9016283352887476,0.9819851832348888,0.686046511627907,0.7424593967517401,25622.48661465781,56,4.4252485999895725,2.1808887000479444,ca-HepTh,-0.0012624886539279734,ca-HepTh rf_log1p
0.9034154789437088,0.9825562382364872,0.686046511627907,0.7447795823665894,25224.948788999267,1,node+edge+subgraph+dynamic,62,3.959085500000583,2.1808887000479444,betweenness,ca-HepTh,7,0.9024603977169036,0.9822714651630038,0.686046511627907,0.7424593967517401,25269.242210004948,56,4.3474696000048425,2.1808887000479444,ca-HepTh,-0.00095508122680521,ca-HepTh rf_log1p
0.9037179517276948,0.9825685121149208,0.6744186046511628,0.7447795823665894,25083.47292497078,1,node+edge+subgraph+dynamic,62,4.2695003000008,2.1808887000479444,betweenness,ca-HepTh,8,0.90220281271904,0.9820961177810104,0.686046511627907,0.7494199535962877,25369.513424996083,56,4.3686767000181135,2.1808887000479444,ca-HepTh,-0.0015151390086547423,ca-HepTh rf_log1p
0.9033652620270556,0.9824694765840808,0.686046511627907,0.740139211136891,24973.447487308586,1,node+edge+subgraph+dynamic,62,4.174650399998427,2.1808887000479444,betweenness,ca-HepTh,9,0.9023896970580024,0.982181600142632,0.6744186046511628,0.7424593967517401,25026.834011874053,56,4.325793700001668,2.1808887000479444,ca-HepTh,-0.0009755649690531554,ca-HepTh rf_log1p
0.8642164841013442,0.9742654331160588,0.9302325581395348,0.9187935034802784,0.2069719536498916,1,node+edge+subgraph,62,0.5293995000029099,2.1808887000479444,spread_mean,ca-HepTh,0,0.8615834757432906,0.973253597234676,0.9302325581395348,0.9187935034802784,0.2176172723439815,56,0.3868970999901648,2.1808887000479444,ca-HepTh,-0.002633008358053579,ca-HepTh ridge
0.8666285518936757,0.9752165523483084,0.9186046511627908,0.9095127610208816,0.2074251694039617,1,node+edge+subgraph,62,0.5392042999956175,2.1808887000479444,spread_mean,ca-HepTh,1,0.8614533021525865,0.9731776227303351,0.9186046511627908,0.9118329466357308,0.2169170708068108,56,0.4317528000101447,2.1808887000479444,ca-HepTh,-0.005175249741089183,ca-HepTh ridge
0.8657072817930638,0.9747837492005974,0.9186046511627908,0.9095127610208816,0.2081273858528014,1,node+edge+subgraph,62,0.5283570000028703,2.1808887000479444,spread_mean,ca-HepTh,2,0.8631625867757736,0.9738438343471888,0.9302325581395348,0.91415313225058,0.2177737599683826,56,0.5113530999806244,2.1808887000479444,ca-HepTh,-0.002544695017290155,ca-HepTh ridge
0.8654723291914217,0.9746803563205404,0.9186046511627908,0.9118329466357308,0.2094226297477539,1,node+edge+subgraph,62,0.5292516999979853,2.1808887000479444,spread_mean,ca-HepTh,3,0.8634392809550478,0.9739404166205478,0.9186046511627908,0.91415313225058,0.2143402588488158,56,0.5150113000127021,2.1808887000479444,ca-HepTh,-0.0020330482363738467,ca-HepTh ridge
0.8666448561431653,0.9752005381878484,0.9302325581395348,0.9118329466357308,0.2108880030146555,1,node+edge+subgraph,62,0.5318637999953353,2.1808887000479444,spread_mean,ca-HepTh,4,0.8640657260473048,0.9742307000262904,0.9302325581395348,0.91415313225058,0.2163869159610938,56,0.5134037999960128,2.1808887000479444,ca-HepTh,-0.0025791300958605268,ca-HepTh ridge
0.8655598902091962,0.9748589658498982,0.9186046511627908,0.9118329466357308,0.2082175858932419,1,node+edge+subgraph,62,0.5248028999994858,2.1808887000479444,spread_mean,ca-HepTh,5,0.863016969038815,0.9738619775908712,0.9186046511627908,0.9164733178654292,0.2161882996883114,56,0.5160672000201885,2.1808887000479444,ca-HepTh,-0.0025429211703812404,ca-HepTh ridge
0.8653357919862505,0.974661983875834,0.9302325581395348,0.9095127610208816,0.2066413766022097,1,node+edge+subgraph,62,0.5289679999987129,2.1808887000479444,spread_mean,ca-HepTh,6,0.861833365356826,0.973307661104568,0.9186046511627908,0.91415313225058,0.2146513130321335,56,0.5052337999804877,2.1808887000479444,ca-HepTh,-0.003502426629424571,ca-HepTh ridge
0.8658205048206048,0.9748672953250652,0.9302325581395348,0.91415313225058,0.2090242289210482,1,node+edge+subgraph,62,0.5292851999984123,2.1808887000479444,spread_mean,ca-HepTh,7,0.8624864135109694,0.9735769148051782,0.9302325581395348,0.91415313225058,0.2148528510925079,56,0.4852252000127919,2.1808887000479444,ca-HepTh,-0.0033340913096353564,ca-HepTh ridge
0.8654826121759865,0.9746552163473352,0.9069767441860463,0.9118329466357308,0.2098846404010999,1,node+edge+subgraph,62,0.5320594999939203,2.1808887000479444,spread_mean,ca-HepTh,8,0.8625533846333071,0.97355702384619,0.9186046511627908,0.9118329466357308,0.2176323757706962,56,0.4989722999744117,2.1808887000479444,ca-HepTh,-0.0029292275426794356,ca-HepTh ridge
0.8634525851504027,0.9739756413602126,0.8953488372093024,0.91415313225058,0.2148383130430856,1,node+edge+subgraph,62,0.5373203000053763,2.1808887000479444,spread_mean,ca-HepTh,9,0.8605527619857588,0.9728066103998324,0.9069767441860463,0.9164733178654292,0.2292596234953868,56,0.4899557000026107,2.1808887000479444,ca-HepTh,-0.0028998231646438777,ca-HepTh ridge
0.8642164841013442,0.9742654331160588,0.9302325581395348,0.9187935034802784,0.2069719536498916,1,node+edge+subgraph+dynamic,62,0.5299576000033994,2.1808887000479444,spread_mean,ca-HepTh,0,0.8615834757432906,0.973253597234676,0.9302325581395348,0.9187935034802784,0.2176172723439815,56,0.5136634999944363,2.1808887000479444,ca-HepTh,-0.002633008358053579,ca-HepTh ridge
0.8666285518936757,0.9752165523483084,0.9186046511627908,0.9095127610208816,0.2074251694039617,1,node+edge+subgraph+dynamic,62,0.5383012000020244,2.1808887000479444,spread_mean,ca-HepTh,1,0.8614533021525865,0.9731776227303351,0.9186046511627908,0.9118329466357308,0.2169170708068108,56,0.5118934000201989,2.1808887000479444,ca-HepTh,-0.005175249741089183,ca-HepTh ridge
0.8657072817930638,0.9747837492005974,0.9186046511627908,0.9095127610208816,0.2081273858528014,1,node+edge+subgraph+dynamic,62,0.5310853999981191,2.1808887000479444,spread_mean,ca-HepTh,2,0.8631625867757736,0.9738438343471888,0.9302325581395348,0.91415313225058,0.2177737599683826,56,0.4818799000058789,2.1808887000479444,ca-HepTh,-0.002544695017290155,ca-HepTh ridge
0.8654723291914217,0.9746803563205404,0.9186046511627908,0.9118329466357308,0.2094226297477539,1,node+edge+subgraph+dynamic,62,0.5278857000012067,2.1808887000479444,spread_mean,ca-HepTh,3,0.8634392809550478,0.9739404166205478,0.9186046511627908,0.91415313225058,0.2143402588488158,56,0.5433398000022862,2.1808887000479444,ca-HepTh,-0.0020330482363738467,ca-HepTh ridge
0.8666448561431653,0.9752005381878484,0.9302325581395348,0.9118329466357308,0.2108880030146555,1,node+edge+subgraph+dynamic,62,0.5398729000007734,2.1808887000479444,spread_mean,ca-HepTh,4,0.8640657260473048,0.9742307000262904,0.9302325581395348,0.91415313225058,0.2163869159610938,56,0.5271089000161737,2.1808887000479444,ca-HepTh,-0.0025791300958605268,ca-HepTh ridge
0.8655598902091962,0.9748589658498982,0.9186046511627908,0.9118329466357308,0.2082175858932419,1,node+edge+subgraph+dynamic,62,0.5270222000035574,2.1808887000479444,spread_mean,ca-HepTh,5,0.863016969038815,0.9738619775908712,0.9186046511627908,0.9164733178654292,0.2161882996883114,56,0.5721508999995422,2.1808887000479444,ca-HepTh,-0.0025429211703812404,ca-HepTh ridge
0.8653357919862505,0.974661983875834,0.9302325581395348,0.9095127610208816,0.2066413766022097,1,node+edge+subgraph+dynamic,62,0.5399117999986629,2.1808887000479444,spread_mean,ca-HepTh,6,0.861833365356826,0.973307661104568,0.9186046511627908,0.91415313225058,0.2146513130321335,56,0.6066063999896869,2.1808887000479444,ca-HepTh,-0.003502426629424571,ca-HepTh ridge
0.8658205048206048,0.9748672953250652,0.9302325581395348,0.91415313225058,0.2090242289210482,1,node+edge+subgraph+dynamic,62,0.5493740000019898,2.1808887000479444,spread_mean,ca-HepTh,7,0.8624864135109694,0.9735769148051782,0.9302325581395348,0.91415313225058,0.2148528510925079,56,0.5973652999964543,2.1808887000479444,ca-HepTh,-0.0033340913096353564,ca-HepTh ridge
0.8654826121759865,0.9746552163473352,0.9069767441860463,0.9118329466357308,0.2098846404010999,1,node+edge+subgraph+dynamic,62,0.5344484000015655,2.1808887000479444,spread_mean,ca-HepTh,8,0.8625533846333071,0.97355702384619,0.9186046511627908,0.9118329466357308,0.2176323757706962,56,0.5421855000022333,2.1808887000479444,ca-HepTh,-0.0029292275426794356,ca-HepTh ridge
0.8634525851504027,0.9739756413602126,0.8953488372093024,0.91415313225058,0.2148383130430856,1,node+edge+subgraph+dynamic,62,0.5365422000031685,2.1808887000479444,spread_mean,ca-HepTh,9,0.8605527619857588,0.9728066103998324,0.9069767441860463,0.9164733178654292,0.2292596234953868,56,0.517808700009482,2.1808887000479444,ca-HepTh,-0.0028998231646438777,ca-HepTh ridge
0.6580670673119905,0.8426172729096284,0.2558139534883721,0.3596287703016241,0.3737168235535368,1,node+edge+subgraph,62,0.8747315000000526,2.1808887000479444,spread_cv,ca-HepTh,0,0.6576777668103341,0.8421946202055467,0.2325581395348837,0.3596287703016241,0.3743739686501076,56,0.5013093000161462,2.1808887000479444,ca-HepTh,-0.00038930050165641994,ca-HepTh ridge
0.6584233681002456,0.842960364876119,0.2441860465116279,0.3526682134570765,0.3735732624006823,1,node+edge+subgraph,62,0.7465448000002652,2.1808887000479444,spread_cv,ca-HepTh,1,0.6580410678081043,0.8425199684026391,0.2325581395348837,0.3596287703016241,0.3742096877906777,56,0.5350174999912269,2.1808887000479444,ca-HepTh,-0.0003823002921412577,ca-HepTh ridge
0.6584184483839657,0.8428119493384184,0.2558139534883721,0.3573085846867749,0.3735809079961563,1,node+edge+subgraph,62,0.7521247999975458,2.1808887000479444,spread_cv,ca-HepTh,2,0.6577462045092329,0.8421779135150115,0.2441860465116279,0.3665893271461717,0.3743202462293482,56,0.5047802000190131,2.1808887000479444,ca-HepTh,-0.0006722438747327475,ca-HepTh ridge
0.6583385086987145,0.8428456240637078,0.2558139534883721,0.3596287703016241,0.3734116271611441,1,node+edge+subgraph,62,0.7673848000049475,2.1808887000479444,spread_cv,ca-HepTh,3,0.6578792186284566,0.8423956756720131,0.2441860465116279,0.3665893271461717,0.3740285414303209,56,0.500758100009989,2.1808887000479444,ca-HepTh,-0.0004592900702579117,ca-HepTh ridge
0.6582975996372095,0.8427312076082402,0.2558139534883721,0.3573085846867749,0.3737382997900367,1,node+edge+subgraph,62,0.7869970999963698,2.1808887000479444,spread_cv,ca-HepTh,4,0.6577532046271847,0.8421691265667088,0.2325581395348837,0.3573085846867749,0.3743550082512986,56,0.5324830000172369,2.1808887000479444,ca-HepTh,-0.0005443950100247896,ca-HepTh ridge
0.6580578158299384,0.842539980942257,0.2441860465116279,0.3573085846867749,0.3739223351802299,1,node+edge+subgraph,62,0.8049508000040078,2.1808887000479444,spread_cv,ca-HepTh,5,0.6575068666472327,0.8420113565721031,0.2441860465116279,0.3642691415313225,0.3744722854139125,56,0.5615121000155341,2.1808887000479444,ca-HepTh,-0.0005509491827057067,ca-HepTh ridge
0.658270374207284,0.8428586469750187,0.2441860465116279,0.3549883990719257,0.3735978826342941,1,node+edge+subgraph,62,0.7808667999997851,2.1808887000479444,spread_cv,ca-HepTh,6,0.6577641136380757,0.8423845236991903,0.2441860465116279,0.3573085846867749,0.3742806220206326,56,0.5386407999903895,2.1808887000479444,ca-HepTh,-0.0005062605692082167,ca-HepTh ridge
0.6586071995347804,0.8429795867835406,0.2441860465116279,0.3549883990719257,0.3732700899440141,1,node+edge+subgraph,62,0.8047237999999197,2.1808887000479444,spread_cv,ca-HepTh,7,0.6579994608195232,0.8424085952086403,0.2441860465116279,0.3619489559164733,0.3740882680486301,56,0.5149075999797788,2.1808887000479444,ca-HepTh,-0.0006077387152572111,ca-HepTh ridge
0.6579188463914661,0.8424796962610291,0.2558139534883721,0.3619489559164733,0.3738969998351062,1,node+edge+subgraph,62,0.7578218999988167,2.1808887000479444,spread_cv,ca-HepTh,8,0.65725814913343,0.8417862652759467,0.2441860465116279,0.3596287703016241,0.374768431613015,56,0.5383152000140399,2.1808887000479444,ca-HepTh,-0.0006606972580361914,ca-HepTh ridge
0.6577956760400633,0.8422394789846687,0.2558139534883721,0.3619489559164733,0.3743504519932896,1,node+edge+subgraph,62,0.7504480000061449,2.1808887000479444,spread_cv,ca-HepTh,9,0.6577568577722115,0.8423503762305086,0.2325581395348837,0.3642691415313225,0.3743709190058363,56,0.5296502999844961,2.1808887000479444,ca-HepTh,-3.881826785179232e-05,ca-HepTh ridge
0.6580670673119905,0.8426172729096284,0.2558139534883721,0.3596287703016241,0.3737168235535368,1,node+edge+subgraph+dynamic,62,0.8008862999995472,2.1808887000479444,spread_cv,ca-HepTh,0,0.6576777668103341,0.8421946202055467,0.2325581395348837,0.3596287703016241,0.3743739686501076,56,0.5141428000060841,2.1808887000479444,ca-HepTh,-0.00038930050165641994,ca-HepTh ridge
0.6584233681002456,0.842960364876119,0.2441860465116279,0.3526682134570765,0.3735732624006823,1,node+edge+subgraph+dynamic,62,0.7162309999985155,2.1808887000479444,spread_cv,ca-HepTh,1,0.6580410678081043,0.8425199684026391,0.2325581395348837,0.3596287703016241,0.3742096877906777,56,0.496532000019215,2.1808887000479444,ca-HepTh,-0.0003823002921412577,ca-HepTh ridge
0.6584184483839657,0.8428119493384184,0.2558139534883721,0.3573085846867749,0.3735809079961563,1,node+edge+subgraph+dynamic,62,0.7088319000031333,2.1808887000479444,spread_cv,ca-HepTh,2,0.6577462045092329,0.8421779135150115,0.2441860465116279,0.3665893271461717,0.3743202462293482,56,0.5088935000239871,2.1808887000479444,ca-HepTh,-0.0006722438747327475,ca-HepTh ridge
0.6583385086987145,0.8428456240637078,0.2558139534883721,0.3596287703016241,0.3734116271611441,1,node+edge+subgraph+dynamic,62,0.7232438999999431,2.1808887000479444,spread_cv,ca-HepTh,3,0.6578792186284566,0.8423956756720131,0.2441860465116279,0.3665893271461717,0.3740285414303209,56,0.5100417000066955,2.1808887000479444,ca-HepTh,-0.0004592900702579117,ca-HepTh ridge
0.6582975996372095,0.8427312076082402,0.2558139534883721,0.3573085846867749,0.3737382997900367,1,node+edge+subgraph+dynamic,62,0.730646700001671,2.1808887000479444,spread_cv,ca-HepTh,4,0.6577532046271847,0.8421691265667088,0.2325581395348837,0.3573085846867749,0.3743550082512986,56,0.5387257999973372,2.1808887000479444,ca-HepTh,-0.0005443950100247896,ca-HepTh ridge
0.6580578158299384,0.842539980942257,0.2441860465116279,0.3573085846867749,0.3739223351802299,1,node+edge+subgraph+dynamic,62,0.7257112999941455,2.1808887000479444,spread_cv,ca-HepTh,5,0.6575068666472327,0.8420113565721031,0.2441860465116279,0.3642691415313225,0.3744722854139125,56,0.5223652000131551,2.1808887000479444,ca-HepTh,-0.0005509491827057067,ca-HepTh ridge
0.658270374207284,0.8428586469750187,0.2441860465116279,0.3549883990719257,0.3735978826342941,1,node+edge+subgraph+dynamic,62,0.7099411000017426,2.1808887000479444,spread_cv,ca-HepTh,6,0.6577641136380757,0.8423845236991903,0.2441860465116279,0.3573085846867749,0.3742806220206326,56,0.5627772999869194,2.1808887000479444,ca-HepTh,-0.0005062605692082167,ca-HepTh ridge
0.6586071995347804,0.8429795867835406,0.2441860465116279,0.3549883990719257,0.3732700899440141,1,node+edge+subgraph+dynamic,62,0.6978249999956461,2.1808887000479444,spread_cv,ca-HepTh,7,0.6579994608195232,0.8424085952086403,0.2441860465116279,0.3619489559164733,0.3740882680486301,56,0.5390286000038031,2.1808887000479444,ca-HepTh,-0.0006077387152572111,ca-HepTh ridge
0.6579188463914661,0.8424796962610291,0.2558139534883721,0.3619489559164733,0.3738969998351062,1,node+edge+subgraph+dynamic,62,0.6950908999933745,2.1808887000479444,spread_cv,ca-HepTh,8,0.65725814913343,0.8417862652759467,0.2441860465116279,0.3596287703016241,0.374768431613015,56,0.5339445999998134,2.1808887000479444,ca-HepTh,-0.0006606972580361914,ca-HepTh ridge
0.6577956760400633,0.8422394789846687,0.2558139534883721,0.3619489559164733,0.3743504519932896,1,node+edge+subgraph+dynamic,62,0.70716800000082,2.1808887000479444,spread_cv,ca-HepTh,9,0.6577568577722115,0.8423503762305086,0.2325581395348837,0.3642691415313225,0.3743709190058363,56,0.5056239000114147,2.1808887000479444,ca-HepTh,-3.881826785179232e-05,ca-HepTh ridge
0.73020248703906,0.8778236769140327,0.6744186046511628,0.7494199535962877,24176.993996781846,1,node+edge+subgraph,62,0.7573374999992666,2.1808887000479444,betweenness,ca-HepTh,0,0.7316352292366317,0.8807919501477911,0.6744186046511628,0.7540603248259861,24759.17768197378,56,0.5902426000102423,2.1808887000479444,ca-HepTh,0.0014327421975717236,ca-HepTh ridge
0.7275041653609097,0.8754493190462707,0.6976744186046512,0.7447795823665894,24556.406971539844,1,node+edge+subgraph,62,0.7536543000023812,2.1808887000479444,betweenness,ca-HepTh,1,0.7283071632424865,0.8778661353903259,0.686046511627907,0.7563805104408353,24661.200411364785,56,0.5348747999814805,2.1808887000479444,ca-HepTh,0.0008029978815767835,ca-HepTh ridge
0.7272385183679277,0.8751989923227387,0.6744186046511628,0.7494199535962877,24626.39527288673,1,node+edge+subgraph,62,0.7768838999982108,2.1808887000479444,betweenness,ca-HepTh,2,0.730189545824746,0.8793840296384036,0.6511627906976745,0.7494199535962877,25198.1303275131,56,0.5990442000038456,2.1808887000479444,ca-HepTh,0.0029510274568183004,ca-HepTh ridge
0.729045423043542,0.8767085082155717,0.6744186046511628,0.7494199535962877,24314.059911846165,1,node+edge+subgraph,62,0.7687337000024854,2.1808887000479444,betweenness,ca-HepTh,3,0.7294148638352501,0.8780982698517533,0.6627906976744186,0.7540603248259861,24792.72981210271,56,0.5638914000010118,2.1808887000479444,ca-HepTh,0.00036944079170808664,ca-HepTh ridge
0.7297311343551628,0.8769874814285937,0.6627906976744186,0.7447795823665894,24872.326474467303,1,node+edge+subgraph,62,0.7484732000011718,2.1808887000479444,betweenness,ca-HepTh,4,0.7277426377160301,0.8773030846824795,0.6627906976744186,0.7470997679814385,24961.238716279637,56,0.5582896000123583,2.1808887000479444,ca-HepTh,-0.0019884966391326975,ca-HepTh ridge
0.7308572398617561,0.8784165653506887,0.6976744186046512,0.7494199535962877,24198.55312023031,1,node+edge+subgraph,62,0.7242259999984526,2.1808887000479444,betweenness,ca-HepTh,5,0.7292630065368305,0.8786365457616757,0.6744186046511628,0.7517401392111369,24599.7049954248,56,0.5891678000043612,2.1808887000479444,ca-HepTh,-0.001594233324925587,ca-HepTh ridge
0.7280656478130034,0.8765904271065391,0.6744186046511628,0.7494199535962877,24322.15703644149,1,node+edge+subgraph,62,0.7391022000010707,2.1808887000479444,betweenness,ca-HepTh,6,0.7295687671492205,0.8785730042571763,0.686046511627907,0.7470997679814385,24708.843866176157,56,0.575581900018733,2.1808887000479444,ca-HepTh,0.0015031193362170514,ca-HepTh ridge
0.7284939363382491,0.8767201767389918,0.6511627906976745,0.7447795823665894,24822.69367146308,1,node+edge+subgraph,62,0.7255641000010655,2.1808887000479444,betweenness,ca-HepTh,7,0.727059068096262,0.8768193037471792,0.6627906976744186,0.7540603248259861,25010.33197324435,56,0.5919148999964818,2.1808887000479444,ca-HepTh,-0.0014348682419871306,ca-HepTh ridge
0.7279118016437237,0.8762113960876223,0.6976744186046512,0.740139211136891,24650.630871315567,1,node+edge+subgraph,62,0.7520558999967761,2.1808887000479444,betweenness,ca-HepTh,8,0.7257825533156776,0.8752157220636633,0.686046511627907,0.7540603248259861,25022.038724557904,56,0.5116410999908112,2.1808887000479444,ca-HepTh,-0.002129248328046063,ca-HepTh ridge
0.7328858502311446,0.8799443734870851,0.686046511627907,0.7517401392111369,25999.968628056915,1,node+edge+subgraph,62,0.7273519999944256,2.1808887000479444,betweenness,ca-HepTh,9,0.7312584266894221,0.88014404229094,0.6511627906976745,0.7540603248259861,25470.73419087803,56,0.5949185999925248,2.1808887000479444,ca-HepTh,-0.001627423541722517,ca-HepTh ridge
0.73020248703906,0.8778236769140327,0.6744186046511628,0.7494199535962877,24176.993996781846,1,node+edge+subgraph+dynamic,62,0.7801522000008845,2.1808887000479444,betweenness,ca-HepTh,0,0.7316352292366317,0.8807919501477911,0.6744186046511628,0.7540603248259861,24759.17768197378,56,0.5413682000071276,2.1808887000479444,ca-HepTh,0.0014327421975717236,ca-HepTh ridge
0.7275041653609097,0.8754493190462707,0.6976744186046512,0.7447795823665894,24556.406971539844,1,node+edge+subgraph+dynamic,62,0.7190006000018911,2.1808887000479444,betweenness,ca-HepTh,1,0.7283071632424865,0.8778661353903259,0.686046511627907,0.7563805104408353,24661.200411364785,56,0.5309393999923486,2.1808887000479444,ca-HepTh,0.0008029978815767835,ca-HepTh ridge
0.7272385183679277,0.8751989923227387,0.6744186046511628,0.7494199535962877,24626.39527288673,1,node+edge+subgraph+dynamic,62,0.7347272999977577,2.1808887000479444,betweenness,ca-HepTh,2,0.730189545824746,0.8793840296384036,0.6511627906976745,0.7494199535962877,25198.1303275131,56,0.5622148000111338,2.1808887000479444,ca-HepTh,0.0029510274568183004,ca-HepTh ridge
0.729045423043542,0.8767085082155717,0.6744186046511628,0.7494199535962877,24314.059911846165,1,node+edge+subgraph+dynamic,62,0.7567558999944595,2.1808887000479444,betweenness,ca-HepTh,3,0.7294148638352501,0.8780982698517533,0.6627906976744186,0.7540603248259861,24792.72981210271,56,0.520086500007892,2.1808887000479444,ca-HepTh,0.00036944079170808664,ca-HepTh ridge
0.7297311343551628,0.8769874814285937,0.6627906976744186,0.7447795823665894,24872.326474467303,1,node+edge+subgraph+dynamic,62,0.7094737000006717,2.1808887000479444,betweenness,ca-HepTh,4,0.7277426377160301,0.8773030846824795,0.6627906976744186,0.7470997679814385,24961.238716279637,56,0.53195410000626,2.1808887000479444,ca-HepTh,-0.0019884966391326975,ca-HepTh ridge
0.7308572398617561,0.8784165653506887,0.6976744186046512,0.7494199535962877,24198.55312023031,1,node+edge+subgraph+dynamic,62,0.7250247999982093,2.1808887000479444,betweenness,ca-HepTh,5,0.7292630065368305,0.8786365457616757,0.6744186046511628,0.7517401392111369,24599.7049954248,56,0.5049392000073567,2.1808887000479444,ca-HepTh,-0.001594233324925587,ca-HepTh ridge
0.7280656478130034,0.8765904271065391,0.6744186046511628,0.7494199535962877,24322.15703644149,1,node+edge+subgraph+dynamic,62,0.8612044000037713,2.1808887000479444,betweenness,ca-HepTh,6,0.7295687671492205,0.8785730042571763,0.686046511627907,0.7470997679814385,24708.843866176157,56,0.525388500012923,2.1808887000479444,ca-HepTh,0.0015031193362170514,ca-HepTh ridge
0.7284939363382491,0.8767201767389918,0.6511627906976745,0.7447795823665894,24822.69367146308,1,node+edge+subgraph+dynamic,62,0.7875339000020176,2.1808887000479444,betweenness,ca-HepTh,7,0.727059068096262,0.8768193037471792,0.6627906976744186,0.7540603248259861,25010.33197324435,56,0.5182683000166435,2.1808887000479444,ca-HepTh,-0.0014348682419871306,ca-HepTh ridge
0.7279118016437237,0.8762113960876223,0.6976744186046512,0.740139211136891,24650.630871315567,1,node+edge+subgraph+dynamic,62,0.7029217000017525,2.1808887000479444,betweenness,ca-HepTh,8,0.7257825533156776,0.8752157220636633,0.686046511627907,0.7540603248259861,25022.038724557904,56,0.4940379000036046,2.1808887000479444,ca-HepTh,-0.002129248328046063,ca-HepTh ridge
0.7328858502311446,0.8799443734870851,0.686046511627907,0.7517401392111369,25999.968628056915,1,node+edge+subgraph+dynamic,62,0.7087359000070137,2.1808887000479444,betweenness,ca-HepTh,9,0.7312584266894221,0.88014404229094,0.6511627906976745,0.7540603248259861,25470.73419087803,56,0.4906030000129249,2.1808887000479444,ca-HepTh,-0.001627423541722517,ca-HepTh ridge
0.527276534261725,0.7136201309300905,0.0,0.3039443155452436,0.108860227550507,1,node+edge+subgraph,62,0.6921647000053781,2.1808887000479444,spread_resid,ca-HepTh,0,0.5264042793638213,0.712755430249477,0.0,0.3062645011600928,0.1090255312472584,56,0.5484219999925699,2.1808887000479444,ca-HepTh,-0.0008722548979037681,ca-HepTh ridge
0.5267679014796269,0.7131037237928599,0.0,0.296983758700696,0.1089711156642418,1,node+edge+subgraph,62,0.6762279999966267,2.1808887000479444,spread_resid,ca-HepTh,1,0.5260830188931065,0.7123540066424433,0.0,0.296983758700696,0.1090810889550621,56,0.5257584000064526,2.1808887000479444,ca-HepTh,-0.0006848825865204411,ca-HepTh ridge
0.5273211474983464,0.7136273929029756,0.0,0.3016241299303944,0.1088516306917365,1,node+edge+subgraph,62,0.6754112000053283,2.1808887000479444,spread_resid,ca-HepTh,2,0.5267220766836541,0.7129514268828614,0.0,0.2923433874709977,0.1090031196208383,56,0.5346633000008296,2.1808887000479444,ca-HepTh,-0.0005990708146922374,ca-HepTh ridge
0.5271384866841289,0.7134606272176645,0.0,0.2946635730858468,0.1093263457703627,1,node+edge+subgraph,62,0.6938053999983822,2.1808887000479444,spread_resid,ca-HepTh,3,0.5265338231784947,0.712859514625771,0.0,0.296983758700696,0.1092851790998835,56,0.4946473999880254,2.1808887000479444,ca-HepTh,-0.0006046635056341509,ca-HepTh ridge
0.5274565651622708,0.7137417453844048,0.0,0.2946635730858468,0.1090573625976462,1,node+edge+subgraph,62,0.6854449000020395,2.1808887000479444,spread_resid,ca-HepTh,4,0.526813141237535,0.7130215624600797,0.0,0.2900232018561485,0.1093781091980273,56,0.5090366000076756,2.1808887000479444,ca-HepTh,-0.0006434239247358198,ca-HepTh ridge
0.5272403650128172,0.7134832332585961,0.0,0.2946635730858468,0.1091061199257005,1,node+edge+subgraph,62,0.6879120000012335,2.1808887000479444,spread_resid,ca-HepTh,5,0.5262160918722987,0.712417511347925,0.0,0.2946635730858468,0.1095467586197224,56,0.5105542999808677,2.1808887000479444,ca-HepTh,-0.0010242731405185612,ca-HepTh ridge
0.5267409423882148,0.7129726578897289,0.0,0.296983758700696,0.109006882516664,1,node+edge+subgraph,62,0.6916379000031156,2.1808887000479444,spread_resid,ca-HepTh,6,0.5260621805196201,0.7122770331849564,0.0,0.296983758700696,0.1091558604751692,56,0.5151036000170279,2.1808887000479444,ca-HepTh,-0.0006787618685947239,ca-HepTh ridge
0.5273350823166528,0.7136218950404986,0.0,0.2900232018561485,0.1088797820054144,1,node+edge+subgraph,62,0.6931454000005033,2.1808887000479444,spread_resid,ca-HepTh,7,0.526773147048698,0.7130136531862818,0.0,0.2923433874709977,0.1090354749802564,56,0.5239295999926981,2.1808887000479444,ca-HepTh,-0.0005619352679547829,ca-HepTh ridge
0.5270159629042218,0.713384515834172,0.0,0.2877030162412993,0.1089280182691737,1,node+edge+subgraph,62,0.6975928999963799,2.1808887000479444,spread_resid,ca-HepTh,8,0.5262853588435266,0.7126717213775414,0.0,0.2900232018561485,0.1090653440582935,56,0.5563376999925822,2.1808887000479444,ca-HepTh,-0.0007306040606952502,ca-HepTh ridge
0.5265068978936613,0.7128223754123804,0.0,0.296983758700696,0.1090911479307083,1,node+edge+subgraph,62,0.6952935000008438,2.1808887000479444,spread_resid,ca-HepTh,9,0.5256386871252451,0.7118636215979466,0.0,0.296983758700696,0.1092842029271639,56,0.5877189000020735,2.1808887000479444,ca-HepTh,-0.0008682107684162554,ca-HepTh ridge
0.527276534261725,0.7136201309300905,0.0,0.3039443155452436,0.108860227550507,1,node+edge+subgraph+dynamic,62,0.681172600001446,2.1808887000479444,spread_resid,ca-HepTh,0,0.5264042793638213,0.712755430249477,0.0,0.3062645011600928,0.1090255312472584,56,0.5753110999939963,2.1808887000479444,ca-HepTh,-0.0008722548979037681,ca-HepTh ridge
0.5267679014796269,0.7131037237928599,0.0,0.296983758700696,0.1089711156642418,1,node+edge+subgraph+dynamic,62,0.688796899994486,2.1808887000479444,spread_resid,ca-HepTh,1,0.5260830188931065,0.7123540066424433,0.0,0.296983758700696,0.1090810889550621,56,0.5493841000134125,2.1808887000479444,ca-HepTh,-0.0006848825865204411,ca-HepTh ridge
0.5273211474983464,0.7136273929029756,0.0,0.3016241299303944,0.1088516306917365,1,node+edge+subgraph+dynamic,62,0.7099177999989479,2.1808887000479444,spread_resid,ca-HepTh,2,0.5267220766836541,0.7129514268828614,0.0,0.2923433874709977,0.1090031196208383,56,0.5844182999862824,2.1808887000479444,ca-HepTh,-0.0005990708146922374,ca-HepTh ridge
0.5271384866841289,0.7134606272176645,0.0,0.2946635730858468,0.1093263457703627,1,node+edge+subgraph+dynamic,62,0.6760744000057457,2.1808887000479444,spread_resid,ca-HepTh,3,0.5265338231784947,0.712859514625771,0.0,0.296983758700696,0.1092851790998835,56,0.5795272000250407,2.1808887000479444,ca-HepTh,-0.0006046635056341509,ca-HepTh ridge
0.5274565651622708,0.7137417453844048,0.0,0.2946635730858468,0.1090573625976462,1,node+edge+subgraph+dynamic,62,0.6760729000015999,2.1808887000479444,spread_resid,ca-HepTh,4,0.526813141237535,0.7130215624600797,0.0,0.2900232018561485,0.1093781091980273,56,0.5933026999991853,2.1808887000479444,ca-HepTh,-0.0006434239247358198,ca-HepTh ridge
0.5272403650128172,0.7134832332585961,0.0,0.2946635730858468,0.1091061199257005,1,node+edge+subgraph+dynamic,62,0.6804391000041505,2.1808887000479444,spread_resid,ca-HepTh,5,0.5262160918722987,0.712417511347925,0.0,0.2946635730858468,0.1095467586197224,56,0.5742442000191659,2.1808887000479444,ca-HepTh,-0.0010242731405185612,ca-HepTh ridge
0.5267409423882148,0.7129726578897289,0.0,0.296983758700696,0.109006882516664,1,node+edge+subgraph+dynamic,62,0.6941203000023961,2.1808887000479444,spread_resid,ca-HepTh,6,0.5260621805196201,0.7122770331849564,0.0,0.296983758700696,0.1091558604751692,56,0.586376300023403,2.1808887000479444,ca-HepTh,-0.0006787618685947239,ca-HepTh ridge
0.5273350823166528,0.7136218950404986,0.0,0.2900232018561485,0.1088797820054144,1,node+edge+subgraph+dynamic,62,0.6912661000023945,2.1808887000479444,spread_resid,ca-HepTh,7,0.526773147048698,0.7130136531862818,0.0,0.2923433874709977,0.1090354749802564,56,0.5925046999764163,2.1808887000479444,ca-HepTh,-0.0005619352679547829,ca-HepTh ridge
0.5270159629042218,0.713384515834172,0.0,0.2877030162412993,0.1089280182691737,1,node+edge+subgraph+dynamic,62,0.6960576999990735,2.1808887000479444,spread_resid,ca-HepTh,8,0.5262853588435266,0.7126717213775414,0.0,0.2900232018561485,0.1090653440582935,56,0.6150753000110853,2.1808887000479444,ca-HepTh,-0.0007306040606952502,ca-HepTh ridge
0.5265068978936613,0.7128223754123804,0.0,0.296983758700696,0.1090911479307083,1,node+edge+subgraph+dynamic,62,0.7000608000016655,2.1808887000479444,spread_resid,ca-HepTh,9,0.5256386871252451,0.7118636215979466,0.0,0.296983758700696,0.1092842029271639,56,0.5873182000068482,2.1808887000479444,ca-HepTh,-0.0008682107684162554,ca-HepTh ridge
0.9595171339652712,0.997665651169062,0.8888888888888888,0.979591836734694,2.166398004272378,1,node+edge+subgraph,62,0.9663610000006884,16.300206699997943,spread_mean,email-Eu-core,0,0.9572014003619632,0.9974114137324022,0.8888888888888888,0.979591836734694,2.2472118090770272,56,1.255011800007196,16.300206699997943,email-Eu-core,-0.0023157336033079456,email-Eu-core rf
0.9592495920062648,0.9976140344596,1.0,0.979591836734694,2.2729398897367843,1,node+edge+subgraph,62,0.9704085000003032,16.300206699997943,spread_mean,email-Eu-core,1,0.956962343410542,0.9973751226793612,1.0,0.979591836734694,2.3802658393893243,56,1.3248151000007056,16.300206699997943,email-Eu-core,-0.002287248595722824,email-Eu-core rf
0.9591412685663124,0.997602451715668,1.0,0.979591836734694,2.1663378016328565,1,node+edge+subgraph,62,0.9501694999999016,16.300206699997943,spread_mean,email-Eu-core,2,0.9569643141293748,0.9973771475159254,1.0,0.979591836734694,2.284315534910472,56,1.35166320001008,16.300206699997943,email-Eu-core,-0.0021769544369376614,email-Eu-core rf
0.959573889736764,0.9976603684075545,1.0,0.979591836734694,2.1588134013503293,1,node+edge+subgraph,62,0.9471824000002016,16.300206699997943,spread_mean,email-Eu-core,3,0.956896267809162,0.9973729663167732,1.0,0.979591836734694,2.258711240049035,56,1.3696963999827858,16.300206699997943,email-Eu-core,-0.002677621927602014,email-Eu-core rf
0.9597486815761672,0.997673885165341,1.0,0.979591836734694,2.157261589702037,1,node+edge+subgraph,62,0.8845171000002665,16.300206699997943,spread_mean,email-Eu-core,4,0.9575480878784334,0.9974414892723428,0.8888888888888888,0.979591836734694,2.2449473631576544,56,1.3158148000075016,16.300206699997943,email-Eu-core,-0.0022005936977338436,email-Eu-core rf
0.9592327818761328,0.9975894199669648,1.0,1.0,2.1603002159118065,1,node+edge+subgraph,62,0.8936864999996033,16.300206699997943,spread_mean,email-Eu-core,5,0.9567531892330642,0.9973371760504898,1.0,1.0,2.225332787534068,56,1.3825297000003047,16.300206699997943,email-Eu-core,-0.002479592643068629,email-Eu-core rf
0.9596177905399972,0.9976639360959572,1.0,0.979591836734694,2.1510450475412384,1,node+edge+subgraph,62,0.9121642999998584,16.300206699997943,spread_mean,email-Eu-core,6,0.957025916823317,0.997364669697814,1.0,0.979591836734694,2.2634679499637715,56,1.362776900001336,16.300206699997943,email-Eu-core,-0.0025918737166802375,email-Eu-core rf
0.9595892928793984,0.9976766330113152,1.0,0.979591836734694,2.12122580924202,1,node+edge+subgraph,62,0.8851112000002104,16.300206699997943,spread_mean,email-Eu-core,7,0.9568799707483748,0.9973813568733164,1.0,0.979591836734694,2.241716938506966,56,1.33508509999956,16.300206699997943,email-Eu-core,-0.002709322131023595,email-Eu-core rf
0.9588108768324856,0.9975798746853182,1.0,1.0,2.185117072832361,1,node+edge+subgraph,62,0.884959600000002,16.300206699997943,spread_mean,email-Eu-core,8,0.9564063279409136,0.9973076544128648,0.8888888888888888,1.0,2.3026438047621025,56,1.4147644999902695,16.300206699997943,email-Eu-core,-0.0024045488915719337,email-Eu-core rf
0.9600362436400636,0.9976917866233888,1.0,0.979591836734694,2.109011185679798,1,node+edge+subgraph,62,0.906529199999568,16.300206699997943,spread_mean,email-Eu-core,9,0.9573043657655912,0.9974278629909464,1.0,0.979591836734694,2.223963487167403,56,1.4485976000141818,16.300206699997943,email-Eu-core,-0.002731877874472377,email-Eu-core rf
0.9595171339652712,0.997665651169062,0.8888888888888888,0.979591836734694,2.1663980042723776,1,node+edge+subgraph+dynamic,62,0.9036739000002854,16.300206699997943,spread_mean,email-Eu-core,0,0.9572014003619632,0.9974114137324022,0.8888888888888888,0.979591836734694,2.247211809077028,56,1.3993876000167802,16.300206699997943,email-Eu-core,-0.0023157336033079456,email-Eu-core rf
0.9592495920062648,0.9976140344596,1.0,0.979591836734694,2.2729398897367834,1,node+edge+subgraph+dynamic,62,0.8778915999992023,16.300206699997943,spread_mean,email-Eu-core,1,0.956962343410542,0.9973751226793612,1.0,0.979591836734694,2.380265839389325,56,1.4547093999863137,16.300206699997943,email-Eu-core,-0.002287248595722824,email-Eu-core rf
0.9591412685663124,0.997602451715668,1.0,0.979591836734694,2.166337801632857,1,node+edge+subgraph+dynamic,62,0.9515802000005352,16.300206699997943,spread_mean,email-Eu-core,2,0.9569643141293748,0.9973771475159254,1.0,0.979591836734694,2.284315534910472,56,1.2043972000246868,16.300206699997943,email-Eu-core,-0.0021769544369376614,email-Eu-core rf
0.959573889736764,0.9976603684075545,1.0,0.979591836734694,2.158813401350329,1,node+edge+subgraph+dynamic,62,0.9303267999994204,16.300206699997943,spread_mean,email-Eu-core,3,0.956896267809162,0.9973729663167732,1.0,0.979591836734694,2.258711240049036,56,1.2570284999965224,16.300206699997943,email-Eu-core,-0.002677621927602014,email-Eu-core rf
0.9597486815761672,0.997673885165341,1.0,0.979591836734694,2.157261589702037,1,node+edge+subgraph+dynamic,62,0.978841299999658,16.300206699997943,spread_mean,email-Eu-core,4,0.9575480878784334,0.9974414892723428,0.8888888888888888,0.979591836734694,2.2449473631576544,56,1.162440100015374,16.300206699997943,email-Eu-core,-0.0022005936977338436,email-Eu-core rf
0.9592327818761328,0.9975894199669648,1.0,1.0,2.1603002159118065,1,node+edge+subgraph+dynamic,62,0.9361971999996967,16.300206699997943,spread_mean,email-Eu-core,5,0.9567531892330642,0.9973371760504898,1.0,1.0,2.225332787534068,56,1.1922082000237424,16.300206699997943,email-Eu-core,-0.002479592643068629,email-Eu-core rf
0.9596177905399972,0.9976639360959572,1.0,0.979591836734694,2.151045047541239,1,node+edge+subgraph+dynamic,62,0.9156056000001628,16.300206699997943,spread_mean,email-Eu-core,6,0.957025916823317,0.997364669697814,1.0,0.979591836734694,2.2634679499637715,56,1.218984899984207,16.300206699997943,email-Eu-core,-0.0025918737166802375,email-Eu-core rf
0.9595892928793984,0.9976766330113152,1.0,0.979591836734694,2.121225809242018,1,node+edge+subgraph+dynamic,62,0.875698700000612,16.300206699997943,spread_mean,email-Eu-core,7,0.9568799707483748,0.9973813568733164,1.0,0.979591836734694,2.241716938506966,56,1.1773014000209514,16.300206699997943,email-Eu-core,-0.002709322131023595,email-Eu-core rf
0.9588108768324856,0.9975798746853182,1.0,1.0,2.18511707283236,1,node+edge+subgraph+dynamic,62,0.9260446000007504,16.300206699997943,spread_mean,email-Eu-core,8,0.9564063279409136,0.9973076544128648,0.8888888888888888,1.0,2.3026438047621016,56,1.2214308999828063,16.300206699997943,email-Eu-core,-0.0024045488915719337,email-Eu-core rf
0.9600362436400636,0.9976917866233888,1.0,0.979591836734694,2.109011185679798,1,node+edge+subgraph+dynamic,62,0.9122631000000184,16.300206699997943,spread_mean,email-Eu-core,9,0.9573043657655912,0.9974278629909464,1.0,0.979591836734694,2.223963487167403,56,1.3369173000101,16.300206699997943,email-Eu-core,-0.002731877874472377,email-Eu-core rf
0.9548188739638718,0.9965255729746024,0.5555555555555556,0.7551020408163265,0.1905687408807738,1,node+edge+subgraph,62,0.9647377999999662,16.300206699997943,spread_cv,email-Eu-core,0,0.9505879833727936,0.9958441555563942,0.5555555555555556,0.7142857142857143,0.2205851041627149,56,1.477082600002177,16.300206699997943,email-Eu-core,-0.0042308905910781736,email-Eu-core rf
0.9536576174445538,0.9962216279166148,0.4444444444444444,0.7346938775510204,0.197071193579142,1,node+edge+subgraph,62,0.9223168999997142,16.300206699997943,spread_cv,email-Eu-core,1,0.949921643238992,0.995735676774346,0.2222222222222222,0.7142857142857143,0.2160234996722112,56,1.553379099990707,16.300206699997943,email-Eu-core,-0.0037359742055618206,email-Eu-core rf
0.9538169751058484,0.995986352761278,0.3333333333333333,0.7346938775510204,0.2035882947708736,1,node+edge+subgraph,62,0.9012177999993582,16.300206699997943,spread_cv,email-Eu-core,2,0.9492245137521924,0.9952452128181698,0.4444444444444444,0.7142857142857143,0.2360443619813411,56,1.8440305000112855,16.300206699997943,email-Eu-core,-0.0045924613536559855,email-Eu-core rf
0.9537894123469752,0.9962383087663852,0.4444444444444444,0.7142857142857143,0.2003010104635822,1,node+edge+subgraph,62,0.9079636999995272,16.300206699997943,spread_cv,email-Eu-core,3,0.949033974703112,0.9954671213021502,0.5555555555555556,0.6938775510204082,0.2391204399551139,56,1.490148999990197,16.300206699997943,email-Eu-core,-0.004755437643863214,email-Eu-core rf
0.954724145987608,0.9964520301536444,0.3333333333333333,0.7346938775510204,0.1863357611955772,1,node+edge+subgraph,62,0.9109066999999412,16.300206699997943,spread_cv,email-Eu-core,4,0.949931836720759,0.9954901646748892,0.4444444444444444,0.673469387755102,0.2258485608206705,56,1.2992455999774393,16.300206699997943,email-Eu-core,-0.0047923092668490375,email-Eu-core rf
0.9537541186667028,0.9963523331032446,0.4444444444444444,0.7142857142857143,0.1915983477632028,1,node+edge+subgraph,62,0.915918600000623,16.300206699997943,spread_cv,email-Eu-core,5,0.9500738267794244,0.99564026412052,0.5555555555555556,0.6938775510204082,0.2112762990476592,56,1.486289399996167,16.300206699997943,email-Eu-core,-0.003680291887278364,email-Eu-core rf
0.952454597384478,0.9954010395149104,0.3333333333333333,0.7551020408163265,0.22122561410762,1,node+edge+subgraph,62,0.9307999000002384,16.300206699997943,spread_cv,email-Eu-core,6,0.948050490624476,0.9944003448761176,0.4444444444444444,0.6938775510204082,0.2582709353605614,56,1.426936800009571,16.300206699997943,email-Eu-core,-0.0044041067600020245,email-Eu-core rf
0.9538232480995852,0.9963097359426782,0.1111111111111111,0.7551020408163265,0.194560617780728,1,node+edge+subgraph,62,0.9138955999997052,16.300206699997943,spread_cv,email-Eu-core,7,0.9494024882002235,0.9955249597114444,0.1111111111111111,0.673469387755102,0.2249952849585905,56,1.4094050000130665,16.300206699997943,email-Eu-core,-0.004420759899361637,email-Eu-core rf
0.9516908909123504,0.9954198110342624,0.3333333333333333,0.7346938775510204,0.2243344589934855,1,node+edge+subgraph,62,1.0019116000003123,16.300206699997943,spread_cv,email-Eu-core,8,0.9486283951061748,0.9948167277957244,0.4444444444444444,0.7142857142857143,0.2445367599129681,56,1.3555162999837194,16.300206699997943,email-Eu-core,-0.003062495806175569,email-Eu-core rf
0.9548067042500404,0.9963325352250884,0.4444444444444444,0.7346938775510204,0.1909280913586076,1,node+edge+subgraph,62,0.9844284999999218,16.300206699997943,spread_cv,email-Eu-core,9,0.9504902173093936,0.995663342040779,0.4444444444444444,0.673469387755102,0.2191166201858236,56,1.4451722000085283,16.300206699997943,email-Eu-core,-0.004316486940646791,email-Eu-core rf
0.9548188739638718,0.9965255729746024,0.5555555555555556,0.7551020408163265,0.1905687408807738,1,node+edge+subgraph+dynamic,62,1.3907010000002629,16.300206699997943,spread_cv,email-Eu-core,0,0.9505879833727936,0.9958441555563942,0.5555555555555556,0.7142857142857143,0.220585104162715,56,1.371300200000405,16.300206699997943,email-Eu-core,-0.0042308905910781736,email-Eu-core rf
0.9536576174445538,0.9962216279166148,0.4444444444444444,0.7346938775510204,0.1970711935791421,1,node+edge+subgraph+dynamic,62,1.2328926000000138,16.300206699997943,spread_cv,email-Eu-core,1,0.949921643238992,0.995735676774346,0.2222222222222222,0.7142857142857143,0.2160234996722111,56,1.429541599994991,16.300206699997943,email-Eu-core,-0.0037359742055618206,email-Eu-core rf
0.9538169751058484,0.995986352761278,0.3333333333333333,0.7346938775510204,0.2035882947708735,1,node+edge+subgraph+dynamic,62,1.0172973000007914,16.300206699997943,spread_cv,email-Eu-core,2,0.9492245137521924,0.9952452128181698,0.4444444444444444,0.7142857142857143,0.2360443619813411,56,1.4892479999980424,16.300206699997943,email-Eu-core,-0.0045924613536559855,email-Eu-core rf
0.9537894123469752,0.9962383087663852,0.4444444444444444,0.7142857142857143,0.2003010104635821,1,node+edge+subgraph+dynamic,62,1.2914091000002372,16.300206699997943,spread_cv,email-Eu-core,3,0.949033974703112,0.9954671213021502,0.5555555555555556,0.6938775510204082,0.2391204399551139,56,1.3966294999991078,16.300206699997943,email-Eu-core,-0.004755437643863214,email-Eu-core rf
0.954724145987608,0.9964520301536444,0.3333333333333333,0.7346938775510204,0.1863357611955772,1,node+edge+subgraph+dynamic,62,1.0674198000006072,16.300206699997943,spread_cv,email-Eu-core,4,0.949931836720759,0.9954901646748892,0.4444444444444444,0.673469387755102,0.2258485608206705,56,1.3369192999962252,16.300206699997943,email-Eu-core,-0.0047923092668490375,email-Eu-core rf
0.9537541186667028,0.9963523331032446,0.4444444444444444,0.7142857142857143,0.1915983477632028,1,node+edge+subgraph+dynamic,62,0.9361530999995012,16.300206699997943,spread_cv,email-Eu-core,5,0.9500738267794244,0.99564026412052,0.5555555555555556,0.6938775510204082,0.2112762990476592,56,1.3895895000023302,16.300206699997943,email-Eu-core,-0.003680291887278364,email-Eu-core rf
0.952454597384478,0.9954010395149104,0.3333333333333333,0.7551020408163265,0.22122561410762,1,node+edge+subgraph+dynamic,62,0.8939647000006516,16.300206699997943,spread_cv,email-Eu-core,6,0.948050490624476,0.9944003448761176,0.4444444444444444,0.6938775510204082,0.2582709353605615,56,1.2931953000079377,16.300206699997943,email-Eu-core,-0.0044041067600020245,email-Eu-core rf
0.9538232480995852,0.9963097359426782,0.1111111111111111,0.7551020408163265,0.194560617780728,1,node+edge+subgraph+dynamic,62,0.8751793999999791,16.300206699997943,spread_cv,email-Eu-core,7,0.9494024882002235,0.9955249597114444,0.1111111111111111,0.673469387755102,0.2249952849585905,56,1.3225341999786906,16.300206699997943,email-Eu-core,-0.004420759899361637,email-Eu-core rf
0.9516908909123504,0.9954198110342624,0.3333333333333333,0.7346938775510204,0.2243344589934855,1,node+edge+subgraph+dynamic,62,0.9040414999999484,16.300206699997943,spread_cv,email-Eu-core,8,0.9486283951061748,0.9948167277957244,0.4444444444444444,0.7142857142857143,0.2445367599129681,56,1.3403710999991745,16.300206699997943,email-Eu-core,-0.003062495806175569,email-Eu-core rf
0.9548067042500404,0.9963325352250884,0.4444444444444444,0.7346938775510204,0.1909280913586076,1,node+edge+subgraph+dynamic,62,0.8969041999998808,16.300206699997943,spread_cv,email-Eu-core,9,0.9504902173093936,0.995663342040779,0.4444444444444444,0.673469387755102,0.2191166201858236,56,1.3476346999814268,16.300206699997943,email-Eu-core,-0.004316486940646791,email-Eu-core rf
0.0612353605750593,0.0874130768006356,0.1111111111111111,0.2857142857142857,0.0243037455226358,1,node+edge+subgraph,62,2.487970899999709,16.300206699997943,spread_resid,email-Eu-core,0,0.0663153040312288,0.089420330059303,0.2222222222222222,0.2653061224489796,0.0284619443144522,56,2.6846930000174325,16.300206699997943,email-Eu-core,0.0050799434561695014,email-Eu-core rf
0.0799644902345121,0.1062192157112102,0.2222222222222222,0.2448979591836734,0.0256414308142406,1,node+edge+subgraph,62,2.324303399999735,16.300206699997943,spread_resid,email-Eu-core,1,0.0632502293929515,0.0832488574627403,0.2222222222222222,0.2244897959183673,0.0288135293824485,56,2.436923000001116,16.300206699997943,email-Eu-core,-0.016714260841560608,email-Eu-core rf
0.0687915576313165,0.1005000279284312,0.2222222222222222,0.3673469387755102,0.0258954753619413,1,node+edge+subgraph,62,2.2855150999994294,16.300206699997943,spread_resid,email-Eu-core,2,0.0624675581658956,0.0909709483282782,0.3333333333333333,0.3469387755102041,0.0309531989671228,56,2.193349299981492,16.300206699997943,email-Eu-core,-0.0063239994654209,email-Eu-core rf
0.0370673666154828,0.0536143881348856,0.1111111111111111,0.2857142857142857,0.0259375788316764,1,node+edge+subgraph,62,2.371462699999938,16.300206699997943,spread_resid,email-Eu-core,3,0.0277667925246704,0.0385836326201905,0.2222222222222222,0.2857142857142857,0.0326652832434235,56,2.0955676999874413,16.300206699997943,email-Eu-core,-0.009300574090812402,email-Eu-core rf
0.0732287923183219,0.1012931454531235,0.1111111111111111,0.2653061224489796,0.0243922158459006,1,node+edge+subgraph,62,2.498796599999878,16.300206699997943,spread_resid,email-Eu-core,4,0.0547508963195017,0.0766689385097986,0.2222222222222222,0.2653061224489796,0.0299737411335467,56,2.07319880000432,16.300206699997943,email-Eu-core,-0.018477895998820194,email-Eu-core rf
0.0585636095769964,0.0848341186667906,0.1111111111111111,0.3673469387755102,0.0237312187722321,1,node+edge+subgraph,62,2.3641404999998485,16.300206699997943,spread_resid,email-Eu-core,5,0.0538012325674025,0.0799786844979674,0.2222222222222222,0.3061224489795918,0.0274562352150323,56,2.0914788999943994,16.300206699997943,email-Eu-core,-0.0047623770095939,email-Eu-core rf
0.087024864619386,0.1204429631944594,0.2222222222222222,0.3469387755102041,0.0292652313809796,1,node+edge+subgraph,62,2.1882661999998163,16.300206699997943,spread_resid,email-Eu-core,6,0.0880097277243611,0.1196953921194635,0.2222222222222222,0.2857142857142857,0.0347108226602251,56,2.286374299990712,16.300206699997943,email-Eu-core,0.0009848631049751005,email-Eu-core rf
0.0652955401198736,0.094665847880627,0.1111111111111111,0.2653061224489796,0.0248234172399494,1,node+edge+subgraph,62,2.0756602999999814,16.300206699997943,spread_resid,email-Eu-core,7,0.0473635608258595,0.0672042397891985,0.2222222222222222,0.2653061224489796,0.0287484172235016,56,2.253185300010955,16.300206699997943,email-Eu-core,-0.0179319792940141,email-Eu-core rf
0.0635877419662178,0.0902613809245112,0.2222222222222222,0.2653061224489796,0.0300568209666443,1,node+edge+subgraph,62,2.1016467999997985,16.300206699997943,spread_resid,email-Eu-core,8,0.0501342115925046,0.074221399405716,0.2222222222222222,0.3061224489795918,0.0325480623950705,56,2.4478307999961544,16.300206699997943,email-Eu-core,-0.013453530373713204,email-Eu-core rf
0.0646217233926695,0.0913458580534745,0.1111111111111111,0.2653061224489796,0.0245079835318613,1,node+edge+subgraph,62,2.164653300000282,16.300206699997943,spread_resid,email-Eu-core,9,0.0386866740092718,0.0565392477086015,0.2222222222222222,0.2244897959183673,0.0286068799818664,56,2.149323599995114,16.300206699997943,email-Eu-core,-0.025935049383397697,email-Eu-core rf
0.0612353605750593,0.0874130768006356,0.1111111111111111,0.2857142857142857,0.0243037455226358,1,node+edge+subgraph+dynamic,62,2.4528583000001163,16.300206699997943,spread_resid,email-Eu-core,0,0.0663153040312288,0.089420330059303,0.2222222222222222,0.2653061224489796,0.0284619443144522,56,2.1863175999897067,16.300206699997943,email-Eu-core,0.0050799434561695014,email-Eu-core rf
0.0799644902345121,0.1062192157112102,0.2222222222222222,0.2448979591836734,0.0256414308142406,1,node+edge+subgraph+dynamic,62,2.295232099999339,16.300206699997943,spread_resid,email-Eu-core,1,0.0632502293929515,0.0832488574627403,0.2222222222222222,0.2244897959183673,0.0288135293824485,56,2.353834400011692,16.300206699997943,email-Eu-core,-0.016714260841560608,email-Eu-core rf
0.0687915576313165,0.1005000279284312,0.2222222222222222,0.3673469387755102,0.0258954753619413,1,node+edge+subgraph+dynamic,62,2.0814313000000766,16.300206699997943,spread_resid,email-Eu-core,2,0.0624675581658956,0.0909709483282782,0.3333333333333333,0.3469387755102041,0.0309531989671228,56,2.264452200004598,16.300206699997943,email-Eu-core,-0.0063239994654209,email-Eu-core rf
0.0370673666154828,0.0536143881348856,0.1111111111111111,0.2857142857142857,0.0259375788316764,1,node+edge+subgraph+dynamic,62,2.0352782999998453,16.300206699997943,spread_resid,email-Eu-core,3,0.0277667925246704,0.0385836326201905,0.2222222222222222,0.2857142857142857,0.0326652832434235,56,2.0865862000209745,16.300206699997943,email-Eu-core,-0.009300574090812402,email-Eu-core rf
0.0732287923183219,0.1012931454531235,0.1111111111111111,0.2653061224489796,0.0243922158459006,1,node+edge+subgraph+dynamic,62,2.05441940000037,16.300206699997943,spread_resid,email-Eu-core,4,0.0547508963195017,0.0766689385097986,0.2222222222222222,0.2653061224489796,0.0299737411335467,56,2.233979399985401,16.300206699997943,email-Eu-core,-0.018477895998820194,email-Eu-core rf
0.0585636095769964,0.0848341186667906,0.1111111111111111,0.3673469387755102,0.0237312187722321,1,node+edge+subgraph+dynamic,62,2.122287700000016,16.300206699997943,spread_resid,email-Eu-core,5,0.0538012325674025,0.0799786844979674,0.2222222222222222,0.3061224489795918,0.0274562352150323,56,2.248263600020437,16.300206699997943,email-Eu-core,-0.0047623770095939,email-Eu-core rf
0.087024864619386,0.1204429631944594,0.2222222222222222,0.3469387755102041,0.0292652313809796,1,node+edge+subgraph+dynamic,62,2.188063699999475,16.300206699997943,spread_resid,email-Eu-core,6,0.0880097277243611,0.1196953921194635,0.2222222222222222,0.2857142857142857,0.0347108226602251,56,2.197316400008276,16.300206699997943,email-Eu-core,0.0009848631049751005,email-Eu-core rf
0.0652955401198736,0.094665847880627,0.1111111111111111,0.2653061224489796,0.0248234172399494,1,node+edge+subgraph+dynamic,62,2.1486687000005986,16.300206699997943,spread_resid,email-Eu-core,7,0.0473635608258595,0.0672042397891985,0.2222222222222222,0.2653061224489796,0.0287484172235016,56,2.179759600025136,16.300206699997943,email-Eu-core,-0.0179319792940141,email-Eu-core rf
0.0635877419662178,0.0902613809245112,0.2222222222222222,0.2653061224489796,0.0300568209666443,1,node+edge+subgraph+dynamic,62,2.1599089999999705,16.300206699997943,spread_resid,email-Eu-core,8,0.0501342115925046,0.074221399405716,0.2222222222222222,0.3061224489795918,0.0325480623950705,56,2.1024753999954555,16.300206699997943,email-Eu-core,-0.013453530373713204,email-Eu-core rf
0.0646217233926695,0.0913458580534745,0.1111111111111111,0.2653061224489796,0.0245079835318613,1,node+edge+subgraph+dynamic,62,2.1278288999992583,16.300206699997943,spread_resid,email-Eu-core,9,0.0386866740092718,0.0565392477086015,0.2222222222222222,0.2244897959183673,0.0286068799818664,56,2.0764767000218853,16.300206699997943,email-Eu-core,-0.025935049383397697,email-Eu-core rf
0.8999593072233798,0.9820413629025844,0.7777777777777778,0.8163265306122449,1068.6706152004267,1,node+edge+subgraph,62,1.12006029999975,16.300206699997943,betweenness,email-Eu-core,0,0.900084490369412,0.9820309431715658,0.7777777777777778,0.7959183673469388,1059.8101646600371,56,1.1886459999950605,16.300206699997943,email-Eu-core,0.00012518314603215952,email-Eu-core rf
0.9010898030387412,0.9815770277625688,0.8888888888888888,0.8367346938775511,1082.596564429031,1,node+edge+subgraph,62,1.0787402000005386,16.300206699997943,betweenness,email-Eu-core,1,0.9015166179646384,0.9817940231569976,0.8888888888888888,0.8367346938775511,1072.5466614635127,56,1.2090122000081465,16.300206699997943,email-Eu-core,0.00042681492589724535,email-Eu-core rf
0.8994295572149499,0.9811464669068564,0.7777777777777778,0.8571428571428571,1122.3340098793935,1,node+edge+subgraph,62,1.1244849999993676,16.300206699997943,betweenness,email-Eu-core,2,0.8990628902931302,0.9810237553253336,0.8888888888888888,0.8571428571428571,1115.983398240671,56,1.1105269999825396,16.300206699997943,email-Eu-core,-0.0003666669218196361,email-Eu-core rf
0.896367161482436,0.979093042305817,0.7777777777777778,0.8367346938775511,1104.2881877451862,1,node+edge+subgraph,62,1.2043779999994513,16.300206699997943,betweenness,email-Eu-core,3,0.8971864383609915,0.9792764992980272,0.7777777777777778,0.8367346938775511,1094.4399903084802,56,1.1461128999944776,16.300206699997943,email-Eu-core,0.0008192768785555415,email-Eu-core rf
0.8977653955730193,0.9811608234501376,0.8888888888888888,0.8571428571428571,1118.402104686921,1,node+edge+subgraph,62,1.1864232000007178,16.300206699997943,betweenness,email-Eu-core,4,0.8985139498845215,0.9815812582260104,0.8888888888888888,0.8571428571428571,1097.20891799411,56,1.2261874999967404,16.300206699997943,email-Eu-core,0.0007485543115022253,email-Eu-core rf
0.9006450054758818,0.9826730086285036,0.5555555555555556,0.8367346938775511,1218.604474249045,1,node+edge+subgraph,62,1.1784541000006357,16.300206699997943,betweenness,email-Eu-core,5,0.9004313841943794,0.982461714943176,0.5555555555555556,0.8163265306122449,1215.1482528680606,56,1.183291299996199,16.300206699997943,email-Eu-core,-0.00021362128150237414,email-Eu-core rf
0.8967042516765708,0.9796075789800917,0.7777777777777778,0.8367346938775511,1140.4565577304222,1,node+edge+subgraph,62,1.1292687000004662,16.300206699997943,betweenness,email-Eu-core,6,0.896561586346837,0.979495715519194,0.7777777777777778,0.8571428571428571,1118.3309814956403,56,1.2815896000247449,16.300206699997943,email-Eu-core,-0.0001426653297337266,email-Eu-core rf
0.896693070494329,0.98087706683878,0.7777777777777778,0.8367346938775511,1086.4403163750458,1,node+edge+subgraph,62,1.1160063999996055,16.300206699997943,betweenness,email-Eu-core,7,0.8978097888767556,0.981102988798666,0.8888888888888888,0.8367346938775511,1082.178462394844,56,1.1597856000007596,16.300206699997943,email-Eu-core,0.0011167183824265514,email-Eu-core rf
0.8945030905251344,0.9797116063033824,0.7777777777777778,0.8571428571428571,1123.2236212467235,1,node+edge+subgraph,62,1.141504399999576,16.300206699997943,betweenness,email-Eu-core,8,0.8954248627766606,0.9802336153225664,0.7777777777777778,0.8571428571428571,1125.60151419805,56,1.1310002999962308,16.300206699997943,email-Eu-core,0.0009217722515261206,email-Eu-core rf
0.9012173178604964,0.982488117224446,0.8888888888888888,0.8571428571428571,1076.0453533380858,1,node+edge+subgraph,62,1.1024625999998534,16.300206699997943,betweenness,email-Eu-core,9,0.9001222491052195,0.9820451317145884,0.8888888888888888,0.8571428571428571,1065.5132467524304,56,1.1616211000073235,16.300206699997943,email-Eu-core,-0.0010950687552768734,email-Eu-core rf
0.8999593072233798,0.9820413629025844,0.7777777777777778,0.8163265306122449,1068.6706152004267,1,node+edge+subgraph+dynamic,62,1.0885846000001038,16.300206699997943,betweenness,email-Eu-core,0,0.900084490369412,0.9820309431715658,0.7777777777777778,0.7959183673469388,1059.8101646600371,56,1.2856515000166835,16.300206699997943,email-Eu-core,0.00012518314603215952,email-Eu-core rf
0.9010898030387412,0.9815770277625688,0.8888888888888888,0.8367346938775511,1082.596564429031,1,node+edge+subgraph+dynamic,62,1.0997918000002755,16.300206699997943,betweenness,email-Eu-core,1,0.9015166179646384,0.9817940231569976,0.8888888888888888,0.8367346938775511,1072.5466614635127,56,1.1727968000050168,16.300206699997943,email-Eu-core,0.00042681492589724535,email-Eu-core rf
0.8994295572149499,0.9811464669068564,0.7777777777777778,0.8571428571428571,1122.3340098793935,1,node+edge+subgraph+dynamic,62,1.136992900000223,16.300206699997943,betweenness,email-Eu-core,2,0.8990628902931302,0.9810237553253336,0.8888888888888888,0.8571428571428571,1115.983398240671,56,1.1970782999997027,16.300206699997943,email-Eu-core,-0.0003666669218196361,email-Eu-core rf
0.896367161482436,0.979093042305817,0.7777777777777778,0.8367346938775511,1104.2881877451862,1,node+edge+subgraph+dynamic,62,1.121175199999925,16.300206699997943,betweenness,email-Eu-core,3,0.8971864383609915,0.9792764992980272,0.7777777777777778,0.8367346938775511,1094.4399903084804,56,1.2512784999853466,16.300206699997943,email-Eu-core,0.0008192768785555415,email-Eu-core rf
0.8977653955730193,0.9811608234501376,0.8888888888888888,0.8571428571428571,1118.402104686921,1,node+edge+subgraph+dynamic,62,1.0923032999999125,16.300206699997943,betweenness,email-Eu-core,4,0.8985139498845215,0.9815812582260104,0.8888888888888888,0.8571428571428571,1097.2089179941097,56,1.2908640999812633,16.300206699997943,email-Eu-core,0.0007485543115022253,email-Eu-core rf
0.9006450054758818,0.9826730086285036,0.5555555555555556,0.8367346938775511,1218.604474249045,1,node+edge+subgraph+dynamic,62,1.1246746999995594,16.300206699997943,betweenness,email-Eu-core,5,0.9004313841943794,0.982461714943176,0.5555555555555556,0.8163265306122449,1215.1482528680606,56,1.2729348000138998,16.300206699997943,email-Eu-core,-0.00021362128150237414,email-Eu-core rf
0.8967042516765708,0.9796075789800917,0.7777777777777778,0.8367346938775511,1140.4565577304222,1,node+edge+subgraph+dynamic,62,1.191319000000476,16.300206699997943,betweenness,email-Eu-core,6,0.896561586346837,0.979495715519194,0.7777777777777778,0.8571428571428571,1118.3309814956403,56,1.2372549999854527,16.300206699997943,email-Eu-core,-0.0001426653297337266,email-Eu-core rf
0.896693070494329,0.98087706683878,0.7777777777777778,0.8367346938775511,1086.4403163750458,1,node+edge+subgraph+dynamic,62,1.1829976999997598,16.300206699997943,betweenness,email-Eu-core,7,0.8978097888767556,0.981102988798666,0.8888888888888888,0.8367346938775511,1082.178462394844,56,1.2914233000192326,16.300206699997943,email-Eu-core,0.0011167183824265514,email-Eu-core rf
0.8945030905251344,0.9797116063033824,0.7777777777777778,0.8571428571428571,1123.223621246724,1,node+edge+subgraph+dynamic,62,1.2575113000002602,16.300206699997943,betweenness,email-Eu-core,8,0.8954248627766606,0.9802336153225664,0.7777777777777778,0.8571428571428571,1125.60151419805,56,1.2405886999913491,16.300206699997943,email-Eu-core,0.0009217722515261206,email-Eu-core rf
0.9012173178604964,0.982488117224446,0.8888888888888888,0.8571428571428571,1076.0453533380855,1,node+edge+subgraph+dynamic,62,1.1960221999997884,16.300206699997943,betweenness,email-Eu-core,9,0.9001222491052195,0.9820451317145884,0.8888888888888888,0.8571428571428571,1065.5132467524304,56,1.174022099992726,16.300206699997943,email-Eu-core,-0.0010950687552768734,email-Eu-core rf
0.962512433065252,0.9980848005716134,0.8888888888888888,0.9591836734693876,2.1003535157767725,1,node+edge+subgraph,62,1.044009899997036,16.300206699997943,spread_mean,email-Eu-core,0,0.9590666278799818,0.9976781788959832,0.8888888888888888,0.9591836734693876,2.2556366763564943,56,6.073188600013964,16.300206699997943,email-Eu-core,-0.0034458051852702676,email-Eu-core hgb
0.9624802434976928,0.99804438779312,0.7777777777777778,0.979591836734694,2.275786799735088,1,node+edge+subgraph,62,1.030021000005945,16.300206699997943,spread_mean,email-Eu-core,1,0.9594061672620596,0.9976936829393253,0.8888888888888888,0.979591836734694,2.420926466147453,56,1.2816165999975055,16.300206699997943,email-Eu-core,-0.003074076235633161,email-Eu-core hgb
0.9623074159262202,0.99804529541831,0.7777777777777778,0.9591836734693876,2.185648055016323,1,node+edge+subgraph,62,1.0236552999995183,16.300206699997943,spread_mean,email-Eu-core,2,0.9587115203318844,0.9976342453970783,0.7777777777777778,0.9591836734693876,2.3399233318464137,56,1.2619095999980343,16.300206699997943,email-Eu-core,-0.0035958955943357074,email-Eu-core hgb
0.9623507389554548,0.9980789700921469,0.7777777777777778,0.9183673469387756,2.217547578408796,1,node+edge+subgraph,62,1.0584888999946998,16.300206699997943,spread_mean,email-Eu-core,3,0.958548918815349,0.9975910911363766,0.8888888888888888,0.9387755102040816,2.3564824375847517,56,1.3341166000172962,16.300206699997943,email-Eu-core,-0.0038018201401057716,email-Eu-core hgb
0.963765407542831,0.99820287781344,0.8888888888888888,0.9387755102040816,2.085439907288849,1,node+edge+subgraph,62,1.0004343999971752,16.300206699997943,spread_mean,email-Eu-core,4,0.9598778401257096,0.9977507890856322,0.8888888888888888,0.979591836734694,2.208362269571261,56,1.2746732000086922,16.300206699997943,email-Eu-core,-0.0038875674171213737,email-Eu-core hgb
0.9613250453408372,0.997947106851584,0.7777777777777778,1.0,2.1734174667312,1,node+edge+subgraph,62,1.0171493000016198,16.300206699997943,spread_mean,email-Eu-core,5,0.9585650522413988,0.9976016973357502,0.8888888888888888,0.979591836734694,2.2795492868668936,56,1.2392006000154652,16.300206699997943,email-Eu-core,-0.002759993099438418,email-Eu-core hgb
0.9622145136048756,0.9980106035879076,0.8888888888888888,0.9591836734693876,2.146215389029862,1,node+edge+subgraph,62,1.0118302999981097,16.300206699997943,spread_mean,email-Eu-core,6,0.958237875085923,0.9975864593054392,0.8888888888888888,0.9591836734693876,2.30309504199848,56,1.3201434999937192,16.300206699997943,email-Eu-core,-0.003976638518952691,email-Eu-core hgb
0.9629612087850016,0.9980670055543606,0.8888888888888888,0.979591836734694,2.1319461213932844,1,node+edge+subgraph,62,1.0521790999991936,16.300206699997943,spread_mean,email-Eu-core,7,0.9595640817746148,0.9977219747790002,0.8888888888888888,0.9591836734693876,2.2822742224167243,56,1.2790636999998242,16.300206699997943,email-Eu-core,-0.003397127010386747,email-Eu-core hgb
0.9622282491364657,0.998038773312071,0.7777777777777778,0.9591836734693876,2.189125217667464,1,node+edge+subgraph,62,1.0855551999993622,16.300206699997943,spread_mean,email-Eu-core,8,0.9580947949800592,0.9975449167893156,0.7777777777777778,0.9591836734693876,2.332580234317353,56,1.2580155999748968,16.300206699997943,email-Eu-core,-0.004133454156406424,email-Eu-core hgb
0.9620697608411052,0.9980135705379812,0.8888888888888888,0.9591836734693876,2.158506431249187,1,node+edge+subgraph,62,1.103252399996563,16.300206699997943,spread_mean,email-Eu-core,9,0.9590082322123152,0.9976688308145352,0.8888888888888888,0.9591836734693876,2.267155056884081,56,1.293878800002858,16.300206699997943,email-Eu-core,-0.0030615286287899446,email-Eu-core hgb
0.962512433065252,0.9980848005716134,0.8888888888888888,0.9591836734693876,2.1003535157767725,1,node+edge+subgraph+dynamic,62,1.17032580000523,16.300206699997943,spread_mean,email-Eu-core,0,0.9590666278799818,0.9976781788959832,0.8888888888888888,0.9591836734693876,2.2556366763564943,56,1.3527487999817822,16.300206699997943,email-Eu-core,-0.0034458051852702676,email-Eu-core hgb
0.9624802434976928,0.99804438779312,0.7777777777777778,0.979591836734694,2.275786799735088,1,node+edge+subgraph+dynamic,62,1.0059977999990224,16.300206699997943,spread_mean,email-Eu-core,1,0.9594061672620596,0.9976936829393253,0.8888888888888888,0.979591836734694,2.420926466147453,56,1.2910957999993116,16.300206699997943,email-Eu-core,-0.003074076235633161,email-Eu-core hgb
0.9623074159262202,0.99804529541831,0.7777777777777778,0.9591836734693876,2.185648055016323,1,node+edge+subgraph+dynamic,62,1.047003500003484,16.300206699997943,spread_mean,email-Eu-core,2,0.9587115203318844,0.9976342453970783,0.7777777777777778,0.9591836734693876,2.3399233318464137,56,1.2797712000028696,16.300206699997943,email-Eu-core,-0.0035958955943357074,email-Eu-core hgb
0.9623507389554548,0.9980789700921469,0.7777777777777778,0.9183673469387756,2.217547578408796,1,node+edge+subgraph+dynamic,62,1.0376474000004237,16.300206699997943,spread_mean,email-Eu-core,3,0.958548918815349,0.9975910911363766,0.8888888888888888,0.9387755102040816,2.3564824375847517,56,1.358420999982627,16.300206699997943,email-Eu-core,-0.0038018201401057716,email-Eu-core hgb
0.963765407542831,0.99820287781344,0.8888888888888888,0.9387755102040816,2.085439907288849,1,node+edge+subgraph+dynamic,62,1.114691299997503,16.300206699997943,spread_mean,email-Eu-core,4,0.9598778401257096,0.9977507890856322,0.8888888888888888,0.979591836734694,2.208362269571261,56,1.3704014000250029,16.300206699997943,email-Eu-core,-0.0038875674171213737,email-Eu-core hgb
0.9613250453408372,0.997947106851584,0.7777777777777778,1.0,2.1734174667312,1,node+edge+subgraph+dynamic,62,1.1096403999981703,16.300206699997943,spread_mean,email-Eu-core,5,0.9585650522413988,0.9976016973357502,0.8888888888888888,0.979591836734694,2.2795492868668936,56,1.389370399992913,16.300206699997943,email-Eu-core,-0.002759993099438418,email-Eu-core hgb
0.9622145136048756,0.9980106035879076,0.8888888888888888,0.9591836734693876,2.146215389029862,1,node+edge+subgraph+dynamic,62,1.1341216999935568,16.300206699997943,spread_mean,email-Eu-core,6,0.958237875085923,0.9975864593054392,0.8888888888888888,0.9591836734693876,2.30309504199848,56,1.300808900006814,16.300206699997943,email-Eu-core,-0.003976638518952691,email-Eu-core hgb
0.9629612087850016,0.9980670055543606,0.8888888888888888,0.979591836734694,2.1319461213932844,1,node+edge+subgraph+dynamic,62,1.0300497999996878,16.300206699997943,spread_mean,email-Eu-core,7,0.9595640817746148,0.9977219747790002,0.8888888888888888,0.9591836734693876,2.2822742224167243,56,1.2508500999829266,16.300206699997943,email-Eu-core,-0.003397127010386747,email-Eu-core hgb
0.9622282491364657,0.998038773312071,0.7777777777777778,0.9591836734693876,2.189125217667464,1,node+edge+subgraph+dynamic,62,1.0087788000018918,16.300206699997943,spread_mean,email-Eu-core,8,0.9580947949800592,0.9975449167893156,0.7777777777777778,0.9591836734693876,2.332580234317353,56,1.320379899989348,16.300206699997943,email-Eu-core,-0.004133454156406424,email-Eu-core hgb
0.9620697608411052,0.9980135705379812,0.8888888888888888,0.9591836734693876,2.158506431249187,1,node+edge+subgraph+dynamic,62,1.010392399999546,16.300206699997943,spread_mean,email-Eu-core,9,0.9590082322123152,0.9976688308145352,0.8888888888888888,0.9591836734693876,2.267155056884081,56,1.257839400001103,16.300206699997943,email-Eu-core,-0.0030615286287899446,email-Eu-core hgb
0.9512829489795868,0.9956570921580892,0.3333333333333333,0.7755102040816326,0.2310616081563823,1,node+edge+subgraph,62,1.0436231999992742,16.300206699997943,spread_cv,email-Eu-core,0,0.9484662616806212,0.9953178385275266,0.3333333333333333,0.7346938775510204,0.2353733248685572,56,1.281332199985627,16.300206699997943,email-Eu-core,-0.002816687298965559,email-Eu-core hgb
0.9512625565974094,0.9955741668078232,0.1111111111111111,0.7346938775510204,0.2287207581377967,1,node+edge+subgraph,62,1.094686800002819,16.300206699997943,spread_cv,email-Eu-core,1,0.949190273559018,0.9952984975623604,0.1111111111111111,0.6938775510204082,0.2317163205698549,56,1.275083699991228,16.300206699997943,email-Eu-core,-0.0020722830383914648,email-Eu-core hgb
0.951906622287059,0.9954349394235243,0.1111111111111111,0.7142857142857143,0.2373557942065689,1,node+edge+subgraph,62,1.0555695000002745,16.300206699997943,spread_cv,email-Eu-core,2,0.9479535953032732,0.9949282076840924,0.1111111111111111,0.7142857142857143,0.2433571379424315,56,1.315102199994726,16.300206699997943,email-Eu-core,-0.003953026983785857,email-Eu-core hgb
0.9509597385830476,0.9955242056001828,0.2222222222222222,0.7142857142857143,0.2343323103764652,1,node+edge+subgraph,62,1.0414986999967368,16.300206699997943,spread_cv,email-Eu-core,3,0.946941490619728,0.9950572980649725,0.3333333333333333,0.6530612244897959,0.2402068646264765,56,1.2942952000012156,16.300206699997943,email-Eu-core,-0.004018247963319621,email-Eu-core hgb
0.95308259104874,0.9957063084362788,0.3333333333333333,0.7142857142857143,0.2271164364024622,1,node+edge+subgraph,62,1.0254870999997363,16.300206699997943,spread_cv,email-Eu-core,4,0.9503771169301468,0.995442450329539,0.4444444444444444,0.6938775510204082,0.2296371573670217,56,1.2129969999950845,16.300206699997943,email-Eu-core,-0.002705474118593232,email-Eu-core hgb
0.9515842887475326,0.9954368672666654,0.2222222222222222,0.7142857142857143,0.2307494266524925,1,node+edge+subgraph,62,1.042484500001592,16.300206699997943,spread_cv,email-Eu-core,5,0.9488625250790064,0.995158140445271,0.2222222222222222,0.7142857142857143,0.2323325028992937,56,1.2518700000073295,16.300206699997943,email-Eu-core,-0.002721763668526278,email-Eu-core hgb
0.949058686501763,0.9948076268415548,0.1111111111111111,0.7346938775510204,0.259108135534797,1,node+edge+subgraph,62,1.0825657000023057,16.300206699997943,spread_cv,email-Eu-core,6,0.94650296452073,0.9945292725500224,0.1111111111111111,0.7142857142857143,0.2600225783414258,56,1.2920513999997638,16.300206699997943,email-Eu-core,-0.0025557219810329324,email-Eu-core hgb
0.9517102056934634,0.9954581174695456,0.0,0.7346938775510204,0.2338196559263813,1,node+edge+subgraph,62,1.0953314999933357,16.300206699997943,spread_cv,email-Eu-core,7,0.9483632951107536,0.9951211328174212,0.1111111111111111,0.6938775510204082,0.2369769259404722,56,1.281186300009722,16.300206699997943,email-Eu-core,-0.003346910582709861,email-Eu-core hgb
0.9514071869767966,0.9952430877050764,0.3333333333333333,0.7142857142857143,0.2417864719486342,1,node+edge+subgraph,62,1.096916800001054,16.300206699997943,spread_cv,email-Eu-core,8,0.9490211990227192,0.9949994564483736,0.3333333333333333,0.6938775510204082,0.2456033533945302,56,1.2716614000091797,16.300206699997943,email-Eu-core,-0.0023859879540774065,email-Eu-core hgb
0.9516280324751945,0.9956100979080456,0.3333333333333333,0.7142857142857143,0.2318458971525967,1,node+edge+subgraph,62,1.0326956999997492,16.300206699997943,spread_cv,email-Eu-core,9,0.9481380652320353,0.9952491247779962,0.2222222222222222,0.7142857142857143,0.2323275174486882,56,1.319859399984125,16.300206699997943,email-Eu-core,-0.0034899672431591977,email-Eu-core hgb
0.9512829489795868,0.9956570921580892,0.3333333333333333,0.7755102040816326,0.2310616081563823,1,node+edge+subgraph+dynamic,62,1.0611964000054286,16.300206699997943,spread_cv,email-Eu-core,0,0.9484662616806212,0.9953178385275266,0.3333333333333333,0.7346938775510204,0.2353733248685572,56,1.3274634999979753,16.300206699997943,email-Eu-core,-0.002816687298965559,email-Eu-core hgb
0.9512625565974094,0.9955741668078232,0.1111111111111111,0.7346938775510204,0.2287207581377967,1,node+edge+subgraph+dynamic,62,1.075975699997798,16.300206699997943,spread_cv,email-Eu-core,1,0.949190273559018,0.9952984975623604,0.1111111111111111,0.6938775510204082,0.2317163205698549,56,1.2869485999981407,16.300206699997943,email-Eu-core,-0.0020722830383914648,email-Eu-core hgb
0.951906622287059,0.9954349394235243,0.1111111111111111,0.7142857142857143,0.2373557942065689,1,node+edge+subgraph+dynamic,62,1.147877099996549,16.300206699997943,spread_cv,email-Eu-core,2,0.9479535953032732,0.9949282076840924,0.1111111111111111,0.7142857142857143,0.2433571379424315,56,1.2659673000162002,16.300206699997943,email-Eu-core,-0.003953026983785857,email-Eu-core hgb
0.9509597385830476,0.9955242056001828,0.2222222222222222,0.7142857142857143,0.2343323103764652,1,node+edge+subgraph+dynamic,62,1.1471878000011202,16.300206699997943,spread_cv,email-Eu-core,3,0.946941490619728,0.9950572980649725,0.3333333333333333,0.6530612244897959,0.2402068646264765,56,1.2904847000027075,16.300206699997943,email-Eu-core,-0.004018247963319621,email-Eu-core hgb
0.95308259104874,0.9957063084362788,0.3333333333333333,0.7142857142857143,0.2271164364024622,1,node+edge+subgraph+dynamic,62,1.0768079999979818,16.300206699997943,spread_cv,email-Eu-core,4,0.9503771169301468,0.995442450329539,0.4444444444444444,0.6938775510204082,0.2296371573670217,56,1.294619699998293,16.300206699997943,email-Eu-core,-0.002705474118593232,email-Eu-core hgb
0.9515842887475326,0.9954368672666654,0.2222222222222222,0.7142857142857143,0.2307494266524925,1,node+edge+subgraph+dynamic,62,1.0438976999939769,16.300206699997943,spread_cv,email-Eu-core,5,0.9488625250790064,0.995158140445271,0.2222222222222222,0.7142857142857143,0.2323325028992937,56,1.322402499994496,16.300206699997943,email-Eu-core,-0.002721763668526278,email-Eu-core hgb
0.949058686501763,0.9948076268415548,0.1111111111111111,0.7346938775510204,0.259108135534797,1,node+edge+subgraph+dynamic,62,1.0526738999978988,16.300206699997943,spread_cv,email-Eu-core,6,0.94650296452073,0.9945292725500224,0.1111111111111111,0.7142857142857143,0.2600225783414258,56,1.270117099978961,16.300206699997943,email-Eu-core,-0.0025557219810329324,email-Eu-core hgb
0.9517102056934634,0.9954581174695456,0.0,0.7346938775510204,0.2338196559263813,1,node+edge+subgraph+dynamic,62,0.990435100000468,16.300206699997943,spread_cv,email-Eu-core,7,0.9483632951107536,0.9951211328174212,0.1111111111111111,0.6938775510204082,0.2369769259404722,56,1.251314499997534,16.300206699997943,email-Eu-core,-0.003346910582709861,email-Eu-core hgb
0.9514071869767966,0.9952430877050764,0.3333333333333333,0.7142857142857143,0.2417864719486342,1,node+edge+subgraph+dynamic,62,1.0217507999986992,16.300206699997943,spread_cv,email-Eu-core,8,0.9490211990227192,0.9949994564483736,0.3333333333333333,0.6938775510204082,0.2456033533945302,56,1.2886348000029102,16.300206699997943,email-Eu-core,-0.0023859879540774065,email-Eu-core hgb
0.9516280324751945,0.9956100979080456,0.3333333333333333,0.7142857142857143,0.2318458971525967,1,node+edge+subgraph+dynamic,62,1.0364549000005354,16.300206699997943,spread_cv,email-Eu-core,9,0.9481380652320353,0.9952491247779962,0.2222222222222222,0.7142857142857143,0.2323275174486882,56,1.2576687000109814,16.300206699997943,email-Eu-core,-0.0034899672431591977,email-Eu-core hgb
0.790748787206333,0.92198549184684,0.4444444444444444,0.7142857142857143,1237.108250453721,1,node+edge+subgraph,62,1.0573487999936333,16.300206699997943,betweenness,email-Eu-core,0,0.7677679396492146,0.9040490953583388,0.5555555555555556,0.7346938775510204,1229.975270776654,56,1.3342495000106285,16.300206699997943,email-Eu-core,-0.022980847557118378,email-Eu-core hgb
0.7889118568533131,0.919388056506754,0.4444444444444444,0.7755102040816326,1261.6529857280495,1,node+edge+subgraph,62,1.0728457999939565,16.300206699997943,betweenness,email-Eu-core,1,0.7861223546084991,0.9125209593720218,0.5555555555555556,0.7551020408163265,1241.751429567959,56,1.3260412999952678,16.300206699997943,email-Eu-core,-0.0027895022448140017,email-Eu-core hgb
0.7809198250660245,0.9156894055597052,0.5555555555555556,0.7551020408163265,1234.0820543154944,1,node+edge+subgraph,62,1.0265680999946198,16.300206699997943,betweenness,email-Eu-core,2,0.7648644298887282,0.9047120892959708,0.5555555555555556,0.7551020408163265,1225.4380518718476,56,1.2969227000139654,16.300206699997943,email-Eu-core,-0.016055395177296372,email-Eu-core hgb
0.778207311680167,0.9152623621073792,0.6666666666666666,0.8163265306122449,1237.2234311294874,1,node+edge+subgraph,62,1.077410300000338,16.300206699997943,betweenness,email-Eu-core,3,0.760908560736329,0.8987471634792712,0.6666666666666666,0.7551020408163265,1229.0665911261583,56,1.354776199994376,16.300206699997943,email-Eu-core,-0.017298750943838037,email-Eu-core hgb
0.7929250807024266,0.9252952805118888,0.5555555555555556,0.7551020408163265,1220.2626626189,1,node+edge+subgraph,62,1.1137929000033182,16.300206699997943,betweenness,email-Eu-core,4,0.7912950942270442,0.9248042384796988,0.5555555555555556,0.7551020408163265,1194.1121472174193,56,1.3249464000109583,16.300206699997943,email-Eu-core,-0.0016299864753823723,email-Eu-core hgb
0.7796460975682676,0.917174734016954,0.3333333333333333,0.7346938775510204,1361.6329645688368,1,node+edge+subgraph,62,1.12740780000604,16.300206699997943,betweenness,email-Eu-core,5,0.7757380186437015,0.9136151917318132,0.3333333333333333,0.7346938775510204,1367.833622592972,56,1.3465400999994015,16.300206699997943,email-Eu-core,-0.003908078924566127,email-Eu-core hgb
0.77782546308343,0.9127061637339788,0.5555555555555556,0.7551020408163265,1261.5989605043555,1,node+edge+subgraph,62,1.0983091999951284,16.300206699997943,betweenness,email-Eu-core,6,0.7789577147372233,0.9150505654193152,0.5555555555555556,0.7551020408163265,1252.6423879422232,56,1.3815546000259928,16.300206699997943,email-Eu-core,0.0011322516537932703,email-Eu-core hgb
0.7807390709030532,0.9171009027985496,0.4444444444444444,0.7551020408163265,1261.885718193696,1,node+edge+subgraph,62,1.1144968999942648,16.300206699997943,betweenness,email-Eu-core,7,0.7540025346012799,0.896729317933843,0.4444444444444444,0.7551020408163265,1254.2440890006828,56,1.3765745999990031,16.300206699997943,email-Eu-core,-0.026736536301773306,email-Eu-core hgb
0.7803716430251042,0.916395684268322,0.6666666666666666,0.7346938775510204,1211.7277034767287,1,node+edge+subgraph,62,1.1062953000000562,16.300206699997943,betweenness,email-Eu-core,8,0.7720042788779179,0.9056737522376124,0.6666666666666666,0.7346938775510204,1205.1952628199592,56,1.3930665000225415,16.300206699997943,email-Eu-core,-0.008367364147186307,email-Eu-core hgb
0.7647190196186595,0.9012732455652752,0.4444444444444444,0.7959183673469388,1188.331165520631,1,node+edge+subgraph,62,1.0631710000016028,16.300206699997943,betweenness,email-Eu-core,9,0.7563262535035541,0.8955980906698736,0.4444444444444444,0.7755102040816326,1176.326012578862,56,1.3061768999905323,16.300206699997943,email-Eu-core,-0.008392766115105421,email-Eu-core hgb
0.790748787206333,0.92198549184684,0.4444444444444444,0.7142857142857143,1237.108250453721,1,node+edge+subgraph+dynamic,62,1.1351338000022224,16.300206699997943,betweenness,email-Eu-core,0,0.7677679396492146,0.9040490953583388,0.5555555555555556,0.7346938775510204,1229.975270776654,56,1.340862300014123,16.300206699997943,email-Eu-core,-0.022980847557118378,email-Eu-core hgb
0.7889118568533131,0.919388056506754,0.4444444444444444,0.7755102040816326,1261.6529857280495,1,node+edge+subgraph+dynamic,62,1.1604673999972874,16.300206699997943,betweenness,email-Eu-core,1,0.7861223546084991,0.9125209593720218,0.5555555555555556,0.7551020408163265,1241.751429567959,56,1.3760745000035968,16.300206699997943,email-Eu-core,-0.0027895022448140017,email-Eu-core hgb
0.7809198250660245,0.9156894055597052,0.5555555555555556,0.7551020408163265,1234.0820543154944,1,node+edge+subgraph+dynamic,62,1.1304157999984454,16.300206699997943,betweenness,email-Eu-core,2,0.7648644298887282,0.9047120892959708,0.5555555555555556,0.7551020408163265,1225.4380518718476,56,1.3711936000036076,16.300206699997943,email-Eu-core,-0.016055395177296372,email-Eu-core hgb
0.778207311680167,0.9152623621073792,0.6666666666666666,0.8163265306122449,1237.2234311294874,1,node+edge+subgraph+dynamic,62,1.0737635000041337,16.300206699997943,betweenness,email-Eu-core,3,0.760908560736329,0.8987471634792712,0.6666666666666666,0.7551020408163265,1229.0665911261583,56,1.2864308999851346,16.300206699997943,email-Eu-core,-0.017298750943838037,email-Eu-core hgb
0.7929250807024266,0.9252952805118888,0.5555555555555556,0.7551020408163265,1220.2626626189,1,node+edge+subgraph+dynamic,62,1.0777206999991904,16.300206699997943,betweenness,email-Eu-core,4,0.7912950942270442,0.9248042384796988,0.5555555555555556,0.7551020408163265,1194.1121472174193,56,1.3478785999759566,16.300206699997943,email-Eu-core,-0.0016299864753823723,email-Eu-core hgb
0.7796460975682676,0.917174734016954,0.3333333333333333,0.7346938775510204,1361.6329645688368,1,node+edge+subgraph+dynamic,62,1.0910016000052565,16.300206699997943,betweenness,email-Eu-core,5,0.7757380186437015,0.9136151917318132,0.3333333333333333,0.7346938775510204,1367.833622592972,56,1.3464050999900792,16.300206699997943,email-Eu-core,-0.003908078924566127,email-Eu-core hgb
0.77782546308343,0.9127061637339788,0.5555555555555556,0.7551020408163265,1261.5989605043555,1,node+edge+subgraph+dynamic,62,1.092439799998829,16.300206699997943,betweenness,email-Eu-core,6,0.7789577147372233,0.9150505654193152,0.5555555555555556,0.7551020408163265,1252.6423879422232,56,1.3909011000068858,16.300206699997943,email-Eu-core,0.0011322516537932703,email-Eu-core hgb
0.7807390709030532,0.9171009027985496,0.4444444444444444,0.7551020408163265,1261.885718193696,1,node+edge+subgraph+dynamic,62,1.063995899996371,16.300206699997943,betweenness,email-Eu-core,7,0.7540025346012799,0.896729317933843,0.4444444444444444,0.7551020408163265,1254.2440890006828,56,1.347289199999068,16.300206699997943,email-Eu-core,-0.026736536301773306,email-Eu-core hgb
0.7803716430251042,0.916395684268322,0.6666666666666666,0.7346938775510204,1211.7277034767287,1,node+edge+subgraph+dynamic,62,1.099829700004193,16.300206699997943,betweenness,email-Eu-core,8,0.7720042788779179,0.9056737522376124,0.6666666666666666,0.7346938775510204,1205.1952628199592,56,1.3709465000138152,16.300206699997943,email-Eu-core,-0.008367364147186307,email-Eu-core hgb
0.7647190196186595,0.9012732455652752,0.4444444444444444,0.7959183673469388,1188.331165520631,1,node+edge+subgraph+dynamic,62,1.105729099996097,16.300206699997943,betweenness,email-Eu-core,9,0.7563262535035541,0.8955980906698736,0.4444444444444444,0.7755102040816326,1176.326012578862,56,1.3723668999737129,16.300206699997943,email-Eu-core,-0.008392766115105421,email-Eu-core hgb
0.0227857969499518,0.0304758642373866,0.2222222222222222,0.2857142857142857,0.0309542526930259,1,node+edge+subgraph,62,1.1208104000033927,16.300206699997943,spread_resid,email-Eu-core,0,0.0374738395733665,0.0501680113500851,0.3333333333333333,0.2857142857142857,0.0307033616124138,56,1.3334018000168726,16.300206699997943,email-Eu-core,0.014688042623414704,email-Eu-core hgb
0.0318805218273419,0.0408695584563394,0.1111111111111111,0.2653061224489796,0.0315904946887542,1,node+edge+subgraph,62,1.1298974999954223,16.300206699997943,spread_resid,email-Eu-core,1,0.0102012863534665,0.0145585105342841,0.2222222222222222,0.2448979591836734,0.0314865856863832,56,1.29134910000721,16.300206699997943,email-Eu-core,-0.0216792354738754,email-Eu-core hgb
0.031361596201076,0.0474600861403487,0.2222222222222222,0.2857142857142857,0.0319532635458508,1,node+edge+subgraph,62,1.1120436000055631,16.300206699997943,spread_resid,email-Eu-core,2,0.0135446790343792,0.0225957182758401,0.2222222222222222,0.3061224489795918,0.031990248236663,56,1.3358706000144591,16.300206699997943,email-Eu-core,-0.017816917166696804,email-Eu-core hgb
0.0138122976836809,0.0187017765084939,0.2222222222222222,0.2653061224489796,0.0327375878893725,1,node+edge+subgraph,62,1.137734800002363,16.300206699997943,spread_resid,email-Eu-core,3,-0.0015100046238067,-0.0028125487169403,0.3333333333333333,0.2244897959183673,0.0328344524214858,56,1.3001149999909103,16.300206699997943,email-Eu-core,-0.015322302307487599,email-Eu-core hgb
0.0066332466980218,0.0126628689128448,0.2222222222222222,0.3265306122448979,0.0319662150982886,1,node+edge+subgraph,62,1.1011606999963988,16.300206699997943,spread_resid,email-Eu-core,4,0.0192737536828192,0.0289502271299545,0.3333333333333333,0.2857142857142857,0.0323822196277949,56,1.342464999994263,16.300206699997943,email-Eu-core,0.012640506984797403,email-Eu-core hgb
0.0337182479387291,0.048615725860311,0.1111111111111111,0.3061224489795918,0.0318478158250623,1,node+edge+subgraph,62,1.122555400004785,16.300206699997943,spread_resid,email-Eu-core,5,0.0232886797709893,0.0357813197896004,0.3333333333333333,0.3673469387755102,0.0317232771432458,56,1.3156975000165405,16.300206699997943,email-Eu-core,-0.010429568167739801,email-Eu-core hgb
0.0189274522274283,0.0246358454789773,0.1111111111111111,0.3061224489795918,0.0353263629880938,1,node+edge+subgraph,62,1.2709501999997883,16.300206699997943,spread_resid,email-Eu-core,6,0.0073048715996169,0.0099671470605834,0.2222222222222222,0.2653061224489796,0.0352551135740172,56,1.3463919000059832,16.300206699997943,email-Eu-core,-0.0116225806278114,email-Eu-core hgb
0.0001606804693967,0.0035145715448269,0.1111111111111111,0.3061224489795918,0.0320369963838694,1,node+edge+subgraph,62,1.148915699995996,16.300206699997943,spread_resid,email-Eu-core,7,-0.0020435428032823,-0.0002630998003151,0.3333333333333333,0.2857142857142857,0.0317536052997798,56,1.283272600005148,16.300206699997943,email-Eu-core,-0.002204223272679,email-Eu-core hgb
-0.0041426678364205,-0.001799213614402,0.3333333333333333,0.2448979591836734,0.0327788670358109,1,node+edge+subgraph,62,1.1987522999988869,16.300206699997943,spread_resid,email-Eu-core,8,0.0147065798217685,0.0205020398842001,0.2222222222222222,0.2653061224489796,0.0331833781180145,56,1.3287775999924634,16.300206699997943,email-Eu-core,0.018849247658189,email-Eu-core hgb
0.0030652763297418,0.0072523867717042,0.1111111111111111,0.3061224489795918,0.0312744554903377,1,node+edge+subgraph,62,1.2026745999974082,16.300206699997943,spread_resid,email-Eu-core,9,-0.0059060433346381,-0.0036350378168453,0.2222222222222222,0.2448979591836734,0.0312444804796928,56,1.323879899980966,16.300206699997943,email-Eu-core,-0.0089713196643799,email-Eu-core hgb
0.0227857969499518,0.0304758642373866,0.2222222222222222,0.2857142857142857,0.0309542526930259,1,node+edge+subgraph+dynamic,62,1.1669055000020307,16.300206699997943,spread_resid,email-Eu-core,0,0.0374738395733665,0.0501680113500851,0.3333333333333333,0.2857142857142857,0.0307033616124138,56,1.385350299999118,16.300206699997943,email-Eu-core,0.014688042623414704,email-Eu-core hgb
0.0318805218273419,0.0408695584563394,0.1111111111111111,0.2653061224489796,0.0315904946887542,1,node+edge+subgraph+dynamic,62,1.1159505999967223,16.300206699997943,spread_resid,email-Eu-core,1,0.0102012863534665,0.0145585105342841,0.2222222222222222,0.2448979591836734,0.0314865856863832,56,1.3395881000033114,16.300206699997943,email-Eu-core,-0.0216792354738754,email-Eu-core hgb
0.031361596201076,0.0474600861403487,0.2222222222222222,0.2857142857142857,0.0319532635458508,1,node+edge+subgraph+dynamic,62,1.1256733000045642,16.300206699997943,spread_resid,email-Eu-core,2,0.0135446790343792,0.0225957182758401,0.2222222222222222,0.3061224489795918,0.031990248236663,56,1.3329861000238452,16.300206699997943,email-Eu-core,-0.017816917166696804,email-Eu-core hgb
0.0138122976836809,0.0187017765084939,0.2222222222222222,0.2653061224489796,0.0327375878893725,1,node+edge+subgraph+dynamic,62,1.142158999995445,16.300206699997943,spread_resid,email-Eu-core,3,-0.0015100046238067,-0.0028125487169403,0.3333333333333333,0.2244897959183673,0.0328344524214858,56,1.3229121000040325,16.300206699997943,email-Eu-core,-0.015322302307487599,email-Eu-core hgb
0.0066332466980218,0.0126628689128448,0.2222222222222222,0.3265306122448979,0.0319662150982886,1,node+edge+subgraph+dynamic,62,1.075035800000478,16.300206699997943,spread_resid,email-Eu-core,4,0.0192737536828192,0.0289502271299545,0.3333333333333333,0.2857142857142857,0.0323822196277949,56,1.322278500010725,16.300206699997943,email-Eu-core,0.012640506984797403,email-Eu-core hgb
0.0337182479387291,0.048615725860311,0.1111111111111111,0.3061224489795918,0.0318478158250623,1,node+edge+subgraph+dynamic,62,1.088838100004068,16.300206699997943,spread_resid,email-Eu-core,5,0.0232886797709893,0.0357813197896004,0.3333333333333333,0.3673469387755102,0.0317232771432458,56,1.343524099997012,16.300206699997943,email-Eu-core,-0.010429568167739801,email-Eu-core hgb
0.0189274522274283,0.0246358454789773,0.1111111111111111,0.3061224489795918,0.0353263629880938,1,node+edge+subgraph+dynamic,62,1.101033599996299,16.300206699997943,spread_resid,email-Eu-core,6,0.0073048715996169,0.0099671470605834,0.2222222222222222,0.2653061224489796,0.0352551135740172,56,1.2982461000210606,16.300206699997943,email-Eu-core,-0.0116225806278114,email-Eu-core hgb
0.0001606804693967,0.0035145715448269,0.1111111111111111,0.3061224489795918,0.0320369963838694,1,node+edge+subgraph+dynamic,62,1.1110695000024862,16.300206699997943,spread_resid,email-Eu-core,7,-0.0020435428032823,-0.0002630998003151,0.3333333333333333,0.2857142857142857,0.0317536052997798,56,1.3605518999975177,16.300206699997943,email-Eu-core,-0.002204223272679,email-Eu-core hgb
-0.0041426678364205,-0.001799213614402,0.3333333333333333,0.2448979591836734,0.0327788670358109,1,node+edge+subgraph+dynamic,62,1.1059009000018705,16.300206699997943,spread_resid,email-Eu-core,8,0.0147065798217685,0.0205020398842001,0.2222222222222222,0.2653061224489796,0.0331833781180145,56,1.3380472999997437,16.300206699997943,email-Eu-core,0.018849247658189,email-Eu-core hgb
0.0030652763297418,0.0072523867717042,0.1111111111111111,0.3061224489795918,0.0312744554903377,1,node+edge+subgraph+dynamic,62,1.0938911999983247,16.300206699997943,spread_resid,email-Eu-core,9,-0.0059060433346381,-0.0036350378168453,0.2222222222222222,0.2448979591836734,0.0312444804796928,56,1.3381826000113506,16.300206699997943,email-Eu-core,-0.0089713196643799,email-Eu-core hgb
0.96254614169528,0.9980844938213482,0.8888888888888888,0.9387755102040816,1.995748211006601,1,node+edge+subgraph,62,1.3416394000014409,16.300206699997943,spread_mean,email-Eu-core,0,0.9597886312104588,0.9977739608431035,0.8888888888888888,0.9591836734693876,2.1186087698477274,56,6.434298600011971,16.300206699997943,email-Eu-core,-0.0027575104848212018,email-Eu-core hgb_matched
0.9633669687312004,0.9981030149212554,0.8888888888888888,0.9591836734693876,2.0032357080245067,1,node+edge+subgraph,62,1.2572466999990866,16.300206699997943,spread_mean,email-Eu-core,1,0.9604562710903995,0.9978117789384996,0.8888888888888888,0.979591836734694,2.117531406097376,56,1.9045578000077512,16.300206699997943,email-Eu-core,-0.0029106976408008745,email-Eu-core hgb_matched
0.9623185481964514,0.9980106067237487,1.0,0.9591836734693876,1.9905788164096527,1,node+edge+subgraph,62,1.2412670999983677,16.300206699997943,spread_mean,email-Eu-core,2,0.959364980337246,0.9977064455407167,1.0,0.9591836734693876,2.1225102775788898,56,1.8879971999849656,16.300206699997943,email-Eu-core,-0.0029535678592053083,email-Eu-core hgb_matched
0.9619797507925124,0.998007599132107,0.8888888888888888,0.9387755102040816,2.015781122818057,1,node+edge+subgraph,62,1.2509549999958836,16.300206699997943,spread_mean,email-Eu-core,3,0.9586400904605265,0.9976124538021052,0.8888888888888888,0.9387755102040816,2.17117272730083,56,1.9074627000081816,16.300206699997943,email-Eu-core,-0.003339660331985961,email-Eu-core hgb_matched
0.9630711919377088,0.9981038223145552,0.8888888888888888,0.9591836734693876,2.003552870436707,1,node+edge+subgraph,62,1.2315429000009317,16.300206699997943,spread_mean,email-Eu-core,4,0.9595913421068344,0.9977148704230734,0.8888888888888888,0.9591836734693876,2.155861057313372,56,1.8289538999961223,16.300206699997943,email-Eu-core,-0.0034798498308744596,email-Eu-core hgb_matched
0.961508245083281,0.9979405471647532,0.8888888888888888,0.979591836734694,2.069788187448062,1,node+edge+subgraph,62,1.2187243000007584,16.300206699997943,spread_mean,email-Eu-core,5,0.959024032042741,0.997651358017075,0.8888888888888888,0.979591836734694,2.1488800289388355,56,1.8306139999767763,16.300206699997943,email-Eu-core,-0.0024842130405400287,email-Eu-core hgb_matched
0.961925139546844,0.99798903114212,0.8888888888888888,0.9591836734693876,1.9915406006919425,1,node+edge+subgraph,62,1.2362934000047971,16.300206699997943,spread_mean,email-Eu-core,6,0.9591930669180184,0.997682804424281,0.8888888888888888,0.9591836734693876,2.149994906814786,56,1.7312073000066448,16.300206699997943,email-Eu-core,-0.002732072628825577,email-Eu-core hgb_matched
0.963627059387096,0.9981521216297566,1.0,0.9591836734693876,1.964891973464308,1,node+edge+subgraph,62,1.251909099999466,16.300206699997943,spread_mean,email-Eu-core,7,0.9597693521127554,0.9977279083309109,1.0,0.979591836734694,2.117253962716536,56,1.742778999992879,16.300206699997943,email-Eu-core,-0.0038577072743406493,email-Eu-core hgb_matched
0.962087748185712,0.9979943452041122,0.8888888888888888,0.9591836734693876,2.024167154996964,1,node+edge+subgraph,62,1.2461225999941234,16.300206699997943,spread_mean,email-Eu-core,8,0.9590743598540532,0.9976636573335228,1.0,0.979591836734694,2.15270576031514,56,1.7669019000022672,16.300206699997943,email-Eu-core,-0.0030133883316587617,email-Eu-core hgb_matched
0.9622997815028292,0.9980060686814788,0.8888888888888888,0.9591836734693876,1.9880641276886732,1,node+edge+subgraph,62,1.229212300000654,16.300206699997943,spread_mean,email-Eu-core,9,0.959335245356212,0.9977084078455716,0.8888888888888888,0.979591836734694,2.128977546942539,56,1.8318471999955364,16.300206699997943,email-Eu-core,-0.0029645361466172915,email-Eu-core hgb_matched
0.96254614169528,0.9980844938213482,0.8888888888888888,0.9387755102040816,1.995748211006601,1,node+edge+subgraph+dynamic,62,1.2839925000007495,16.300206699997943,spread_mean,email-Eu-core,0,0.9597886312104588,0.9977739608431035,0.8888888888888888,0.9591836734693876,2.1186087698477274,56,1.7957232000189831,16.300206699997943,email-Eu-core,-0.0027575104848212018,email-Eu-core hgb_matched
0.9633669687312004,0.9981030149212554,0.8888888888888888,0.9591836734693876,2.0032357080245067,1,node+edge+subgraph+dynamic,62,1.3540259999936095,16.300206699997943,spread_mean,email-Eu-core,1,0.9604562710903995,0.9978117789384996,0.8888888888888888,0.979591836734694,2.117531406097376,56,1.9108489999780431,16.300206699997943,email-Eu-core,-0.0029106976408008745,email-Eu-core hgb_matched
0.9623185481964514,0.9980106067237487,1.0,0.9591836734693876,1.9905788164096527,1,node+edge+subgraph+dynamic,62,1.277567099998123,16.300206699997943,spread_mean,email-Eu-core,2,0.959364980337246,0.9977064455407167,1.0,0.9591836734693876,2.1225102775788898,56,1.803922799997963,16.300206699997943,email-Eu-core,-0.0029535678592053083,email-Eu-core hgb_matched
0.9619797507925124,0.998007599132107,0.8888888888888888,0.9387755102040816,2.015781122818057,1,node+edge+subgraph+dynamic,62,1.2482494999931075,16.300206699997943,spread_mean,email-Eu-core,3,0.9586400904605265,0.9976124538021052,0.8888888888888888,0.9387755102040816,2.17117272730083,56,1.7289347000187263,16.300206699997943,email-Eu-core,-0.003339660331985961,email-Eu-core hgb_matched
0.9630711919377088,0.9981038223145552,0.8888888888888888,0.9591836734693876,2.003552870436707,1,node+edge+subgraph+dynamic,62,1.2325473000018974,16.300206699997943,spread_mean,email-Eu-core,4,0.9595913421068344,0.9977148704230734,0.8888888888888888,0.9591836734693876,2.155861057313372,56,1.7665432000067085,16.300206699997943,email-Eu-core,-0.0034798498308744596,email-Eu-core hgb_matched
0.961508245083281,0.9979405471647532,0.8888888888888888,0.979591836734694,2.069788187448062,1,node+edge+subgraph+dynamic,62,1.2492143999988912,16.300206699997943,spread_mean,email-Eu-core,5,0.959024032042741,0.997651358017075,0.8888888888888888,0.979591836734694,2.1488800289388355,56,1.8471481000015049,16.300206699997943,email-Eu-core,-0.0024842130405400287,email-Eu-core hgb_matched
0.961925139546844,0.99798903114212,0.8888888888888888,0.9591836734693876,1.9915406006919425,1,node+edge+subgraph+dynamic,62,1.2515314999982363,16.300206699997943,spread_mean,email-Eu-core,6,0.9591930669180184,0.997682804424281,0.8888888888888888,0.9591836734693876,2.149994906814786,56,1.6764812999754213,16.300206699997943,email-Eu-core,-0.002732072628825577,email-Eu-core hgb_matched
0.963627059387096,0.9981521216297566,1.0,0.9591836734693876,1.964891973464308,1,node+edge+subgraph+dynamic,62,1.2661599999992177,16.300206699997943,spread_mean,email-Eu-core,7,0.9597693521127554,0.9977279083309109,1.0,0.979591836734694,2.117253962716536,56,1.7395205000066198,16.300206699997943,email-Eu-core,-0.0038577072743406493,email-Eu-core hgb_matched
0.962087748185712,0.9979943452041122,0.8888888888888888,0.9591836734693876,2.024167154996964,1,node+edge+subgraph+dynamic,62,1.3679583999983151,16.300206699997943,spread_mean,email-Eu-core,8,0.9590743598540532,0.9976636573335228,1.0,0.979591836734694,2.15270576031514,56,1.8017424999852665,16.300206699997943,email-Eu-core,-0.0030133883316587617,email-Eu-core hgb_matched
0.9622997815028292,0.9980060686814788,0.8888888888888888,0.9591836734693876,1.9880641276886732,1,node+edge+subgraph+dynamic,62,1.3459309999961988,16.300206699997943,spread_mean,email-Eu-core,9,0.959335245356212,0.9977084078455716,0.8888888888888888,0.979591836734694,2.128977546942539,56,1.7514689000090584,16.300206699997943,email-Eu-core,-0.0029645361466172915,email-Eu-core hgb_matched
0.9564519915668868,0.9964309365683176,0.2222222222222222,0.7142857142857143,0.2084736490041728,1,node+edge+subgraph,62,1.1508901999986847,16.300206699997943,spread_cv,email-Eu-core,0,0.9532033019320918,0.996046973411392,0.3333333333333333,0.673469387755102,0.2189778618200042,56,1.6188879999972414,16.300206699997943,email-Eu-core,-0.0032486896347949656,email-Eu-core hgb_matched
0.958219943279053,0.99741200527021,0.1111111111111111,0.7346938775510204,0.1636581269511676,1,node+edge+subgraph,62,1.1184389000045485,16.300206699997943,spread_cv,email-Eu-core,1,0.9544501647952404,0.9965633317735336,0.1111111111111111,0.7142857142857143,0.1995767275316013,56,1.598299599980237,16.300206699997943,email-Eu-core,-0.003769778483812658,email-Eu-core hgb_matched
0.958166229276902,0.9973836133669896,0.2222222222222222,0.7142857142857143,0.1738966447857671,1,node+edge+subgraph,62,1.1444440000050236,16.300206699997943,spread_cv,email-Eu-core,2,0.9538432709706698,0.996330206561576,0.4444444444444444,0.6938775510204082,0.2150582643256947,56,1.6135147000022698,16.300206699997943,email-Eu-core,-0.004322958306232194,email-Eu-core hgb_matched
0.9575074263541926,0.9973141046427892,0.3333333333333333,0.6938775510204082,0.1714427500794635,1,node+edge+subgraph,62,1.1122452000054182,16.300206699997943,spread_cv,email-Eu-core,3,0.9500799019745616,0.9951384802915054,0.4444444444444444,0.6326530612244898,0.2662091323884676,56,1.6553969999949911,16.300206699997943,email-Eu-core,-0.007427524379631012,email-Eu-core hgb_matched
0.956263430577066,0.9968041838551278,0.2222222222222222,0.6938775510204082,0.2016967611247465,1,node+edge+subgraph,62,1.0938000999958604,16.300206699997943,spread_cv,email-Eu-core,4,0.953841306662958,0.9965125286285118,0.2222222222222222,0.673469387755102,0.2048272125207879,56,1.6610042999964207,16.300206699997943,email-Eu-core,-0.0024221239141080098,email-Eu-core hgb_matched
0.9558793245976228,0.9965044324116998,0.4444444444444444,0.7142857142857143,0.2106189968274363,1,node+edge+subgraph,62,1.0930945000000063,16.300206699997943,spread_cv,email-Eu-core,5,0.9517757065056116,0.9958651488611496,0.4444444444444444,0.6530612244897959,0.2376504335246688,56,1.659235400002217,16.300206699997943,email-Eu-core,-0.0041036180920112075,email-Eu-core hgb_matched
0.9550389417752644,0.9958254779333564,0.4444444444444444,0.7142857142857143,0.2232446859788229,1,node+edge+subgraph,62,1.1223795999976574,16.300206699997943,spread_cv,email-Eu-core,6,0.9516605832095896,0.9954855797741278,0.4444444444444444,0.673469387755102,0.2302418146597909,56,1.647796000004746,16.300206699997943,email-Eu-core,-0.0033783585656748105,email-Eu-core hgb_matched
0.9571417686861609,0.997189304945035,0.0,0.673469387755102,0.1796719460940877,1,node+edge+subgraph,62,1.1180117999974757,16.300206699997943,spread_cv,email-Eu-core,7,0.9527880115873596,0.9961919777740236,0.2222222222222222,0.673469387755102,0.2237035704175929,56,1.6168417999870144,16.300206699997943,email-Eu-core,-0.004353757098801259,email-Eu-core hgb_matched
0.953916898885536,0.995442657197945,0.3333333333333333,0.7142857142857143,0.2261346166965165,1,node+edge+subgraph,62,1.0863704000003054,16.300206699997943,spread_cv,email-Eu-core,8,0.9517748257561728,0.9951785331712591,0.4444444444444444,0.7142857142857143,0.2320738327601809,56,1.575116899999557,16.300206699997943,email-Eu-core,-0.002142073129363209,email-Eu-core hgb_matched
0.9573138523919472,0.9973341592179606,0.3333333333333333,0.6530612244897959,0.1668156903771546,1,node+edge+subgraph,62,1.1051137000031304,16.300206699997943,spread_cv,email-Eu-core,9,0.9537109685023544,0.996272696933098,0.4444444444444444,0.6326530612244898,0.2138264175046383,56,1.6125770999933593,16.300206699997943,email-Eu-core,-0.003602883889592845,email-Eu-core hgb_matched
0.9564519915668868,0.9964309365683176,0.2222222222222222,0.7142857142857143,0.2084736490041728,1,node+edge+subgraph+dynamic,62,1.1557490000050166,16.300206699997943,spread_cv,email-Eu-core,0,0.9532033019320918,0.996046973411392,0.3333333333333333,0.673469387755102,0.2189778618200042,56,1.606850799988024,16.300206699997943,email-Eu-core,-0.0032486896347949656,email-Eu-core hgb_matched
0.958219943279053,0.99741200527021,0.1111111111111111,0.7346938775510204,0.1636581269511676,1,node+edge+subgraph+dynamic,62,1.109840000004624,16.300206699997943,spread_cv,email-Eu-core,1,0.9544501647952404,0.9965633317735336,0.1111111111111111,0.7142857142857143,0.1995767275316013,56,1.6167399999976624,16.300206699997943,email-Eu-core,-0.003769778483812658,email-Eu-core hgb_matched
0.958166229276902,0.9973836133669896,0.2222222222222222,0.7142857142857143,0.1738966447857671,1,node+edge+subgraph+dynamic,62,1.107448700000532,16.300206699997943,spread_cv,email-Eu-core,2,0.9538432709706698,0.996330206561576,0.4444444444444444,0.6938775510204082,0.2150582643256947,56,1.5822855999867895,16.300206699997943,email-Eu-core,-0.004322958306232194,email-Eu-core hgb_matched
0.9575074263541926,0.9973141046427892,0.3333333333333333,0.6938775510204082,0.1714427500794635,1,node+edge+subgraph+dynamic,62,1.1167169000036663,16.300206699997943,spread_cv,email-Eu-core,3,0.9500799019745616,0.9951384802915054,0.4444444444444444,0.6326530612244898,0.2662091323884676,56,1.584742599981837,16.300206699997943,email-Eu-core,-0.007427524379631012,email-Eu-core hgb_matched
0.956263430577066,0.9968041838551278,0.2222222222222222,0.6938775510204082,0.2016967611247465,1,node+edge+subgraph+dynamic,62,1.1033424999986892,16.300206699997943,spread_cv,email-Eu-core,4,0.953841306662958,0.9965125286285118,0.2222222222222222,0.673469387755102,0.2048272125207879,56,1.6209945999726187,16.300206699997943,email-Eu-core,-0.0024221239141080098,email-Eu-core hgb_matched
0.9558793245976228,0.9965044324116998,0.4444444444444444,0.7142857142857143,0.2106189968274363,1,node+edge+subgraph+dynamic,62,1.1375126999992062,16.300206699997943,spread_cv,email-Eu-core,5,0.9517757065056116,0.9958651488611496,0.4444444444444444,0.6530612244897959,0.2376504335246688,56,1.613414899999043,16.300206699997943,email-Eu-core,-0.0041036180920112075,email-Eu-core hgb_matched
0.9550389417752644,0.9958254779333564,0.4444444444444444,0.7142857142857143,0.2232446859788229,1,node+edge+subgraph+dynamic,62,1.115094399996451,16.300206699997943,spread_cv,email-Eu-core,6,0.9516605832095896,0.9954855797741278,0.4444444444444444,0.673469387755102,0.2302418146597909,56,1.6514402000175323,16.300206699997943,email-Eu-core,-0.0033783585656748105,email-Eu-core hgb_matched
0.9571417686861609,0.997189304945035,0.0,0.673469387755102,0.1796719460940877,1,node+edge+subgraph+dynamic,62,1.1920145000040063,16.300206699997943,spread_cv,email-Eu-core,7,0.9527880115873596,0.9961919777740236,0.2222222222222222,0.673469387755102,0.2237035704175929,56,1.6518159999977795,16.300206699997943,email-Eu-core,-0.004353757098801259,email-Eu-core hgb_matched
0.953916898885536,0.995442657197945,0.3333333333333333,0.7142857142857143,0.2261346166965165,1,node+edge+subgraph+dynamic,62,1.2051468999998178,16.300206699997943,spread_cv,email-Eu-core,8,0.9517748257561728,0.9951785331712591,0.4444444444444444,0.7142857142857143,0.2320738327601809,56,1.6331272999814246,16.300206699997943,email-Eu-core,-0.002142073129363209,email-Eu-core hgb_matched
0.9573138523919472,0.9973341592179606,0.3333333333333333,0.6530612244897959,0.1668156903771546,1,node+edge+subgraph+dynamic,62,1.19968979999976,16.300206699997943,spread_cv,email-Eu-core,9,0.9537109685023544,0.996272696933098,0.4444444444444444,0.6326530612244898,0.2138264175046383,56,1.6480990999843923,16.300206699997943,email-Eu-core,-0.003602883889592845,email-Eu-core hgb_matched
0.8651840736979787,0.9710971773476766,0.8888888888888888,0.8163265306122449,913.5197124938574,1,node+edge+subgraph,62,1.1091754000008225,16.300206699997943,betweenness,email-Eu-core,0,0.8631303685155701,0.9705442337414116,0.7777777777777778,0.8163265306122449,898.454766354936,56,1.587240499997279,16.300206699997943,email-Eu-core,-0.0020537051824085495,email-Eu-core hgb_matched
0.8700379958291606,0.973120909119767,0.7777777777777778,0.8367346938775511,978.8811272849762,1,node+edge+subgraph,62,1.0698382000045967,16.300206699997943,betweenness,email-Eu-core,1,0.8687591439516198,0.972579028590518,0.7777777777777778,0.8367346938775511,963.3075221852588,56,1.5958546999900136,16.300206699997943,email-Eu-core,-0.001278851877540843,email-Eu-core hgb_matched
0.8594340895746677,0.9656968084244212,0.8888888888888888,0.8367346938775511,1139.4263447921956,1,node+edge+subgraph,62,1.1139952999947127,16.300206699997943,betweenness,email-Eu-core,2,0.8560876407969072,0.9659310053948058,0.7777777777777778,0.8163265306122449,1043.8982731399697,56,1.599787200015271,16.300206699997943,email-Eu-core,-0.003346448777760469,email-Eu-core hgb_matched
0.8572150765586893,0.9655821931913572,0.7777777777777778,0.8367346938775511,1011.1006115032326,1,node+edge+subgraph,62,1.109079699999711,16.300206699997943,betweenness,email-Eu-core,3,0.8585734608017747,0.965937529458026,0.7777777777777778,0.8367346938775511,1004.5951490796724,56,1.5708063000056427,16.300206699997943,email-Eu-core,0.00135838424308532,email-Eu-core hgb_matched
0.8524655572230424,0.9666099568292004,0.8888888888888888,0.8367346938775511,1030.011110406611,1,node+edge+subgraph,62,1.069687300005171,16.300206699997943,betweenness,email-Eu-core,4,0.8614675774761794,0.9698580520125476,0.7777777777777778,0.8163265306122449,1023.5174076365053,56,1.5577745999908077,16.300206699997943,email-Eu-core,0.00900202025313701,email-Eu-core hgb_matched
0.8665778801304936,0.9712018332172074,0.6666666666666666,0.8163265306122449,1132.4970811529276,1,node+edge+subgraph,62,1.0854380000018864,16.300206699997943,betweenness,email-Eu-core,5,0.865894527722207,0.972875111510655,0.5555555555555556,0.8163265306122449,1164.295104775979,56,1.5928510000230744,16.300206699997943,email-Eu-core,-0.0006833524082866527,email-Eu-core hgb_matched
0.8655412604619227,0.9711553770436891,0.8888888888888888,0.8163265306122449,1014.5935219549611,1,node+edge+subgraph,62,1.1006426999956602,16.300206699997943,betweenness,email-Eu-core,6,0.8615409257125516,0.9678117821437832,0.8888888888888888,0.8367346938775511,972.1544548492266,56,1.5884483999980148,16.300206699997943,email-Eu-core,-0.004000334749371115,email-Eu-core hgb_matched
0.8568033945548708,0.9687657182763592,0.8888888888888888,0.8367346938775511,1120.605934420303,1,node+edge+subgraph,62,1.1247449000002234,16.300206699997943,betweenness,email-Eu-core,7,0.8627957800075332,0.97029896354122,0.8888888888888888,0.8571428571428571,1167.6570122521266,56,1.609355399996275,16.300206699997943,email-Eu-core,0.005992385452662452,email-Eu-core hgb_matched
0.8635476462319107,0.9695436637650948,0.7777777777777778,0.8163265306122449,1150.221250927941,1,node+edge+subgraph,62,1.09849199999735,16.300206699997943,betweenness,email-Eu-core,8,0.8627082587778775,0.969235368990884,0.7777777777777778,0.8367346938775511,1157.6119828210249,56,1.5972490000131074,16.300206699997943,email-Eu-core,-0.0008393874540332247,email-Eu-core hgb_matched
0.854836444919084,0.9675110203165932,0.8888888888888888,0.8163265306122449,947.185857873536,1,node+edge+subgraph,62,1.1054321999981769,16.300206699997943,betweenness,email-Eu-core,9,0.8582352328732283,0.9686307891866092,0.8888888888888888,0.8367346938775511,938.3046438944306,56,1.546397199999774,16.300206699997943,email-Eu-core,0.003398787954144389,email-Eu-core hgb_matched
0.8651840736979787,0.9710971773476766,0.8888888888888888,0.8163265306122449,913.5197124938574,1,node+edge+subgraph+dynamic,62,1.1084148000009009,16.300206699997943,betweenness,email-Eu-core,0,0.8631303685155701,0.9705442337414116,0.7777777777777778,0.8163265306122449,898.454766354936,56,1.550781800004188,16.300206699997943,email-Eu-core,-0.0020537051824085495,email-Eu-core hgb_matched
0.8700379958291606,0.973120909119767,0.7777777777777778,0.8367346938775511,978.8811272849762,1,node+edge+subgraph+dynamic,62,1.1000085999985458,16.300206699997943,betweenness,email-Eu-core,1,0.8687591439516198,0.972579028590518,0.7777777777777778,0.8367346938775511,963.3075221852588,56,1.609091799997259,16.300206699997943,email-Eu-core,-0.001278851877540843,email-Eu-core hgb_matched
0.8594340895746677,0.9656968084244212,0.8888888888888888,0.8367346938775511,1139.4263447921956,1,node+edge+subgraph+dynamic,62,1.1675229000029503,16.300206699997943,betweenness,email-Eu-core,2,0.8560876407969072,0.9659310053948058,0.7777777777777778,0.8163265306122449,1043.8982731399697,56,1.6026358999952208,16.300206699997943,email-Eu-core,-0.003346448777760469,email-Eu-core hgb_matched
0.8572150765586893,0.9655821931913572,0.7777777777777778,0.8367346938775511,1011.1006115032326,1,node+edge+subgraph+dynamic,62,1.1155265000052168,16.300206699997943,betweenness,email-Eu-core,3,0.8585734608017747,0.965937529458026,0.7777777777777778,0.8367346938775511,1004.5951490796724,56,1.571971900004428,16.300206699997943,email-Eu-core,0.00135838424308532,email-Eu-core hgb_matched
0.8524655572230424,0.9666099568292004,0.8888888888888888,0.8367346938775511,1030.011110406611,1,node+edge+subgraph+dynamic,62,1.2155771999969147,16.300206699997943,betweenness,email-Eu-core,4,0.8614675774761794,0.9698580520125476,0.7777777777777778,0.8163265306122449,1023.5174076365053,56,1.562535899982322,16.300206699997943,email-Eu-core,0.00900202025313701,email-Eu-core hgb_matched
0.8665778801304936,0.9712018332172074,0.6666666666666666,0.8163265306122449,1132.4970811529276,1,node+edge+subgraph+dynamic,62,1.2035732000003918,16.300206699997943,betweenness,email-Eu-core,5,0.865894527722207,0.972875111510655,0.5555555555555556,0.8163265306122449,1164.295104775979,56,1.567014600004768,16.300206699997943,email-Eu-core,-0.0006833524082866527,email-Eu-core hgb_matched
0.8655412604619227,0.9711553770436891,0.8888888888888888,0.8163265306122449,1014.5935219549611,1,node+edge+subgraph+dynamic,62,1.172110799998336,16.300206699997943,betweenness,email-Eu-core,6,0.8615409257125516,0.9678117821437832,0.8888888888888888,0.8367346938775511,972.1544548492266,56,1.5989869000040926,16.300206699997943,email-Eu-core,-0.004000334749371115,email-Eu-core hgb_matched
0.8568033945548708,0.9687657182763592,0.8888888888888888,0.8367346938775511,1120.605934420303,1,node+edge+subgraph+dynamic,62,1.1482720999993037,16.300206699997943,betweenness,email-Eu-core,7,0.8627957800075332,0.97029896354122,0.8888888888888888,0.8571428571428571,1167.6570122521266,56,1.5700134999933653,16.300206699997943,email-Eu-core,0.005992385452662452,email-Eu-core hgb_matched
0.8635476462319107,0.9695436637650948,0.7777777777777778,0.8163265306122449,1150.221250927941,1,node+edge+subgraph+dynamic,62,1.1050881999981357,16.300206699997943,betweenness,email-Eu-core,8,0.8627082587778775,0.969235368990884,0.7777777777777778,0.8367346938775511,1157.6119828210249,56,1.585532199998852,16.300206699997943,email-Eu-core,-0.0008393874540332247,email-Eu-core hgb_matched
0.854836444919084,0.9675110203165932,0.8888888888888888,0.8163265306122449,947.185857873536,1,node+edge+subgraph+dynamic,62,1.1143989999982296,16.300206699997943,betweenness,email-Eu-core,9,0.8582352328732283,0.9686307891866092,0.8888888888888888,0.8367346938775511,938.3046438944306,56,1.620233100024052,16.300206699997943,email-Eu-core,0.003398787954144389,email-Eu-core hgb_matched
0.0759992542399121,0.1072726767931973,0.2222222222222222,0.2244897959183673,0.0267102146723576,1,node+edge+subgraph,62,1.0655736999979126,16.300206699997943,spread_resid,email-Eu-core,0,0.0652280305510241,0.089041964027366,0.3333333333333333,0.2040816326530612,0.0275954099514249,56,1.5246196999796666,16.300206699997943,email-Eu-core,-0.010771223688888013,email-Eu-core hgb_matched
0.0613237508589616,0.0826434012304466,0.2222222222222222,0.1836734693877551,0.0217538378401627,1,node+edge+subgraph,62,1.0400183000019751,16.300206699997943,spread_resid,email-Eu-core,1,0.0522087387599412,0.075162352167498,0.3333333333333333,0.2448979591836734,0.0286294718237539,56,1.521525099989958,16.300206699997943,email-Eu-core,-0.009115012099020402,email-Eu-core hgb_matched
0.0277976639606884,0.0417573792713416,0.2222222222222222,0.2857142857142857,0.0231259935274896,1,node+edge+subgraph,62,1.065645599999698,16.300206699997943,spread_resid,email-Eu-core,2,0.0298640917436905,0.047513722724912,0.2222222222222222,0.2857142857142857,0.0278202782524858,56,1.5244221000175455,16.300206699997943,email-Eu-core,0.0020664277830021,email-Eu-core hgb_matched
0.0290313957759866,0.0431078040945982,0.2222222222222222,0.2448979591836734,0.0231681160671994,1,node+edge+subgraph,62,1.0698970000012196,16.300206699997943,spread_resid,email-Eu-core,3,0.0233378802681497,0.0300617593034719,0.1111111111111111,0.2448979591836734,0.0405277555821976,56,1.5327088999911211,16.300206699997943,email-Eu-core,-0.005693515507836901,email-Eu-core hgb_matched
0.0885963739176996,0.1144934332369618,0.1111111111111111,0.2448979591836734,0.0261967104609161,1,node+edge+subgraph,62,1.0626324999975625,16.300206699997943,spread_resid,email-Eu-core,4,0.0472442266608267,0.0671328753558893,0.1111111111111111,0.2244897959183673,0.0263004111787614,56,1.4982793999952264,16.300206699997943,email-Eu-core,-0.041352147256872904,email-Eu-core hgb_matched
0.0234118960738306,0.0360855815454187,0.1111111111111111,0.3061224489795918,0.0266219368104734,1,node+edge+subgraph,62,1.0542377999954624,16.300206699997943,spread_resid,email-Eu-core,5,0.0261641633739931,0.0381799463261815,0.1111111111111111,0.3265306122448979,0.0330938844975204,56,1.5479862999927718,16.300206699997943,email-Eu-core,0.0027522673001625017,email-Eu-core hgb_matched
0.0159650795164437,0.0191722843682203,0.2222222222222222,0.3061224489795918,0.0322941470175515,1,node+edge+subgraph,62,1.0478167000037502,16.300206699997943,spread_resid,email-Eu-core,6,0.0606427069243373,0.0807099607774424,0.2222222222222222,0.2857142857142857,0.0313901501213639,56,1.5087487999990117,16.300206699997943,email-Eu-core,0.0446776274078936,email-Eu-core hgb_matched
0.0406745256543806,0.0588252459319143,0.1111111111111111,0.2653061224489796,0.0238452575686335,1,node+edge+subgraph,62,1.0514438999962294,16.300206699997943,spread_resid,email-Eu-core,7,0.0535417818032907,0.0739062047190663,0.1111111111111111,0.2653061224489796,0.0285850628403646,56,1.6366515000117945,16.300206699997943,email-Eu-core,0.0128672561489101,email-Eu-core hgb_matched
0.0223262532672997,0.0309627455226072,0.2222222222222222,0.2857142857142857,0.0319648160849981,1,node+edge+subgraph,62,1.020723800000269,16.300206699997943,spread_resid,email-Eu-core,8,0.0648139026043258,0.0928803035014655,0.1111111111111111,0.2653061224489796,0.0311554802637474,56,1.5517859999963548,16.300206699997943,email-Eu-core,0.042487649337026104,email-Eu-core hgb_matched
0.0379016994878577,0.0566165024399186,0.3333333333333333,0.2244897959183673,0.0206822777335575,1,node+edge+subgraph,62,1.0623992000037106,16.300206699997943,spread_resid,email-Eu-core,9,0.0377886725726151,0.0508942501048409,0.2222222222222222,0.2857142857142857,0.0270941383855629,56,1.535904299991671,16.300206699997943,email-Eu-core,-0.00011302691524260611,email-Eu-core hgb_matched
0.0759992542399121,0.1072726767931973,0.2222222222222222,0.2244897959183673,0.0267102146723576,1,node+edge+subgraph+dynamic,62,1.0484911000021384,16.300206699997943,spread_resid,email-Eu-core,0,0.0652280305510241,0.089041964027366,0.3333333333333333,0.2040816326530612,0.0275954099514249,56,1.518823499995051,16.300206699997943,email-Eu-core,-0.010771223688888013,email-Eu-core hgb_matched
0.0613237508589616,0.0826434012304466,0.2222222222222222,0.1836734693877551,0.0217538378401627,1,node+edge+subgraph+dynamic,62,1.0656031000035,16.300206699997943,spread_resid,email-Eu-core,1,0.0522087387599412,0.075162352167498,0.3333333333333333,0.2448979591836734,0.0286294718237539,56,1.5642157999973278,16.300206699997943,email-Eu-core,-0.009115012099020402,email-Eu-core hgb_matched
0.0277976639606884,0.0417573792713416,0.2222222222222222,0.2857142857142857,0.0231259935274896,1,node+edge+subgraph+dynamic,62,1.0396483999938937,16.300206699997943,spread_resid,email-Eu-core,2,0.0298640917436905,0.047513722724912,0.2222222222222222,0.2857142857142857,0.0278202782524858,56,1.510719899990363,16.300206699997943,email-Eu-core,0.0020664277830021,email-Eu-core hgb_matched
0.0290313957759866,0.0431078040945982,0.2222222222222222,0.2448979591836734,0.0231681160671994,1,node+edge+subgraph+dynamic,62,1.074884399997245,16.300206699997943,spread_resid,email-Eu-core,3,0.0233378802681497,0.0300617593034719,0.1111111111111111,0.2448979591836734,0.0405277555821976,56,1.5280296000128146,16.300206699997943,email-Eu-core,-0.005693515507836901,email-Eu-core hgb_matched
0.0885963739176996,0.1144934332369618,0.1111111111111111,0.2448979591836734,0.0261967104609161,1,node+edge+subgraph+dynamic,62,1.0602806999959284,16.300206699997943,spread_resid,email-Eu-core,4,0.0472442266608267,0.0671328753558893,0.1111111111111111,0.2244897959183673,0.0263004111787614,56,1.5073234000010416,16.300206699997943,email-Eu-core,-0.041352147256872904,email-Eu-core hgb_matched
0.0234118960738306,0.0360855815454187,0.1111111111111111,0.3061224489795918,0.0266219368104734,1,node+edge+subgraph+dynamic,62,1.0432680000012624,16.300206699997943,spread_resid,email-Eu-core,5,0.0261641633739931,0.0381799463261815,0.1111111111111111,0.3265306122448979,0.0330938844975204,56,1.5194285000034142,16.300206699997943,email-Eu-core,0.0027522673001625017,email-Eu-core hgb_matched
0.0159650795164437,0.0191722843682203,0.2222222222222222,0.3061224489795918,0.0322941470175515,1,node+edge+subgraph+dynamic,62,1.068205499999749,16.300206699997943,spread_resid,email-Eu-core,6,0.0606427069243373,0.0807099607774424,0.2222222222222222,0.2857142857142857,0.0313901501213639,56,1.4931823999795597,16.300206699997943,email-Eu-core,0.0446776274078936,email-Eu-core hgb_matched
0.0406745256543806,0.0588252459319143,0.1111111111111111,0.2653061224489796,0.0238452575686335,1,node+edge+subgraph+dynamic,62,1.0542185000012978,16.300206699997943,spread_resid,email-Eu-core,7,0.0535417818032907,0.0739062047190663,0.1111111111111111,0.2653061224489796,0.0285850628403646,56,1.5801209999772254,16.300206699997943,email-Eu-core,0.0128672561489101,email-Eu-core hgb_matched
0.0223262532672997,0.0309627455226072,0.2222222222222222,0.2857142857142857,0.0319648160849981,1,node+edge+subgraph+dynamic,62,1.0657853000011528,16.300206699997943,spread_resid,email-Eu-core,8,0.0648139026043258,0.0928803035014655,0.1111111111111111,0.2653061224489796,0.0311554802637474,56,1.508615099999588,16.300206699997943,email-Eu-core,0.042487649337026104,email-Eu-core hgb_matched
0.0379016994878577,0.0566165024399186,0.3333333333333333,0.2244897959183673,0.0206822777335575,1,node+edge+subgraph+dynamic,62,1.0304939999987257,16.300206699997943,spread_resid,email-Eu-core,9,0.0377886725726151,0.0508942501048409,0.2222222222222222,0.2857142857142857,0.0270941383855629,56,1.5126155000180006,16.300206699997943,email-Eu-core,-0.00011302691524260611,email-Eu-core hgb_matched
0.9097468364655004,0.98532875395871,0.8888888888888888,0.8163265306122449,1072.1580218663228,1,node+edge+subgraph,62,1.5306416000003082,16.300206699997943,betweenness,email-Eu-core,0,0.9107297506598552,0.9857233054546556,0.8888888888888888,0.7959183673469388,1070.723846523173,56,0.9936103000072762,16.300206699997943,email-Eu-core,0.0009829141943548114,email-Eu-core rf_log1p
0.9074058282614842,0.9838752495412256,0.8888888888888888,0.8367346938775511,1094.0736381699387,1,node+edge+subgraph,62,1.5149602000001323,16.300206699997943,betweenness,email-Eu-core,1,0.9077538848299552,0.9840170651558878,0.7777777777777778,0.8367346938775511,1081.2065763950584,56,1.2664450000156648,16.300206699997943,email-Eu-core,0.0003480565684710335,email-Eu-core rf_log1p
0.9087982926804536,0.984080312200756,0.8888888888888888,0.8367346938775511,1107.3668226457678,1,node+edge+subgraph,62,1.5473407000008592,16.300206699997943,betweenness,email-Eu-core,2,0.9086814590462944,0.9840071458344158,0.8888888888888888,0.8367346938775511,1103.677428709726,56,1.3428903999738395,16.300206699997943,email-Eu-core,-0.00011683363415926351,email-Eu-core rf_log1p
0.9065211573623998,0.9829695739020786,0.7777777777777778,0.8163265306122449,1093.1041880285588,1,node+edge+subgraph,62,1.510120500000994,16.300206699997943,betweenness,email-Eu-core,3,0.9061567101312136,0.9829512469437977,0.7777777777777778,0.8163265306122449,1096.8178401131029,56,1.2986837000062224,16.300206699997943,email-Eu-core,-0.0003644472311862268,email-Eu-core rf_log1p
0.9058152089299666,0.9831499539910846,0.7777777777777778,0.8571428571428571,1091.6586398387583,1,node+edge+subgraph,62,1.5688761999990677,16.300206699997943,betweenness,email-Eu-core,4,0.9062378098797412,0.9833096885035818,0.8888888888888888,0.8571428571428571,1084.914980976893,56,1.333295399992494,16.300206699997943,email-Eu-core,0.000422600949774643,email-Eu-core rf_log1p
0.9094325588246018,0.984827182027781,0.6666666666666666,0.8367346938775511,1222.2674574245868,1,node+edge+subgraph,62,1.566870700000436,16.300206699997943,betweenness,email-Eu-core,5,0.9090457754473044,0.9846088443794456,0.6666666666666666,0.8367346938775511,1215.4649172525656,56,1.242612499976531,16.300206699997943,email-Eu-core,-0.0003867833772974727,email-Eu-core rf_log1p
0.909695028265778,0.9849509176825386,0.7777777777777778,0.8367346938775511,1111.6348906373617,1,node+edge+subgraph,62,1.561462499999834,16.300206699997943,betweenness,email-Eu-core,6,0.9087895785241592,0.9847449176319084,0.7777777777777778,0.8367346938775511,1112.873372833012,56,1.315302899980452,16.300206699997943,email-Eu-core,-0.000905449741618769,email-Eu-core rf_log1p
0.9053740401936372,0.9831401594284216,0.8888888888888888,0.8163265306122449,1082.0423053198622,1,node+edge+subgraph,62,1.53044189999855,16.300206699997943,betweenness,email-Eu-core,7,0.9055715965358024,0.9831357460906596,0.8888888888888888,0.8367346938775511,1074.1100732569423,56,1.2912026999983937,16.300206699997943,email-Eu-core,0.00019755634216522822,email-Eu-core rf_log1p
0.9060007414955524,0.9841534306600984,0.7777777777777778,0.8367346938775511,1096.7810876765132,1,node+edge+subgraph,62,1.5630059000013716,16.300206699997943,betweenness,email-Eu-core,8,0.9060533286199428,0.984059038046776,0.7777777777777778,0.8367346938775511,1094.6438729491897,56,1.2666229000024032,16.300206699997943,email-Eu-core,5.2587124390379714e-05,email-Eu-core rf_log1p
0.9091775084856736,0.9850994937701134,0.8888888888888888,0.8571428571428571,1075.9318710060911,1,node+edge+subgraph,62,1.5991988000005222,16.300206699997943,betweenness,email-Eu-core,9,0.909074980441198,0.9850391215368742,0.8888888888888888,0.8571428571428571,1072.0697906923883,56,1.2635035999992397,16.300206699997943,email-Eu-core,-0.00010252804447552499,email-Eu-core rf_log1p
0.9097468364655004,0.98532875395871,0.8888888888888888,0.8163265306122449,1072.1580218663232,1,node+edge+subgraph+dynamic,62,1.4717629999995552,16.300206699997943,betweenness,email-Eu-core,0,0.9107297506598552,0.9857233054546556,0.8888888888888888,0.7959183673469388,1070.7238465231726,56,1.229481199989095,16.300206699997943,email-Eu-core,0.0009829141943548114,email-Eu-core rf_log1p
0.9074058282614842,0.9838752495412256,0.8888888888888888,0.8367346938775511,1094.0736381699394,1,node+edge+subgraph+dynamic,62,1.53303219999907,16.300206699997943,betweenness,email-Eu-core,1,0.9077538848299552,0.9840170651558878,0.7777777777777778,0.8367346938775511,1081.2065763950602,56,1.2697995000053195,16.300206699997943,email-Eu-core,0.0003480565684710335,email-Eu-core rf_log1p
0.9087982926804536,0.984080312200756,0.8888888888888888,0.8367346938775511,1107.3668226457687,1,node+edge+subgraph+dynamic,62,1.5327367999998387,16.300206699997943,betweenness,email-Eu-core,2,0.9086814590462944,0.9840071458344158,0.8888888888888888,0.8367346938775511,1103.6774287097262,56,1.2945141000091098,16.300206699997943,email-Eu-core,-0.00011683363415926351,email-Eu-core rf_log1p
0.9065211573623998,0.9829695739020786,0.7777777777777778,0.8163265306122449,1093.104188028556,1,node+edge+subgraph+dynamic,62,1.5163658000001303,16.300206699997943,betweenness,email-Eu-core,3,0.9061567101312136,0.9829512469437977,0.7777777777777778,0.8163265306122449,1096.8178401131015,56,1.3281567000085488,16.300206699997943,email-Eu-core,-0.0003644472311862268,email-Eu-core rf_log1p
0.9058152089299666,0.9831499539910846,0.7777777777777778,0.8571428571428571,1091.6586398387567,1,node+edge+subgraph+dynamic,62,1.524792800000796,16.300206699997943,betweenness,email-Eu-core,4,0.9062378098797412,0.9833096885035818,0.8888888888888888,0.8571428571428571,1084.914980976891,56,1.2831012000096962,16.300206699997943,email-Eu-core,0.000422600949774643,email-Eu-core rf_log1p
0.9094325588246018,0.984827182027781,0.6666666666666666,0.8367346938775511,1222.267457424587,1,node+edge+subgraph+dynamic,62,1.485527099999672,16.300206699997943,betweenness,email-Eu-core,5,0.9090457754473044,0.9846088443794456,0.6666666666666666,0.8367346938775511,1215.464917252565,56,1.2424252999771852,16.300206699997943,email-Eu-core,-0.0003867833772974727,email-Eu-core rf_log1p
0.909695028265778,0.9849509176825386,0.7777777777777778,0.8367346938775511,1111.634890637361,1,node+edge+subgraph+dynamic,62,1.5235154000001785,16.300206699997943,betweenness,email-Eu-core,6,0.9087895785241592,0.9847449176319084,0.7777777777777778,0.8367346938775511,1112.873372833011,56,1.213012099993648,16.300206699997943,email-Eu-core,-0.000905449741618769,email-Eu-core rf_log1p
0.9053740401936372,0.9831401594284216,0.8888888888888888,0.8163265306122449,1082.042305319861,1,node+edge+subgraph+dynamic,62,1.5645721000000776,16.300206699997943,betweenness,email-Eu-core,7,0.9055715965358024,0.9831357460906596,0.8888888888888888,0.8367346938775511,1074.1100732569407,56,1.251780199992936,16.300206699997943,email-Eu-core,0.00019755634216522822,email-Eu-core rf_log1p
0.9060007414955524,0.9841534306600984,0.7777777777777778,0.8367346938775511,1096.781087676512,1,node+edge+subgraph+dynamic,62,1.5153661999993346,16.300206699997943,betweenness,email-Eu-core,8,0.9060533286199428,0.984059038046776,0.7777777777777778,0.8367346938775511,1094.6438729491897,56,1.3307199999981094,16.300206699997943,email-Eu-core,5.2587124390379714e-05,email-Eu-core rf_log1p
0.9091775084856736,0.9850994937701134,0.8888888888888888,0.8571428571428571,1075.9318710060904,1,node+edge+subgraph+dynamic,62,1.5006234000011318,16.300206699997943,betweenness,email-Eu-core,9,0.909074980441198,0.9850391215368742,0.8888888888888888,0.8571428571428571,1072.069790692388,56,1.290783399977954,16.300206699997943,email-Eu-core,-0.00010252804447552499,email-Eu-core rf_log1p
0.960591183734738,0.9977549891983828,1.0,1.0,3.600895542071237,1,node+edge+subgraph,62,0.1306139999942388,16.300206699997943,spread_mean,email-Eu-core,0,0.9586316324058386,0.9974853571633352,1.0,1.0,2.171772068558533,56,0.0680449000210501,16.300206699997943,email-Eu-core,-0.001959551328899356,email-Eu-core ridge
0.9608764370081004,0.9977864261916132,1.0,1.0,3.3093021956239843,1,node+edge+subgraph,62,0.1239911000011488,16.300206699997943,spread_mean,email-Eu-core,1,0.9580045305102608,0.9974349546994434,0.8888888888888888,1.0,2.2470005987855206,56,0.0572342000086791,16.300206699997943,email-Eu-core,-0.002871906497839638,email-Eu-core ridge
0.9605962102842074,0.9977330912584176,1.0,1.0,2.310250709100614,1,node+edge+subgraph,62,0.1218224999975063,16.300206699997943,spread_mean,email-Eu-core,2,0.9587797327007048,0.997531478266718,1.0,0.979591836734694,2.0487792884963207,56,0.0568504999973811,16.300206699997943,email-Eu-core,-0.0018164775835025626,email-Eu-core ridge
0.9606457956913844,0.9977649758079952,1.0,1.0,2.436307795570583,1,node+edge+subgraph,62,0.1263235999940661,16.300206699997943,spread_mean,email-Eu-core,3,0.9580084762200648,0.9974453700115262,1.0,0.979591836734694,2.0994190802342465,56,0.0558220999955665,16.300206699997943,email-Eu-core,-0.0026373194713196213,email-Eu-core ridge
0.9607733105960938,0.9977919906200672,1.0,1.0,3.312322105693455,1,node+edge+subgraph,62,0.1249549999993178,16.300206699997943,spread_mean,email-Eu-core,4,0.9588311308062996,0.99757723948851,1.0,1.0,2.2489816238592173,56,0.0555349999922327,16.300206699997943,email-Eu-core,-0.0019421797897942739,email-Eu-core ridge
0.9609946458316142,0.9978170181475132,1.0,1.0,2.931734341092296,1,node+edge+subgraph,62,0.1224036999992677,16.300206699997943,spread_mean,email-Eu-core,5,0.959247113178569,0.9976062854420944,1.0,1.0,5.474674573674824,56,0.0560251999995671,16.300206699997943,email-Eu-core,-0.0017475326530451696,email-Eu-core ridge
0.9607701004835916,0.9977846672923212,1.0,1.0,3.0899190645020123,1,node+edge+subgraph,62,0.1245089000003645,16.300206699997943,spread_mean,email-Eu-core,6,0.959112269893105,0.9975800029465338,1.0,1.0,2.309315099785015,56,0.0612061000138055,16.300206699997943,email-Eu-core,-0.0016578305904865198,email-Eu-core ridge
0.960495385632419,0.997742880709487,1.0,1.0,2.344508045228077,1,node+edge+subgraph,62,0.1212873000040417,16.300206699997943,spread_mean,email-Eu-core,7,0.958497692069257,0.997511070067805,1.0,0.979591836734694,2.024454325440493,56,0.0602172999933827,16.300206699997943,email-Eu-core,-0.0019976935631620396,email-Eu-core ridge
0.9608001622857076,0.9978070597250356,1.0,1.0,2.3888401458070807,1,node+edge+subgraph,62,0.1197362999955657,16.300206699997943,spread_mean,email-Eu-core,8,0.9588982702137508,0.9975836896637812,1.0,0.979591836734694,2.2851525626558,56,0.0581897999800276,16.300206699997943,email-Eu-core,-0.00190189207195679,email-Eu-core ridge
0.9609958762613996,0.9978067999875504,1.0,1.0,3.680830454667692,1,node+edge+subgraph,62,0.1228308999998262,16.300206699997943,spread_mean,email-Eu-core,9,0.9589560998594518,0.9975743853551228,1.0,1.0,2.207244313035765,56,0.0571284999896306,16.300206699997943,email-Eu-core,-0.002039776401947746,email-Eu-core ridge
0.960591183734738,0.9977549891983828,1.0,1.0,3.600895542071237,1,node+edge+subgraph+dynamic,62,0.1264776999960304,16.300206699997943,spread_mean,email-Eu-core,0,0.9586316324058386,0.9974853571633352,1.0,1.0,2.171772068558533,56,0.0629619999963324,16.300206699997943,email-Eu-core,-0.001959551328899356,email-Eu-core ridge
0.9608764370081004,0.9977864261916132,1.0,1.0,3.3093021956239843,1,node+edge+subgraph+dynamic,62,0.1236735999991651,16.300206699997943,spread_mean,email-Eu-core,1,0.9580045305102608,0.9974349546994434,0.8888888888888888,1.0,2.2470005987855206,56,0.1061248999903909,16.300206699997943,email-Eu-core,-0.002871906497839638,email-Eu-core ridge
0.9605962102842074,0.9977330912584176,1.0,1.0,2.310250709100614,1,node+edge+subgraph+dynamic,62,0.1235682999977143,16.300206699997943,spread_mean,email-Eu-core,2,0.9587797327007048,0.997531478266718,1.0,0.979591836734694,2.0487792884963207,56,0.0974279999791178,16.300206699997943,email-Eu-core,-0.0018164775835025626,email-Eu-core ridge
0.9606457956913844,0.9977649758079952,1.0,1.0,2.436307795570583,1,node+edge+subgraph+dynamic,62,0.125705200000084,16.300206699997943,spread_mean,email-Eu-core,3,0.9580084762200648,0.9974453700115262,1.0,0.979591836734694,2.0994190802342465,56,0.098956800007727,16.300206699997943,email-Eu-core,-0.0026373194713196213,email-Eu-core ridge
0.9607733105960938,0.9977919906200672,1.0,1.0,3.312322105693455,1,node+edge+subgraph+dynamic,62,0.1213405000016791,16.300206699997943,spread_mean,email-Eu-core,4,0.9588311308062996,0.99757723948851,1.0,1.0,2.2489816238592173,56,0.0951382000057492,16.300206699997943,email-Eu-core,-0.0019421797897942739,email-Eu-core ridge
0.9609946458316142,0.9978170181475132,1.0,1.0,2.931734341092296,1,node+edge+subgraph+dynamic,62,0.1227292999974452,16.300206699997943,spread_mean,email-Eu-core,5,0.959247113178569,0.9976062854420944,1.0,1.0,5.474674573674824,56,0.096740500011947,16.300206699997943,email-Eu-core,-0.0017475326530451696,email-Eu-core ridge
0.9607701004835916,0.9977846672923212,1.0,1.0,3.0899190645020123,1,node+edge+subgraph+dynamic,62,0.1277184999999008,16.300206699997943,spread_mean,email-Eu-core,6,0.959112269893105,0.9975800029465338,1.0,1.0,2.309315099785015,56,0.1051222999813035,16.300206699997943,email-Eu-core,-0.0016578305904865198,email-Eu-core ridge
0.960495385632419,0.997742880709487,1.0,1.0,2.344508045228077,1,node+edge+subgraph+dynamic,62,0.1248142999975243,16.300206699997943,spread_mean,email-Eu-core,7,0.958497692069257,0.997511070067805,1.0,0.979591836734694,2.024454325440493,56,0.094040900003165,16.300206699997943,email-Eu-core,-0.0019976935631620396,email-Eu-core ridge
0.9608001622857076,0.9978070597250356,1.0,1.0,2.3888401458070807,1,node+edge+subgraph+dynamic,62,0.123244300004444,16.300206699997943,spread_mean,email-Eu-core,8,0.9588982702137508,0.9975836896637812,1.0,0.979591836734694,2.2851525626558,56,0.1010506000020541,16.300206699997943,email-Eu-core,-0.00190189207195679,email-Eu-core ridge
0.9609958762613996,0.9978067999875504,1.0,1.0,3.680830454667692,1,node+edge+subgraph+dynamic,62,0.1233640999998897,16.300206699997943,spread_mean,email-Eu-core,9,0.9589560998594518,0.9975743853551228,1.0,1.0,2.207244313035765,56,0.1024947999976575,16.300206699997943,email-Eu-core,-0.002039776401947746,email-Eu-core ridge
0.9137185249373304,0.9877841317141184,0.1111111111111111,0.673469387755102,0.3241935217737491,1,node+edge+subgraph,62,0.0936421000005793,16.300206699997943,spread_cv,email-Eu-core,0,0.9118041355248886,0.9873866485387665,0.1111111111111111,0.6938775510204082,0.3512224743488872,56,0.1039617999922484,16.300206699997943,email-Eu-core,-0.0019143894124418193,email-Eu-core ridge
0.9115820948465196,0.9862472558985004,0.0,0.673469387755102,0.3303861726203599,1,node+edge+subgraph,62,0.0940999000013107,16.300206699997943,spread_cv,email-Eu-core,1,0.9109298693452608,0.9871503781853844,0.0,0.673469387755102,0.3322741979942217,56,0.1006113000039476,16.300206699997943,email-Eu-core,-0.000652225501258874,email-Eu-core ridge
0.9136687462616911,0.9880541047032424,0.1111111111111111,0.6530612244897959,0.3254382364499661,1,node+edge+subgraph,62,0.0970788999984506,16.300206699997943,spread_cv,email-Eu-core,2,0.9117090439514804,0.9873372849172196,0.0,0.6530612244897959,0.3349481692954174,56,0.0999903999909292,16.300206699997943,email-Eu-core,-0.001959702310210698,email-Eu-core ridge
0.9152599963422168,0.9886153169020644,0.1111111111111111,0.6938775510204082,0.320918382550495,1,node+edge+subgraph,62,0.0989073999953689,16.300206699997943,spread_cv,email-Eu-core,3,0.912490462881776,0.987605905991204,0.2222222222222222,0.6530612244897959,0.3391591073095648,56,0.0954725000192411,16.300206699997943,email-Eu-core,-0.002769533460440732,email-Eu-core ridge
0.9132085807381874,0.9880545084610126,0.0,0.6938775510204082,0.3272637400555142,1,node+edge+subgraph,62,0.0992126000055577,16.300206699997943,spread_cv,email-Eu-core,4,0.9123740214046028,0.987643918300451,0.0,0.673469387755102,0.3342056194602671,56,0.0984678999811876,16.300206699997943,email-Eu-core,-0.0008345593335846724,email-Eu-core ridge
0.914142386630698,0.988277947314434,0.2222222222222222,0.6326530612244898,0.4659507839084195,1,node+edge+subgraph,62,0.0941722999996272,16.300206699997943,spread_cv,email-Eu-core,5,0.9123904959370364,0.9876121870906416,0.3333333333333333,0.6530612244897959,0.4568634337655041,56,0.1048328999895602,16.300206699997943,email-Eu-core,-0.0017518906936616618,email-Eu-core ridge
0.9148391986678532,0.9883865072677174,0.1111111111111111,0.6530612244897959,0.3323356093851864,1,node+edge+subgraph,62,0.0955739999990328,16.300206699997943,spread_cv,email-Eu-core,6,0.912173328458968,0.987479097142,0.1111111111111111,0.673469387755102,0.3498333898881544,56,0.1006427000102121,16.300206699997943,email-Eu-core,-0.0026658702088852015,email-Eu-core ridge
0.9132108187537584,0.9877623464233588,0.0,0.6122448979591837,0.329167024870091,1,node+edge+subgraph,62,0.0943429999970248,16.300206699997943,spread_cv,email-Eu-core,7,0.9116495058143884,0.9873773034282314,0.0,0.6122448979591837,0.3356800702686651,56,0.0963481999933719,16.300206699997943,email-Eu-core,-0.0015613129393700076,email-Eu-core ridge
0.9137668296433452,0.9879092724378788,0.1111111111111111,0.6122448979591837,0.3358291638120708,1,node+edge+subgraph,62,0.103992800002743,16.300206699997943,spread_cv,email-Eu-core,8,0.9109699341504316,0.9869292770354626,0.2222222222222222,0.6326530612244898,0.3435823272463192,56,0.1206813000026159,16.300206699997943,email-Eu-core,-0.0027968954929136203,email-Eu-core ridge
0.91478635841164,0.988321395947648,0.0,0.6326530612244898,0.3296873388769532,1,node+edge+subgraph,62,0.0975863999992725,16.300206699997943,spread_cv,email-Eu-core,9,0.9125653183537412,0.9874539259983988,0.0,0.6530612244897959,0.3668869553070334,56,0.1194774999748915,16.300206699997943,email-Eu-core,-0.0022210400578988043,email-Eu-core ridge
0.9137185249373304,0.9877841317141184,0.1111111111111111,0.673469387755102,0.3241935217737491,1,node+edge+subgraph+dynamic,62,0.0932474000001093,16.300206699997943,spread_cv,email-Eu-core,0,0.9118041355248886,0.9873866485387665,0.1111111111111111,0.6938775510204082,0.3512224743488872,56,0.1026699999929405,16.300206699997943,email-Eu-core,-0.0019143894124418193,email-Eu-core ridge
0.9115820948465196,0.9862472558985004,0.0,0.673469387755102,0.3303861726203599,1,node+edge+subgraph+dynamic,62,0.091237300002831,16.300206699997943,spread_cv,email-Eu-core,1,0.9109298693452608,0.9871503781853844,0.0,0.673469387755102,0.3322741979942217,56,0.0904391999938525,16.300206699997943,email-Eu-core,-0.000652225501258874,email-Eu-core ridge
0.9136687462616911,0.9880541047032424,0.1111111111111111,0.6530612244897959,0.3254382364499661,1,node+edge+subgraph+dynamic,62,0.0909384999977191,16.300206699997943,spread_cv,email-Eu-core,2,0.9117090439514804,0.9873372849172196,0.0,0.6530612244897959,0.3349481692954174,56,0.0861880999873392,16.300206699997943,email-Eu-core,-0.001959702310210698,email-Eu-core ridge
0.9152599963422168,0.9886153169020644,0.1111111111111111,0.6938775510204082,0.320918382550495,1,node+edge+subgraph+dynamic,62,0.0916218999991542,16.300206699997943,spread_cv,email-Eu-core,3,0.912490462881776,0.987605905991204,0.2222222222222222,0.6530612244897959,0.3391591073095648,56,0.101694100012537,16.300206699997943,email-Eu-core,-0.002769533460440732,email-Eu-core ridge
0.9132085807381874,0.9880545084610126,0.0,0.6938775510204082,0.3272637400555142,1,node+edge+subgraph+dynamic,62,0.0905256000041845,16.300206699997943,spread_cv,email-Eu-core,4,0.9123740214046028,0.987643918300451,0.0,0.673469387755102,0.3342056194602671,56,0.0904688999871723,16.300206699997943,email-Eu-core,-0.0008345593335846724,email-Eu-core ridge
0.914142386630698,0.988277947314434,0.2222222222222222,0.6326530612244898,0.4659507839084195,1,node+edge+subgraph+dynamic,62,0.0845687000037287,16.300206699997943,spread_cv,email-Eu-core,5,0.9123904959370364,0.9876121870906416,0.3333333333333333,0.6530612244897959,0.4568634337655041,56,0.1119485000090207,16.300206699997943,email-Eu-core,-0.0017518906936616618,email-Eu-core ridge
0.9148391986678532,0.9883865072677174,0.1111111111111111,0.6530612244897959,0.3323356093851864,1,node+edge+subgraph+dynamic,62,0.0864212000014958,16.300206699997943,spread_cv,email-Eu-core,6,0.912173328458968,0.987479097142,0.1111111111111111,0.673469387755102,0.3498333898881544,56,0.106099800002994,16.300206699997943,email-Eu-core,-0.0026658702088852015,email-Eu-core ridge
0.9132108187537584,0.9877623464233588,0.0,0.6122448979591837,0.329167024870091,1,node+edge+subgraph+dynamic,62,0.0868295999971451,16.300206699997943,spread_cv,email-Eu-core,7,0.9116495058143884,0.9873773034282314,0.0,0.6122448979591837,0.3356800702686651,56,0.1048691000032704,16.300206699997943,email-Eu-core,-0.0015613129393700076,email-Eu-core ridge
0.9137668296433452,0.9879092724378788,0.1111111111111111,0.6122448979591837,0.3358291638120708,1,node+edge+subgraph+dynamic,62,0.1072628999972948,16.300206699997943,spread_cv,email-Eu-core,8,0.9109699341504316,0.9869292770354626,0.2222222222222222,0.6326530612244898,0.3435823272463192,56,0.0953555000014603,16.300206699997943,email-Eu-core,-0.0027968954929136203,email-Eu-core ridge
0.91478635841164,0.988321395947648,0.0,0.6326530612244898,0.3296873388769532,1,node+edge+subgraph+dynamic,62,0.0947632000024896,16.300206699997943,spread_cv,email-Eu-core,9,0.9125653183537412,0.9874539259983988,0.0,0.6530612244897959,0.3668869553070334,56,0.0946008999890182,16.300206699997943,email-Eu-core,-0.0022210400578988043,email-Eu-core ridge
0.6985206814562572,0.8708056911772106,0.8888888888888888,0.8979591836734694,447.1563566147928,1,node+edge+subgraph,62,0.0904599999994388,16.300206699997943,betweenness,email-Eu-core,0,0.6989769529653562,0.8714857059769971,0.8888888888888888,0.8775510204081632,467.14029975380566,56,0.0917339999869,16.300206699997943,email-Eu-core,0.0004562715090989933,email-Eu-core ridge
0.699594832650388,0.8700557330679055,0.8888888888888888,0.8571428571428571,528.2917491707656,1,node+edge+subgraph,62,0.083766600000672,16.300206699997943,betweenness,email-Eu-core,1,0.7023515600671832,0.8726613105425964,0.7777777777777778,0.8571428571428571,572.0648397148576,56,0.0975077000039164,16.300206699997943,email-Eu-core,0.002756727416795224,email-Eu-core ridge
0.6991109906240575,0.8691005597406147,0.8888888888888888,0.8979591836734694,466.7025985535888,1,node+edge+subgraph,62,0.0860214999993331,16.300206699997943,betweenness,email-Eu-core,2,0.7086106240992847,0.8798578756905654,0.8888888888888888,0.8979591836734694,463.90466128298783,56,0.1044858999957796,16.300206699997943,email-Eu-core,0.009499633475227198,email-Eu-core ridge
0.7032735558582291,0.8759972401609817,0.8888888888888888,0.8571428571428571,512.0594996549012,1,node+edge+subgraph,62,0.0849279000030946,16.300206699997943,betweenness,email-Eu-core,3,0.703025934705075,0.8749227327971396,0.8888888888888888,0.8775510204081632,533.0259601870064,56,0.1031272999825887,16.300206699997943,email-Eu-core,-0.0002476211531541317,email-Eu-core ridge
0.7039180443514883,0.874196082853102,0.8888888888888888,0.8775510204081632,443.92325445008527,1,node+edge+subgraph,62,0.0892890999966766,16.300206699997943,betweenness,email-Eu-core,4,0.7102258648854041,0.8804627118277325,0.8888888888888888,0.8775510204081632,447.5746853756824,56,0.1009665000019595,16.300206699997943,email-Eu-core,0.0063078205339157645,email-Eu-core ridge
0.7033173900223618,0.8768815460436047,0.7777777777777778,0.8571428571428571,1320.525175020969,1,node+edge+subgraph,62,0.0851021999988006,16.300206699997943,betweenness,email-Eu-core,5,0.7022434116105721,0.8725545783774581,0.7777777777777778,0.8571428571428571,1596.8983122640184,56,0.0897514999960549,16.300206699997943,email-Eu-core,-0.0010739784117896889,email-Eu-core ridge
0.6991798093594731,0.87160697627185,0.8888888888888888,0.8571428571428571,511.6913207683122,1,node+edge+subgraph,62,0.0865389999962644,16.300206699997943,betweenness,email-Eu-core,6,0.7012969604367849,0.873650365931055,0.8888888888888888,0.8775510204081632,513.4980105738985,56,0.086373199999798,16.300206699997943,email-Eu-core,0.0021171510773118074,email-Eu-core ridge
0.6981339466004296,0.869957355030901,0.7777777777777778,0.8775510204081632,450.10864943892005,1,node+edge+subgraph,62,0.0849713999996311,16.300206699997943,betweenness,email-Eu-core,7,0.7016072583954003,0.8746752461769224,0.8888888888888888,0.8979591836734694,439.2449395485038,56,0.0852880000020377,16.300206699997943,email-Eu-core,0.0034733117949706793,email-Eu-core ridge
0.6981172819083187,0.8704535388090683,0.8888888888888888,0.8775510204081632,429.45262517280025,1,node+edge+subgraph,62,0.0874044000011053,16.300206699997943,betweenness,email-Eu-core,8,0.702856391745418,0.873224530257808,0.8888888888888888,0.8775510204081632,432.3979988152212,56,0.1074668999935966,16.300206699997943,email-Eu-core,0.004739109837099353,email-Eu-core ridge
0.7038234895654035,0.8752034006400443,0.8888888888888888,0.8571428571428571,473.5670711702357,1,node+edge+subgraph,62,0.0814267000023392,16.300206699997943,betweenness,email-Eu-core,9,0.7097818355550629,0.8809371521136593,0.8888888888888888,0.8571428571428571,474.729276254303,56,0.107009300001664,16.300206699997943,email-Eu-core,0.005958345989659386,email-Eu-core ridge
0.6985206814562572,0.8708056911772106,0.8888888888888888,0.8979591836734694,447.1563566147928,1,node+edge+subgraph+dynamic,62,0.0833256999976583,16.300206699997943,betweenness,email-Eu-core,0,0.6989769529653562,0.8714857059769971,0.8888888888888888,0.8775510204081632,467.14029975380566,56,0.1012412999989464,16.300206699997943,email-Eu-core,0.0004562715090989933,email-Eu-core ridge
0.699594832650388,0.8700557330679055,0.8888888888888888,0.8571428571428571,528.2917491707656,1,node+edge+subgraph+dynamic,62,0.0861570999986724,16.300206699997943,betweenness,email-Eu-core,1,0.7023515600671832,0.8726613105425964,0.7777777777777778,0.8571428571428571,572.0648397148576,56,0.096832599985646,16.300206699997943,email-Eu-core,0.002756727416795224,email-Eu-core ridge
0.6991109906240575,0.8691005597406147,0.8888888888888888,0.8979591836734694,466.7025985535888,1,node+edge+subgraph+dynamic,62,0.0849234999986947,16.300206699997943,betweenness,email-Eu-core,2,0.7086106240992847,0.8798578756905654,0.8888888888888888,0.8979591836734694,463.90466128298783,56,0.0840832999965641,16.300206699997943,email-Eu-core,0.009499633475227198,email-Eu-core ridge
0.7032735558582291,0.8759972401609817,0.8888888888888888,0.8571428571428571,512.0594996549012,1,node+edge+subgraph+dynamic,62,0.0845661999992444,16.300206699997943,betweenness,email-Eu-core,3,0.703025934705075,0.8749227327971396,0.8888888888888888,0.8775510204081632,533.0259601870064,56,0.0921742999926209,16.300206699997943,email-Eu-core,-0.0002476211531541317,email-Eu-core ridge
0.7039180443514883,0.874196082853102,0.8888888888888888,0.8775510204081632,443.92325445008527,1,node+edge+subgraph+dynamic,62,0.0845667000030516,16.300206699997943,betweenness,email-Eu-core,4,0.7102258648854041,0.8804627118277325,0.8888888888888888,0.8775510204081632,447.5746853756824,56,0.0900747000123374,16.300206699997943,email-Eu-core,0.0063078205339157645,email-Eu-core ridge
0.7033173900223618,0.8768815460436047,0.7777777777777778,0.8571428571428571,1320.525175020969,1,node+edge+subgraph+dynamic,62,0.0837303000007523,16.300206699997943,betweenness,email-Eu-core,5,0.7022434116105721,0.8725545783774581,0.7777777777777778,0.8571428571428571,1596.8983122640184,56,0.0907047000073362,16.300206699997943,email-Eu-core,-0.0010739784117896889,email-Eu-core ridge
0.6991798093594731,0.87160697627185,0.8888888888888888,0.8571428571428571,511.6913207683122,1,node+edge+subgraph+dynamic,62,0.0867762999987462,16.300206699997943,betweenness,email-Eu-core,6,0.7012969604367849,0.873650365931055,0.8888888888888888,0.8775510204081632,513.4980105738985,56,0.0944474000134505,16.300206699997943,email-Eu-core,0.0021171510773118074,email-Eu-core ridge
0.6981339466004296,0.869957355030901,0.7777777777777778,0.8775510204081632,450.10864943892005,1,node+edge+subgraph+dynamic,62,0.0846610000007785,16.300206699997943,betweenness,email-Eu-core,7,0.7016072583954003,0.8746752461769224,0.8888888888888888,0.8979591836734694,439.2449395485038,56,0.0956299000245053,16.300206699997943,email-Eu-core,0.0034733117949706793,email-Eu-core ridge
0.6981172819083187,0.8704535388090683,0.8888888888888888,0.8775510204081632,429.45262517280025,1,node+edge+subgraph+dynamic,62,0.0856121999968309,16.300206699997943,betweenness,email-Eu-core,8,0.702856391745418,0.873224530257808,0.8888888888888888,0.8775510204081632,432.3979988152212,56,0.0942909000150393,16.300206699997943,email-Eu-core,0.004739109837099353,email-Eu-core ridge
0.7038234895654035,0.8752034006400443,0.8888888888888888,0.8571428571428571,473.5670711702357,1,node+edge+subgraph+dynamic,62,0.083647599996766,16.300206699997943,betweenness,email-Eu-core,9,0.7097818355550629,0.8809371521136593,0.8888888888888888,0.8571428571428571,474.729276254303,56,0.0990219000086654,16.300206699997943,email-Eu-core,0.005958345989659386,email-Eu-core ridge
0.0611383520354437,0.0906336045687584,0.0,0.0,0.0351777090699419,1,node+edge+subgraph,62,0.1164532999973744,16.300206699997943,spread_resid,email-Eu-core,0,0.0685153768662609,0.1008198831785329,0.0,0.0,0.0564551963437553,56,0.0911026999820023,16.300206699997943,email-Eu-core,0.007377024830817203,email-Eu-core ridge
0.0708016778133902,0.1039295806860969,0.0,0.0,0.035451319764105,1,node+edge+subgraph,62,0.0942245000042021,16.300206699997943,spread_resid,email-Eu-core,1,0.0731709617044374,0.108199248929375,0.0,0.0,0.062771849554327,56,0.0934648999827914,16.300206699997943,email-Eu-core,0.002369283891047208,email-Eu-core ridge
0.0618451185892629,0.091751267025343,0.0,0.0,0.0361335079800148,1,node+edge+subgraph,62,0.0991087000002153,16.300206699997943,spread_resid,email-Eu-core,2,0.0720010337883984,0.1056982227311819,0.0,0.0204081632653061,0.0443070578697519,56,0.1013088999898172,16.300206699997943,email-Eu-core,0.010155915199135494,email-Eu-core ridge
0.0733807787916377,0.1078647136694194,0.0,0.0,0.0347573666100153,1,node+edge+subgraph,62,0.0908087000061641,16.300206699997943,spread_resid,email-Eu-core,3,0.0760697638963207,0.1115725413210148,0.0,0.0,0.0538593868038638,56,0.1038624000211712,16.300206699997943,email-Eu-core,0.0026889851046830032,email-Eu-core ridge
0.0478824840613159,0.071744203856084,0.0,0.0,0.0357833866213665,1,node+edge+subgraph,62,0.0915276000014273,16.300206699997943,spread_resid,email-Eu-core,4,0.0590583125273911,0.0877184597242575,0.0,0.0,0.035783077925098,56,0.0964179000002332,16.300206699997943,email-Eu-core,0.011175828466075198,email-Eu-core ridge
0.0601579221415486,0.0892095075693183,0.0,0.0204081632653061,0.0425685289709202,1,node+edge+subgraph,62,0.0893790000045555,16.300206699997943,spread_resid,email-Eu-core,5,0.0767330851510832,0.1131834286017855,0.0,0.0204081632653061,0.1128672511832885,56,0.1040076999925077,16.300206699997943,email-Eu-core,0.016575163009534592,email-Eu-core ridge
0.0666389288246675,0.0984539173393567,0.0,0.0408163265306122,0.0362272259477906,1,node+edge+subgraph,62,0.0844781999985571,16.300206699997943,spread_resid,email-Eu-core,6,0.0717808357832289,0.1065579122483944,0.0,0.0408163265306122,0.0502667399229455,56,0.0966105999832507,16.300206699997943,email-Eu-core,0.0051419069585613986,email-Eu-core ridge
0.0687047547640694,0.1018550091742793,0.0,0.0204081632653061,0.0359115393406857,1,node+edge+subgraph,62,0.0870142999992822,16.300206699997943,spread_resid,email-Eu-core,7,0.0732493922936562,0.1081598943326955,0.0,0.0204081632653061,0.0570005951994398,56,0.0996162999945227,16.300206699997943,email-Eu-core,0.004544637529586795,email-Eu-core ridge
0.0481419440764063,0.0721012271620899,0.0,0.0,0.0364151282653603,1,node+edge+subgraph,62,0.0940827999947941,16.300206699997943,spread_resid,email-Eu-core,8,0.057047452953525,0.0841259649842548,0.0,0.0,0.0583333686751255,56,0.0980709999857936,16.300206699997943,email-Eu-core,0.008905508877118704,email-Eu-core ridge
0.0663521106304713,0.0974687874464488,0.0,0.0,0.0353338999603977,1,node+edge+subgraph,62,0.0957934999969438,16.300206699997943,spread_resid,email-Eu-core,9,0.0697532173682455,0.1031979703926191,0.0,0.0,0.0479426303661059,56,0.1051147999824024,16.300206699997943,email-Eu-core,0.00340110673777419,email-Eu-core ridge
0.0611383520354437,0.0906336045687584,0.0,0.0,0.0351777090699419,1,node+edge+subgraph+dynamic,62,0.1004132999951252,16.300206699997943,spread_resid,email-Eu-core,0,0.0685153768662609,0.1008198831785329,0.0,0.0,0.0564551963437553,56,0.0879804999858606,16.300206699997943,email-Eu-core,0.007377024830817203,email-Eu-core ridge
0.0708016778133902,0.1039295806860969,0.0,0.0,0.035451319764105,1,node+edge+subgraph+dynamic,62,0.0908085999981267,16.300206699997943,spread_resid,email-Eu-core,1,0.0731709617044374,0.108199248929375,0.0,0.0,0.062771849554327,56,0.0945415000023786,16.300206699997943,email-Eu-core,0.002369283891047208,email-Eu-core ridge
0.0618451185892629,0.091751267025343,0.0,0.0,0.0361335079800148,1,node+edge+subgraph+dynamic,62,0.0883022999987588,16.300206699997943,spread_resid,email-Eu-core,2,0.0720010337883984,0.1056982227311819,0.0,0.0204081632653061,0.0443070578697519,56,0.0867817999969702,16.300206699997943,email-Eu-core,0.010155915199135494,email-Eu-core ridge
0.0733807787916377,0.1078647136694194,0.0,0.0,0.0347573666100153,1,node+edge+subgraph+dynamic,62,0.0871931000001495,16.300206699997943,spread_resid,email-Eu-core,3,0.0760697638963207,0.1115725413210148,0.0,0.0,0.0538593868038638,56,0.0877457000024151,16.300206699997943,email-Eu-core,0.0026889851046830032,email-Eu-core ridge
0.0478824840613159,0.071744203856084,0.0,0.0,0.0357833866213665,1,node+edge+subgraph+dynamic,62,0.0881643000029726,16.300206699997943,spread_resid,email-Eu-core,4,0.0590583125273911,0.0877184597242575,0.0,0.0,0.035783077925098,56,0.1011166999815031,16.300206699997943,email-Eu-core,0.011175828466075198,email-Eu-core ridge
0.0601579221415486,0.0892095075693183,0.0,0.0204081632653061,0.0425685289709202,1,node+edge+subgraph+dynamic,62,0.0902320000022882,16.300206699997943,spread_resid,email-Eu-core,5,0.0767330851510832,0.1131834286017855,0.0,0.0204081632653061,0.1128672511832885,56,0.1043873000016901,16.300206699997943,email-Eu-core,0.016575163009534592,email-Eu-core ridge
0.0666389288246675,0.0984539173393567,0.0,0.0408163265306122,0.0362272259477906,1,node+edge+subgraph+dynamic,62,0.087630199996056,16.300206699997943,spread_resid,email-Eu-core,6,0.0717808357832289,0.1065579122483944,0.0,0.0408163265306122,0.0502667399229455,56,0.0969871999986935,16.300206699997943,email-Eu-core,0.0051419069585613986,email-Eu-core ridge
0.0687047547640694,0.1018550091742793,0.0,0.0204081632653061,0.0359115393406857,1,node+edge+subgraph+dynamic,62,0.0929876999944099,16.300206699997943,spread_resid,email-Eu-core,7,0.0732493922936562,0.1081598943326955,0.0,0.0204081632653061,0.0570005951994398,56,0.0957906999974511,16.300206699997943,email-Eu-core,0.004544637529586795,email-Eu-core ridge
0.0481419440764063,0.0721012271620899,0.0,0.0,0.0364151282653603,1,node+edge+subgraph+dynamic,62,0.0875791999933426,16.300206699997943,spread_resid,email-Eu-core,8,0.057047452953525,0.0841259649842548,0.0,0.0,0.0583333686751255,56,0.1035962999740149,16.300206699997943,email-Eu-core,0.008905508877118704,email-Eu-core ridge
0.0663521106304713,0.0974687874464488,0.0,0.0,0.0353338999603977,1,node+edge+subgraph+dynamic,62,0.0897177000006195,16.300206699997943,spread_resid,email-Eu-core,9,0.0697532173682455,0.1031979703926191,0.0,0.0,0.0479426303661059,56,0.0988938999944366,16.300206699997943,email-Eu-core,0.00340110673777419,email-Eu-core ridge
0.9559047698617702,0.9967973882893588,0.775,0.9850746268656716,1.987694709371454,1,node+edge+subgraph,62,4.5714904999986175,238.5689685000216,spread_mean,facebook_combined,0,0.9451024797283474,0.9946528936885828,0.775,0.9850746268656716,1.6925358743457364,56,4.272928199992748,238.5689685000216,facebook_combined,-0.01080229013342282,facebook_combined rf
0.955905409171126,0.9967963168663992,0.775,0.9850746268656716,1.7761902365799975,1,node+edge+subgraph,62,4.385810600000696,238.5689685000216,spread_mean,facebook_combined,1,0.9452843001039176,0.9947133561255757,0.8,0.9850746268656716,1.7937438749075116,56,4.159859100007452,238.5689685000216,facebook_combined,-0.010621109067208367,facebook_combined rf
0.9553977063084664,0.9966982053424788,0.8,0.9850746268656716,1.6172618947280335,1,node+edge+subgraph,62,4.402997100001812,238.5689685000216,spread_mean,facebook_combined,2,0.9451016455463084,0.99466824637491,0.825,0.9850746268656716,1.6803374359288414,56,4.137877800007118,238.5689685000216,facebook_combined,-0.010296060762158055,facebook_combined rf
0.9561635555601092,0.9968456040587124,0.8,0.9850746268656716,1.7354403153430251,1,node+edge+subgraph,62,4.369935200000327,238.5689685000216,spread_mean,facebook_combined,3,0.945246470601194,0.994754467138656,0.825,0.9850746268656716,1.7524984077725765,56,4.478882900002645,238.5689685000216,facebook_combined,-0.01091708495891519,facebook_combined rf
0.9559465928555833,0.996726385316058,0.825,0.9850746268656716,2.1205092551738,1,node+edge+subgraph,62,4.3107716999984405,238.5689685000216,spread_mean,facebook_combined,4,0.945725023242978,0.994736576535161,0.825,0.9850746268656716,1.8804664142567336,56,4.586531500011915,238.5689685000216,facebook_combined,-0.01022156961260523,facebook_combined rf
0.9562391626396556,0.9968413524924848,0.825,0.9850746268656716,1.7278838413659248,1,node+edge+subgraph,62,4.443187499997293,238.5689685000216,spread_mean,facebook_combined,5,0.9450861935534284,0.9946677546538796,0.825,0.9850746268656716,1.7916019797582268,56,5.232878199982224,238.5689685000216,facebook_combined,-0.011152969086227205,facebook_combined rf
0.9554734196639728,0.9967107174573432,0.8,0.9850746268656716,1.7869512527085596,1,node+edge+subgraph,62,4.658163500000228,238.5689685000216,spread_mean,facebook_combined,6,0.9451081896700578,0.994599556254212,0.8,0.9850746268656716,1.701867084013723,56,4.771530700003495,238.5689685000216,facebook_combined,-0.010365229993914982,facebook_combined rf
0.9556455936004912,0.9967160382571884,0.75,0.9850746268656716,2.0081477409793123,1,node+edge+subgraph,62,4.583047800002532,238.5689685000216,spread_mean,facebook_combined,7,0.9445976605741906,0.9945592230394796,0.8,0.9850746268656716,1.9275771496488203,56,4.4412739999825135,238.5689685000216,facebook_combined,-0.011047933026300583,facebook_combined rf
0.9558783708915216,0.9967721568490424,0.825,0.9850746268656716,1.956370519794964,1,node+edge+subgraph,62,4.337881100000232,238.5689685000216,spread_mean,facebook_combined,8,0.9464142645262484,0.9949296711579014,0.825,0.9850746268656716,1.7734612468033428,56,4.194078900007298,238.5689685000216,facebook_combined,-0.009464106365273173,facebook_combined rf
0.9557594150806143,0.9967055219628068,0.85,0.9850746268656716,2.073376426476954,1,node+edge+subgraph,62,4.27433050000036,238.5689685000216,spread_mean,facebook_combined,9,0.9455794956337802,0.9947392235794514,0.825,0.9800995024875622,1.77023105867527,56,4.174694999994244,238.5689685000216,facebook_combined,-0.010179919446834162,facebook_combined rf
0.9559047698617702,0.9967973882893588,0.775,0.9850746268656716,1.9876947093714536,1,node+edge+subgraph+dynamic,62,4.226036899999599,238.5689685000216,spread_mean,facebook_combined,0,0.9451024797283474,0.9946528936885828,0.775,0.9850746268656716,1.692535874345736,56,4.347597499989206,238.5689685000216,facebook_combined,-0.01080229013342282,facebook_combined rf
0.955905409171126,0.9967963168663992,0.775,0.9850746268656716,1.7761902365799975,1,node+edge+subgraph+dynamic,62,4.216992800000298,238.5689685000216,spread_mean,facebook_combined,1,0.9452843001039176,0.9947133561255757,0.8,0.9850746268656716,1.7937438749075116,56,4.211278700007824,238.5689685000216,facebook_combined,-0.010621109067208367,facebook_combined rf
0.9553977063084664,0.9966982053424788,0.8,0.9850746268656716,1.6172618947280335,1,node+edge+subgraph+dynamic,62,4.765372199999547,238.5689685000216,spread_mean,facebook_combined,2,0.9451016455463084,0.99466824637491,0.825,0.9850746268656716,1.6803374359288412,56,4.545059299998684,238.5689685000216,facebook_combined,-0.010296060762158055,facebook_combined rf
0.9561635555601092,0.9968456040587124,0.8,0.9850746268656716,1.7354403153430251,1,node+edge+subgraph+dynamic,62,4.540949800000817,238.5689685000216,spread_mean,facebook_combined,3,0.945246470601194,0.994754467138656,0.825,0.9850746268656716,1.7524984077725767,56,5.333248500013724,238.5689685000216,facebook_combined,-0.01091708495891519,facebook_combined rf
0.9559465928555833,0.996726385316058,0.825,0.9850746268656716,2.1205092551738,1,node+edge+subgraph+dynamic,62,4.408133500000986,238.5689685000216,spread_mean,facebook_combined,4,0.945725023242978,0.994736576535161,0.825,0.9850746268656716,1.8804664142567336,56,5.08219950000057,238.5689685000216,facebook_combined,-0.01022156961260523,facebook_combined rf
0.9562391626396556,0.9968413524924848,0.825,0.9850746268656716,1.7278838413659248,1,node+edge+subgraph+dynamic,62,4.220096799999737,238.5689685000216,spread_mean,facebook_combined,5,0.9450861935534284,0.9946677546538796,0.825,0.9850746268656716,1.7916019797582268,56,5.055943900020793,238.5689685000216,facebook_combined,-0.011152969086227205,facebook_combined rf
0.9554734196639728,0.9967107174573432,0.8,0.9850746268656716,1.7869512527085594,1,node+edge+subgraph+dynamic,62,4.293139399997017,238.5689685000216,spread_mean,facebook_combined,6,0.9451081896700578,0.994599556254212,0.8,0.9850746268656716,1.7018670840137229,56,5.106104700011201,238.5689685000216,facebook_combined,-0.010365229993914982,facebook_combined rf
0.9556455936004912,0.9967160382571884,0.75,0.9850746268656716,2.0081477409793123,1,node+edge+subgraph+dynamic,62,4.219587499999761,238.5689685000216,spread_mean,facebook_combined,7,0.9445976605741906,0.9945592230394796,0.8,0.9850746268656716,1.9275771496488203,56,5.175235000002431,238.5689685000216,facebook_combined,-0.011047933026300583,facebook_combined rf
0.9558783708915216,0.9967721568490424,0.825,0.9850746268656716,1.956370519794964,1,node+edge+subgraph+dynamic,62,4.091611899999407,238.5689685000216,spread_mean,facebook_combined,8,0.9464142645262484,0.9949296711579014,0.825,0.9850746268656716,1.7734612468033428,56,5.028620100027183,238.5689685000216,facebook_combined,-0.009464106365273173,facebook_combined rf
0.9557594150806143,0.9967055219628068,0.85,0.9850746268656716,2.073376426476954,1,node+edge+subgraph+dynamic,62,4.325846300002013,238.5689685000216,spread_mean,facebook_combined,9,0.9455794956337802,0.9947392235794514,0.825,0.9800995024875622,1.77023105867527,56,5.090082099981373,238.5689685000216,facebook_combined,-0.010179919446834162,facebook_combined rf
0.8322818940632336,0.9454151919740366,0.625,0.9154228855721394,0.3088559034290949,1,node+edge+subgraph,62,4.092007800000033,238.5689685000216,spread_cv,facebook_combined,0,0.8279201630557422,0.9432228875529066,0.65,0.9104477611940298,0.3315433199058674,56,4.669974999997066,238.5689685000216,facebook_combined,-0.004361731007491376,facebook_combined rf
0.8348448871028105,0.9468260084046232,0.625,0.9203980099502488,0.3142988518705518,1,node+edge+subgraph,62,4.508418300000017,238.5689685000216,spread_cv,facebook_combined,1,0.8281273807420988,0.9439533805853172,0.625,0.9203980099502488,0.3311459991011942,56,4.569426100002602,238.5689685000216,facebook_combined,-0.006717506360711667,facebook_combined rf
0.8307183964237121,0.9443221955852636,0.6,0.9054726368159204,0.317061371656648,1,node+edge+subgraph,62,4.226928600000008,238.5689685000216,spread_cv,facebook_combined,2,0.8246971773094878,0.9408168703911975,0.55,0.9154228855721394,0.3381179385018222,56,4.701318000006722,238.5689685000216,facebook_combined,-0.006021219114224374,facebook_combined rf
0.8334599884971925,0.9464835451099304,0.6,0.9104477611940298,0.3104641307319566,1,node+edge+subgraph,62,4.3223859999999945,238.5689685000216,spread_cv,facebook_combined,3,0.8258239923026157,0.9422895474241734,0.6,0.9104477611940298,0.3343606555586333,56,4.717201399995247,238.5689685000216,facebook_combined,-0.007635996194576777,facebook_combined rf
0.8325176263902381,0.9451020128429232,0.575,0.9104477611940298,0.3110530258543751,1,node+edge+subgraph,62,4.748460099999988,238.5689685000216,spread_cv,facebook_combined,4,0.82702878660682,0.943024411504924,0.6,0.9104477611940298,0.3328472115256322,56,4.619697799993446,238.5689685000216,facebook_combined,-0.005488839783418076,facebook_combined rf
0.8353823894994223,0.9473671883339748,0.575,0.9154228855721394,0.3064393794195211,1,node+edge+subgraph,62,4.429792899999995,238.5689685000216,spread_cv,facebook_combined,5,0.829588596222068,0.9444788374319584,0.6,0.9154228855721394,0.3313481870604228,56,4.717752800002927,238.5689685000216,facebook_combined,-0.005793793277354298,facebook_combined rf
0.8341278559290453,0.9471735641250516,0.575,0.9104477611940298,0.3129541100648688,1,node+edge+subgraph,62,4.42052769999998,238.5689685000216,spread_cv,facebook_combined,6,0.8269929199792795,0.9430103155420766,0.525,0.9104477611940298,0.3351952729837777,56,4.610557100008009,238.5689685000216,facebook_combined,-0.007134935949765775,facebook_combined rf
0.834898874739064,0.946437543467696,0.6,0.9154228855721394,0.3098393210216393,1,node+edge+subgraph,62,4.201637300000016,238.5689685000216,spread_cv,facebook_combined,7,0.827221009679606,0.9419920322642076,0.6,0.9154228855721394,0.3360624564514992,56,4.581651999993483,238.5689685000216,facebook_combined,-0.007677865059458,facebook_combined rf
0.8322847853539177,0.9450343235788918,0.625,0.9154228855721394,0.3116312948155949,1,node+edge+subgraph,62,4.26110140000003,238.5689685000216,spread_cv,facebook_combined,8,0.8269105558280669,0.941661249920378,0.65,0.9104477611940298,0.3370442146587661,56,4.715553500020178,238.5689685000216,facebook_combined,-0.00537422952585076,facebook_combined rf
0.8343535336490351,0.9471735739837992,0.7,0.9154228855721394,0.3069720857767461,1,node+edge+subgraph,62,4.432408199999998,238.5689685000216,spread_cv,facebook_combined,9,0.8284864800964805,0.9439790287767404,0.65,0.9054726368159204,0.3310976074916789,56,4.67508899999666,238.5689685000216,facebook_combined,-0.005867053552554569,facebook_combined rf
0.8322818940632336,0.9454151919740366,0.625,0.9154228855721394,0.3088559034290949,1,node+edge+subgraph+dynamic,62,4.139926699999933,238.5689685000216,spread_cv,facebook_combined,0,0.8279201630557422,0.9432228875529066,0.65,0.9104477611940298,0.3315433199058674,56,4.691564600012498,238.5689685000216,facebook_combined,-0.004361731007491376,facebook_combined rf
0.8348448871028105,0.9468260084046232,0.625,0.9203980099502488,0.3142988518705518,1,node+edge+subgraph+dynamic,62,4.198617600000034,238.5689685000216,spread_cv,facebook_combined,1,0.8281273807420988,0.9439533805853172,0.625,0.9203980099502488,0.3311459991011942,56,4.578778399998555,238.5689685000216,facebook_combined,-0.006717506360711667,facebook_combined rf
0.8307183964237121,0.9443221955852636,0.6,0.9054726368159204,0.3170613716566479,1,node+edge+subgraph+dynamic,62,4.156423200000063,238.5689685000216,spread_cv,facebook_combined,2,0.8246971773094878,0.9408168703911975,0.55,0.9154228855721394,0.3381179385018222,56,4.665295200014953,238.5689685000216,facebook_combined,-0.006021219114224374,facebook_combined rf
0.8334599884971925,0.9464835451099304,0.6,0.9104477611940298,0.3104641307319566,1,node+edge+subgraph+dynamic,62,4.179212499999949,238.5689685000216,spread_cv,facebook_combined,3,0.8258239923026157,0.9422895474241734,0.6,0.9104477611940298,0.3343606555586333,56,4.650551600003382,238.5689685000216,facebook_combined,-0.007635996194576777,facebook_combined rf
0.8325176263902381,0.9451020128429232,0.575,0.9104477611940298,0.3110530258543751,1,node+edge+subgraph+dynamic,62,4.145684599999981,238.5689685000216,spread_cv,facebook_combined,4,0.82702878660682,0.943024411504924,0.6,0.9104477611940298,0.3328472115256322,56,4.623289600014687,238.5689685000216,facebook_combined,-0.005488839783418076,facebook_combined rf
0.8353823894994223,0.9473671883339748,0.575,0.9154228855721394,0.3064393794195211,1,node+edge+subgraph+dynamic,62,4.199026900000035,238.5689685000216,spread_cv,facebook_combined,5,0.829588596222068,0.9444788374319584,0.6,0.9154228855721394,0.3313481870604228,56,4.748947899992345,238.5689685000216,facebook_combined,-0.005793793277354298,facebook_combined rf
0.8341278559290453,0.9471735641250516,0.575,0.9104477611940298,0.3129541100648688,1,node+edge+subgraph+dynamic,62,4.438991800000053,238.5689685000216,spread_cv,facebook_combined,6,0.8269929199792795,0.9430103155420766,0.525,0.9104477611940298,0.3351952729837777,56,4.692795300012222,238.5689685000216,facebook_combined,-0.007134935949765775,facebook_combined rf
0.834898874739064,0.946437543467696,0.6,0.9154228855721394,0.3098393210216394,1,node+edge+subgraph+dynamic,62,4.36452220000001,238.5689685000216,spread_cv,facebook_combined,7,0.827221009679606,0.9419920322642076,0.6,0.9154228855721394,0.3360624564514992,56,4.5855804000166245,238.5689685000216,facebook_combined,-0.007677865059458,facebook_combined rf
0.8322847853539177,0.9450343235788918,0.625,0.9154228855721394,0.3116312948155949,1,node+edge+subgraph+dynamic,62,4.153726600000027,238.5689685000216,spread_cv,facebook_combined,8,0.8269105558280669,0.941661249920378,0.65,0.9104477611940298,0.3370442146587661,56,4.6507177999883424,238.5689685000216,facebook_combined,-0.00537422952585076,facebook_combined rf
0.8343535336490351,0.9471735739837992,0.7,0.9154228855721394,0.3069720857767461,1,node+edge+subgraph+dynamic,62,4.015367999999967,238.5689685000216,spread_cv,facebook_combined,9,0.8284864800964805,0.9439790287767404,0.65,0.9054726368159204,0.3310976074916789,56,4.5618091999785975,238.5689685000216,facebook_combined,-0.005867053552554569,facebook_combined rf
0.725643613131727,0.8777066748655838,0.375,0.6169154228855721,0.0903028912569111,1,node+edge+subgraph,62,3.957644500000015,238.5689685000216,spread_resid,facebook_combined,0,0.7164394347209289,0.8721398590142555,0.35,0.6019900497512438,0.0925826763015109,56,4.732874400011497,238.5689685000216,facebook_combined,-0.009204178410798125,facebook_combined rf
0.7339784849596389,0.8842885906055382,0.275,0.6119402985074627,0.0900611182863852,1,node+edge+subgraph,62,4.024263000000019,238.5689685000216,spread_resid,facebook_combined,1,0.7195940901974981,0.8741241730430181,0.3,0.5870646766169154,0.0928704851677455,56,4.778959599992959,238.5689685000216,facebook_combined,-0.014384394762140817,facebook_combined rf
0.7265808719647048,0.8782018842785766,0.275,0.6019900497512438,0.0915896641035546,1,node+edge+subgraph,62,3.983641400000124,238.5689685000216,spread_resid,facebook_combined,2,0.7190380766943414,0.8739077434893441,0.3,0.5771144278606966,0.0929195774083515,56,4.849469999986468,238.5689685000216,facebook_combined,-0.007542795270363389,facebook_combined rf
0.7313915631408843,0.8816436781632859,0.35,0.6019900497512438,0.0899046326325101,1,node+edge+subgraph,62,3.970355500000096,238.5689685000216,spread_resid,facebook_combined,3,0.7204542946219369,0.8735980846612568,0.325,0.582089552238806,0.0927814197621148,56,4.812744900002144,238.5689685000216,facebook_combined,-0.010937268518947385,facebook_combined rf
0.730284986425287,0.8807131187376279,0.325,0.6169154228855721,0.090798102198771,1,node+edge+subgraph,62,4.009543800000074,238.5689685000216,spread_resid,facebook_combined,4,0.7187286758038879,0.872505858074174,0.3,0.582089552238806,0.0927185901630829,56,4.693544199981261,238.5689685000216,facebook_combined,-0.011556310621399168,facebook_combined rf
0.7330824612782135,0.8830138472375046,0.275,0.6119402985074627,0.0895331430268498,1,node+edge+subgraph,62,3.968211399999973,238.5689685000216,spread_resid,facebook_combined,5,0.7205162569800987,0.8748488394048435,0.25,0.5920398009950248,0.092091039210811,56,4.800440899998648,238.5689685000216,facebook_combined,-0.012566204298114836,facebook_combined rf
0.7273915556335302,0.8781384991839799,0.3,0.6218905472636815,0.0910032877498019,1,node+edge+subgraph,62,4.00605870000004,238.5689685000216,spread_resid,facebook_combined,6,0.7157617490024822,0.8698881010577326,0.3,0.6119402985074627,0.0932457465927481,56,4.913696399977198,238.5689685000216,facebook_combined,-0.011629806631047956,facebook_combined rf
0.7296685473605535,0.8797033033247305,0.375,0.6169154228855721,0.0904907124056585,1,node+edge+subgraph,62,3.907717000000048,238.5689685000216,spread_resid,facebook_combined,7,0.7146166310549029,0.868479501607135,0.35,0.5970149253731343,0.0940353778032919,56,4.930509199999506,238.5689685000216,facebook_combined,-0.015051916305650614,facebook_combined rf
0.7260980337301798,0.8761186173736472,0.35,0.6318407960199005,0.0909694848085041,1,node+edge+subgraph,62,4.169417999999951,238.5689685000216,spread_resid,facebook_combined,8,0.7123286730523503,0.8655554447398086,0.325,0.6019900497512438,0.0941961842338099,56,4.875979899981758,238.5689685000216,facebook_combined,-0.013769360677829523,facebook_combined rf
0.7311723787562926,0.8821245792495598,0.3,0.6318407960199005,0.0893643417381818,1,node+edge+subgraph,62,4.029555800000026,238.5689685000216,spread_resid,facebook_combined,9,0.7198320608764021,0.8744629967385052,0.325,0.5970149253731343,0.0919158620931708,56,4.971858000004431,238.5689685000216,facebook_combined,-0.011340317879890538,facebook_combined rf
0.725643613131727,0.8777066748655838,0.375,0.6169154228855721,0.0903028912569111,1,node+edge+subgraph+dynamic,62,3.927654500000017,238.5689685000216,spread_resid,facebook_combined,0,0.7164394347209289,0.8721398590142555,0.35,0.6019900497512438,0.0925826763015109,56,4.870080900000176,238.5689685000216,facebook_combined,-0.009204178410798125,facebook_combined rf
0.7339784849596389,0.8842885906055382,0.275,0.6119402985074627,0.0900611182863852,1,node+edge+subgraph+dynamic,62,3.894108499999902,238.5689685000216,spread_resid,facebook_combined,1,0.7195940901974981,0.8741241730430181,0.3,0.5870646766169154,0.0928704851677455,56,4.773114099982195,238.5689685000216,facebook_combined,-0.014384394762140817,facebook_combined rf
0.7265808719647048,0.8782018842785766,0.275,0.6019900497512438,0.0915896641035546,1,node+edge+subgraph+dynamic,62,3.912222700000029,238.5689685000216,spread_resid,facebook_combined,2,0.7190380766943414,0.8739077434893441,0.3,0.5771144278606966,0.0929195774083515,56,4.886939799995162,238.5689685000216,facebook_combined,-0.007542795270363389,facebook_combined rf
0.7313915631408843,0.8816436781632859,0.35,0.6019900497512438,0.0899046326325101,1,node+edge+subgraph+dynamic,62,3.849683600000162,238.5689685000216,spread_resid,facebook_combined,3,0.7204542946219369,0.8735980846612568,0.325,0.582089552238806,0.0927814197621148,56,4.8617069000029005,238.5689685000216,facebook_combined,-0.010937268518947385,facebook_combined rf
0.730284986425287,0.8807131187376279,0.325,0.6169154228855721,0.090798102198771,1,node+edge+subgraph+dynamic,62,4.014056200000141,238.5689685000216,spread_resid,facebook_combined,4,0.7187286758038879,0.872505858074174,0.3,0.582089552238806,0.0927185901630829,56,4.7280282999854535,238.5689685000216,facebook_combined,-0.011556310621399168,facebook_combined rf
0.7330824612782135,0.8830138472375046,0.275,0.6119402985074627,0.0895331430268498,1,node+edge+subgraph+dynamic,62,4.0328461999999945,238.5689685000216,spread_resid,facebook_combined,5,0.7205162569800987,0.8748488394048435,0.25,0.5920398009950248,0.092091039210811,56,4.795594800001709,238.5689685000216,facebook_combined,-0.012566204298114836,facebook_combined rf
0.7273915556335302,0.8781384991839799,0.3,0.6218905472636815,0.0910032877498019,1,node+edge+subgraph+dynamic,62,4.097722000000204,238.5689685000216,spread_resid,facebook_combined,6,0.7157617490024822,0.8698881010577326,0.3,0.6119402985074627,0.0932457465927481,56,4.837284600012936,238.5689685000216,facebook_combined,-0.011629806631047956,facebook_combined rf
0.7296685473605535,0.8797033033247305,0.375,0.6169154228855721,0.0904907124056585,1,node+edge+subgraph+dynamic,62,3.940628999999944,238.5689685000216,spread_resid,facebook_combined,7,0.7146166310549029,0.868479501607135,0.35,0.5970149253731343,0.0940353778032919,56,4.619744499999797,238.5689685000216,facebook_combined,-0.015051916305650614,facebook_combined rf
0.7260980337301798,0.8761186173736472,0.35,0.6318407960199005,0.0909694848085041,1,node+edge+subgraph+dynamic,62,4.015699499999982,238.5689685000216,spread_resid,facebook_combined,8,0.7123286730523503,0.8655554447398086,0.325,0.6019900497512438,0.0941961842338099,56,4.697817400010536,238.5689685000216,facebook_combined,-0.013769360677829523,facebook_combined rf
0.7311723787562926,0.8821245792495598,0.3,0.6318407960199005,0.0893643417381818,1,node+edge+subgraph+dynamic,62,4.202691799999911,238.5689685000216,spread_resid,facebook_combined,9,0.7198320608764021,0.8744629967385052,0.325,0.5970149253731343,0.0919158620931708,56,4.88428960001329,238.5689685000216,facebook_combined,-0.011340317879890538,facebook_combined rf
0.6252039224740978,0.7754197146823707,0.575,0.4378109452736318,52421.41427874509,1,node+edge+subgraph,62,6.01136530000008,238.5689685000216,betweenness,facebook_combined,0,0.62507431344639,0.7762281022156072,0.55,0.4427860696517413,51703.74481172304,56,7.784687899984419,238.5689685000216,facebook_combined,-0.00012960902770786653,facebook_combined rf
0.6332009401527452,0.7837467415661219,0.575,0.4676616915422885,49706.14883649044,1,node+edge+subgraph,62,6.058038699999997,238.5689685000216,betweenness,facebook_combined,1,0.6336194326251792,0.7860959824405788,0.55,0.472636815920398,49585.805940996965,56,7.715985000017099,238.5689685000216,facebook_combined,0.00041849247243397336,facebook_combined rf
0.6307450481470114,0.7800244484035803,0.55,0.4328358208955223,50684.71488144343,1,node+edge+subgraph,62,5.883025800000041,238.5689685000216,betweenness,facebook_combined,2,0.6309053274342392,0.7819522772314648,0.55,0.4328358208955223,50850.951844834985,56,7.62683520000428,238.5689685000216,facebook_combined,0.00016027928722783802,facebook_combined rf
0.6261415126286142,0.7749278992144732,0.55,0.4378109452736318,49027.693032734685,1,node+edge+subgraph,62,5.988797700000077,238.5689685000216,betweenness,facebook_combined,3,0.632428754885922,0.7842999485786922,0.55,0.4427860696517413,48567.03554084808,56,7.589119499985827,238.5689685000216,facebook_combined,0.006287242257307812,facebook_combined rf
0.6307218065465839,0.7811940705754209,0.55,0.4776119402985074,69928.0116628541,1,node+edge+subgraph,62,5.982099400000152,238.5689685000216,betweenness,facebook_combined,4,0.6337073919251229,0.7853755642226475,0.55,0.472636815920398,70280.08912172246,56,6.635362900007749,238.5689685000216,facebook_combined,0.0029855853785389908,facebook_combined rf
0.6332928631608872,0.7811336768148417,0.575,0.4378109452736318,48922.02378034216,1,node+edge+subgraph,62,6.045859799999789,238.5689685000216,betweenness,facebook_combined,5,0.634437283708531,0.7847344817105611,0.575,0.4577114427860697,49343.94385372914,56,7.324409499997273,238.5689685000216,facebook_combined,0.001144420547643854,facebook_combined rf
0.6216651473567586,0.7689048400263918,0.6,0.4228855721393035,50515.44312253368,1,node+edge+subgraph,62,6.334264100000155,238.5689685000216,betweenness,facebook_combined,6,0.617728448873271,0.766625736054788,0.575,0.4328358208955223,49722.70721777296,56,8.077178600011393,238.5689685000216,facebook_combined,-0.003936698483487544,facebook_combined rf
0.6215101993311425,0.7690996556964524,0.575,0.4477611940298507,50997.51116177833,1,node+edge+subgraph,62,6.462208899999951,238.5689685000216,betweenness,facebook_combined,7,0.6302336166756056,0.7790014697346662,0.575,0.4427860696517413,51075.69663021323,56,7.891335099993739,238.5689685000216,facebook_combined,0.008723417344463136,facebook_combined rf
0.6221991210611215,0.77100331723579,0.55,0.4427860696517413,51655.364931201606,1,node+edge+subgraph,62,6.1906986000001325,238.5689685000216,betweenness,facebook_combined,8,0.6300458194764806,0.7811994730289129,0.55,0.4328358208955223,51123.06871721695,56,8.205172799993306,238.5689685000216,facebook_combined,0.007846698415359121,facebook_combined rf
0.6240415216250452,0.7719064790004372,0.5,0.4427860696517413,78528.92703627172,1,node+edge+subgraph,62,5.928807800000186,238.5689685000216,betweenness,facebook_combined,9,0.6291663373105658,0.7794662068630386,0.5,0.4477611940298507,79503.90493088453,56,8.979520199995022,238.5689685000216,facebook_combined,0.0051248156855205895,facebook_combined rf
0.6252039224740978,0.7754197146823707,0.575,0.4378109452736318,52421.41427874509,1,node+edge+subgraph+dynamic,62,6.155066600000055,238.5689685000216,betweenness,facebook_combined,0,0.62507431344639,0.7762281022156072,0.55,0.4427860696517413,51703.744811723045,56,7.871954100002767,238.5689685000216,facebook_combined,-0.00012960902770786653,facebook_combined rf
0.6332009401527452,0.7837467415661219,0.575,0.4676616915422885,49706.14883649044,1,node+edge+subgraph+dynamic,62,5.956004099999973,238.5689685000216,betweenness,facebook_combined,1,0.6336194326251792,0.7860959824405788,0.55,0.472636815920398,49585.805940996965,56,7.599246800004039,238.5689685000216,facebook_combined,0.00041849247243397336,facebook_combined rf
0.6307450481470114,0.7800244484035803,0.55,0.4328358208955223,50684.71488144343,1,node+edge+subgraph+dynamic,62,5.892451700000038,238.5689685000216,betweenness,facebook_combined,2,0.6309053274342392,0.7819522772314648,0.55,0.4328358208955223,50850.951844834985,56,6.3260559999907855,238.5689685000216,facebook_combined,0.00016027928722783802,facebook_combined rf
0.6261415126286142,0.7749278992144732,0.55,0.4378109452736318,49027.693032734685,1,node+edge+subgraph+dynamic,62,5.970443100000011,238.5689685000216,betweenness,facebook_combined,3,0.632428754885922,0.7842999485786922,0.55,0.4427860696517413,48567.03554084808,56,7.416275499999756,238.5689685000216,facebook_combined,0.006287242257307812,facebook_combined rf
0.6307218065465839,0.7811940705754209,0.55,0.4776119402985074,69928.01166285409,1,node+edge+subgraph+dynamic,62,5.892428299999892,238.5689685000216,betweenness,facebook_combined,4,0.6337073919251229,0.7853755642226475,0.55,0.472636815920398,70280.08912172244,56,8.274234199983766,238.5689685000216,facebook_combined,0.0029855853785389908,facebook_combined rf
0.6332928242404308,0.7811336767792726,0.575,0.4378109452736318,48922.02378034216,1,node+edge+subgraph+dynamic,62,6.0617151999999805,238.5689685000216,betweenness,facebook_combined,5,0.634437283708531,0.7847344817105611,0.575,0.4577114427860697,49343.94385372915,56,8.028223600005731,238.5689685000216,facebook_combined,0.0011444594681002673,facebook_combined rf
0.6216651473567586,0.7689048400263918,0.6,0.4228855721393035,50515.44312253368,1,node+edge+subgraph+dynamic,62,6.030112200000076,238.5689685000216,betweenness,facebook_combined,6,0.617728448873271,0.766625736054788,0.575,0.4328358208955223,49722.70721777296,56,8.188291800004663,238.5689685000216,facebook_combined,-0.003936698483487544,facebook_combined rf
0.6215101993311425,0.7690996556964524,0.575,0.4477611940298507,50997.51116177833,1,node+edge+subgraph+dynamic,62,5.89806220000014,238.5689685000216,betweenness,facebook_combined,7,0.6302336166756056,0.7790014697346662,0.575,0.4427860696517413,51075.69663021323,56,8.193047999986447,238.5689685000216,facebook_combined,0.008723417344463136,facebook_combined rf
0.6221991210611215,0.77100331723579,0.55,0.4427860696517413,51655.364931201606,1,node+edge+subgraph+dynamic,62,6.131691299999829,238.5689685000216,betweenness,facebook_combined,8,0.6300458194764806,0.7811994730289129,0.55,0.4328358208955223,51123.06871721696,56,7.706484800000908,238.5689685000216,facebook_combined,0.007846698415359121,facebook_combined rf
0.6240415216250452,0.7719064790004372,0.5,0.4427860696517413,78528.92703627172,1,node+edge+subgraph+dynamic,62,5.954598199999964,238.5689685000216,betweenness,facebook_combined,9,0.6291663373105658,0.7794662068630386,0.5,0.4477611940298507,79503.90493088453,56,7.512124000000767,238.5689685000216,facebook_combined,0.0051248156855205895,facebook_combined rf
0.947656017708796,0.9955253350674976,0.775,0.9900497512437813,1.739876524928545,1,node+edge+subgraph,62,1.2951577999992878,238.5689685000216,spread_mean,facebook_combined,0,0.9278941288563984,0.9912217627541192,0.8,0.9800995024875622,1.644263730141138,56,5.038048699992942,238.5689685000216,facebook_combined,-0.019761888852397602,facebook_combined hgb
0.9481914494368218,0.9957481816639456,0.825,0.9800995024875622,1.638706364156124,1,node+edge+subgraph,62,1.2424725999953807,238.5689685000216,spread_mean,facebook_combined,1,0.9296878969887648,0.9920317857993788,0.8,0.9800995024875622,1.8851378600094757,56,1.4775597000261769,238.5689685000216,facebook_combined,-0.018503552448057015,facebook_combined hgb
0.9473028617611202,0.9955099484338836,0.825,0.9950248756218906,1.572299087677142,1,node+edge+subgraph,62,1.3071214000010514,238.5689685000216,spread_mean,facebook_combined,2,0.930250417806144,0.9924401593151618,0.8,0.9900497512437813,1.6418229989312212,56,1.4747747000074014,238.5689685000216,facebook_combined,-0.017052443954976182,facebook_combined hgb
0.9471468280890049,0.9954577687812414,0.75,0.9800995024875622,1.6875114995354985,1,node+edge+subgraph,62,1.3308120000001509,238.5689685000216,spread_mean,facebook_combined,3,0.929517695960098,0.9920911999955704,0.825,0.9800995024875622,1.908682755704572,56,1.5151251999777742,238.5689685000216,facebook_combined,-0.01762913212890682,facebook_combined hgb
0.9471997613092268,0.995457558290923,0.825,0.9850746268656716,1.920550835422241,1,node+edge+subgraph,62,1.2452779000013834,238.5689685000216,spread_mean,facebook_combined,4,0.9278565575778006,0.991728292030802,0.8,0.9850746268656716,1.8530285169873453,56,1.4661833999853116,238.5689685000216,facebook_combined,-0.019343203731426173,facebook_combined hgb
0.9468332942329404,0.995347078319622,0.85,0.9850746268656716,1.4901489451747416,1,node+edge+subgraph,62,1.2230220999990706,238.5689685000216,spread_mean,facebook_combined,5,0.9298756883706102,0.9913894447152573,0.8,0.9900497512437813,1.64612529268329,56,1.475282100000186,238.5689685000216,facebook_combined,-0.016957605862330194,facebook_combined hgb
0.9475759633113472,0.9955939902892768,0.75,0.9800995024875622,1.5516034330994652,1,node+edge+subgraph,62,1.2171510999978636,238.5689685000216,spread_mean,facebook_combined,6,0.9277247540861584,0.99073930839793,0.775,0.9850746268656716,1.745161774182512,56,1.5064513999968767,238.5689685000216,facebook_combined,-0.019851209225188793,facebook_combined hgb
0.9466091977350644,0.9954645869341108,0.75,0.9800995024875622,1.8143210339686984,1,node+edge+subgraph,62,1.2395277000032363,238.5689685000216,spread_mean,facebook_combined,7,0.9296908526612484,0.9913089868230904,0.725,0.9800995024875622,1.8202907288811991,56,1.5005807999987155,238.5689685000216,facebook_combined,-0.016918345073815955,facebook_combined hgb
0.9486613749660056,0.995787048146213,0.825,0.9900497512437813,1.8709263225020627,1,node+edge+subgraph,62,1.2628305000034743,238.5689685000216,spread_mean,facebook_combined,8,0.9283395227442484,0.99098464769648,0.8,0.9900497512437813,1.81089464867243,56,1.4989402999926824,238.5689685000216,facebook_combined,-0.020321852221757197,facebook_combined hgb
0.9468865124043676,0.9954581315416412,0.75,0.9800995024875622,1.7926823910952348,1,node+edge+subgraph,62,1.249436500002048,238.5689685000216,spread_mean,facebook_combined,9,0.9303953748108624,0.9922642808892496,0.775,0.9800995024875622,1.7253644352483457,56,1.5005711000121664,238.5689685000216,facebook_combined,-0.01649113759350518,facebook_combined hgb
0.947656017708796,0.9955253350674976,0.775,0.9900497512437813,1.739876524928545,1,node+edge+subgraph+dynamic,62,1.2795104999968316,238.5689685000216,spread_mean,facebook_combined,0,0.9278941288563984,0.9912217627541192,0.8,0.9800995024875622,1.644263730141138,56,1.4909530000004452,238.5689685000216,facebook_combined,-0.019761888852397602,facebook_combined hgb
0.9481914494368218,0.9957481816639456,0.825,0.9800995024875622,1.638706364156124,1,node+edge+subgraph+dynamic,62,1.2260796000045957,238.5689685000216,spread_mean,facebook_combined,1,0.9296878969887648,0.9920317857993788,0.8,0.9800995024875622,1.8851378600094757,56,1.4868903999740724,238.5689685000216,facebook_combined,-0.018503552448057015,facebook_combined hgb
0.9473028617611202,0.9955099484338836,0.825,0.9950248756218906,1.572299087677142,1,node+edge+subgraph+dynamic,62,1.2100581000049715,238.5689685000216,spread_mean,facebook_combined,2,0.930250417806144,0.9924401593151618,0.8,0.9900497512437813,1.6418229989312212,56,1.4806140000000596,238.5689685000216,facebook_combined,-0.017052443954976182,facebook_combined hgb
0.9471468280890049,0.9954577687812414,0.75,0.9800995024875622,1.6875114995354985,1,node+edge+subgraph+dynamic,62,1.2497194999959902,238.5689685000216,spread_mean,facebook_combined,3,0.929517695960098,0.9920911999955704,0.825,0.9800995024875622,1.908682755704572,56,1.4736407000164036,238.5689685000216,facebook_combined,-0.01762913212890682,facebook_combined hgb
0.9471997613092268,0.995457558290923,0.825,0.9850746268656716,1.920550835422241,1,node+edge+subgraph+dynamic,62,1.2497755000003965,238.5689685000216,spread_mean,facebook_combined,4,0.9278565575778006,0.991728292030802,0.8,0.9850746268656716,1.8530285169873453,56,1.486662699986482,238.5689685000216,facebook_combined,-0.019343203731426173,facebook_combined hgb
0.9468332942329404,0.995347078319622,0.85,0.9850746268656716,1.4901489451747416,1,node+edge+subgraph+dynamic,62,1.206206499999098,238.5689685000216,spread_mean,facebook_combined,5,0.9298756883706102,0.9913894447152573,0.8,0.9900497512437813,1.64612529268329,56,1.5699636999925133,238.5689685000216,facebook_combined,-0.016957605862330194,facebook_combined hgb
0.9475759633113472,0.9955939902892768,0.75,0.9800995024875622,1.5516034330994652,1,node+edge+subgraph+dynamic,62,1.2349183999976958,238.5689685000216,spread_mean,facebook_combined,6,0.9277247540861584,0.99073930839793,0.775,0.9850746268656716,1.745161774182512,56,1.522484599991003,238.5689685000216,facebook_combined,-0.019851209225188793,facebook_combined hgb
0.9466091977350644,0.9954645869341108,0.75,0.9800995024875622,1.8143210339686984,1,node+edge+subgraph+dynamic,62,1.236700400004338,238.5689685000216,spread_mean,facebook_combined,7,0.9296908526612484,0.9913089868230904,0.725,0.9800995024875622,1.8202907288811991,56,1.4920912999950815,238.5689685000216,facebook_combined,-0.016918345073815955,facebook_combined hgb
0.9486613749660056,0.995787048146213,0.825,0.9900497512437813,1.8709263225020627,1,node+edge+subgraph+dynamic,62,1.2446275999973295,238.5689685000216,spread_mean,facebook_combined,8,0.9283395227442484,0.99098464769648,0.8,0.9900497512437813,1.81089464867243,56,1.51641660000314,238.5689685000216,facebook_combined,-0.020321852221757197,facebook_combined hgb
0.9468865124043676,0.9954581315416412,0.75,0.9800995024875622,1.7926823910952348,1,node+edge+subgraph+dynamic,62,1.2195420999996711,238.5689685000216,spread_mean,facebook_combined,9,0.9303953748108624,0.9922642808892496,0.775,0.9800995024875622,1.7253644352483457,56,1.5363560000259897,238.5689685000216,facebook_combined,-0.01649113759350518,facebook_combined hgb
0.8253682022866649,0.9431670804058764,0.675,0.9253731343283582,0.3134935400398581,1,node+edge+subgraph,62,1.284502000002249,238.5689685000216,spread_cv,facebook_combined,0,0.8172612378026045,0.9383567853299688,0.6,0.9054726368159204,0.3393438079438461,56,1.7030642000027,238.5689685000216,facebook_combined,-0.008106964484060342,facebook_combined hgb
0.8259258194424003,0.9435470801368256,0.6,0.9203980099502488,0.3160288391176056,1,node+edge+subgraph,62,1.2887741999948048,238.5689685000216,spread_cv,facebook_combined,1,0.8166995905286389,0.9388375292977053,0.55,0.9154228855721394,0.3404759209836064,56,1.6807483999873511,238.5689685000216,facebook_combined,-0.009226228913761347,facebook_combined hgb
0.8248873254738082,0.942841837653361,0.6,0.9154228855721394,0.3196746097854352,1,node+edge+subgraph,62,1.300774299998011,238.5689685000216,spread_cv,facebook_combined,2,0.8177176007813094,0.9381068819792012,0.55,0.9104477611940298,0.3459875442013176,56,1.6889932000194676,238.5689685000216,facebook_combined,-0.007169724692498769,facebook_combined hgb
0.8273589036493842,0.9447773198915708,0.625,0.9054726368159204,0.3120610568686329,1,node+edge+subgraph,62,1.2900004999974044,238.5689685000216,spread_cv,facebook_combined,3,0.8169254454767836,0.9380010463962212,0.575,0.9054726368159204,0.3422459556978526,56,1.6923241000040434,238.5689685000216,facebook_combined,-0.010433458172600663,facebook_combined hgb
0.8289771624563661,0.9441989496217512,0.6,0.9154228855721394,0.3116487045079921,1,node+edge+subgraph,62,1.3217775000011898,238.5689685000216,spread_cv,facebook_combined,4,0.8180578513070271,0.9380927667358404,0.625,0.9054726368159204,0.3422013172874453,56,1.7086942000023555,238.5689685000216,facebook_combined,-0.010919311149338973,facebook_combined hgb
0.8266975446528383,0.943360624034014,0.575,0.9104477611940298,0.3121533377369062,1,node+edge+subgraph,62,1.3163454000023194,238.5689685000216,spread_cv,facebook_combined,5,0.8190878075520988,0.9398311960198712,0.5,0.9104477611940298,0.3371484773988435,56,1.615611599991098,238.5689685000216,facebook_combined,-0.007609737100739533,facebook_combined hgb
0.8286610370799903,0.945102650370066,0.55,0.9154228855721394,0.3172642956634848,1,node+edge+subgraph,62,1.3088304000048083,238.5689685000216,spread_cv,facebook_combined,6,0.8183023234550574,0.938867416934414,0.6,0.9154228855721394,0.341354840614812,56,1.7062306000152605,238.5689685000216,facebook_combined,-0.010358713624932903,facebook_combined hgb
0.824745828112941,0.9423881358080786,0.55,0.9154228855721394,0.3204406086168371,1,node+edge+subgraph,62,1.3002217999965069,238.5689685000216,spread_cv,facebook_combined,7,0.8181848114738832,0.938808283005205,0.6,0.9104477611940298,0.3400989258538804,56,1.7910113999969326,238.5689685000216,facebook_combined,-0.006561016639057726,facebook_combined hgb
0.8255620143011173,0.9431664921466568,0.7,0.9054726368159204,0.3159931079868571,1,node+edge+subgraph,62,1.2877023000037298,238.5689685000216,spread_cv,facebook_combined,8,0.8171294552195663,0.9377284024757006,0.6,0.9054726368159204,0.3424168193775883,56,1.7436446000065189,238.5689685000216,facebook_combined,-0.00843255908155105,facebook_combined hgb
0.8273214087534719,0.9449059648607736,0.625,0.9154228855721394,0.3105099155633503,1,node+edge+subgraph,62,1.2793920999974944,238.5689685000216,spread_cv,facebook_combined,9,0.8190271493839287,0.94044361118869,0.65,0.9104477611940298,0.3363847357979629,56,1.6805085000232791,238.5689685000216,facebook_combined,-0.0082942593695432,facebook_combined hgb
0.8253682022866649,0.9431670804058764,0.675,0.9253731343283582,0.3134935400398581,1,node+edge+subgraph+dynamic,62,1.3008614999998829,238.5689685000216,spread_cv,facebook_combined,0,0.8172612378026045,0.9383567853299688,0.6,0.9054726368159204,0.3393438079438461,56,1.7668475999962538,238.5689685000216,facebook_combined,-0.008106964484060342,facebook_combined hgb
0.8259258194424003,0.9435470801368256,0.6,0.9203980099502488,0.3160288391176056,1,node+edge+subgraph+dynamic,62,1.2957550999999512,238.5689685000216,spread_cv,facebook_combined,1,0.8166995905286389,0.9388375292977053,0.55,0.9154228855721394,0.3404759209836064,56,1.6870417000027371,238.5689685000216,facebook_combined,-0.009226228913761347,facebook_combined hgb
0.8248873254738082,0.942841837653361,0.6,0.9154228855721394,0.3196746097854352,1,node+edge+subgraph+dynamic,62,1.2695055000003777,238.5689685000216,spread_cv,facebook_combined,2,0.8177176007813094,0.9381068819792012,0.55,0.9104477611940298,0.3459875442013176,56,1.670119699992938,238.5689685000216,facebook_combined,-0.007169724692498769,facebook_combined hgb
0.8273589036493842,0.9447773198915708,0.625,0.9054726368159204,0.3120610568686329,1,node+edge+subgraph+dynamic,62,1.3052166999987094,238.5689685000216,spread_cv,facebook_combined,3,0.8169254454767836,0.9380010463962212,0.575,0.9054726368159204,0.3422459556978526,56,1.6529182000085711,238.5689685000216,facebook_combined,-0.010433458172600663,facebook_combined hgb
0.8289771624563661,0.9441989496217512,0.6,0.9154228855721394,0.3116487045079921,1,node+edge+subgraph+dynamic,62,1.3168226999987382,238.5689685000216,spread_cv,facebook_combined,4,0.8180578513070271,0.9380927667358404,0.625,0.9054726368159204,0.3422013172874453,56,1.6698909999977332,238.5689685000216,facebook_combined,-0.010919311149338973,facebook_combined hgb
0.8266975446528383,0.943360624034014,0.575,0.9104477611940298,0.3121533377369062,1,node+edge+subgraph+dynamic,62,1.27842149999924,238.5689685000216,spread_cv,facebook_combined,5,0.8190878075520988,0.9398311960198712,0.5,0.9104477611940298,0.3371484773988435,56,1.67600149998907,238.5689685000216,facebook_combined,-0.007609737100739533,facebook_combined hgb
0.8286610370799903,0.945102650370066,0.55,0.9154228855721394,0.3172642956634848,1,node+edge+subgraph+dynamic,62,1.3157532999975956,238.5689685000216,spread_cv,facebook_combined,6,0.8183023234550574,0.938867416934414,0.6,0.9154228855721394,0.341354840614812,56,1.7387657999934163,238.5689685000216,facebook_combined,-0.010358713624932903,facebook_combined hgb
0.824745828112941,0.9423881358080786,0.55,0.9154228855721394,0.3204406086168371,1,node+edge+subgraph+dynamic,62,1.275514900000417,238.5689685000216,spread_cv,facebook_combined,7,0.8181848114738832,0.938808283005205,0.6,0.9104477611940298,0.3400989258538804,56,1.7338099000044167,238.5689685000216,facebook_combined,-0.006561016639057726,facebook_combined hgb
0.8255620143011173,0.9431664921466568,0.7,0.9054726368159204,0.3159931079868571,1,node+edge+subgraph+dynamic,62,1.2824847000010775,238.5689685000216,spread_cv,facebook_combined,8,0.8171294552195663,0.9377284024757006,0.6,0.9054726368159204,0.3424168193775883,56,1.6633154000155628,238.5689685000216,facebook_combined,-0.00843255908155105,facebook_combined hgb
0.8273214087534719,0.9449059648607736,0.625,0.9154228855721394,0.3105099155633503,1,node+edge+subgraph+dynamic,62,1.2701594999962251,238.5689685000216,spread_cv,facebook_combined,9,0.8190271493839287,0.94044361118869,0.65,0.9104477611940298,0.3363847357979629,56,1.7155509000003804,238.5689685000216,facebook_combined,-0.0082942593695432,facebook_combined hgb
0.2337144926574257,0.3056415050157826,0.575,0.3383084577114428,63704.91762625113,1,node+edge+subgraph,62,1.2709243999997852,238.5689685000216,betweenness,facebook_combined,0,0.2184373584398251,0.2845277898914007,0.55,0.3432835820895522,63562.011321974365,56,1.529378099978203,238.5689685000216,facebook_combined,-0.015277134217600602,facebook_combined hgb
0.2350360351412145,0.3092521841902184,0.5,0.3830845771144278,64096.99281077138,1,node+edge+subgraph,62,1.2663369000001694,238.5689685000216,betweenness,facebook_combined,1,0.2234674975928817,0.2917536323875761,0.525,0.3830845771144278,64067.6893007841,56,1.4783317999972496,238.5689685000216,facebook_combined,-0.011568537548332786,facebook_combined hgb
0.2151610674034822,0.2811776802432382,0.55,0.3781094527363184,65231.40223300509,1,node+edge+subgraph,62,1.2820158999966225,238.5689685000216,betweenness,facebook_combined,2,0.2265836201969335,0.2974426132102792,0.55,0.3980099502487562,65015.70101565667,56,1.5269122000026982,238.5689685000216,facebook_combined,0.011422552793451307,facebook_combined hgb
0.2257535151403233,0.2962804936998159,0.575,0.3482587064676617,63975.21107027736,1,node+edge+subgraph,62,1.2322219999987285,238.5689685000216,betweenness,facebook_combined,3,0.1981648524615662,0.2607384092982447,0.575,0.3482587064676617,64380.72843752617,56,1.5283562999975402,238.5689685000216,facebook_combined,-0.027588662678757092,facebook_combined hgb
0.2304725451842139,0.3037698044723061,0.55,0.3830845771144278,75667.37636873696,1,node+edge+subgraph,62,1.2277949999988778,238.5689685000216,betweenness,facebook_combined,4,0.2350087858119232,0.3054022334969938,0.575,0.3781094527363184,75407.1687135991,56,1.548826599988388,238.5689685000216,facebook_combined,0.004536240627709298,facebook_combined hgb
0.2113009710759871,0.2769267307456095,0.55,0.3781094527363184,64584.72335370263,1,node+edge+subgraph,62,1.2137116999947466,238.5689685000216,betweenness,facebook_combined,5,0.2140590757757327,0.2798641659941271,0.575,0.3880597014925373,64139.60885652233,56,1.4995234999805689,238.5689685000216,facebook_combined,0.0027581046997455783,facebook_combined hgb
0.2088386861945086,0.274435777705258,0.575,0.3582089552238806,64902.013731618914,1,node+edge+subgraph,62,1.2561627000031876,238.5689685000216,betweenness,facebook_combined,6,0.2247845245821966,0.293757526010292,0.525,0.36318407960199,65256.24271843941,56,1.5106834000034723,238.5689685000216,facebook_combined,0.01594583838768801,facebook_combined hgb
0.2225593165086405,0.2918047447398167,0.575,0.3582089552238806,64038.897069893326,1,node+edge+subgraph,62,1.3249485999986064,238.5689685000216,betweenness,facebook_combined,7,0.2136892495438578,0.2775465959959564,0.575,0.3830845771144278,64136.20513381716,56,1.5171053999802098,238.5689685000216,facebook_combined,-0.008870066964782708,facebook_combined hgb
0.2087501872185474,0.2717708514814804,0.6,0.3184079601990049,66139.04019953645,1,node+edge+subgraph,62,1.389067400006752,238.5689685000216,betweenness,facebook_combined,8,0.1982439481159263,0.2552289989232619,0.6,0.3383084577114428,66468.5571749292,56,1.5152763999940362,238.5689685000216,facebook_combined,-0.010506239102621107,facebook_combined hgb
0.220922604904329,0.2892114089509842,0.55,0.3781094527363184,79936.19629918455,1,node+edge+subgraph,62,1.3320530000055442,238.5689685000216,betweenness,facebook_combined,9,0.2261790754092153,0.2983041272719298,0.575,0.3681592039800995,79881.3958153617,56,1.53565730000264,238.5689685000216,facebook_combined,0.0052564705048863125,facebook_combined hgb
0.2337144926574257,0.3056415050157826,0.575,0.3383084577114428,63704.91762625113,1,node+edge+subgraph+dynamic,62,1.271358500001952,238.5689685000216,betweenness,facebook_combined,0,0.2184373584398251,0.2845277898914007,0.55,0.3432835820895522,63562.011321974365,56,1.5687513000157196,238.5689685000216,facebook_combined,-0.015277134217600602,facebook_combined hgb
0.2350360351412145,0.3092521841902184,0.5,0.3830845771144278,64096.99281077138,1,node+edge+subgraph+dynamic,62,1.2486385000011069,238.5689685000216,betweenness,facebook_combined,1,0.2234674975928817,0.2917536323875761,0.525,0.3830845771144278,64067.6893007841,56,1.4961148999864236,238.5689685000216,facebook_combined,-0.011568537548332786,facebook_combined hgb
0.2151610674034822,0.2811776802432382,0.55,0.3781094527363184,65231.40223300509,1,node+edge+subgraph+dynamic,62,1.2695703999997932,238.5689685000216,betweenness,facebook_combined,2,0.2265836201969335,0.2974426132102792,0.55,0.3980099502487562,65015.70101565667,56,1.5181809999921825,238.5689685000216,facebook_combined,0.011422552793451307,facebook_combined hgb
0.2257535151403233,0.2962804936998159,0.575,0.3482587064676617,63975.21107027736,1,node+edge+subgraph+dynamic,62,1.2792136999996728,238.5689685000216,betweenness,facebook_combined,3,0.1981648524615662,0.2607384092982447,0.575,0.3482587064676617,64380.72843752617,56,1.4748714000161272,238.5689685000216,facebook_combined,-0.027588662678757092,facebook_combined hgb
0.2304725451842139,0.3037698044723061,0.55,0.3830845771144278,75667.37636873696,1,node+edge+subgraph+dynamic,62,1.4929244000013568,238.5689685000216,betweenness,facebook_combined,4,0.2350087858119232,0.3054022334969938,0.575,0.3781094527363184,75407.1687135991,56,1.5136621000128798,238.5689685000216,facebook_combined,0.004536240627709298,facebook_combined hgb
0.2113009710759871,0.2769267307456095,0.55,0.3781094527363184,64584.72335370263,1,node+edge+subgraph+dynamic,62,1.2989641000021948,238.5689685000216,betweenness,facebook_combined,5,0.2140590757757327,0.2798641659941271,0.575,0.3880597014925373,64139.60885652233,56,1.5193479000008665,238.5689685000216,facebook_combined,0.0027581046997455783,facebook_combined hgb
0.2088386861945086,0.274435777705258,0.575,0.3582089552238806,64902.013731618914,1,node+edge+subgraph+dynamic,62,1.2365472000019508,238.5689685000216,betweenness,facebook_combined,6,0.2247845245821966,0.293757526010292,0.525,0.36318407960199,65256.24271843941,56,1.532492700003786,238.5689685000216,facebook_combined,0.01594583838768801,facebook_combined hgb
0.2225593165086405,0.2918047447398167,0.575,0.3582089552238806,64038.897069893326,1,node+edge+subgraph+dynamic,62,1.2431503999978304,238.5689685000216,betweenness,facebook_combined,7,0.2136892495438578,0.2775465959959564,0.575,0.3830845771144278,64136.20513381716,56,1.5408689999894705,238.5689685000216,facebook_combined,-0.008870066964782708,facebook_combined hgb
0.2087501872185474,0.2717708514814804,0.6,0.3184079601990049,66139.04019953645,1,node+edge+subgraph+dynamic,62,1.289736700004141,238.5689685000216,betweenness,facebook_combined,8,0.1982439481159263,0.2552289989232619,0.6,0.3383084577114428,66468.5571749292,56,1.5208580000035,238.5689685000216,facebook_combined,-0.010506239102621107,facebook_combined hgb
0.220922604904329,0.2892114089509842,0.55,0.3781094527363184,79936.19629918455,1,node+edge+subgraph+dynamic,62,1.214496099993994,238.5689685000216,betweenness,facebook_combined,9,0.2261790754092153,0.2983041272719298,0.575,0.3681592039800995,79881.3958153617,56,1.5722741000063252,238.5689685000216,facebook_combined,0.0052564705048863125,facebook_combined hgb
0.7190900428252075,0.8744847352216436,0.325,0.6318407960199005,0.0896346133646304,1,node+edge+subgraph,62,1.258764300000621,238.5689685000216,spread_resid,facebook_combined,0,0.7090539807669451,0.8687203777158685,0.35,0.5920398009950248,0.0931198431731653,56,1.7123852999939118,238.5689685000216,facebook_combined,-0.010036062058262352,facebook_combined hgb
0.7230305340582752,0.8772775397957894,0.375,0.6119402985074627,0.090408305470713,1,node+edge+subgraph,62,1.2915425000028335,238.5689685000216,spread_resid,facebook_combined,1,0.711209490280939,0.8702679057292156,0.375,0.6019900497512438,0.0930566799376459,56,1.655103400000371,238.5689685000216,facebook_combined,-0.011821043777336171,facebook_combined hgb
0.7184141550232573,0.8748290037321039,0.35,0.6368159203980099,0.091119704737829,1,node+edge+subgraph,62,1.2713937000007718,238.5689685000216,spread_resid,facebook_combined,2,0.7119100646305276,0.8713684296975169,0.35,0.572139303482587,0.0931407706889684,56,1.6905403999844566,238.5689685000216,facebook_combined,-0.0065040903927297,facebook_combined hgb
0.7210650314047461,0.8764831932063121,0.35,0.6417910447761194,0.090067041162407,1,node+edge+subgraph,62,1.2569348999968497,238.5689685000216,spread_resid,facebook_combined,3,0.7073991859693166,0.8669719616811444,0.35,0.6019900497512438,0.0932660813178927,56,1.7197511999984272,238.5689685000216,facebook_combined,-0.01366584543542948,facebook_combined hgb
0.7239170025607398,0.8784546963933443,0.35,0.6218905472636815,0.0897596238022141,1,node+edge+subgraph,62,1.256552200000442,238.5689685000216,spread_resid,facebook_combined,4,0.7106834727126575,0.8692529773198506,0.375,0.6019900497512438,0.0934323629135561,56,1.6611536999989769,238.5689685000216,facebook_combined,-0.013233529848082237,facebook_combined hgb
0.7214981503425733,0.8767584132050995,0.3,0.6368159203980099,0.0900428697672248,1,node+edge+subgraph,62,1.2673477999996976,238.5689685000216,spread_resid,facebook_combined,5,0.7102462127881223,0.869290438737335,0.325,0.5970149253731343,0.0933495412964727,56,1.6804270999855362,238.5689685000216,facebook_combined,-0.011251937554450975,facebook_combined hgb
0.7217852611469654,0.8761297738608556,0.35,0.6368159203980099,0.0902388457023627,1,node+edge+subgraph,62,1.302529599997797,238.5689685000216,spread_resid,facebook_combined,6,0.7125383418046027,0.8708898182768067,0.375,0.5970149253731343,0.0922568475641362,56,1.733553199999733,238.5689685000216,facebook_combined,-0.009246919342362658,facebook_combined hgb
0.7197327010045527,0.8744782033586831,0.425,0.6218905472636815,0.0911130153798831,1,node+edge+subgraph,62,1.24231200000213,238.5689685000216,spread_resid,facebook_combined,7,0.7065624876032605,0.8660617769731193,0.4,0.5970149253731343,0.0939954998723898,56,1.657673599984264,238.5689685000216,facebook_combined,-0.013170213401292208,facebook_combined hgb
0.717447271582785,0.8716689356382019,0.4,0.6467661691542289,0.0911350789800402,1,node+edge+subgraph,62,1.3068276999983937,238.5689685000216,spread_resid,facebook_combined,8,0.7054742906742301,0.8634250785203318,0.375,0.6218905472636815,0.0937841078898098,56,1.6906225999991875,238.5689685000216,facebook_combined,-0.01197298090855492,facebook_combined hgb
0.7219456610872937,0.8767015007941023,0.375,0.6417910447761194,0.0897881814722584,1,node+edge+subgraph,62,1.2946205999978702,238.5689685000216,spread_resid,facebook_combined,9,0.7105594888100029,0.8683569896733649,0.4,0.5970149253731343,0.0928371501420101,56,1.6497040999820456,238.5689685000216,facebook_combined,-0.011386172277290885,facebook_combined hgb
0.7190900428252075,0.8744847352216436,0.325,0.6318407960199005,0.0896346133646304,1,node+edge+subgraph+dynamic,62,1.278592300004675,238.5689685000216,spread_resid,facebook_combined,0,0.7090539807669451,0.8687203777158685,0.35,0.5920398009950248,0.0931198431731653,56,1.6751548000029288,238.5689685000216,facebook_combined,-0.010036062058262352,facebook_combined hgb
0.7230305340582752,0.8772775397957894,0.375,0.6119402985074627,0.090408305470713,1,node+edge+subgraph+dynamic,62,1.2987037999992026,238.5689685000216,spread_resid,facebook_combined,1,0.711209490280939,0.8702679057292156,0.375,0.6019900497512438,0.0930566799376459,56,1.702497599995695,238.5689685000216,facebook_combined,-0.011821043777336171,facebook_combined hgb
0.7184141550232573,0.8748290037321039,0.35,0.6368159203980099,0.091119704737829,1,node+edge+subgraph+dynamic,62,1.2846167000025162,238.5689685000216,spread_resid,facebook_combined,2,0.7119100646305276,0.8713684296975169,0.35,0.572139303482587,0.0931407706889684,56,1.6664714999787975,238.5689685000216,facebook_combined,-0.0065040903927297,facebook_combined hgb
0.7210650314047461,0.8764831932063121,0.35,0.6417910447761194,0.090067041162407,1,node+edge+subgraph+dynamic,62,1.2569535999937216,238.5689685000216,spread_resid,facebook_combined,3,0.7073991859693166,0.8669719616811444,0.35,0.6019900497512438,0.0932660813178927,56,1.6435719999717548,238.5689685000216,facebook_combined,-0.01366584543542948,facebook_combined hgb
0.7239170025607398,0.8784546963933443,0.35,0.6218905472636815,0.0897596238022141,1,node+edge+subgraph+dynamic,62,1.2507985999982338,238.5689685000216,spread_resid,facebook_combined,4,0.7106834727126575,0.8692529773198506,0.375,0.6019900497512438,0.0934323629135561,56,1.7046686000248883,238.5689685000216,facebook_combined,-0.013233529848082237,facebook_combined hgb
0.7214981503425733,0.8767584132050995,0.3,0.6368159203980099,0.0900428697672248,1,node+edge+subgraph+dynamic,62,1.2469850999987102,238.5689685000216,spread_resid,facebook_combined,5,0.7102462127881223,0.869290438737335,0.325,0.5970149253731343,0.0933495412964727,56,1.659216500003822,238.5689685000216,facebook_combined,-0.011251937554450975,facebook_combined hgb
0.7217852611469654,0.8761297738608556,0.35,0.6368159203980099,0.0902388457023627,1,node+edge+subgraph+dynamic,62,1.2495784999991884,238.5689685000216,spread_resid,facebook_combined,6,0.7125383418046027,0.8708898182768067,0.375,0.5970149253731343,0.0922568475641362,56,1.6439094999805093,238.5689685000216,facebook_combined,-0.009246919342362658,facebook_combined hgb
0.7197327010045527,0.8744782033586831,0.425,0.6218905472636815,0.0911130153798831,1,node+edge+subgraph+dynamic,62,1.2608949999994363,238.5689685000216,spread_resid,facebook_combined,7,0.7065624876032605,0.8660617769731193,0.4,0.5970149253731343,0.0939954998723898,56,1.7246611999871675,238.5689685000216,facebook_combined,-0.013170213401292208,facebook_combined hgb
0.717447271582785,0.8716689356382019,0.4,0.6467661691542289,0.0911350789800402,1,node+edge+subgraph+dynamic,62,1.270523300001514,238.5689685000216,spread_resid,facebook_combined,8,0.7054742906742301,0.8634250785203318,0.375,0.6218905472636815,0.0937841078898098,56,1.676447499979986,238.5689685000216,facebook_combined,-0.01197298090855492,facebook_combined hgb
0.7219456610872937,0.8767015007941023,0.375,0.6417910447761194,0.0897881814722584,1,node+edge+subgraph+dynamic,62,1.3104320999991614,238.5689685000216,spread_resid,facebook_combined,9,0.7105594888100029,0.8683569896733649,0.4,0.5970149253731343,0.0928371501420101,56,1.684717399999499,238.5689685000216,facebook_combined,-0.011386172277290885,facebook_combined hgb
0.9513171362602068,0.9961457363937746,0.75,0.9850746268656716,1.896818345186493,1,node+edge+subgraph,62,1.5562328000014531,238.5689685000216,spread_mean,facebook_combined,0,0.9387929049915852,0.9939942554607852,0.775,0.9900497512437813,1.6790467628862022,56,6.331941199983703,238.5689685000216,facebook_combined,-0.012524231268621566,facebook_combined hgb_matched
0.9511343482684146,0.996187009875038,0.775,0.9800995024875622,1.8057722287402045,1,node+edge+subgraph,62,1.280768500000704,238.5689685000216,spread_mean,facebook_combined,1,0.938054593268828,0.9937046148925148,0.8,0.9800995024875622,2.097261323567617,56,2.107807200023672,238.5689685000216,facebook_combined,-0.01307975499958658,facebook_combined hgb_matched
0.9500769317151996,0.9951412899829356,0.8,0.9900497512437813,1.2941797294396915,1,node+edge+subgraph,62,1.2998709000021336,238.5689685000216,spread_mean,facebook_combined,2,0.9375019357681268,0.9935498865866984,0.825,0.9800995024875622,1.7319776506107485,56,1.9382232000061776,238.5689685000216,facebook_combined,-0.012574995947072787,facebook_combined hgb_matched
0.9498771647363248,0.9950863538987118,0.75,0.9800995024875622,1.6507381698727586,1,node+edge+subgraph,62,1.265304599997762,238.5689685000216,spread_mean,facebook_combined,3,0.9378966949803356,0.992962903709041,0.825,0.9800995024875622,1.9346004976482325,56,1.9595013000071049,238.5689685000216,facebook_combined,-0.01198046975598921,facebook_combined hgb_matched
0.9509374248064136,0.9961530137032444,0.8,0.9800995024875622,2.178121977030909,1,node+edge+subgraph,62,1.3292753999994602,238.5689685000216,spread_mean,facebook_combined,4,0.9386117625237936,0.9940281968997416,0.775,0.9850746268656716,1.9574039229443048,56,2.086789499997394,238.5689685000216,facebook_combined,-0.012325662282619998,facebook_combined hgb_matched
0.9510469975083564,0.99620469919002,0.775,0.9850746268656716,1.6518143674523285,1,node+edge+subgraph,62,1.3448766000001342,238.5689685000216,spread_mean,facebook_combined,5,0.9368652910662932,0.99353155202731,0.8,0.9800995024875622,1.9179813155670908,56,1.8936357999918985,238.5689685000216,facebook_combined,-0.01418170644206318,facebook_combined hgb_matched
0.95105694579086,0.996187682180076,0.775,0.9800995024875622,1.7495652622784907,1,node+edge+subgraph,62,1.4982208000001265,238.5689685000216,spread_mean,facebook_combined,6,0.9382794661131626,0.9937277357183874,0.8,0.9751243781094528,1.9558815215310892,56,2.045165100018494,238.5689685000216,facebook_combined,-0.012777479677697379,facebook_combined hgb_matched
0.9500213637675584,0.995989914683766,0.775,0.9850746268656716,2.025614808141037,1,node+edge+subgraph,62,1.5536363999999594,238.5689685000216,spread_mean,facebook_combined,7,0.9378537521882938,0.9937298781395036,0.775,0.9800995024875622,1.9859983192233364,56,2.0325323000142816,238.5689685000216,facebook_combined,-0.012167611579264603,facebook_combined hgb_matched
0.9508110933253228,0.9960781885280856,0.775,0.9950248756218906,1.9173756761816412,1,node+edge+subgraph,62,1.3877092999973684,238.5689685000216,spread_mean,facebook_combined,8,0.9384748052116356,0.9938627679091506,0.8,0.9950248756218906,1.6090774647148811,56,2.132831900002202,238.5689685000216,facebook_combined,-0.012336288113687144,facebook_combined hgb_matched
0.9501276551947656,0.995998021472001,0.775,0.9900497512437813,2.019368493349123,1,node+edge+subgraph,62,1.3116223999968497,238.5689685000216,spread_mean,facebook_combined,9,0.9379855903254314,0.9937997291862966,0.8,0.9850746268656716,1.6368928968541472,56,2.1577441999979783,238.5689685000216,facebook_combined,-0.012142064869334224,facebook_combined hgb_matched
0.9513171362602068,0.9961457363937746,0.75,0.9850746268656716,1.896818345186493,1,node+edge+subgraph+dynamic,62,1.3680195999986609,238.5689685000216,spread_mean,facebook_combined,0,0.9387929049915852,0.9939942554607852,0.775,0.9900497512437813,1.6790467628862022,56,2.0922297000070103,238.5689685000216,facebook_combined,-0.012524231268621566,facebook_combined hgb_matched
0.9511343482684146,0.996187009875038,0.775,0.9800995024875622,1.8057722287402045,1,node+edge+subgraph+dynamic,62,1.335522100001981,238.5689685000216,spread_mean,facebook_combined,1,0.938054593268828,0.9937046148925148,0.8,0.9800995024875622,2.097261323567617,56,2.07714819998364,238.5689685000216,facebook_combined,-0.01307975499958658,facebook_combined hgb_matched
0.9500769317151996,0.9951412899829356,0.8,0.9900497512437813,1.2941797294396915,1,node+edge+subgraph+dynamic,62,1.2980975000027684,238.5689685000216,spread_mean,facebook_combined,2,0.9375019357681268,0.9935498865866984,0.825,0.9800995024875622,1.7319776506107485,56,1.9679579999938144,238.5689685000216,facebook_combined,-0.012574995947072787,facebook_combined hgb_matched
0.9498771647363248,0.9950863538987118,0.75,0.9800995024875622,1.6507381698727586,1,node+edge+subgraph+dynamic,62,1.3849434000003384,238.5689685000216,spread_mean,facebook_combined,3,0.9378966949803356,0.992962903709041,0.825,0.9800995024875622,1.9346004976482325,56,2.0539481000159867,238.5689685000216,facebook_combined,-0.01198046975598921,facebook_combined hgb_matched
0.9509374248064136,0.9961530137032444,0.8,0.9800995024875622,2.178121977030909,1,node+edge+subgraph+dynamic,62,1.3714060999991489,238.5689685000216,spread_mean,facebook_combined,4,0.9386117625237936,0.9940281968997416,0.775,0.9850746268656716,1.9574039229443048,56,2.1270800000056624,238.5689685000216,facebook_combined,-0.012325662282619998,facebook_combined hgb_matched
0.9510469975083564,0.99620469919002,0.775,0.9850746268656716,1.6518143674523285,1,node+edge+subgraph+dynamic,62,1.3048997999940184,238.5689685000216,spread_mean,facebook_combined,5,0.9368652910662932,0.99353155202731,0.8,0.9800995024875622,1.9179813155670908,56,2.1402462999976706,238.5689685000216,facebook_combined,-0.01418170644206318,facebook_combined hgb_matched
0.95105694579086,0.996187682180076,0.775,0.9800995024875622,1.7495652622784907,1,node+edge+subgraph+dynamic,62,1.3252779000031296,238.5689685000216,spread_mean,facebook_combined,6,0.9382794661131626,0.9937277357183874,0.8,0.9751243781094528,1.9558815215310892,56,2.105673999991268,238.5689685000216,facebook_combined,-0.012777479677697379,facebook_combined hgb_matched
0.9500213637675584,0.995989914683766,0.775,0.9850746268656716,2.025614808141037,1,node+edge+subgraph+dynamic,62,1.3967588000014075,238.5689685000216,spread_mean,facebook_combined,7,0.9378537521882938,0.9937298781395036,0.775,0.9800995024875622,1.9859983192233364,56,2.052200999984052,238.5689685000216,facebook_combined,-0.012167611579264603,facebook_combined hgb_matched
0.9508110933253228,0.9960781885280856,0.775,0.9950248756218906,1.9173756761816412,1,node+edge+subgraph+dynamic,62,1.3253504000022076,238.5689685000216,spread_mean,facebook_combined,8,0.9384748052116356,0.9938627679091506,0.8,0.9950248756218906,1.6090774647148811,56,1.8808616000169425,238.5689685000216,facebook_combined,-0.012336288113687144,facebook_combined hgb_matched
0.9501276551947656,0.995998021472001,0.775,0.9900497512437813,2.019368493349123,1,node+edge+subgraph+dynamic,62,1.360960799996974,238.5689685000216,spread_mean,facebook_combined,9,0.9379855903254314,0.9937997291862966,0.8,0.9850746268656716,1.6368928968541472,56,1.9248462000105064,238.5689685000216,facebook_combined,-0.012142064869334224,facebook_combined hgb_matched
0.8288143409529936,0.943257800080346,0.6,0.9154228855721394,0.3167979728003683,1,node+edge+subgraph,62,1.1222692000010284,238.5689685000216,spread_cv,facebook_combined,0,0.820630148350233,0.939697396577887,0.625,0.9104477611940298,0.3412843765705091,56,2.0414793000090867,238.5689685000216,facebook_combined,-0.008184192602760598,facebook_combined hgb_matched
0.8304740023338095,0.944208027833598,0.65,0.9154228855721394,0.3173760415862229,1,node+edge+subgraph,62,1.1179084999967015,238.5689685000216,spread_cv,facebook_combined,1,0.8231946272074173,0.9407706216100664,0.625,0.9154228855721394,0.339423141274579,56,1.958723599993391,238.5689685000216,facebook_combined,-0.007279375126392207,facebook_combined hgb_matched
0.8271500030179766,0.9416636546238504,0.525,0.9154228855721394,0.3229639972851191,1,node+edge+subgraph,62,1.119769600001746,238.5689685000216,spread_cv,facebook_combined,2,0.8216136189423237,0.9396683096717856,0.625,0.9054726368159204,0.347979667599422,56,1.9984523000021,238.5689685000216,facebook_combined,-0.005536384075652934,facebook_combined hgb_matched
0.8289127313992414,0.943372336067374,0.6,0.9054726368159204,0.3183195294931986,1,node+edge+subgraph,62,1.1557434999995166,238.5689685000216,spread_cv,facebook_combined,3,0.8227699402069752,0.9402393730694864,0.575,0.9054726368159204,0.3416602489101943,56,1.9943893000017847,238.5689685000216,facebook_combined,-0.006142791192266128,facebook_combined hgb_matched
0.8318287558242218,0.9443760281670444,0.625,0.9154228855721394,0.3106415420132067,1,node+edge+subgraph,62,1.1022793000011006,238.5689685000216,spread_cv,facebook_combined,4,0.8222899668857809,0.9393815270508376,0.575,0.9054726368159204,0.3428300557602555,56,2.050493499991717,238.5689685000216,facebook_combined,-0.009538788938440845,facebook_combined hgb_matched
0.8313676400387461,0.9442204038092672,0.55,0.9104477611940298,0.312597518855859,1,node+edge+subgraph,62,1.1782166000048164,238.5689685000216,spread_cv,facebook_combined,5,0.8245236681602772,0.9413830036152536,0.575,0.9054726368159204,0.3412119256810028,56,1.864514799992321,238.5689685000216,facebook_combined,-0.0068439718784688575,facebook_combined hgb_matched
0.8274505750198065,0.942150442594603,0.575,0.9154228855721394,0.3230080669477212,1,node+edge+subgraph,62,1.1839250000048196,238.5689685000216,spread_cv,facebook_combined,6,0.8222887431593989,0.9396554893641608,0.6,0.9054726368159204,0.3448538221040169,56,1.8787236000061969,238.5689685000216,facebook_combined,-0.005161831860407529,facebook_combined hgb_matched
0.8259241051399812,0.9409771965031468,0.625,0.9154228855721394,0.3171797531344136,1,node+edge+subgraph,62,1.1511981000003289,238.5689685000216,spread_cv,facebook_combined,7,0.8219654774485589,0.94004224974086,0.575,0.9154228855721394,0.3418370132296727,56,1.8978397000173568,238.5689685000216,facebook_combined,-0.003958627691422301,facebook_combined hgb_matched
0.830493970081232,0.9436185005559308,0.6,0.9104477611940298,0.3133312270280927,1,node+edge+subgraph,62,1.210429300001124,238.5689685000216,spread_cv,facebook_combined,8,0.8221990235570793,0.939893147579232,0.625,0.9104477611940298,0.3394273373912907,56,1.895756200014148,238.5689685000216,facebook_combined,-0.008294946524152746,facebook_combined hgb_matched
0.8315799013214856,0.945187174200865,0.625,0.9154228855721394,0.3064723521798958,1,node+edge+subgraph,62,1.1302361999987625,238.5689685000216,spread_cv,facebook_combined,9,0.8227272660678651,0.9409264988523744,0.625,0.9154228855721394,0.3351857170672701,56,1.9832486000086649,238.5689685000216,facebook_combined,-0.008852635253620567,facebook_combined hgb_matched
0.8288143409529936,0.943257800080346,0.6,0.9154228855721394,0.3167979728003683,1,node+edge+subgraph+dynamic,62,1.11120210000081,238.5689685000216,spread_cv,facebook_combined,0,0.820630148350233,0.939697396577887,0.625,0.9104477611940298,0.3412843765705091,56,1.8735312000208069,238.5689685000216,facebook_combined,-0.008184192602760598,facebook_combined hgb_matched
0.8304740023338095,0.944208027833598,0.65,0.9154228855721394,0.3173760415862229,1,node+edge+subgraph+dynamic,62,1.1799662999983411,238.5689685000216,spread_cv,facebook_combined,1,0.8231946272074173,0.9407706216100664,0.625,0.9154228855721394,0.339423141274579,56,1.9463892000203489,238.5689685000216,facebook_combined,-0.007279375126392207,facebook_combined hgb_matched
0.8271500030179766,0.9416636546238504,0.525,0.9154228855721394,0.3229639972851191,1,node+edge+subgraph+dynamic,62,1.125933299997996,238.5689685000216,spread_cv,facebook_combined,2,0.8216136189423237,0.9396683096717856,0.625,0.9054726368159204,0.347979667599422,56,1.9153960999974515,238.5689685000216,facebook_combined,-0.005536384075652934,facebook_combined hgb_matched
0.8289127313992414,0.943372336067374,0.6,0.9054726368159204,0.3183195294931986,1,node+edge+subgraph+dynamic,62,1.14610040000116,238.5689685000216,spread_cv,facebook_combined,3,0.8227699402069752,0.9402393730694864,0.575,0.9054726368159204,0.3416602489101943,56,1.999621599999955,238.5689685000216,facebook_combined,-0.006142791192266128,facebook_combined hgb_matched
0.8318287558242218,0.9443760281670444,0.625,0.9154228855721394,0.3106415420132067,1,node+edge+subgraph+dynamic,62,1.269447200000286,238.5689685000216,spread_cv,facebook_combined,4,0.8222899668857809,0.9393815270508376,0.575,0.9054726368159204,0.3428300557602555,56,1.98563560002367,238.5689685000216,facebook_combined,-0.009538788938440845,facebook_combined hgb_matched
0.8313676400387461,0.9442204038092672,0.55,0.9104477611940298,0.312597518855859,1,node+edge+subgraph+dynamic,62,1.2014120000021649,238.5689685000216,spread_cv,facebook_combined,5,0.8245236681602772,0.9413830036152536,0.575,0.9054726368159204,0.3412119256810028,56,1.9308883000048809,238.5689685000216,facebook_combined,-0.0068439718784688575,facebook_combined hgb_matched
0.8274505750198065,0.942150442594603,0.575,0.9154228855721394,0.3230080669477212,1,node+edge+subgraph+dynamic,62,1.097893899997871,238.5689685000216,spread_cv,facebook_combined,6,0.8222887431593989,0.9396554893641608,0.6,0.9054726368159204,0.3448538221040169,56,1.8949344000138808,238.5689685000216,facebook_combined,-0.005161831860407529,facebook_combined hgb_matched
0.8259241051399812,0.9409771965031468,0.625,0.9154228855721394,0.3171797531344136,1,node+edge+subgraph+dynamic,62,1.1175764999934472,238.5689685000216,spread_cv,facebook_combined,7,0.8219654774485589,0.94004224974086,0.575,0.9154228855721394,0.3418370132296727,56,1.9776991000107955,238.5689685000216,facebook_combined,-0.003958627691422301,facebook_combined hgb_matched
0.830493970081232,0.9436185005559308,0.6,0.9104477611940298,0.3133312270280927,1,node+edge+subgraph+dynamic,62,1.158290300001681,238.5689685000216,spread_cv,facebook_combined,8,0.8221990235570793,0.939893147579232,0.625,0.9104477611940298,0.3394273373912907,56,2.1210579999897163,238.5689685000216,facebook_combined,-0.008294946524152746,facebook_combined hgb_matched
0.8315799013214856,0.945187174200865,0.625,0.9154228855721394,0.3064723521798958,1,node+edge+subgraph+dynamic,62,1.145695600003819,238.5689685000216,spread_cv,facebook_combined,9,0.8227272660678651,0.9409264988523744,0.625,0.9154228855721394,0.3351857170672701,56,1.925445000000764,238.5689685000216,facebook_combined,-0.008852635253620567,facebook_combined hgb_matched
0.4914609983701183,0.64364535161848,0.45,0.4129353233830846,51096.7522231913,1,node+edge+subgraph,62,1.073712199999136,238.5689685000216,betweenness,facebook_combined,0,0.5164643141162428,0.6648041310505055,0.425,0.417910447761194,50225.02629061422,56,1.5716424999991432,238.5689685000216,facebook_combined,0.02500331574612452,facebook_combined hgb_matched
0.5089718144383274,0.6640941811279284,0.425,0.4527363184079602,54394.20606432277,1,node+edge+subgraph,62,1.0011505000002217,238.5689685000216,betweenness,facebook_combined,1,0.5224868417434645,0.6743213752084026,0.4,0.4825870646766169,56459.47425859039,56,1.5653809999930672,238.5689685000216,facebook_combined,0.013515027305137095,facebook_combined hgb_matched
0.5071093785556477,0.6597390757011641,0.425,0.4626865671641791,52431.81047926863,1,node+edge+subgraph,62,1.0175963000001502,238.5689685000216,betweenness,facebook_combined,2,0.5166566947032855,0.6678435982860867,0.425,0.472636815920398,52727.486729364064,56,1.526328499981901,238.5689685000216,facebook_combined,0.009547316147637708,facebook_combined hgb_matched
0.4946553888372149,0.6396842809541914,0.425,0.4626865671641791,54006.295651002176,1,node+edge+subgraph,62,1.0690487000028952,238.5689685000216,betweenness,facebook_combined,3,0.4955044658717294,0.647323440839245,0.425,0.4626865671641791,53844.04762464943,56,1.5237015999737196,238.5689685000216,facebook_combined,0.0008490770345145338,facebook_combined hgb_matched
0.5232910556110598,0.6831419021813693,0.425,0.4925373134328358,66111.78857971306,1,node+edge+subgraph,62,0.9976907999953256,238.5689685000216,betweenness,facebook_combined,4,0.5261501675868044,0.6821129564665958,0.45,0.4776119402985074,66507.84135117309,56,1.5504119000106584,238.5689685000216,facebook_combined,0.0028591119757446215,facebook_combined hgb_matched
0.4981719488941452,0.6457504139580013,0.45,0.4776119402985074,50740.00061973096,1,node+edge+subgraph,62,1.0459485000028508,238.5689685000216,betweenness,facebook_combined,5,0.508038405302679,0.6545690970431528,0.425,0.472636815920398,51520.08865532419,56,1.578392099996563,238.5689685000216,facebook_combined,0.009866456408533786,facebook_combined hgb_matched
0.4751834192773188,0.6149793723223449,0.45,0.3830845771144278,58552.93371262992,1,node+edge+subgraph,62,1.0385634999984177,238.5689685000216,betweenness,facebook_combined,6,0.5003525076789236,0.6504633786484556,0.45,0.417910447761194,58623.57231040471,56,1.567911400023149,238.5689685000216,facebook_combined,0.02516908840160481,facebook_combined hgb_matched
0.4971581013082826,0.6469519377695698,0.45,0.4477611940298507,49909.71968717602,1,node+edge+subgraph,62,1.083539799998107,238.5689685000216,betweenness,facebook_combined,7,0.5079127811438992,0.6597174062082609,0.475,0.4378109452736318,50565.69040231672,56,1.5499438999977428,238.5689685000216,facebook_combined,0.010754679835616565,facebook_combined hgb_matched
0.4859851975886849,0.635846442957666,0.475,0.4875621890547263,49713.107883216486,1,node+edge+subgraph,62,1.2404223999983517,238.5689685000216,betweenness,facebook_combined,8,0.5066450977335931,0.6617817564285436,0.5,0.4427860696517413,49489.5979053165,56,1.5538235999993049,238.5689685000216,facebook_combined,0.020659900144908205,facebook_combined hgb_matched
0.505289053833388,0.661689660454862,0.45,0.4328358208955223,67401.44021271353,1,node+edge+subgraph,62,1.2279631000055815,238.5689685000216,betweenness,facebook_combined,9,0.5124069302477023,0.6678982090233243,0.475,0.4378109452736318,67174.20426341449,56,1.6227304000058211,238.5689685000216,facebook_combined,0.0071178764143143836,facebook_combined hgb_matched
0.4914609983701183,0.64364535161848,0.45,0.4129353233830846,51096.7522231913,1,node+edge+subgraph+dynamic,62,1.0575548999986495,238.5689685000216,betweenness,facebook_combined,0,0.5164643141162428,0.6648041310505055,0.425,0.417910447761194,50225.02629061422,56,1.5196446999907494,238.5689685000216,facebook_combined,0.02500331574612452,facebook_combined hgb_matched
0.5089718144383274,0.6640941811279284,0.425,0.4527363184079602,54394.20606432277,1,node+edge+subgraph+dynamic,62,1.0739767000050051,238.5689685000216,betweenness,facebook_combined,1,0.5224868417434645,0.6743213752084026,0.4,0.4825870646766169,56459.47425859039,56,1.5785264000005554,238.5689685000216,facebook_combined,0.013515027305137095,facebook_combined hgb_matched
0.5071093785556477,0.6597390757011641,0.425,0.4626865671641791,52431.81047926863,1,node+edge+subgraph+dynamic,62,0.9804937000008068,238.5689685000216,betweenness,facebook_combined,2,0.5166566947032855,0.6678435982860867,0.425,0.472636815920398,52727.486729364064,56,1.568421899981331,238.5689685000216,facebook_combined,0.009547316147637708,facebook_combined hgb_matched
0.4946553888372149,0.6396842809541914,0.425,0.4626865671641791,54006.295651002176,1,node+edge+subgraph+dynamic,62,0.9950178999933996,238.5689685000216,betweenness,facebook_combined,3,0.4955044658717294,0.647323440839245,0.425,0.4626865671641791,53844.04762464943,56,1.5486327999969944,238.5689685000216,facebook_combined,0.0008490770345145338,facebook_combined hgb_matched
0.5232910556110598,0.6831419021813693,0.425,0.4925373134328358,66111.78857971306,1,node+edge+subgraph+dynamic,62,1.171182999998564,238.5689685000216,betweenness,facebook_combined,4,0.5261501675868044,0.6821129564665958,0.45,0.4776119402985074,66507.84135117309,56,1.5779975000186823,238.5689685000216,facebook_combined,0.0028591119757446215,facebook_combined hgb_matched
0.4981719488941452,0.6457504139580013,0.45,0.4776119402985074,50740.00061973096,1,node+edge+subgraph+dynamic,62,1.2604427999976906,238.5689685000216,betweenness,facebook_combined,5,0.508038405302679,0.6545690970431528,0.425,0.472636815920398,51520.08865532419,56,1.546461999998428,238.5689685000216,facebook_combined,0.009866456408533786,facebook_combined hgb_matched
0.4751834192773188,0.6149793723223449,0.45,0.3830845771144278,58552.93371262992,1,node+edge+subgraph+dynamic,62,1.2422552999996697,238.5689685000216,betweenness,facebook_combined,6,0.5003525076789236,0.6504633786484556,0.45,0.417910447761194,58623.57231040471,56,1.5506504999939352,238.5689685000216,facebook_combined,0.02516908840160481,facebook_combined hgb_matched
0.4971581013082826,0.6469519377695698,0.45,0.4477611940298507,49909.71968717602,1,node+edge+subgraph+dynamic,62,1.1286513000013656,238.5689685000216,betweenness,facebook_combined,7,0.5079127811438992,0.6597174062082609,0.475,0.4378109452736318,50565.69040231672,56,1.5509229000017513,238.5689685000216,facebook_combined,0.010754679835616565,facebook_combined hgb_matched
0.4859851975886849,0.635846442957666,0.475,0.4875621890547263,49713.107883216486,1,node+edge+subgraph+dynamic,62,1.079357100003108,238.5689685000216,betweenness,facebook_combined,8,0.5066450977335931,0.6617817564285436,0.5,0.4427860696517413,49489.5979053165,56,1.5644195000058971,238.5689685000216,facebook_combined,0.020659900144908205,facebook_combined hgb_matched
0.505289053833388,0.661689660454862,0.45,0.4328358208955223,67401.44021271353,1,node+edge+subgraph+dynamic,62,1.0587279999963355,238.5689685000216,betweenness,facebook_combined,9,0.5124069302477023,0.6678982090233243,0.475,0.4378109452736318,67174.20426341449,56,1.561908500007121,238.5689685000216,facebook_combined,0.0071178764143143836,facebook_combined hgb_matched
0.72318022574612,0.8771161957925404,0.375,0.6368159203980099,0.0897450673863103,1,node+edge+subgraph,62,1.210319799996796,238.5689685000216,spread_resid,facebook_combined,0,0.7122382476556105,0.8711460952939495,0.375,0.5870646766169154,0.0926443960098063,56,2.155827699985821,238.5689685000216,facebook_combined,-0.010941978090509452,facebook_combined hgb_matched
0.7239858845426939,0.8773575619183707,0.35,0.6268656716417911,0.0908114852358259,1,node+edge+subgraph,62,1.1677324999982377,238.5689685000216,spread_resid,facebook_combined,1,0.7111059224921248,0.8698055573838104,0.325,0.5970149253731343,0.0925417680356748,56,1.9667253000079652,238.5689685000216,facebook_combined,-0.012879962050569072,facebook_combined hgb_matched
0.7234946807318909,0.8778693871105299,0.325,0.6119402985074627,0.091539832824674,1,node+edge+subgraph,62,1.1869512999983272,238.5689685000216,spread_resid,facebook_combined,2,0.7150224940582172,0.8732761134019783,0.375,0.5771144278606966,0.0926643378148366,56,2.050807399995392,238.5689685000216,facebook_combined,-0.008472186673673776,facebook_combined hgb_matched
0.7268514814067035,0.8798175950688804,0.35,0.6368159203980099,0.0897510288027341,1,node+edge+subgraph,62,1.1066489000004367,238.5689685000216,spread_resid,facebook_combined,3,0.7139735414163552,0.8719795734324038,0.325,0.5970149253731343,0.0920264343222792,56,1.9681654000014528,238.5689685000216,facebook_combined,-0.012877939990348364,facebook_combined hgb_matched
0.7251952164677262,0.8780058218419615,0.375,0.6268656716417911,0.0904091670128502,1,node+edge+subgraph,62,1.3288091999929748,238.5689685000216,spread_resid,facebook_combined,4,0.715883542707714,0.8729279098788202,0.35,0.6019900497512438,0.0921703306677759,56,2.086942900001304,238.5689685000216,facebook_combined,-0.009311673760012185,facebook_combined hgb_matched
0.7248704243539299,0.8777267378176651,0.35,0.6616915422885572,0.089783140928137,1,node+edge+subgraph,62,1.3219320999996853,238.5689685000216,spread_resid,facebook_combined,5,0.7121085551982012,0.8708279341064801,0.3,0.6218905472636815,0.0927575437905106,56,2.635364299989305,238.5689685000216,facebook_combined,-0.012761869155728744,facebook_combined hgb_matched
0.7251686609503442,0.8784016409333626,0.325,0.6318407960199005,0.0903244711317409,1,node+edge+subgraph,62,1.3222300999987056,238.5689685000216,spread_resid,facebook_combined,6,0.7156574125181624,0.8726087940236775,0.275,0.6069651741293532,0.0923065583168283,56,2.158579400012968,238.5689685000216,facebook_combined,-0.009511248432181763,facebook_combined hgb_matched
0.7227586440317828,0.8758617527936269,0.425,0.6417910447761194,0.0907827433450952,1,node+edge+subgraph,62,1.175634800005355,238.5689685000216,spread_resid,facebook_combined,7,0.7090830785999238,0.8680158550303202,0.35,0.6119402985074627,0.0938609742039028,56,1.9859299000236208,238.5689685000216,facebook_combined,-0.013675565431858994,facebook_combined hgb_matched
0.7162820180225863,0.8703450319888828,0.4,0.6268656716417911,0.0925951273022568,1,node+edge+subgraph,62,1.1422110999992583,238.5689685000216,spread_resid,facebook_combined,8,0.7054592780977584,0.8641910632223401,0.35,0.6169154228855721,0.0943812720715205,56,2.039135400002124,238.5689685000216,facebook_combined,-0.010822739924827851,facebook_combined hgb_matched
0.7250146941549672,0.8781914327102186,0.35,0.6417910447761194,0.0897413579468209,1,node+edge+subgraph,62,1.1288703000027454,238.5689685000216,spread_resid,facebook_combined,9,0.715245698897908,0.8723726171290221,0.35,0.6119402985074627,0.0915654785547119,56,2.089088700013235,238.5689685000216,facebook_combined,-0.00976899525705921,facebook_combined hgb_matched
0.72318022574612,0.8771161957925404,0.375,0.6368159203980099,0.0897450673863103,1,node+edge+subgraph+dynamic,62,1.121114800000214,238.5689685000216,spread_resid,facebook_combined,0,0.7122382476556105,0.8711460952939495,0.375,0.5870646766169154,0.0926443960098063,56,2.037041999981738,238.5689685000216,facebook_combined,-0.010941978090509452,facebook_combined hgb_matched
0.7239858845426939,0.8773575619183707,0.35,0.6268656716417911,0.0908114852358259,1,node+edge+subgraph+dynamic,62,1.175295900000492,238.5689685000216,spread_resid,facebook_combined,1,0.7111059224921248,0.8698055573838104,0.325,0.5970149253731343,0.0925417680356748,56,2.1088355000247248,238.5689685000216,facebook_combined,-0.012879962050569072,facebook_combined hgb_matched
0.7234946807318909,0.8778693871105299,0.325,0.6119402985074627,0.091539832824674,1,node+edge+subgraph+dynamic,62,1.1185139000008348,238.5689685000216,spread_resid,facebook_combined,2,0.7150224940582172,0.8732761134019783,0.375,0.5771144278606966,0.0926643378148366,56,2.4393523999897297,238.5689685000216,facebook_combined,-0.008472186673673776,facebook_combined hgb_matched
0.7268514814067035,0.8798175950688804,0.35,0.6368159203980099,0.0897510288027341,1,node+edge+subgraph+dynamic,62,1.12627860000066,238.5689685000216,spread_resid,facebook_combined,3,0.7139735414163552,0.8719795734324038,0.325,0.5970149253731343,0.0920264343222792,56,1.8992136000015307,238.5689685000216,facebook_combined,-0.012877939990348364,facebook_combined hgb_matched
0.7251952164677262,0.8780058218419615,0.375,0.6268656716417911,0.0904091670128502,1,node+edge+subgraph+dynamic,62,1.201480099996843,238.5689685000216,spread_resid,facebook_combined,4,0.715883542707714,0.8729279098788202,0.35,0.6019900497512438,0.0921703306677759,56,1.9389151000068523,238.5689685000216,facebook_combined,-0.009311673760012185,facebook_combined hgb_matched
0.7248704243539299,0.8777267378176651,0.35,0.6616915422885572,0.089783140928137,1,node+edge+subgraph+dynamic,62,1.1812397000030614,238.5689685000216,spread_resid,facebook_combined,5,0.7121085551982012,0.8708279341064801,0.3,0.6218905472636815,0.0927575437905106,56,1.873240699991584,238.5689685000216,facebook_combined,-0.012761869155728744,facebook_combined hgb_matched
0.7251686609503442,0.8784016409333626,0.325,0.6318407960199005,0.0903244711317409,1,node+edge+subgraph+dynamic,62,1.1515838999985135,238.5689685000216,spread_resid,facebook_combined,6,0.7156574125181624,0.8726087940236775,0.275,0.6069651741293532,0.0923065583168283,56,1.9266509999870325,238.5689685000216,facebook_combined,-0.009511248432181763,facebook_combined hgb_matched
0.7227586440317828,0.8758617527936269,0.425,0.6417910447761194,0.0907827433450952,1,node+edge+subgraph+dynamic,62,1.1337065000043367,238.5689685000216,spread_resid,facebook_combined,7,0.7090830785999238,0.8680158550303202,0.35,0.6119402985074627,0.0938609742039028,56,1.8689574000018183,238.5689685000216,facebook_combined,-0.013675565431858994,facebook_combined hgb_matched
0.7162820180225863,0.8703450319888828,0.4,0.6268656716417911,0.0925951273022568,1,node+edge+subgraph+dynamic,62,1.1370155999975395,238.5689685000216,spread_resid,facebook_combined,8,0.7054592780977584,0.8641910632223401,0.35,0.6169154228855721,0.0943812720715205,56,2.0576556000160053,238.5689685000216,facebook_combined,-0.010822739924827851,facebook_combined hgb_matched
0.7250146941549672,0.8781914327102186,0.35,0.6417910447761194,0.0897413579468209,1,node+edge+subgraph+dynamic,62,1.151819799997611,238.5689685000216,spread_resid,facebook_combined,9,0.715245698897908,0.8723726171290221,0.35,0.6119402985074627,0.0915654785547119,56,1.9163457000104245,238.5689685000216,facebook_combined,-0.00976899525705921,facebook_combined hgb_matched
0.8126583847017647,0.92560875254843,0.575,0.5771144278606966,70823.52291514937,1,node+edge+subgraph,62,8.268864800000301,238.5689685000216,betweenness,facebook_combined,0,0.8100346818993899,0.92390957789549,0.575,0.582089552238806,70561.72303140491,56,4.984596499998588,238.5689685000216,facebook_combined,-0.0026237028023747833,facebook_combined rf_log1p
0.8143144533617869,0.9269259273911976,0.525,0.5920398009950248,63337.46439430762,1,node+edge+subgraph,62,7.634482800000114,238.5689685000216,betweenness,facebook_combined,1,0.8093345801526148,0.9234224373051156,0.55,0.5621890547263682,63248.09399372559,56,5.215577199996915,238.5689685000216,facebook_combined,-0.004979873209172037,facebook_combined rf_log1p
0.8106468260239003,0.9248986546805515,0.55,0.5920398009950248,59795.18197600377,1,node+edge+subgraph,62,8.36786790000042,238.5689685000216,betweenness,facebook_combined,2,0.8067838172842898,0.922222448083032,0.575,0.582089552238806,59394.38984554377,56,5.083786099974532,238.5689685000216,facebook_combined,-0.0038630087396104296,facebook_combined rf_log1p
0.813881752476462,0.9271538570301588,0.6,0.5771144278606966,65217.79127148192,1,node+edge+subgraph,62,399.5251120000012,238.5689685000216,betweenness,facebook_combined,3,0.8095361881922781,0.9243940388285417,0.575,0.5572139303482587,65714.83592406976,56,5.147713999991538,238.5689685000216,facebook_combined,-0.004345564284183867,facebook_combined rf_log1p
0.8133245505322114,0.9264398770081932,0.575,0.6019900497512438,81594.6411895698,1,node+edge+subgraph,62,4267.3477164,238.5689685000216,betweenness,facebook_combined,4,0.8098154747343534,0.9243290489876927,0.575,0.5970149253731343,81713.940453429,56,5.107969400007278,238.5689685000216,facebook_combined,-0.0035090757978579745,facebook_combined rf_log1p
0.8135978020839137,0.9258360679664436,0.6,0.5920398009950248,63611.69323436792,1,node+edge+subgraph,62,7.760732900000221,238.5689685000216,betweenness,facebook_combined,5,0.808691287549412,0.9224272791299832,0.575,0.5920398009950248,63473.61127744178,56,5.1489036999992095,238.5689685000216,facebook_combined,-0.004906514534501749,facebook_combined rf_log1p
0.8128737031315576,0.9264292945148308,0.575,0.5572139303482587,67284.0851633333,1,node+edge+subgraph,62,24257.5448289,238.5689685000216,betweenness,facebook_combined,6,0.8083892249036975,0.923654791391551,0.575,0.5522388059701493,67673.37179455342,56,5.1315729999914765,238.5689685000216,facebook_combined,-0.004484478227860134,facebook_combined rf_log1p
0.815921038809415,0.9284860555049056,0.575,0.5870646766169154,67009.56218462264,1,node+edge+subgraph,62,8.772044299999834,238.5689685000216,betweenness,facebook_combined,7,0.8105435475026925,0.9252058312724752,0.6,0.582089552238806,65888.68113019761,56,5.185182499990333,238.5689685000216,facebook_combined,-0.005377491306722493,facebook_combined rf_log1p
0.8145300140568122,0.9274020781681916,0.55,0.5771144278606966,64249.61278583395,1,node+edge+subgraph,62,6.160750000002736,238.5689685000216,betweenness,facebook_combined,8,0.8097108301603391,0.924441497922416,0.55,0.5771144278606966,65549.64301862437,56,5.069878300011624,238.5689685000216,facebook_combined,-0.004819183896473178,facebook_combined rf_log1p
0.8165046094285565,0.9277936713312968,0.65,0.5920398009950248,84070.26460596679,1,node+edge+subgraph,62,5.007628799998201,238.5689685000216,betweenness,facebook_combined,9,0.8126485088443219,0.925408367031926,0.65,0.5771144278606966,84924.93229830902,56,4.938036199979251,238.5689685000216,facebook_combined,-0.0038561005842345786,facebook_combined rf_log1p
0.8126583847017647,0.92560875254843,0.575,0.5771144278606966,70823.52291514937,1,node+edge+subgraph+dynamic,62,4.436830200000259,238.5689685000216,betweenness,facebook_combined,0,0.8100346818993899,0.92390957789549,0.575,0.582089552238806,70561.72303140486,56,5.217656499997247,238.5689685000216,facebook_combined,-0.0026237028023747833,facebook_combined rf_log1p
0.8143144533617869,0.9269259273911976,0.525,0.5920398009950248,63337.46439430761,1,node+edge+subgraph+dynamic,62,4.316881699996884,238.5689685000216,betweenness,facebook_combined,1,0.8093345801526148,0.9234224373051156,0.55,0.5621890547263682,63248.09399372558,56,5.039492400013842,238.5689685000216,facebook_combined,-0.004979873209172037,facebook_combined rf_log1p
0.8106468260239003,0.9248986546805515,0.55,0.5920398009950248,59795.181976003776,1,node+edge+subgraph+dynamic,62,5.060003099999449,238.5689685000216,betweenness,facebook_combined,2,0.8067838172842898,0.922222448083032,0.575,0.582089552238806,59394.3898455438,56,5.033203200000571,238.5689685000216,facebook_combined,-0.0038630087396104296,facebook_combined rf_log1p
0.813881752476462,0.9271538570301588,0.6,0.5771144278606966,65217.7912714819,1,node+edge+subgraph+dynamic,62,5.480886099998315,238.5689685000216,betweenness,facebook_combined,3,0.8095361881922781,0.9243940388285417,0.575,0.5572139303482587,65714.83592406976,56,5.072289200004889,238.5689685000216,facebook_combined,-0.004345564284183867,facebook_combined rf_log1p
0.8133245505322114,0.9264398770081932,0.575,0.6019900497512438,81594.64118956978,1,node+edge+subgraph+dynamic,62,5.044571300000825,238.5689685000216,betweenness,facebook_combined,4,0.8098154747343534,0.9243290489876927,0.575,0.5970149253731343,81713.940453429,56,4.939552199997706,238.5689685000216,facebook_combined,-0.0035090757978579745,facebook_combined rf_log1p
0.8135978020839137,0.9258360679664436,0.6,0.5920398009950248,63611.69323436784,1,node+edge+subgraph+dynamic,62,5.012573799998791,238.5689685000216,betweenness,facebook_combined,5,0.808691287549412,0.9224272791299832,0.575,0.5920398009950248,63473.611277441785,56,5.161995300004492,238.5689685000216,facebook_combined,-0.004906514534501749,facebook_combined rf_log1p
0.8128737031315576,0.9264292945148308,0.575,0.5572139303482587,67284.08516333334,1,node+edge+subgraph+dynamic,62,4.536557300001732,238.5689685000216,betweenness,facebook_combined,6,0.8083892249036975,0.923654791391551,0.575,0.5522388059701493,67673.37179455343,56,5.0692081000015605,238.5689685000216,facebook_combined,-0.004484478227860134,facebook_combined rf_log1p
0.815921038809415,0.9284860555049056,0.575,0.5870646766169154,67009.56218462263,1,node+edge+subgraph+dynamic,62,4.357174800003122,238.5689685000216,betweenness,facebook_combined,7,0.8105435475026925,0.9252058312724752,0.6,0.582089552238806,65888.68113019761,56,5.14257510000607,238.5689685000216,facebook_combined,-0.005377491306722493,facebook_combined rf_log1p
0.8145300140568122,0.9274020781681916,0.55,0.5771144278606966,64249.61278583396,1,node+edge+subgraph+dynamic,62,4.769916800003557,238.5689685000216,betweenness,facebook_combined,8,0.8097108301603391,0.924441497922416,0.55,0.5771144278606966,65549.6430186244,56,5.210113499982981,238.5689685000216,facebook_combined,-0.004819183896473178,facebook_combined rf_log1p
0.8165046094285565,0.9277936713312968,0.65,0.5920398009950248,84070.26460596679,1,node+edge+subgraph+dynamic,62,4.568143399999826,238.5689685000216,betweenness,facebook_combined,9,0.8126485088443219,0.925408367031926,0.65,0.5771144278606966,84924.93229830902,56,5.074572300014552,238.5689685000216,facebook_combined,-0.0038561005842345786,facebook_combined rf_log1p
0.7551217181595019,0.9048679439948044,0.8,1.0,1.4241749893965574,1,node+edge+subgraph,62,0.3685471999997389,238.5689685000216,spread_mean,facebook_combined,0,0.5612907756744345,0.7283086387114713,0.75,0.9950248756218906,6.27689631924395,56,0.3371590999886393,238.5689685000216,facebook_combined,-0.19383094248506738,facebook_combined ridge
0.7570483002477089,0.9066312501433784,0.85,1.0,1.283912088957504,1,node+edge+subgraph,62,0.3729975000023842,238.5689685000216,spread_mean,facebook_combined,1,0.5710335299389097,0.7374660608648649,0.725,0.9950248756218906,12.36709475520426,56,0.380152800003998,238.5689685000216,facebook_combined,-0.1860147703087992,facebook_combined ridge
0.7661868320492823,0.9137998892824082,0.85,1.0,1.397872142292528,1,node+edge+subgraph,62,0.3900826999961282,238.5689685000216,spread_mean,facebook_combined,2,0.5609711849547013,0.72882393781829,0.7,0.9900497512437813,2.7098107491448298,56,0.3855003000062424,238.5689685000216,facebook_combined,-0.20521564709458096,facebook_combined ridge
0.7577731947962112,0.9076069423804192,0.85,1.0,1.2383762416251782,1,node+edge+subgraph,62,0.3780335999981616,238.5689685000216,spread_mean,facebook_combined,3,0.5708056569589486,0.7361298875339863,0.725,0.9850746268656716,4.771691941518772,56,0.3346258999954443,238.5689685000216,facebook_combined,-0.1869675378372626,facebook_combined ridge
0.7476642500605067,0.900979501976614,0.85,0.9950248756218906,1.9824857295054112,1,node+edge+subgraph,62,0.3757217999955173,238.5689685000216,spread_mean,facebook_combined,4,0.5548222264578062,0.7235414708598316,0.675,0.9950248756218906,9.374794837943544,56,0.3432131999870762,238.5689685000216,facebook_combined,-0.19284202360270053,facebook_combined ridge
0.7610465639873172,0.910418247810537,0.85,1.0,1.2174533113499002,1,node+edge+subgraph,62,0.3778906000006827,238.5689685000216,spread_mean,facebook_combined,5,0.5649044171089609,0.7307331255555608,0.725,0.9950248756218906,14.708442807064795,56,0.4148264999967068,238.5689685000216,facebook_combined,-0.1961421468783563,facebook_combined ridge
0.7470204182247339,0.8990209388427324,0.85,1.0,1.4052902547101258,1,node+edge+subgraph,62,0.372854000001098,238.5689685000216,spread_mean,facebook_combined,6,0.5706924999781993,0.7389692926497967,0.725,0.9900497512437813,3.424157735162073,56,0.4607690999982878,238.5689685000216,facebook_combined,-0.1763279182465346,facebook_combined ridge
0.7515727623495493,0.9027473029315868,0.8,1.0,1.559658919490415,1,node+edge+subgraph,62,0.3752775999964797,238.5689685000216,spread_mean,facebook_combined,7,0.5610619990692524,0.7273275654254645,0.725,0.9900497512437813,6.46010317628714,56,0.4166346999991219,238.5689685000216,facebook_combined,-0.19051076328029692,facebook_combined ridge
0.7510769950727274,0.9035832976287408,0.85,1.0,1.3217589471284148,1,node+edge+subgraph,62,0.3731992000030004,238.5689685000216,spread_mean,facebook_combined,8,0.5593444485302986,0.7290767722584076,0.7,0.9950248756218906,2.1888353921766948,56,0.4023263999843038,238.5689685000216,facebook_combined,-0.19173254654242877,facebook_combined ridge
0.7535057475793635,0.9035752926273348,0.85,1.0,28.3332386678248,1,node+edge+subgraph,62,0.3793729999961215,238.5689685000216,spread_mean,facebook_combined,9,0.5700612633793524,0.7342283939587412,0.675,0.9800995024875622,35.39801698590128,56,0.415711099980399,238.5689685000216,facebook_combined,-0.18344448420001114,facebook_combined ridge
0.7551217181595019,0.9048679439948044,0.8,1.0,1.4241749893965574,1,node+edge+subgraph+dynamic,62,0.3816370999993523,238.5689685000216,spread_mean,facebook_combined,0,0.5612907756744345,0.7283086387114713,0.75,0.9950248756218906,6.27689631924395,56,0.3583537999948021,238.5689685000216,facebook_combined,-0.19383094248506738,facebook_combined ridge
0.7570483002477089,0.9066312501433784,0.85,1.0,1.283912088957504,1,node+edge+subgraph+dynamic,62,0.3857728999937535,238.5689685000216,spread_mean,facebook_combined,1,0.5710335299389097,0.7374660608648649,0.725,0.9950248756218906,12.36709475520426,56,0.3477677000046242,238.5689685000216,facebook_combined,-0.1860147703087992,facebook_combined ridge
0.7661868320492823,0.9137998892824082,0.85,1.0,1.397872142292528,1,node+edge+subgraph+dynamic,62,0.3948498999961884,238.5689685000216,spread_mean,facebook_combined,2,0.5609711849547013,0.72882393781829,0.7,0.9900497512437813,2.7098107491448298,56,0.4004105000058189,238.5689685000216,facebook_combined,-0.20521564709458096,facebook_combined ridge
0.7577731947962112,0.9076069423804192,0.85,1.0,1.2383762416251782,1,node+edge+subgraph+dynamic,62,0.3963050000020303,238.5689685000216,spread_mean,facebook_combined,3,0.5708056569589486,0.7361298875339863,0.725,0.9850746268656716,4.771691941518772,56,0.3674156000197399,238.5689685000216,facebook_combined,-0.1869675378372626,facebook_combined ridge
0.7476642500605067,0.900979501976614,0.85,0.9950248756218906,1.9824857295054112,1,node+edge+subgraph+dynamic,62,0.3836576000030618,238.5689685000216,spread_mean,facebook_combined,4,0.5548222264578062,0.7235414708598316,0.675,0.9950248756218906,9.374794837943544,56,0.3270754000113811,238.5689685000216,facebook_combined,-0.19284202360270053,facebook_combined ridge
0.7610465639873172,0.910418247810537,0.85,1.0,1.2174533113499002,1,node+edge+subgraph+dynamic,62,0.3765125999998417,238.5689685000216,spread_mean,facebook_combined,5,0.5649044171089609,0.7307331255555608,0.725,0.9950248756218906,14.708442807064795,56,0.3377355999837164,238.5689685000216,facebook_combined,-0.1961421468783563,facebook_combined ridge
0.7470204182247339,0.8990209388427324,0.85,1.0,1.4052902547101258,1,node+edge+subgraph+dynamic,62,0.3841543000016827,238.5689685000216,spread_mean,facebook_combined,6,0.5706924999781993,0.7389692926497967,0.725,0.9900497512437813,3.424157735162073,56,0.3409742999938316,238.5689685000216,facebook_combined,-0.1763279182465346,facebook_combined ridge
0.7515727623495493,0.9027473029315868,0.8,1.0,1.559658919490415,1,node+edge+subgraph+dynamic,62,0.3843674999952782,238.5689685000216,spread_mean,facebook_combined,7,0.5610619990692524,0.7273275654254645,0.725,0.9900497512437813,6.46010317628714,56,0.3159432000247761,238.5689685000216,facebook_combined,-0.19051076328029692,facebook_combined ridge
0.7510769950727274,0.9035832976287408,0.85,1.0,1.3217589471284148,1,node+edge+subgraph+dynamic,62,0.4064524999994319,238.5689685000216,spread_mean,facebook_combined,8,0.5593444485302986,0.7290767722584076,0.7,0.9950248756218906,2.1888353921766948,56,0.3458793000027071,238.5689685000216,facebook_combined,-0.19173254654242877,facebook_combined ridge
0.7535057475793635,0.9035752926273348,0.85,1.0,28.3332386678248,1,node+edge+subgraph+dynamic,62,0.4019555999984732,238.5689685000216,spread_mean,facebook_combined,9,0.5700612633793524,0.7342283939587412,0.675,0.9800995024875622,35.39801698590128,56,0.3284874999953899,238.5689685000216,facebook_combined,-0.18344448420001114,facebook_combined ridge
0.5983616317493408,0.791416450530718,0.0,0.0746268656716417,1.120883485164642,1,node+edge+subgraph,62,0.4967095999963931,238.5689685000216,spread_cv,facebook_combined,0,0.5457033591525368,0.7415218357211875,0.0,0.0497512437810945,1.2770036823244608,56,0.3047344000078738,238.5689685000216,facebook_combined,-0.052658272596804,facebook_combined ridge
0.5962472763488981,0.7865676501023893,0.0,0.0696517412935323,0.9720546820262916,1,node+edge+subgraph,62,0.4724952999968081,238.5689685000216,spread_cv,facebook_combined,1,0.542887689712703,0.7379591401111237,0.0,0.0547263681592039,1.103943752555263,56,0.3124983000161592,238.5689685000216,facebook_combined,-0.05335958663619511,facebook_combined ridge
0.5969895851461192,0.788223207787695,0.0,0.0646766169154228,0.9630911353416256,1,node+edge+subgraph,62,0.4550671000033617,238.5689685000216,spread_cv,facebook_combined,2,0.5449592700840481,0.740583117991044,0.0,0.0497512437810945,1.120570398863959,56,0.3195449000049848,238.5689685000216,facebook_combined,-0.05203031506207112,facebook_combined ridge
0.5983108739802641,0.788992871704101,0.0,0.0696517412935323,1.0358241543838769,1,node+edge+subgraph,62,0.4738350999978138,238.5689685000216,spread_cv,facebook_combined,3,0.5448617019800209,0.7395485759006194,0.0,0.0547263681592039,1.087779406251139,56,0.3040095000178553,238.5689685000216,facebook_combined,-0.05344917200024313,facebook_combined ridge
0.5953382392367043,0.7857173006179682,0.0,0.0597014925373134,7.824486644655421,1,node+edge+subgraph,62,0.4544949000046472,238.5689685000216,spread_cv,facebook_combined,4,0.5467892718727528,0.7420221591115836,0.0,0.0547263681592039,6.989818165051322,56,0.3056766999943647,238.5689685000216,facebook_combined,-0.04854896736395142,facebook_combined ridge
0.5973376312369313,0.7882763828372185,0.0,0.0696517412935323,1.026727305781231,1,node+edge+subgraph,62,0.4453202000004239,238.5689685000216,spread_cv,facebook_combined,5,0.5449775975719734,0.740179804768623,0.0,0.0547263681592039,1.0969841368462494,56,0.3143332999898121,238.5689685000216,facebook_combined,-0.052360033664957895,facebook_combined ridge
0.5975862109890487,0.7882626052723855,0.0,0.0646766169154228,0.9839840872436876,1,node+edge+subgraph,62,0.380512900002941,238.5689685000216,spread_cv,facebook_combined,6,0.543892778276886,0.7392419964233992,0.0,0.0497512437810945,1.1333368039703682,56,0.3011508000199683,238.5689685000216,facebook_combined,-0.05369343271216276,facebook_combined ridge
0.5973193579083439,0.788414902034009,0.0,0.0646766169154228,0.9707564935913812,1,node+edge+subgraph,62,0.4290674000003491,238.5689685000216,spread_cv,facebook_combined,7,0.5448021487639447,0.7413575085133993,0.0,0.0497512437810945,1.240646707464214,56,0.2675533999863546,238.5689685000216,facebook_combined,-0.05251720914439917,facebook_combined ridge
0.5992106507143798,0.7912184155632769,0.0,0.0646766169154228,1.094675035408452,1,node+edge+subgraph,62,0.3766724000015529,238.5689685000216,spread_cv,facebook_combined,8,0.5463844397387536,0.7417637124762947,0.0,0.0497512437810945,1.1351730701200236,56,0.2702188999974169,238.5689685000216,facebook_combined,-0.05282621097562623,facebook_combined ridge
0.6005342937739844,0.7914728473083077,0.0,0.0746268656716417,68.25045664221759,1,node+edge+subgraph,62,0.3739456999974209,238.5689685000216,spread_cv,facebook_combined,9,0.5451118202968609,0.7415733403635995,0.0,0.0497512437810945,48.14157730845205,56,0.2902701999992132,238.5689685000216,facebook_combined,-0.05542247347712348,facebook_combined ridge
0.5983616317493408,0.791416450530718,0.0,0.0746268656716417,1.120883485164642,1,node+edge+subgraph+dynamic,62,0.3756747999941581,238.5689685000216,spread_cv,facebook_combined,0,0.5457033591525368,0.7415218357211875,0.0,0.0497512437810945,1.2770036823244608,56,0.3337845999922137,238.5689685000216,facebook_combined,-0.052658272596804,facebook_combined ridge
0.5962472763488981,0.7865676501023893,0.0,0.0696517412935323,0.9720546820262916,1,node+edge+subgraph+dynamic,62,0.3707045999981346,238.5689685000216,spread_cv,facebook_combined,1,0.542887689712703,0.7379591401111237,0.0,0.0547263681592039,1.103943752555263,56,0.2831942999910097,238.5689685000216,facebook_combined,-0.05335958663619511,facebook_combined ridge
0.5969895851461192,0.788223207787695,0.0,0.0646766169154228,0.9630911353416256,1,node+edge+subgraph+dynamic,62,0.373916199998348,238.5689685000216,spread_cv,facebook_combined,2,0.5449592700840481,0.740583117991044,0.0,0.0497512437810945,1.120570398863959,56,0.2731410999840591,238.5689685000216,facebook_combined,-0.05203031506207112,facebook_combined ridge
0.5983108739802641,0.788992871704101,0.0,0.0696517412935323,1.0358241543838769,1,node+edge+subgraph+dynamic,62,0.3785286999991513,238.5689685000216,spread_cv,facebook_combined,3,0.5448617019800209,0.7395485759006194,0.0,0.0547263681592039,1.087779406251139,56,0.2891525999875739,238.5689685000216,facebook_combined,-0.05344917200024313,facebook_combined ridge
0.5953382392367043,0.7857173006179682,0.0,0.0597014925373134,7.824486644655421,1,node+edge+subgraph+dynamic,62,0.377777599998808,238.5689685000216,spread_cv,facebook_combined,4,0.5467892718727528,0.7420221591115836,0.0,0.0547263681592039,6.989818165051322,56,0.2796444999985397,238.5689685000216,facebook_combined,-0.04854896736395142,facebook_combined ridge
0.5973376312369313,0.7882763828372185,0.0,0.0696517412935323,1.026727305781231,1,node+edge+subgraph+dynamic,62,0.3774683000010554,238.5689685000216,spread_cv,facebook_combined,5,0.5449775975719734,0.740179804768623,0.0,0.0547263681592039,1.0969841368462494,56,0.2761543999949936,238.5689685000216,facebook_combined,-0.052360033664957895,facebook_combined ridge
0.5975862109890487,0.7882626052723855,0.0,0.0646766169154228,0.9839840872436876,1,node+edge+subgraph+dynamic,62,0.3760349000003771,238.5689685000216,spread_cv,facebook_combined,6,0.543892778276886,0.7392419964233992,0.0,0.0497512437810945,1.1333368039703682,56,0.2714456999965478,238.5689685000216,facebook_combined,-0.05369343271216276,facebook_combined ridge
0.5973193579083439,0.788414902034009,0.0,0.0646766169154228,0.9707564935913812,1,node+edge+subgraph+dynamic,62,0.3815996000048471,238.5689685000216,spread_cv,facebook_combined,7,0.5448021487639447,0.7413575085133993,0.0,0.0497512437810945,1.240646707464214,56,0.2974657999875489,238.5689685000216,facebook_combined,-0.05251720914439917,facebook_combined ridge
0.5992106507143798,0.7912184155632769,0.0,0.0646766169154228,1.094675035408452,1,node+edge+subgraph+dynamic,62,0.3718738000025041,238.5689685000216,spread_cv,facebook_combined,8,0.5463844397387536,0.7417637124762947,0.0,0.0497512437810945,1.1351730701200236,56,0.2784383999824058,238.5689685000216,facebook_combined,-0.05282621097562623,facebook_combined ridge
0.6005342937739844,0.7914728473083077,0.0,0.0746268656716417,68.25045664221759,1,node+edge+subgraph+dynamic,62,0.3683080000046175,238.5689685000216,spread_cv,facebook_combined,9,0.5451118202968609,0.7415733403635995,0.0,0.0497512437810945,48.14157730845205,56,0.2742062000033911,238.5689685000216,facebook_combined,-0.05542247347712348,facebook_combined ridge
0.1604419502921854,0.2304379841776873,0.6,0.4029850746268656,172991.20265324588,1,node+edge+subgraph,62,0.275332300006994,238.5689685000216,betweenness,facebook_combined,0,0.1534536877340758,0.220599993456888,0.6,0.417910447761194,173036.32694301094,56,0.2845457000075839,238.5689685000216,facebook_combined,-0.006988262558109581,facebook_combined ridge
0.2100016285488024,0.2999192014808038,0.65,0.4029850746268656,33398.07159301977,1,node+edge+subgraph,62,0.2683461999986321,238.5689685000216,betweenness,facebook_combined,1,0.1829137061390663,0.2623163312397285,0.625,0.4029850746268656,71888.805850218,56,0.3008774999761954,238.5689685000216,facebook_combined,-0.027087922409736093,facebook_combined ridge
0.2153621121602759,0.3111313057559575,0.575,0.4378109452736318,34122.95870275347,1,node+edge+subgraph,62,0.2764093000005232,238.5689685000216,betweenness,facebook_combined,2,0.1794402122073326,0.2613757351797214,0.55,0.4527363184079602,84700.66718117298,56,0.2701566999894567,238.5689685000216,facebook_combined,-0.03592189995294329,facebook_combined ridge
0.1903032339719673,0.2723607847804331,0.575,0.4228855721393035,113759.65271747836,1,node+edge+subgraph,62,0.270457600003283,238.5689685000216,betweenness,facebook_combined,3,0.1896524041388498,0.2717407734255632,0.6,0.417910447761194,57570.8307882199,56,0.2727371999935712,238.5689685000216,facebook_combined,-0.0006508298331175111,facebook_combined ridge
0.2005644622291722,0.2857347446316696,0.65,0.417910447761194,55700.40195448966,1,node+edge+subgraph,62,0.2708715999979176,238.5689685000216,betweenness,facebook_combined,4,0.1927412445188058,0.2756444809149344,0.65,0.4129353233830846,56241.47285051184,56,0.2873133999819401,238.5689685000216,facebook_combined,-0.007823217710366398,facebook_combined ridge
0.1896680998150378,0.2719688196521711,0.65,0.417910447761194,33958.15215949722,1,node+edge+subgraph,62,0.2696458999998867,238.5689685000216,betweenness,facebook_combined,5,0.1875536994651884,0.2703206736609595,0.65,0.417910447761194,33579.767032619995,56,0.2764992000011261,238.5689685000216,facebook_combined,-0.002114400349849388,facebook_combined ridge
0.201154159877078,0.291419454044498,0.625,0.4228855721393035,33693.79695357745,1,node+edge+subgraph,62,0.2871736000015517,238.5689685000216,betweenness,facebook_combined,6,0.2008169542396799,0.2915877815257874,0.625,0.417910447761194,33151.66747300823,56,0.2704365999961737,238.5689685000216,facebook_combined,-0.00033720563739808584,facebook_combined ridge
0.1923844971357481,0.2761430238524546,0.6,0.4278606965174129,36570.93770817822,1,node+edge+subgraph,62,0.2697062000006553,238.5689685000216,betweenness,facebook_combined,7,0.1842432150404241,0.2661277700694398,0.575,0.4328358208955223,36734.69584465628,56,0.272231200011447,238.5689685000216,facebook_combined,-0.008141282095323998,facebook_combined ridge
0.1540620175446674,0.2199963572649708,0.625,0.417910447761194,181249.36661834185,1,node+edge+subgraph,62,0.2639802999983658,238.5689685000216,betweenness,facebook_combined,8,0.1484160235813523,0.2130597039670777,0.6,0.417910447761194,179193.4677405007,56,0.2766330000013113,238.5689685000216,facebook_combined,-0.005645993963315082,facebook_combined ridge
0.1522577128900824,0.2178204833200283,0.6,0.4029850746268656,4615426.712328928,1,node+edge+subgraph,62,0.265708299994003,238.5689685000216,betweenness,facebook_combined,9,0.1479507844382326,0.2125932785563015,0.625,0.3980099502487562,4739571.9637208525,56,0.2807657000084873,238.5689685000216,facebook_combined,-0.004306928451849795,facebook_combined ridge
0.1604419502921854,0.2304379841776873,0.6,0.4029850746268656,172991.20265324588,1,node+edge+subgraph+dynamic,62,0.2729497999971499,238.5689685000216,betweenness,facebook_combined,0,0.1534536877340758,0.220599993456888,0.6,0.417910447761194,173036.32694301094,56,0.2803737999929581,238.5689685000216,facebook_combined,-0.006988262558109581,facebook_combined ridge
0.2100016285488024,0.2999192014808038,0.65,0.4029850746268656,33398.07159301977,1,node+edge+subgraph+dynamic,62,0.2693409999992582,238.5689685000216,betweenness,facebook_combined,1,0.1829137061390663,0.2623163312397285,0.625,0.4029850746268656,71888.805850218,56,0.2764309000049252,238.5689685000216,facebook_combined,-0.027087922409736093,facebook_combined ridge
0.2153621121602759,0.3111313057559575,0.575,0.4378109452736318,34122.95870275347,1,node+edge+subgraph+dynamic,62,0.2710848999995505,238.5689685000216,betweenness,facebook_combined,2,0.1794402122073326,0.2613757351797214,0.55,0.4527363184079602,84700.66718117298,56,0.2748679000069387,238.5689685000216,facebook_combined,-0.03592189995294329,facebook_combined ridge
0.1903032339719673,0.2723607847804331,0.575,0.4228855721393035,113759.65271747836,1,node+edge+subgraph+dynamic,62,0.2768800000048941,238.5689685000216,betweenness,facebook_combined,3,0.1896524041388498,0.2717407734255632,0.6,0.417910447761194,57570.8307882199,56,0.2746581999817863,238.5689685000216,facebook_combined,-0.0006508298331175111,facebook_combined ridge
0.2005644622291722,0.2857347446316696,0.65,0.417910447761194,55700.40195448966,1,node+edge+subgraph+dynamic,62,0.2602960000003804,238.5689685000216,betweenness,facebook_combined,4,0.1927412445188058,0.2756444809149344,0.65,0.4129353233830846,56241.47285051184,56,0.293914500012761,238.5689685000216,facebook_combined,-0.007823217710366398,facebook_combined ridge
0.1896680998150378,0.2719688196521711,0.65,0.417910447761194,33958.15215949722,1,node+edge+subgraph+dynamic,62,0.2729360000012093,238.5689685000216,betweenness,facebook_combined,5,0.1875536994651884,0.2703206736609595,0.65,0.417910447761194,33579.767032619995,56,0.2654414999997243,238.5689685000216,facebook_combined,-0.002114400349849388,facebook_combined ridge
0.201154159877078,0.291419454044498,0.625,0.4228855721393035,33693.79695357745,1,node+edge+subgraph+dynamic,62,0.2583505000002333,238.5689685000216,betweenness,facebook_combined,6,0.2008169542396799,0.2915877815257874,0.625,0.417910447761194,33151.66747300823,56,0.289898599992739,238.5689685000216,facebook_combined,-0.00033720563739808584,facebook_combined ridge
0.1923844971357481,0.2761430238524546,0.6,0.4278606965174129,36570.93770817822,1,node+edge+subgraph+dynamic,62,0.266702199995052,238.5689685000216,betweenness,facebook_combined,7,0.1842432150404241,0.2661277700694398,0.575,0.4328358208955223,36734.69584465628,56,0.2664195000252221,238.5689685000216,facebook_combined,-0.008141282095323998,facebook_combined ridge
0.1540620175446674,0.2199963572649708,0.625,0.417910447761194,181249.36661834185,1,node+edge+subgraph+dynamic,62,0.2572463000033167,238.5689685000216,betweenness,facebook_combined,8,0.1484160235813523,0.2130597039670777,0.6,0.417910447761194,179193.4677405007,56,0.2981054999982007,238.5689685000216,facebook_combined,-0.005645993963315082,facebook_combined ridge
0.1522577128900824,0.2178204833200283,0.6,0.4029850746268656,4615426.712328928,1,node+edge+subgraph+dynamic,62,0.2669756000032066,238.5689685000216,betweenness,facebook_combined,9,0.1479507844382326,0.2125932785563015,0.625,0.3980099502487562,4739571.9637208525,56,0.3286342000064906,238.5689685000216,facebook_combined,-0.004306928451849795,facebook_combined ridge
0.5460369140011166,0.7248737896976749,0.275,0.5422885572139303,0.1426310798448887,1,node+edge+subgraph,62,0.2662581999975373,238.5689685000216,spread_resid,facebook_combined,0,0.5072331621259234,0.6804864671543485,0.2,0.5174129353233831,0.1469388967687316,56,0.2822927999950479,238.5689685000216,facebook_combined,-0.03880375187519325,facebook_combined ridge
0.5509196102078239,0.7300653796905481,0.25,0.5323383084577115,0.1558986549794623,1,node+edge+subgraph,62,0.241920399996161,238.5689685000216,spread_resid,facebook_combined,1,0.5030522567457957,0.6740761344891701,0.25,0.527363184079602,0.168878463677156,56,0.2912218999990728,238.5689685000216,facebook_combined,-0.047867353462028195,facebook_combined ridge
0.5481311861769699,0.7276283722835649,0.225,0.527363184079602,0.1366615429989557,1,node+edge+subgraph,62,0.2325392999991891,238.5689685000216,spread_resid,facebook_combined,2,0.5079547817272814,0.6807035529641379,0.225,0.527363184079602,0.1419566295844608,56,0.2862171000160742,238.5689685000216,facebook_combined,-0.04017640444968851,facebook_combined ridge
0.5465019936250237,0.7252542093609722,0.25,0.527363184079602,0.1401249838058132,1,node+edge+subgraph,62,0.2343734999958542,238.5689685000216,spread_resid,facebook_combined,3,0.5044580852440419,0.6759159235286675,0.225,0.5323383084577115,0.1687385626917728,56,0.306312100001378,238.5689685000216,facebook_combined,-0.04204390838098182,facebook_combined ridge
0.5489712027020021,0.7284575465991147,0.325,0.5373134328358209,1.150835332318228,1,node+edge+subgraph,62,0.2263062000056379,238.5689685000216,spread_resid,facebook_combined,4,0.5054704282579585,0.6777192820617142,0.3,0.5323383084577115,0.819575269922735,56,0.2819517999887466,238.5689685000216,facebook_combined,-0.043500774444043544,facebook_combined ridge
0.5519193772775074,0.7316209686749517,0.175,0.527363184079602,0.1639555071158774,1,node+edge+subgraph,62,0.2378214999989722,238.5689685000216,spread_resid,facebook_combined,5,0.5046023277482509,0.6770054441869902,0.3,0.5323383084577115,0.1704084510318614,56,0.2761881000187713,238.5689685000216,facebook_combined,-0.04731704952925653,facebook_combined ridge
0.5473135358094708,0.7263354472052511,0.225,0.5422885572139303,0.2589145204767376,1,node+edge+subgraph,62,0.2302533999973093,238.5689685000216,spread_resid,facebook_combined,6,0.5026451873125545,0.6734474086048717,0.175,0.5373134328358209,0.2558958961583003,56,0.2645995000202674,238.5689685000216,facebook_combined,-0.044668348496916366,facebook_combined ridge
0.5466618366850211,0.7256374251868267,0.3,0.5373134328358209,0.1352310681211266,1,node+edge+subgraph,62,0.2344368999983999,238.5689685000216,spread_resid,facebook_combined,7,0.5062485755778344,0.6783600599111943,0.3,0.527363184079602,0.1583473305113577,56,0.2803940000012517,238.5689685000216,facebook_combined,-0.04041326110718668,facebook_combined ridge
0.5490381345662341,0.7281542727220359,0.275,0.5373134328358209,0.1374739866797483,1,node+edge+subgraph,62,0.2390843000030145,238.5689685000216,spread_resid,facebook_combined,8,0.5025742456252301,0.6738458454901533,0.275,0.5422885572139303,0.2606668530993702,56,0.2949052999902051,238.5689685000216,facebook_combined,-0.04646388894100395,facebook_combined ridge
0.5505779635333935,0.7305475981030725,0.275,0.5422885572139303,3.0877815565432543,1,node+edge+subgraph,62,0.2324746000012965,238.5689685000216,spread_resid,facebook_combined,9,0.5061955343506199,0.6784849189370958,0.225,0.5174129353233831,0.2539802059964138,56,0.2780089000007137,238.5689685000216,facebook_combined,-0.044382429182773575,facebook_combined ridge
0.5460369140011166,0.7248737896976749,0.275,0.5422885572139303,0.1426310798448887,1,node+edge+subgraph+dynamic,62,0.2483525999996345,238.5689685000216,spread_resid,facebook_combined,0,0.5072331621259234,0.6804864671543485,0.2,0.5174129353233831,0.1469388967687316,56,0.2768419999920297,238.5689685000216,facebook_combined,-0.03880375187519325,facebook_combined ridge
0.5509196102078239,0.7300653796905481,0.25,0.5323383084577115,0.1558986549794623,1,node+edge+subgraph+dynamic,62,0.2402598000044236,238.5689685000216,spread_resid,facebook_combined,1,0.5030522567457957,0.6740761344891701,0.25,0.527363184079602,0.168878463677156,56,0.2712653999915346,238.5689685000216,facebook_combined,-0.047867353462028195,facebook_combined ridge
0.5481311861769699,0.7276283722835649,0.225,0.527363184079602,0.1366615429989557,1,node+edge+subgraph+dynamic,62,0.2403661999996984,238.5689685000216,spread_resid,facebook_combined,2,0.5079547817272814,0.6807035529641379,0.225,0.527363184079602,0.1419566295844608,56,0.2770386000047438,238.5689685000216,facebook_combined,-0.04017640444968851,facebook_combined ridge
0.5465019936250237,0.7252542093609722,0.25,0.527363184079602,0.1401249838058132,1,node+edge+subgraph+dynamic,62,0.2507280999998329,238.5689685000216,spread_resid,facebook_combined,3,0.5044580852440419,0.6759159235286675,0.225,0.5323383084577115,0.1687385626917728,56,0.2795976999914273,238.5689685000216,facebook_combined,-0.04204390838098182,facebook_combined ridge
0.5489712027020021,0.7284575465991147,0.325,0.5373134328358209,1.150835332318228,1,node+edge+subgraph+dynamic,62,0.2417886000039288,238.5689685000216,spread_resid,facebook_combined,4,0.5054704282579585,0.6777192820617142,0.3,0.5323383084577115,0.819575269922735,56,0.2807964999810792,238.5689685000216,facebook_combined,-0.043500774444043544,facebook_combined ridge
0.5519193772775074,0.7316209686749517,0.175,0.527363184079602,0.1639555071158774,1,node+edge+subgraph+dynamic,62,0.2696494999981951,238.5689685000216,spread_resid,facebook_combined,5,0.5046023277482509,0.6770054441869902,0.3,0.5323383084577115,0.1704084510318614,56,0.2708704000106081,238.5689685000216,facebook_combined,-0.04731704952925653,facebook_combined ridge
0.5473135358094708,0.7263354472052511,0.225,0.5422885572139303,0.2589145204767376,1,node+edge+subgraph+dynamic,62,0.2818482000002404,238.5689685000216,spread_resid,facebook_combined,6,0.5026451873125545,0.6734474086048717,0.175,0.5373134328358209,0.2558958961583003,56,0.2992292999988422,238.5689685000216,facebook_combined,-0.044668348496916366,facebook_combined ridge
0.5466618366850211,0.7256374251868267,0.3,0.5373134328358209,0.1352310681211266,1,node+edge+subgraph+dynamic,62,0.2627451000007568,238.5689685000216,spread_resid,facebook_combined,7,0.5062485755778344,0.6783600599111943,0.3,0.527363184079602,0.1583473305113577,56,0.2696935000130906,238.5689685000216,facebook_combined,-0.04041326110718668,facebook_combined ridge
0.5490381345662341,0.7281542727220359,0.275,0.5373134328358209,0.1374739866797483,1,node+edge+subgraph+dynamic,62,0.2659857999969972,238.5689685000216,spread_resid,facebook_combined,8,0.5025742456252301,0.6738458454901533,0.275,0.5422885572139303,0.2606668530993702,56,0.2613454000093043,238.5689685000216,facebook_combined,-0.04646388894100395,facebook_combined ridge
0.5505779635333935,0.7305475981030725,0.275,0.5422885572139303,3.0877815565432543,1,node+edge+subgraph+dynamic,62,0.2696261999954004,238.5689685000216,spread_resid,facebook_combined,9,0.5061955343506199,0.6784849189370958,0.225,0.5174129353233831,0.2539802059964138,56,0.2645680999848991,238.5689685000216,facebook_combined,-0.044382429182773575,facebook_combined ridge
0.8020792946538237,0.9429949008808142,0.9516129032258064,0.945859872611465,2.769432680900209,1,node+edge+subgraph,62,2.451336199999787,1.6650392000055945,spread_mean,p2p-Gnutella08,0,0.7928478280938778,0.9389027323451836,0.9516129032258064,0.9490445859872612,2.967880523939045,56,2.439057599985972,1.6650392000055945,p2p-Gnutella08,-0.009231466559945889,p2p-Gnutella08 rf
0.802526216604697,0.9431205392164668,0.9516129032258064,0.9490445859872612,2.7041532519181564,1,node+edge+subgraph,62,2.80164589999913,1.6650392000055945,spread_mean,p2p-Gnutella08,1,0.7936748946568517,0.9392316044264716,0.935483870967742,0.945859872611465,2.911716201180292,56,2.493064600013895,1.6650392000055945,p2p-Gnutella08,-0.008851321947845325,p2p-Gnutella08 rf
0.8000855878086838,0.9417684807579578,0.9516129032258064,0.9490445859872612,2.631079985572537,1,node+edge+subgraph,62,2.5632547000004706,1.6650392000055945,spread_mean,p2p-Gnutella08,2,0.7908466998745748,0.93776834320757,0.9516129032258064,0.9490445859872612,2.8252910884855447,56,2.5793870000052266,1.6650392000055945,p2p-Gnutella08,-0.009238887934108986,p2p-Gnutella08 rf
0.801732385369255,0.9426222010284389,0.9516129032258064,0.9490445859872612,2.762000252042307,1,node+edge+subgraph,62,2.438755799999853,1.6650392000055945,spread_mean,p2p-Gnutella08,3,0.7925598410779274,0.9384905914741758,0.9516129032258064,0.9490445859872612,2.946417412576268,56,2.6016816000046674,1.6650392000055945,p2p-Gnutella08,-0.009172544291327522,p2p-Gnutella08 rf
0.8033034752672696,0.9433951829729106,0.9516129032258064,0.9490445859872612,2.748129223577056,1,node+edge+subgraph,62,2.3662599999988743,1.6650392000055945,spread_mean,p2p-Gnutella08,4,0.7935726100236336,0.9390863985073884,0.9516129032258064,0.945859872611465,2.94385043192276,56,2.539091699989513,1.6650392000055945,p2p-Gnutella08,-0.009730865243636089,p2p-Gnutella08 rf
0.8011916403005486,0.942373219761355,0.967741935483871,0.9426751592356688,2.685852685370016,1,node+edge+subgraph,62,2.3686087999994925,1.6650392000055945,spread_mean,p2p-Gnutella08,5,0.7924667567905249,0.9386365373306098,0.967741935483871,0.945859872611465,2.882607565543269,56,2.722453599999426,1.6650392000055945,p2p-Gnutella08,-0.008724883510023651,p2p-Gnutella08 rf
0.803337235916264,0.9435901571401066,0.9516129032258064,0.9554140127388536,2.652161995243813,1,node+edge+subgraph,62,2.351144599999316,1.6650392000055945,spread_mean,p2p-Gnutella08,6,0.7935860006434285,0.9393258919548916,0.9516129032258064,0.9554140127388536,2.8647585334629166,56,2.666638900001999,1.6650392000055945,p2p-Gnutella08,-0.009751235272835501,p2p-Gnutella08 rf
0.8030388188453499,0.9433334177812904,0.9516129032258064,0.945859872611465,2.675072909529941,1,node+edge+subgraph,62,2.4446246000006795,1.6650392000055945,spread_mean,p2p-Gnutella08,7,0.7939946997122778,0.9394278105007025,0.9516129032258064,0.9490445859872612,2.891904950044581,56,2.6376223000115715,1.6650392000055945,p2p-Gnutella08,-0.009044119133072126,p2p-Gnutella08 rf
0.8014997936308339,0.9424761009281972,0.9516129032258064,0.9490445859872612,2.661801294423473,1,node+edge+subgraph,62,2.3761076999999204,1.6650392000055945,spread_mean,p2p-Gnutella08,8,0.7922481215423024,0.9386212080734788,0.9516129032258064,0.9522292993630572,2.873558334769521,56,2.4753867000108585,1.6650392000055945,p2p-Gnutella08,-0.009251672088531504,p2p-Gnutella08 rf
0.8020769511791515,0.9429068068405856,0.9516129032258064,0.945859872611465,2.742818710796878,1,node+edge+subgraph,62,2.625830400000268,1.6650392000055945,spread_mean,p2p-Gnutella08,9,0.7921580157946315,0.9385352133697648,0.9516129032258064,0.9426751592356688,2.954095200667034,56,2.511027300002752,1.6650392000055945,p2p-Gnutella08,-0.009918935384519934,p2p-Gnutella08 rf
0.8020792946538237,0.9429949008808142,0.9516129032258064,0.945859872611465,2.769432680900209,1,node+edge+subgraph+dynamic,62,2.634223799999745,1.6650392000055945,spread_mean,p2p-Gnutella08,0,0.7928478280938778,0.9389027323451836,0.9516129032258064,0.9490445859872612,2.9678805239390456,56,2.47239399998216,1.6650392000055945,p2p-Gnutella08,-0.009231466559945889,p2p-Gnutella08 rf
0.802526216604697,0.9431205392164668,0.9516129032258064,0.9490445859872612,2.704153251918156,1,node+edge+subgraph+dynamic,62,2.578380700000708,1.6650392000055945,spread_mean,p2p-Gnutella08,1,0.7936748946568517,0.9392316044264716,0.935483870967742,0.945859872611465,2.9117162011802926,56,2.460707599995658,1.6650392000055945,p2p-Gnutella08,-0.008851321947845325,p2p-Gnutella08 rf
0.8000855878086838,0.9417684807579578,0.9516129032258064,0.9490445859872612,2.6310799855725366,1,node+edge+subgraph+dynamic,62,2.639315599999464,1.6650392000055945,spread_mean,p2p-Gnutella08,2,0.7908466998745748,0.93776834320757,0.9516129032258064,0.9490445859872612,2.825291088485545,56,2.5064027000044007,1.6650392000055945,p2p-Gnutella08,-0.009238887934108986,p2p-Gnutella08 rf
0.801732385369255,0.9426222010284389,0.9516129032258064,0.9490445859872612,2.7620002520423066,1,node+edge+subgraph+dynamic,62,2.6497507999993104,1.6650392000055945,spread_mean,p2p-Gnutella08,3,0.7925598410779274,0.9384905914741758,0.9516129032258064,0.9490445859872612,2.946417412576268,56,2.577913399989484,1.6650392000055945,p2p-Gnutella08,-0.009172544291327522,p2p-Gnutella08 rf
0.8033034752672696,0.9433951829729106,0.9516129032258064,0.9490445859872612,2.748129223577056,1,node+edge+subgraph+dynamic,62,2.532822099999976,1.6650392000055945,spread_mean,p2p-Gnutella08,4,0.7935726100236336,0.9390863985073884,0.9516129032258064,0.945859872611465,2.94385043192276,56,2.537097899999935,1.6650392000055945,p2p-Gnutella08,-0.009730865243636089,p2p-Gnutella08 rf
0.8011916403005486,0.942373219761355,0.967741935483871,0.9426751592356688,2.685852685370016,1,node+edge+subgraph+dynamic,62,2.3809612999993988,1.6650392000055945,spread_mean,p2p-Gnutella08,5,0.7924667567905249,0.9386365373306098,0.967741935483871,0.945859872611465,2.8826075655432697,56,2.422054099995876,1.6650392000055945,p2p-Gnutella08,-0.008724883510023651,p2p-Gnutella08 rf
0.803337235916264,0.9435901571401066,0.9516129032258064,0.9554140127388536,2.652161995243813,1,node+edge+subgraph+dynamic,62,2.28851880000002,1.6650392000055945,spread_mean,p2p-Gnutella08,6,0.7935860006434285,0.9393258919548916,0.9516129032258064,0.9554140127388536,2.8647585334629166,56,2.494139799993718,1.6650392000055945,p2p-Gnutella08,-0.009751235272835501,p2p-Gnutella08 rf
0.8030388188453499,0.9433334177812904,0.9516129032258064,0.945859872611465,2.6750729095299404,1,node+edge+subgraph+dynamic,62,2.267860500000097,1.6650392000055945,spread_mean,p2p-Gnutella08,7,0.7939946997122778,0.9394278105007025,0.9516129032258064,0.9490445859872612,2.891904950044581,56,2.35230950001278,1.6650392000055945,p2p-Gnutella08,-0.009044119133072126,p2p-Gnutella08 rf
0.8014997936308339,0.9424761009281972,0.9516129032258064,0.9490445859872612,2.661801294423473,1,node+edge+subgraph+dynamic,62,2.346465700000408,1.6650392000055945,spread_mean,p2p-Gnutella08,8,0.7922481215423024,0.9386212080734788,0.9516129032258064,0.9522292993630572,2.873558334769521,56,2.481867599999532,1.6650392000055945,p2p-Gnutella08,-0.009251672088531504,p2p-Gnutella08 rf
0.8020769511791515,0.9429068068405856,0.9516129032258064,0.945859872611465,2.742818710796878,1,node+edge+subgraph+dynamic,62,2.269886800000677,1.6650392000055945,spread_mean,p2p-Gnutella08,9,0.7921580157946315,0.9385352133697648,0.9516129032258064,0.9426751592356688,2.954095200667034,56,2.5312443999864627,1.6650392000055945,p2p-Gnutella08,-0.009918935384519934,p2p-Gnutella08 rf
0.5916323543318329,0.7593722486692543,0.0,0.0828025477707006,1.0510206046702948,1,node+edge+subgraph,62,2.2386456999993243,1.6650392000055945,spread_cv,p2p-Gnutella08,0,0.5838539396248148,0.755322607323301,0.0,0.0828025477707006,1.061639829266774,56,2.512130500021158,1.6650392000055945,p2p-Gnutella08,-0.007778414707018122,p2p-Gnutella08 rf
0.5943782684804632,0.7628663323438019,0.0,0.0732484076433121,1.043835173953247,1,node+edge+subgraph,62,2.2399794000011752,1.6650392000055945,spread_cv,p2p-Gnutella08,1,0.587631406668134,0.7599829887123,0.0161290322580645,0.0732484076433121,1.053859991747585,56,2.3399236999975983,1.6650392000055945,p2p-Gnutella08,-0.006746861812329197,p2p-Gnutella08 rf
0.5899836270485705,0.758034031134112,0.0,0.0700636942675159,1.0544997048475666,1,node+edge+subgraph,62,2.4258771000004344,1.6650392000055945,spread_cv,p2p-Gnutella08,2,0.5828569249406331,0.7548556317084455,0.0,0.0700636942675159,1.0643848736011192,56,2.6591372000111733,1.6650392000055945,p2p-Gnutella08,-0.0071267021079374215,p2p-Gnutella08 rf
0.5923360964142178,0.7606253760991445,0.0,0.0668789808917197,1.0468761142385412,1,node+edge+subgraph,62,2.3917543000006845,1.6650392000055945,spread_cv,p2p-Gnutella08,3,0.5845648639234489,0.7566580068761769,0.0,0.0668789808917197,1.0575667409914264,56,2.536415400012629,1.6650392000055945,p2p-Gnutella08,-0.007771232490768942,p2p-Gnutella08 rf
0.5950556573078158,0.7638891664336357,0.0,0.0668789808917197,1.0438230179281611,1,node+edge+subgraph,62,2.3162240000001475,1.6650392000055945,spread_cv,p2p-Gnutella08,4,0.5873409467123248,0.7600912622031912,0.0,0.0668789808917197,1.054579799169054,56,2.533597100002225,1.6650392000055945,p2p-Gnutella08,-0.007714710595491003,p2p-Gnutella08 rf
0.5897825289145382,0.7578225780107853,0.0,0.0796178343949044,1.0552016449759765,1,node+edge+subgraph,62,2.231680299999425,1.6650392000055945,spread_cv,p2p-Gnutella08,5,0.582725986805252,0.7545002523932453,0.0,0.0796178343949044,1.065069349396475,56,2.5303237000189256,1.6650392000055945,p2p-Gnutella08,-0.00705654210928619,p2p-Gnutella08 rf
0.5941669525694384,0.7615039608535996,0.0161290322580645,0.0859872611464968,1.0507871197693242,1,node+edge+subgraph,62,2.220600900000136,1.6650392000055945,spread_cv,p2p-Gnutella08,6,0.5863225626010483,0.7577078724084718,0.0161290322580645,0.0859872611464968,1.0612400452584334,56,2.55323610000778,1.6650392000055945,p2p-Gnutella08,-0.007844389968390098,p2p-Gnutella08 rf
0.5921932509623742,0.7603738236866242,0.0161290322580645,0.0477707006369426,1.050172156418297,1,node+edge+subgraph,62,2.2407358000000386,1.6650392000055945,spread_cv,p2p-Gnutella08,7,0.5850857441785677,0.7571584104377256,0.0161290322580645,0.0509554140127388,1.0604177824181382,56,2.536557500017807,1.6650392000055945,p2p-Gnutella08,-0.00710750678380645,p2p-Gnutella08 rf
0.5924838433346535,0.7606000980122276,0.0,0.0796178343949044,1.0498480557781904,1,node+edge+subgraph,62,2.260731100001067,1.6650392000055945,spread_cv,p2p-Gnutella08,8,0.5847754120142291,0.7568485878779393,0.0,0.0796178343949044,1.0607226158431995,56,2.429689899989171,1.6650392000055945,p2p-Gnutella08,-0.007708431320424425,p2p-Gnutella08 rf
0.5907990440792439,0.7590721378079559,0.0,0.0700636942675159,1.0536266258318945,1,node+edge+subgraph,62,2.1902162000005774,1.6650392000055945,spread_cv,p2p-Gnutella08,9,0.5836009185214476,0.7557654693539834,0.0,0.0700636942675159,1.063862458340323,56,2.664297999988776,1.6650392000055945,p2p-Gnutella08,-0.007198125557796309,p2p-Gnutella08 rf
0.5916323543318329,0.7593722486692543,0.0,0.0828025477707006,1.0510206046702948,1,node+edge+subgraph+dynamic,62,2.1928756999986945,1.6650392000055945,spread_cv,p2p-Gnutella08,0,0.5838539396248148,0.755322607323301,0.0,0.0828025477707006,1.061639829266774,56,2.664441300003091,1.6650392000055945,p2p-Gnutella08,-0.007778414707018122,p2p-Gnutella08 rf
0.5943782684804632,0.7628663323438019,0.0,0.0732484076433121,1.043835173953247,1,node+edge+subgraph+dynamic,62,2.2253541000009136,1.6650392000055945,spread_cv,p2p-Gnutella08,1,0.587631406668134,0.7599829887123,0.0161290322580645,0.0732484076433121,1.053859991747585,56,2.50250380000216,1.6650392000055945,p2p-Gnutella08,-0.006746861812329197,p2p-Gnutella08 rf
0.5899836270485705,0.758034031134112,0.0,0.0700636942675159,1.0544997048475666,1,node+edge+subgraph+dynamic,62,2.3444345999996585,1.6650392000055945,spread_cv,p2p-Gnutella08,2,0.5828569249406331,0.7548556317084455,0.0,0.0700636942675159,1.0643848736011192,56,2.509755099978065,1.6650392000055945,p2p-Gnutella08,-0.0071267021079374215,p2p-Gnutella08 rf
0.5923360964142178,0.7606253760991445,0.0,0.0668789808917197,1.0468761142385412,1,node+edge+subgraph+dynamic,62,2.25329260000035,1.6650392000055945,spread_cv,p2p-Gnutella08,3,0.5845648639234489,0.7566580068761769,0.0,0.0668789808917197,1.0575667409914264,56,2.637983799999347,1.6650392000055945,p2p-Gnutella08,-0.007771232490768942,p2p-Gnutella08 rf
0.5950556573078158,0.7638891664336357,0.0,0.0668789808917197,1.0438230179281611,1,node+edge+subgraph+dynamic,62,2.3280286000008346,1.6650392000055945,spread_cv,p2p-Gnutella08,4,0.5873409467123248,0.7600912622031912,0.0,0.0668789808917197,1.054579799169054,56,2.567074400023557,1.6650392000055945,p2p-Gnutella08,-0.007714710595491003,p2p-Gnutella08 rf
0.5897825289145382,0.7578225780107853,0.0,0.0796178343949044,1.0552016449759765,1,node+edge+subgraph+dynamic,62,2.42132649999985,1.6650392000055945,spread_cv,p2p-Gnutella08,5,0.582725986805252,0.7545002523932453,0.0,0.0796178343949044,1.065069349396475,56,2.508626299997559,1.6650392000055945,p2p-Gnutella08,-0.00705654210928619,p2p-Gnutella08 rf
0.5941669525694384,0.7615039608535996,0.0161290322580645,0.0859872611464968,1.0507871197693242,1,node+edge+subgraph+dynamic,62,2.365170900000521,1.6650392000055945,spread_cv,p2p-Gnutella08,6,0.5863225626010483,0.7577078724084718,0.0161290322580645,0.0859872611464968,1.0612400452584334,56,2.6458279000071343,1.6650392000055945,p2p-Gnutella08,-0.007844389968390098,p2p-Gnutella08 rf
0.5921932509623742,0.7603738236866242,0.0161290322580645,0.0477707006369426,1.050172156418297,1,node+edge+subgraph+dynamic,62,2.3057967999993707,1.6650392000055945,spread_cv,p2p-Gnutella08,7,0.5850857441785677,0.7571584104377256,0.0161290322580645,0.0509554140127388,1.0604177824181382,56,2.574015300022438,1.6650392000055945,p2p-Gnutella08,-0.00710750678380645,p2p-Gnutella08 rf
0.5924838433346535,0.7606000980122276,0.0,0.0796178343949044,1.0498480557781906,1,node+edge+subgraph+dynamic,62,2.211543999999776,1.6650392000055945,spread_cv,p2p-Gnutella08,8,0.5847754120142291,0.7568485878779393,0.0,0.0796178343949044,1.0607226158431995,56,2.4131838000030257,1.6650392000055945,p2p-Gnutella08,-0.007708431320424425,p2p-Gnutella08 rf
0.5907990440792439,0.7590721378079559,0.0,0.0700636942675159,1.0536266258318945,1,node+edge+subgraph+dynamic,62,2.196995300000708,1.6650392000055945,spread_cv,p2p-Gnutella08,9,0.5836009185214476,0.7557654693539834,0.0,0.0700636942675159,1.063862458340323,56,2.4781357999891043,1.6650392000055945,p2p-Gnutella08,-0.007198125557796309,p2p-Gnutella08 rf
0.2561303735685523,0.3551256652550207,0.1129032258064516,0.3503184713375796,0.0939207400448733,1,node+edge+subgraph,62,2.841902600001049,1.6650392000055945,spread_resid,p2p-Gnutella08,0,0.249155909261832,0.3464578906018238,0.1451612903225806,0.3566878980891719,0.0939281932764491,56,3.1201299999956973,1.6650392000055945,p2p-Gnutella08,-0.006974464306720274,p2p-Gnutella08 rf
0.2583380314296003,0.358062076165216,0.1774193548387097,0.3598726114649681,0.0924489266700058,1,node+edge+subgraph,62,2.9277796000005765,1.6650392000055945,spread_resid,p2p-Gnutella08,1,0.2519583527709392,0.3501436970468009,0.1774193548387097,0.3503184713375796,0.0924699181659809,56,3.2688937000057194,1.6650392000055945,p2p-Gnutella08,-0.006379678658661125,p2p-Gnutella08 rf
0.2531602984288404,0.3514466691578895,0.1451612903225806,0.340764331210191,0.0935186939398419,1,node+edge+subgraph,62,2.8546196999996027,1.6650392000055945,spread_resid,p2p-Gnutella08,2,0.2467493068804777,0.3435581217020371,0.1451612903225806,0.3375796178343949,0.0935326470369195,56,3.310078400012572,1.6650392000055945,p2p-Gnutella08,-0.006410991548362721,p2p-Gnutella08 rf
0.2582519410277839,0.3561102864842716,0.0967741935483871,0.3375796178343949,0.094073057499238,1,node+edge+subgraph,62,2.878668800000014,1.6650392000055945,spread_resid,p2p-Gnutella08,3,0.251139581612851,0.3478197986552725,0.0967741935483871,0.3375796178343949,0.0941007356387991,56,3.222902899986366,1.6650392000055945,p2p-Gnutella08,-0.007112359414932934,p2p-Gnutella08 rf
0.2585791175521612,0.3586264706092567,0.1290322580645161,0.3598726114649681,0.0927252365549634,1,node+edge+subgraph,62,3.0243492999998125,1.6650392000055945,spread_resid,p2p-Gnutella08,4,0.2536748047015155,0.3523029844071836,0.1290322580645161,0.3598726114649681,0.0927637109103544,56,3.147349299979396,1.6650392000055945,p2p-Gnutella08,-0.004904312850645687,p2p-Gnutella08 rf
0.2482025930577709,0.3433311662688904,0.1129032258064516,0.340764331210191,0.0948618398312158,1,node+edge+subgraph,62,2.8587310000002617,1.6650392000055945,spread_resid,p2p-Gnutella08,5,0.2430538180348914,0.3370481496732398,0.1129032258064516,0.3535031847133758,0.0948877597053394,56,3.3441700999974278,1.6650392000055945,p2p-Gnutella08,-0.005148775022879498,p2p-Gnutella08 rf
0.2582557172515402,0.358088687598628,0.1451612903225806,0.3439490445859872,0.0937673385057261,1,node+edge+subgraph,62,2.827163699999801,1.6650392000055945,spread_resid,p2p-Gnutella08,6,0.2518483658492829,0.3501218204805679,0.1451612903225806,0.3503184713375796,0.0938055720027846,56,3.101976799982367,1.6650392000055945,p2p-Gnutella08,-0.006407351402257289,p2p-Gnutella08 rf
0.2611854543040014,0.3612825610008853,0.1290322580645161,0.3375796178343949,0.0937900963317195,1,node+edge+subgraph,62,2.825934599999528,1.6650392000055945,spread_resid,p2p-Gnutella08,7,0.2563417486363668,0.3554227623823974,0.1290322580645161,0.3471337579617834,0.0937928384991667,56,3.211652199999662,1.6650392000055945,p2p-Gnutella08,-0.004843705667634646,p2p-Gnutella08 rf
0.2507929754507236,0.3469864958978761,0.1290322580645161,0.3566878980891719,0.0944416515703479,1,node+edge+subgraph,62,3.0456571000013355,1.6650392000055945,spread_resid,p2p-Gnutella08,8,0.2459633424158769,0.3411618984486262,0.1290322580645161,0.3662420382165605,0.0944684464793719,56,3.326230200007558,1.6650392000055945,p2p-Gnutella08,-0.004829633034846709,p2p-Gnutella08 rf
0.2550650819290898,0.3530043123935238,0.1612903225806451,0.3535031847133758,0.0935575920886743,1,node+edge+subgraph,62,3.133257900000899,1.6650392000055945,spread_resid,p2p-Gnutella08,9,0.2477554279855257,0.3437659599008219,0.1774193548387097,0.3471337579617834,0.0935962268661997,56,3.2871042999904603,1.6650392000055945,p2p-Gnutella08,-0.007309653943564087,p2p-Gnutella08 rf
0.2561303735685523,0.3551256652550207,0.1129032258064516,0.3503184713375796,0.0939207400448733,1,node+edge+subgraph+dynamic,62,2.958222299999761,1.6650392000055945,spread_resid,p2p-Gnutella08,0,0.249155909261832,0.3464578906018238,0.1451612903225806,0.3566878980891719,0.0939281932764491,56,3.1512449999863748,1.6650392000055945,p2p-Gnutella08,-0.006974464306720274,p2p-Gnutella08 rf
0.2583380314296003,0.358062076165216,0.1774193548387097,0.3598726114649681,0.0924489266700058,1,node+edge+subgraph+dynamic,62,2.795914999998786,1.6650392000055945,spread_resid,p2p-Gnutella08,1,0.2519583527709392,0.3501436970468009,0.1774193548387097,0.3503184713375796,0.0924699181659809,56,2.868559800001094,1.6650392000055945,p2p-Gnutella08,-0.006379678658661125,p2p-Gnutella08 rf
0.2531602984288404,0.3514466691578895,0.1451612903225806,0.340764331210191,0.0935186939398419,1,node+edge+subgraph+dynamic,62,3.1455273000010493,1.6650392000055945,spread_resid,p2p-Gnutella08,2,0.2467493068804777,0.3435581217020371,0.1451612903225806,0.3375796178343949,0.0935326470369195,56,2.8625801999878604,1.6650392000055945,p2p-Gnutella08,-0.006410991548362721,p2p-Gnutella08 rf
0.2582519410277839,0.3561102864842716,0.0967741935483871,0.3375796178343949,0.094073057499238,1,node+edge+subgraph+dynamic,62,3.0244433999996545,1.6650392000055945,spread_resid,p2p-Gnutella08,3,0.251139581612851,0.3478197986552725,0.0967741935483871,0.3375796178343949,0.0941007356387991,56,2.9214911999879405,1.6650392000055945,p2p-Gnutella08,-0.007112359414932934,p2p-Gnutella08 rf
0.2585791175521612,0.3586264706092567,0.1290322580645161,0.3598726114649681,0.0927252365549634,1,node+edge+subgraph+dynamic,62,3.023184699999547,1.6650392000055945,spread_resid,p2p-Gnutella08,4,0.2536748047015155,0.3523029844071836,0.1290322580645161,0.3598726114649681,0.0927637109103544,56,2.8985300000058487,1.6650392000055945,p2p-Gnutella08,-0.004904312850645687,p2p-Gnutella08 rf
0.2482025930577709,0.3433311662688904,0.1129032258064516,0.340764331210191,0.0948618398312158,1,node+edge+subgraph+dynamic,62,2.910554699999921,1.6650392000055945,spread_resid,p2p-Gnutella08,5,0.2430538180348914,0.3370481496732398,0.1129032258064516,0.3535031847133758,0.0948877597053394,56,2.9964731999789365,1.6650392000055945,p2p-Gnutella08,-0.005148775022879498,p2p-Gnutella08 rf
0.2582557172515402,0.358088687598628,0.1451612903225806,0.3439490445859872,0.0937673385057261,1,node+edge+subgraph+dynamic,62,2.9468527999997605,1.6650392000055945,spread_resid,p2p-Gnutella08,6,0.2518483658492829,0.3501218204805679,0.1451612903225806,0.3503184713375796,0.0938055720027846,56,2.780660899996292,1.6650392000055945,p2p-Gnutella08,-0.006407351402257289,p2p-Gnutella08 rf
0.2611854543040014,0.3612825610008853,0.1290322580645161,0.3375796178343949,0.0937900963317195,1,node+edge+subgraph+dynamic,62,2.874306899999283,1.6650392000055945,spread_resid,p2p-Gnutella08,7,0.2563417486363668,0.3554227623823974,0.1290322580645161,0.3471337579617834,0.0937928384991667,56,2.813935699989088,1.6650392000055945,p2p-Gnutella08,-0.004843705667634646,p2p-Gnutella08 rf
0.2507929754507236,0.3469864958978761,0.1290322580645161,0.3566878980891719,0.0944416515703479,1,node+edge+subgraph+dynamic,62,2.9559904000016104,1.6650392000055945,spread_resid,p2p-Gnutella08,8,0.2459633424158769,0.3411618984486262,0.1290322580645161,0.3662420382165605,0.0944684464793719,56,2.830452399997739,1.6650392000055945,p2p-Gnutella08,-0.004829633034846709,p2p-Gnutella08 rf
0.2550650819290898,0.3530043123935238,0.1612903225806451,0.3535031847133758,0.0935575920886743,1,node+edge+subgraph+dynamic,62,3.2249770000016724,1.6650392000055945,spread_resid,p2p-Gnutella08,9,0.2477554279855257,0.3437659599008219,0.1774193548387097,0.3471337579617834,0.0935962268661997,56,2.7910337999928743,1.6650392000055945,p2p-Gnutella08,-0.007309653943564087,p2p-Gnutella08 rf
0.9234894589656002,0.9900336764359045,0.8387096774193549,0.802547770700637,5825.724212977119,1,node+edge+subgraph,62,2.214847400000508,1.6650392000055945,betweenness,p2p-Gnutella08,0,0.9230582978680084,0.9899093979360788,0.8387096774193549,0.802547770700637,5831.752749845927,56,1.9165924999979325,1.6650392000055945,p2p-Gnutella08,-0.00043116109759178123,p2p-Gnutella08 rf
0.923416198265785,0.9899299165897448,0.8225806451612904,0.7993630573248408,5853.432180267314,1,node+edge+subgraph,62,2.180985499999224,1.6650392000055945,betweenness,p2p-Gnutella08,1,0.9230299728291094,0.9898143978865316,0.8225806451612904,0.7961783439490446,5825.597981284839,56,2.0168624999932945,1.6650392000055945,p2p-Gnutella08,-0.0003862254366756579,p2p-Gnutella08 rf
0.9229344714377944,0.989921056380574,0.8548387096774194,0.7866242038216561,5678.981369306986,1,node+edge+subgraph,62,2.067458600000464,1.6650392000055945,betweenness,p2p-Gnutella08,2,0.9225314940709872,0.9898200619629196,0.8387096774193549,0.7961783439490446,5689.095050369967,56,1.9498433000117077,1.6650392000055945,p2p-Gnutella08,-0.0004029773668071668,p2p-Gnutella08 rf
0.9233970361275146,0.9899902188760956,0.8387096774193549,0.7961783439490446,5959.416705773097,1,node+edge+subgraph,62,2.0785157999998773,1.6650392000055945,betweenness,p2p-Gnutella08,3,0.9230358217534936,0.9898930881205504,0.8387096774193549,0.7961783439490446,5964.103817296351,56,1.9250523999799043,1.6650392000055945,p2p-Gnutella08,-0.00036121437402092393,p2p-Gnutella08 rf
0.9233712388511452,0.9900378026269606,0.8064516129032258,0.8089171974522293,5906.275370804553,1,node+edge+subgraph,62,2.09738809999908,1.6650392000055945,betweenness,p2p-Gnutella08,4,0.9228232231877972,0.9898846177738352,0.8064516129032258,0.8089171974522293,5931.4845842069735,56,1.967215199983912,1.6650392000055945,p2p-Gnutella08,-0.000548015663348056,p2p-Gnutella08 rf
0.9236051056360066,0.9900583552121116,0.8548387096774194,0.7834394904458599,5768.785320462841,1,node+edge+subgraph,62,2.058542900000248,1.6650392000055945,betweenness,p2p-Gnutella08,5,0.9234197530984152,0.9900036098854054,0.8387096774193549,0.7834394904458599,5780.988700780138,56,1.9307981999882031,1.6650392000055945,p2p-Gnutella08,-0.00018535253759144332,p2p-Gnutella08 rf
0.9235727513245436,0.9900505391006932,0.8387096774193549,0.7993630573248408,5782.253129658008,1,node+edge+subgraph,62,2.0590643000014097,1.6650392000055945,betweenness,p2p-Gnutella08,6,0.9231386554240358,0.9899085221830622,0.8387096774193549,0.7993630573248408,5808.751117524392,56,1.967732799996156,1.6650392000055945,p2p-Gnutella08,-0.00043409590050780267,p2p-Gnutella08 rf
0.9227030007169252,0.9897987129370716,0.8709677419354839,0.7993630573248408,5727.987291525977,1,node+edge+subgraph,62,2.079039000000193,1.6650392000055945,betweenness,p2p-Gnutella08,7,0.922310580051673,0.9896805740396212,0.8709677419354839,0.802547770700637,5729.881318091228,56,2.016659200016875,1.6650392000055945,p2p-Gnutella08,-0.0003924206652522466,p2p-Gnutella08 rf
0.9234235221662148,0.9900058076446052,0.8387096774193549,0.802547770700637,5624.763228025088,1,node+edge+subgraph,62,2.252643800000442,1.6650392000055945,betweenness,p2p-Gnutella08,8,0.9231928808949976,0.9899488282504708,0.8387096774193549,0.7961783439490446,5645.302278388133,56,2.006719299999532,1.6650392000055945,p2p-Gnutella08,-0.00023064127121719125,p2p-Gnutella08 rf
0.923439885477317,0.990050313377468,0.8225806451612904,0.8057324840764332,5764.367034041459,1,node+edge+subgraph,62,2.1730182000010245,1.6650392000055945,betweenness,p2p-Gnutella08,9,0.9229612814497142,0.9899197112368052,0.8064516129032258,0.8057324840764332,5763.357858265678,56,1.9786199000081977,1.6650392000055945,p2p-Gnutella08,-0.0004786040276028025,p2p-Gnutella08 rf
0.9234894589656002,0.9900336764359045,0.8387096774193549,0.802547770700637,5825.724212977119,1,node+edge+subgraph+dynamic,62,2.068146199999319,1.6650392000055945,betweenness,p2p-Gnutella08,0,0.9230582978680084,0.9899093979360788,0.8387096774193549,0.802547770700637,5831.752749845926,56,2.00905920000514,1.6650392000055945,p2p-Gnutella08,-0.00043116109759178123,p2p-Gnutella08 rf
0.923416198265785,0.9899299165897448,0.8225806451612904,0.7993630573248408,5853.432180267314,1,node+edge+subgraph+dynamic,62,2.087223200000153,1.6650392000055945,betweenness,p2p-Gnutella08,1,0.9230299728291094,0.9898143978865316,0.8225806451612904,0.7961783439490446,5825.597981284838,56,1.944602700008545,1.6650392000055945,p2p-Gnutella08,-0.0003862254366756579,p2p-Gnutella08 rf
0.9229344714377944,0.989921056380574,0.8548387096774194,0.7866242038216561,5678.981369306986,1,node+edge+subgraph+dynamic,62,2.129120100000364,1.6650392000055945,betweenness,p2p-Gnutella08,2,0.9225314940709872,0.9898200619629196,0.8387096774193549,0.7961783439490446,5689.095050369968,56,1.99957019998692,1.6650392000055945,p2p-Gnutella08,-0.0004029773668071668,p2p-Gnutella08 rf
0.9233970361275146,0.9899902188760956,0.8387096774193549,0.7961783439490446,5959.416705773097,1,node+edge+subgraph+dynamic,62,2.238717000000179,1.6650392000055945,betweenness,p2p-Gnutella08,3,0.9230358217534936,0.9898930881205504,0.8387096774193549,0.7961783439490446,5964.103817296351,56,1.9974306999938565,1.6650392000055945,p2p-Gnutella08,-0.00036121437402092393,p2p-Gnutella08 rf
0.9233712388511452,0.9900378026269606,0.8064516129032258,0.8089171974522293,5906.275370804553,1,node+edge+subgraph+dynamic,62,2.205082799999218,1.6650392000055945,betweenness,p2p-Gnutella08,4,0.9228232231877972,0.9898846177738352,0.8064516129032258,0.8089171974522293,5931.4845842069735,56,2.013832299999194,1.6650392000055945,p2p-Gnutella08,-0.000548015663348056,p2p-Gnutella08 rf
0.9236051056360066,0.9900583552121116,0.8548387096774194,0.7834394904458599,5768.785320462842,1,node+edge+subgraph+dynamic,62,2.2317008999998507,1.6650392000055945,betweenness,p2p-Gnutella08,5,0.9234197530984152,0.9900036098854054,0.8387096774193549,0.7834394904458599,5780.988700780138,56,2.0460326000174973,1.6650392000055945,p2p-Gnutella08,-0.00018535253759144332,p2p-Gnutella08 rf
0.9235727513245436,0.9900505391006932,0.8387096774193549,0.7993630573248408,5782.253129658008,1,node+edge+subgraph+dynamic,62,2.094243600000482,1.6650392000055945,betweenness,p2p-Gnutella08,6,0.9231386554240358,0.9899085221830622,0.8387096774193549,0.7993630573248408,5808.751117524392,56,2.050090400007321,1.6650392000055945,p2p-Gnutella08,-0.00043409590050780267,p2p-Gnutella08 rf
0.9227030007169252,0.9897987129370716,0.8709677419354839,0.7993630573248408,5727.987291525977,1,node+edge+subgraph+dynamic,62,2.1011311000002024,1.6650392000055945,betweenness,p2p-Gnutella08,7,0.922310580051673,0.9896805740396212,0.8709677419354839,0.802547770700637,5729.881318091228,56,1.9831312000169417,1.6650392000055945,p2p-Gnutella08,-0.0003924206652522466,p2p-Gnutella08 rf
0.9234235221662148,0.9900058076446052,0.8387096774193549,0.802547770700637,5624.763228025088,1,node+edge+subgraph+dynamic,62,2.1252330000006623,1.6650392000055945,betweenness,p2p-Gnutella08,8,0.9231928808949976,0.9899488282504708,0.8387096774193549,0.7961783439490446,5645.302278388132,56,1.993513399997028,1.6650392000055945,p2p-Gnutella08,-0.00023064127121719125,p2p-Gnutella08 rf
0.923439885477317,0.990050313377468,0.8225806451612904,0.8057324840764332,5764.36703404146,1,node+edge+subgraph+dynamic,62,2.0934263999988616,1.6650392000055945,betweenness,p2p-Gnutella08,9,0.9229612814497142,0.9899197112368052,0.8064516129032258,0.8057324840764332,5763.357858265678,56,1.955452199996216,1.6650392000055945,p2p-Gnutella08,-0.0004786040276028025,p2p-Gnutella08 rf
0.8088759383488809,0.9463950126118464,0.9516129032258064,0.9585987261146496,2.692754962108197,1,node+edge+subgraph,62,1.3104486000011093,1.6650392000055945,spread_mean,p2p-Gnutella08,0,0.7995205948869702,0.9421731352552316,0.9516129032258064,0.9554140127388536,2.905138539333398,56,5.328204500023276,1.6650392000055945,p2p-Gnutella08,-0.009355343461910692,p2p-Gnutella08 hgb
0.8089482803103308,0.946310409279136,0.967741935483871,0.9490445859872612,2.761031629599482,1,node+edge+subgraph,62,1.710935499999323,1.6650392000055945,spread_mean,p2p-Gnutella08,1,0.7986847656529157,0.9418509888136302,0.9516129032258064,0.9585987261146496,2.942016720085366,56,1.5099961000087203,1.6650392000055945,p2p-Gnutella08,-0.010263514657415151,p2p-Gnutella08 hgb
0.8081831460960265,0.9458864551773324,0.9516129032258064,0.9554140127388536,2.6321255593011235,1,node+edge+subgraph,62,1.578428299995721,1.6650392000055945,spread_mean,p2p-Gnutella08,2,0.798952637402516,0.9419485822065738,0.9516129032258064,0.9554140127388536,2.809408676356416,56,1.3905639000004155,1.6650392000055945,p2p-Gnutella08,-0.009230508693510497,p2p-Gnutella08 hgb
0.8083689824526853,0.946056961456827,0.967741935483871,0.9522292993630572,2.704290437204981,1,node+edge+subgraph,62,1.2671208000028855,1.6650392000055945,spread_mean,p2p-Gnutella08,3,0.7985418264206579,0.9416565164750964,0.967741935483871,0.9522292993630572,2.953790516265873,56,1.4250262999848928,1.6650392000055945,p2p-Gnutella08,-0.00982715603202744,p2p-Gnutella08 hgb
0.8091786828235642,0.9465473749377517,0.967741935483871,0.9490445859872612,2.6470750183485388,1,node+edge+subgraph,62,1.135522199998377,1.6650392000055945,spread_mean,p2p-Gnutella08,4,0.7992331409161781,0.9420489664289744,0.9516129032258064,0.9394904458598726,2.855268298128184,56,1.4167781999858562,1.6650392000055945,p2p-Gnutella08,-0.009945541907386057,p2p-Gnutella08 hgb
0.8086662811188673,0.946279084488093,0.967741935483871,0.9490445859872612,2.630250746216268,1,node+edge+subgraph,62,1.2073721999986446,1.6650392000055945,spread_mean,p2p-Gnutella08,5,0.7996406124104368,0.9423039273339014,0.967741935483871,0.9490445859872612,2.8633049146880314,56,1.4925133000069764,1.6650392000055945,p2p-Gnutella08,-0.009025668708430468,p2p-Gnutella08 hgb
0.8099395113272831,0.9468104713142708,0.9516129032258064,0.9554140127388536,2.572444887132052,1,node+edge+subgraph,62,1.0988837999975658,1.6650392000055945,spread_mean,p2p-Gnutella08,6,0.8002201597068699,0.9425782076678598,0.9516129032258064,0.9585987261146496,2.7854984627818555,56,1.3776497000071686,1.6650392000055945,p2p-Gnutella08,-0.009719351620413264,p2p-Gnutella08 hgb
0.8094152200284258,0.9464851233263524,0.967741935483871,0.9490445859872612,2.6724530289992434,1,node+edge+subgraph,62,1.099340000000666,1.6650392000055945,spread_mean,p2p-Gnutella08,7,0.8003960004667654,0.9425832641350296,0.9516129032258064,0.9490445859872612,2.8480615717157134,56,1.3787996999744792,1.6650392000055945,p2p-Gnutella08,-0.009019219561660408,p2p-Gnutella08 hgb
0.8096594946861604,0.9466612673565408,0.9516129032258064,0.961783439490446,2.6433163573480507,1,node+edge+subgraph,62,1.20707389999734,1.6650392000055945,spread_mean,p2p-Gnutella08,8,0.8000281361279358,0.9424504162249128,0.9516129032258064,0.9585987261146496,2.848832180980569,56,1.52656769999885,1.6650392000055945,p2p-Gnutella08,-0.009631358558224612,p2p-Gnutella08 hgb
0.8089364452331365,0.946392243707594,0.967741935483871,0.945859872611465,2.650574380162657,1,node+edge+subgraph,62,1.2080107999936445,1.6650392000055945,spread_mean,p2p-Gnutella08,9,0.7983400569631693,0.9417746299317092,0.967741935483871,0.9394904458598726,2.871520034822076,56,1.4832682999840472,1.6650392000055945,p2p-Gnutella08,-0.010596388269967116,p2p-Gnutella08 hgb
0.8088759383488809,0.9463950126118464,0.9516129032258064,0.9585987261146496,2.692754962108197,1,node+edge+subgraph+dynamic,62,1.1822774999964167,1.6650392000055945,spread_mean,p2p-Gnutella08,0,0.7995205948869702,0.9421731352552316,0.9516129032258064,0.9554140127388536,2.905138539333398,56,1.43273020000197,1.6650392000055945,p2p-Gnutella08,-0.009355343461910692,p2p-Gnutella08 hgb
0.8089482803103308,0.946310409279136,0.967741935483871,0.9490445859872612,2.761031629599482,1,node+edge+subgraph+dynamic,62,1.256154199996672,1.6650392000055945,spread_mean,p2p-Gnutella08,1,0.7986847656529157,0.9418509888136302,0.9516129032258064,0.9585987261146496,2.942016720085366,56,1.423119199986104,1.6650392000055945,p2p-Gnutella08,-0.010263514657415151,p2p-Gnutella08 hgb
0.8081831460960265,0.9458864551773324,0.9516129032258064,0.9554140127388536,2.6321255593011235,1,node+edge+subgraph+dynamic,62,1.1862088999987463,1.6650392000055945,spread_mean,p2p-Gnutella08,2,0.798952637402516,0.9419485822065738,0.9516129032258064,0.9554140127388536,2.809408676356416,56,1.4788535999832677,1.6650392000055945,p2p-Gnutella08,-0.009230508693510497,p2p-Gnutella08 hgb
0.8083689824526853,0.946056961456827,0.967741935483871,0.9522292993630572,2.704290437204981,1,node+edge+subgraph+dynamic,62,1.0682758999973885,1.6650392000055945,spread_mean,p2p-Gnutella08,3,0.7985418264206579,0.9416565164750964,0.967741935483871,0.9522292993630572,2.953790516265873,56,1.4457467999891378,1.6650392000055945,p2p-Gnutella08,-0.00982715603202744,p2p-Gnutella08 hgb
0.8091786828235642,0.9465473749377517,0.967741935483871,0.9490445859872612,2.6470750183485388,1,node+edge+subgraph+dynamic,62,1.0932010000033188,1.6650392000055945,spread_mean,p2p-Gnutella08,4,0.7992331409161781,0.9420489664289744,0.9516129032258064,0.9394904458598726,2.855268298128184,56,1.412013900000602,1.6650392000055945,p2p-Gnutella08,-0.009945541907386057,p2p-Gnutella08 hgb
0.8086662811188673,0.946279084488093,0.967741935483871,0.9490445859872612,2.630250746216268,1,node+edge+subgraph+dynamic,62,1.035505200001353,1.6650392000055945,spread_mean,p2p-Gnutella08,5,0.7996406124104368,0.9423039273339014,0.967741935483871,0.9490445859872612,2.8633049146880314,56,1.519850700016832,1.6650392000055945,p2p-Gnutella08,-0.009025668708430468,p2p-Gnutella08 hgb
0.8099395113272831,0.9468104713142708,0.9516129032258064,0.9554140127388536,2.572444887132052,1,node+edge+subgraph+dynamic,62,1.0494191000034334,1.6650392000055945,spread_mean,p2p-Gnutella08,6,0.8002201597068699,0.9425782076678598,0.9516129032258064,0.9585987261146496,2.7854984627818555,56,1.4513428999925964,1.6650392000055945,p2p-Gnutella08,-0.009719351620413264,p2p-Gnutella08 hgb
0.8094152200284258,0.9464851233263524,0.967741935483871,0.9490445859872612,2.6724530289992434,1,node+edge+subgraph+dynamic,62,1.0357786000022315,1.6650392000055945,spread_mean,p2p-Gnutella08,7,0.8003960004667654,0.9425832641350296,0.9516129032258064,0.9490445859872612,2.8480615717157134,56,1.4416019000054805,1.6650392000055945,p2p-Gnutella08,-0.009019219561660408,p2p-Gnutella08 hgb
0.8096594946861604,0.9466612673565408,0.9516129032258064,0.961783439490446,2.6433163573480507,1,node+edge+subgraph+dynamic,62,1.0206294000017806,1.6650392000055945,spread_mean,p2p-Gnutella08,8,0.8000281361279358,0.9424504162249128,0.9516129032258064,0.9585987261146496,2.848832180980569,56,1.439356399991084,1.6650392000055945,p2p-Gnutella08,-0.009631358558224612,p2p-Gnutella08 hgb
0.8089364452331365,0.946392243707594,0.967741935483871,0.945859872611465,2.650574380162657,1,node+edge+subgraph+dynamic,62,0.9993829999948504,1.6650392000055945,spread_mean,p2p-Gnutella08,9,0.7983400569631693,0.9417746299317092,0.967741935483871,0.9394904458598726,2.871520034822076,56,1.458240099978866,1.6650392000055945,p2p-Gnutella08,-0.010596388269967116,p2p-Gnutella08 hgb
0.5979757755507598,0.7648064324183322,0.0,0.0891719745222929,1.041763451597269,1,node+edge+subgraph,62,1.303350200003479,1.6650392000055945,spread_cv,p2p-Gnutella08,0,0.5902412290171797,0.7610970395616635,0.0,0.0828025477707006,1.0520688124476274,56,1.6785385999828577,1.6650392000055945,p2p-Gnutella08,-0.007734546533580078,p2p-Gnutella08 hgb
0.598528795040138,0.7662527529528755,0.0161290322580645,0.0732484076433121,1.038259393332316,1,node+edge+subgraph,62,1.3735379999998258,1.6650392000055945,spread_cv,p2p-Gnutella08,1,0.5908499492136087,0.7629004777312053,0.0161290322580645,0.0668789808917197,1.048008637432563,56,1.6241752000059932,1.6650392000055945,p2p-Gnutella08,-0.007678845826529335,p2p-Gnutella08 hgb
0.5950232470915231,0.7623400368393369,0.0,0.0732484076433121,1.0467710556034282,1,node+edge+subgraph,62,1.4816238999992493,1.6650392000055945,spread_cv,p2p-Gnutella08,2,0.5879519087317121,0.7591660379951606,0.0,0.0700636942675159,1.0564753611959414,56,1.5719291999994311,1.6650392000055945,p2p-Gnutella08,-0.007071338359810997,p2p-Gnutella08 hgb
0.5969052418219982,0.7640790972978181,0.0,0.0668789808917197,1.0425206690847812,1,node+edge+subgraph,62,1.512238299997989,1.6650392000055945,spread_cv,p2p-Gnutella08,3,0.5894087105773654,0.7605508719858741,0.0,0.0668789808917197,1.0525006602922242,56,1.5758960999955889,1.6650392000055945,p2p-Gnutella08,-0.007496531244632787,p2p-Gnutella08 hgb
0.5979079169584834,0.7660224287958012,0.0,0.0828025477707006,1.0403537453221618,1,node+edge+subgraph,62,1.4788634999931674,1.6650392000055945,spread_cv,p2p-Gnutella08,4,0.591070305247881,0.7627607015354289,0.0,0.0732484076433121,1.0499907979186442,56,1.6105670999968424,1.6650392000055945,p2p-Gnutella08,-0.006837611710602487,p2p-Gnutella08 hgb
0.5958520158963587,0.762798514136605,0.0,0.0859872611464968,1.0493423565726416,1,node+edge+subgraph,62,1.2574594000034267,1.6650392000055945,spread_cv,p2p-Gnutella08,5,0.5886700563916334,0.7594674109752493,0.0,0.0796178343949044,1.058821110001083,56,1.5494502000219654,1.6650392000055945,p2p-Gnutella08,-0.007181959504725333,p2p-Gnutella08 hgb
0.5981562937923203,0.7647431330173982,0.0,0.0796178343949044,1.0441697475599268,1,node+edge+subgraph,62,1.2149541000035242,1.6650392000055945,spread_cv,p2p-Gnutella08,6,0.5896760021096523,0.7605632376046363,0.0161290322580645,0.0700636942675159,1.0548627634933934,56,1.5794218000082765,1.6650392000055945,p2p-Gnutella08,-0.00848029168266795,p2p-Gnutella08 hgb
0.5981311353202253,0.7652605895881263,0.0,0.0700636942675159,1.0431841714605707,1,node+edge+subgraph,62,1.1783226000043214,1.6650392000055945,spread_cv,p2p-Gnutella08,7,0.5914195568849824,0.7624160267051441,0.0,0.0764331210191082,1.0523116842147078,56,1.5699795999971684,1.6650392000055945,p2p-Gnutella08,-0.006711578435242949,p2p-Gnutella08 hgb
0.5968093867505195,0.7638389184672302,0.0,0.0732484076433121,1.0443535956090793,1,node+edge+subgraph,62,1.147561300000234,1.6650392000055945,spread_cv,p2p-Gnutella08,8,0.5896715568196035,0.7606804288945936,0.0,0.0859872611464968,1.0532469798514732,56,1.5884382000076585,1.6650392000055945,p2p-Gnutella08,-0.007137829930916051,p2p-Gnutella08 hgb
0.595765670339678,0.7631891670730606,0.0,0.0732484076433121,1.046346886787463,1,node+edge+subgraph,62,1.1915348000038648,1.6650392000055945,spread_cv,p2p-Gnutella08,9,0.589198098121505,0.7605747257353531,0.0,0.0732484076433121,1.055688512379391,56,1.5932637999940198,1.6650392000055945,p2p-Gnutella08,-0.006567572218172946,p2p-Gnutella08 hgb
0.5979757755507598,0.7648064324183322,0.0,0.0891719745222929,1.041763451597269,1,node+edge+subgraph+dynamic,62,1.2287495999989917,1.6650392000055945,spread_cv,p2p-Gnutella08,0,0.5902412290171797,0.7610970395616635,0.0,0.0828025477707006,1.0520688124476274,56,1.5396093000017572,1.6650392000055945,p2p-Gnutella08,-0.007734546533580078,p2p-Gnutella08 hgb
0.598528795040138,0.7662527529528755,0.0161290322580645,0.0732484076433121,1.038259393332316,1,node+edge+subgraph+dynamic,62,1.2205924000008963,1.6650392000055945,spread_cv,p2p-Gnutella08,1,0.5908499492136087,0.7629004777312053,0.0161290322580645,0.0668789808917197,1.048008637432563,56,1.5453131000103897,1.6650392000055945,p2p-Gnutella08,-0.007678845826529335,p2p-Gnutella08 hgb
0.5950232470915231,0.7623400368393369,0.0,0.0732484076433121,1.0467710556034282,1,node+edge+subgraph+dynamic,62,1.3046496999959345,1.6650392000055945,spread_cv,p2p-Gnutella08,2,0.5879519087317121,0.7591660379951606,0.0,0.0700636942675159,1.0564753611959414,56,1.607305900019128,1.6650392000055945,p2p-Gnutella08,-0.007071338359810997,p2p-Gnutella08 hgb
0.5969052418219982,0.7640790972978181,0.0,0.0668789808917197,1.0425206690847812,1,node+edge+subgraph+dynamic,62,1.3869224000009126,1.6650392000055945,spread_cv,p2p-Gnutella08,3,0.5894087105773654,0.7605508719858741,0.0,0.0668789808917197,1.0525006602922242,56,1.5872107000031974,1.6650392000055945,p2p-Gnutella08,-0.007496531244632787,p2p-Gnutella08 hgb
0.5979079169584834,0.7660224287958012,0.0,0.0828025477707006,1.0403537453221618,1,node+edge+subgraph+dynamic,62,1.3479880000013509,1.6650392000055945,spread_cv,p2p-Gnutella08,4,0.591070305247881,0.7627607015354289,0.0,0.0732484076433121,1.0499907979186442,56,1.585430500010261,1.6650392000055945,p2p-Gnutella08,-0.006837611710602487,p2p-Gnutella08 hgb
0.5958520158963587,0.762798514136605,0.0,0.0859872611464968,1.0493423565726416,1,node+edge+subgraph+dynamic,62,1.1373798999993596,1.6650392000055945,spread_cv,p2p-Gnutella08,5,0.5886700563916334,0.7594674109752493,0.0,0.0796178343949044,1.058821110001083,56,1.5277395999873988,1.6650392000055945,p2p-Gnutella08,-0.007181959504725333,p2p-Gnutella08 hgb
0.5981562937923203,0.7647431330173982,0.0,0.0796178343949044,1.0441697475599268,1,node+edge+subgraph+dynamic,62,1.3575962000031725,1.6650392000055945,spread_cv,p2p-Gnutella08,6,0.5896760021096523,0.7605632376046363,0.0161290322580645,0.0700636942675159,1.0548627634933934,56,1.5758894000027794,1.6650392000055945,p2p-Gnutella08,-0.00848029168266795,p2p-Gnutella08 hgb
0.5981311353202253,0.7652605895881263,0.0,0.0700636942675159,1.0431841714605707,1,node+edge+subgraph+dynamic,62,1.2946300000039628,1.6650392000055945,spread_cv,p2p-Gnutella08,7,0.5914195568849824,0.7624160267051441,0.0,0.0764331210191082,1.0523116842147078,56,1.5607505999796558,1.6650392000055945,p2p-Gnutella08,-0.006711578435242949,p2p-Gnutella08 hgb
0.5968093867505195,0.7638389184672302,0.0,0.0732484076433121,1.0443535956090793,1,node+edge+subgraph+dynamic,62,1.2660722999935388,1.6650392000055945,spread_cv,p2p-Gnutella08,8,0.5896715568196035,0.7606804288945936,0.0,0.0859872611464968,1.0532469798514732,56,1.593731500004651,1.6650392000055945,p2p-Gnutella08,-0.007137829930916051,p2p-Gnutella08 hgb
0.595765670339678,0.7631891670730606,0.0,0.0732484076433121,1.046346886787463,1,node+edge+subgraph+dynamic,62,1.276360099996964,1.6650392000055945,spread_cv,p2p-Gnutella08,9,0.589198098121505,0.7605747257353531,0.0,0.0732484076433121,1.055688512379391,56,1.5362741999852003,1.6650392000055945,p2p-Gnutella08,-0.006567572218172946,p2p-Gnutella08 hgb
0.8886970848565564,0.9774846352404024,0.8548387096774194,0.7770700636942676,5905.792636428675,1,node+edge+subgraph,62,1.220126699998218,1.6650392000055945,betweenness,p2p-Gnutella08,0,0.8900297671434212,0.9783564948918008,0.8548387096774194,0.7802547770700637,5879.977356428004,56,1.5522693999810144,1.6650392000055945,p2p-Gnutella08,0.0013326822868647836,p2p-Gnutella08 hgb
0.889454686070182,0.977746140122789,0.8387096774193549,0.7961783439490446,5832.663965807965,1,node+edge+subgraph,62,1.1991526999991038,1.6650392000055945,betweenness,p2p-Gnutella08,1,0.8899646382671849,0.9783462600466636,0.8548387096774194,0.7929936305732485,5869.428392403021,56,1.497643499984406,1.6650392000055945,p2p-Gnutella08,0.0005099521970028942,p2p-Gnutella08 hgb
0.8894844407505522,0.9772792060940432,0.8225806451612904,0.7929936305732485,5722.479205880763,1,node+edge+subgraph,62,1.1677634999941802,1.6650392000055945,betweenness,p2p-Gnutella08,2,0.8904734515567577,0.978229131722051,0.8225806451612904,0.7961783439490446,5728.920022722691,56,1.4406845000048634,1.6650392000055945,p2p-Gnutella08,0.0009890108062055036,p2p-Gnutella08 hgb
0.8884518993185431,0.9766566058400628,0.8064516129032258,0.7929936305732485,6189.749113022845,1,node+edge+subgraph,62,1.1974297999986447,1.6650392000055945,betweenness,p2p-Gnutella08,3,0.8870710263594326,0.9757730331157192,0.8387096774193549,0.7961783439490446,6182.481457958186,56,1.4654113999858964,1.6650392000055945,p2p-Gnutella08,-0.0013808729591104907,p2p-Gnutella08 hgb
0.889725224490985,0.9770367147129558,0.8064516129032258,0.802547770700637,5614.64214192098,1,node+edge+subgraph,62,1.1616858999987016,1.6650392000055945,betweenness,p2p-Gnutella08,4,0.88960167105259,0.9771057081116896,0.8225806451612904,0.7993630573248408,5656.126031335398,56,1.4688937999890186,1.6650392000055945,p2p-Gnutella08,-0.00012355343839498545,p2p-Gnutella08 hgb
0.8894413107658545,0.9783003422482632,0.8387096774193549,0.7802547770700637,5952.185049696589,1,node+edge+subgraph,62,1.2013360999990257,1.6650392000055945,betweenness,p2p-Gnutella08,5,0.8893781347836269,0.9782246582953388,0.8548387096774194,0.7961783439490446,5999.672465228539,56,1.504457100003492,1.6650392000055945,p2p-Gnutella08,-6.317598222760346e-05,p2p-Gnutella08 hgb
0.8893614043723519,0.977298430165037,0.8387096774193549,0.802547770700637,5742.6525798774765,1,node+edge+subgraph,62,1.1726734999974724,1.6650392000055945,betweenness,p2p-Gnutella08,6,0.8889689325082205,0.9777072571446674,0.8548387096774194,0.7898089171974523,5730.654276489565,56,1.4664521999948192,1.6650392000055945,p2p-Gnutella08,-0.0003924718641313829,p2p-Gnutella08 hgb
0.8878772410254178,0.977449968780144,0.8225806451612904,0.7866242038216561,5748.87466095108,1,node+edge+subgraph,62,1.2004823999959626,1.6650392000055945,betweenness,p2p-Gnutella08,7,0.8873234504241073,0.9768725459841712,0.8387096774193549,0.7834394904458599,5789.068569803208,56,1.4826239999965765,1.6650392000055945,p2p-Gnutella08,-0.0005537906013104443,p2p-Gnutella08 hgb
0.8889485776184477,0.9777270316597418,0.8225806451612904,0.7993630573248408,5678.282478712078,1,node+edge+subgraph,62,1.1922854000004008,1.6650392000055945,betweenness,p2p-Gnutella08,8,0.8892983783457312,0.977358219113682,0.8387096774193549,0.7898089171974523,5703.5788903744615,56,1.4599946000089403,1.6650392000055945,p2p-Gnutella08,0.0003498007272835224,p2p-Gnutella08 hgb
0.8891162388861521,0.9781349364739818,0.8387096774193549,0.8057324840764332,5934.509042927592,1,node+edge+subgraph,62,1.2491115000011632,1.6650392000055945,betweenness,p2p-Gnutella08,9,0.889070252126947,0.9774741686345688,0.8548387096774194,0.7993630573248408,5945.037329985751,56,1.48722949999501,1.6650392000055945,p2p-Gnutella08,-4.598675920508555e-05,p2p-Gnutella08 hgb
0.8886970848565564,0.9774846352404024,0.8548387096774194,0.7770700636942676,5905.792636428675,1,node+edge+subgraph+dynamic,62,1.225485300004948,1.6650392000055945,betweenness,p2p-Gnutella08,0,0.8900297671434212,0.9783564948918008,0.8548387096774194,0.7802547770700637,5879.977356428004,56,1.5184768999752123,1.6650392000055945,p2p-Gnutella08,0.0013326822868647836,p2p-Gnutella08 hgb
0.889454686070182,0.977746140122789,0.8387096774193549,0.7961783439490446,5832.663965807965,1,node+edge+subgraph+dynamic,62,1.190119799997774,1.6650392000055945,betweenness,p2p-Gnutella08,1,0.8899646382671849,0.9783462600466636,0.8548387096774194,0.7929936305732485,5869.428392403021,56,1.50323859998025,1.6650392000055945,p2p-Gnutella08,0.0005099521970028942,p2p-Gnutella08 hgb
0.8894844407505522,0.9772792060940432,0.8225806451612904,0.7929936305732485,5722.479205880763,1,node+edge+subgraph+dynamic,62,1.1921428999994532,1.6650392000055945,betweenness,p2p-Gnutella08,2,0.8904734515567577,0.978229131722051,0.8225806451612904,0.7961783439490446,5728.920022722691,56,1.5157315999967975,1.6650392000055945,p2p-Gnutella08,0.0009890108062055036,p2p-Gnutella08 hgb
0.8884518993185431,0.9766566058400628,0.8064516129032258,0.7929936305732485,6189.749113022845,1,node+edge+subgraph+dynamic,62,1.187001799997233,1.6650392000055945,betweenness,p2p-Gnutella08,3,0.8870710263594326,0.9757730331157192,0.8387096774193549,0.7961783439490446,6182.481457958186,56,1.4471789999806788,1.6650392000055945,p2p-Gnutella08,-0.0013808729591104907,p2p-Gnutella08 hgb
0.889725224490985,0.9770367147129558,0.8064516129032258,0.802547770700637,5614.64214192098,1,node+edge+subgraph+dynamic,62,1.186049299998558,1.6650392000055945,betweenness,p2p-Gnutella08,4,0.88960167105259,0.9771057081116896,0.8225806451612904,0.7993630573248408,5656.126031335398,56,1.4721661000221502,1.6650392000055945,p2p-Gnutella08,-0.00012355343839498545,p2p-Gnutella08 hgb
0.8894413107658545,0.9783003422482632,0.8387096774193549,0.7802547770700637,5952.185049696589,1,node+edge+subgraph+dynamic,62,1.2231724000012036,1.6650392000055945,betweenness,p2p-Gnutella08,5,0.8893781347836269,0.9782246582953388,0.8548387096774194,0.7961783439490446,5999.672465228539,56,1.479276400001254,1.6650392000055945,p2p-Gnutella08,-6.317598222760346e-05,p2p-Gnutella08 hgb
0.8893614043723519,0.977298430165037,0.8387096774193549,0.802547770700637,5742.6525798774765,1,node+edge+subgraph+dynamic,62,1.3899703999995836,1.6650392000055945,betweenness,p2p-Gnutella08,6,0.8889689325082205,0.9777072571446674,0.8548387096774194,0.7898089171974523,5730.654276489565,56,1.459652300021844,1.6650392000055945,p2p-Gnutella08,-0.0003924718641313829,p2p-Gnutella08 hgb
0.8878772410254178,0.977449968780144,0.8225806451612904,0.7866242038216561,5748.87466095108,1,node+edge+subgraph+dynamic,62,1.490503200002422,1.6650392000055945,betweenness,p2p-Gnutella08,7,0.8873234504241073,0.9768725459841712,0.8387096774193549,0.7834394904458599,5789.068569803208,56,1.5183388000004925,1.6650392000055945,p2p-Gnutella08,-0.0005537906013104443,p2p-Gnutella08 hgb
0.8889485776184477,0.9777270316597418,0.8225806451612904,0.7993630573248408,5678.282478712078,1,node+edge+subgraph+dynamic,62,1.347296699997969,1.6650392000055945,betweenness,p2p-Gnutella08,8,0.8892983783457312,0.977358219113682,0.8387096774193549,0.7898089171974523,5703.5788903744615,56,1.4758818999980576,1.6650392000055945,p2p-Gnutella08,0.0003498007272835224,p2p-Gnutella08 hgb
0.8891162388861521,0.9781349364739818,0.8387096774193549,0.8057324840764332,5934.509042927592,1,node+edge+subgraph+dynamic,62,1.2412794999981998,1.6650392000055945,betweenness,p2p-Gnutella08,9,0.889070252126947,0.9774741686345688,0.8548387096774194,0.7993630573248408,5945.037329985751,56,1.5132166999974288,1.6650392000055945,p2p-Gnutella08,-4.598675920508555e-05,p2p-Gnutella08 hgb
0.2694985754328972,0.3733160064806344,0.1451612903225806,0.3535031847133758,0.0932798940121101,1,node+edge+subgraph,62,1.3412936000022455,1.6650392000055945,spread_resid,p2p-Gnutella08,0,0.2590974426985872,0.3602740762228729,0.1451612903225806,0.3566878980891719,0.0933265688832715,56,1.4672288000001572,1.6650392000055945,p2p-Gnutella08,-0.010401132734309981,p2p-Gnutella08 hgb
0.2657665624415551,0.3696142803860753,0.1774193548387097,0.3662420382165605,0.0918630439605732,1,node+edge+subgraph,62,1.2178992999979528,1.6650392000055945,spread_resid,p2p-Gnutella08,1,0.2574946520061016,0.3587989492269828,0.1774193548387097,0.3598726114649681,0.0919057193346523,56,1.6376108000113163,1.6650392000055945,p2p-Gnutella08,-0.0082719104354535,p2p-Gnutella08 hgb
0.2603207795181848,0.361939303326946,0.1612903225806451,0.3503184713375796,0.0932695154565689,1,node+edge+subgraph,62,1.303211899998132,1.6650392000055945,spread_resid,p2p-Gnutella08,2,0.2536544319990466,0.3533924710944051,0.1451612903225806,0.3566878980891719,0.0933067736473881,56,2.019458199996734,1.6650392000055945,p2p-Gnutella08,-0.006666347519138194,p2p-Gnutella08 hgb
0.2619581842038403,0.3636777508289246,0.0967741935483871,0.3312101910828025,0.0935519140095928,1,node+edge+subgraph,62,1.569237499999872,1.6650392000055945,spread_resid,p2p-Gnutella08,3,0.250399229201453,0.348867745849655,0.0967741935483871,0.3375796178343949,0.0935776923881633,56,2.5460136999899987,1.6650392000055945,p2p-Gnutella08,-0.011558955002387294,p2p-Gnutella08 hgb
0.2692673937363718,0.3734841991976896,0.1129032258064516,0.3694267515923566,0.0925185909636414,1,node+edge+subgraph,62,1.4708949999985634,1.6650392000055945,spread_resid,p2p-Gnutella08,4,0.2590448428189598,0.3599978312640559,0.1129032258064516,0.3662420382165605,0.0925863889325724,56,1.8196377999847757,1.6650392000055945,p2p-Gnutella08,-0.010222550917412032,p2p-Gnutella08 hgb
0.2572980820458619,0.3570850917228484,0.1290322580645161,0.3503184713375796,0.093929548516492,1,node+edge+subgraph,62,1.331482699999469,1.6650392000055945,spread_resid,p2p-Gnutella08,5,0.2514890895214309,0.3499287527579136,0.1290322580645161,0.3566878980891719,0.09392679685647,56,1.447619799990207,1.6650392000055945,p2p-Gnutella08,-0.0058089925244310114,p2p-Gnutella08 hgb
0.2672881477070183,0.3706237746385557,0.1451612903225806,0.3535031847133758,0.093158593098462,1,node+edge+subgraph,62,1.2210833000062848,1.6650392000055945,spread_resid,p2p-Gnutella08,6,0.2605994770681095,0.3621144160118676,0.1451612903225806,0.3471337579617834,0.0931605922064461,56,1.466437800001586,1.6650392000055945,p2p-Gnutella08,-0.006688670638908822,p2p-Gnutella08 hgb
0.2644686235255117,0.3667023828824297,0.1290322580645161,0.3694267515923566,0.0932605722243521,1,node+edge+subgraph,62,1.340329099999508,1.6650392000055945,spread_resid,p2p-Gnutella08,7,0.2582343179475364,0.3588707345292071,0.1290322580645161,0.3598726114649681,0.0932920256154012,56,1.462555899983272,1.6650392000055945,p2p-Gnutella08,-0.00623430557797533,p2p-Gnutella08 hgb
0.2605140027706132,0.3612583602184585,0.1451612903225806,0.3439490445859872,0.0930927760659307,1,node+edge+subgraph,62,1.3676897999976063,1.6650392000055945,spread_resid,p2p-Gnutella08,8,0.2526424477459391,0.3509535650871806,0.1290322580645161,0.340764331210191,0.0932017488750363,56,1.4892373000038788,1.6650392000055945,p2p-Gnutella08,-0.007871555024674126,p2p-Gnutella08 hgb
0.263731666682428,0.365254862364223,0.1612903225806451,0.3535031847133758,0.0930008662511832,1,node+edge+subgraph,62,1.2882753999947454,1.6650392000055945,spread_resid,p2p-Gnutella08,9,0.2558161410412732,0.3552017205854512,0.1612903225806451,0.3566878980891719,0.0930292751277943,56,1.4579358999908436,1.6650392000055945,p2p-Gnutella08,-0.007915525641154775,p2p-Gnutella08 hgb
0.2694985754328972,0.3733160064806344,0.1451612903225806,0.3535031847133758,0.0932798940121101,1,node+edge+subgraph+dynamic,62,1.2414722000030451,1.6650392000055945,spread_resid,p2p-Gnutella08,0,0.2590974426985872,0.3602740762228729,0.1451612903225806,0.3566878980891719,0.0933265688832715,56,1.493632300000172,1.6650392000055945,p2p-Gnutella08,-0.010401132734309981,p2p-Gnutella08 hgb
0.2657665624415551,0.3696142803860753,0.1774193548387097,0.3662420382165605,0.0918630439605732,1,node+edge+subgraph+dynamic,62,1.369904300001508,1.6650392000055945,spread_resid,p2p-Gnutella08,1,0.2574946520061016,0.3587989492269828,0.1774193548387097,0.3598726114649681,0.0919057193346523,56,1.470483899989631,1.6650392000055945,p2p-Gnutella08,-0.0082719104354535,p2p-Gnutella08 hgb
0.2603207795181848,0.361939303326946,0.1612903225806451,0.3503184713375796,0.0932695154565689,1,node+edge+subgraph+dynamic,62,1.2279567000005045,1.6650392000055945,spread_resid,p2p-Gnutella08,2,0.2536544319990466,0.3533924710944051,0.1451612903225806,0.3566878980891719,0.0933067736473881,56,1.4682283000147436,1.6650392000055945,p2p-Gnutella08,-0.006666347519138194,p2p-Gnutella08 hgb
0.2619581842038403,0.3636777508289246,0.0967741935483871,0.3312101910828025,0.0935519140095928,1,node+edge+subgraph+dynamic,62,1.1557992000016384,1.6650392000055945,spread_resid,p2p-Gnutella08,3,0.250399229201453,0.348867745849655,0.0967741935483871,0.3375796178343949,0.0935776923881633,56,1.4574236000189558,1.6650392000055945,p2p-Gnutella08,-0.011558955002387294,p2p-Gnutella08 hgb
0.2692673937363718,0.3734841991976896,0.1129032258064516,0.3694267515923566,0.0925185909636414,1,node+edge+subgraph+dynamic,62,1.1970719999953872,1.6650392000055945,spread_resid,p2p-Gnutella08,4,0.2590448428189598,0.3599978312640559,0.1129032258064516,0.3662420382165605,0.0925863889325724,56,1.551515200000722,1.6650392000055945,p2p-Gnutella08,-0.010222550917412032,p2p-Gnutella08 hgb
0.2572980820458619,0.3570850917228484,0.1290322580645161,0.3503184713375796,0.093929548516492,1,node+edge+subgraph+dynamic,62,1.429004099998565,1.6650392000055945,spread_resid,p2p-Gnutella08,5,0.2514890895214309,0.3499287527579136,0.1290322580645161,0.3566878980891719,0.09392679685647,56,1.4264562999887858,1.6650392000055945,p2p-Gnutella08,-0.0058089925244310114,p2p-Gnutella08 hgb
0.2672881477070183,0.3706237746385557,0.1451612903225806,0.3535031847133758,0.093158593098462,1,node+edge+subgraph+dynamic,62,1.3258568000019295,1.6650392000055945,spread_resid,p2p-Gnutella08,6,0.2605994770681095,0.3621144160118676,0.1451612903225806,0.3471337579617834,0.0931605922064461,56,1.4510882000031415,1.6650392000055945,p2p-Gnutella08,-0.006688670638908822,p2p-Gnutella08 hgb
0.2644686235255117,0.3667023828824297,0.1290322580645161,0.3694267515923566,0.0932605722243521,1,node+edge+subgraph+dynamic,62,1.2080692000017734,1.6650392000055945,spread_resid,p2p-Gnutella08,7,0.2582343179475364,0.3588707345292071,0.1290322580645161,0.3598726114649681,0.0932920256154012,56,1.4211767000088005,1.6650392000055945,p2p-Gnutella08,-0.00623430557797533,p2p-Gnutella08 hgb
0.2605140027706132,0.3612583602184585,0.1451612903225806,0.3439490445859872,0.0930927760659307,1,node+edge+subgraph+dynamic,62,1.2017763999974704,1.6650392000055945,spread_resid,p2p-Gnutella08,8,0.2526424477459391,0.3509535650871806,0.1290322580645161,0.340764331210191,0.0932017488750363,56,1.4825173999997787,1.6650392000055945,p2p-Gnutella08,-0.007871555024674126,p2p-Gnutella08 hgb
0.263731666682428,0.365254862364223,0.1612903225806451,0.3535031847133758,0.0930008662511832,1,node+edge+subgraph+dynamic,62,1.2380474000019603,1.6650392000055945,spread_resid,p2p-Gnutella08,9,0.2558161410412732,0.3552017205854512,0.1612903225806451,0.3566878980891719,0.0930292751277943,56,1.4634375000023283,1.6650392000055945,p2p-Gnutella08,-0.007915525641154775,p2p-Gnutella08 hgb
0.8080853893781148,0.9459373967872248,0.9516129032258064,0.9522292993630572,2.801687900731526,1,node+edge+subgraph,62,1.1630746000009822,1.6650392000055945,spread_mean,p2p-Gnutella08,0,0.7986653192694416,0.9418839229631868,0.9516129032258064,0.9490445859872612,3.0634443664414834,56,5.929747900023358,1.6650392000055945,p2p-Gnutella08,-0.009420070108673184,p2p-Gnutella08 hgb_matched
0.8083850841879676,0.9459910928699136,0.935483870967742,0.9490445859872612,2.73795572553384,1,node+edge+subgraph,62,1.1304929000034465,1.6650392000055945,spread_mean,p2p-Gnutella08,1,0.7984532297314453,0.941727691233524,0.935483870967742,0.9554140127388536,3.044836375302894,56,1.8724121999985075,1.6650392000055945,p2p-Gnutella08,-0.009931854456522338,p2p-Gnutella08 hgb_matched
0.8082782538298049,0.9460396710859076,0.935483870967742,0.961783439490446,2.62486596749458,1,node+edge+subgraph,62,1.2381757000039215,1.6650392000055945,spread_mean,p2p-Gnutella08,2,0.7998051686695642,0.9423030390967616,0.935483870967742,0.9585987261146496,2.835419444677942,56,2.7456531999923754,1.6650392000055945,p2p-Gnutella08,-0.008473085160240701,p2p-Gnutella08 hgb_matched
0.8085727594127512,0.9459849949837758,0.967741935483871,0.9522292993630572,2.866824194354231,1,node+edge+subgraph,62,1.2830113999953028,1.6650392000055945,spread_mean,p2p-Gnutella08,3,0.799267769337445,0.9419018982260252,0.967741935483871,0.9554140127388536,3.075874472807076,56,2.0803322000138,1.6650392000055945,p2p-Gnutella08,-0.009304990075306163,p2p-Gnutella08 hgb_matched
0.808845007111123,0.9463473434707264,0.9516129032258064,0.9522292993630572,2.7197623709450456,1,node+edge+subgraph,62,1.2107893000065817,1.6650392000055945,spread_mean,p2p-Gnutella08,4,0.7996735390021832,0.9422715458236534,0.9516129032258064,0.945859872611465,2.917429811549677,56,1.7337209999968763,1.6650392000055945,p2p-Gnutella08,-0.009171468108939762,p2p-Gnutella08 hgb_matched
0.808816452717496,0.9462261618173838,0.967741935483871,0.9490445859872612,2.6346721408367464,1,node+edge+subgraph,62,1.1348358000032022,1.6650392000055945,spread_mean,p2p-Gnutella08,5,0.7996817551604997,0.9423288963303657,0.9516129032258064,0.9554140127388536,2.9239197932644005,56,1.627271599980304,1.6650392000055945,p2p-Gnutella08,-0.009134697556996363,p2p-Gnutella08 hgb_matched
0.8093992452636785,0.9465626992882008,0.9516129032258064,0.9522292993630572,2.660814427720838,1,node+edge+subgraph,62,1.1459159000005457,1.6650392000055945,spread_mean,p2p-Gnutella08,6,0.8002778703450536,0.9425985564384582,0.9516129032258064,0.9554140127388536,2.9155954504223667,56,1.625032200012356,1.6650392000055945,p2p-Gnutella08,-0.009121374918624858,p2p-Gnutella08 hgb_matched
0.8090051472025358,0.9463939763087424,0.935483870967742,0.9490445859872612,2.7085634039578363,1,node+edge+subgraph,62,1.1067944999958854,1.6650392000055945,spread_mean,p2p-Gnutella08,7,0.7999606672254571,0.9423254516059186,0.935483870967742,0.9426751592356688,2.938042115048072,56,1.6476993999967815,1.6650392000055945,p2p-Gnutella08,-0.00904447997707869,p2p-Gnutella08 hgb_matched
0.8084793082232552,0.9461114802158136,0.9516129032258064,0.9554140127388536,2.712613082334772,1,node+edge+subgraph,62,1.099304100003792,1.6650392000055945,spread_mean,p2p-Gnutella08,8,0.7992920589342434,0.9421716476403554,0.9516129032258064,0.9490445859872612,2.878911447555347,56,1.6488251999835484,1.6650392000055945,p2p-Gnutella08,-0.009187249289011823,p2p-Gnutella08 hgb_matched
0.8078028517507615,0.9458492130381768,0.9516129032258064,0.945859872611465,2.656011481306862,1,node+edge+subgraph,62,1.109212800001842,1.6650392000055945,spread_mean,p2p-Gnutella08,9,0.7987649262398026,0.941827416131556,0.9516129032258064,0.9426751592356688,2.875015215602035,56,1.6492692999891003,1.6650392000055945,p2p-Gnutella08,-0.009037925510958944,p2p-Gnutella08 hgb_matched
0.8080853893781148,0.9459373967872248,0.9516129032258064,0.9522292993630572,2.801687900731526,1,node+edge+subgraph+dynamic,62,1.1168902999997954,1.6650392000055945,spread_mean,p2p-Gnutella08,0,0.7986653192694416,0.9418839229631868,0.9516129032258064,0.9490445859872612,3.0634443664414834,56,1.5883229000028225,1.6650392000055945,p2p-Gnutella08,-0.009420070108673184,p2p-Gnutella08 hgb_matched
0.8083850841879676,0.9459910928699136,0.935483870967742,0.9490445859872612,2.73795572553384,1,node+edge+subgraph+dynamic,62,1.1938861000016914,1.6650392000055945,spread_mean,p2p-Gnutella08,1,0.7984532297314453,0.941727691233524,0.935483870967742,0.9554140127388536,3.044836375302894,56,1.663943300023675,1.6650392000055945,p2p-Gnutella08,-0.009931854456522338,p2p-Gnutella08 hgb_matched
0.8082782538298049,0.9460396710859076,0.935483870967742,0.961783439490446,2.62486596749458,1,node+edge+subgraph+dynamic,62,1.1357457999984035,1.6650392000055945,spread_mean,p2p-Gnutella08,2,0.7998051686695642,0.9423030390967616,0.935483870967742,0.9585987261146496,2.835419444677942,56,1.6784936000185553,1.6650392000055945,p2p-Gnutella08,-0.008473085160240701,p2p-Gnutella08 hgb_matched
0.8085727594127512,0.9459849949837758,0.967741935483871,0.9522292993630572,2.866824194354231,1,node+edge+subgraph+dynamic,62,1.1322713999979896,1.6650392000055945,spread_mean,p2p-Gnutella08,3,0.799267769337445,0.9419018982260252,0.967741935483871,0.9554140127388536,3.075874472807076,56,1.6969741000211798,1.6650392000055945,p2p-Gnutella08,-0.009304990075306163,p2p-Gnutella08 hgb_matched
0.808845007111123,0.9463473434707264,0.9516129032258064,0.9522292993630572,2.7197623709450456,1,node+edge+subgraph+dynamic,62,1.1615136000036728,1.6650392000055945,spread_mean,p2p-Gnutella08,4,0.7996735390021832,0.9422715458236534,0.9516129032258064,0.945859872611465,2.917429811549677,56,1.678917300014291,1.6650392000055945,p2p-Gnutella08,-0.009171468108939762,p2p-Gnutella08 hgb_matched
0.808816452717496,0.9462261618173838,0.967741935483871,0.9490445859872612,2.6346721408367464,1,node+edge+subgraph+dynamic,62,1.129065900000569,1.6650392000055945,spread_mean,p2p-Gnutella08,5,0.7996817551604997,0.9423288963303657,0.9516129032258064,0.9554140127388536,2.9239197932644005,56,1.6397854999813717,1.6650392000055945,p2p-Gnutella08,-0.009134697556996363,p2p-Gnutella08 hgb_matched
0.8093992452636785,0.9465626992882008,0.9516129032258064,0.9522292993630572,2.660814427720838,1,node+edge+subgraph+dynamic,62,1.1196664000017336,1.6650392000055945,spread_mean,p2p-Gnutella08,6,0.8002778703450536,0.9425985564384582,0.9516129032258064,0.9554140127388536,2.9155954504223667,56,1.637607199983904,1.6650392000055945,p2p-Gnutella08,-0.009121374918624858,p2p-Gnutella08 hgb_matched
0.8090051472025358,0.9463939763087424,0.935483870967742,0.9490445859872612,2.7085634039578363,1,node+edge+subgraph+dynamic,62,1.07064640000317,1.6650392000055945,spread_mean,p2p-Gnutella08,7,0.7999606672254571,0.9423254516059186,0.935483870967742,0.9426751592356688,2.938042115048072,56,1.6529953999852296,1.6650392000055945,p2p-Gnutella08,-0.00904447997707869,p2p-Gnutella08 hgb_matched
0.8084793082232552,0.9461114802158136,0.9516129032258064,0.9554140127388536,2.712613082334772,1,node+edge+subgraph+dynamic,62,1.1179785999993328,1.6650392000055945,spread_mean,p2p-Gnutella08,8,0.7992920589342434,0.9421716476403554,0.9516129032258064,0.9490445859872612,2.878911447555347,56,1.643786500004353,1.6650392000055945,p2p-Gnutella08,-0.009187249289011823,p2p-Gnutella08 hgb_matched
0.8078028517507615,0.9458492130381768,0.9516129032258064,0.945859872611465,2.656011481306862,1,node+edge+subgraph+dynamic,62,1.1339175000030082,1.6650392000055945,spread_mean,p2p-Gnutella08,9,0.7987649262398026,0.941827416131556,0.9516129032258064,0.9426751592356688,2.875015215602035,56,1.7022371999919417,1.6650392000055945,p2p-Gnutella08,-0.009037925510958944,p2p-Gnutella08 hgb_matched
0.5959521643872474,0.7625989798151088,0.0,0.0796178343949044,1.0466366502034024,1,node+edge+subgraph,62,1.383718900004169,1.6650392000055945,spread_cv,p2p-Gnutella08,0,0.5886197294581565,0.7592712428512017,0.0,0.0796178343949044,1.056317320928097,56,1.6149421999871263,1.6650392000055945,p2p-Gnutella08,-0.007332434929090859,p2p-Gnutella08 hgb_matched
0.5983270205187268,0.7655433340195099,0.0161290322580645,0.0764331210191082,1.041179222303939,1,node+edge+subgraph,62,1.3244980999952531,1.6650392000055945,spread_cv,p2p-Gnutella08,1,0.5909980561693365,0.7626835507609693,0.0161290322580645,0.0732484076433121,1.050499221023692,56,1.6150970000016969,1.6650392000055945,p2p-Gnutella08,-0.007328964349390232,p2p-Gnutella08 hgb_matched
0.5941866547383889,0.7604506012844757,0.0,0.0732484076433121,1.0545731941033494,1,node+edge+subgraph,62,1.3682965999978478,1.6650392000055945,spread_cv,p2p-Gnutella08,2,0.5875838443742094,0.7577888686507,0.0,0.0700636942675159,1.0636551799099516,56,1.6230134000070393,1.6650392000055945,p2p-Gnutella08,-0.006602810364179534,p2p-Gnutella08 hgb_matched
0.595924583070792,0.7628625415557178,0.0,0.0668789808917197,1.0446921410989158,1,node+edge+subgraph,62,1.3439899000004516,1.6650392000055945,spread_cv,p2p-Gnutella08,3,0.589256775076841,0.7598145338624606,0.0,0.0668789808917197,1.053490027276581,56,1.6637403000204358,1.6650392000055945,p2p-Gnutella08,-0.006667807993950947,p2p-Gnutella08 hgb_matched
0.597926319281281,0.7654153369828224,0.0,0.0732484076433121,1.042252655925314,1,node+edge+subgraph,62,1.381844899995485,1.6650392000055945,spread_cv,p2p-Gnutella08,4,0.5911195358354971,0.7624991999843364,0.0,0.0732484076433121,1.0517976195879084,56,1.628969200013671,1.6650392000055945,p2p-Gnutella08,-0.006806783445783893,p2p-Gnutella08 hgb_matched
0.5931463762916505,0.7592652990960063,0.0,0.0796178343949044,1.0560806423583653,1,node+edge+subgraph,62,1.427629400001024,1.6650392000055945,spread_cv,p2p-Gnutella08,5,0.5866034085967448,0.7565525669086256,0.0,0.0828025477707006,1.065533130908789,56,1.6333738999965135,1.6650392000055945,p2p-Gnutella08,-0.006542967694905699,p2p-Gnutella08 hgb_matched
0.59848558016226,0.7642683727653663,0.0161290322580645,0.0923566878980891,1.0467950697621773,1,node+edge+subgraph,62,1.3113662999967346,1.6650392000055945,spread_cv,p2p-Gnutella08,6,0.5897171208200529,0.7599749180222707,0.0161290322580645,0.0859872611464968,1.0580928472528397,56,1.6782766000251286,1.6650392000055945,p2p-Gnutella08,-0.008768459342207047,p2p-Gnutella08 hgb_matched
0.5970176275892186,0.763576443556392,0.0,0.0700636942675159,1.0456743644798456,1,node+edge+subgraph,62,1.2793779999992694,1.6650392000055945,spread_cv,p2p-Gnutella08,7,0.5900251642450499,0.7603456537738938,0.0,0.0764331210191082,1.0558268191821012,56,1.6784907999972347,1.6650392000055945,p2p-Gnutella08,-0.006992463344168698,p2p-Gnutella08 hgb_matched
0.5952502693025143,0.7613662080264992,0.0,0.0859872611464968,1.0535248826019,1,node+edge+subgraph,62,1.2859030999970855,1.6650392000055945,spread_cv,p2p-Gnutella08,8,0.588409450521462,0.7585610621653803,0.0,0.0891719745222929,1.0624487554965396,56,1.6526025999919511,1.6650392000055945,p2p-Gnutella08,-0.00684081878105236,p2p-Gnutella08 hgb_matched
0.5939454245152582,0.7607804000416972,0.0,0.0668789808917197,1.0518903698313364,1,node+edge+subgraph,62,1.27215819999401,1.6650392000055945,spread_cv,p2p-Gnutella08,9,0.588152895259341,0.7586076085517397,0.0,0.0700636942675159,1.0599865236249213,56,1.627318799990462,1.6650392000055945,p2p-Gnutella08,-0.0057925292559172226,p2p-Gnutella08 hgb_matched
0.5959521643872474,0.7625989798151088,0.0,0.0796178343949044,1.0466366502034024,1,node+edge+subgraph+dynamic,62,1.2838687999974354,1.6650392000055945,spread_cv,p2p-Gnutella08,0,0.5886197294581565,0.7592712428512017,0.0,0.0796178343949044,1.056317320928097,56,1.6580819999799132,1.6650392000055945,p2p-Gnutella08,-0.007332434929090859,p2p-Gnutella08 hgb_matched
0.5983270205187268,0.7655433340195099,0.0161290322580645,0.0764331210191082,1.041179222303939,1,node+edge+subgraph+dynamic,62,1.2521224000010989,1.6650392000055945,spread_cv,p2p-Gnutella08,1,0.5909980561693365,0.7626835507609693,0.0161290322580645,0.0732484076433121,1.050499221023692,56,1.5945854000165127,1.6650392000055945,p2p-Gnutella08,-0.007328964349390232,p2p-Gnutella08 hgb_matched
0.5941866547383889,0.7604506012844757,0.0,0.0732484076433121,1.0545731941033494,1,node+edge+subgraph+dynamic,62,1.2547629999971832,1.6650392000055945,spread_cv,p2p-Gnutella08,2,0.5875838443742094,0.7577888686507,0.0,0.0700636942675159,1.0636551799099516,56,1.563441700011026,1.6650392000055945,p2p-Gnutella08,-0.006602810364179534,p2p-Gnutella08 hgb_matched
0.595924583070792,0.7628625415557178,0.0,0.0668789808917197,1.0446921410989158,1,node+edge+subgraph+dynamic,62,1.2903338000032818,1.6650392000055945,spread_cv,p2p-Gnutella08,3,0.589256775076841,0.7598145338624606,0.0,0.0668789808917197,1.053490027276581,56,1.5952488000039011,1.6650392000055945,p2p-Gnutella08,-0.006667807993950947,p2p-Gnutella08 hgb_matched
0.597926319281281,0.7654153369828224,0.0,0.0732484076433121,1.042252655925314,1,node+edge+subgraph+dynamic,62,1.4575062000003527,1.6650392000055945,spread_cv,p2p-Gnutella08,4,0.5911195358354971,0.7624991999843364,0.0,0.0732484076433121,1.0517976195879084,56,1.6633178000047335,1.6650392000055945,p2p-Gnutella08,-0.006806783445783893,p2p-Gnutella08 hgb_matched
0.5931463762916505,0.7592652990960063,0.0,0.0796178343949044,1.0560806423583653,1,node+edge+subgraph+dynamic,62,1.5210748999961652,1.6650392000055945,spread_cv,p2p-Gnutella08,5,0.5866034085967448,0.7565525669086256,0.0,0.0828025477707006,1.065533130908789,56,1.6803649999783374,1.6650392000055945,p2p-Gnutella08,-0.006542967694905699,p2p-Gnutella08 hgb_matched
0.59848558016226,0.7642683727653663,0.0161290322580645,0.0923566878980891,1.0467950697621773,1,node+edge+subgraph+dynamic,62,1.3158546000049682,1.6650392000055945,spread_cv,p2p-Gnutella08,6,0.5897171208200529,0.7599749180222707,0.0161290322580645,0.0859872611464968,1.0580928472528397,56,1.6530557999794837,1.6650392000055945,p2p-Gnutella08,-0.008768459342207047,p2p-Gnutella08 hgb_matched
0.5970176275892186,0.763576443556392,0.0,0.0700636942675159,1.0456743644798456,1,node+edge+subgraph+dynamic,62,1.3971931999985827,1.6650392000055945,spread_cv,p2p-Gnutella08,7,0.5900251642450499,0.7603456537738938,0.0,0.0764331210191082,1.0558268191821012,56,1.6469579000258818,1.6650392000055945,p2p-Gnutella08,-0.006992463344168698,p2p-Gnutella08 hgb_matched
0.5952502693025143,0.7613662080264992,0.0,0.0859872611464968,1.0535248826019,1,node+edge+subgraph+dynamic,62,1.402523100005055,1.6650392000055945,spread_cv,p2p-Gnutella08,8,0.588409450521462,0.7585610621653803,0.0,0.0891719745222929,1.0624487554965396,56,1.5616558000037912,1.6650392000055945,p2p-Gnutella08,-0.00684081878105236,p2p-Gnutella08 hgb_matched
0.5939454245152582,0.7607804000416972,0.0,0.0668789808917197,1.0518903698313364,1,node+edge+subgraph+dynamic,62,1.260324999995646,1.6650392000055945,spread_cv,p2p-Gnutella08,9,0.588152895259341,0.7586076085517397,0.0,0.0700636942675159,1.0599865236249213,56,1.6358010000258218,1.6650392000055945,p2p-Gnutella08,-0.0057925292559172226,p2p-Gnutella08 hgb_matched
0.8919940383125421,0.9794106641228508,0.8064516129032258,0.7929936305732485,6085.098555361481,1,node+edge+subgraph,62,1.3699718999996549,1.6650392000055945,betweenness,p2p-Gnutella08,0,0.891575039588273,0.9794841709526896,0.8064516129032258,0.7898089171974523,6017.723844456212,56,1.6138763000199106,1.6650392000055945,p2p-Gnutella08,-0.0004189987242690929,p2p-Gnutella08 hgb_matched
0.8922750750247366,0.979394865599874,0.8064516129032258,0.7866242038216561,5909.749472545399,1,node+edge+subgraph,62,1.3683897000009893,1.6650392000055945,betweenness,p2p-Gnutella08,1,0.891246448954295,0.979151786587941,0.8225806451612904,0.7898089171974523,6035.538241070824,56,1.618774200003827,1.6650392000055945,p2p-Gnutella08,-0.0010286260704416295,p2p-Gnutella08 hgb_matched
0.8906963479304657,0.9787252207252536,0.8387096774193549,0.7834394904458599,6344.746022224484,1,node+edge+subgraph,62,1.3811634000012418,1.6650392000055945,betweenness,p2p-Gnutella08,2,0.8903273499414969,0.979101899486414,0.8225806451612904,0.7707006369426752,6406.187943546281,56,1.6169582000002265,1.6650392000055945,p2p-Gnutella08,-0.0003689979889688333,p2p-Gnutella08 hgb_matched
0.8902093927538264,0.9786624314349152,0.8064516129032258,0.7929936305732485,6438.2513595608325,1,node+edge+subgraph,62,1.380189400006202,1.6650392000055945,betweenness,p2p-Gnutella08,3,0.8897651976619797,0.9788142605429564,0.7903225806451613,0.802547770700637,6561.08985258301,56,1.5802303999953438,1.6650392000055945,p2p-Gnutella08,-0.0004441950918466775,p2p-Gnutella08 hgb_matched
0.8915646848602424,0.979504157081986,0.8225806451612904,0.7993630573248408,6492.094636669154,1,node+edge+subgraph,62,1.3388175000000049,1.6650392000055945,betweenness,p2p-Gnutella08,4,0.890661183103809,0.978830881149707,0.8225806451612904,0.8057324840764332,6436.021724475343,56,1.6369393000204582,1.6650392000055945,p2p-Gnutella08,-0.0009035017564333891,p2p-Gnutella08 hgb_matched
0.8905866083264888,0.9791619286106602,0.8387096774193549,0.7898089171974523,5898.813851079877,1,node+edge+subgraph,62,1.356332700001076,1.6650392000055945,betweenness,p2p-Gnutella08,5,0.8905511877729648,0.9793420088688704,0.8225806451612904,0.7929936305732485,5911.284750571052,56,1.6265686999831814,1.6650392000055945,p2p-Gnutella08,-3.542055352401263e-05,p2p-Gnutella08 hgb_matched
0.8911479956229711,0.979246414932096,0.8225806451612904,0.7961783439490446,5752.666888542528,1,node+edge+subgraph,62,1.3567589000012958,1.6650392000055945,betweenness,p2p-Gnutella08,6,0.891384302075701,0.9793739241718428,0.8387096774193549,0.7834394904458599,5883.458550262352,56,1.572931399976369,1.6650392000055945,p2p-Gnutella08,0.00023630645272987305,p2p-Gnutella08 hgb_matched
0.8901998997234194,0.9788789409591684,0.8225806451612904,0.7929936305732485,6200.316978549137,1,node+edge+subgraph,62,1.328303499998583,1.6650392000055945,betweenness,p2p-Gnutella08,7,0.8896070137466322,0.9789354826924908,0.8548387096774194,0.7898089171974523,6380.677788020504,56,1.5849236999929417,1.6650392000055945,p2p-Gnutella08,-0.0005928859767871941,p2p-Gnutella08 hgb_matched
0.891303127224945,0.9792303009268364,0.8387096774193549,0.7929936305732485,5530.524449570668,1,node+edge+subgraph,62,1.4289890000000014,1.6650392000055945,betweenness,p2p-Gnutella08,8,0.8906201067392795,0.9794690170258448,0.8064516129032258,0.802547770700637,5471.087540148141,56,1.5724666999885812,1.6650392000055945,p2p-Gnutella08,-0.0006830204856654865,p2p-Gnutella08 hgb_matched
0.8923023474653595,0.97944271117861,0.8064516129032258,0.7929936305732485,5931.753284581065,1,node+edge+subgraph,62,1.4820241999987047,1.6650392000055945,betweenness,p2p-Gnutella08,9,0.8912796506526585,0.9793571469151718,0.8225806451612904,0.8089171974522293,5811.907354622801,56,1.6482628000085242,1.6650392000055945,p2p-Gnutella08,-0.0010226968127010627,p2p-Gnutella08 hgb_matched
0.8919940383125421,0.9794106641228508,0.8064516129032258,0.7929936305732485,6085.098555361481,1,node+edge+subgraph+dynamic,62,1.620301199996902,1.6650392000055945,betweenness,p2p-Gnutella08,0,0.891575039588273,0.9794841709526896,0.8064516129032258,0.7898089171974523,6017.723844456212,56,1.7444949000200722,1.6650392000055945,p2p-Gnutella08,-0.0004189987242690929,p2p-Gnutella08 hgb_matched
0.8922750750247366,0.979394865599874,0.8064516129032258,0.7866242038216561,5909.749472545399,1,node+edge+subgraph+dynamic,62,1.4106061999991653,1.6650392000055945,betweenness,p2p-Gnutella08,1,0.891246448954295,0.979151786587941,0.8225806451612904,0.7898089171974523,6035.538241070824,56,1.6907470999867655,1.6650392000055945,p2p-Gnutella08,-0.0010286260704416295,p2p-Gnutella08 hgb_matched
0.8906963479304657,0.9787252207252536,0.8387096774193549,0.7834394904458599,6344.746022224484,1,node+edge+subgraph+dynamic,62,1.4292628999974113,1.6650392000055945,betweenness,p2p-Gnutella08,2,0.8903273499414969,0.979101899486414,0.8225806451612904,0.7707006369426752,6406.187943546281,56,1.697871899988968,1.6650392000055945,p2p-Gnutella08,-0.0003689979889688333,p2p-Gnutella08 hgb_matched
0.8902093927538264,0.9786624314349152,0.8064516129032258,0.7929936305732485,6438.2513595608325,1,node+edge+subgraph+dynamic,62,1.3697756999972626,1.6650392000055945,betweenness,p2p-Gnutella08,3,0.8897651976619797,0.9788142605429564,0.7903225806451613,0.802547770700637,6561.08985258301,56,1.7274526999972295,1.6650392000055945,p2p-Gnutella08,-0.0004441950918466775,p2p-Gnutella08 hgb_matched
0.8915646848602424,0.979504157081986,0.8225806451612904,0.7993630573248408,6492.094636669154,1,node+edge+subgraph+dynamic,62,1.4910744999942835,1.6650392000055945,betweenness,p2p-Gnutella08,4,0.890661183103809,0.978830881149707,0.8225806451612904,0.8057324840764332,6436.021724475343,56,1.6336675999918953,1.6650392000055945,p2p-Gnutella08,-0.0009035017564333891,p2p-Gnutella08 hgb_matched
0.8905866083264888,0.9791619286106602,0.8387096774193549,0.7898089171974523,5898.813851079877,1,node+edge+subgraph+dynamic,62,1.451090499998827,1.6650392000055945,betweenness,p2p-Gnutella08,5,0.8905511877729648,0.9793420088688704,0.8225806451612904,0.7929936305732485,5911.284750571052,56,1.6487998000229709,1.6650392000055945,p2p-Gnutella08,-3.542055352401263e-05,p2p-Gnutella08 hgb_matched
0.8911479956229711,0.979246414932096,0.8225806451612904,0.7961783439490446,5752.666888542528,1,node+edge+subgraph+dynamic,62,1.4562967999954708,1.6650392000055945,betweenness,p2p-Gnutella08,6,0.891384302075701,0.9793739241718428,0.8387096774193549,0.7834394904458599,5883.458550262352,56,1.6583669999963604,1.6650392000055945,p2p-Gnutella08,0.00023630645272987305,p2p-Gnutella08 hgb_matched
0.8901998997234194,0.9788789409591684,0.8225806451612904,0.7929936305732485,6200.316978549137,1,node+edge+subgraph+dynamic,62,1.420117100002244,1.6650392000055945,betweenness,p2p-Gnutella08,7,0.8896070137466322,0.9789354826924908,0.8548387096774194,0.7898089171974523,6380.677788020504,56,1.7265740000002552,1.6650392000055945,p2p-Gnutella08,-0.0005928859767871941,p2p-Gnutella08 hgb_matched
0.891303127224945,0.9792303009268364,0.8387096774193549,0.7929936305732485,5530.524449570668,1,node+edge+subgraph+dynamic,62,1.4024976000000606,1.6650392000055945,betweenness,p2p-Gnutella08,8,0.8906201067392795,0.9794690170258448,0.8064516129032258,0.802547770700637,5471.087540148141,56,1.678364599996712,1.6650392000055945,p2p-Gnutella08,-0.0006830204856654865,p2p-Gnutella08 hgb_matched
0.8923023474653595,0.97944271117861,0.8064516129032258,0.7929936305732485,5931.753284581065,1,node+edge+subgraph+dynamic,62,1.4206886000029044,1.6650392000055945,betweenness,p2p-Gnutella08,9,0.8912796506526585,0.9793571469151718,0.8225806451612904,0.8089171974522293,5811.907354622801,56,1.7709125000110362,1.6650392000055945,p2p-Gnutella08,-0.0010226968127010627,p2p-Gnutella08 hgb_matched
0.2672324840384779,0.3698469313285114,0.1290322580645161,0.3439490445859872,0.0938553882127372,1,node+edge+subgraph,62,1.343324699999357,1.6650392000055945,spread_resid,p2p-Gnutella08,0,0.2611856484812343,0.3617316778329322,0.1451612903225806,0.3598726114649681,0.0938513038398227,56,1.6505763000168372,1.6650392000055945,p2p-Gnutella08,-0.006046835557243557,p2p-Gnutella08 hgb_matched
0.2634228498962923,0.3657034675325549,0.1774193548387097,0.3535031847133758,0.0924898169945981,1,node+edge+subgraph,62,1.349820900002669,1.6650392000055945,spread_resid,p2p-Gnutella08,1,0.2598026757966297,0.3602156504079241,0.1774193548387097,0.3598726114649681,0.092465660124411,56,1.4879877000057604,1.6650392000055945,p2p-Gnutella08,-0.0036201740996625875,p2p-Gnutella08 hgb_matched
0.2660946156858164,0.3684106811091759,0.1290322580645161,0.3535031847133758,0.0939250521301674,1,node+edge+subgraph,62,1.3582842000032542,1.6650392000055945,spread_resid,p2p-Gnutella08,2,0.2603706264157385,0.3610674679507363,0.1290322580645161,0.3535031847133758,0.0939382837999015,56,1.5455725000065286,1.6650392000055945,p2p-Gnutella08,-0.005723989270077889,p2p-Gnutella08 hgb_matched
0.2626429155179355,0.3640651448230926,0.0967741935483871,0.3471337579617834,0.0941615565676016,1,node+edge+subgraph,62,1.3209697999991477,1.6650392000055945,spread_resid,p2p-Gnutella08,3,0.2570140418678818,0.3565350102018445,0.0967741935483871,0.3471337579617834,0.0941750148926084,56,1.5876888999773655,1.6650392000055945,p2p-Gnutella08,-0.005628873650053712,p2p-Gnutella08 hgb_matched
0.2703311523288026,0.3745415980717138,0.1290322580645161,0.3343949044585987,0.0930702829141215,1,node+edge+subgraph,62,1.380958500005363,1.6650392000055945,spread_resid,p2p-Gnutella08,4,0.2612283799225428,0.3625064087729995,0.1290322580645161,0.3598726114649681,0.0930512170252431,56,1.6307474999921396,1.6650392000055945,p2p-Gnutella08,-0.00910277240625984,p2p-Gnutella08 hgb_matched
0.2589157258903781,0.3577052955456192,0.1129032258064516,0.3471337579617834,0.0947604507070799,1,node+edge+subgraph,62,1.2976965999987442,1.6650392000055945,spread_resid,p2p-Gnutella08,5,0.2546149428415185,0.3518734225483511,0.1129032258064516,0.3535031847133758,0.0948535157735671,56,1.6066766000003554,1.6650392000055945,p2p-Gnutella08,-0.004300783048859613,p2p-Gnutella08 hgb_matched
0.2671969618444393,0.3697035583557234,0.1451612903225806,0.3535031847133758,0.0937837132543306,1,node+edge+subgraph,62,1.3101175000047078,1.6650392000055945,spread_resid,p2p-Gnutella08,6,0.2610746161290121,0.3623380288713004,0.1451612903225806,0.3471337579617834,0.0938840815529086,56,1.534957800002303,1.6650392000055945,p2p-Gnutella08,-0.006122345715427191,p2p-Gnutella08 hgb_matched
0.2666389818319579,0.3688475325208503,0.1129032258064516,0.3535031847133758,0.0938464134413956,1,node+edge+subgraph,62,1.3193992999949842,1.6650392000055945,spread_resid,p2p-Gnutella08,7,0.2613010349828313,0.3623646526968608,0.1290322580645161,0.3630573248407643,0.093812864847226,56,1.5324503999727312,1.6650392000055945,p2p-Gnutella08,-0.005337946849126585,p2p-Gnutella08 hgb_matched
0.2604196892688236,0.3597329445754617,0.1129032258064516,0.3503184713375796,0.0944117332729676,1,node+edge+subgraph,62,1.3278260000006412,1.6650392000055945,spread_resid,p2p-Gnutella08,8,0.2538536633977933,0.3526065333862622,0.1290322580645161,0.3503184713375796,0.0944766774541786,56,1.5706542000116317,1.6650392000055945,p2p-Gnutella08,-0.006566025871030279,p2p-Gnutella08 hgb_matched
0.2638771138278202,0.3652245931746307,0.1612903225806451,0.3566878980891719,0.093277634974943,1,node+edge+subgraph,62,1.3136213999969186,1.6650392000055945,spread_resid,p2p-Gnutella08,9,0.2569875066619661,0.3566449735743895,0.1774193548387097,0.3535031847133758,0.0932303876802577,56,1.607788299996173,1.6650392000055945,p2p-Gnutella08,-0.0068896071658540725,p2p-Gnutella08 hgb_matched
0.2672324840384779,0.3698469313285114,0.1290322580645161,0.3439490445859872,0.0938553882127372,1,node+edge+subgraph+dynamic,62,1.400416699994821,1.6650392000055945,spread_resid,p2p-Gnutella08,0,0.2611856484812343,0.3617316778329322,0.1451612903225806,0.3598726114649681,0.0938513038398227,56,1.6186039999884088,1.6650392000055945,p2p-Gnutella08,-0.006046835557243557,p2p-Gnutella08 hgb_matched
0.2634228498962923,0.3657034675325549,0.1774193548387097,0.3535031847133758,0.0924898169945981,1,node+edge+subgraph+dynamic,62,1.5046004000032551,1.6650392000055945,spread_resid,p2p-Gnutella08,1,0.2598026757966297,0.3602156504079241,0.1774193548387097,0.3598726114649681,0.092465660124411,56,1.5633411000017077,1.6650392000055945,p2p-Gnutella08,-0.0036201740996625875,p2p-Gnutella08 hgb_matched
0.2660946156858164,0.3684106811091759,0.1290322580645161,0.3535031847133758,0.0939250521301674,1,node+edge+subgraph+dynamic,62,1.4250922000064747,1.6650392000055945,spread_resid,p2p-Gnutella08,2,0.2603706264157385,0.3610674679507363,0.1290322580645161,0.3535031847133758,0.0939382837999015,56,1.5414662000257522,1.6650392000055945,p2p-Gnutella08,-0.005723989270077889,p2p-Gnutella08 hgb_matched
0.2626429155179355,0.3640651448230926,0.0967741935483871,0.3471337579617834,0.0941615565676016,1,node+edge+subgraph+dynamic,62,1.3340734000012162,1.6650392000055945,spread_resid,p2p-Gnutella08,3,0.2570140418678818,0.3565350102018445,0.0967741935483871,0.3471337579617834,0.0941750148926084,56,1.5342169999785256,1.6650392000055945,p2p-Gnutella08,-0.005628873650053712,p2p-Gnutella08 hgb_matched
0.2703311523288026,0.3745415980717138,0.1290322580645161,0.3343949044585987,0.0930702829141215,1,node+edge+subgraph+dynamic,62,1.2886647999985144,1.6650392000055945,spread_resid,p2p-Gnutella08,4,0.2612283799225428,0.3625064087729995,0.1290322580645161,0.3598726114649681,0.0930512170252431,56,1.5801909000147134,1.6650392000055945,p2p-Gnutella08,-0.00910277240625984,p2p-Gnutella08 hgb_matched
0.2589157258903781,0.3577052955456192,0.1129032258064516,0.3471337579617834,0.0947604507070799,1,node+edge+subgraph+dynamic,62,1.4409193999963463,1.6650392000055945,spread_resid,p2p-Gnutella08,5,0.2546149428415185,0.3518734225483511,0.1129032258064516,0.3535031847133758,0.0948535157735671,56,1.5141580000054091,1.6650392000055945,p2p-Gnutella08,-0.004300783048859613,p2p-Gnutella08 hgb_matched
0.2671969618444393,0.3697035583557234,0.1451612903225806,0.3535031847133758,0.0937837132543306,1,node+edge+subgraph+dynamic,62,1.4482411999997566,1.6650392000055945,spread_resid,p2p-Gnutella08,6,0.2610746161290121,0.3623380288713004,0.1451612903225806,0.3471337579617834,0.0938840815529086,56,1.541649899998447,1.6650392000055945,p2p-Gnutella08,-0.006122345715427191,p2p-Gnutella08 hgb_matched
0.2666389818319579,0.3688475325208503,0.1129032258064516,0.3535031847133758,0.0938464134413956,1,node+edge+subgraph+dynamic,62,1.394423600002483,1.6650392000055945,spread_resid,p2p-Gnutella08,7,0.2613010349828313,0.3623646526968608,0.1290322580645161,0.3630573248407643,0.093812864847226,56,1.574388100008946,1.6650392000055945,p2p-Gnutella08,-0.005337946849126585,p2p-Gnutella08 hgb_matched
0.2604196892688236,0.3597329445754617,0.1129032258064516,0.3503184713375796,0.0944117332729676,1,node+edge+subgraph+dynamic,62,1.397973200000706,1.6650392000055945,spread_resid,p2p-Gnutella08,8,0.2538536633977933,0.3526065333862622,0.1290322580645161,0.3503184713375796,0.0944766774541786,56,1.5683242000231985,1.6650392000055945,p2p-Gnutella08,-0.006566025871030279,p2p-Gnutella08 hgb_matched
0.2638771138278202,0.3652245931746307,0.1612903225806451,0.3566878980891719,0.093277634974943,1,node+edge+subgraph+dynamic,62,1.363026200000604,1.6650392000055945,spread_resid,p2p-Gnutella08,9,0.2569875066619661,0.3566449735743895,0.1774193548387097,0.3535031847133758,0.0932303876802577,56,1.564524400018854,1.6650392000055945,p2p-Gnutella08,-0.0068896071658540725,p2p-Gnutella08 hgb_matched
0.9243483624543544,0.9903702550427084,0.8225806451612904,0.7898089171974523,5915.756755972341,1,node+edge+subgraph,62,2.050772399998096,1.6650392000055945,betweenness,p2p-Gnutella08,0,0.9235194334826926,0.9901208026314418,0.8225806451612904,0.7898089171974523,5931.147446134784,56,2.3265142000163905,1.6650392000055945,p2p-Gnutella08,-0.0008289289716617576,p2p-Gnutella08 rf_log1p
0.9239676470977412,0.9902197067003048,0.8225806451612904,0.7898089171974523,5813.712401218024,1,node+edge+subgraph,62,2.1201625000030617,1.6650392000055945,betweenness,p2p-Gnutella08,1,0.9235584967522864,0.9901279150864412,0.8225806451612904,0.7898089171974523,5813.761669558393,56,2.456471699988469,1.6650392000055945,p2p-Gnutella08,-0.00040915034545474516,p2p-Gnutella08 rf_log1p
0.9234530053977243,0.9901451726470706,0.8064516129032258,0.7961783439490446,5734.514501904533,1,node+edge+subgraph,62,2.005468800001836,1.6650392000055945,betweenness,p2p-Gnutella08,2,0.9227546616888554,0.9899829923704524,0.8387096774193549,0.7898089171974523,5732.627516668585,56,2.5189264000218827,1.6650392000055945,p2p-Gnutella08,-0.0006983437088688982,p2p-Gnutella08 rf_log1p
0.9242326462916836,0.990348971230084,0.8225806451612904,0.7961783439490446,5837.776227100833,1,node+edge+subgraph,62,2.0122544999976526,1.6650392000055945,betweenness,p2p-Gnutella08,3,0.9235657638859904,0.990176470162734,0.8225806451612904,0.7898089171974523,5912.043902468939,56,2.511825199995656,1.6650392000055945,p2p-Gnutella08,-0.0006668824056931255,p2p-Gnutella08 rf_log1p
0.9240373445249842,0.9903309881238744,0.8064516129032258,0.8057324840764332,5816.965002554917,1,node+edge+subgraph,62,2.0912528000044404,1.6650392000055945,betweenness,p2p-Gnutella08,4,0.9235059137594324,0.9901743844717358,0.8225806451612904,0.802547770700637,5799.9516413916,56,2.607490900001721,1.6650392000055945,p2p-Gnutella08,-0.0005314307655518435,p2p-Gnutella08 rf_log1p
0.9241914909556984,0.9903334226146732,0.8548387096774194,0.7866242038216561,5677.567699297707,1,node+edge+subgraph,62,2.3952630999992834,1.6650392000055945,betweenness,p2p-Gnutella08,5,0.9236968675920966,0.9901974668793536,0.8387096774193549,0.7866242038216561,5680.021421492249,56,2.484131300006993,1.6650392000055945,p2p-Gnutella08,-0.0004946233636018427,p2p-Gnutella08 rf_log1p
0.9243288026147388,0.9903711992624592,0.8064516129032258,0.7961783439490446,5702.816555657517,1,node+edge+subgraph,62,2.25842399999965,1.6650392000055945,betweenness,p2p-Gnutella08,6,0.9237013047448066,0.9901980683275676,0.8064516129032258,0.7961783439490446,5698.9886704962855,56,2.6260321000008844,1.6650392000055945,p2p-Gnutella08,-0.0006274978699322142,p2p-Gnutella08 rf_log1p
0.9230024064912872,0.9900224927327664,0.8387096774193549,0.7929936305732485,5711.375508384945,1,node+edge+subgraph,62,2.1656269999948563,1.6650392000055945,betweenness,p2p-Gnutella08,7,0.922665921764981,0.9899563625491528,0.8387096774193549,0.7961783439490446,5685.654943939332,56,2.52946510000038,1.6650392000055945,p2p-Gnutella08,-0.0003364847263062076,p2p-Gnutella08 rf_log1p
0.9246213458059084,0.9904128521126694,0.8387096774193549,0.7961783439490446,5765.958685863449,1,node+edge+subgraph,62,2.139011899998877,1.6650392000055945,betweenness,p2p-Gnutella08,8,0.9240339696350048,0.9902984699262894,0.8225806451612904,0.7993630573248408,5763.111905627608,56,2.5345313000143506,1.6650392000055945,p2p-Gnutella08,-0.0005873761709035419,p2p-Gnutella08 rf_log1p
0.9241506147692176,0.990340253731857,0.8225806451612904,0.7929936305732485,5853.466092848944,1,node+edge+subgraph,62,2.026666899997508,1.6650392000055945,betweenness,p2p-Gnutella08,9,0.9236669796913832,0.990221331711704,0.8225806451612904,0.7929936305732485,5823.606708775616,56,2.5937434999796096,1.6650392000055945,p2p-Gnutella08,-0.00048363507783433235,p2p-Gnutella08 rf_log1p
0.9243483624543544,0.9903702550427084,0.8225806451612904,0.7898089171974523,5915.75675597234,1,node+edge+subgraph+dynamic,62,2.0116957999998704,1.6650392000055945,betweenness,p2p-Gnutella08,0,0.9235194334826926,0.9901208026314418,0.8225806451612904,0.7898089171974523,5931.147446134785,56,2.4960727999859955,1.6650392000055945,p2p-Gnutella08,-0.0008289289716617576,p2p-Gnutella08 rf_log1p
0.9239676470977412,0.9902197067003048,0.8225806451612904,0.7898089171974523,5813.712401218022,1,node+edge+subgraph+dynamic,62,1.9655577000012272,1.6650392000055945,betweenness,p2p-Gnutella08,1,0.9235584967522864,0.9901279150864412,0.8225806451612904,0.7898089171974523,5813.761669558391,56,2.5337883999745827,1.6650392000055945,p2p-Gnutella08,-0.00040915034545474516,p2p-Gnutella08 rf_log1p
0.9234530053977243,0.9901451726470706,0.8064516129032258,0.7961783439490446,5734.514501904533,1,node+edge+subgraph+dynamic,62,1.962196699998458,1.6650392000055945,betweenness,p2p-Gnutella08,2,0.9227546616888554,0.9899829923704524,0.8387096774193549,0.7898089171974523,5732.6275166685855,56,2.5399477000173647,1.6650392000055945,p2p-Gnutella08,-0.0006983437088688982,p2p-Gnutella08 rf_log1p
0.9242326462916836,0.990348971230084,0.8225806451612904,0.7961783439490446,5837.776227100831,1,node+edge+subgraph+dynamic,62,2.061215200003062,1.6650392000055945,betweenness,p2p-Gnutella08,3,0.9235657638859904,0.990176470162734,0.8225806451612904,0.7898089171974523,5912.04390246894,56,2.479507800017018,1.6650392000055945,p2p-Gnutella08,-0.0006668824056931255,p2p-Gnutella08 rf_log1p
0.9240373445249842,0.9903309881238744,0.8064516129032258,0.8057324840764332,5816.965002554919,1,node+edge+subgraph+dynamic,62,1.96097379999992,1.6650392000055945,betweenness,p2p-Gnutella08,4,0.9235059137594324,0.9901743844717358,0.8225806451612904,0.802547770700637,5799.9516413916,56,2.574434700014536,1.6650392000055945,p2p-Gnutella08,-0.0005314307655518435,p2p-Gnutella08 rf_log1p
0.9241914909556984,0.9903334226146732,0.8548387096774194,0.7866242038216561,5677.567699297708,1,node+edge+subgraph+dynamic,62,1.957602999995288,1.6650392000055945,betweenness,p2p-Gnutella08,5,0.9236968675920966,0.9901974668793536,0.8387096774193549,0.7866242038216561,5680.021421492248,56,2.505604400008451,1.6650392000055945,p2p-Gnutella08,-0.0004946233636018427,p2p-Gnutella08 rf_log1p
0.9243288026147388,0.9903711992624592,0.8064516129032258,0.7961783439490446,5702.816555657517,1,node+edge+subgraph+dynamic,62,1.9600227999981144,1.6650392000055945,betweenness,p2p-Gnutella08,6,0.9237013047448066,0.9901980683275676,0.8064516129032258,0.7961783439490446,5698.988670496284,56,2.5342084000003524,1.6650392000055945,p2p-Gnutella08,-0.0006274978699322142,p2p-Gnutella08 rf_log1p
0.9230024064912872,0.9900224927327664,0.8387096774193549,0.7929936305732485,5711.375508384945,1,node+edge+subgraph+dynamic,62,2.0807538000008208,1.6650392000055945,betweenness,p2p-Gnutella08,7,0.922665921764981,0.9899563625491528,0.8387096774193549,0.7961783439490446,5685.654943939329,56,2.548125399975106,1.6650392000055945,p2p-Gnutella08,-0.0003364847263062076,p2p-Gnutella08 rf_log1p
0.9246213458059084,0.9904128521126694,0.8387096774193549,0.7961783439490446,5765.95868586345,1,node+edge+subgraph+dynamic,62,2.006531800005177,1.6650392000055945,betweenness,p2p-Gnutella08,8,0.9240339696350048,0.9902984699262894,0.8225806451612904,0.7993630573248408,5763.111905627609,56,2.566605800006073,1.6650392000055945,p2p-Gnutella08,-0.0005873761709035419,p2p-Gnutella08 rf_log1p
0.9241506147692176,0.990340253731857,0.8225806451612904,0.7929936305732485,5853.466092848943,1,node+edge+subgraph+dynamic,62,2.147611800006416,1.6650392000055945,betweenness,p2p-Gnutella08,9,0.9236669796913832,0.990221331711704,0.8225806451612904,0.7929936305732485,5823.60670877562,56,2.5919539000024088,1.6650392000055945,p2p-Gnutella08,-0.00048363507783433235,p2p-Gnutella08 rf_log1p
0.7775268868568366,0.9290289017131628,0.935483870967742,0.9394904458598726,3.174608793458552,1,node+edge+subgraph,62,0.5390990999949281,1.6650392000055945,spread_mean,p2p-Gnutella08,0,0.770172987827665,0.9241599888556123,0.9516129032258064,0.9394904458598726,3.278791779167407,56,0.3106275000027381,1.6650392000055945,p2p-Gnutella08,-0.007353899029171607,p2p-Gnutella08 ridge
0.7774530510531871,0.9287556673462504,0.935483870967742,0.9331210191082804,3.247261080864413,1,node+edge+subgraph,62,0.5428165999983321,1.6650392000055945,spread_mean,p2p-Gnutella08,1,0.7706468137158156,0.924348860585906,0.935483870967742,0.9394904458598726,3.339624136613262,56,0.3281915000115987,1.6650392000055945,p2p-Gnutella08,-0.006806237337371512,p2p-Gnutella08 ridge
0.776032896450984,0.9279951322428897,0.935483870967742,0.9394904458598726,3.2200653023193966,1,node+edge+subgraph,62,0.5414918000024045,1.6650392000055945,spread_mean,p2p-Gnutella08,2,0.7697005005140364,0.92372579000008,0.935483870967742,0.9426751592356688,3.298183709646899,56,0.3914379000198096,1.6650392000055945,p2p-Gnutella08,-0.006332395936947677,p2p-Gnutella08 ridge
0.7773874214828338,0.9287778569064002,0.935483870967742,0.9363057324840764,3.24605808143432,1,node+edge+subgraph,62,0.5476464999956079,1.6650392000055945,spread_mean,p2p-Gnutella08,3,0.770925665801478,0.9243965740306864,0.9516129032258064,0.9426751592356688,3.3016938937047504,56,0.4206155000138096,1.6650392000055945,p2p-Gnutella08,-0.006461755681355763,p2p-Gnutella08 ridge
0.7774938883560175,0.9288442456509924,0.935483870967742,0.9394904458598726,3.23204549025391,1,node+edge+subgraph,62,0.5492644999976619,1.6650392000055945,spread_mean,p2p-Gnutella08,4,0.7711719692832065,0.9246604879432896,0.935483870967742,0.9426751592356688,3.2813963726592177,56,0.4165738000010606,1.6650392000055945,p2p-Gnutella08,-0.006321919072810989,p2p-Gnutella08 ridge
0.7773037975406487,0.9286330158943932,0.935483870967742,0.9394904458598726,3.168592972428606,1,node+edge+subgraph,62,0.5458079000018188,1.6650392000055945,spread_mean,p2p-Gnutella08,5,0.7704336127848228,0.9242533990705049,0.9516129032258064,0.9394904458598726,3.289552346716068,56,0.3934818999841809,1.6650392000055945,p2p-Gnutella08,-0.006870184755825903,p2p-Gnutella08 ridge
0.7770983251778792,0.9288913470522284,0.935483870967742,0.9363057324840764,3.176483823025314,1,node+edge+subgraph,62,0.5399240000042482,1.6650392000055945,spread_mean,p2p-Gnutella08,6,0.770475419804685,0.9244301730440984,0.9516129032258064,0.945859872611465,3.279858289809886,56,0.4109991999866906,1.6650392000055945,p2p-Gnutella08,-0.00662290537319421,p2p-Gnutella08 ridge
0.7763579803035561,0.9283661716317544,0.935483870967742,0.9363057324840764,3.264391498143884,1,node+edge+subgraph,62,0.544111499999417,1.6650392000055945,spread_mean,p2p-Gnutella08,7,0.7706222268157779,0.9244453990557444,0.9516129032258064,0.945859872611465,3.2551822653836178,56,0.378729399992153,1.6650392000055945,p2p-Gnutella08,-0.005735753487778217,p2p-Gnutella08 ridge
0.7774777610828199,0.9288890853602892,0.935483870967742,0.9394904458598726,3.261776736621352,1,node+edge+subgraph,62,0.5456131999962963,1.6650392000055945,spread_mean,p2p-Gnutella08,8,0.7710420742781788,0.9246661505156158,0.935483870967742,0.9394904458598726,3.312276470532404,56,0.3891697000071872,1.6650392000055945,p2p-Gnutella08,-0.0064356868046410165,p2p-Gnutella08 ridge
0.7764219413509406,0.9283722427265018,0.935483870967742,0.9426751592356688,3.263441492372162,1,node+edge+subgraph,62,0.5466375999967568,1.6650392000055945,spread_mean,p2p-Gnutella08,9,0.7697327079335671,0.9237303535160452,0.9516129032258064,0.9426751592356688,3.307949408103996,56,0.392313499993179,1.6650392000055945,p2p-Gnutella08,-0.006689233417373486,p2p-Gnutella08 ridge
0.7775268868568366,0.9290289017131628,0.935483870967742,0.9394904458598726,3.174608793458552,1,node+edge+subgraph+dynamic,62,0.5507085999997798,1.6650392000055945,spread_mean,p2p-Gnutella08,0,0.770172987827665,0.9241599888556123,0.9516129032258064,0.9394904458598726,3.278791779167407,56,0.3933770000003278,1.6650392000055945,p2p-Gnutella08,-0.007353899029171607,p2p-Gnutella08 ridge
0.7774530510531871,0.9287556673462504,0.935483870967742,0.9331210191082804,3.247261080864413,1,node+edge+subgraph+dynamic,62,0.5641641999973217,1.6650392000055945,spread_mean,p2p-Gnutella08,1,0.7706468137158156,0.924348860585906,0.935483870967742,0.9394904458598726,3.339624136613262,56,0.3938044000242371,1.6650392000055945,p2p-Gnutella08,-0.006806237337371512,p2p-Gnutella08 ridge
0.776032896450984,0.9279951322428897,0.935483870967742,0.9394904458598726,3.2200653023193966,1,node+edge+subgraph+dynamic,62,0.5634732000035001,1.6650392000055945,spread_mean,p2p-Gnutella08,2,0.7697005005140364,0.92372579000008,0.935483870967742,0.9426751592356688,3.298183709646899,56,0.3995872000232339,1.6650392000055945,p2p-Gnutella08,-0.006332395936947677,p2p-Gnutella08 ridge
0.7773874214828338,0.9287778569064002,0.935483870967742,0.9363057324840764,3.24605808143432,1,node+edge+subgraph+dynamic,62,0.5563368000002811,1.6650392000055945,spread_mean,p2p-Gnutella08,3,0.770925665801478,0.9243965740306864,0.9516129032258064,0.9426751592356688,3.3016938937047504,56,0.4191294999909587,1.6650392000055945,p2p-Gnutella08,-0.006461755681355763,p2p-Gnutella08 ridge
0.7774938883560175,0.9288442456509924,0.935483870967742,0.9394904458598726,3.23204549025391,1,node+edge+subgraph+dynamic,62,0.5525283000024501,1.6650392000055945,spread_mean,p2p-Gnutella08,4,0.7711719692832065,0.9246604879432896,0.935483870967742,0.9426751592356688,3.2813963726592177,56,0.3951183999888599,1.6650392000055945,p2p-Gnutella08,-0.006321919072810989,p2p-Gnutella08 ridge
0.7773037975406487,0.9286330158943932,0.935483870967742,0.9394904458598726,3.168592972428606,1,node+edge+subgraph+dynamic,62,0.5532386999984737,1.6650392000055945,spread_mean,p2p-Gnutella08,5,0.7704336127848228,0.9242533990705049,0.9516129032258064,0.9394904458598726,3.289552346716068,56,0.4115164999966509,1.6650392000055945,p2p-Gnutella08,-0.006870184755825903,p2p-Gnutella08 ridge
0.7770983251778792,0.9288913470522284,0.935483870967742,0.9363057324840764,3.176483823025314,1,node+edge+subgraph+dynamic,62,0.5555450000028941,1.6650392000055945,spread_mean,p2p-Gnutella08,6,0.770475419804685,0.9244301730440984,0.9516129032258064,0.945859872611465,3.279858289809886,56,0.4018096999789122,1.6650392000055945,p2p-Gnutella08,-0.00662290537319421,p2p-Gnutella08 ridge
0.7763579803035561,0.9283661716317544,0.935483870967742,0.9363057324840764,3.264391498143884,1,node+edge+subgraph+dynamic,62,0.553681500001403,1.6650392000055945,spread_mean,p2p-Gnutella08,7,0.7706222268157779,0.9244453990557444,0.9516129032258064,0.945859872611465,3.2551822653836178,56,0.4295313000038732,1.6650392000055945,p2p-Gnutella08,-0.005735753487778217,p2p-Gnutella08 ridge
0.7774777610828199,0.9288890853602892,0.935483870967742,0.9394904458598726,3.261776736621352,1,node+edge+subgraph+dynamic,62,0.5486676000000443,1.6650392000055945,spread_mean,p2p-Gnutella08,8,0.7710420742781788,0.9246661505156158,0.935483870967742,0.9394904458598726,3.312276470532404,56,0.4446549999993294,1.6650392000055945,p2p-Gnutella08,-0.0064356868046410165,p2p-Gnutella08 ridge
0.7764219413509406,0.9283722427265018,0.935483870967742,0.9426751592356688,3.263441492372162,1,node+edge+subgraph+dynamic,62,0.5550499000019045,1.6650392000055945,spread_mean,p2p-Gnutella08,9,0.7697327079335671,0.9237303535160452,0.9516129032258064,0.9426751592356688,3.307949408103996,56,0.4003171999938786,1.6650392000055945,p2p-Gnutella08,-0.006689233417373486,p2p-Gnutella08 ridge
0.5597651038594094,0.7445651673579375,0.0,0.0318471337579617,1.0947284670976667,1,node+edge+subgraph,62,0.5475299000027007,1.6650392000055945,spread_cv,p2p-Gnutella08,0,0.5602598154362014,0.7447749856153987,0.0,0.0318471337579617,1.095320930924805,56,0.4110173999797553,1.6650392000055945,p2p-Gnutella08,0.0004947115767920396,p2p-Gnutella08 ridge
0.5607323947179743,0.746116867261897,0.0,0.0350318471337579,1.0935573292826206,1,node+edge+subgraph,62,0.5956637000053888,1.6650392000055945,spread_cv,p2p-Gnutella08,1,0.5613673052409683,0.746327986986104,0.0,0.0382165605095541,1.093663108241152,56,0.3934140000201296,1.6650392000055945,p2p-Gnutella08,0.0006349105229940255,p2p-Gnutella08 ridge
0.5600186695365996,0.7451625107401,0.0,0.0445859872611464,1.094578207798727,1,node+edge+subgraph,62,0.596959099995729,1.6650392000055945,spread_cv,p2p-Gnutella08,2,0.5606017239813748,0.7452518186469668,0.0,0.0477707006369426,1.0946294877026737,56,0.3793669000151567,1.6650392000055945,p2p-Gnutella08,0.0005830544447751329,p2p-Gnutella08 ridge
0.5609257833904674,0.7464554860380183,0.0,0.0445859872611464,1.0944842144094338,1,node+edge+subgraph,62,0.5755467000053613,1.6650392000055945,spread_cv,p2p-Gnutella08,3,0.560862363359606,0.7459961032345107,0.0,0.0477707006369426,1.094895248806497,56,0.4114509999926667,1.6650392000055945,p2p-Gnutella08,-6.342003086134973e-05,p2p-Gnutella08 ridge
0.5600475801342379,0.7457725568410217,0.0,0.0350318471337579,1.0973672773718524,1,node+edge+subgraph,62,0.5967154999962077,1.6650392000055945,spread_cv,p2p-Gnutella08,4,0.5607524704483602,0.7460241961414491,0.0,0.0382165605095541,1.0971759982206024,56,0.3822207000048365,1.6650392000055945,p2p-Gnutella08,0.0007048903141222418,p2p-Gnutella08 ridge
0.5602221241498637,0.7454713868396362,0.0,0.0414012738853503,1.0944935978047547,1,node+edge+subgraph,62,0.5853105000060168,1.6650392000055945,spread_cv,p2p-Gnutella08,5,0.5609916437930091,0.7457452453837693,0.0,0.0414012738853503,1.0941660445663055,56,0.4117679000191856,1.6650392000055945,p2p-Gnutella08,0.0007695196431454221,p2p-Gnutella08 ridge
0.5597260336279,0.7449586087795448,0.0,0.0350318471337579,1.095569286070552,1,node+edge+subgraph,62,0.5808213999989675,1.6650392000055945,spread_cv,p2p-Gnutella08,6,0.5601847185330415,0.7451266632099728,0.0,0.0445859872611464,1.096488082918185,56,0.3841705999802798,1.6650392000055945,p2p-Gnutella08,0.0004586849051415598,p2p-Gnutella08 ridge
0.5597219323791902,0.7447108367746059,0.0,0.0382165605095541,1.0981727028163957,1,node+edge+subgraph,62,0.5707718000048772,1.6650392000055945,spread_cv,p2p-Gnutella08,7,0.5603491688307076,0.7450478571181746,0.0,0.0445859872611464,1.0972526126413715,56,0.3682762999960687,1.6650392000055945,p2p-Gnutella08,0.00062723645151741,p2p-Gnutella08 ridge
0.5604389526426724,0.74571225265687,0.0,0.0414012738853503,1.0935474082205092,1,node+edge+subgraph,62,0.554996899998514,1.6650392000055945,spread_cv,p2p-Gnutella08,8,0.5610043962704122,0.7459662950571838,0.0,0.0414012738853503,1.0941188123548666,56,0.4320977000170387,1.6650392000055945,p2p-Gnutella08,0.0005654436277398034,p2p-Gnutella08 ridge
0.5600720083799864,0.7455299891127937,0.0,0.0445859872611464,1.0939247855679408,1,node+edge+subgraph,62,0.5589249000040581,1.6650392000055945,spread_cv,p2p-Gnutella08,9,0.5607822338995581,0.7457653988604239,0.0,0.0445859872611464,1.093822702498703,56,0.3952726000279654,1.6650392000055945,p2p-Gnutella08,0.0007102255195716722,p2p-Gnutella08 ridge
0.5597651038594094,0.7445651673579375,0.0,0.0318471337579617,1.0947284670976667,1,node+edge+subgraph+dynamic,62,0.5495561000061571,1.6650392000055945,spread_cv,p2p-Gnutella08,0,0.5602598154362014,0.7447749856153987,0.0,0.0318471337579617,1.095320930924805,56,0.4070743999909609,1.6650392000055945,p2p-Gnutella08,0.0004947115767920396,p2p-Gnutella08 ridge
0.5607323947179743,0.746116867261897,0.0,0.0350318471337579,1.0935573292826206,1,node+edge+subgraph+dynamic,62,0.5711437999998452,1.6650392000055945,spread_cv,p2p-Gnutella08,1,0.5613673052409683,0.746327986986104,0.0,0.0382165605095541,1.093663108241152,56,0.385387600021204,1.6650392000055945,p2p-Gnutella08,0.0006349105229940255,p2p-Gnutella08 ridge
0.5600186695365996,0.7451625107401,0.0,0.0445859872611464,1.094578207798727,1,node+edge+subgraph+dynamic,62,0.5529317999971681,1.6650392000055945,spread_cv,p2p-Gnutella08,2,0.5606017239813748,0.7452518186469668,0.0,0.0477707006369426,1.0946294877026737,56,0.4330083999957423,1.6650392000055945,p2p-Gnutella08,0.0005830544447751329,p2p-Gnutella08 ridge
0.5609257833904674,0.7464554860380183,0.0,0.0445859872611464,1.0944842144094338,1,node+edge+subgraph+dynamic,62,0.5566242999993847,1.6650392000055945,spread_cv,p2p-Gnutella08,3,0.560862363359606,0.7459961032345107,0.0,0.0477707006369426,1.094895248806497,56,0.405052699992666,1.6650392000055945,p2p-Gnutella08,-6.342003086134973e-05,p2p-Gnutella08 ridge
0.5600475801342379,0.7457725568410217,0.0,0.0350318471337579,1.0973672773718524,1,node+edge+subgraph+dynamic,62,0.5560971000013524,1.6650392000055945,spread_cv,p2p-Gnutella08,4,0.5607524704483602,0.7460241961414491,0.0,0.0382165605095541,1.0971759982206024,56,0.4061189999920316,1.6650392000055945,p2p-Gnutella08,0.0007048903141222418,p2p-Gnutella08 ridge
0.5602221241498637,0.7454713868396362,0.0,0.0414012738853503,1.0944935978047547,1,node+edge+subgraph+dynamic,62,0.5566666999948211,1.6650392000055945,spread_cv,p2p-Gnutella08,5,0.5609916437930091,0.7457452453837693,0.0,0.0414012738853503,1.0941660445663055,56,0.4058328999963123,1.6650392000055945,p2p-Gnutella08,0.0007695196431454221,p2p-Gnutella08 ridge
0.5597260336279,0.7449586087795448,0.0,0.0350318471337579,1.095569286070552,1,node+edge+subgraph+dynamic,62,0.5501341999988654,1.6650392000055945,spread_cv,p2p-Gnutella08,6,0.5601847185330415,0.7451266632099728,0.0,0.0445859872611464,1.096488082918185,56,0.3797616999945603,1.6650392000055945,p2p-Gnutella08,0.0004586849051415598,p2p-Gnutella08 ridge
0.5597219323791902,0.7447108367746059,0.0,0.0382165605095541,1.0981727028163957,1,node+edge+subgraph+dynamic,62,0.5542693000024883,1.6650392000055945,spread_cv,p2p-Gnutella08,7,0.5603491688307076,0.7450478571181746,0.0,0.0445859872611464,1.0972526126413715,56,0.4064813999866601,1.6650392000055945,p2p-Gnutella08,0.00062723645151741,p2p-Gnutella08 ridge
0.5604389526426724,0.74571225265687,0.0,0.0414012738853503,1.0935474082205092,1,node+edge+subgraph+dynamic,62,0.5707448000030126,1.6650392000055945,spread_cv,p2p-Gnutella08,8,0.5610043962704122,0.7459662950571838,0.0,0.0414012738853503,1.0941188123548666,56,0.3863970999955199,1.6650392000055945,p2p-Gnutella08,0.0005654436277398034,p2p-Gnutella08 ridge
0.5600720083799864,0.7455299891127937,0.0,0.0445859872611464,1.0939247855679408,1,node+edge+subgraph+dynamic,62,0.5573805000021821,1.6650392000055945,spread_cv,p2p-Gnutella08,9,0.5607822338995581,0.7457653988604239,0.0,0.0445859872611464,1.093822702498703,56,0.384472600009758,1.6650392000055945,p2p-Gnutella08,0.0007102255195716722,p2p-Gnutella08 ridge
0.8045422824994758,0.937207909596631,0.7741935483870968,0.7834394904458599,6860.656164041505,1,node+edge+subgraph,62,0.5601174999974319,1.6650392000055945,betweenness,p2p-Gnutella08,0,0.7960995651080617,0.932906738348218,0.7903225806451613,0.7929936305732485,6561.881393157582,56,0.4376233000075444,1.6650392000055945,p2p-Gnutella08,-0.008442717391414112,p2p-Gnutella08 ridge
0.815668764953145,0.9438347639913592,0.7741935483870968,0.7707006369426752,7075.426964374205,1,node+edge+subgraph,62,0.5667098999983864,1.6650392000055945,betweenness,p2p-Gnutella08,1,0.8110394896953664,0.9419647765388448,0.7580645161290323,0.7898089171974523,7068.995195694919,56,0.4147890000022016,1.6650392000055945,p2p-Gnutella08,-0.0046292752577785645,p2p-Gnutella08 ridge
0.803133094261252,0.9357943796934228,0.7741935483870968,0.7834394904458599,6652.296525998032,1,node+edge+subgraph,62,0.5577682000002824,1.6650392000055945,betweenness,p2p-Gnutella08,2,0.7949939794597777,0.931551779458104,0.7741935483870968,0.7898089171974523,6599.2979062800505,56,0.4330911999859381,1.6650392000055945,p2p-Gnutella08,-0.008139114801474334,p2p-Gnutella08 ridge
0.8018579698380209,0.9356107825192012,0.7741935483870968,0.7770700636942676,6932.134488036312,1,node+edge+subgraph,62,0.5565055000042776,1.6650392000055945,betweenness,p2p-Gnutella08,3,0.7943945038813288,0.9315720921034176,0.7903225806451613,0.7834394904458599,6744.530658958214,56,0.4147702000045683,1.6650392000055945,p2p-Gnutella08,-0.007463465956692117,p2p-Gnutella08 ridge
0.8043953461523108,0.9367536021434654,0.7741935483870968,0.7738853503184714,6971.288485223836,1,node+edge+subgraph,62,0.5536290000018198,1.6650392000055945,betweenness,p2p-Gnutella08,4,0.7944211351539957,0.931737493272883,0.7741935483870968,0.7834394904458599,6880.639653349198,56,0.3936631999968085,1.6650392000055945,p2p-Gnutella08,-0.00997421099831508,p2p-Gnutella08 ridge
0.8051692792205295,0.9369503473219064,0.7741935483870968,0.7707006369426752,6734.60798189673,1,node+edge+subgraph,62,0.5604861999963759,1.6650392000055945,betweenness,p2p-Gnutella08,5,0.8009446563210068,0.9358337455257896,0.7903225806451613,0.7770700636942676,6653.270063235517,56,0.398194900015369,1.6650392000055945,p2p-Gnutella08,-0.004224622899522745,p2p-Gnutella08 ridge
0.8092580398329932,0.9418862717774696,0.7419354838709677,0.7834394904458599,6790.95279368364,1,node+edge+subgraph,62,0.5582400000057532,1.6650392000055945,betweenness,p2p-Gnutella08,6,0.7963130251593373,0.933876877043269,0.7741935483870968,0.7866242038216561,6479.672744372479,56,0.4041414999810513,1.6650392000055945,p2p-Gnutella08,-0.01294501467365583,p2p-Gnutella08 ridge
0.8046025940005277,0.9371956277428136,0.7903225806451613,0.7834394904458599,6654.659744377341,1,node+edge+subgraph,62,0.5554937999986578,1.6650392000055945,betweenness,p2p-Gnutella08,7,0.7941823689607278,0.9327742032477448,0.8064516129032258,0.7802547770700637,6545.007977229384,56,0.416351299994858,1.6650392000055945,p2p-Gnutella08,-0.01042022503979989,p2p-Gnutella08 ridge
0.8095334679829239,0.9415871735799566,0.7903225806451613,0.7643312101910829,6781.38105538878,1,node+edge+subgraph,62,0.5684873999998672,1.6650392000055945,betweenness,p2p-Gnutella08,8,0.8068685278227183,0.9386778154739158,0.7580645161290323,0.7802547770700637,7297.319324184403,56,0.4055556000093929,1.6650392000055945,p2p-Gnutella08,-0.0026649401602055756,p2p-Gnutella08 ridge
0.8044038801464379,0.9372086710062804,0.7258064516129032,0.767515923566879,6939.8241879795305,1,node+edge+subgraph,62,0.5601564000025974,1.6650392000055945,betweenness,p2p-Gnutella08,9,0.7976363596525488,0.93423009741737,0.7580645161290323,0.7707006369426752,6836.946883101392,56,0.3842590999847743,1.6650392000055945,p2p-Gnutella08,-0.006767520493889179,p2p-Gnutella08 ridge
0.8045422824994758,0.937207909596631,0.7741935483870968,0.7834394904458599,6860.656164041505,1,node+edge+subgraph+dynamic,62,0.5649268000051961,1.6650392000055945,betweenness,p2p-Gnutella08,0,0.7960995651080617,0.932906738348218,0.7903225806451613,0.7929936305732485,6561.881393157582,56,0.3858111999870743,1.6650392000055945,p2p-Gnutella08,-0.008442717391414112,p2p-Gnutella08 ridge
0.815668764953145,0.9438347639913592,0.7741935483870968,0.7707006369426752,7075.426964374205,1,node+edge+subgraph+dynamic,62,0.5814326999970945,1.6650392000055945,betweenness,p2p-Gnutella08,1,0.8110394896953664,0.9419647765388448,0.7580645161290323,0.7898089171974523,7068.995195694919,56,0.4110591000062413,1.6650392000055945,p2p-Gnutella08,-0.0046292752577785645,p2p-Gnutella08 ridge
0.803133094261252,0.9357943796934228,0.7741935483870968,0.7834394904458599,6652.296525998032,1,node+edge+subgraph+dynamic,62,0.5869458999950439,1.6650392000055945,betweenness,p2p-Gnutella08,2,0.7949939794597777,0.931551779458104,0.7741935483870968,0.7898089171974523,6599.2979062800505,56,0.4233933000068646,1.6650392000055945,p2p-Gnutella08,-0.008139114801474334,p2p-Gnutella08 ridge
0.8018579698380209,0.9356107825192012,0.7741935483870968,0.7770700636942676,6932.134488036312,1,node+edge+subgraph+dynamic,62,0.5690640999964671,1.6650392000055945,betweenness,p2p-Gnutella08,3,0.7943945038813288,0.9315720921034176,0.7903225806451613,0.7834394904458599,6744.530658958214,56,0.4003253999981098,1.6650392000055945,p2p-Gnutella08,-0.007463465956692117,p2p-Gnutella08 ridge
0.8043953461523108,0.9367536021434654,0.7741935483870968,0.7738853503184714,6971.288485223836,1,node+edge+subgraph+dynamic,62,0.5932494999942719,1.6650392000055945,betweenness,p2p-Gnutella08,4,0.7944211351539957,0.931737493272883,0.7741935483870968,0.7834394904458599,6880.639653349198,56,0.4238698999979533,1.6650392000055945,p2p-Gnutella08,-0.00997421099831508,p2p-Gnutella08 ridge
0.8051692792205295,0.9369503473219064,0.7741935483870968,0.7707006369426752,6734.60798189673,1,node+edge+subgraph+dynamic,62,0.5824312999975518,1.6650392000055945,betweenness,p2p-Gnutella08,5,0.8009446563210068,0.9358337455257896,0.7903225806451613,0.7770700636942676,6653.270063235517,56,0.3946641000220552,1.6650392000055945,p2p-Gnutella08,-0.004224622899522745,p2p-Gnutella08 ridge
0.8092580398329932,0.9418862717774696,0.7419354838709677,0.7834394904458599,6790.95279368364,1,node+edge+subgraph+dynamic,62,0.5795469000004232,1.6650392000055945,betweenness,p2p-Gnutella08,6,0.7963130251593373,0.933876877043269,0.7741935483870968,0.7866242038216561,6479.672744372479,56,0.4133067999791819,1.6650392000055945,p2p-Gnutella08,-0.01294501467365583,p2p-Gnutella08 ridge
0.8046025940005277,0.9371956277428136,0.7903225806451613,0.7834394904458599,6654.659744377341,1,node+edge+subgraph+dynamic,62,0.5583515000034822,1.6650392000055945,betweenness,p2p-Gnutella08,7,0.7941823689607278,0.9327742032477448,0.8064516129032258,0.7802547770700637,6545.007977229384,56,0.3889015000022482,1.6650392000055945,p2p-Gnutella08,-0.01042022503979989,p2p-Gnutella08 ridge
0.8095334679829239,0.9415871735799566,0.7903225806451613,0.7643312101910829,6781.38105538878,1,node+edge+subgraph+dynamic,62,0.5555105000021285,1.6650392000055945,betweenness,p2p-Gnutella08,8,0.8068685278227183,0.9386778154739158,0.7580645161290323,0.7802547770700637,7297.319324184403,56,0.3875766999844927,1.6650392000055945,p2p-Gnutella08,-0.0026649401602055756,p2p-Gnutella08 ridge
0.8044038801464379,0.9372086710062804,0.7258064516129032,0.767515923566879,6939.8241879795305,1,node+edge+subgraph+dynamic,62,0.5540009999967879,1.6650392000055945,betweenness,p2p-Gnutella08,9,0.7976363596525488,0.93423009741737,0.7580645161290323,0.7707006369426752,6836.946883101392,56,0.4110379999910947,1.6650392000055945,p2p-Gnutella08,-0.006767520493889179,p2p-Gnutella08 ridge
0.2095632531630113,0.3011723089852253,0.032258064516129,0.1496815286624203,0.093609217103499,1,node+edge+subgraph,62,0.5612187000006088,1.6650392000055945,spread_resid,p2p-Gnutella08,0,0.2103025634002009,0.3022722472900889,0.0161290322580645,0.1496815286624203,0.0936104092807158,56,0.4103073000151198,1.6650392000055945,p2p-Gnutella08,0.0007393102371895943,p2p-Gnutella08 ridge
0.2067155863622729,0.2971102254076131,0.0161290322580645,0.1592356687898089,0.0934129194374155,1,node+edge+subgraph,62,0.560082500000135,1.6650392000055945,spread_resid,p2p-Gnutella08,1,0.2065893159402035,0.2969419793371853,0.0161290322580645,0.1528662420382165,0.0934182661116479,56,0.3876183000102173,1.6650392000055945,p2p-Gnutella08,-0.00012627042206941885,p2p-Gnutella08 ridge
0.2084549071501656,0.2997366176590152,0.0967741935483871,0.1878980891719745,0.0935483258210326,1,node+edge+subgraph,62,0.5717353000000003,1.6650392000055945,spread_resid,p2p-Gnutella08,2,0.208803500218582,0.3000558524113146,0.0967741935483871,0.1878980891719745,0.0935481851652149,56,0.4172260999912396,1.6650392000055945,p2p-Gnutella08,0.0003485930684163918,p2p-Gnutella08 ridge
0.2083883679672218,0.2984239272083772,0.0806451612903225,0.2165605095541401,0.0935712569630534,1,node+edge+subgraph,62,0.6862429000029806,1.6650392000055945,spread_resid,p2p-Gnutella08,3,0.207950048504923,0.297926616094919,0.1129032258064516,0.2038216560509554,0.0935762923198736,56,0.396678699995391,1.6650392000055945,p2p-Gnutella08,-0.0004383194622988029,p2p-Gnutella08 ridge
0.2111800248426917,0.3033626644093949,0.064516129032258,0.2101910828025477,0.0933228867759783,1,node+edge+subgraph,62,0.7252718999952776,1.6650392000055945,spread_resid,p2p-Gnutella08,4,0.2109800456041198,0.3030246415927902,0.064516129032258,0.2101910828025477,0.0933239584060077,56,0.3952975999854971,1.6650392000055945,p2p-Gnutella08,-0.00019997923857190125,p2p-Gnutella08 ridge
0.2105666170939268,0.3026039340649124,0.0967741935483871,0.1847133757961783,0.0935992042880172,1,node+edge+subgraph,62,0.7186804000011762,1.6650392000055945,spread_resid,p2p-Gnutella08,5,0.210342520855662,0.3021924019169076,0.0967741935483871,0.1878980891719745,0.0936043295888287,56,0.3925554000015836,1.6650392000055945,p2p-Gnutella08,-0.00022409623826480374,p2p-Gnutella08 ridge
0.2044524449327434,0.2938433539688865,0.0806451612903225,0.1878980891719745,0.093703727410159,1,node+edge+subgraph,62,0.70218290000048,1.6650392000055945,spread_resid,p2p-Gnutella08,6,0.2051736430142465,0.2946546567585453,0.0806451612903225,0.1878980891719745,0.0936955178556549,56,0.3935395000153221,1.6650392000055945,p2p-Gnutella08,0.000721198081503116,p2p-Gnutella08 ridge
0.2070976231346606,0.296803348704079,0.0483870967741935,0.197452229299363,0.0935992885831984,1,node+edge+subgraph,62,0.7009146999989753,1.6650392000055945,spread_resid,p2p-Gnutella08,7,0.207373874639682,0.2972670120842222,0.0483870967741935,0.197452229299363,0.0935941721706553,56,0.4116108999878634,1.6650392000055945,p2p-Gnutella08,0.00027625150502139095,p2p-Gnutella08 ridge
0.2082968350647751,0.299260158837805,0.0806451612903225,0.1783439490445859,0.0933539798498282,1,node+edge+subgraph,62,0.7135072999953991,1.6650392000055945,spread_resid,p2p-Gnutella08,8,0.2079743436435736,0.2988335734670921,0.0967741935483871,0.1719745222929936,0.0933549471472885,56,0.3895992999896407,1.6650392000055945,p2p-Gnutella08,-0.00032249142120149843,p2p-Gnutella08 ridge
0.2076390460486005,0.2994188125981601,0.032258064516129,0.1719745222929936,0.0940451290299521,1,node+edge+subgraph,62,0.6241176000039559,1.6650392000055945,spread_resid,p2p-Gnutella08,9,0.207379012396188,0.2991354385231641,0.032258064516129,0.1624203821656051,0.0940447172327718,56,0.4334910000034142,1.6650392000055945,p2p-Gnutella08,-0.00026003365241250576,p2p-Gnutella08 ridge
0.2095632531630113,0.3011723089852253,0.032258064516129,0.1496815286624203,0.093609217103499,1,node+edge+subgraph+dynamic,62,0.662894499997492,1.6650392000055945,spread_resid,p2p-Gnutella08,0,0.2103025634002009,0.3022722472900889,0.0161290322580645,0.1496815286624203,0.0936104092807158,56,0.4056545000057667,1.6650392000055945,p2p-Gnutella08,0.0007393102371895943,p2p-Gnutella08 ridge
0.2067155863622729,0.2971102254076131,0.0161290322580645,0.1592356687898089,0.0934129194374155,1,node+edge+subgraph+dynamic,62,0.5799107999991975,1.6650392000055945,spread_resid,p2p-Gnutella08,1,0.2065893159402035,0.2969419793371853,0.0161290322580645,0.1528662420382165,0.0934182661116479,56,0.4216649000009056,1.6650392000055945,p2p-Gnutella08,-0.00012627042206941885,p2p-Gnutella08 ridge
0.2084549071501656,0.2997366176590152,0.0967741935483871,0.1878980891719745,0.0935483258210326,1,node+edge+subgraph+dynamic,62,0.5796487999978126,1.6650392000055945,spread_resid,p2p-Gnutella08,2,0.208803500218582,0.3000558524113146,0.0967741935483871,0.1878980891719745,0.0935481851652149,56,0.4025238000031095,1.6650392000055945,p2p-Gnutella08,0.0003485930684163918,p2p-Gnutella08 ridge
0.2083883679672218,0.2984239272083772,0.0806451612903225,0.2165605095541401,0.0935712569630534,1,node+edge+subgraph+dynamic,62,0.602119600000151,1.6650392000055945,spread_resid,p2p-Gnutella08,3,0.207950048504923,0.297926616094919,0.1129032258064516,0.2038216560509554,0.0935762923198736,56,0.4281708000053186,1.6650392000055945,p2p-Gnutella08,-0.0004383194622988029,p2p-Gnutella08 ridge
0.2111800248426917,0.3033626644093949,0.064516129032258,0.2101910828025477,0.0933228867759783,1,node+edge+subgraph+dynamic,62,0.5914024000012432,1.6650392000055945,spread_resid,p2p-Gnutella08,4,0.2109800456041198,0.3030246415927902,0.064516129032258,0.2101910828025477,0.0933239584060077,56,0.3899223000044003,1.6650392000055945,p2p-Gnutella08,-0.00019997923857190125,p2p-Gnutella08 ridge
0.2105666170939268,0.3026039340649124,0.0967741935483871,0.1847133757961783,0.0935992042880172,1,node+edge+subgraph+dynamic,62,0.5865086000048905,1.6650392000055945,spread_resid,p2p-Gnutella08,5,0.210342520855662,0.3021924019169076,0.0967741935483871,0.1878980891719745,0.0936043295888287,56,0.394184500008123,1.6650392000055945,p2p-Gnutella08,-0.00022409623826480374,p2p-Gnutella08 ridge
0.2044524449327434,0.2938433539688865,0.0806451612903225,0.1878980891719745,0.093703727410159,1,node+edge+subgraph+dynamic,62,0.5668307000014465,1.6650392000055945,spread_resid,p2p-Gnutella08,6,0.2051736430142465,0.2946546567585453,0.0806451612903225,0.1878980891719745,0.0936955178556549,56,0.3812232000054791,1.6650392000055945,p2p-Gnutella08,0.000721198081503116,p2p-Gnutella08 ridge
0.2070976231346606,0.296803348704079,0.0483870967741935,0.197452229299363,0.0935992885831984,1,node+edge+subgraph+dynamic,62,0.5647106999967946,1.6650392000055945,spread_resid,p2p-Gnutella08,7,0.207373874639682,0.2972670120842222,0.0483870967741935,0.197452229299363,0.0935941721706553,56,0.3881943000014871,1.6650392000055945,p2p-Gnutella08,0.00027625150502139095,p2p-Gnutella08 ridge
0.2082968350647751,0.299260158837805,0.0806451612903225,0.1783439490445859,0.0933539798498282,1,node+edge+subgraph+dynamic,62,0.5609937999979593,1.6650392000055945,spread_resid,p2p-Gnutella08,8,0.2079743436435736,0.2988335734670921,0.0967741935483871,0.1719745222929936,0.0933549471472885,56,0.4272612000058871,1.6650392000055945,p2p-Gnutella08,-0.00032249142120149843,p2p-Gnutella08 ridge
0.2076390460486005,0.2994188125981601,0.032258064516129,0.1719745222929936,0.0940451290299521,1,node+edge+subgraph+dynamic,62,0.5666041000004043,1.6650392000055945,spread_resid,p2p-Gnutella08,9,0.207379012396188,0.2991354385231641,0.032258064516129,0.1624203821656051,0.0940447172327718,56,0.3988567999913357,1.6650392000055945,p2p-Gnutella08,-0.00026003365241250576,p2p-Gnutella08 ridge
