network,target,radius,richness,fraction,seed,kendall_tau,n_features,train_rows,train_nonzero,fit_seconds
ca-GrQc,betweenness,0,node+edge+subgraph,0.05,0,0.5226187188469779,2,166.0,74.8,0.6645059585571289
ca-GrQc,betweenness,0,node+edge+subgraph,0.05,1,0.5143772998997523,2,166.0,80.8,0.6276450157165527
ca-GrQc,betweenness,0,node+edge+subgraph,0.05,2,0.5238202199024835,2,166.0,72.4,0.625133752822876
ca-GrQc,betweenness,0,node+edge+subgraph,0.05,3,0.5214087552902749,2,166.0,71.2,0.6072101593017578
ca-GrQc,betweenness,0,node+edge+subgraph,0.05,4,0.5273663609628864,2,166.0,72.6,0.6634359359741211
ca-GrQc,betweenness,0,node+edge+subgraph,0.05,5,0.5157949621769918,2,166.0,72.6,0.6161582469940186
ca-GrQc,betweenness,0,node+edge+subgraph,0.05,6,0.5106519436610123,2,166.0,78.2,0.6144378185272217
ca-GrQc,betweenness,0,node+edge+subgraph,0.05,7,0.5146374022083752,2,166.0,75.8,0.6367557048797607
ca-GrQc,betweenness,0,node+edge+subgraph,0.05,8,0.5295043504209528,2,166.0,72.2,0.6077582836151123
ca-GrQc,betweenness,0,node+edge+subgraph,0.05,9,0.5237226515059167,2,166.0,74.8,0.608450174331665
ca-GrQc,betweenness,0,node+edge+subgraph,0.1,0,0.5363963135335165,2,333.0,151.2,0.6337850093841553
ca-GrQc,betweenness,0,node+edge+subgraph,0.1,1,0.5268035123175538,2,333.0,150.2,0.6204807758331299
ca-GrQc,betweenness,0,node+edge+subgraph,0.1,2,0.538573351007962,2,333.0,151.6,0.6320624351501465
ca-GrQc,betweenness,0,node+edge+subgraph,0.1,3,0.5276847233999266,2,333.0,150.4,0.6174538135528564
ca-GrQc,betweenness,0,node+edge+subgraph,0.1,4,0.5316485660201806,2,333.0,147.8,0.6095969676971436
ca-GrQc,betweenness,0,node+edge+subgraph,0.1,5,0.5327819173225367,2,333.0,155.2,0.6169986724853516
ca-GrQc,betweenness,0,node+edge+subgraph,0.1,6,0.5365936762032929,2,333.0,143.0,0.616647481918335
ca-GrQc,betweenness,0,node+edge+subgraph,0.1,7,0.5308791221211371,2,333.0,150.6,0.6176133155822754
ca-GrQc,betweenness,0,node+edge+subgraph,0.1,8,0.5327742621703401,2,333.0,152.8,0.6142086982727051
ca-GrQc,betweenness,0,node+edge+subgraph,0.1,9,0.5252294773072848,2,333.0,155.0,0.6828536987304688
ca-GrQc,betweenness,0,node+edge+subgraph,0.2,0,0.5445391384298391,2,665.0,297.0,0.6529240608215332
ca-GrQc,betweenness,0,node+edge+subgraph,0.2,1,0.5440654577437104,2,665.0,291.4,0.6482017040252686
ca-GrQc,betweenness,0,node+edge+subgraph,0.2,2,0.5373650296100813,2,665.0,296.4,0.6373412609100342
ca-GrQc,betweenness,0,node+edge+subgraph,0.2,3,0.5425080083293292,2,665.0,297.8,0.6578781604766846
ca-GrQc,betweenness,0,node+edge+subgraph,0.2,4,0.5499079669325081,2,665.0,309.4,0.6655585765838623
ca-GrQc,betweenness,0,node+edge+subgraph,0.2,5,0.5503915029755835,2,665.0,292.6,0.6536517143249512
ca-GrQc,betweenness,0,node+edge+subgraph,0.2,6,0.5421584862460195,2,665.0,303.2,0.6400642395019531
ca-GrQc,betweenness,0,node+edge+subgraph,0.2,7,0.54684798295998,2,665.0,292.0,0.6431481838226318
ca-GrQc,betweenness,0,node+edge+subgraph,0.2,8,0.5384555753025924,2,665.0,300.6,0.6561553478240967
ca-GrQc,betweenness,0,node+edge+subgraph,0.2,9,0.5437368760211665,2,665.0,298.2,0.6459646224975586
ca-GrQc,betweenness,0,node+edge+subgraph,0.4,0,0.5433926275284784,2,1330.4,600.0,0.7059352397918701
ca-GrQc,betweenness,0,node+edge+subgraph,0.4,1,0.5452152141428652,2,1330.4,607.6,0.6673359870910645
ca-GrQc,betweenness,0,node+edge+subgraph,0.4,2,0.5424696043400974,2,1330.4,594.2,0.6551926136016846
ca-GrQc,betweenness,0,node+edge+subgraph,0.4,3,0.553410088934439,2,1330.4,593.8,0.6744179725646973
ca-GrQc,betweenness,0,node+edge+subgraph,0.4,4,0.5458399415190534,2,1330.4,597.8,0.6913800239562988
ca-GrQc,betweenness,0,node+edge+subgraph,0.4,5,0.544744351633055,2,1330.4,600.6,0.7016129493713379
ca-GrQc,betweenness,0,node+edge+subgraph,0.4,6,0.5412918076082545,2,1330.4,605.2,0.7120077610015869
ca-GrQc,betweenness,0,node+edge+subgraph,0.4,7,0.5489706057398586,2,1330.4,602.0,0.6912295818328857
ca-GrQc,betweenness,0,node+edge+subgraph,0.4,8,0.5410880396923091,2,1330.4,592.6,0.6813154220581055
ca-GrQc,betweenness,0,node+edge+subgraph,0.4,9,0.545390567431957,2,1330.4,596.6,0.6719176769256592
ca-GrQc,betweenness,0,node+edge+subgraph,0.6,0,0.5441045761145096,2,1996.0,908.6,0.6661057472229004
ca-GrQc,betweenness,0,node+edge+subgraph,0.6,1,0.5471109854825725,2,1996.0,901.0,0.6649973392486572
ca-GrQc,betweenness,0,node+edge+subgraph,0.6,2,0.5481090573863108,2,1996.0,903.0,0.6623458862304688
ca-GrQc,betweenness,0,node+edge+subgraph,0.6,3,0.545685310470725,2,1996.0,889.0,0.6806869506835938
ca-GrQc,betweenness,0,node+edge+subgraph,0.6,4,0.5448341715612239,2,1996.0,904.2,0.6909019947052002
ca-GrQc,betweenness,0,node+edge+subgraph,0.6,5,0.5515401170995747,2,1996.0,903.8,0.6863048076629639
ca-GrQc,betweenness,0,node+edge+subgraph,0.6,6,0.5453658209410497,2,1996.0,904.0,0.6853508949279785
ca-GrQc,betweenness,0,node+edge+subgraph,0.6,7,0.545395695028356,2,1996.0,898.4,0.6822049617767334
ca-GrQc,betweenness,0,node+edge+subgraph,0.6,8,0.5409240732935813,2,1996.0,894.6,0.7247695922851562
ca-GrQc,betweenness,0,node+edge+subgraph,0.6,9,0.541912802189693,2,1996.0,895.6,0.6724765300750732
ca-GrQc,betweenness,0,node+edge+subgraph,0.8,0,0.5458629998363749,2,2661.4,1204.8,0.6873698234558105
ca-GrQc,betweenness,0,node+edge+subgraph,0.8,1,0.5418123340900743,2,2661.4,1199.0,0.6850857734680176
ca-GrQc,betweenness,0,node+edge+subgraph,0.8,2,0.5413740312313899,2,2661.4,1197.8,0.6781895160675049
ca-GrQc,betweenness,0,node+edge+subgraph,0.8,3,0.5446176894562905,2,2661.4,1188.6,0.6974337100982666
ca-GrQc,betweenness,0,node+edge+subgraph,0.8,4,0.543840471307866,2,2661.4,1193.6,0.6856825351715088
ca-GrQc,betweenness,0,node+edge+subgraph,0.8,5,0.5465791219068481,2,2661.4,1194.6,0.6986711025238037
ca-GrQc,betweenness,0,node+edge+subgraph,0.8,6,0.5454726278717681,2,2661.4,1192.0,0.6832892894744873
ca-GrQc,betweenness,0,node+edge+subgraph,0.8,7,0.5473882963074136,2,2661.4,1196.4,0.6884312629699707
ca-GrQc,betweenness,0,node+edge+subgraph,0.8,8,0.5414852638369115,2,2661.4,1198.4,0.6742618083953857
ca-GrQc,betweenness,0,node+edge+subgraph,0.8,9,0.5433326213752948,2,2661.4,1200.6,0.675377368927002
ca-GrQc,betweenness,0,node+edge+subgraph,1.0,0,0.5442822494387292,2,3326.4,1496.0,0.693321943283081
ca-GrQc,betweenness,0,node+edge+subgraph,1.0,1,0.5434340474248759,2,3326.4,1496.0,0.6835274696350098
ca-GrQc,betweenness,0,node+edge+subgraph,1.0,2,0.5414911029649696,2,3326.4,1496.0,0.6889464855194092
ca-GrQc,betweenness,0,node+edge+subgraph,1.0,3,0.5438919339615759,2,3326.4,1496.0,0.6960344314575195
ca-GrQc,betweenness,0,node+edge+subgraph,1.0,4,0.5415842355258742,2,3326.4,1496.0,0.6881959438323975
ca-GrQc,betweenness,0,node+edge+subgraph,1.0,5,0.5425414048472575,2,3326.4,1496.0,0.7054386138916016
ca-GrQc,betweenness,0,node+edge+subgraph,1.0,6,0.542763495273354,2,3326.4,1496.0,0.7263467311859131
ca-GrQc,betweenness,0,node+edge+subgraph,1.0,7,0.541881851259573,2,3326.4,1496.0,0.6939525604248047
ca-GrQc,betweenness,0,node+edge+subgraph,1.0,8,0.5406079382907646,2,3326.4,1496.0,0.7011911869049072
ca-GrQc,betweenness,0,node+edge+subgraph,1.0,9,0.5392301719905397,2,3326.4,1496.0,0.7037386894226074
ca-GrQc,betweenness,1,node+edge+subgraph,0.05,0,0.799441856201246,56,166.0,74.8,0.6332542896270752
ca-GrQc,betweenness,1,node+edge+subgraph,0.05,1,0.8100592996721617,56,166.0,80.8,0.631476879119873
ca-GrQc,betweenness,1,node+edge+subgraph,0.05,2,0.8045260417967938,56,166.0,72.4,0.6278054714202881
ca-GrQc,betweenness,1,node+edge+subgraph,0.05,3,0.8118829592203691,56,166.0,71.2,0.6398866176605225
ca-GrQc,betweenness,1,node+edge+subgraph,0.05,4,0.816143876300396,56,166.0,72.6,0.6455457210540771
ca-GrQc,betweenness,1,node+edge+subgraph,0.05,5,0.79406719307654,56,166.0,72.6,0.6348178386688232
ca-GrQc,betweenness,1,node+edge+subgraph,0.05,6,0.8031499213791787,56,166.0,78.2,0.6514179706573486
ca-GrQc,betweenness,1,node+edge+subgraph,0.05,7,0.8230668878765939,56,166.0,75.8,0.6756587028503418
ca-GrQc,betweenness,1,node+edge+subgraph,0.05,8,0.8107960613987175,56,166.0,72.2,0.6626458168029785
ca-GrQc,betweenness,1,node+edge+subgraph,0.05,9,0.7980626110589135,56,166.0,74.8,0.6747007369995117
ca-GrQc,betweenness,1,node+edge+subgraph,0.1,0,0.8543912992635491,56,333.0,151.2,0.6983499526977539
ca-GrQc,betweenness,1,node+edge+subgraph,0.1,1,0.841999663756722,56,333.0,150.2,0.6757693290710449
ca-GrQc,betweenness,1,node+edge+subgraph,0.1,2,0.8500627456932984,56,333.0,151.6,0.6634116172790527
ca-GrQc,betweenness,1,node+edge+subgraph,0.1,3,0.8457899189255136,56,333.0,150.4,0.6522548198699951
ca-GrQc,betweenness,1,node+edge+subgraph,0.1,4,0.8402349444209997,56,333.0,147.8,0.6650791168212891
ca-GrQc,betweenness,1,node+edge+subgraph,0.1,5,0.8577379867847355,56,333.0,155.2,0.6488864421844482
ca-GrQc,betweenness,1,node+edge+subgraph,0.1,6,0.8398411618829763,56,333.0,143.0,0.6561732292175293
ca-GrQc,betweenness,1,node+edge+subgraph,0.1,7,0.862597631020236,56,333.0,150.6,0.6424612998962402
ca-GrQc,betweenness,1,node+edge+subgraph,0.1,8,0.8621851895925592,56,333.0,152.8,0.649848222732544
ca-GrQc,betweenness,1,node+edge+subgraph,0.1,9,0.8537055024936169,56,333.0,155.0,0.6983380317687988
ca-GrQc,betweenness,1,node+edge+subgraph,0.2,0,0.884271776180602,56,665.0,297.0,0.7087585926055908
ca-GrQc,betweenness,1,node+edge+subgraph,0.2,1,0.8831955844541464,56,665.0,291.4,0.7085132598876953
ca-GrQc,betweenness,1,node+edge+subgraph,0.2,2,0.8874793688842046,56,665.0,296.4,0.7360138893127441
ca-GrQc,betweenness,1,node+edge+subgraph,0.2,3,0.8798149039033711,56,665.0,297.8,0.7168154716491699
ca-GrQc,betweenness,1,node+edge+subgraph,0.2,4,0.8784341368816363,56,665.0,309.4,0.7380235195159912
ca-GrQc,betweenness,1,node+edge+subgraph,0.2,5,0.8887896522107133,56,665.0,292.6,0.7246847152709961
ca-GrQc,betweenness,1,node+edge+subgraph,0.2,6,0.8865697316943726,56,665.0,303.2,0.7162051200866699
ca-GrQc,betweenness,1,node+edge+subgraph,0.2,7,0.8809535131311801,56,665.0,292.0,0.732154369354248
ca-GrQc,betweenness,1,node+edge+subgraph,0.2,8,0.8762508403104861,56,665.0,300.6,0.7253398895263672
ca-GrQc,betweenness,1,node+edge+subgraph,0.2,9,0.8874357775503514,56,665.0,298.2,0.7282404899597168
ca-GrQc,betweenness,1,node+edge+subgraph,0.4,0,0.9034464114445341,56,1330.4,600.0,0.8832659721374512
ca-GrQc,betweenness,1,node+edge+subgraph,0.4,1,0.904071699827141,56,1330.4,607.6,0.8890366554260254
ca-GrQc,betweenness,1,node+edge+subgraph,0.4,2,0.904934143985047,56,1330.4,594.2,0.8754236698150635
ca-GrQc,betweenness,1,node+edge+subgraph,0.4,3,0.9012299106793993,56,1330.4,593.8,0.8743460178375244
ca-GrQc,betweenness,1,node+edge+subgraph,0.4,4,0.908243157533494,56,1330.4,597.8,0.8765726089477539
ca-GrQc,betweenness,1,node+edge+subgraph,0.4,5,0.9062861690334505,56,1330.4,600.6,0.8939874172210693
ca-GrQc,betweenness,1,node+edge+subgraph,0.4,6,0.90609448027032,56,1330.4,605.2,0.8877122402191162
ca-GrQc,betweenness,1,node+edge+subgraph,0.4,7,0.901420258519888,56,1330.4,602.0,0.9231107234954834
ca-GrQc,betweenness,1,node+edge+subgraph,0.4,8,0.9054128254803189,56,1330.4,592.6,0.8584513664245605
ca-GrQc,betweenness,1,node+edge+subgraph,0.4,9,0.9043224347820076,56,1330.4,596.6,0.8746156692504883
ca-GrQc,betweenness,1,node+edge+subgraph,0.6,0,0.91257686956335,56,1996.0,908.6,1.152461051940918
ca-GrQc,betweenness,1,node+edge+subgraph,0.6,1,0.9112575500545264,56,1996.0,901.0,1.1129124164581299
ca-GrQc,betweenness,1,node+edge+subgraph,0.6,2,0.9114958570732226,56,1996.0,903.0,1.1288607120513916
ca-GrQc,betweenness,1,node+edge+subgraph,0.6,3,0.9134109928126343,56,1996.0,889.0,1.115830659866333
ca-GrQc,betweenness,1,node+edge+subgraph,0.6,4,0.9120452916561265,56,1996.0,904.2,1.1323645114898682
ca-GrQc,betweenness,1,node+edge+subgraph,0.6,5,0.9114430004729979,56,1996.0,903.8,1.1621127128601074
ca-GrQc,betweenness,1,node+edge+subgraph,0.6,6,0.9141409407261347,56,1996.0,904.0,1.1774704456329346
ca-GrQc,betweenness,1,node+edge+subgraph,0.6,7,0.9123401408866633,56,1996.0,898.4,1.1577632427215576
ca-GrQc,betweenness,1,node+edge+subgraph,0.6,8,0.9106949298290838,56,1996.0,894.6,1.1728343963623047
ca-GrQc,betweenness,1,node+edge+subgraph,0.6,9,0.910496807085666,56,1996.0,895.6,1.1585993766784668
ca-GrQc,betweenness,1,node+edge+subgraph,0.8,0,0.9144905059486751,56,2661.4,1204.8,1.446901798248291
ca-GrQc,betweenness,1,node+edge+subgraph,0.8,1,0.915258538752797,56,2661.4,1199.0,1.418337106704712
ca-GrQc,betweenness,1,node+edge+subgraph,0.8,2,0.9164835734718131,56,2661.4,1197.8,1.4256291389465332
ca-GrQc,betweenness,1,node+edge+subgraph,0.8,3,0.9158596271340296,56,2661.4,1188.6,1.4009425640106201
ca-GrQc,betweenness,1,node+edge+subgraph,0.8,4,0.915232973614317,56,2661.4,1193.6,1.4173033237457275
ca-GrQc,betweenness,1,node+edge+subgraph,0.8,5,0.9160474811104958,56,2661.4,1194.6,1.4297504425048828
ca-GrQc,betweenness,1,node+edge+subgraph,0.8,6,0.9170114320777862,56,2661.4,1192.0,1.3859367370605469
ca-GrQc,betweenness,1,node+edge+subgraph,0.8,7,0.9158871532029105,56,2661.4,1196.4,1.4041125774383545
ca-GrQc,betweenness,1,node+edge+subgraph,0.8,8,0.915025460585006,56,2661.4,1198.4,1.408369779586792
ca-GrQc,betweenness,1,node+edge+subgraph,0.8,9,0.9163173294782839,56,2661.4,1200.6,1.4240374565124512
ca-GrQc,betweenness,1,node+edge+subgraph,1.0,0,0.9188278934010248,56,3326.4,1496.0,1.70194673538208
ca-GrQc,betweenness,1,node+edge+subgraph,1.0,1,0.9174999902664956,56,3326.4,1496.0,1.7170591354370117
ca-GrQc,betweenness,1,node+edge+subgraph,1.0,2,0.9175798981138478,56,3326.4,1496.0,1.6987144947052002
ca-GrQc,betweenness,1,node+edge+subgraph,1.0,3,0.918534745190161,56,3326.4,1496.0,1.7002341747283936
ca-GrQc,betweenness,1,node+edge+subgraph,1.0,4,0.9173059970612465,56,3326.4,1496.0,1.6982285976409912
ca-GrQc,betweenness,1,node+edge+subgraph,1.0,5,0.9185664709842155,56,3326.4,1496.0,1.7136940956115723
ca-GrQc,betweenness,1,node+edge+subgraph,1.0,6,0.919101992169582,56,3326.4,1496.0,1.7516558170318604
ca-GrQc,betweenness,1,node+edge+subgraph,1.0,7,0.9178250406163311,56,3326.4,1496.0,1.77298903465271
ca-GrQc,betweenness,1,node+edge+subgraph,1.0,8,0.9186674362165405,56,3326.4,1496.0,1.784193992614746
ca-GrQc,betweenness,1,node+edge+subgraph,1.0,9,0.918736584975985,56,3326.4,1496.0,1.742433786392212
ca-GrQc,betweenness,2,node+edge+subgraph,0.05,0,0.7903885901994917,144,166.0,74.8,0.6987705230712891
ca-GrQc,betweenness,2,node+edge+subgraph,0.05,1,0.7901404220962895,144,166.0,80.8,0.7194359302520752
ca-GrQc,betweenness,2,node+edge+subgraph,0.05,2,0.7887993257728964,144,166.0,72.4,0.6755383014678955
ca-GrQc,betweenness,2,node+edge+subgraph,0.05,3,0.800855420031217,144,166.0,71.2,0.6615269184112549
ca-GrQc,betweenness,2,node+edge+subgraph,0.05,4,0.7860000427612225,144,166.0,72.6,0.6714720726013184
ca-GrQc,betweenness,2,node+edge+subgraph,0.05,5,0.7781185656677573,144,166.0,72.6,0.654489278793335
ca-GrQc,betweenness,2,node+edge+subgraph,0.05,6,0.7805815772970341,144,166.0,78.2,0.6691985130310059
ca-GrQc,betweenness,2,node+edge+subgraph,0.05,7,0.7789115407593644,144,166.0,75.8,0.6785604953765869
ca-GrQc,betweenness,2,node+edge+subgraph,0.05,8,0.79566893985216,144,166.0,72.2,0.6560144424438477
ca-GrQc,betweenness,2,node+edge+subgraph,0.05,9,0.7773331463580372,144,166.0,74.8,0.661137580871582
ca-GrQc,betweenness,2,node+edge+subgraph,0.1,0,0.8408027275081575,144,333.0,151.2,0.7514917850494385
ca-GrQc,betweenness,2,node+edge+subgraph,0.1,1,0.8396182414073031,144,333.0,150.2,0.7569425106048584
ca-GrQc,betweenness,2,node+edge+subgraph,0.1,2,0.8354324442701047,144,333.0,151.6,0.7572112083435059
ca-GrQc,betweenness,2,node+edge+subgraph,0.1,3,0.8314008679972349,144,333.0,150.4,0.7936341762542725
ca-GrQc,betweenness,2,node+edge+subgraph,0.1,4,0.8102812461284323,144,333.0,147.8,0.7585258483886719
ca-GrQc,betweenness,2,node+edge+subgraph,0.1,5,0.8386472151587693,144,333.0,155.2,0.7653102874755859
ca-GrQc,betweenness,2,node+edge+subgraph,0.1,6,0.8368490360524108,144,333.0,143.0,0.7447187900543213
ca-GrQc,betweenness,2,node+edge+subgraph,0.1,7,0.844639119213057,144,333.0,150.6,0.7410280704498291
ca-GrQc,betweenness,2,node+edge+subgraph,0.1,8,0.8578280740033271,144,333.0,152.8,0.7609093189239502
ca-GrQc,betweenness,2,node+edge+subgraph,0.1,9,0.8387379396234392,144,333.0,155.0,0.7557418346405029
ca-GrQc,betweenness,2,node+edge+subgraph,0.2,0,0.8807948275390222,144,665.0,297.0,1.028468132019043
ca-GrQc,betweenness,2,node+edge+subgraph,0.2,1,0.8753246800657188,144,665.0,291.4,1.0242037773132324
ca-GrQc,betweenness,2,node+edge+subgraph,0.2,2,0.8760612740510588,144,665.0,296.4,1.0499188899993896
ca-GrQc,betweenness,2,node+edge+subgraph,0.2,3,0.8738237800239498,144,665.0,297.8,1.0615289211273193
ca-GrQc,betweenness,2,node+edge+subgraph,0.2,4,0.870891062252664,144,665.0,309.4,1.0398836135864258
ca-GrQc,betweenness,2,node+edge+subgraph,0.2,5,0.8828705004845473,144,665.0,292.6,1.0985174179077148
ca-GrQc,betweenness,2,node+edge+subgraph,0.2,6,0.8843638731485332,144,665.0,303.2,1.0560564994812012
ca-GrQc,betweenness,2,node+edge+subgraph,0.2,7,0.876688451347636,144,665.0,292.0,1.0520069599151611
ca-GrQc,betweenness,2,node+edge+subgraph,0.2,8,0.859909494017178,144,665.0,300.6,1.072913408279419
ca-GrQc,betweenness,2,node+edge+subgraph,0.2,9,0.8869363855166599,144,665.0,298.2,1.1025888919830322
ca-GrQc,betweenness,2,node+edge+subgraph,0.4,0,0.9041688915852161,144,1330.4,600.0,1.9687411785125732
ca-GrQc,betweenness,2,node+edge+subgraph,0.4,1,0.9028504526601489,144,1330.4,607.6,1.9207916259765625
ca-GrQc,betweenness,2,node+edge+subgraph,0.4,2,0.9074252971097384,144,1330.4,594.2,1.9150488376617432
ca-GrQc,betweenness,2,node+edge+subgraph,0.4,3,0.9051413193284962,144,1330.4,593.8,1.9035735130310059
ca-GrQc,betweenness,2,node+edge+subgraph,0.4,4,0.9060859832997359,144,1330.4,597.8,1.8835244178771973
ca-GrQc,betweenness,2,node+edge+subgraph,0.4,5,0.9059322330561882,144,1330.4,600.6,1.9326601028442383
ca-GrQc,betweenness,2,node+edge+subgraph,0.4,6,0.9077947275655921,144,1330.4,605.2,1.9604203701019287
ca-GrQc,betweenness,2,node+edge+subgraph,0.4,7,0.9019245995349522,144,1330.4,602.0,1.8940951824188232
ca-GrQc,betweenness,2,node+edge+subgraph,0.4,8,0.9076913654947774,144,1330.4,592.6,1.8971800804138184
ca-GrQc,betweenness,2,node+edge+subgraph,0.4,9,0.9090078343244234,144,1330.4,596.6,1.8680248260498047
ca-GrQc,betweenness,2,node+edge+subgraph,0.6,0,0.9135557057137987,144,1996.0,908.6,2.8134217262268066
ca-GrQc,betweenness,2,node+edge+subgraph,0.6,1,0.9091279053955972,144,1996.0,901.0,2.801668405532837
ca-GrQc,betweenness,2,node+edge+subgraph,0.6,2,0.9150960779752946,144,1996.0,903.0,2.8355231285095215
ca-GrQc,betweenness,2,node+edge+subgraph,0.6,3,0.9171766593253045,144,1996.0,889.0,2.8386378288269043
ca-GrQc,betweenness,2,node+edge+subgraph,0.6,4,0.9104998679696816,144,1996.0,904.2,2.8374388217926025
ca-GrQc,betweenness,2,node+edge+subgraph,0.6,5,0.9107888140363685,144,1996.0,903.8,2.8707520961761475
ca-GrQc,betweenness,2,node+edge+subgraph,0.6,6,0.9144130742058708,144,1996.0,904.0,2.8769187927246094
ca-GrQc,betweenness,2,node+edge+subgraph,0.6,7,0.9171883052435379,144,1996.0,898.4,2.7850778102874756
ca-GrQc,betweenness,2,node+edge+subgraph,0.6,8,0.915600742615717,144,1996.0,894.6,2.812864303588867
ca-GrQc,betweenness,2,node+edge+subgraph,0.6,9,0.9150784811960769,144,1996.0,895.6,2.7563445568084717
ca-GrQc,betweenness,2,node+edge+subgraph,0.8,0,0.919406223676505,144,2661.4,1204.8,3.7717158794403076
ca-GrQc,betweenness,2,node+edge+subgraph,0.8,1,0.9173053301487143,144,2661.4,1199.0,3.6892623901367188
ca-GrQc,betweenness,2,node+edge+subgraph,0.8,2,0.9184528221281024,144,2661.4,1197.8,3.9207510948181152
ca-GrQc,betweenness,2,node+edge+subgraph,0.8,3,0.920850054357984,144,2661.4,1188.6,4.004065752029419
ca-GrQc,betweenness,2,node+edge+subgraph,0.8,4,0.9153348020171055,144,2661.4,1193.6,4.3679039478302
ca-GrQc,betweenness,2,node+edge+subgraph,0.8,5,0.9177802733327939,144,2661.4,1194.6,3.8959431648254395
ca-GrQc,betweenness,2,node+edge+subgraph,0.8,6,0.9176484434960499,144,2661.4,1192.0,3.811105489730835
ca-GrQc,betweenness,2,node+edge+subgraph,0.8,7,0.9186679225708981,144,2661.4,1196.4,3.8237946033477783
ca-GrQc,betweenness,2,node+edge+subgraph,0.8,8,0.9179718291622074,144,2661.4,1198.4,3.808631181716919
ca-GrQc,betweenness,2,node+edge+subgraph,0.8,9,0.9195138899197846,144,2661.4,1200.6,3.931377410888672
ca-GrQc,betweenness,2,node+edge+subgraph,1.0,0,0.9220376798561933,144,3326.4,1496.0,4.779989957809448
ca-GrQc,betweenness,2,node+edge+subgraph,1.0,1,0.9208002401140368,144,3326.4,1496.0,4.750066041946411
ca-GrQc,betweenness,2,node+edge+subgraph,1.0,2,0.9205761439982795,144,3326.4,1496.0,4.794395208358765
ca-GrQc,betweenness,2,node+edge+subgraph,1.0,3,0.9220839202770483,144,3326.4,1496.0,4.742238283157349
ca-GrQc,betweenness,2,node+edge+subgraph,1.0,4,0.9210296967374078,144,3326.4,1496.0,4.661695241928101
ca-GrQc,betweenness,2,node+edge+subgraph,1.0,5,0.9212847320135197,144,3326.4,1496.0,4.713682174682617
ca-GrQc,betweenness,2,node+edge+subgraph,1.0,6,0.9217987457056898,144,3326.4,1496.0,4.755441427230835
ca-GrQc,betweenness,2,node+edge+subgraph,1.0,7,0.9199570862932376,144,3326.4,1496.0,4.748190879821777
ca-GrQc,betweenness,2,node+edge+subgraph,1.0,8,0.921757383047844,144,3326.4,1496.0,4.741935729980469
ca-GrQc,betweenness,2,node+edge+subgraph,1.0,9,0.9228033409836123,144,3326.4,1496.0,4.738032341003418
ca-GrQc,betweenness,3,node+edge+subgraph,0.05,0,0.7792328468898961,168,166.0,74.8,0.7038142681121826
ca-GrQc,betweenness,3,node+edge+subgraph,0.05,1,0.7820289059436415,168,166.0,80.8,0.7375178337097168
ca-GrQc,betweenness,3,node+edge+subgraph,0.05,2,0.7812874678931447,168,166.0,72.4,0.6863570213317871
ca-GrQc,betweenness,3,node+edge+subgraph,0.05,3,0.790643900965329,168,166.0,71.2,0.6719269752502441
ca-GrQc,betweenness,3,node+edge+subgraph,0.05,4,0.778481812495603,168,166.0,72.6,0.6783254146575928
ca-GrQc,betweenness,3,node+edge+subgraph,0.05,5,0.7663393264592353,168,166.0,72.6,0.6864361763000488
ca-GrQc,betweenness,3,node+edge+subgraph,0.05,6,0.7775736807932945,168,166.0,78.2,0.6912422180175781
ca-GrQc,betweenness,3,node+edge+subgraph,0.05,7,0.7792308912751267,168,166.0,75.8,0.6975231170654297
ca-GrQc,betweenness,3,node+edge+subgraph,0.05,8,0.7872153293847554,168,166.0,72.2,0.6852712631225586
ca-GrQc,betweenness,3,node+edge+subgraph,0.05,9,0.7675391275311372,168,166.0,74.8,0.6763284206390381
ca-GrQc,betweenness,3,node+edge+subgraph,0.1,0,0.8359921017219986,168,333.0,151.2,0.7952010631561279
ca-GrQc,betweenness,3,node+edge+subgraph,0.1,1,0.8382839585262691,168,333.0,150.2,0.8020966053009033
ca-GrQc,betweenness,3,node+edge+subgraph,0.1,2,0.8309989103171495,168,333.0,151.6,0.8078646659851074
ca-GrQc,betweenness,3,node+edge+subgraph,0.1,3,0.8242534953495748,168,333.0,150.4,0.8023257255554199
ca-GrQc,betweenness,3,node+edge+subgraph,0.1,4,0.8046259629265463,168,333.0,147.8,0.8042206764221191
ca-GrQc,betweenness,3,node+edge+subgraph,0.1,5,0.8365922572699517,168,333.0,155.2,0.8015725612640381
ca-GrQc,betweenness,3,node+edge+subgraph,0.1,6,0.8320032517845668,168,333.0,143.0,0.796536922454834
ca-GrQc,betweenness,3,node+edge+subgraph,0.1,7,0.8380953490777603,168,333.0,150.6,0.8117504119873047
ca-GrQc,betweenness,3,node+edge+subgraph,0.1,8,0.8555295579163806,168,333.0,152.8,0.7908837795257568
ca-GrQc,betweenness,3,node+edge+subgraph,0.1,9,0.8280536974427392,168,333.0,155.0,0.8424782752990723
ca-GrQc,betweenness,3,node+edge+subgraph,0.2,0,0.880148399933402,168,665.0,297.0,1.3194127082824707
ca-GrQc,betweenness,3,node+edge+subgraph,0.2,1,0.8734265373229471,168,665.0,291.4,1.2418439388275146
ca-GrQc,betweenness,3,node+edge+subgraph,0.2,2,0.8762250076136454,168,665.0,296.4,1.2574539184570312
ca-GrQc,betweenness,3,node+edge+subgraph,0.2,3,0.8630330279666469,168,665.0,297.8,1.241424560546875
ca-GrQc,betweenness,3,node+edge+subgraph,0.2,4,0.8680288607871277,168,665.0,309.4,1.201523780822754
ca-GrQc,betweenness,3,node+edge+subgraph,0.2,5,0.8766091082090247,168,665.0,292.6,1.2253620624542236
ca-GrQc,betweenness,3,node+edge+subgraph,0.2,6,0.8817329098187108,168,665.0,303.2,1.217498540878296
ca-GrQc,betweenness,3,node+edge+subgraph,0.2,7,0.8720024864884884,168,665.0,292.0,1.169832468032837
ca-GrQc,betweenness,3,node+edge+subgraph,0.2,8,0.8560493908751102,168,665.0,300.6,1.1931440830230713
ca-GrQc,betweenness,3,node+edge+subgraph,0.2,9,0.8847547489203473,168,665.0,298.2,1.1990830898284912
ca-GrQc,betweenness,3,node+edge+subgraph,0.4,0,0.8990611112465258,168,1330.4,600.0,2.3167576789855957
ca-GrQc,betweenness,3,node+edge+subgraph,0.4,1,0.8992120753646229,168,1330.4,607.6,2.2436046600341797
ca-GrQc,betweenness,3,node+edge+subgraph,0.4,2,0.9006679515271356,168,1330.4,594.2,2.2485084533691406
ca-GrQc,betweenness,3,node+edge+subgraph,0.4,3,0.9038554635889721,168,1330.4,593.8,2.2962758541107178
ca-GrQc,betweenness,3,node+edge+subgraph,0.4,4,0.9025844353671645,168,1330.4,597.8,2.229501247406006
ca-GrQc,betweenness,3,node+edge+subgraph,0.4,5,0.9040461832538977,168,1330.4,600.6,2.278812885284424
ca-GrQc,betweenness,3,node+edge+subgraph,0.4,6,0.9075018073501617,168,1330.4,605.2,2.285484552383423
ca-GrQc,betweenness,3,node+edge+subgraph,0.4,7,0.9015968886189343,168,1330.4,602.0,2.3248133659362793
ca-GrQc,betweenness,3,node+edge+subgraph,0.4,8,0.9041784688723912,168,1330.4,592.6,2.32030987739563
ca-GrQc,betweenness,3,node+edge+subgraph,0.4,9,0.90326776465966,168,1330.4,596.6,2.294999122619629
ca-GrQc,betweenness,3,node+edge+subgraph,0.6,0,0.9109158504921133,168,1996.0,908.6,3.5941038131713867
ca-GrQc,betweenness,3,node+edge+subgraph,0.6,1,0.906616755550492,168,1996.0,901.0,3.452226400375366
ca-GrQc,betweenness,3,node+edge+subgraph,0.6,2,0.9120507867801282,168,1996.0,903.0,3.4012556076049805
ca-GrQc,betweenness,3,node+edge+subgraph,0.6,3,0.9148029156997307,168,1996.0,889.0,3.349694013595581
ca-GrQc,betweenness,3,node+edge+subgraph,0.6,4,0.908934167989866,168,1996.0,904.2,3.392848491668701
ca-GrQc,betweenness,3,node+edge+subgraph,0.6,5,0.9094238320920189,168,1996.0,903.8,3.3995347023010254
ca-GrQc,betweenness,3,node+edge+subgraph,0.6,6,0.9108105668196916,168,1996.0,904.0,3.472888946533203
ca-GrQc,betweenness,3,node+edge+subgraph,0.6,7,0.9100984555806902,168,1996.0,898.4,3.4532535076141357
ca-GrQc,betweenness,3,node+edge+subgraph,0.6,8,0.9140378979166363,168,1996.0,894.6,3.442305088043213
ca-GrQc,betweenness,3,node+edge+subgraph,0.6,9,0.9146928337762142,168,1996.0,895.6,3.5116498470306396
ca-GrQc,betweenness,3,node+edge+subgraph,0.8,0,0.9175903758954481,168,2661.4,1204.8,4.676739692687988
ca-GrQc,betweenness,3,node+edge+subgraph,0.8,1,0.9159988101145308,168,2661.4,1199.0,4.568051338195801
ca-GrQc,betweenness,3,node+edge+subgraph,0.8,2,0.9195972972462895,168,2661.4,1197.8,4.595693588256836
ca-GrQc,betweenness,3,node+edge+subgraph,0.8,3,0.9197357462227019,168,2661.4,1188.6,4.5017409324646
ca-GrQc,betweenness,3,node+edge+subgraph,0.8,4,0.9142564544917167,168,2661.4,1193.6,4.712493658065796
ca-GrQc,betweenness,3,node+edge+subgraph,0.8,5,0.9162356409967751,168,2661.4,1194.6,4.640811920166016
ca-GrQc,betweenness,3,node+edge+subgraph,0.8,6,0.9181858092622321,168,2661.4,1192.0,4.5845115184783936
ca-GrQc,betweenness,3,node+edge+subgraph,0.8,7,0.9173920292707942,168,2661.4,1196.4,4.661911964416504
ca-GrQc,betweenness,3,node+edge+subgraph,0.8,8,0.9140402039042153,168,2661.4,1198.4,4.604530096054077
ca-GrQc,betweenness,3,node+edge+subgraph,0.8,9,0.9185299723824746,168,2661.4,1200.6,4.615822792053223
ca-GrQc,betweenness,3,node+edge+subgraph,1.0,0,0.9241086890061202,168,3326.4,1496.0,5.887404441833496
ca-GrQc,betweenness,3,node+edge+subgraph,1.0,1,0.9208367552609298,168,3326.4,1496.0,5.8661415576934814
ca-GrQc,betweenness,3,node+edge+subgraph,1.0,2,0.9209385472026907,168,3326.4,1496.0,5.875117063522339
ca-GrQc,betweenness,3,node+edge+subgraph,1.0,3,0.922289771148177,168,3326.4,1496.0,5.831984043121338
ca-GrQc,betweenness,3,node+edge+subgraph,1.0,4,0.9206287770352048,168,3326.4,1496.0,5.74804425239563
ca-GrQc,betweenness,3,node+edge+subgraph,1.0,5,0.9204776637574156,168,3326.4,1496.0,5.801149845123291
ca-GrQc,betweenness,3,node+edge+subgraph,1.0,6,0.9222489458577379,168,3326.4,1496.0,5.890238285064697
ca-GrQc,betweenness,3,node+edge+subgraph,1.0,7,0.9201034795804698,168,3326.4,1496.0,5.903639554977417
ca-GrQc,betweenness,3,node+edge+subgraph,1.0,8,0.9201087665999182,168,3326.4,1496.0,5.9334633350372314
ca-GrQc,betweenness,3,node+edge+subgraph,1.0,9,0.9212025941674626,168,3326.4,1496.0,5.940796136856079
ca-GrQc,spread_mean,0,node+edge+subgraph,0.05,0,0.7258640547760333,2,166.0,166.0,0.6514205932617188
ca-GrQc,spread_mean,0,node+edge+subgraph,0.05,1,0.7538319400918994,2,166.0,166.0,0.7280948162078857
ca-GrQc,spread_mean,0,node+edge+subgraph,0.05,2,0.7515106745989892,2,166.0,166.0,0.6616075038909912
ca-GrQc,spread_mean,0,node+edge+subgraph,0.05,3,0.7381033075225347,2,166.0,166.0,0.6339385509490967
ca-GrQc,spread_mean,0,node+edge+subgraph,0.05,4,0.7508024689850422,2,166.0,166.0,0.6571505069732666
ca-GrQc,spread_mean,0,node+edge+subgraph,0.05,5,0.7577281448437648,2,166.0,166.0,0.634023904800415
ca-GrQc,spread_mean,0,node+edge+subgraph,0.05,6,0.7472453571330401,2,166.0,166.0,0.6316015720367432
ca-GrQc,spread_mean,0,node+edge+subgraph,0.05,7,0.7410277036598717,2,166.0,166.0,0.6284849643707275
ca-GrQc,spread_mean,0,node+edge+subgraph,0.05,8,0.7244352108981138,2,166.0,166.0,0.6712989807128906
ca-GrQc,spread_mean,0,node+edge+subgraph,0.05,9,0.758796628178373,2,166.0,166.0,0.659062385559082
ca-GrQc,spread_mean,0,node+edge+subgraph,0.1,0,0.7465442944424407,2,333.0,333.0,0.6653530597686768
ca-GrQc,spread_mean,0,node+edge+subgraph,0.1,1,0.7551716521715249,2,333.0,333.0,0.7336914539337158
ca-GrQc,spread_mean,0,node+edge+subgraph,0.1,2,0.7414135539432583,2,333.0,333.0,0.6792709827423096
ca-GrQc,spread_mean,0,node+edge+subgraph,0.1,3,0.7562758179533916,2,333.0,333.0,0.6688590049743652
ca-GrQc,spread_mean,0,node+edge+subgraph,0.1,4,0.76314131085788,2,333.0,333.0,0.6721320152282715
ca-GrQc,spread_mean,0,node+edge+subgraph,0.1,5,0.7584834264995312,2,333.0,333.0,0.6607873439788818
ca-GrQc,spread_mean,0,node+edge+subgraph,0.1,6,0.7657825650154229,2,333.0,333.0,0.6680057048797607
ca-GrQc,spread_mean,0,node+edge+subgraph,0.1,7,0.769224957666771,2,333.0,333.0,0.6666727066040039
ca-GrQc,spread_mean,0,node+edge+subgraph,0.1,8,0.7553565962342057,2,333.0,333.0,0.6529073715209961
ca-GrQc,spread_mean,0,node+edge+subgraph,0.1,9,0.7593484192681226,2,333.0,333.0,0.635035514831543
ca-GrQc,spread_mean,0,node+edge+subgraph,0.2,0,0.7680070820420561,2,665.0,665.0,0.6775069236755371
ca-GrQc,spread_mean,0,node+edge+subgraph,0.2,1,0.7661026287872528,2,665.0,665.0,0.6599702835083008
ca-GrQc,spread_mean,0,node+edge+subgraph,0.2,2,0.7702817390516017,2,665.0,665.0,0.6465103626251221
ca-GrQc,spread_mean,0,node+edge+subgraph,0.2,3,0.7693101018106442,2,665.0,665.0,0.6771261692047119
ca-GrQc,spread_mean,0,node+edge+subgraph,0.2,4,0.7744390532272819,2,665.0,665.0,0.638664960861206
ca-GrQc,spread_mean,0,node+edge+subgraph,0.2,5,0.7733077280064586,2,665.0,665.0,0.6594431400299072
ca-GrQc,spread_mean,0,node+edge+subgraph,0.2,6,0.7711617238651426,2,665.0,665.0,0.6572384834289551
ca-GrQc,spread_mean,0,node+edge+subgraph,0.2,7,0.7675533129738087,2,665.0,665.0,0.6379284858703613
ca-GrQc,spread_mean,0,node+edge+subgraph,0.2,8,0.7713897226441331,2,665.0,665.0,0.6648483276367188
ca-GrQc,spread_mean,0,node+edge+subgraph,0.2,9,0.7747087438092195,2,665.0,665.0,0.6451053619384766
ca-GrQc,spread_mean,0,node+edge+subgraph,0.4,0,0.7767124012327262,2,1330.4,1330.4,0.6600544452667236
ca-GrQc,spread_mean,0,node+edge+subgraph,0.4,1,0.7706772255249382,2,1330.4,1330.4,0.6765942573547363
ca-GrQc,spread_mean,0,node+edge+subgraph,0.4,2,0.7724913624256423,2,1330.4,1330.4,0.6663041114807129
ca-GrQc,spread_mean,0,node+edge+subgraph,0.4,3,0.774112975143711,2,1330.4,1330.4,0.6996312141418457
ca-GrQc,spread_mean,0,node+edge+subgraph,0.4,4,0.7747514726656822,2,1330.4,1330.4,0.7206711769104004
ca-GrQc,spread_mean,0,node+edge+subgraph,0.4,5,0.7738135193333402,2,1330.4,1330.4,0.669327974319458
ca-GrQc,spread_mean,0,node+edge+subgraph,0.4,6,0.7784108058923993,2,1330.4,1330.4,0.6721067428588867
ca-GrQc,spread_mean,0,node+edge+subgraph,0.4,7,0.7715328608889129,2,1330.4,1330.4,0.6674966812133789
ca-GrQc,spread_mean,0,node+edge+subgraph,0.4,8,0.7771441944023169,2,1330.4,1330.4,0.6807663440704346
ca-GrQc,spread_mean,0,node+edge+subgraph,0.4,9,0.7724896769938904,2,1330.4,1330.4,0.674386739730835
ca-GrQc,spread_mean,0,node+edge+subgraph,0.6,0,0.7810737510259133,2,1996.0,1996.0,0.6694047451019287
ca-GrQc,spread_mean,0,node+edge+subgraph,0.6,1,0.7778743274727322,2,1996.0,1996.0,0.6830141544342041
ca-GrQc,spread_mean,0,node+edge+subgraph,0.6,2,0.7794952981954837,2,1996.0,1996.0,0.6712172031402588
ca-GrQc,spread_mean,0,node+edge+subgraph,0.6,3,0.7784312224774149,2,1996.0,1996.0,0.6631679534912109
ca-GrQc,spread_mean,0,node+edge+subgraph,0.6,4,0.7789349820167389,2,1996.0,1996.0,0.7274882793426514
ca-GrQc,spread_mean,0,node+edge+subgraph,0.6,5,0.779278930528197,2,1996.0,1996.0,0.6620566844940186
ca-GrQc,spread_mean,0,node+edge+subgraph,0.6,6,0.7785637480234601,2,1996.0,1996.0,0.6788945198059082
ca-GrQc,spread_mean,0,node+edge+subgraph,0.6,7,0.7762410443255533,2,1996.0,1996.0,0.670828104019165
ca-GrQc,spread_mean,0,node+edge+subgraph,0.6,8,0.7818764531511,2,1996.0,1996.0,0.669105052947998
ca-GrQc,spread_mean,0,node+edge+subgraph,0.6,9,0.7780016230309855,2,1996.0,1996.0,0.693049430847168
ca-GrQc,spread_mean,0,node+edge+subgraph,0.8,0,0.7796968913949253,2,2661.4,2661.4,0.739234209060669
ca-GrQc,spread_mean,0,node+edge+subgraph,0.8,1,0.7793926135033096,2,2661.4,2661.4,0.7157139778137207
ca-GrQc,spread_mean,0,node+edge+subgraph,0.8,2,0.7805668577075578,2,2661.4,2661.4,0.7316315174102783
ca-GrQc,spread_mean,0,node+edge+subgraph,0.8,3,0.7817139914228101,2,2661.4,2661.4,0.7515759468078613
ca-GrQc,spread_mean,0,node+edge+subgraph,0.8,4,0.777302903259874,2,2661.4,2661.4,0.802276611328125
ca-GrQc,spread_mean,0,node+edge+subgraph,0.8,5,0.7779541997856665,2,2661.4,2661.4,0.7525410652160645
ca-GrQc,spread_mean,0,node+edge+subgraph,0.8,6,0.780392640704067,2,2661.4,2661.4,0.7374229431152344
ca-GrQc,spread_mean,0,node+edge+subgraph,0.8,7,0.7775045951009899,2,2661.4,2661.4,0.7177929878234863
ca-GrQc,spread_mean,0,node+edge+subgraph,0.8,8,0.7826216759002165,2,2661.4,2661.4,0.7066183090209961
ca-GrQc,spread_mean,0,node+edge+subgraph,0.8,9,0.7797684781992903,2,2661.4,2661.4,0.68727707862854
ca-GrQc,spread_mean,0,node+edge+subgraph,1.0,0,0.7809055546326367,2,3326.4,3326.4,0.7002708911895752
ca-GrQc,spread_mean,0,node+edge+subgraph,1.0,1,0.7787514610128716,2,3326.4,3326.4,0.6868534088134766
ca-GrQc,spread_mean,0,node+edge+subgraph,1.0,2,0.7829781961213644,2,3326.4,3326.4,0.686743974685669
ca-GrQc,spread_mean,0,node+edge+subgraph,1.0,3,0.7818992216411518,2,3326.4,3326.4,0.6895227432250977
ca-GrQc,spread_mean,0,node+edge+subgraph,1.0,4,0.7822588575861275,2,3326.4,3326.4,0.7225260734558105
ca-GrQc,spread_mean,0,node+edge+subgraph,1.0,5,0.7819915501245116,2,3326.4,3326.4,0.7006173133850098
ca-GrQc,spread_mean,0,node+edge+subgraph,1.0,6,0.7810344343822223,2,3326.4,3326.4,0.6889257431030273
ca-GrQc,spread_mean,0,node+edge+subgraph,1.0,7,0.7778982990273096,2,3326.4,3326.4,0.728785514831543
ca-GrQc,spread_mean,0,node+edge+subgraph,1.0,8,0.7815324897576011,2,3326.4,3326.4,0.6989784240722656
ca-GrQc,spread_mean,0,node+edge+subgraph,1.0,9,0.7778389501874885,2,3326.4,3326.4,0.7002379894256592
ca-GrQc,spread_mean,1,node+edge+subgraph,0.05,0,0.8717686335654269,56,166.0,166.0,0.6387465000152588
ca-GrQc,spread_mean,1,node+edge+subgraph,0.05,1,0.8812483815752574,56,166.0,166.0,0.6491580009460449
ca-GrQc,spread_mean,1,node+edge+subgraph,0.05,2,0.8692287110974379,56,166.0,166.0,0.6443352699279785
ca-GrQc,spread_mean,1,node+edge+subgraph,0.05,3,0.8755260528827179,56,166.0,166.0,0.6626513004302979
ca-GrQc,spread_mean,1,node+edge+subgraph,0.05,4,0.8700408853323153,56,166.0,166.0,0.6813333034515381
ca-GrQc,spread_mean,1,node+edge+subgraph,0.05,5,0.875310522046295,56,166.0,166.0,0.6500730514526367
ca-GrQc,spread_mean,1,node+edge+subgraph,0.05,6,0.8777605235810891,56,166.0,166.0,0.6585509777069092
ca-GrQc,spread_mean,1,node+edge+subgraph,0.05,7,0.8690615319184849,56,166.0,166.0,0.6440534591674805
ca-GrQc,spread_mean,1,node+edge+subgraph,0.05,8,0.8868748872491299,56,166.0,166.0,0.6354475021362305
ca-GrQc,spread_mean,1,node+edge+subgraph,0.05,9,0.8763839273878947,56,166.0,166.0,0.6416428089141846
ca-GrQc,spread_mean,1,node+edge+subgraph,0.1,0,0.8909355820276055,56,333.0,333.0,0.6697983741760254
ca-GrQc,spread_mean,1,node+edge+subgraph,0.1,1,0.8946333611523611,56,333.0,333.0,0.6676833629608154
ca-GrQc,spread_mean,1,node+edge+subgraph,0.1,2,0.8867223218423818,56,333.0,333.0,0.6744012832641602
ca-GrQc,spread_mean,1,node+edge+subgraph,0.1,3,0.8871155425237524,56,333.0,333.0,0.6625931262969971
ca-GrQc,spread_mean,1,node+edge+subgraph,0.1,4,0.88996639472241,56,333.0,333.0,0.6840736865997314
ca-GrQc,spread_mean,1,node+edge+subgraph,0.1,5,0.8875904177710666,56,333.0,333.0,0.7140989303588867
ca-GrQc,spread_mean,1,node+edge+subgraph,0.1,6,0.8885153802093888,56,333.0,333.0,0.6704990863800049
ca-GrQc,spread_mean,1,node+edge+subgraph,0.1,7,0.8903707074701093,56,333.0,333.0,0.6838018894195557
ca-GrQc,spread_mean,1,node+edge+subgraph,0.1,8,0.8905990272430996,56,333.0,333.0,0.675142765045166
ca-GrQc,spread_mean,1,node+edge+subgraph,0.1,9,0.8864586194281179,56,333.0,333.0,0.680199384689331
ca-GrQc,spread_mean,1,node+edge+subgraph,0.2,0,0.8947624596664105,56,665.0,665.0,0.7576603889465332
ca-GrQc,spread_mean,1,node+edge+subgraph,0.2,1,0.8972121314558557,56,665.0,665.0,0.7675917148590088
ca-GrQc,spread_mean,1,node+edge+subgraph,0.2,2,0.898915008139619,56,665.0,665.0,0.7635588645935059
ca-GrQc,spread_mean,1,node+edge+subgraph,0.2,3,0.8935610313018661,56,665.0,665.0,0.7786531448364258
ca-GrQc,spread_mean,1,node+edge+subgraph,0.2,4,0.8996140603783555,56,665.0,665.0,0.7567489147186279
ca-GrQc,spread_mean,1,node+edge+subgraph,0.2,5,0.8986019243972428,56,665.0,665.0,0.8533523082733154
ca-GrQc,spread_mean,1,node+edge+subgraph,0.2,6,0.8986813712973936,56,665.0,665.0,0.8192739486694336
ca-GrQc,spread_mean,1,node+edge+subgraph,0.2,7,0.8978310100583787,56,665.0,665.0,0.8189527988433838
ca-GrQc,spread_mean,1,node+edge+subgraph,0.2,8,0.8962938780860807,56,665.0,665.0,0.9353702068328857
ca-GrQc,spread_mean,1,node+edge+subgraph,0.2,9,0.893543205502401,56,665.0,665.0,0.8872528076171875
ca-GrQc,spread_mean,1,node+edge+subgraph,0.4,0,0.9000832671359417,56,1330.4,1330.4,1.1800227165222168
ca-GrQc,spread_mean,1,node+edge+subgraph,0.4,1,0.9019728886817975,56,1330.4,1330.4,1.2076544761657715
ca-GrQc,spread_mean,1,node+edge+subgraph,0.4,2,0.8998871441012466,56,1330.4,1330.4,1.3010218143463135
ca-GrQc,spread_mean,1,node+edge+subgraph,0.4,3,0.9005230228516592,56,1330.4,1330.4,1.1183834075927734
ca-GrQc,spread_mean,1,node+edge+subgraph,0.4,4,0.9002235105043213,56,1330.4,1330.4,1.091156005859375
ca-GrQc,spread_mean,1,node+edge+subgraph,0.4,5,0.901350108143235,56,1330.4,1330.4,1.0367672443389893
ca-GrQc,spread_mean,1,node+edge+subgraph,0.4,6,0.8999657595171228,56,1330.4,1330.4,1.0503571033477783
ca-GrQc,spread_mean,1,node+edge+subgraph,0.4,7,0.9034028784377349,56,1330.4,1330.4,1.0225741863250732
ca-GrQc,spread_mean,1,node+edge+subgraph,0.4,8,0.9004249537746509,56,1330.4,1330.4,1.012190818786621
ca-GrQc,spread_mean,1,node+edge+subgraph,0.4,9,0.9004517766919661,56,1330.4,1330.4,1.011756420135498
ca-GrQc,spread_mean,1,node+edge+subgraph,0.6,0,0.90294197200552,56,1996.0,1996.0,1.3991620540618896
ca-GrQc,spread_mean,1,node+edge+subgraph,0.6,1,0.905118900829311,56,1996.0,1996.0,1.3664941787719727
ca-GrQc,spread_mean,1,node+edge+subgraph,0.6,2,0.9048800818849011,56,1996.0,1996.0,1.380190372467041
ca-GrQc,spread_mean,1,node+edge+subgraph,0.6,3,0.9032239015143929,56,1996.0,1996.0,1.3745543956756592
ca-GrQc,spread_mean,1,node+edge+subgraph,0.6,4,0.9038258414637839,56,1996.0,1996.0,1.377929449081421
ca-GrQc,spread_mean,1,node+edge+subgraph,0.6,5,0.9024568863528458,56,1996.0,1996.0,1.3917019367218018
ca-GrQc,spread_mean,1,node+edge+subgraph,0.6,6,0.9020543982875459,56,1996.0,1996.0,1.3843629360198975
ca-GrQc,spread_mean,1,node+edge+subgraph,0.6,7,0.9047811852175663,56,1996.0,1996.0,1.365037441253662
ca-GrQc,spread_mean,1,node+edge+subgraph,0.6,8,0.902876628198556,56,1996.0,1996.0,1.3671445846557617
ca-GrQc,spread_mean,1,node+edge+subgraph,0.6,9,0.9039716285362086,56,1996.0,1996.0,1.3825676441192627
ca-GrQc,spread_mean,1,node+edge+subgraph,0.8,0,0.9039178723072346,56,2661.4,2661.4,1.7898976802825928
ca-GrQc,spread_mean,1,node+edge+subgraph,0.8,1,0.9054214040505757,56,2661.4,2661.4,1.832709789276123
ca-GrQc,spread_mean,1,node+edge+subgraph,0.8,2,0.9056133364158928,56,2661.4,2661.4,1.8273029327392578
ca-GrQc,spread_mean,1,node+edge+subgraph,0.8,3,0.9054484372392846,56,2661.4,2661.4,1.7919423580169678
ca-GrQc,spread_mean,1,node+edge+subgraph,0.8,4,0.907492115179716,56,2661.4,2661.4,1.8169264793395996
ca-GrQc,spread_mean,1,node+edge+subgraph,0.8,5,0.9047555187114722,56,2661.4,2661.4,1.7878327369689941
ca-GrQc,spread_mean,1,node+edge+subgraph,0.8,6,0.905514393607932,56,2661.4,2661.4,1.764840841293335
ca-GrQc,spread_mean,1,node+edge+subgraph,0.8,7,0.905457951674386,56,2661.4,2661.4,1.7812492847442627
ca-GrQc,spread_mean,1,node+edge+subgraph,0.8,8,0.9049293759029984,56,2661.4,2661.4,1.7438194751739502
ca-GrQc,spread_mean,1,node+edge+subgraph,0.8,9,0.906688637321287,56,2661.4,2661.4,1.7491602897644043
ca-GrQc,spread_mean,1,node+edge+subgraph,1.0,0,0.9064454888182238,56,3326.4,3326.4,2.1123785972595215
ca-GrQc,spread_mean,1,node+edge+subgraph,1.0,1,0.9078888052556949,56,3326.4,3326.4,2.1356868743896484
ca-GrQc,spread_mean,1,node+edge+subgraph,1.0,2,0.9077573013533674,56,3326.4,3326.4,2.1305031776428223
ca-GrQc,spread_mean,1,node+edge+subgraph,1.0,3,0.9066505385593968,56,3326.4,3326.4,2.1409542560577393
ca-GrQc,spread_mean,1,node+edge+subgraph,1.0,4,0.9083698444918156,56,3326.4,3326.4,2.1927661895751953
ca-GrQc,spread_mean,1,node+edge+subgraph,1.0,5,0.9065945635165256,56,3326.4,3326.4,2.158921003341675
ca-GrQc,spread_mean,1,node+edge+subgraph,1.0,6,0.9073247324335543,56,3326.4,3326.4,2.240220546722412
ca-GrQc,spread_mean,1,node+edge+subgraph,1.0,7,0.9071289142193287,56,3326.4,3326.4,2.202375650405884
ca-GrQc,spread_mean,1,node+edge+subgraph,1.0,8,0.90720184586906,56,3326.4,3326.4,2.2002320289611816
ca-GrQc,spread_mean,1,node+edge+subgraph,1.0,9,0.9078541611580222,56,3326.4,3326.4,2.211458683013916
ca-GrQc,spread_mean,2,node+edge+subgraph,0.05,0,0.8977027402113968,144,166.0,166.0,0.7047169208526611
ca-GrQc,spread_mean,2,node+edge+subgraph,0.05,1,0.9021261725257983,144,166.0,166.0,0.6829814910888672
ca-GrQc,spread_mean,2,node+edge+subgraph,0.05,2,0.8985298939952123,144,166.0,166.0,0.6748690605163574
ca-GrQc,spread_mean,2,node+edge+subgraph,0.05,3,0.9017447135736925,144,166.0,166.0,0.6831445693969727
ca-GrQc,spread_mean,2,node+edge+subgraph,0.05,4,0.8869990506953453,144,166.0,166.0,0.694584846496582
ca-GrQc,spread_mean,2,node+edge+subgraph,0.05,5,0.9014720562878609,144,166.0,166.0,0.6904594898223877
ca-GrQc,spread_mean,2,node+edge+subgraph,0.05,6,0.8999665199750422,144,166.0,166.0,0.6878209114074707
ca-GrQc,spread_mean,2,node+edge+subgraph,0.05,7,0.8948638739122252,144,166.0,166.0,0.7018458843231201
ca-GrQc,spread_mean,2,node+edge+subgraph,0.05,8,0.9058402285420276,144,166.0,166.0,0.6709887981414795
ca-GrQc,spread_mean,2,node+edge+subgraph,0.05,9,0.9029231111197032,144,166.0,166.0,0.6762552261352539
ca-GrQc,spread_mean,2,node+edge+subgraph,0.1,0,0.9191064276740906,144,333.0,333.0,0.8495819568634033
ca-GrQc,spread_mean,2,node+edge+subgraph,0.1,1,0.9203385452299069,144,333.0,333.0,0.7842130661010742
ca-GrQc,spread_mean,2,node+edge+subgraph,0.1,2,0.9185291057685966,144,333.0,333.0,0.7994430065155029
ca-GrQc,spread_mean,2,node+edge+subgraph,0.1,3,0.914748814386024,144,333.0,333.0,0.7919983863830566
ca-GrQc,spread_mean,2,node+edge+subgraph,0.1,4,0.916034596299209,144,333.0,333.0,0.8058614730834961
ca-GrQc,spread_mean,2,node+edge+subgraph,0.1,5,0.91679796582846,144,333.0,333.0,0.8285260200500488
ca-GrQc,spread_mean,2,node+edge+subgraph,0.1,6,0.9176890804826686,144,333.0,333.0,0.837045431137085
ca-GrQc,spread_mean,2,node+edge+subgraph,0.1,7,0.9154937967614972,144,333.0,333.0,0.8100945949554443
ca-GrQc,spread_mean,2,node+edge+subgraph,0.1,8,0.9202818766225117,144,333.0,333.0,0.8050708770751953
ca-GrQc,spread_mean,2,node+edge+subgraph,0.1,9,0.9162435740668223,144,333.0,333.0,0.8121976852416992
ca-GrQc,spread_mean,2,node+edge+subgraph,0.2,0,0.9305937055834957,144,665.0,665.0,1.222543478012085
ca-GrQc,spread_mean,2,node+edge+subgraph,0.2,1,0.9302174662131367,144,665.0,665.0,1.193300485610962
ca-GrQc,spread_mean,2,node+edge+subgraph,0.2,2,0.930029145809583,144,665.0,665.0,1.2049353122711182
ca-GrQc,spread_mean,2,node+edge+subgraph,0.2,3,0.9301638164861346,144,665.0,665.0,1.221548080444336
ca-GrQc,spread_mean,2,node+edge+subgraph,0.2,4,0.930872487316171,144,665.0,665.0,1.2496740818023682
ca-GrQc,spread_mean,2,node+edge+subgraph,0.2,5,0.9294525696503876,144,665.0,665.0,1.2296361923217773
ca-GrQc,spread_mean,2,node+edge+subgraph,0.2,6,0.9303240294763002,144,665.0,665.0,1.2642695903778076
ca-GrQc,spread_mean,2,node+edge+subgraph,0.2,7,0.9274174757287504,144,665.0,665.0,1.2547554969787598
ca-GrQc,spread_mean,2,node+edge+subgraph,0.2,8,0.9297185111892654,144,665.0,665.0,1.2992112636566162
ca-GrQc,spread_mean,2,node+edge+subgraph,0.2,9,0.9289286898584438,144,665.0,665.0,1.2754123210906982
ca-GrQc,spread_mean,2,node+edge+subgraph,0.4,0,0.936488808592864,144,1330.4,1330.4,2.306647777557373
ca-GrQc,spread_mean,2,node+edge+subgraph,0.4,1,0.935279525441031,144,1330.4,1330.4,2.2815849781036377
ca-GrQc,spread_mean,2,node+edge+subgraph,0.4,2,0.9346012674986959,144,1330.4,1330.4,2.3018958568573
ca-GrQc,spread_mean,2,node+edge+subgraph,0.4,3,0.9355049536679958,144,1330.4,1330.4,2.2855358123779297
ca-GrQc,spread_mean,2,node+edge+subgraph,0.4,4,0.9369784060568094,144,1330.4,1330.4,2.3042988777160645
ca-GrQc,spread_mean,2,node+edge+subgraph,0.4,5,0.9349126459673283,144,1330.4,1330.4,2.2985281944274902
ca-GrQc,spread_mean,2,node+edge+subgraph,0.4,6,0.9363126489902025,144,1330.4,1330.4,2.3042540550231934
ca-GrQc,spread_mean,2,node+edge+subgraph,0.4,7,0.9357863733440415,144,1330.4,1330.4,2.271164894104004
ca-GrQc,spread_mean,2,node+edge+subgraph,0.4,8,0.9363079375182016,144,1330.4,1330.4,2.4234330654144287
ca-GrQc,spread_mean,2,node+edge+subgraph,0.4,9,0.9360129523821612,144,1330.4,1330.4,2.3109920024871826
ca-GrQc,spread_mean,2,node+edge+subgraph,0.6,0,0.9391585324287597,144,1996.0,1996.0,3.551980495452881
ca-GrQc,spread_mean,2,node+edge+subgraph,0.6,1,0.9386642672627046,144,1996.0,1996.0,3.521920919418335
ca-GrQc,spread_mean,2,node+edge+subgraph,0.6,2,0.9394149880889111,144,1996.0,1996.0,3.532207727432251
ca-GrQc,spread_mean,2,node+edge+subgraph,0.6,3,0.9386134096048024,144,1996.0,1996.0,3.5554943084716797
ca-GrQc,spread_mean,2,node+edge+subgraph,0.6,4,0.939485741682777,144,1996.0,1996.0,3.5265750885009766
ca-GrQc,spread_mean,2,node+edge+subgraph,0.6,5,0.9389864779947795,144,1996.0,1996.0,3.499737501144409
ca-GrQc,spread_mean,2,node+edge+subgraph,0.6,6,0.9376504954278368,144,1996.0,1996.0,3.512814521789551
ca-GrQc,spread_mean,2,node+edge+subgraph,0.6,7,0.9396029531005757,144,1996.0,1996.0,3.4327566623687744
ca-GrQc,spread_mean,2,node+edge+subgraph,0.6,8,0.9388969402058613,144,1996.0,1996.0,3.4787704944610596
ca-GrQc,spread_mean,2,node+edge+subgraph,0.6,9,0.9395540646824018,144,1996.0,1996.0,3.5208775997161865
ca-GrQc,spread_mean,2,node+edge+subgraph,0.8,0,0.9396323944516028,144,2661.4,2661.4,4.719258546829224
ca-GrQc,spread_mean,2,node+edge+subgraph,0.8,1,0.9402344654487266,144,2661.4,2661.4,4.69846248626709
ca-GrQc,spread_mean,2,node+edge+subgraph,0.8,2,0.9403542675260351,144,2661.4,2661.4,4.67822265625
ca-GrQc,spread_mean,2,node+edge+subgraph,0.8,3,0.9401560630426099,144,2661.4,2661.4,4.63221287727356
ca-GrQc,spread_mean,2,node+edge+subgraph,0.8,4,0.94105009348748,144,2661.4,2661.4,4.691957235336304
ca-GrQc,spread_mean,2,node+edge+subgraph,0.8,5,0.9408664126015334,144,2661.4,2661.4,4.745927810668945
ca-GrQc,spread_mean,2,node+edge+subgraph,0.8,6,0.9409422934529352,144,2661.4,2661.4,4.75289511680603
ca-GrQc,spread_mean,2,node+edge+subgraph,0.8,7,0.9397372174457439,144,2661.4,2661.4,4.7416863441467285
ca-GrQc,spread_mean,2,node+edge+subgraph,0.8,8,0.9405245580435703,144,2661.4,2661.4,4.673082590103149
ca-GrQc,spread_mean,2,node+edge+subgraph,0.8,9,0.9413647844583372,144,2661.4,2661.4,4.67097544670105
ca-GrQc,spread_mean,2,node+edge+subgraph,1.0,0,0.9409498708859083,144,3326.4,3326.4,5.884332180023193
ca-GrQc,spread_mean,2,node+edge+subgraph,1.0,1,0.9413639062491984,144,3326.4,3326.4,5.9708967208862305
ca-GrQc,spread_mean,2,node+edge+subgraph,1.0,2,0.9420189151679391,144,3326.4,3326.4,5.93001389503479
ca-GrQc,spread_mean,2,node+edge+subgraph,1.0,3,0.9410510057482768,144,3326.4,3326.4,5.962815523147583
ca-GrQc,spread_mean,2,node+edge+subgraph,1.0,4,0.9418430099019829,144,3326.4,3326.4,6.0477705001831055
ca-GrQc,spread_mean,2,node+edge+subgraph,1.0,5,0.941752558356324,144,3326.4,3326.4,5.925292491912842
ca-GrQc,spread_mean,2,node+edge+subgraph,1.0,6,0.941923119629612,144,3326.4,3326.4,5.941529750823975
ca-GrQc,spread_mean,2,node+edge+subgraph,1.0,7,0.9412141252425954,144,3326.4,3326.4,5.9817962646484375
ca-GrQc,spread_mean,2,node+edge+subgraph,1.0,8,0.941669747268879,144,3326.4,3326.4,5.988345146179199
ca-GrQc,spread_mean,2,node+edge+subgraph,1.0,9,0.9421837983380684,144,3326.4,3326.4,5.959714651107788
ca-GrQc,spread_mean,3,node+edge+subgraph,0.05,0,0.8977092425794899,168,166.0,166.0,0.711890697479248
ca-GrQc,spread_mean,3,node+edge+subgraph,0.05,1,0.9015632883996431,168,166.0,166.0,0.7048709392547607
ca-GrQc,spread_mean,3,node+edge+subgraph,0.05,2,0.8949683432478267,168,166.0,166.0,0.7120146751403809
ca-GrQc,spread_mean,3,node+edge+subgraph,0.05,3,0.9026493273947384,168,166.0,166.0,0.7181389331817627
ca-GrQc,spread_mean,3,node+edge+subgraph,0.05,4,0.8894136676802866,168,166.0,166.0,0.712639331817627
ca-GrQc,spread_mean,3,node+edge+subgraph,0.05,5,0.9003365930747129,168,166.0,166.0,0.7150893211364746
ca-GrQc,spread_mean,3,node+edge+subgraph,0.05,6,0.9016243577699242,168,166.0,166.0,0.7086348533630371
ca-GrQc,spread_mean,3,node+edge+subgraph,0.05,7,0.8933759806988494,168,166.0,166.0,0.7015745639801025
ca-GrQc,spread_mean,3,node+edge+subgraph,0.05,8,0.9059421700941203,168,166.0,166.0,0.6968433856964111
ca-GrQc,spread_mean,3,node+edge+subgraph,0.05,9,0.9065244558556467,168,166.0,166.0,0.7520096302032471
ca-GrQc,spread_mean,3,node+edge+subgraph,0.1,0,0.9220103775373132,168,333.0,333.0,0.8561172485351562
ca-GrQc,spread_mean,3,node+edge+subgraph,0.1,1,0.9232443296092079,168,333.0,333.0,0.8636949062347412
ca-GrQc,spread_mean,3,node+edge+subgraph,0.1,2,0.9200480017468762,168,333.0,333.0,0.8938143253326416
ca-GrQc,spread_mean,3,node+edge+subgraph,0.1,3,0.9187448961940838,168,333.0,333.0,0.9249739646911621
ca-GrQc,spread_mean,3,node+edge+subgraph,0.1,4,0.9165980501132966,168,333.0,333.0,0.8996231555938721
ca-GrQc,spread_mean,3,node+edge+subgraph,0.1,5,0.9145905274763589,168,333.0,333.0,0.921445369720459
ca-GrQc,spread_mean,3,node+edge+subgraph,0.1,6,0.9175207708989461,168,333.0,333.0,0.9314975738525391
ca-GrQc,spread_mean,3,node+edge+subgraph,0.1,7,0.9186283100705263,168,333.0,333.0,0.8737261295318604
ca-GrQc,spread_mean,3,node+edge+subgraph,0.1,8,0.9219128885865585,168,333.0,333.0,0.8609268665313721
ca-GrQc,spread_mean,3,node+edge+subgraph,0.1,9,0.9151493450698873,168,333.0,333.0,0.8476879596710205
ca-GrQc,spread_mean,3,node+edge+subgraph,0.2,0,0.9336178267779933,168,665.0,665.0,1.4530630111694336
ca-GrQc,spread_mean,3,node+edge+subgraph,0.2,1,0.9334168779486616,168,665.0,665.0,1.4216313362121582
ca-GrQc,spread_mean,3,node+edge+subgraph,0.2,2,0.9327078619187796,168,665.0,665.0,1.5114736557006836
ca-GrQc,spread_mean,3,node+edge+subgraph,0.2,3,0.9332958699898062,168,665.0,665.0,1.4823901653289795
ca-GrQc,spread_mean,3,node+edge+subgraph,0.2,4,0.9343121429464095,168,665.0,665.0,1.5165531635284424
ca-GrQc,spread_mean,3,node+edge+subgraph,0.2,5,0.9312912876836947,168,665.0,665.0,1.467329978942871
ca-GrQc,spread_mean,3,node+edge+subgraph,0.2,6,0.9337104306228718,168,665.0,665.0,1.8011925220489502
ca-GrQc,spread_mean,3,node+edge+subgraph,0.2,7,0.9302761680509121,168,665.0,665.0,1.7325787544250488
ca-GrQc,spread_mean,3,node+edge+subgraph,0.2,8,0.9320694041817834,168,665.0,665.0,1.7883844375610352
ca-GrQc,spread_mean,3,node+edge+subgraph,0.2,9,0.9336332130897126,168,665.0,665.0,1.7640132904052734
ca-GrQc,spread_mean,3,node+edge+subgraph,0.4,0,0.9395863646466849,168,1330.4,1330.4,3.4989962577819824
ca-GrQc,spread_mean,3,node+edge+subgraph,0.4,1,0.93861319351987,168,1330.4,1330.4,3.5189802646636963
ca-GrQc,spread_mean,3,node+edge+subgraph,0.4,2,0.9384361479543837,168,1330.4,1330.4,3.5835325717926025
ca-GrQc,spread_mean,3,node+edge+subgraph,0.4,3,0.9385831085300658,168,1330.4,1330.4,3.5336453914642334
ca-GrQc,spread_mean,3,node+edge+subgraph,0.4,4,0.9405207100223365,168,1330.4,1330.4,3.615333080291748
ca-GrQc,spread_mean,3,node+edge+subgraph,0.4,5,0.9381102967755581,168,1330.4,1330.4,3.07552170753479
ca-GrQc,spread_mean,3,node+edge+subgraph,0.4,6,0.9398375195305517,168,1330.4,1330.4,2.940443277359009
ca-GrQc,spread_mean,3,node+edge+subgraph,0.4,7,0.9388483045172924,168,1330.4,1330.4,2.872955322265625
ca-GrQc,spread_mean,3,node+edge+subgraph,0.4,8,0.9394641651039254,168,1330.4,1330.4,2.8986001014709473
ca-GrQc,spread_mean,3,node+edge+subgraph,0.4,9,0.939447091734885,168,1330.4,1330.4,2.8958067893981934
ca-GrQc,spread_mean,3,node+edge+subgraph,0.6,0,0.9419038171625751,168,1996.0,1996.0,4.314028263092041
ca-GrQc,spread_mean,3,node+edge+subgraph,0.6,1,0.9415586710336765,168,1996.0,1996.0,4.3798463344573975
ca-GrQc,spread_mean,3,node+edge+subgraph,0.6,2,0.9421932334123335,168,1996.0,1996.0,4.874598264694214
ca-GrQc,spread_mean,3,node+edge+subgraph,0.6,3,0.9413227962762993,168,1996.0,1996.0,5.097713947296143
ca-GrQc,spread_mean,3,node+edge+subgraph,0.6,4,0.9419595440857901,168,1996.0,1996.0,5.489131927490234
ca-GrQc,spread_mean,3,node+edge+subgraph,0.6,5,0.9417729359394739,168,1996.0,1996.0,6.495271682739258
ca-GrQc,spread_mean,3,node+edge+subgraph,0.6,6,0.9417394449675133,168,1996.0,1996.0,6.244184494018555
ca-GrQc,spread_mean,3,node+edge+subgraph,0.6,7,0.9422817641352031,168,1996.0,1996.0,5.476950168609619
ca-GrQc,spread_mean,3,node+edge+subgraph,0.6,8,0.9413561442241567,168,1996.0,1996.0,5.369987726211548
ca-GrQc,spread_mean,3,node+edge+subgraph,0.6,9,0.9423928056811252,168,1996.0,1996.0,5.062204122543335
ca-GrQc,spread_mean,3,node+edge+subgraph,0.8,0,0.9427433724119059,168,2661.4,2661.4,6.720443248748779
ca-GrQc,spread_mean,3,node+edge+subgraph,0.8,1,0.9428742281470813,168,2661.4,2661.4,6.659285306930542
ca-GrQc,spread_mean,3,node+edge+subgraph,0.8,2,0.9428995099207874,168,2661.4,2661.4,6.508853435516357
ca-GrQc,spread_mean,3,node+edge+subgraph,0.8,3,0.9428383632956985,168,2661.4,2661.4,6.560703992843628
ca-GrQc,spread_mean,3,node+edge+subgraph,0.8,4,0.9432704729180988,168,2661.4,2661.4,6.61902117729187
ca-GrQc,spread_mean,3,node+edge+subgraph,0.8,5,0.9435843473576031,168,2661.4,2661.4,8.057577848434448
ca-GrQc,spread_mean,3,node+edge+subgraph,0.8,6,0.9436960021477955,168,2661.4,2661.4,7.848111629486084
ca-GrQc,spread_mean,3,node+edge+subgraph,0.8,7,0.9431880474688145,168,2661.4,2661.4,6.826587677001953
ca-GrQc,spread_mean,3,node+edge+subgraph,0.8,8,0.9432717354660402,168,2661.4,2661.4,7.203406810760498
ca-GrQc,spread_mean,3,node+edge+subgraph,0.8,9,0.9441427019059133,168,2661.4,2661.4,8.156404972076416
ca-GrQc,spread_mean,3,node+edge+subgraph,1.0,0,0.9436680071159862,168,3326.4,3326.4,9.124741077423096
ca-GrQc,spread_mean,3,node+edge+subgraph,1.0,1,0.9439344518985143,168,3326.4,3326.4,8.636135578155518
ca-GrQc,spread_mean,3,node+edge+subgraph,1.0,2,0.9443727133622164,168,3326.4,3326.4,8.377813816070557
ca-GrQc,spread_mean,3,node+edge+subgraph,1.0,3,0.9437346937522609,168,3326.4,3326.4,9.649720191955566
ca-GrQc,spread_mean,3,node+edge+subgraph,1.0,4,0.9443473651886092,168,3326.4,3326.4,8.663935899734497
ca-GrQc,spread_mean,3,node+edge+subgraph,1.0,5,0.9439757974161406,168,3326.4,3326.4,9.296152830123901
ca-GrQc,spread_mean,3,node+edge+subgraph,1.0,6,0.9445078391131587,168,3326.4,3326.4,10.407567977905273
ca-GrQc,spread_mean,3,node+edge+subgraph,1.0,7,0.9436294988908315,168,3326.4,3326.4,8.985006332397461
ca-GrQc,spread_mean,3,node+edge+subgraph,1.0,8,0.9440662750357932,168,3326.4,3326.4,8.593073844909668
ca-GrQc,spread_mean,3,node+edge+subgraph,1.0,9,0.944822357359412,168,3326.4,3326.4,10.079676389694214
ca-GrQc,spread_cv,0,node+edge+subgraph,0.05,0,0.3845648903331681,2,166.0,166.0,1.0551674365997314
ca-GrQc,spread_cv,0,node+edge+subgraph,0.05,1,0.4007242606431337,2,166.0,166.0,1.0655815601348877
ca-GrQc,spread_cv,0,node+edge+subgraph,0.05,2,0.39867556413616856,2,166.0,166.0,0.7863571643829346
ca-GrQc,spread_cv,0,node+edge+subgraph,0.05,3,0.39736186512126126,2,166.0,166.0,0.7818636894226074
ca-GrQc,spread_cv,0,node+edge+subgraph,0.05,4,0.38463348895438126,2,166.0,166.0,0.774587869644165
ca-GrQc,spread_cv,0,node+edge+subgraph,0.05,5,0.4042316687272794,2,166.0,166.0,0.741574764251709
ca-GrQc,spread_cv,0,node+edge+subgraph,0.05,6,0.40160343107946916,2,166.0,166.0,0.6751735210418701
ca-GrQc,spread_cv,0,node+edge+subgraph,0.05,7,0.41647421898124093,2,166.0,166.0,0.7354996204376221
ca-GrQc,spread_cv,0,node+edge+subgraph,0.05,8,0.3869958490795726,2,166.0,166.0,0.6945631504058838
ca-GrQc,spread_cv,0,node+edge+subgraph,0.05,9,0.4220768622942013,2,166.0,166.0,0.6735787391662598
ca-GrQc,spread_cv,0,node+edge+subgraph,0.1,0,0.4206878061709801,2,333.0,333.0,0.667428731918335
ca-GrQc,spread_cv,0,node+edge+subgraph,0.1,1,0.41973599665152894,2,333.0,333.0,0.7080740928649902
ca-GrQc,spread_cv,0,node+edge+subgraph,0.1,2,0.4199738798466562,2,333.0,333.0,0.708315372467041
ca-GrQc,spread_cv,0,node+edge+subgraph,0.1,3,0.4245349897184407,2,333.0,333.0,0.680443525314331
ca-GrQc,spread_cv,0,node+edge+subgraph,0.1,4,0.4279906645104628,2,333.0,333.0,0.6781928539276123
ca-GrQc,spread_cv,0,node+edge+subgraph,0.1,5,0.4182649268002613,2,333.0,333.0,0.6798133850097656
ca-GrQc,spread_cv,0,node+edge+subgraph,0.1,6,0.43564380876398995,2,333.0,333.0,0.6470885276794434
ca-GrQc,spread_cv,0,node+edge+subgraph,0.1,7,0.4448858399699517,2,333.0,333.0,0.7089436054229736
ca-GrQc,spread_cv,0,node+edge+subgraph,0.1,8,0.42700561261223496,2,333.0,333.0,0.7579562664031982
ca-GrQc,spread_cv,0,node+edge+subgraph,0.1,9,0.43455400070497013,2,333.0,333.0,0.7342140674591064
ca-GrQc,spread_cv,0,node+edge+subgraph,0.2,0,0.44858050655344855,2,665.0,665.0,1.1571485996246338
ca-GrQc,spread_cv,0,node+edge+subgraph,0.2,1,0.4524224648933116,2,665.0,665.0,0.7604091167449951
ca-GrQc,spread_cv,0,node+edge+subgraph,0.2,2,0.4478328874341314,2,665.0,665.0,0.6914534568786621
ca-GrQc,spread_cv,0,node+edge+subgraph,0.2,3,0.4498215810336951,2,665.0,665.0,0.7004673480987549
ca-GrQc,spread_cv,0,node+edge+subgraph,0.2,4,0.451579855768845,2,665.0,665.0,0.6872851848602295
ca-GrQc,spread_cv,0,node+edge+subgraph,0.2,5,0.4551613039291845,2,665.0,665.0,0.7048122882843018
ca-GrQc,spread_cv,0,node+edge+subgraph,0.2,6,0.44878406362747864,2,665.0,665.0,0.7163565158843994
ca-GrQc,spread_cv,0,node+edge+subgraph,0.2,7,0.447311476907747,2,665.0,665.0,0.7291393280029297
ca-GrQc,spread_cv,0,node+edge+subgraph,0.2,8,0.4571008379234332,2,665.0,665.0,0.778749942779541
ca-GrQc,spread_cv,0,node+edge+subgraph,0.2,9,0.4552880922751093,2,665.0,665.0,0.7212464809417725
ca-GrQc,spread_cv,0,node+edge+subgraph,0.4,0,0.44832715019066927,2,1330.4,1330.4,0.7423794269561768
ca-GrQc,spread_cv,0,node+edge+subgraph,0.4,1,0.45629785143144846,2,1330.4,1330.4,0.7367806434631348
ca-GrQc,spread_cv,0,node+edge+subgraph,0.4,2,0.4555171328704747,2,1330.4,1330.4,0.7263178825378418
ca-GrQc,spread_cv,0,node+edge+subgraph,0.4,3,0.4575564246979423,2,1330.4,1330.4,0.7412245273590088
ca-GrQc,spread_cv,0,node+edge+subgraph,0.4,4,0.4590477811177548,2,1330.4,1330.4,0.7374880313873291
ca-GrQc,spread_cv,0,node+edge+subgraph,0.4,5,0.46088145807214104,2,1330.4,1330.4,0.8343074321746826
ca-GrQc,spread_cv,0,node+edge+subgraph,0.4,6,0.460280094839883,2,1330.4,1330.4,0.7860183715820312
ca-GrQc,spread_cv,0,node+edge+subgraph,0.4,7,0.45625099101833055,2,1330.4,1330.4,0.7486474514007568
ca-GrQc,spread_cv,0,node+edge+subgraph,0.4,8,0.4603142296239348,2,1330.4,1330.4,0.6954615116119385
ca-GrQc,spread_cv,0,node+edge+subgraph,0.4,9,0.45467155808525755,2,1330.4,1330.4,0.7342264652252197
ca-GrQc,spread_cv,0,node+edge+subgraph,0.6,0,0.4599415780394159,2,1996.0,1996.0,0.7139101028442383
ca-GrQc,spread_cv,0,node+edge+subgraph,0.6,1,0.462112428442125,2,1996.0,1996.0,0.726010799407959
ca-GrQc,spread_cv,0,node+edge+subgraph,0.6,2,0.46055711681512734,2,1996.0,1996.0,0.7106711864471436
ca-GrQc,spread_cv,0,node+edge+subgraph,0.6,3,0.46163797800735024,2,1996.0,1996.0,0.7129948139190674
ca-GrQc,spread_cv,0,node+edge+subgraph,0.6,4,0.4609084500286496,2,1996.0,1996.0,0.7314064502716064
ca-GrQc,spread_cv,0,node+edge+subgraph,0.6,5,0.4621048559244195,2,1996.0,1996.0,0.7055959701538086
ca-GrQc,spread_cv,0,node+edge+subgraph,0.6,6,0.46100043056954354,2,1996.0,1996.0,0.7199158668518066
ca-GrQc,spread_cv,0,node+edge+subgraph,0.6,7,0.4571334799608528,2,1996.0,1996.0,0.6823399066925049
ca-GrQc,spread_cv,0,node+edge+subgraph,0.6,8,0.46002594343573555,2,1996.0,1996.0,0.6742308139801025
ca-GrQc,spread_cv,0,node+edge+subgraph,0.6,9,0.46055823416549146,2,1996.0,1996.0,0.6651601791381836
ca-GrQc,spread_cv,0,node+edge+subgraph,0.8,0,0.45557182913825317,2,2661.4,2661.4,0.7179086208343506
ca-GrQc,spread_cv,0,node+edge+subgraph,0.8,1,0.46074857122643215,2,2661.4,2661.4,0.6722626686096191
ca-GrQc,spread_cv,0,node+edge+subgraph,0.8,2,0.4579860184075782,2,2661.4,2661.4,0.6951465606689453
ca-GrQc,spread_cv,0,node+edge+subgraph,0.8,3,0.4658373288794869,2,2661.4,2661.4,0.6995689868927002
ca-GrQc,spread_cv,0,node+edge+subgraph,0.8,4,0.4569828631435774,2,2661.4,2661.4,0.690814733505249
ca-GrQc,spread_cv,0,node+edge+subgraph,0.8,5,0.46061593953261654,2,2661.4,2661.4,0.7044782638549805
ca-GrQc,spread_cv,0,node+edge+subgraph,0.8,6,0.4608623294419604,2,2661.4,2661.4,0.6863453388214111
ca-GrQc,spread_cv,0,node+edge+subgraph,0.8,7,0.45835577637687064,2,2661.4,2661.4,0.7343227863311768
ca-GrQc,spread_cv,0,node+edge+subgraph,0.8,8,0.46442289199321896,2,2661.4,2661.4,0.6788763999938965
ca-GrQc,spread_cv,0,node+edge+subgraph,0.8,9,0.4590667647538958,2,2661.4,2661.4,0.6980061531066895
ca-GrQc,spread_cv,0,node+edge+subgraph,1.0,0,0.45701500753036267,2,3326.4,3326.4,0.7526957988739014
ca-GrQc,spread_cv,0,node+edge+subgraph,1.0,1,0.4590619409326807,2,3326.4,3326.4,0.7082822322845459
ca-GrQc,spread_cv,0,node+edge+subgraph,1.0,2,0.45920964078354004,2,3326.4,3326.4,0.7056436538696289
ca-GrQc,spread_cv,0,node+edge+subgraph,1.0,3,0.46124392217387333,2,3326.4,3326.4,0.6850640773773193
ca-GrQc,spread_cv,0,node+edge+subgraph,1.0,4,0.4591939420182492,2,3326.4,3326.4,0.7102527618408203
ca-GrQc,spread_cv,0,node+edge+subgraph,1.0,5,0.4630723432115552,2,3326.4,3326.4,0.6958863735198975
ca-GrQc,spread_cv,0,node+edge+subgraph,1.0,6,0.4601554765511023,2,3326.4,3326.4,0.7179148197174072
ca-GrQc,spread_cv,0,node+edge+subgraph,1.0,7,0.4572716205586112,2,3326.4,3326.4,0.6995658874511719
ca-GrQc,spread_cv,0,node+edge+subgraph,1.0,8,0.46158085715567393,2,3326.4,3326.4,0.6863837242126465
ca-GrQc,spread_cv,0,node+edge+subgraph,1.0,9,0.46028548820412446,2,3326.4,3326.4,0.7162683010101318
ca-GrQc,spread_cv,1,node+edge+subgraph,0.05,0,0.6215729813318329,56,166.0,166.0,0.6567776203155518
ca-GrQc,spread_cv,1,node+edge+subgraph,0.05,1,0.6471035387541465,56,166.0,166.0,0.6991837024688721
ca-GrQc,spread_cv,1,node+edge+subgraph,0.05,2,0.6372227527267723,56,166.0,166.0,0.653813362121582
ca-GrQc,spread_cv,1,node+edge+subgraph,0.05,3,0.6208261392761518,56,166.0,166.0,0.6537296772003174
ca-GrQc,spread_cv,1,node+edge+subgraph,0.05,4,0.6332181944451275,56,166.0,166.0,0.6806385517120361
ca-GrQc,spread_cv,1,node+edge+subgraph,0.05,5,0.6336326298839987,56,166.0,166.0,0.6569874286651611
ca-GrQc,spread_cv,1,node+edge+subgraph,0.05,6,0.6182720306333054,56,166.0,166.0,0.6742923259735107
ca-GrQc,spread_cv,1,node+edge+subgraph,0.05,7,0.6228603738513072,56,166.0,166.0,0.6500945091247559
ca-GrQc,spread_cv,1,node+edge+subgraph,0.05,8,0.6418547485726881,56,166.0,166.0,0.6662039756774902
ca-GrQc,spread_cv,1,node+edge+subgraph,0.05,9,0.6234997452135639,56,166.0,166.0,0.6443133354187012
ca-GrQc,spread_cv,1,node+edge+subgraph,0.1,0,0.6392451002395809,56,333.0,333.0,0.6703231334686279
ca-GrQc,spread_cv,1,node+edge+subgraph,0.1,1,0.6392030107708095,56,333.0,333.0,0.682694673538208
ca-GrQc,spread_cv,1,node+edge+subgraph,0.1,2,0.6365762381325414,56,333.0,333.0,0.7183597087860107
ca-GrQc,spread_cv,1,node+edge+subgraph,0.1,3,0.6344859876023958,56,333.0,333.0,0.7185871601104736
ca-GrQc,spread_cv,1,node+edge+subgraph,0.1,4,0.6427789289797508,56,333.0,333.0,0.7148537635803223
ca-GrQc,spread_cv,1,node+edge+subgraph,0.1,5,0.6544909073786357,56,333.0,333.0,0.7126457691192627
ca-GrQc,spread_cv,1,node+edge+subgraph,0.1,6,0.6391186681758171,56,333.0,333.0,0.7167465686798096
ca-GrQc,spread_cv,1,node+edge+subgraph,0.1,7,0.6436232174560638,56,333.0,333.0,0.7106359004974365
ca-GrQc,spread_cv,1,node+edge+subgraph,0.1,8,0.6435243948333583,56,333.0,333.0,0.6681697368621826
ca-GrQc,spread_cv,1,node+edge+subgraph,0.1,9,0.6523025175715933,56,333.0,333.0,0.6620028018951416
ca-GrQc,spread_cv,1,node+edge+subgraph,0.2,0,0.6522166868673864,56,665.0,665.0,0.7597510814666748
ca-GrQc,spread_cv,1,node+edge+subgraph,0.2,1,0.6505083600893614,56,665.0,665.0,0.7629644870758057
ca-GrQc,spread_cv,1,node+edge+subgraph,0.2,2,0.6555373876339897,56,665.0,665.0,0.8006258010864258
ca-GrQc,spread_cv,1,node+edge+subgraph,0.2,3,0.6408114322888596,56,665.0,665.0,0.7662839889526367
ca-GrQc,spread_cv,1,node+edge+subgraph,0.2,4,0.6593457404348614,56,665.0,665.0,0.7700562477111816
ca-GrQc,spread_cv,1,node+edge+subgraph,0.2,5,0.6477337635435533,56,665.0,665.0,0.7839210033416748
ca-GrQc,spread_cv,1,node+edge+subgraph,0.2,6,0.659514833886142,56,665.0,665.0,0.7764840126037598
ca-GrQc,spread_cv,1,node+edge+subgraph,0.2,7,0.6606246904752091,56,665.0,665.0,0.759824275970459
ca-GrQc,spread_cv,1,node+edge+subgraph,0.2,8,0.6509258486812932,56,665.0,665.0,0.7828397750854492
ca-GrQc,spread_cv,1,node+edge+subgraph,0.2,9,0.6468050798761968,56,665.0,665.0,0.7568471431732178
ca-GrQc,spread_cv,1,node+edge+subgraph,0.4,0,0.6542588240835351,56,1330.4,1330.4,0.994739294052124
ca-GrQc,spread_cv,1,node+edge+subgraph,0.4,1,0.6612541092345412,56,1330.4,1330.4,0.9867401123046875
ca-GrQc,spread_cv,1,node+edge+subgraph,0.4,2,0.6529873483881332,56,1330.4,1330.4,1.008610486984253
ca-GrQc,spread_cv,1,node+edge+subgraph,0.4,3,0.6586165591573293,56,1330.4,1330.4,1.0402956008911133
ca-GrQc,spread_cv,1,node+edge+subgraph,0.4,4,0.6680557344977306,56,1330.4,1330.4,0.9984838962554932
ca-GrQc,spread_cv,1,node+edge+subgraph,0.4,5,0.6545205369376474,56,1330.4,1330.4,1.0150701999664307
ca-GrQc,spread_cv,1,node+edge+subgraph,0.4,6,0.6594058138346767,56,1330.4,1330.4,1.0045650005340576
ca-GrQc,spread_cv,1,node+edge+subgraph,0.4,7,0.6640691330576352,56,1330.4,1330.4,0.9834859371185303
ca-GrQc,spread_cv,1,node+edge+subgraph,0.4,8,0.6528621285260489,56,1330.4,1330.4,0.9820294380187988
ca-GrQc,spread_cv,1,node+edge+subgraph,0.4,9,0.6604586422298139,56,1330.4,1330.4,0.9822490215301514
ca-GrQc,spread_cv,1,node+edge+subgraph,0.6,0,0.6612090134931061,56,1996.0,1996.0,1.337291955947876
ca-GrQc,spread_cv,1,node+edge+subgraph,0.6,1,0.67024135567589,56,1996.0,1996.0,1.324643611907959
ca-GrQc,spread_cv,1,node+edge+subgraph,0.6,2,0.6639693908732839,56,1996.0,1996.0,1.3484902381896973
ca-GrQc,spread_cv,1,node+edge+subgraph,0.6,3,0.6584424983257932,56,1996.0,1996.0,1.366684913635254
ca-GrQc,spread_cv,1,node+edge+subgraph,0.6,4,0.6662929039162049,56,1996.0,1996.0,1.359330415725708
ca-GrQc,spread_cv,1,node+edge+subgraph,0.6,5,0.6634840033844362,56,1996.0,1996.0,1.3361356258392334
ca-GrQc,spread_cv,1,node+edge+subgraph,0.6,6,0.6675776883930252,56,1996.0,1996.0,1.4049794673919678
ca-GrQc,spread_cv,1,node+edge+subgraph,0.6,7,0.6644401727363952,56,1996.0,1996.0,1.3892998695373535
ca-GrQc,spread_cv,1,node+edge+subgraph,0.6,8,0.6590624483616747,56,1996.0,1996.0,1.3914718627929688
ca-GrQc,spread_cv,1,node+edge+subgraph,0.6,9,0.6683127800151341,56,1996.0,1996.0,1.3880958557128906
ca-GrQc,spread_cv,1,node+edge+subgraph,0.8,0,0.6681471667402467,56,2661.4,2661.4,1.7163827419281006
ca-GrQc,spread_cv,1,node+edge+subgraph,0.8,1,0.6657361593038282,56,2661.4,2661.4,1.7138018608093262
ca-GrQc,spread_cv,1,node+edge+subgraph,0.8,2,0.6718780539351359,56,2661.4,2661.4,1.7060811519622803
ca-GrQc,spread_cv,1,node+edge+subgraph,0.8,3,0.6657458778702893,56,2661.4,2661.4,1.7013919353485107
ca-GrQc,spread_cv,1,node+edge+subgraph,0.8,4,0.6737455849907802,56,2661.4,2661.4,1.7583184242248535
ca-GrQc,spread_cv,1,node+edge+subgraph,0.8,5,0.6664201317737846,56,2661.4,2661.4,1.705568790435791
ca-GrQc,spread_cv,1,node+edge+subgraph,0.8,6,0.6669992571645502,56,2661.4,2661.4,1.7167110443115234
ca-GrQc,spread_cv,1,node+edge+subgraph,0.8,7,0.6681047392954281,56,2661.4,2661.4,1.7200303077697754
ca-GrQc,spread_cv,1,node+edge+subgraph,0.8,8,0.6672779783133812,56,2661.4,2661.4,1.7084496021270752
ca-GrQc,spread_cv,1,node+edge+subgraph,0.8,9,0.6670175035409898,56,2661.4,2661.4,1.7473530769348145
ca-GrQc,spread_cv,1,node+edge+subgraph,1.0,0,0.6721406265558569,56,3326.4,3326.4,2.1048169136047363
ca-GrQc,spread_cv,1,node+edge+subgraph,1.0,1,0.6719537191551601,56,3326.4,3326.4,2.0568621158599854
ca-GrQc,spread_cv,1,node+edge+subgraph,1.0,2,0.6746697416309038,56,3326.4,3326.4,2.0925304889678955
ca-GrQc,spread_cv,1,node+edge+subgraph,1.0,3,0.668019316018359,56,3326.4,3326.4,2.1520023345947266
ca-GrQc,spread_cv,1,node+edge+subgraph,1.0,4,0.6735479146498371,56,3326.4,3326.4,2.1792781352996826
ca-GrQc,spread_cv,1,node+edge+subgraph,1.0,5,0.668862777646295,56,3326.4,3326.4,2.150730609893799
ca-GrQc,spread_cv,1,node+edge+subgraph,1.0,6,0.6734182466915896,56,3326.4,3326.4,2.1709001064300537
ca-GrQc,spread_cv,1,node+edge+subgraph,1.0,7,0.6720683596691573,56,3326.4,3326.4,2.2209312915802
ca-GrQc,spread_cv,1,node+edge+subgraph,1.0,8,0.6716804359321583,56,3326.4,3326.4,2.254377603530884
ca-GrQc,spread_cv,1,node+edge+subgraph,1.0,9,0.6735279112229515,56,3326.4,3326.4,2.2853610515594482
ca-GrQc,spread_cv,2,node+edge+subgraph,0.05,0,0.7651343471145787,144,166.0,166.0,0.8415052890777588
ca-GrQc,spread_cv,2,node+edge+subgraph,0.05,1,0.7862776323524252,144,166.0,166.0,0.870802640914917
ca-GrQc,spread_cv,2,node+edge+subgraph,0.05,2,0.7717641203487322,144,166.0,166.0,0.7442712783813477
ca-GrQc,spread_cv,2,node+edge+subgraph,0.05,3,0.7574998206018428,144,166.0,166.0,0.6883163452148438
ca-GrQc,spread_cv,2,node+edge+subgraph,0.05,4,0.7627080894182493,144,166.0,166.0,0.7032134532928467
ca-GrQc,spread_cv,2,node+edge+subgraph,0.05,5,0.7584636199876932,144,166.0,166.0,0.7106561660766602
ca-GrQc,spread_cv,2,node+edge+subgraph,0.05,6,0.7711905243508993,144,166.0,166.0,0.7112362384796143
ca-GrQc,spread_cv,2,node+edge+subgraph,0.05,7,0.7763145467042486,144,166.0,166.0,0.6935060024261475
ca-GrQc,spread_cv,2,node+edge+subgraph,0.05,8,0.7624517112054993,144,166.0,166.0,0.6922745704650879
ca-GrQc,spread_cv,2,node+edge+subgraph,0.05,9,0.7652125347972595,144,166.0,166.0,0.7214956283569336
ca-GrQc,spread_cv,2,node+edge+subgraph,0.1,0,0.7777603891222236,144,333.0,333.0,0.7912788391113281
ca-GrQc,spread_cv,2,node+edge+subgraph,0.1,1,0.7797271008038406,144,333.0,333.0,0.7908098697662354
ca-GrQc,spread_cv,2,node+edge+subgraph,0.1,2,0.7878119519763715,144,333.0,333.0,0.8253002166748047
ca-GrQc,spread_cv,2,node+edge+subgraph,0.1,3,0.7776444515673004,144,333.0,333.0,0.7992227077484131
ca-GrQc,spread_cv,2,node+edge+subgraph,0.1,4,0.7782550729732924,144,333.0,333.0,0.7886662483215332
ca-GrQc,spread_cv,2,node+edge+subgraph,0.1,5,0.7893742175167198,144,333.0,333.0,0.795621395111084
ca-GrQc,spread_cv,2,node+edge+subgraph,0.1,6,0.7815084353821571,144,333.0,333.0,0.8066513538360596
ca-GrQc,spread_cv,2,node+edge+subgraph,0.1,7,0.785892801438099,144,333.0,333.0,0.8095672130584717
ca-GrQc,spread_cv,2,node+edge+subgraph,0.1,8,0.782737786629696,144,333.0,333.0,0.7815885543823242
ca-GrQc,spread_cv,2,node+edge+subgraph,0.1,9,0.790183752014393,144,333.0,333.0,0.8187713623046875
ca-GrQc,spread_cv,2,node+edge+subgraph,0.2,0,0.7950437487546467,144,665.0,665.0,1.2271583080291748
ca-GrQc,spread_cv,2,node+edge+subgraph,0.2,1,0.7907604419361035,144,665.0,665.0,1.215710163116455
ca-GrQc,spread_cv,2,node+edge+subgraph,0.2,2,0.7883484299029878,144,665.0,665.0,1.226717472076416
ca-GrQc,spread_cv,2,node+edge+subgraph,0.2,3,0.7887866019592683,144,665.0,665.0,1.2705538272857666
ca-GrQc,spread_cv,2,node+edge+subgraph,0.2,4,0.7963087250372743,144,665.0,665.0,1.1780729293823242
ca-GrQc,spread_cv,2,node+edge+subgraph,0.2,5,0.7963877116416663,144,665.0,665.0,1.1599035263061523
ca-GrQc,spread_cv,2,node+edge+subgraph,0.2,6,0.7907057343076801,144,665.0,665.0,1.1703636646270752
ca-GrQc,spread_cv,2,node+edge+subgraph,0.2,7,0.789234056492524,144,665.0,665.0,1.1709022521972656
ca-GrQc,spread_cv,2,node+edge+subgraph,0.2,8,0.798410219322702,144,665.0,665.0,1.1905803680419922
ca-GrQc,spread_cv,2,node+edge+subgraph,0.2,9,0.78893795392115,144,665.0,665.0,1.1709036827087402
ca-GrQc,spread_cv,2,node+edge+subgraph,0.4,0,0.8014802893508639,144,1330.4,1330.4,2.206984758377075
ca-GrQc,spread_cv,2,node+edge+subgraph,0.4,1,0.7987850675768636,144,1330.4,1330.4,2.212855339050293
ca-GrQc,spread_cv,2,node+edge+subgraph,0.4,2,0.7931043982499731,144,1330.4,1330.4,2.1980550289154053
ca-GrQc,spread_cv,2,node+edge+subgraph,0.4,3,0.7937155397300788,144,1330.4,1330.4,2.2293882369995117
ca-GrQc,spread_cv,2,node+edge+subgraph,0.4,4,0.7967245741574412,144,1330.4,1330.4,2.231654167175293
ca-GrQc,spread_cv,2,node+edge+subgraph,0.4,5,0.7951971697445164,144,1330.4,1330.4,2.2341136932373047
ca-GrQc,spread_cv,2,node+edge+subgraph,0.4,6,0.8008217445612765,144,1330.4,1330.4,2.1804776191711426
ca-GrQc,spread_cv,2,node+edge+subgraph,0.4,7,0.7975747397682063,144,1330.4,1330.4,2.1764748096466064
ca-GrQc,spread_cv,2,node+edge+subgraph,0.4,8,0.7888311729938079,144,1330.4,1330.4,2.2935333251953125
ca-GrQc,spread_cv,2,node+edge+subgraph,0.4,9,0.7979196284227094,144,1330.4,1330.4,2.2651121616363525
ca-GrQc,spread_cv,2,node+edge+subgraph,0.6,0,0.8060799367821323,144,1996.0,1996.0,3.3875930309295654
ca-GrQc,spread_cv,2,node+edge+subgraph,0.6,1,0.8029998648801189,144,1996.0,1996.0,3.4915103912353516
ca-GrQc,spread_cv,2,node+edge+subgraph,0.6,2,0.8021976334207218,144,1996.0,1996.0,3.312608480453491
ca-GrQc,spread_cv,2,node+edge+subgraph,0.6,3,0.7985497063057648,144,1996.0,1996.0,3.3457300662994385
ca-GrQc,spread_cv,2,node+edge+subgraph,0.6,4,0.7995982467272876,144,1996.0,1996.0,3.358684778213501
ca-GrQc,spread_cv,2,node+edge+subgraph,0.6,5,0.8015266410617128,144,1996.0,1996.0,3.314148426055908
ca-GrQc,spread_cv,2,node+edge+subgraph,0.6,6,0.8006266532145234,144,1996.0,1996.0,3.3006975650787354
ca-GrQc,spread_cv,2,node+edge+subgraph,0.6,7,0.7958045032079762,144,1996.0,1996.0,3.3538460731506348
ca-GrQc,spread_cv,2,node+edge+subgraph,0.6,8,0.799907383779854,144,1996.0,1996.0,3.433070659637451
ca-GrQc,spread_cv,2,node+edge+subgraph,0.6,9,0.8024127448904679,144,1996.0,1996.0,3.3744537830352783
ca-GrQc,spread_cv,2,node+edge+subgraph,0.8,0,0.8046806701859598,144,2661.4,2661.4,4.502393960952759
ca-GrQc,spread_cv,2,node+edge+subgraph,0.8,1,0.8021613207205879,144,2661.4,2661.4,4.492804050445557
ca-GrQc,spread_cv,2,node+edge+subgraph,0.8,2,0.8038860157679145,144,2661.4,2661.4,4.438450336456299
ca-GrQc,spread_cv,2,node+edge+subgraph,0.8,3,0.8032109060279584,144,2661.4,2661.4,4.471880197525024
ca-GrQc,spread_cv,2,node+edge+subgraph,0.8,4,0.802096640617627,144,2661.4,2661.4,4.458966970443726
ca-GrQc,spread_cv,2,node+edge+subgraph,0.8,5,0.8027720770395051,144,2661.4,2661.4,4.5304107666015625
ca-GrQc,spread_cv,2,node+edge+subgraph,0.8,6,0.8038289513218647,144,2661.4,2661.4,4.544936895370483
ca-GrQc,spread_cv,2,node+edge+subgraph,0.8,7,0.802932913913449,144,2661.4,2661.4,4.514044523239136
ca-GrQc,spread_cv,2,node+edge+subgraph,0.8,8,0.8014577760458355,144,2661.4,2661.4,4.523878335952759
ca-GrQc,spread_cv,2,node+edge+subgraph,0.8,9,0.8018987499548565,144,2661.4,2661.4,4.532167196273804
ca-GrQc,spread_cv,2,node+edge+subgraph,1.0,0,0.8078825085430902,144,3326.4,3326.4,5.65731143951416
ca-GrQc,spread_cv,2,node+edge+subgraph,1.0,1,0.8037967982013405,144,3326.4,3326.4,5.7437903881073
ca-GrQc,spread_cv,2,node+edge+subgraph,1.0,2,0.8042979518712445,144,3326.4,3326.4,5.782505750656128
ca-GrQc,spread_cv,2,node+edge+subgraph,1.0,3,0.8040734268710537,144,3326.4,3326.4,5.73888087272644
ca-GrQc,spread_cv,2,node+edge+subgraph,1.0,4,0.8063496052667072,144,3326.4,3326.4,5.658475160598755
ca-GrQc,spread_cv,2,node+edge+subgraph,1.0,5,0.8021168438885156,144,3326.4,3326.4,5.621429920196533
ca-GrQc,spread_cv,2,node+edge+subgraph,1.0,6,0.8065456502388636,144,3326.4,3326.4,5.706460237503052
ca-GrQc,spread_cv,2,node+edge+subgraph,1.0,7,0.8026008888644001,144,3326.4,3326.4,5.674240350723267
ca-GrQc,spread_cv,2,node+edge+subgraph,1.0,8,0.8038074443153963,144,3326.4,3326.4,5.696364641189575
ca-GrQc,spread_cv,2,node+edge+subgraph,1.0,9,0.8038411000199557,144,3326.4,3326.4,5.754154443740845
ca-GrQc,spread_cv,3,node+edge+subgraph,0.05,0,0.7877631633289164,168,166.0,166.0,0.6943275928497314
ca-GrQc,spread_cv,3,node+edge+subgraph,0.05,1,0.8013333287734782,168,166.0,166.0,0.7044837474822998
ca-GrQc,spread_cv,3,node+edge+subgraph,0.05,2,0.7895041503758301,168,166.0,166.0,0.6813449859619141
ca-GrQc,spread_cv,3,node+edge+subgraph,0.05,3,0.791034648168691,168,166.0,166.0,0.7161152362823486
ca-GrQc,spread_cv,3,node+edge+subgraph,0.05,4,0.7881035260287333,168,166.0,166.0,0.7360403537750244
ca-GrQc,spread_cv,3,node+edge+subgraph,0.05,5,0.7804253995428003,168,166.0,166.0,0.699899435043335
ca-GrQc,spread_cv,3,node+edge+subgraph,0.05,6,0.7991988538188655,168,166.0,166.0,0.7061336040496826
ca-GrQc,spread_cv,3,node+edge+subgraph,0.05,7,0.7935071068685303,168,166.0,166.0,0.6940250396728516
ca-GrQc,spread_cv,3,node+edge+subgraph,0.05,8,0.7925052966335273,168,166.0,166.0,0.7009420394897461
ca-GrQc,spread_cv,3,node+edge+subgraph,0.05,9,0.7872955169625605,168,166.0,166.0,0.6994724273681641
ca-GrQc,spread_cv,3,node+edge+subgraph,0.1,0,0.802059728947062,168,333.0,333.0,0.8551537990570068
ca-GrQc,spread_cv,3,node+edge+subgraph,0.1,1,0.8044358946369052,168,333.0,333.0,0.8310840129852295
ca-GrQc,spread_cv,3,node+edge+subgraph,0.1,2,0.8151040401272464,168,333.0,333.0,0.8338336944580078
ca-GrQc,spread_cv,3,node+edge+subgraph,0.1,3,0.7945926687839068,168,333.0,333.0,0.861417293548584
ca-GrQc,spread_cv,3,node+edge+subgraph,0.1,4,0.8038429208957526,168,333.0,333.0,0.8753490447998047
ca-GrQc,spread_cv,3,node+edge+subgraph,0.1,5,0.8089297510907467,168,333.0,333.0,0.9042036533355713
ca-GrQc,spread_cv,3,node+edge+subgraph,0.1,6,0.8077144313621403,168,333.0,333.0,0.9149527549743652
ca-GrQc,spread_cv,3,node+edge+subgraph,0.1,7,0.8117920911787764,168,333.0,333.0,0.8726382255554199
ca-GrQc,spread_cv,3,node+edge+subgraph,0.1,8,0.809677484938035,168,333.0,333.0,0.8336741924285889
ca-GrQc,spread_cv,3,node+edge+subgraph,0.1,9,0.810136655441364,168,333.0,333.0,0.8854272365570068
ca-GrQc,spread_cv,3,node+edge+subgraph,0.2,0,0.8168868958624227,168,665.0,665.0,1.3496673107147217
ca-GrQc,spread_cv,3,node+edge+subgraph,0.2,1,0.8150206155674952,168,665.0,665.0,1.3365521430969238
ca-GrQc,spread_cv,3,node+edge+subgraph,0.2,2,0.8087107740742111,168,665.0,665.0,1.337345838546753
ca-GrQc,spread_cv,3,node+edge+subgraph,0.2,3,0.8130128012405438,168,665.0,665.0,1.357271671295166
ca-GrQc,spread_cv,3,node+edge+subgraph,0.2,4,0.8207910405812266,168,665.0,665.0,1.3493010997772217
ca-GrQc,spread_cv,3,node+edge+subgraph,0.2,5,0.8200764132838163,168,665.0,665.0,1.318547010421753
ca-GrQc,spread_cv,3,node+edge+subgraph,0.2,6,0.81394197937062,168,665.0,665.0,1.3458199501037598
ca-GrQc,spread_cv,3,node+edge+subgraph,0.2,7,0.8134612611655935,168,665.0,665.0,1.3657503128051758
ca-GrQc,spread_cv,3,node+edge+subgraph,0.2,8,0.818455069317264,168,665.0,665.0,1.3458352088928223
ca-GrQc,spread_cv,3,node+edge+subgraph,0.2,9,0.8106845752511231,168,665.0,665.0,1.3568603992462158
ca-GrQc,spread_cv,3,node+edge+subgraph,0.4,0,0.8193020469328108,168,1330.4,1330.4,2.6633243560791016
ca-GrQc,spread_cv,3,node+edge+subgraph,0.4,1,0.8211321358492814,168,1330.4,1330.4,2.6290788650512695
ca-GrQc,spread_cv,3,node+edge+subgraph,0.4,2,0.8136434941961884,168,1330.4,1330.4,2.608778715133667
ca-GrQc,spread_cv,3,node+edge+subgraph,0.4,3,0.8173622649106951,168,1330.4,1330.4,2.6325395107269287
ca-GrQc,spread_cv,3,node+edge+subgraph,0.4,4,0.8162597484258423,168,1330.4,1330.4,2.7069311141967773
ca-GrQc,spread_cv,3,node+edge+subgraph,0.4,5,0.8205764270133122,168,1330.4,1330.4,2.701157569885254
ca-GrQc,spread_cv,3,node+edge+subgraph,0.4,6,0.8218475188349497,168,1330.4,1330.4,2.688915729522705
ca-GrQc,spread_cv,3,node+edge+subgraph,0.4,7,0.8200055475448018,168,1330.4,1330.4,2.6914901733398438
ca-GrQc,spread_cv,3,node+edge+subgraph,0.4,8,0.815169980920655,168,1330.4,1330.4,2.685535192489624
ca-GrQc,spread_cv,3,node+edge+subgraph,0.4,9,0.8195618614359859,168,1330.4,1330.4,2.71150541305542
ca-GrQc,spread_cv,3,node+edge+subgraph,0.6,0,0.8243702539509694,168,1996.0,1996.0,4.060425043106079
ca-GrQc,spread_cv,3,node+edge+subgraph,0.6,1,0.8214069996766885,168,1996.0,1996.0,4.067305564880371
ca-GrQc,spread_cv,3,node+edge+subgraph,0.6,2,0.8185513140500821,168,1996.0,1996.0,3.9964826107025146
ca-GrQc,spread_cv,3,node+edge+subgraph,0.6,3,0.8172217901441121,168,1996.0,1996.0,4.059878349304199
ca-GrQc,spread_cv,3,node+edge+subgraph,0.6,4,0.8202657069145911,168,1996.0,1996.0,4.083923578262329
ca-GrQc,spread_cv,3,node+edge+subgraph,0.6,5,0.818449171815597,168,1996.0,1996.0,4.104568958282471
ca-GrQc,spread_cv,3,node+edge+subgraph,0.6,6,0.8195621990283533,168,1996.0,1996.0,4.057809114456177
ca-GrQc,spread_cv,3,node+edge+subgraph,0.6,7,0.819199496538346,168,1996.0,1996.0,3.958688259124756
ca-GrQc,spread_cv,3,node+edge+subgraph,0.6,8,0.8199218456651124,168,1996.0,1996.0,4.021407604217529
ca-GrQc,spread_cv,3,node+edge+subgraph,0.6,9,0.8202623155368463,168,1996.0,1996.0,4.009833574295044
ca-GrQc,spread_cv,3,node+edge+subgraph,0.8,0,0.8230016066310886,168,2661.4,2661.4,5.521741628646851
ca-GrQc,spread_cv,3,node+edge+subgraph,0.8,1,0.8198805934784936,168,2661.4,2661.4,5.543138027191162
ca-GrQc,spread_cv,3,node+edge+subgraph,0.8,2,0.8188945166173157,168,2661.4,2661.4,5.633072137832642
ca-GrQc,spread_cv,3,node+edge+subgraph,0.8,3,0.8206653890349754,168,2661.4,2661.4,5.487780809402466
ca-GrQc,spread_cv,3,node+edge+subgraph,0.8,4,0.8206792625367398,168,2661.4,2661.4,5.50622820854187
ca-GrQc,spread_cv,3,node+edge+subgraph,0.8,5,0.8196708624366521,168,2661.4,2661.4,5.598888635635376
ca-GrQc,spread_cv,3,node+edge+subgraph,0.8,6,0.8228951788617306,168,2661.4,2661.4,5.704676389694214
ca-GrQc,spread_cv,3,node+edge+subgraph,0.8,7,0.8203788350192243,168,2661.4,2661.4,5.608909368515015
ca-GrQc,spread_cv,3,node+edge+subgraph,0.8,8,0.8202534787522797,168,2661.4,2661.4,5.767082214355469
ca-GrQc,spread_cv,3,node+edge+subgraph,0.8,9,0.8192494381856688,168,2661.4,2661.4,6.202808380126953
ca-GrQc,spread_cv,3,node+edge+subgraph,1.0,0,0.8236070143735317,168,3326.4,3326.4,7.35587477684021
ca-GrQc,spread_cv,3,node+edge+subgraph,1.0,1,0.819931669966002,168,3326.4,3326.4,7.136811017990112
ca-GrQc,spread_cv,3,node+edge+subgraph,1.0,2,0.8185307172675577,168,3326.4,3326.4,7.110216856002808
ca-GrQc,spread_cv,3,node+edge+subgraph,1.0,3,0.819843831503889,168,3326.4,3326.4,7.120647430419922
ca-GrQc,spread_cv,3,node+edge+subgraph,1.0,4,0.8204568635703802,168,3326.4,3326.4,7.106302738189697
ca-GrQc,spread_cv,3,node+edge+subgraph,1.0,5,0.8199504233895285,168,3326.4,3326.4,7.115285873413086
ca-GrQc,spread_cv,3,node+edge+subgraph,1.0,6,0.8232999408203875,168,3326.4,3326.4,7.008183479309082
ca-GrQc,spread_cv,3,node+edge+subgraph,1.0,7,0.8194371693444414,168,3326.4,3326.4,7.036247968673706
ca-GrQc,spread_cv,3,node+edge+subgraph,1.0,8,0.8197489706364215,168,3326.4,3326.4,6.915653467178345
ca-GrQc,spread_cv,3,node+edge+subgraph,1.0,9,0.819853388192216,168,3326.4,3326.4,7.08660101890564
ca-GrQc,spread_resid,0,node+edge+subgraph,0.05,0,0.1681538845547865,2,166.0,165.4,0.6559908390045166
ca-GrQc,spread_resid,0,node+edge+subgraph,0.05,1,0.16559990009227177,2,166.0,163.8,0.6835949420928955
ca-GrQc,spread_resid,0,node+edge+subgraph,0.05,2,0.19219260006634503,2,166.0,165.2,0.6448500156402588
ca-GrQc,spread_resid,0,node+edge+subgraph,0.05,3,0.1698586322208677,2,166.0,165.4,0.6444618701934814
ca-GrQc,spread_resid,0,node+edge+subgraph,0.05,4,0.18243213988667847,2,166.0,165.2,0.6251041889190674
ca-GrQc,spread_resid,0,node+edge+subgraph,0.05,5,0.14409246543996818,2,166.0,164.8,0.6489424705505371
ca-GrQc,spread_resid,0,node+edge+subgraph,0.05,6,0.18118665234629447,2,166.0,165.2,0.6296341419219971
ca-GrQc,spread_resid,0,node+edge+subgraph,0.05,7,0.1818300953558097,2,166.0,165.6,0.6234500408172607
ca-GrQc,spread_resid,0,node+edge+subgraph,0.05,8,0.15120093122810166,2,166.0,165.8,0.6300997734069824
ca-GrQc,spread_resid,0,node+edge+subgraph,0.05,9,0.1732443989088482,2,166.0,165.6,0.6181502342224121
ca-GrQc,spread_resid,0,node+edge+subgraph,0.1,0,0.19401303295990485,2,333.0,330.8,0.6114461421966553
ca-GrQc,spread_resid,0,node+edge+subgraph,0.1,1,0.19474190264399124,2,333.0,331.8,0.6285028457641602
ca-GrQc,spread_resid,0,node+edge+subgraph,0.1,2,0.2014047304023822,2,333.0,330.4,0.6344037055969238
ca-GrQc,spread_resid,0,node+edge+subgraph,0.1,3,0.20482168800218914,2,333.0,330.4,0.6120855808258057
ca-GrQc,spread_resid,0,node+edge+subgraph,0.1,4,0.18012925402978497,2,333.0,331.0,0.6177208423614502
ca-GrQc,spread_resid,0,node+edge+subgraph,0.1,5,0.178559028892912,2,333.0,331.0,0.6192426681518555
ca-GrQc,spread_resid,0,node+edge+subgraph,0.1,6,0.18903633211741186,2,333.0,331.2,0.6315455436706543
ca-GrQc,spread_resid,0,node+edge+subgraph,0.1,7,0.2012142230473153,2,333.0,331.2,0.6224374771118164
ca-GrQc,spread_resid,0,node+edge+subgraph,0.1,8,0.18836875942572628,2,333.0,331.0,0.6415433883666992
ca-GrQc,spread_resid,0,node+edge+subgraph,0.1,9,0.1964309425207969,2,333.0,331.2,0.6158668994903564
ca-GrQc,spread_resid,0,node+edge+subgraph,0.2,0,0.21021962682724232,2,665.0,661.6,0.6570854187011719
ca-GrQc,spread_resid,0,node+edge+subgraph,0.2,1,0.2059888699611865,2,665.0,661.0,0.6454718112945557
ca-GrQc,spread_resid,0,node+edge+subgraph,0.2,2,0.1886668083786391,2,665.0,662.0,0.6412503719329834
ca-GrQc,spread_resid,0,node+edge+subgraph,0.2,3,0.2213053959534524,2,665.0,661.2,0.6578104496002197
ca-GrQc,spread_resid,0,node+edge+subgraph,0.2,4,0.214095692458305,2,665.0,662.0,0.6321144104003906
ca-GrQc,spread_resid,0,node+edge+subgraph,0.2,5,0.21430884533087335,2,665.0,661.2,0.669783353805542
ca-GrQc,spread_resid,0,node+edge+subgraph,0.2,6,0.215243819092895,2,665.0,662.0,0.6629290580749512
ca-GrQc,spread_resid,0,node+edge+subgraph,0.2,7,0.20420060808009594,2,665.0,661.0,0.6763396263122559
ca-GrQc,spread_resid,0,node+edge+subgraph,0.2,8,0.21603158331020209,2,665.0,662.4,0.6657254695892334
ca-GrQc,spread_resid,0,node+edge+subgraph,0.2,9,0.20304191512155406,2,665.0,660.0,0.6643543243408203
ca-GrQc,spread_resid,0,node+edge+subgraph,0.4,0,0.21355315888092224,2,1330.4,1322.8,0.6521577835083008
ca-GrQc,spread_resid,0,node+edge+subgraph,0.4,1,0.2250538207737067,2,1330.4,1323.0,0.660468339920044
ca-GrQc,spread_resid,0,node+edge+subgraph,0.4,2,0.22753291280821353,2,1330.4,1324.6,0.6704630851745605
ca-GrQc,spread_resid,0,node+edge+subgraph,0.4,3,0.21724671405824345,2,1330.4,1325.2,0.6474716663360596
ca-GrQc,spread_resid,0,node+edge+subgraph,0.4,4,0.22485549407931435,2,1330.4,1324.6,0.6640255451202393
ca-GrQc,spread_resid,0,node+edge+subgraph,0.4,5,0.2247839707210623,2,1330.4,1323.2,0.6758847236633301
ca-GrQc,spread_resid,0,node+edge+subgraph,0.4,6,0.21809654876979231,2,1330.4,1323.8,0.6608626842498779
ca-GrQc,spread_resid,0,node+edge+subgraph,0.4,7,0.2202120351745704,2,1330.4,1323.6,0.692633867263794
ca-GrQc,spread_resid,0,node+edge+subgraph,0.4,8,0.21524261229102948,2,1330.4,1322.8,0.7116825580596924
ca-GrQc,spread_resid,0,node+edge+subgraph,0.4,9,0.21719573690789956,2,1330.4,1323.2,0.6504652500152588
ca-GrQc,spread_resid,0,node+edge+subgraph,0.6,0,0.21944178335576742,2,1996.0,1986.6,0.6701226234436035
ca-GrQc,spread_resid,0,node+edge+subgraph,0.6,1,0.22616498290424034,2,1996.0,1986.0,0.7105612754821777
ca-GrQc,spread_resid,0,node+edge+subgraph,0.6,2,0.22376642597486843,2,1996.0,1985.4,0.7114486694335938
ca-GrQc,spread_resid,0,node+edge+subgraph,0.6,3,0.22652802272698686,2,1996.0,1984.8,0.6950340270996094
ca-GrQc,spread_resid,0,node+edge+subgraph,0.6,4,0.22147424508857552,2,1996.0,1985.6,0.7276921272277832
ca-GrQc,spread_resid,0,node+edge+subgraph,0.6,5,0.22650923669365422,2,1996.0,1985.6,0.6982326507568359
ca-GrQc,spread_resid,0,node+edge+subgraph,0.6,6,0.22491263144665577,2,1996.0,1986.8,0.6629557609558105
ca-GrQc,spread_resid,0,node+edge+subgraph,0.6,7,0.22118952779445294,2,1996.0,1986.0,0.6700866222381592
ca-GrQc,spread_resid,0,node+edge+subgraph,0.6,8,0.22214882491646798,2,1996.0,1985.4,0.6689531803131104
ca-GrQc,spread_resid,0,node+edge+subgraph,0.6,9,0.22363726996216474,2,1996.0,1985.8,0.674222469329834
ca-GrQc,spread_resid,0,node+edge+subgraph,0.8,0,0.21592599415000105,2,2661.4,2648.8,0.6858086585998535
ca-GrQc,spread_resid,0,node+edge+subgraph,0.8,1,0.2266623924437018,2,2661.4,2648.2,0.6895391941070557
ca-GrQc,spread_resid,0,node+edge+subgraph,0.8,2,0.2258503812469585,2,2661.4,2649.6,0.6825709342956543
ca-GrQc,spread_resid,0,node+edge+subgraph,0.8,3,0.22769389784941405,2,2661.4,2647.8,0.6957473754882812
ca-GrQc,spread_resid,0,node+edge+subgraph,0.8,4,0.22278643768165393,2,2661.4,2648.8,0.681344747543335
ca-GrQc,spread_resid,0,node+edge+subgraph,0.8,5,0.22375248437019302,2,2661.4,2648.2,0.6815853118896484
ca-GrQc,spread_resid,0,node+edge+subgraph,0.8,6,0.2227001735224027,2,2661.4,2647.4,0.7117538452148438
ca-GrQc,spread_resid,0,node+edge+subgraph,0.8,7,0.22110580098381538,2,2661.4,2647.4,0.6788547039031982
ca-GrQc,spread_resid,0,node+edge+subgraph,0.8,8,0.22894865533892508,2,2661.4,2647.8,0.6788299083709717
ca-GrQc,spread_resid,0,node+edge+subgraph,0.8,9,0.22079275284591132,2,2661.4,2647.8,0.6836540699005127
ca-GrQc,spread_resid,0,node+edge+subgraph,1.0,0,0.21814628318824014,2,3326.4,3309.6,0.6781153678894043
ca-GrQc,spread_resid,0,node+edge+subgraph,1.0,1,0.22309154355425978,2,3326.4,3309.6,0.6892006397247314
ca-GrQc,spread_resid,0,node+edge+subgraph,1.0,2,0.22370555121043675,2,3326.4,3309.6,0.6762855052947998
ca-GrQc,spread_resid,0,node+edge+subgraph,1.0,3,0.225906717384084,2,3326.4,3309.6,0.6719324588775635
ca-GrQc,spread_resid,0,node+edge+subgraph,1.0,4,0.22489934750192891,2,3326.4,3309.6,0.6721792221069336
ca-GrQc,spread_resid,0,node+edge+subgraph,1.0,5,0.22726327629940224,2,3326.4,3309.6,0.6752762794494629
ca-GrQc,spread_resid,0,node+edge+subgraph,1.0,6,0.22158707911457826,2,3326.4,3309.6,0.6911053657531738
ca-GrQc,spread_resid,0,node+edge+subgraph,1.0,7,0.2237055053131688,2,3326.4,3309.6,0.7385711669921875
ca-GrQc,spread_resid,0,node+edge+subgraph,1.0,8,0.22764509178983458,2,3326.4,3309.6,0.6690611839294434
ca-GrQc,spread_resid,0,node+edge+subgraph,1.0,9,0.22379626412128226,2,3326.4,3309.6,0.6966390609741211
ca-GrQc,spread_resid,1,node+edge+subgraph,0.05,0,0.4351890031158944,56,166.0,165.4,0.6518850326538086
ca-GrQc,spread_resid,1,node+edge+subgraph,0.05,1,0.4359789281571244,56,166.0,163.8,0.635979413986206
ca-GrQc,spread_resid,1,node+edge+subgraph,0.05,2,0.4387487462274106,56,166.0,165.2,0.6520068645477295
ca-GrQc,spread_resid,1,node+edge+subgraph,0.05,3,0.42816830335488143,56,166.0,165.4,0.6277635097503662
ca-GrQc,spread_resid,1,node+edge+subgraph,0.05,4,0.45172250701011646,56,166.0,165.2,0.640216588973999
ca-GrQc,spread_resid,1,node+edge+subgraph,0.05,5,0.4137736955584433,56,166.0,164.8,0.647918701171875
ca-GrQc,spread_resid,1,node+edge+subgraph,0.05,6,0.4101511591712696,56,166.0,165.2,0.6631374359130859
ca-GrQc,spread_resid,1,node+edge+subgraph,0.05,7,0.43917426896254785,56,166.0,165.6,0.6557388305664062
ca-GrQc,spread_resid,1,node+edge+subgraph,0.05,8,0.4310024242658059,56,166.0,165.8,0.6891639232635498
ca-GrQc,spread_resid,1,node+edge+subgraph,0.05,9,0.42833581874573745,56,166.0,165.6,0.6508522033691406
ca-GrQc,spread_resid,1,node+edge+subgraph,0.1,0,0.4286957756470131,56,333.0,330.8,0.6731688976287842
ca-GrQc,spread_resid,1,node+edge+subgraph,0.1,1,0.44535669750138834,56,333.0,331.8,0.6788527965545654
ca-GrQc,spread_resid,1,node+edge+subgraph,0.1,2,0.44356483926380585,56,333.0,330.4,0.6787066459655762
ca-GrQc,spread_resid,1,node+edge+subgraph,0.1,3,0.43913749760428206,56,333.0,330.4,0.6614739894866943
ca-GrQc,spread_resid,1,node+edge+subgraph,0.1,4,0.4365818208260725,56,333.0,331.0,0.6687936782836914
ca-GrQc,spread_resid,1,node+edge+subgraph,0.1,5,0.44894983739947597,56,333.0,331.0,0.675440788269043
ca-GrQc,spread_resid,1,node+edge+subgraph,0.1,6,0.45011283145746356,56,333.0,331.2,0.7303740978240967
ca-GrQc,spread_resid,1,node+edge+subgraph,0.1,7,0.44531593303583256,56,333.0,331.2,0.7025678157806396
ca-GrQc,spread_resid,1,node+edge+subgraph,0.1,8,0.4581818798325849,56,333.0,331.0,0.7039029598236084
ca-GrQc,spread_resid,1,node+edge+subgraph,0.1,9,0.4548061636280663,56,333.0,331.2,0.7368869781494141
ca-GrQc,spread_resid,1,node+edge+subgraph,0.2,0,0.4684503556630922,56,665.0,661.6,0.7802903652191162
ca-GrQc,spread_resid,1,node+edge+subgraph,0.2,1,0.45780575313338756,56,665.0,661.0,0.76778244972229
ca-GrQc,spread_resid,1,node+edge+subgraph,0.2,2,0.4562785546686986,56,665.0,662.0,0.7587080001831055
ca-GrQc,spread_resid,1,node+edge+subgraph,0.2,3,0.454826689321857,56,665.0,661.2,0.7956082820892334
ca-GrQc,spread_resid,1,node+edge+subgraph,0.2,4,0.4675629301212572,56,665.0,662.0,0.7807080745697021
ca-GrQc,spread_resid,1,node+edge+subgraph,0.2,5,0.4572805818220314,56,665.0,661.2,0.7527740001678467
ca-GrQc,spread_resid,1,node+edge+subgraph,0.2,6,0.4684433262565447,56,665.0,662.0,0.7648987770080566
ca-GrQc,spread_resid,1,node+edge+subgraph,0.2,7,0.4754885785344083,56,665.0,661.0,0.764197587966919
ca-GrQc,spread_resid,1,node+edge+subgraph,0.2,8,0.47776006043627556,56,665.0,662.4,0.7639269828796387
ca-GrQc,spread_resid,1,node+edge+subgraph,0.2,9,0.45793017574051986,56,665.0,660.0,0.7779281139373779
ca-GrQc,spread_resid,1,node+edge+subgraph,0.4,0,0.4704547754860561,56,1330.4,1322.8,1.0009615421295166
ca-GrQc,spread_resid,1,node+edge+subgraph,0.4,1,0.4785506475727039,56,1330.4,1323.0,1.0132339000701904
ca-GrQc,spread_resid,1,node+edge+subgraph,0.4,2,0.46878216215220575,56,1330.4,1324.6,1.0021390914916992
ca-GrQc,spread_resid,1,node+edge+subgraph,0.4,3,0.47379745467658557,56,1330.4,1325.2,0.9960014820098877
ca-GrQc,spread_resid,1,node+edge+subgraph,0.4,4,0.48913448895502426,56,1330.4,1324.6,1.0006635189056396
ca-GrQc,spread_resid,1,node+edge+subgraph,0.4,5,0.46742921736486887,56,1330.4,1323.2,1.0180749893188477
ca-GrQc,spread_resid,1,node+edge+subgraph,0.4,6,0.4846310892178652,56,1330.4,1323.8,1.0715439319610596
ca-GrQc,spread_resid,1,node+edge+subgraph,0.4,7,0.4813551837057175,56,1330.4,1323.6,1.0750463008880615
ca-GrQc,spread_resid,1,node+edge+subgraph,0.4,8,0.477587473762461,56,1330.4,1322.8,1.0260429382324219
ca-GrQc,spread_resid,1,node+edge+subgraph,0.4,9,0.4769583726996914,56,1330.4,1323.2,1.0075290203094482
ca-GrQc,spread_resid,1,node+edge+subgraph,0.6,0,0.4862418716109335,56,1996.0,1986.6,1.4102332592010498
ca-GrQc,spread_resid,1,node+edge+subgraph,0.6,1,0.49304665873099923,56,1996.0,1986.0,1.3576672077178955
ca-GrQc,spread_resid,1,node+edge+subgraph,0.6,2,0.4855315659679288,56,1996.0,1985.4,1.395005226135254
ca-GrQc,spread_resid,1,node+edge+subgraph,0.6,3,0.48965434479291614,56,1996.0,1984.8,1.3542420864105225
ca-GrQc,spread_resid,1,node+edge+subgraph,0.6,4,0.4871022094704974,56,1996.0,1985.6,1.3731484413146973
ca-GrQc,spread_resid,1,node+edge+subgraph,0.6,5,0.4897028630401239,56,1996.0,1985.6,1.3675713539123535
ca-GrQc,spread_resid,1,node+edge+subgraph,0.6,6,0.4881861484359393,56,1996.0,1986.8,1.3888418674468994
ca-GrQc,spread_resid,1,node+edge+subgraph,0.6,7,0.49030538056773654,56,1996.0,1986.0,1.43599534034729
ca-GrQc,spread_resid,1,node+edge+subgraph,0.6,8,0.485706690698611,56,1996.0,1985.4,1.4384069442749023
ca-GrQc,spread_resid,1,node+edge+subgraph,0.6,9,0.4957195091551137,56,1996.0,1985.8,1.4220099449157715
ca-GrQc,spread_resid,1,node+edge+subgraph,0.8,0,0.49115500022132175,56,2661.4,2648.8,1.808713436126709
ca-GrQc,spread_resid,1,node+edge+subgraph,0.8,1,0.49500879465622105,56,2661.4,2648.2,1.7581806182861328
ca-GrQc,spread_resid,1,node+edge+subgraph,0.8,2,0.497153284773153,56,2661.4,2649.6,1.7525708675384521
ca-GrQc,spread_resid,1,node+edge+subgraph,0.8,3,0.48520462926098523,56,2661.4,2647.8,1.793870449066162
ca-GrQc,spread_resid,1,node+edge+subgraph,0.8,4,0.4953544678056169,56,2661.4,2648.8,1.785132884979248
ca-GrQc,spread_resid,1,node+edge+subgraph,0.8,5,0.4947993124153346,56,2661.4,2648.2,1.7745387554168701
ca-GrQc,spread_resid,1,node+edge+subgraph,0.8,6,0.49566881090449855,56,2661.4,2647.4,1.7855839729309082
ca-GrQc,spread_resid,1,node+edge+subgraph,0.8,7,0.4939551776588043,56,2661.4,2647.4,1.8023035526275635
ca-GrQc,spread_resid,1,node+edge+subgraph,0.8,8,0.49250951937579635,56,2661.4,2647.8,1.7431998252868652
ca-GrQc,spread_resid,1,node+edge+subgraph,0.8,9,0.4926463149646625,56,2661.4,2647.8,1.8379666805267334
ca-GrQc,spread_resid,1,node+edge+subgraph,1.0,0,0.4962232120395193,56,3326.4,3309.6,2.160740852355957
ca-GrQc,spread_resid,1,node+edge+subgraph,1.0,1,0.49963371360418124,56,3326.4,3309.6,2.191235065460205
ca-GrQc,spread_resid,1,node+edge+subgraph,1.0,2,0.5005243678992716,56,3326.4,3309.6,2.1591341495513916
ca-GrQc,spread_resid,1,node+edge+subgraph,1.0,3,0.49320805279134183,56,3326.4,3309.6,2.216609001159668
ca-GrQc,spread_resid,1,node+edge+subgraph,1.0,4,0.500175460642032,56,3326.4,3309.6,2.2191104888916016
ca-GrQc,spread_resid,1,node+edge+subgraph,1.0,5,0.4968329850563828,56,3326.4,3309.6,2.2089428901672363
ca-GrQc,spread_resid,1,node+edge+subgraph,1.0,6,0.5017293346590779,56,3326.4,3309.6,2.2251625061035156
ca-GrQc,spread_resid,1,node+edge+subgraph,1.0,7,0.4999432706792205,56,3326.4,3309.6,2.2792561054229736
ca-GrQc,spread_resid,1,node+edge+subgraph,1.0,8,0.4989697762107824,56,3326.4,3309.6,2.1764159202575684
ca-GrQc,spread_resid,1,node+edge+subgraph,1.0,9,0.49792562603612517,56,3326.4,3309.6,2.2154946327209473
ca-GrQc,spread_resid,2,node+edge+subgraph,0.05,0,0.5730481065869705,144,166.0,165.4,0.6900973320007324
ca-GrQc,spread_resid,2,node+edge+subgraph,0.05,1,0.5818994424024868,144,166.0,163.8,0.7448525428771973
ca-GrQc,spread_resid,2,node+edge+subgraph,0.05,2,0.5694411531141012,144,166.0,165.2,0.7035253047943115
ca-GrQc,spread_resid,2,node+edge+subgraph,0.05,3,0.5655285790561713,144,166.0,165.4,0.6911566257476807
ca-GrQc,spread_resid,2,node+edge+subgraph,0.05,4,0.5451073722000429,144,166.0,165.2,0.7229161262512207
ca-GrQc,spread_resid,2,node+edge+subgraph,0.05,5,0.5628823730382625,144,166.0,164.8,0.7020926475524902
ca-GrQc,spread_resid,2,node+edge+subgraph,0.05,6,0.5575010358823094,144,166.0,165.2,0.6969974040985107
ca-GrQc,spread_resid,2,node+edge+subgraph,0.05,7,0.5691605817923703,144,166.0,165.6,0.6913108825683594
ca-GrQc,spread_resid,2,node+edge+subgraph,0.05,8,0.5545899184968246,144,166.0,165.8,0.6998684406280518
ca-GrQc,spread_resid,2,node+edge+subgraph,0.05,9,0.5670254243579138,144,166.0,165.6,0.692570686340332
ca-GrQc,spread_resid,2,node+edge+subgraph,0.1,0,0.5956687872969681,144,333.0,330.8,0.8176648616790771
ca-GrQc,spread_resid,2,node+edge+subgraph,0.1,1,0.5818119102112228,144,333.0,331.8,0.8062443733215332
ca-GrQc,spread_resid,2,node+edge+subgraph,0.1,2,0.5918791013799228,144,333.0,330.4,0.8637688159942627
ca-GrQc,spread_resid,2,node+edge+subgraph,0.1,3,0.5976334888088496,144,333.0,330.4,0.7870299816131592
ca-GrQc,spread_resid,2,node+edge+subgraph,0.1,4,0.5829963216035752,144,333.0,331.0,0.7878520488739014
ca-GrQc,spread_resid,2,node+edge+subgraph,0.1,5,0.6013311144184992,144,333.0,331.0,0.8378486633300781
ca-GrQc,spread_resid,2,node+edge+subgraph,0.1,6,0.5986018283805352,144,333.0,331.2,1.0559120178222656
ca-GrQc,spread_resid,2,node+edge+subgraph,0.1,7,0.5875636440747393,144,333.0,331.2,1.1861035823822021
ca-GrQc,spread_resid,2,node+edge+subgraph,0.1,8,0.5912332439756677,144,333.0,331.0,1.1567509174346924
ca-GrQc,spread_resid,2,node+edge+subgraph,0.1,9,0.6060057612637975,144,333.0,331.2,1.1030540466308594
ca-GrQc,spread_resid,2,node+edge+subgraph,0.2,0,0.6217737325812164,144,665.0,661.6,1.53865385055542
ca-GrQc,spread_resid,2,node+edge+subgraph,0.2,1,0.6228187752516896,144,665.0,661.0,1.3810524940490723
ca-GrQc,spread_resid,2,node+edge+subgraph,0.2,2,0.6201364116178331,144,665.0,662.0,1.384617805480957
ca-GrQc,spread_resid,2,node+edge+subgraph,0.2,3,0.6226009256126578,144,665.0,661.2,1.3552818298339844
ca-GrQc,spread_resid,2,node+edge+subgraph,0.2,4,0.6207401823232587,144,665.0,662.0,1.3679511547088623
ca-GrQc,spread_resid,2,node+edge+subgraph,0.2,5,0.6281625322484313,144,665.0,661.2,1.2526612281799316
ca-GrQc,spread_resid,2,node+edge+subgraph,0.2,6,0.6208067218800776,144,665.0,662.0,1.2594232559204102
ca-GrQc,spread_resid,2,node+edge+subgraph,0.2,7,0.6254769430831186,144,665.0,661.0,1.2061247825622559
ca-GrQc,spread_resid,2,node+edge+subgraph,0.2,8,0.6221144948257193,144,665.0,662.4,1.2529733180999756
ca-GrQc,spread_resid,2,node+edge+subgraph,0.2,9,0.6253044578750067,144,665.0,660.0,1.2602777481079102
ca-GrQc,spread_resid,2,node+edge+subgraph,0.4,0,0.6387795359924257,144,1330.4,1322.8,2.409414291381836
ca-GrQc,spread_resid,2,node+edge+subgraph,0.4,1,0.6323003553395988,144,1330.4,1323.0,2.5972607135772705
ca-GrQc,spread_resid,2,node+edge+subgraph,0.4,2,0.632524347429751,144,1330.4,1324.6,2.438554286956787
ca-GrQc,spread_resid,2,node+edge+subgraph,0.4,3,0.6355241637630084,144,1330.4,1325.2,2.3942904472351074
ca-GrQc,spread_resid,2,node+edge+subgraph,0.4,4,0.6395904331995733,144,1330.4,1324.6,2.512345790863037
ca-GrQc,spread_resid,2,node+edge+subgraph,0.4,5,0.6364764995390599,144,1330.4,1323.2,3.076439142227173
ca-GrQc,spread_resid,2,node+edge+subgraph,0.4,6,0.6376849898255866,144,1330.4,1323.8,3.1752889156341553
ca-GrQc,spread_resid,2,node+edge+subgraph,0.4,7,0.6375147933602439,144,1330.4,1323.6,3.003718614578247
ca-GrQc,spread_resid,2,node+edge+subgraph,0.4,8,0.6291395963999231,144,1330.4,1322.8,2.703545570373535
ca-GrQc,spread_resid,2,node+edge+subgraph,0.4,9,0.6395917336626067,144,1330.4,1323.2,2.599745035171509
ca-GrQc,spread_resid,2,node+edge+subgraph,0.6,0,0.6466715456775459,144,1996.0,1986.6,3.737541675567627
ca-GrQc,spread_resid,2,node+edge+subgraph,0.6,1,0.6454005340668673,144,1996.0,1986.0,3.7249386310577393
ca-GrQc,spread_resid,2,node+edge+subgraph,0.6,2,0.645333864474601,144,1996.0,1985.4,4.19143533706665
ca-GrQc,spread_resid,2,node+edge+subgraph,0.6,3,0.6474549599169285,144,1996.0,1984.8,4.900721311569214
ca-GrQc,spread_resid,2,node+edge+subgraph,0.6,4,0.6448570338870002,144,1996.0,1985.6,4.586202621459961
ca-GrQc,spread_resid,2,node+edge+subgraph,0.6,5,0.6486586220290945,144,1996.0,1985.6,4.202519416809082
ca-GrQc,spread_resid,2,node+edge+subgraph,0.6,6,0.6424267945486439,144,1996.0,1986.8,4.0313942432403564
ca-GrQc,spread_resid,2,node+edge+subgraph,0.6,7,0.6475505694334123,144,1996.0,1986.0,3.832489490509033
ca-GrQc,spread_resid,2,node+edge+subgraph,0.6,8,0.646694398170428,144,1996.0,1985.4,3.5533015727996826
ca-GrQc,spread_resid,2,node+edge+subgraph,0.6,9,0.6468859538699143,144,1996.0,1985.8,3.5069475173950195
ca-GrQc,spread_resid,2,node+edge+subgraph,0.8,0,0.6509277405611936,144,2661.4,2648.8,4.681464195251465
ca-GrQc,spread_resid,2,node+edge+subgraph,0.8,1,0.651190769278329,144,2661.4,2648.2,4.886727809906006
ca-GrQc,spread_resid,2,node+edge+subgraph,0.8,2,0.6491417740221341,144,2661.4,2649.6,4.698685646057129
ca-GrQc,spread_resid,2,node+edge+subgraph,0.8,3,0.6510964759777189,144,2661.4,2647.8,4.693575859069824
ca-GrQc,spread_resid,2,node+edge+subgraph,0.8,4,0.6493951782442927,144,2661.4,2648.8,4.6733033657073975
ca-GrQc,spread_resid,2,node+edge+subgraph,0.8,5,0.6506875486399749,144,2661.4,2648.2,4.888533592224121
ca-GrQc,spread_resid,2,node+edge+subgraph,0.8,6,0.6534281039370236,144,2661.4,2647.4,4.922513246536255
ca-GrQc,spread_resid,2,node+edge+subgraph,0.8,7,0.6478935448621719,144,2661.4,2647.4,5.26302170753479
ca-GrQc,spread_resid,2,node+edge+subgraph,0.8,8,0.6444148242858672,144,2661.4,2647.8,4.991831541061401
ca-GrQc,spread_resid,2,node+edge+subgraph,0.8,9,0.644556554610302,144,2661.4,2647.8,4.857060194015503
ca-GrQc,spread_resid,2,node+edge+subgraph,1.0,0,0.6547267112771958,144,3326.4,3309.6,6.053227186203003
ca-GrQc,spread_resid,2,node+edge+subgraph,1.0,1,0.6509591885001474,144,3326.4,3309.6,5.946274757385254
ca-GrQc,spread_resid,2,node+edge+subgraph,1.0,2,0.651234342280843,144,3326.4,3309.6,6.006805658340454
ca-GrQc,spread_resid,2,node+edge+subgraph,1.0,3,0.6533607653414797,144,3326.4,3309.6,5.938225269317627
ca-GrQc,spread_resid,2,node+edge+subgraph,1.0,4,0.6527371478478423,144,3326.4,3309.6,6.468151569366455
ca-GrQc,spread_resid,2,node+edge+subgraph,1.0,5,0.6504593609317134,144,3326.4,3309.6,7.448491096496582
ca-GrQc,spread_resid,2,node+edge+subgraph,1.0,6,0.6540789570532094,144,3326.4,3309.6,6.814714670181274
ca-GrQc,spread_resid,2,node+edge+subgraph,1.0,7,0.6510224435105053,144,3326.4,3309.6,6.507178783416748
ca-GrQc,spread_resid,2,node+edge+subgraph,1.0,8,0.652554407341084,144,3326.4,3309.6,7.6259143352508545
ca-GrQc,spread_resid,2,node+edge+subgraph,1.0,9,0.6508361950414551,144,3326.4,3309.6,7.48677921295166
ca-GrQc,spread_resid,3,node+edge+subgraph,0.05,0,0.594995893698526,168,166.0,165.4,0.9341444969177246
ca-GrQc,spread_resid,3,node+edge+subgraph,0.05,1,0.6051293961529054,168,166.0,163.8,0.8439390659332275
ca-GrQc,spread_resid,3,node+edge+subgraph,0.05,2,0.607367143407353,168,166.0,165.2,0.851999044418335
ca-GrQc,spread_resid,3,node+edge+subgraph,0.05,3,0.5930779219019586,168,166.0,165.4,0.7909340858459473
ca-GrQc,spread_resid,3,node+edge+subgraph,0.05,4,0.5938517847279133,168,166.0,165.2,0.8026609420776367
ca-GrQc,spread_resid,3,node+edge+subgraph,0.05,5,0.5923258768004164,168,166.0,164.8,0.8270976543426514
ca-GrQc,spread_resid,3,node+edge+subgraph,0.05,6,0.611289236546225,168,166.0,165.2,0.7938196659088135
ca-GrQc,spread_resid,3,node+edge+subgraph,0.05,7,0.6063075599926238,168,166.0,165.6,0.8207998275756836
ca-GrQc,spread_resid,3,node+edge+subgraph,0.05,8,0.5923365555874852,168,166.0,165.8,0.7874464988708496
ca-GrQc,spread_resid,3,node+edge+subgraph,0.05,9,0.600806686854192,168,166.0,165.6,0.7793385982513428
ca-GrQc,spread_resid,3,node+edge+subgraph,0.1,0,0.6270302220803973,168,333.0,330.8,0.932661771774292
ca-GrQc,spread_resid,3,node+edge+subgraph,0.1,1,0.6234138276065866,168,333.0,331.8,1.0430386066436768
ca-GrQc,spread_resid,3,node+edge+subgraph,0.1,2,0.6298681391476518,168,333.0,330.4,1.0781691074371338
ca-GrQc,spread_resid,3,node+edge+subgraph,0.1,3,0.6321388070402649,168,333.0,330.4,0.9543368816375732
ca-GrQc,spread_resid,3,node+edge+subgraph,0.1,4,0.6145653091973394,168,333.0,331.0,0.9563381671905518
ca-GrQc,spread_resid,3,node+edge+subgraph,0.1,5,0.635190257173832,168,333.0,331.0,1.0023298263549805
ca-GrQc,spread_resid,3,node+edge+subgraph,0.1,6,0.634241150675803,168,333.0,331.2,0.9888286590576172
ca-GrQc,spread_resid,3,node+edge+subgraph,0.1,7,0.6320813818953186,168,333.0,331.2,0.9816136360168457
ca-GrQc,spread_resid,3,node+edge+subgraph,0.1,8,0.6289846576413063,168,333.0,331.0,0.9854919910430908
ca-GrQc,spread_resid,3,node+edge+subgraph,0.1,9,0.6320185439032323,168,333.0,331.2,0.9569978713989258
ca-GrQc,spread_resid,3,node+edge+subgraph,0.2,0,0.6518682096137132,168,665.0,661.6,1.5603852272033691
ca-GrQc,spread_resid,3,node+edge+subgraph,0.2,1,0.650254899641855,168,665.0,661.0,1.5296123027801514
ca-GrQc,spread_resid,3,node+edge+subgraph,0.2,2,0.6494184260823783,168,665.0,662.0,1.547616958618164
ca-GrQc,spread_resid,3,node+edge+subgraph,0.2,3,0.6478883719731998,168,665.0,661.2,1.5418727397918701
ca-GrQc,spread_resid,3,node+edge+subgraph,0.2,4,0.6457982082891337,168,665.0,662.0,1.5763134956359863
ca-GrQc,spread_resid,3,node+edge+subgraph,0.2,5,0.6548066647128646,168,665.0,661.2,1.5304465293884277
ca-GrQc,spread_resid,3,node+edge+subgraph,0.2,6,0.6518563416409981,168,665.0,662.0,1.520639181137085
ca-GrQc,spread_resid,3,node+edge+subgraph,0.2,7,0.6508230476268257,168,665.0,661.0,1.4893124103546143
ca-GrQc,spread_resid,3,node+edge+subgraph,0.2,8,0.6486219907258759,168,665.0,662.4,1.5750133991241455
ca-GrQc,spread_resid,3,node+edge+subgraph,0.2,9,0.643858372500378,168,665.0,660.0,1.4968435764312744
ca-GrQc,spread_resid,3,node+edge+subgraph,0.4,0,0.6617309677288524,168,1330.4,1322.8,3.221719264984131
ca-GrQc,spread_resid,3,node+edge+subgraph,0.4,1,0.6610436447277495,168,1330.4,1323.0,3.2355806827545166
ca-GrQc,spread_resid,3,node+edge+subgraph,0.4,2,0.6553911027305953,168,1330.4,1324.6,3.1562697887420654
ca-GrQc,spread_resid,3,node+edge+subgraph,0.4,3,0.6644217817415279,168,1330.4,1325.2,3.6919984817504883
ca-GrQc,spread_resid,3,node+edge+subgraph,0.4,4,0.6637156207539672,168,1330.4,1324.6,3.804226875305176
ca-GrQc,spread_resid,3,node+edge+subgraph,0.4,5,0.6638465303601683,168,1330.4,1323.2,3.655167818069458
ca-GrQc,spread_resid,3,node+edge+subgraph,0.4,6,0.666316632514015,168,1330.4,1323.8,3.347126007080078
ca-GrQc,spread_resid,3,node+edge+subgraph,0.4,7,0.6643430223379952,168,1330.4,1323.6,3.2205538749694824
ca-GrQc,spread_resid,3,node+edge+subgraph,0.4,8,0.6566874290392053,168,1330.4,1322.8,3.158541440963745
ca-GrQc,spread_resid,3,node+edge+subgraph,0.4,9,0.6623734946091747,168,1330.4,1323.2,3.0965585708618164
ca-GrQc,spread_resid,3,node+edge+subgraph,0.6,0,0.6711538584979981,168,1996.0,1986.6,4.792747974395752
ca-GrQc,spread_resid,3,node+edge+subgraph,0.6,1,0.6673386152656409,168,1996.0,1986.0,4.894511938095093
ca-GrQc,spread_resid,3,node+edge+subgraph,0.6,2,0.6650414683868745,168,1996.0,1985.4,6.11128830909729
ca-GrQc,spread_resid,3,node+edge+subgraph,0.6,3,0.6671167546107791,168,1996.0,1984.8,6.518805503845215
ca-GrQc,spread_resid,3,node+edge+subgraph,0.6,4,0.6660571257220328,168,1996.0,1985.6,5.378640651702881
ca-GrQc,spread_resid,3,node+edge+subgraph,0.6,5,0.670674642902075,168,1996.0,1985.6,5.201839923858643
ca-GrQc,spread_resid,3,node+edge+subgraph,0.6,6,0.6713698542097134,168,1996.0,1986.8,5.758938312530518
ca-GrQc,spread_resid,3,node+edge+subgraph,0.6,7,0.6688600176548836,168,1996.0,1986.0,6.127276420593262
ca-GrQc,spread_resid,3,node+edge+subgraph,0.6,8,0.6689101736477651,168,1996.0,1985.4,5.301697731018066
ca-GrQc,spread_resid,3,node+edge+subgraph,0.6,9,0.6642974283214191,168,1996.0,1985.8,4.98443341255188
ca-GrQc,spread_resid,3,node+edge+subgraph,0.8,0,0.6715736684842882,168,2661.4,2648.8,7.178528547286987
ca-GrQc,spread_resid,3,node+edge+subgraph,0.8,1,0.670706804988999,168,2661.4,2648.2,8.133494853973389
ca-GrQc,spread_resid,3,node+edge+subgraph,0.8,2,0.6682995022131579,168,2661.4,2649.6,8.141889333724976
ca-GrQc,spread_resid,3,node+edge+subgraph,0.8,3,0.6686893042584016,168,2661.4,2647.8,7.541647434234619
ca-GrQc,spread_resid,3,node+edge+subgraph,0.8,4,0.6700545700704772,168,2661.4,2648.8,7.230929851531982
ca-GrQc,spread_resid,3,node+edge+subgraph,0.8,5,0.671471216156053,168,2661.4,2648.2,7.188338756561279
ca-GrQc,spread_resid,3,node+edge+subgraph,0.8,6,0.6758854695853244,168,2661.4,2647.4,7.03092360496521
ca-GrQc,spread_resid,3,node+edge+subgraph,0.8,7,0.6710525585726107,168,2661.4,2647.4,6.654492139816284
ca-GrQc,spread_resid,3,node+edge+subgraph,0.8,8,0.6677960766582485,168,2661.4,2647.8,6.723414897918701
ca-GrQc,spread_resid,3,node+edge+subgraph,0.8,9,0.6698708953974075,168,2661.4,2647.8,6.914690971374512
ca-GrQc,spread_resid,3,node+edge+subgraph,1.0,0,0.6731677430077534,168,3326.4,3309.6,8.967045783996582
ca-GrQc,spread_resid,3,node+edge+subgraph,1.0,1,0.6693592820877498,168,3326.4,3309.6,11.347907543182373
ca-GrQc,spread_resid,3,node+edge+subgraph,1.0,2,0.6686822830022383,168,3326.4,3309.6,12.943162679672241
ca-GrQc,spread_resid,3,node+edge+subgraph,1.0,3,0.6731461344444076,168,3326.4,3309.6,10.223272800445557
ca-GrQc,spread_resid,3,node+edge+subgraph,1.0,4,0.6727419042784396,168,3326.4,3309.6,9.546473503112793
ca-GrQc,spread_resid,3,node+edge+subgraph,1.0,5,0.6707998451479791,168,3326.4,3309.6,10.210040807723999
ca-GrQc,spread_resid,3,node+edge+subgraph,1.0,6,0.6747392086712509,168,3326.4,3309.6,10.032470226287842
ca-GrQc,spread_resid,3,node+edge+subgraph,1.0,7,0.6715906267205646,168,3326.4,3309.6,11.840699195861816
ca-GrQc,spread_resid,3,node+edge+subgraph,1.0,8,0.6722911131824241,168,3326.4,3309.6,10.8696768283844
ca-GrQc,spread_resid,3,node+edge+subgraph,1.0,9,0.6699039895215559,168,3326.4,3309.6,9.934003114700317
ca-HepTh,betweenness,0,node+edge+subgraph,0.05,0,0.6526146216562871,2,346.0,182.8,0.8991270065307617
ca-HepTh,betweenness,0,node+edge+subgraph,0.05,1,0.6564300710086521,2,346.0,180.2,0.9655442237854004
ca-HepTh,betweenness,0,node+edge+subgraph,0.05,2,0.6516870279294483,2,346.0,179.4,0.8412086963653564
ca-HepTh,betweenness,0,node+edge+subgraph,0.05,3,0.6543059540627829,2,346.0,178.2,1.0074739456176758
ca-HepTh,betweenness,0,node+edge+subgraph,0.05,4,0.6546832475615377,2,346.0,185.2,0.8816471099853516
ca-HepTh,betweenness,0,node+edge+subgraph,0.05,5,0.6431017345379696,2,346.0,175.6,1.0147621631622314
ca-HepTh,betweenness,0,node+edge+subgraph,0.05,6,0.6530579004880582,2,346.0,174.4,0.983978271484375
ca-HepTh,betweenness,0,node+edge+subgraph,0.05,7,0.6588121237300243,2,346.0,174.6,0.7248833179473877
ca-HepTh,betweenness,0,node+edge+subgraph,0.05,8,0.6573204594132924,2,346.0,175.6,0.7842822074890137
ca-HepTh,betweenness,0,node+edge+subgraph,0.05,9,0.6541354888398742,2,346.0,178.6,0.7667005062103271
ca-HepTh,betweenness,0,node+edge+subgraph,0.1,0,0.658548089528907,2,691.0,348.4,0.7447199821472168
ca-HepTh,betweenness,0,node+edge+subgraph,0.1,1,0.6592856172596198,2,691.0,361.6,0.9002685546875
ca-HepTh,betweenness,0,node+edge+subgraph,0.1,2,0.6590479197265896,2,691.0,356.2,0.8375973701477051
ca-HepTh,betweenness,0,node+edge+subgraph,0.1,3,0.6602528384450357,2,691.0,361.8,0.9083921909332275
ca-HepTh,betweenness,0,node+edge+subgraph,0.1,4,0.657308112209662,2,691.0,357.6,0.9241445064544678
ca-HepTh,betweenness,0,node+edge+subgraph,0.1,5,0.6570592290640036,2,691.0,351.6,0.8840723037719727
ca-HepTh,betweenness,0,node+edge+subgraph,0.1,6,0.6572320159598725,2,691.0,354.6,0.7825174331665039
ca-HepTh,betweenness,0,node+edge+subgraph,0.1,7,0.6583842854867126,2,691.0,363.4,0.7442531585693359
ca-HepTh,betweenness,0,node+edge+subgraph,0.1,8,0.6573756665386318,2,691.0,356.8,0.7345774173736572
ca-HepTh,betweenness,0,node+edge+subgraph,0.1,9,0.6588975414706152,2,691.0,340.2,0.8277809619903564
ca-HepTh,betweenness,0,node+edge+subgraph,0.2,0,0.6621282690898572,2,1382.0,715.2,0.7619752883911133
ca-HepTh,betweenness,0,node+edge+subgraph,0.2,1,0.6633921835994445,2,1382.0,703.2,0.7912836074829102
ca-HepTh,betweenness,0,node+edge+subgraph,0.2,2,0.6615444910858871,2,1382.0,713.0,0.783423900604248
ca-HepTh,betweenness,0,node+edge+subgraph,0.2,3,0.6602057867117759,2,1382.0,718.2,0.7467381954193115
ca-HepTh,betweenness,0,node+edge+subgraph,0.2,4,0.6600199225011744,2,1382.0,698.4,0.7615978717803955
ca-HepTh,betweenness,0,node+edge+subgraph,0.2,5,0.66111390578853,2,1382.0,701.2,0.7480206489562988
ca-HepTh,betweenness,0,node+edge+subgraph,0.2,6,0.6614524823159819,2,1382.0,714.6,0.7644357681274414
ca-HepTh,betweenness,0,node+edge+subgraph,0.2,7,0.6617209270522639,2,1382.0,716.2,0.757068395614624
ca-HepTh,betweenness,0,node+edge+subgraph,0.2,8,0.6616585260033074,2,1382.0,702.2,0.7642109394073486
ca-HepTh,betweenness,0,node+edge+subgraph,0.2,9,0.6622314677386565,2,1382.0,703.2,0.749077558517456
ca-HepTh,betweenness,0,node+edge+subgraph,0.4,0,0.662469977887081,2,2764.0,1422.2,0.7674477100372314
ca-HepTh,betweenness,0,node+edge+subgraph,0.4,1,0.6627000251994006,2,2764.0,1427.6,0.7640712261199951
ca-HepTh,betweenness,0,node+edge+subgraph,0.4,2,0.6610062337266686,2,2764.0,1409.8,0.7694714069366455
ca-HepTh,betweenness,0,node+edge+subgraph,0.4,3,0.6618612868788698,2,2764.0,1436.4,0.765617847442627
ca-HepTh,betweenness,0,node+edge+subgraph,0.4,4,0.6648001468475784,2,2764.0,1415.2,0.7638955116271973
ca-HepTh,betweenness,0,node+edge+subgraph,0.4,5,0.6623939596248852,2,2764.0,1424.2,0.7537460327148438
ca-HepTh,betweenness,0,node+edge+subgraph,0.4,6,0.6630767211763618,2,2764.0,1416.6,0.7885863780975342
ca-HepTh,betweenness,0,node+edge+subgraph,0.4,7,0.6627477521493349,2,2764.0,1423.2,0.8127396106719971
ca-HepTh,betweenness,0,node+edge+subgraph,0.4,8,0.661730509121916,2,2764.0,1429.8,0.7696545124053955
ca-HepTh,betweenness,0,node+edge+subgraph,0.4,9,0.6627197621929637,2,2764.0,1432.4,0.7597064971923828
ca-HepTh,betweenness,0,node+edge+subgraph,0.6,0,0.662446427788523,2,4146.4,2137.6,0.7980000972747803
ca-HepTh,betweenness,0,node+edge+subgraph,0.6,1,0.6633933563926799,2,4146.4,2144.8,0.7774951457977295
ca-HepTh,betweenness,0,node+edge+subgraph,0.6,2,0.6628621217958919,2,4146.4,2157.6,0.7825422286987305
ca-HepTh,betweenness,0,node+edge+subgraph,0.6,3,0.6632820738786406,2,4146.4,2123.4,0.7775712013244629
ca-HepTh,betweenness,0,node+edge+subgraph,0.6,4,0.66259474193297,2,4146.4,2134.4,0.7894055843353271
ca-HepTh,betweenness,0,node+edge+subgraph,0.6,5,0.6624609881459133,2,4146.4,2148.0,0.7928156852722168
ca-HepTh,betweenness,0,node+edge+subgraph,0.6,6,0.6623885299286633,2,4146.4,2137.0,0.7826404571533203
ca-HepTh,betweenness,0,node+edge+subgraph,0.6,7,0.6625597096887473,2,4146.4,2143.2,1.1231944561004639
ca-HepTh,betweenness,0,node+edge+subgraph,0.6,8,0.660210265443284,2,4146.4,2139.0,1.098503828048706
ca-HepTh,betweenness,0,node+edge+subgraph,0.6,9,0.6637508066957742,2,4146.4,2136.0,1.0410406589508057
ca-HepTh,betweenness,0,node+edge+subgraph,0.8,0,0.6613759714861918,2,5528.4,2842.2,0.9138867855072021
ca-HepTh,betweenness,0,node+edge+subgraph,0.8,1,0.6621475702402245,2,5528.4,2841.8,1.02392578125
ca-HepTh,betweenness,0,node+edge+subgraph,0.8,2,0.6619685729964865,2,5528.4,2838.0,0.945441722869873
ca-HepTh,betweenness,0,node+edge+subgraph,0.8,3,0.6615481577338838,2,5528.4,2858.8,0.8552167415618896
ca-HepTh,betweenness,0,node+edge+subgraph,0.8,4,0.6620701599149019,2,5528.4,2838.2,0.822016716003418
ca-HepTh,betweenness,0,node+edge+subgraph,0.8,5,0.662831367162253,2,5528.4,2844.4,0.9139983654022217
ca-HepTh,betweenness,0,node+edge+subgraph,0.8,6,0.6630609333526225,2,5528.4,2845.6,0.8301286697387695
ca-HepTh,betweenness,0,node+edge+subgraph,0.8,7,0.6625043197898965,2,5528.4,2844.2,1.038895845413208
ca-HepTh,betweenness,0,node+edge+subgraph,0.8,8,0.6612076035385024,2,5528.4,2844.6,1.5927574634552002
ca-HepTh,betweenness,0,node+edge+subgraph,0.8,9,0.661798869998804,2,5528.4,2850.2,1.0079164505004883
ca-HepTh,betweenness,0,node+edge+subgraph,1.0,0,0.6613323403675373,2,6910.4,3556.8,0.926044225692749
ca-HepTh,betweenness,0,node+edge+subgraph,1.0,1,0.6602000069459174,2,6910.4,3556.8,0.9264113903045654
ca-HepTh,betweenness,0,node+edge+subgraph,1.0,2,0.660974973452914,2,6910.4,3556.8,0.9058816432952881
ca-HepTh,betweenness,0,node+edge+subgraph,1.0,3,0.6605875822623632,2,6910.4,3556.8,0.8599169254302979
ca-HepTh,betweenness,0,node+edge+subgraph,1.0,4,0.6608054668848892,2,6910.4,3556.8,0.8494687080383301
ca-HepTh,betweenness,0,node+edge+subgraph,1.0,5,0.6624082977501019,2,6910.4,3556.8,1.017540454864502
ca-HepTh,betweenness,0,node+edge+subgraph,1.0,6,0.6608500464738655,2,6910.4,3556.8,0.9766783714294434
ca-HepTh,betweenness,0,node+edge+subgraph,1.0,7,0.6620609099607606,2,6910.4,3556.8,0.8843860626220703
ca-HepTh,betweenness,0,node+edge+subgraph,1.0,8,0.660404479681563,2,6910.4,3556.8,0.8034014701843262
ca-HepTh,betweenness,0,node+edge+subgraph,1.0,9,0.6617446094155199,2,6910.4,3556.8,0.8260242938995361
ca-HepTh,betweenness,1,node+edge+subgraph,0.05,0,0.8467374724900774,56,346.0,182.8,0.7774722576141357
ca-HepTh,betweenness,1,node+edge+subgraph,0.05,1,0.8476391040414106,56,346.0,180.2,0.7594995498657227
ca-HepTh,betweenness,1,node+edge+subgraph,0.05,2,0.841437855764959,56,346.0,179.4,0.7674181461334229
ca-HepTh,betweenness,1,node+edge+subgraph,0.05,3,0.8538081259105605,56,346.0,178.2,0.7622547149658203
ca-HepTh,betweenness,1,node+edge+subgraph,0.05,4,0.8460280644876339,56,346.0,185.2,0.7985789775848389
ca-HepTh,betweenness,1,node+edge+subgraph,0.05,5,0.8509010351495151,56,346.0,175.6,0.7808854579925537
ca-HepTh,betweenness,1,node+edge+subgraph,0.05,6,0.8476775767001561,56,346.0,174.4,0.8062748908996582
ca-HepTh,betweenness,1,node+edge+subgraph,0.05,7,0.8482182466757173,56,346.0,174.6,0.7966070175170898
ca-HepTh,betweenness,1,node+edge+subgraph,0.05,8,0.8467233309231149,56,346.0,175.6,0.7437129020690918
ca-HepTh,betweenness,1,node+edge+subgraph,0.05,9,0.8441365048519349,56,346.0,178.6,0.7734823226928711
ca-HepTh,betweenness,1,node+edge+subgraph,0.1,0,0.8741065475910168,56,691.0,348.4,0.939631462097168
ca-HepTh,betweenness,1,node+edge+subgraph,0.1,1,0.8648033799715484,56,691.0,361.6,0.8957889080047607
ca-HepTh,betweenness,1,node+edge+subgraph,0.1,2,0.8684767685562577,56,691.0,356.2,0.9198737144470215
ca-HepTh,betweenness,1,node+edge+subgraph,0.1,3,0.8754271451494994,56,691.0,361.8,0.9437711238861084
ca-HepTh,betweenness,1,node+edge+subgraph,0.1,4,0.8751982547923799,56,691.0,357.6,0.8885509967803955
ca-HepTh,betweenness,1,node+edge+subgraph,0.1,5,0.8684009953739397,56,691.0,351.6,0.9026162624359131
ca-HepTh,betweenness,1,node+edge+subgraph,0.1,6,0.8697971290184128,56,691.0,354.6,0.8693315982818604
ca-HepTh,betweenness,1,node+edge+subgraph,0.1,7,0.8666499998608257,56,691.0,363.4,0.8966922760009766
ca-HepTh,betweenness,1,node+edge+subgraph,0.1,8,0.8727223046880825,56,691.0,356.8,0.8747832775115967
ca-HepTh,betweenness,1,node+edge+subgraph,0.1,9,0.8651285119784932,56,691.0,340.2,0.9519951343536377
ca-HepTh,betweenness,1,node+edge+subgraph,0.2,0,0.880520161909733,56,1382.0,715.2,1.22200345993042
ca-HepTh,betweenness,1,node+edge+subgraph,0.2,1,0.8798057307404038,56,1382.0,703.2,1.139836311340332
ca-HepTh,betweenness,1,node+edge+subgraph,0.2,2,0.8768305848085599,56,1382.0,713.0,1.1284103393554688
ca-HepTh,betweenness,1,node+edge+subgraph,0.2,3,0.8782604267138924,56,1382.0,718.2,1.108720064163208
ca-HepTh,betweenness,1,node+edge+subgraph,0.2,4,0.8792665370726773,56,1382.0,698.4,1.131880521774292
ca-HepTh,betweenness,1,node+edge+subgraph,0.2,5,0.8779677673019083,56,1382.0,701.2,1.1111702919006348
ca-HepTh,betweenness,1,node+edge+subgraph,0.2,6,0.8835641368407671,56,1382.0,714.6,1.1058988571166992
ca-HepTh,betweenness,1,node+edge+subgraph,0.2,7,0.8829412818958583,56,1382.0,716.2,1.0856873989105225
ca-HepTh,betweenness,1,node+edge+subgraph,0.2,8,0.8815109865241089,56,1382.0,702.2,1.1086490154266357
ca-HepTh,betweenness,1,node+edge+subgraph,0.2,9,0.8800018216018239,56,1382.0,703.2,1.123589038848877
ca-HepTh,betweenness,1,node+edge+subgraph,0.4,0,0.889897159483802,56,2764.0,1422.2,1.8572885990142822
ca-HepTh,betweenness,1,node+edge+subgraph,0.4,1,0.8881548813065507,56,2764.0,1427.6,1.8078036308288574
ca-HepTh,betweenness,1,node+edge+subgraph,0.4,2,0.8881172503432624,56,2764.0,1409.8,1.8091819286346436
ca-HepTh,betweenness,1,node+edge+subgraph,0.4,3,0.889919194938398,56,2764.0,1436.4,1.783738374710083
ca-HepTh,betweenness,1,node+edge+subgraph,0.4,4,0.8943491921850627,56,2764.0,1415.2,1.823089361190796
ca-HepTh,betweenness,1,node+edge+subgraph,0.4,5,0.8891904661822738,56,2764.0,1424.2,1.8044617176055908
ca-HepTh,betweenness,1,node+edge+subgraph,0.4,6,0.8893852556603529,56,2764.0,1416.6,1.754164218902588
ca-HepTh,betweenness,1,node+edge+subgraph,0.4,7,0.8885926767449438,56,2764.0,1423.2,1.7284705638885498
ca-HepTh,betweenness,1,node+edge+subgraph,0.4,8,0.8908515272166686,56,2764.0,1429.8,1.7415027618408203
ca-HepTh,betweenness,1,node+edge+subgraph,0.4,9,0.8923171587109217,56,2764.0,1432.4,1.743283748626709
ca-HepTh,betweenness,1,node+edge+subgraph,0.6,0,0.894227665371401,56,4146.4,2137.6,2.6659693717956543
ca-HepTh,betweenness,1,node+edge+subgraph,0.6,1,0.8946306965617034,56,4146.4,2144.8,2.574803590774536
ca-HepTh,betweenness,1,node+edge+subgraph,0.6,2,0.8921045856132437,56,4146.4,2157.6,2.6438865661621094
ca-HepTh,betweenness,1,node+edge+subgraph,0.6,3,0.8943820612165668,56,4146.4,2123.4,2.556187391281128
ca-HepTh,betweenness,1,node+edge+subgraph,0.6,4,0.8954791698252321,56,4146.4,2134.4,2.599990129470825
ca-HepTh,betweenness,1,node+edge+subgraph,0.6,5,0.89152131038863,56,4146.4,2148.0,2.5347959995269775
ca-HepTh,betweenness,1,node+edge+subgraph,0.6,6,0.8923166502790658,56,4146.4,2137.0,2.4964921474456787
ca-HepTh,betweenness,1,node+edge+subgraph,0.6,7,0.8939796851337929,56,4146.4,2143.2,2.5264458656311035
ca-HepTh,betweenness,1,node+edge+subgraph,0.6,8,0.8953097145529104,56,4146.4,2139.0,2.496763229370117
ca-HepTh,betweenness,1,node+edge+subgraph,0.6,9,0.8943145249181957,56,4146.4,2136.0,2.525096893310547
ca-HepTh,betweenness,1,node+edge+subgraph,0.8,0,0.8963720517604804,56,5528.4,2842.2,3.326535701751709
ca-HepTh,betweenness,1,node+edge+subgraph,0.8,1,0.8966705773216396,56,5528.4,2841.8,3.497140645980835
ca-HepTh,betweenness,1,node+edge+subgraph,0.8,2,0.8971531453397004,56,5528.4,2838.0,4.019860744476318
ca-HepTh,betweenness,1,node+edge+subgraph,0.8,3,0.8966877067730589,56,5528.4,2858.8,4.366311550140381
ca-HepTh,betweenness,1,node+edge+subgraph,0.8,4,0.8968262028253532,56,5528.4,2838.2,4.322060823440552
ca-HepTh,betweenness,1,node+edge+subgraph,0.8,5,0.8956795062996799,56,5528.4,2844.4,3.868238925933838
ca-HepTh,betweenness,1,node+edge+subgraph,0.8,6,0.8956107585786088,56,5528.4,2845.6,3.4695749282836914
ca-HepTh,betweenness,1,node+edge+subgraph,0.8,7,0.8967945294252766,56,5528.4,2844.2,3.460312604904175
ca-HepTh,betweenness,1,node+edge+subgraph,0.8,8,0.8967498833317965,56,5528.4,2844.6,3.370755910873413
ca-HepTh,betweenness,1,node+edge+subgraph,0.8,9,0.8955004223418765,56,5528.4,2850.2,3.534324884414673
ca-HepTh,betweenness,1,node+edge+subgraph,1.0,0,0.8980203921480513,56,6910.4,3556.8,4.322571277618408
ca-HepTh,betweenness,1,node+edge+subgraph,1.0,1,0.8959832116048574,56,6910.4,3556.8,4.273361444473267
ca-HepTh,betweenness,1,node+edge+subgraph,1.0,2,0.8983014890630746,56,6910.4,3556.8,4.2144012451171875
ca-HepTh,betweenness,1,node+edge+subgraph,1.0,3,0.897438645912398,56,6910.4,3556.8,4.236756324768066
ca-HepTh,betweenness,1,node+edge+subgraph,1.0,4,0.8972576080745875,56,6910.4,3556.8,4.209904670715332
ca-HepTh,betweenness,1,node+edge+subgraph,1.0,5,0.8980137634427805,56,6910.4,3556.8,4.18792986869812
ca-HepTh,betweenness,1,node+edge+subgraph,1.0,6,0.8967237942349652,56,6910.4,3556.8,4.249706506729126
ca-HepTh,betweenness,1,node+edge+subgraph,1.0,7,0.8976008605316703,56,6910.4,3556.8,4.2418129444122314
ca-HepTh,betweenness,1,node+edge+subgraph,1.0,8,0.8973520386111632,56,6910.4,3556.8,4.23715353012085
ca-HepTh,betweenness,1,node+edge+subgraph,1.0,9,0.8973154737749032,56,6910.4,3556.8,4.236041784286499
ca-HepTh,betweenness,2,node+edge+subgraph,0.05,0,0.8308015534285589,144,346.0,182.8,0.9333291053771973
ca-HepTh,betweenness,2,node+edge+subgraph,0.05,1,0.8298616107483652,144,346.0,180.2,0.8888552188873291
ca-HepTh,betweenness,2,node+edge+subgraph,0.05,2,0.8265847709636843,144,346.0,179.4,0.8967795372009277
ca-HepTh,betweenness,2,node+edge+subgraph,0.05,3,0.8328363860159791,144,346.0,178.2,0.893242359161377
ca-HepTh,betweenness,2,node+edge+subgraph,0.05,4,0.8266124940602051,144,346.0,185.2,0.8898570537567139
ca-HepTh,betweenness,2,node+edge+subgraph,0.05,5,0.8330686176573026,144,346.0,175.6,0.9214894771575928
ca-HepTh,betweenness,2,node+edge+subgraph,0.05,6,0.8338795957814383,144,346.0,174.4,0.8795573711395264
ca-HepTh,betweenness,2,node+edge+subgraph,0.05,7,0.844666332071138,144,346.0,174.6,0.8670480251312256
ca-HepTh,betweenness,2,node+edge+subgraph,0.05,8,0.822068734407363,144,346.0,175.6,0.8965473175048828
ca-HepTh,betweenness,2,node+edge+subgraph,0.05,9,0.829403748536969,144,346.0,178.6,0.876805305480957
ca-HepTh,betweenness,2,node+edge+subgraph,0.1,0,0.8638881939331737,144,691.0,348.4,1.2751102447509766
ca-HepTh,betweenness,2,node+edge+subgraph,0.1,1,0.8629250634465921,144,691.0,361.6,1.2602324485778809
ca-HepTh,betweenness,2,node+edge+subgraph,0.1,2,0.8640935805435676,144,691.0,356.2,1.2573473453521729
ca-HepTh,betweenness,2,node+edge+subgraph,0.1,3,0.8537735844972196,144,691.0,361.8,1.2349333763122559
ca-HepTh,betweenness,2,node+edge+subgraph,0.1,4,0.870352430103819,144,691.0,357.6,1.3969502449035645
ca-HepTh,betweenness,2,node+edge+subgraph,0.1,5,0.8620283813374837,144,691.0,351.6,1.7033941745758057
ca-HepTh,betweenness,2,node+edge+subgraph,0.1,6,0.8587876855962331,144,691.0,354.6,1.76936936378479
ca-HepTh,betweenness,2,node+edge+subgraph,0.1,7,0.8663126310943203,144,691.0,363.4,1.5071461200714111
ca-HepTh,betweenness,2,node+edge+subgraph,0.1,8,0.865512323904275,144,691.0,356.8,1.5451035499572754
ca-HepTh,betweenness,2,node+edge+subgraph,0.1,9,0.8636709257634428,144,691.0,340.2,1.469003438949585
ca-HepTh,betweenness,2,node+edge+subgraph,0.2,0,0.8875049730486336,144,1382.0,715.2,2.737016439437866
ca-HepTh,betweenness,2,node+edge+subgraph,0.2,1,0.8877665288566005,144,1382.0,703.2,2.9136598110198975
ca-HepTh,betweenness,2,node+edge+subgraph,0.2,2,0.8829895708834163,144,1382.0,713.0,3.682521104812622
ca-HepTh,betweenness,2,node+edge+subgraph,0.2,3,0.8831477551580577,144,1382.0,718.2,2.89227294921875
ca-HepTh,betweenness,2,node+edge+subgraph,0.2,4,0.8810079021614168,144,1382.0,698.4,2.7241320610046387
ca-HepTh,betweenness,2,node+edge+subgraph,0.2,5,0.8873433236380045,144,1382.0,701.2,2.5922188758850098
ca-HepTh,betweenness,2,node+edge+subgraph,0.2,6,0.8870239142448518,144,1382.0,714.6,2.6851437091827393
ca-HepTh,betweenness,2,node+edge+subgraph,0.2,7,0.8837932139792893,144,1382.0,716.2,2.7561538219451904
ca-HepTh,betweenness,2,node+edge+subgraph,0.2,8,0.8848197020622657,144,1382.0,702.2,2.6958975791931152
ca-HepTh,betweenness,2,node+edge+subgraph,0.2,9,0.8881059440755176,144,1382.0,703.2,2.718703269958496
ca-HepTh,betweenness,2,node+edge+subgraph,0.4,0,0.903042716049483,144,2764.0,1422.2,5.175167083740234
ca-HepTh,betweenness,2,node+edge+subgraph,0.4,1,0.9004803360091139,144,2764.0,1427.6,5.148898124694824
ca-HepTh,betweenness,2,node+edge+subgraph,0.4,2,0.9005409163247766,144,2764.0,1409.8,5.1902759075164795
ca-HepTh,betweenness,2,node+edge+subgraph,0.4,3,0.9026620339737685,144,2764.0,1436.4,5.2123072147369385
ca-HepTh,betweenness,2,node+edge+subgraph,0.4,4,0.9017942134980123,144,2764.0,1415.2,5.365637302398682
ca-HepTh,betweenness,2,node+edge+subgraph,0.4,5,0.9021568558781531,144,2764.0,1424.2,5.3091559410095215
ca-HepTh,betweenness,2,node+edge+subgraph,0.4,6,0.902811472145041,144,2764.0,1416.6,5.466036081314087
ca-HepTh,betweenness,2,node+edge+subgraph,0.4,7,0.9017694028631544,144,2764.0,1423.2,5.8165998458862305
ca-HepTh,betweenness,2,node+edge+subgraph,0.4,8,0.9041975587220891,144,2764.0,1429.8,6.28945517539978
ca-HepTh,betweenness,2,node+edge+subgraph,0.4,9,0.9019963917653114,144,2764.0,1432.4,5.961544752120972
ca-HepTh,betweenness,2,node+edge+subgraph,0.6,0,0.9097254404792403,144,4146.4,2137.6,7.750186920166016
ca-HepTh,betweenness,2,node+edge+subgraph,0.6,1,0.9087925185566691,144,4146.4,2144.8,9.089815378189087
ca-HepTh,betweenness,2,node+edge+subgraph,0.6,2,0.9082427279036327,144,4146.4,2157.6,8.87642788887024
ca-HepTh,betweenness,2,node+edge+subgraph,0.6,3,0.9099590959936391,144,4146.4,2123.4,8.021855592727661
ca-HepTh,betweenness,2,node+edge+subgraph,0.6,4,0.9095714285078484,144,4146.4,2134.4,8.351674795150757
ca-HepTh,betweenness,2,node+edge+subgraph,0.6,5,0.9081134269485704,144,4146.4,2148.0,9.850477457046509
ca-HepTh,betweenness,2,node+edge+subgraph,0.6,6,0.9091128984286521,144,4146.4,2137.0,10.054420232772827
ca-HepTh,betweenness,2,node+edge+subgraph,0.6,7,0.9086986914278375,144,4146.4,2143.2,8.59945559501648
ca-HepTh,betweenness,2,node+edge+subgraph,0.6,8,0.9099328780910463,144,4146.4,2139.0,8.158684253692627
ca-HepTh,betweenness,2,node+edge+subgraph,0.6,9,0.9080633216451491,144,4146.4,2136.0,8.139344215393066
ca-HepTh,betweenness,2,node+edge+subgraph,0.8,0,0.912027825190764,144,5528.4,2842.2,14.19499945640564
ca-HepTh,betweenness,2,node+edge+subgraph,0.8,1,0.9131410108782466,144,5528.4,2841.8,13.49160385131836
ca-HepTh,betweenness,2,node+edge+subgraph,0.8,2,0.9125435609112007,144,5528.4,2838.0,12.015769004821777
ca-HepTh,betweenness,2,node+edge+subgraph,0.8,3,0.9124798188577772,144,5528.4,2858.8,10.770405769348145
ca-HepTh,betweenness,2,node+edge+subgraph,0.8,4,0.9135528154206877,144,5528.4,2838.2,10.16864013671875
ca-HepTh,betweenness,2,node+edge+subgraph,0.8,5,0.913230170913974,144,5528.4,2844.4,10.214787006378174
ca-HepTh,betweenness,2,node+edge+subgraph,0.8,6,0.9125638661387369,144,5528.4,2845.6,9.85284161567688
ca-HepTh,betweenness,2,node+edge+subgraph,0.8,7,0.9131417397431042,144,5528.4,2844.2,9.681823015213013
ca-HepTh,betweenness,2,node+edge+subgraph,0.8,8,0.9142083184504206,144,5528.4,2844.6,9.975027799606323
ca-HepTh,betweenness,2,node+edge+subgraph,0.8,9,0.9122660774778872,144,5528.4,2850.2,9.754566192626953
ca-HepTh,betweenness,2,node+edge+subgraph,1.0,0,0.9151929524082035,144,6910.4,3556.8,12.0893235206604
ca-HepTh,betweenness,2,node+edge+subgraph,1.0,1,0.9152378421768356,144,6910.4,3556.8,12.33853030204773
ca-HepTh,betweenness,2,node+edge+subgraph,1.0,2,0.9155954028461436,144,6910.4,3556.8,12.167105436325073
ca-HepTh,betweenness,2,node+edge+subgraph,1.0,3,0.9154469879556384,144,6910.4,3556.8,14.370847463607788
ca-HepTh,betweenness,2,node+edge+subgraph,1.0,4,0.9153085261064392,144,6910.4,3556.8,15.308396339416504
ca-HepTh,betweenness,2,node+edge+subgraph,1.0,5,0.9150731088524724,144,6910.4,3556.8,15.101654052734375
ca-HepTh,betweenness,2,node+edge+subgraph,1.0,6,0.9148506867044292,144,6910.4,3556.8,14.642646312713623
ca-HepTh,betweenness,2,node+edge+subgraph,1.0,7,0.9157260837706144,144,6910.4,3556.8,16.380272388458252
ca-HepTh,betweenness,2,node+edge+subgraph,1.0,8,0.9155344615286619,144,6910.4,3556.8,17.43271517753601
ca-HepTh,betweenness,2,node+edge+subgraph,1.0,9,0.9143941304403232,144,6910.4,3556.8,17.497899293899536
ca-HepTh,betweenness,3,node+edge+subgraph,0.05,0,0.8285821325748951,168,346.0,182.8,1.4343667030334473
ca-HepTh,betweenness,3,node+edge+subgraph,0.05,1,0.8273128122074751,168,346.0,180.2,1.3191406726837158
ca-HepTh,betweenness,3,node+edge+subgraph,0.05,2,0.8244332700549748,168,346.0,179.4,1.1721830368041992
ca-HepTh,betweenness,3,node+edge+subgraph,0.05,3,0.8358286288124631,168,346.0,178.2,1.147002935409546
ca-HepTh,betweenness,3,node+edge+subgraph,0.05,4,0.8260222555442219,168,346.0,185.2,1.5057828426361084
ca-HepTh,betweenness,3,node+edge+subgraph,0.05,5,0.8317163838241738,168,346.0,175.6,1.5583574771881104
ca-HepTh,betweenness,3,node+edge+subgraph,0.05,6,0.8267464702520265,168,346.0,174.4,1.2489287853240967
ca-HepTh,betweenness,3,node+edge+subgraph,0.05,7,0.8423724521646471,168,346.0,174.6,1.2160115242004395
ca-HepTh,betweenness,3,node+edge+subgraph,0.05,8,0.822807747134485,168,346.0,175.6,1.2653002738952637
ca-HepTh,betweenness,3,node+edge+subgraph,0.05,9,0.8254398138841839,168,346.0,178.6,1.5397648811340332
ca-HepTh,betweenness,3,node+edge+subgraph,0.1,0,0.8633089775585691,168,691.0,348.4,1.694248914718628
ca-HepTh,betweenness,3,node+edge+subgraph,0.1,1,0.8621339221620318,168,691.0,361.6,1.5480210781097412
ca-HepTh,betweenness,3,node+edge+subgraph,0.1,2,0.8646649614838076,168,691.0,356.2,1.5066807270050049
ca-HepTh,betweenness,3,node+edge+subgraph,0.1,3,0.8574457108515358,168,691.0,361.8,1.4911985397338867
ca-HepTh,betweenness,3,node+edge+subgraph,0.1,4,0.8674917071866232,168,691.0,357.6,1.4994227886199951
ca-HepTh,betweenness,3,node+edge+subgraph,0.1,5,0.863052708656472,168,691.0,351.6,1.5935027599334717
ca-HepTh,betweenness,3,node+edge+subgraph,0.1,6,0.8605280184558958,168,691.0,354.6,1.7637231349945068
ca-HepTh,betweenness,3,node+edge+subgraph,0.1,7,0.8622838919210767,168,691.0,363.4,2.049574136734009
ca-HepTh,betweenness,3,node+edge+subgraph,0.1,8,0.8640493010844791,168,691.0,356.8,1.6042652130126953
ca-HepTh,betweenness,3,node+edge+subgraph,0.1,9,0.8568069735691783,168,691.0,340.2,1.429147720336914
ca-HepTh,betweenness,3,node+edge+subgraph,0.2,0,0.887819518807516,168,1382.0,715.2,2.883857250213623
ca-HepTh,betweenness,3,node+edge+subgraph,0.2,1,0.8879579088877236,168,1382.0,703.2,2.9223296642303467
ca-HepTh,betweenness,3,node+edge+subgraph,0.2,2,0.8830965249474855,168,1382.0,713.0,2.8793907165527344
ca-HepTh,betweenness,3,node+edge+subgraph,0.2,3,0.883686406611362,168,1382.0,718.2,2.900705099105835
ca-HepTh,betweenness,3,node+edge+subgraph,0.2,4,0.8819097609599463,168,1382.0,698.4,3.4953453540802
ca-HepTh,betweenness,3,node+edge+subgraph,0.2,5,0.889250341321884,168,1382.0,701.2,3.584350347518921
ca-HepTh,betweenness,3,node+edge+subgraph,0.2,6,0.8868188558771384,168,1382.0,714.6,3.3886466026306152
ca-HepTh,betweenness,3,node+edge+subgraph,0.2,7,0.8855626877899445,168,1382.0,716.2,3.39573335647583
ca-HepTh,betweenness,3,node+edge+subgraph,0.2,8,0.8856514217361487,168,1382.0,702.2,3.1241445541381836
ca-HepTh,betweenness,3,node+edge+subgraph,0.2,9,0.8902369961181021,168,1382.0,703.2,3.868478536605835
ca-HepTh,betweenness,3,node+edge+subgraph,0.4,0,0.9022209955355557,168,2764.0,1422.2,7.319065093994141
ca-HepTh,betweenness,3,node+edge+subgraph,0.4,1,0.901569876378879,168,2764.0,1427.6,7.490297555923462
ca-HepTh,betweenness,3,node+edge+subgraph,0.4,2,0.9001028368996864,168,2764.0,1409.8,7.450597524642944
ca-HepTh,betweenness,3,node+edge+subgraph,0.4,3,0.9014094730736011,168,2764.0,1436.4,7.326611042022705
ca-HepTh,betweenness,3,node+edge+subgraph,0.4,4,0.9015364191980207,168,2764.0,1415.2,6.933256387710571
ca-HepTh,betweenness,3,node+edge+subgraph,0.4,5,0.9023927349694436,168,2764.0,1424.2,7.001109600067139
ca-HepTh,betweenness,3,node+edge+subgraph,0.4,6,0.9045133870787692,168,2764.0,1416.6,8.451323747634888
ca-HepTh,betweenness,3,node+edge+subgraph,0.4,7,0.9032143662714436,168,2764.0,1423.2,7.232608318328857
ca-HepTh,betweenness,3,node+edge+subgraph,0.4,8,0.9041702350195847,168,2764.0,1429.8,6.700521469116211
ca-HepTh,betweenness,3,node+edge+subgraph,0.4,9,0.9008084655779104,168,2764.0,1432.4,6.828983306884766
ca-HepTh,betweenness,3,node+edge+subgraph,0.6,0,0.9101476386177857,168,4146.4,2137.6,11.49117374420166
ca-HepTh,betweenness,3,node+edge+subgraph,0.6,1,0.9101581812995482,168,4146.4,2144.8,13.300571203231812
ca-HepTh,betweenness,3,node+edge+subgraph,0.6,2,0.9088074747786161,168,4146.4,2157.6,11.388651371002197
ca-HepTh,betweenness,3,node+edge+subgraph,0.6,3,0.9086179082928707,168,4146.4,2123.4,12.118643999099731
ca-HepTh,betweenness,3,node+edge+subgraph,0.6,4,0.9086334076019221,168,4146.4,2134.4,11.316540956497192
ca-HepTh,betweenness,3,node+edge+subgraph,0.6,5,0.9085430028669645,168,4146.4,2148.0,11.858046293258667
ca-HepTh,betweenness,3,node+edge+subgraph,0.6,6,0.9085381869041835,168,4146.4,2137.0,11.754748106002808
ca-HepTh,betweenness,3,node+edge+subgraph,0.6,7,0.9088706231285372,168,4146.4,2143.2,11.646052837371826
ca-HepTh,betweenness,3,node+edge+subgraph,0.6,8,0.9107406980602402,168,4146.4,2139.0,12.344189167022705
ca-HepTh,betweenness,3,node+edge+subgraph,0.6,9,0.9091947230628624,168,4146.4,2136.0,11.27937126159668
ca-HepTh,betweenness,3,node+edge+subgraph,0.8,0,0.9128221329637622,168,5528.4,2842.2,16.95382857322693
ca-HepTh,betweenness,3,node+edge+subgraph,0.8,1,0.9126167454477472,168,5528.4,2841.8,20.41745686531067
ca-HepTh,betweenness,3,node+edge+subgraph,0.8,2,0.9134467721745768,168,5528.4,2838.0,19.156680822372437
ca-HepTh,betweenness,3,node+edge+subgraph,0.8,3,0.9131649290023249,168,5528.4,2858.8,19.405773401260376
ca-HepTh,betweenness,3,node+edge+subgraph,0.8,4,0.9136218730916443,168,5528.4,2838.2,16.379981994628906
ca-HepTh,betweenness,3,node+edge+subgraph,0.8,5,0.9127636984834456,168,5528.4,2844.4,17.591201305389404
ca-HepTh,betweenness,3,node+edge+subgraph,0.8,6,0.9124629218107907,168,5528.4,2845.6,17.87355351448059
ca-HepTh,betweenness,3,node+edge+subgraph,0.8,7,0.9140125133280084,168,5528.4,2844.2,19.034651041030884
ca-HepTh,betweenness,3,node+edge+subgraph,0.8,8,0.9145364573931246,168,5528.4,2844.6,22.595282554626465
ca-HepTh,betweenness,3,node+edge+subgraph,0.8,9,0.9115656895570095,168,5528.4,2850.2,21.761349201202393
ca-HepTh,betweenness,3,node+edge+subgraph,1.0,0,0.9163934114767233,168,6910.4,3556.8,24.428940773010254
ca-HepTh,betweenness,3,node+edge+subgraph,1.0,1,0.9157995885820148,168,6910.4,3556.8,25.59268283843994
ca-HepTh,betweenness,3,node+edge+subgraph,1.0,2,0.9159034634572835,168,6910.4,3556.8,24.925010681152344
ca-HepTh,betweenness,3,node+edge+subgraph,1.0,3,0.9163577678911686,168,6910.4,3556.8,22.964221000671387
ca-HepTh,betweenness,3,node+edge+subgraph,1.0,4,0.9153639876589734,168,6910.4,3556.8,20.88950276374817
ca-HepTh,betweenness,3,node+edge+subgraph,1.0,5,0.9164853501253557,168,6910.4,3556.8,23.7711021900177
ca-HepTh,betweenness,3,node+edge+subgraph,1.0,6,0.9158131082038842,168,6910.4,3556.8,36.232253551483154
ca-HepTh,betweenness,3,node+edge+subgraph,1.0,7,0.9166405034403231,168,6910.4,3556.8,22.67269992828369
ca-HepTh,betweenness,3,node+edge+subgraph,1.0,8,0.9167799883848023,168,6910.4,3556.8,22.74377942085266
ca-HepTh,betweenness,3,node+edge+subgraph,1.0,9,0.9157320687474334,168,6910.4,3556.8,22.553441524505615
ca-HepTh,spread_mean,0,node+edge+subgraph,0.05,0,0.7199966668440932,2,346.0,346.0,3.332876205444336
ca-HepTh,spread_mean,0,node+edge+subgraph,0.05,1,0.7217628730893241,2,346.0,346.0,2.9044716358184814
ca-HepTh,spread_mean,0,node+edge+subgraph,0.05,2,0.7209004530082316,2,346.0,346.0,3.1466634273529053
ca-HepTh,spread_mean,0,node+edge+subgraph,0.05,3,0.7208539488589571,2,346.0,346.0,4.333991289138794
ca-HepTh,spread_mean,0,node+edge+subgraph,0.05,4,0.7171961917382967,2,346.0,346.0,3.3067378997802734
ca-HepTh,spread_mean,0,node+edge+subgraph,0.05,5,0.7173400595421633,2,346.0,346.0,2.9550681114196777
ca-HepTh,spread_mean,0,node+edge+subgraph,0.05,6,0.7210748964644408,2,346.0,346.0,3.1462345123291016
ca-HepTh,spread_mean,0,node+edge+subgraph,0.05,7,0.7220677353002145,2,346.0,346.0,3.0183396339416504
ca-HepTh,spread_mean,0,node+edge+subgraph,0.05,8,0.7199748938085451,2,346.0,346.0,2.3636605739593506
ca-HepTh,spread_mean,0,node+edge+subgraph,0.05,9,0.7185398510455205,2,346.0,346.0,2.8375000953674316
ca-HepTh,spread_mean,0,node+edge+subgraph,0.1,0,0.7240162123139209,2,691.0,691.0,3.2592737674713135
ca-HepTh,spread_mean,0,node+edge+subgraph,0.1,1,0.7220169466138332,2,691.0,691.0,3.5375618934631348
ca-HepTh,spread_mean,0,node+edge+subgraph,0.1,2,0.724024239289544,2,691.0,691.0,3.147221326828003
ca-HepTh,spread_mean,0,node+edge+subgraph,0.1,3,0.7209563976763284,2,691.0,691.0,3.9757986068725586
ca-HepTh,spread_mean,0,node+edge+subgraph,0.1,4,0.7218058212581916,2,691.0,691.0,3.7721405029296875
ca-HepTh,spread_mean,0,node+edge+subgraph,0.1,5,0.7207291918637906,2,691.0,691.0,4.4220497608184814
ca-HepTh,spread_mean,0,node+edge+subgraph,0.1,6,0.7230127116743393,2,691.0,691.0,3.3708815574645996
ca-HepTh,spread_mean,0,node+edge+subgraph,0.1,7,0.7234722100075482,2,691.0,691.0,3.5813186168670654
ca-HepTh,spread_mean,0,node+edge+subgraph,0.1,8,0.7213277986628144,2,691.0,691.0,3.72292423248291
ca-HepTh,spread_mean,0,node+edge+subgraph,0.1,9,0.7237587239658626,2,691.0,691.0,3.6981441974639893
ca-HepTh,spread_mean,0,node+edge+subgraph,0.2,0,0.7249676264904202,2,1382.0,1382.0,4.738991975784302
ca-HepTh,spread_mean,0,node+edge+subgraph,0.2,1,0.7243690600599063,2,1382.0,1382.0,3.029608726501465
ca-HepTh,spread_mean,0,node+edge+subgraph,0.2,2,0.7227839391865725,2,1382.0,1382.0,1.8727200031280518
ca-HepTh,spread_mean,0,node+edge+subgraph,0.2,3,0.7256466712704595,2,1382.0,1382.0,1.6524310111999512
ca-HepTh,spread_mean,0,node+edge+subgraph,0.2,4,0.723380815228531,2,1382.0,1382.0,1.5097155570983887
ca-HepTh,spread_mean,0,node+edge+subgraph,0.2,5,0.7230679977257299,2,1382.0,1382.0,1.290708303451538
ca-HepTh,spread_mean,0,node+edge+subgraph,0.2,6,0.7245301943814397,2,1382.0,1382.0,1.2805836200714111
ca-HepTh,spread_mean,0,node+edge+subgraph,0.2,7,0.723558410280221,2,1382.0,1382.0,1.5150935649871826
ca-HepTh,spread_mean,0,node+edge+subgraph,0.2,8,0.7236662678610982,2,1382.0,1382.0,1.0367941856384277
ca-HepTh,spread_mean,0,node+edge+subgraph,0.2,9,0.7242763425947116,2,1382.0,1382.0,0.9546513557434082
ca-HepTh,spread_mean,0,node+edge+subgraph,0.4,0,0.7239237292374867,2,2764.0,2764.0,1.043097734451294
ca-HepTh,spread_mean,0,node+edge+subgraph,0.4,1,0.7243048811143644,2,2764.0,2764.0,1.0617308616638184
ca-HepTh,spread_mean,0,node+edge+subgraph,0.4,2,0.7245925857987671,2,2764.0,2764.0,1.0171477794647217
ca-HepTh,spread_mean,0,node+edge+subgraph,0.4,3,0.7243083702732634,2,2764.0,2764.0,1.0734467506408691
ca-HepTh,spread_mean,0,node+edge+subgraph,0.4,4,0.7246566567586101,2,2764.0,2764.0,1.4023995399475098
ca-HepTh,spread_mean,0,node+edge+subgraph,0.4,5,0.7240572049919923,2,2764.0,2764.0,1.1904540061950684
ca-HepTh,spread_mean,0,node+edge+subgraph,0.4,6,0.7254245199935246,2,2764.0,2764.0,1.254493236541748
ca-HepTh,spread_mean,0,node+edge+subgraph,0.4,7,0.7231357362567459,2,2764.0,2764.0,1.629934310913086
ca-HepTh,spread_mean,0,node+edge+subgraph,0.4,8,0.7232800607238432,2,2764.0,2764.0,1.6565682888031006
ca-HepTh,spread_mean,0,node+edge+subgraph,0.4,9,0.7252817117092458,2,2764.0,2764.0,1.600860595703125
ca-HepTh,spread_mean,0,node+edge+subgraph,0.6,0,0.7248873619085895,2,4146.4,4146.4,1.632617712020874
ca-HepTh,spread_mean,0,node+edge+subgraph,0.6,1,0.7225299953815687,2,4146.4,4146.4,1.62416410446167
ca-HepTh,spread_mean,0,node+edge+subgraph,0.6,2,0.7250765965315289,2,4146.4,4146.4,1.8827977180480957
ca-HepTh,spread_mean,0,node+edge+subgraph,0.6,3,0.7244066161451514,2,4146.4,4146.4,1.8658356666564941
ca-HepTh,spread_mean,0,node+edge+subgraph,0.6,4,0.7243745584146011,2,4146.4,4146.4,1.4726619720458984
ca-HepTh,spread_mean,0,node+edge+subgraph,0.6,5,0.7231873182503227,2,4146.4,4146.4,1.1111207008361816
ca-HepTh,spread_mean,0,node+edge+subgraph,0.6,6,0.7243501107106803,2,4146.4,4146.4,0.9016435146331787
ca-HepTh,spread_mean,0,node+edge+subgraph,0.6,7,0.723345254631946,2,4146.4,4146.4,0.9065816402435303
ca-HepTh,spread_mean,0,node+edge+subgraph,0.6,8,0.7225078475361356,2,4146.4,4146.4,0.8792037963867188
ca-HepTh,spread_mean,0,node+edge+subgraph,0.6,9,0.7242117317842024,2,4146.4,4146.4,0.92183518409729
ca-HepTh,spread_mean,0,node+edge+subgraph,0.8,0,0.7250693162402597,2,5528.4,5528.4,1.2326135635375977
ca-HepTh,spread_mean,0,node+edge+subgraph,0.8,1,0.7236688627961163,2,5528.4,5528.4,2.563790798187256
ca-HepTh,spread_mean,0,node+edge+subgraph,0.8,2,0.7240517576162014,2,5528.4,5528.4,1.9332079887390137
ca-HepTh,spread_mean,0,node+edge+subgraph,0.8,3,0.7254523295586901,2,5528.4,5528.4,1.4873175621032715
ca-HepTh,spread_mean,0,node+edge+subgraph,0.8,4,0.7232589456336346,2,5528.4,5528.4,1.3396170139312744
ca-HepTh,spread_mean,0,node+edge+subgraph,0.8,5,0.7238943365582908,2,5528.4,5528.4,1.167461633682251
ca-HepTh,spread_mean,0,node+edge+subgraph,0.8,6,0.724314465196004,2,5528.4,5528.4,1.0671956539154053
ca-HepTh,spread_mean,0,node+edge+subgraph,0.8,7,0.7238202867183556,2,5528.4,5528.4,1.0459702014923096
ca-HepTh,spread_mean,0,node+edge+subgraph,0.8,8,0.7229083074662688,2,5528.4,5528.4,1.0987331867218018
ca-HepTh,spread_mean,0,node+edge+subgraph,0.8,9,0.7246425518527297,2,5528.4,5528.4,1.077883243560791
ca-HepTh,spread_mean,0,node+edge+subgraph,1.0,0,0.7229330324036256,2,6910.4,6910.4,0.9614150524139404
ca-HepTh,spread_mean,0,node+edge+subgraph,1.0,1,0.7222766576001541,2,6910.4,6910.4,0.8890495300292969
ca-HepTh,spread_mean,0,node+edge+subgraph,1.0,2,0.7239620086743411,2,6910.4,6910.4,0.9819643497467041
ca-HepTh,spread_mean,0,node+edge+subgraph,1.0,3,0.722920808715034,2,6910.4,6910.4,0.9191081523895264
ca-HepTh,spread_mean,0,node+edge+subgraph,1.0,4,0.7223801559324792,2,6910.4,6910.4,0.8692326545715332
ca-HepTh,spread_mean,0,node+edge+subgraph,1.0,5,0.7221110147977999,2,6910.4,6910.4,0.8448858261108398
ca-HepTh,spread_mean,0,node+edge+subgraph,1.0,6,0.7235769533356688,2,6910.4,6910.4,0.868023157119751
ca-HepTh,spread_mean,0,node+edge+subgraph,1.0,7,0.7221939931092237,2,6910.4,6910.4,0.9391224384307861
ca-HepTh,spread_mean,0,node+edge+subgraph,1.0,8,0.721852097276703,2,6910.4,6910.4,0.9882380962371826
ca-HepTh,spread_mean,0,node+edge+subgraph,1.0,9,0.7233147112034104,2,6910.4,6910.4,0.8947343826293945
ca-HepTh,spread_mean,1,node+edge+subgraph,0.05,0,0.8863156044267618,56,346.0,346.0,0.8607661724090576
ca-HepTh,spread_mean,1,node+edge+subgraph,0.05,1,0.8854997773662414,56,346.0,346.0,0.9646303653717041
ca-HepTh,spread_mean,1,node+edge+subgraph,0.05,2,0.8851907832860234,56,346.0,346.0,0.8484079837799072
ca-HepTh,spread_mean,1,node+edge+subgraph,0.05,3,0.8856196572627184,56,346.0,346.0,0.8151743412017822
ca-HepTh,spread_mean,1,node+edge+subgraph,0.05,4,0.8860797160873976,56,346.0,346.0,0.807025671005249
ca-HepTh,spread_mean,1,node+edge+subgraph,0.05,5,0.8832194290401574,56,346.0,346.0,0.835930347442627
ca-HepTh,spread_mean,1,node+edge+subgraph,0.05,6,0.8865328530965786,56,346.0,346.0,0.8499405384063721
ca-HepTh,spread_mean,1,node+edge+subgraph,0.05,7,0.8830859677752361,56,346.0,346.0,0.7798686027526855
ca-HepTh,spread_mean,1,node+edge+subgraph,0.05,8,0.8850746729636368,56,346.0,346.0,0.7611904144287109
ca-HepTh,spread_mean,1,node+edge+subgraph,0.05,9,0.8831163777777644,56,346.0,346.0,0.7433393001556396
ca-HepTh,spread_mean,1,node+edge+subgraph,0.1,0,0.886182964331542,56,691.0,691.0,0.8631467819213867
ca-HepTh,spread_mean,1,node+edge+subgraph,0.1,1,0.8870798411507712,56,691.0,691.0,0.9344379901885986
ca-HepTh,spread_mean,1,node+edge+subgraph,0.1,2,0.8869463451748023,56,691.0,691.0,1.1043128967285156
ca-HepTh,spread_mean,1,node+edge+subgraph,0.1,3,0.8870100184953278,56,691.0,691.0,1.0341527462005615
ca-HepTh,spread_mean,1,node+edge+subgraph,0.1,4,0.8886169941962814,56,691.0,691.0,0.9249122142791748
ca-HepTh,spread_mean,1,node+edge+subgraph,0.1,5,0.8880461278797538,56,691.0,691.0,0.9170832633972168
ca-HepTh,spread_mean,1,node+edge+subgraph,0.1,6,0.8879588371590261,56,691.0,691.0,0.9455611705780029
ca-HepTh,spread_mean,1,node+edge+subgraph,0.1,7,0.8876027622582247,56,691.0,691.0,0.9150938987731934
ca-HepTh,spread_mean,1,node+edge+subgraph,0.1,8,0.8874189793971543,56,691.0,691.0,0.8553802967071533
ca-HepTh,spread_mean,1,node+edge+subgraph,0.1,9,0.8882036995031586,56,691.0,691.0,0.8528008460998535
ca-HepTh,spread_mean,1,node+edge+subgraph,0.2,0,0.8898809151684663,56,1382.0,1382.0,1.1570849418640137
ca-HepTh,spread_mean,1,node+edge+subgraph,0.2,1,0.8909193260613878,56,1382.0,1382.0,1.1472439765930176
ca-HepTh,spread_mean,1,node+edge+subgraph,0.2,2,0.8897158105017818,56,1382.0,1382.0,1.1923973560333252
ca-HepTh,spread_mean,1,node+edge+subgraph,0.2,3,0.8906645894214624,56,1382.0,1382.0,1.332862138748169
ca-HepTh,spread_mean,1,node+edge+subgraph,0.2,4,0.8903350036789032,56,1382.0,1382.0,1.8757121562957764
ca-HepTh,spread_mean,1,node+edge+subgraph,0.2,5,0.8901647974974746,56,1382.0,1382.0,1.6879324913024902
ca-HepTh,spread_mean,1,node+edge+subgraph,0.2,6,0.8906689050598466,56,1382.0,1382.0,1.3345627784729004
ca-HepTh,spread_mean,1,node+edge+subgraph,0.2,7,0.8905875975819734,56,1382.0,1382.0,1.432952642440796
ca-HepTh,spread_mean,1,node+edge+subgraph,0.2,8,0.8908746464772466,56,1382.0,1382.0,1.289773941040039
ca-HepTh,spread_mean,1,node+edge+subgraph,0.2,9,0.8910613116460179,56,1382.0,1382.0,1.2008812427520752
ca-HepTh,spread_mean,1,node+edge+subgraph,0.4,0,0.8929047585082011,56,2764.0,2764.0,1.995114803314209
ca-HepTh,spread_mean,1,node+edge+subgraph,0.4,1,0.8937193127802515,56,2764.0,2764.0,1.9334712028503418
ca-HepTh,spread_mean,1,node+edge+subgraph,0.4,2,0.8923508785228964,56,2764.0,2764.0,1.991002082824707
ca-HepTh,spread_mean,1,node+edge+subgraph,0.4,3,0.8928322240182702,56,2764.0,2764.0,2.0989787578582764
ca-HepTh,spread_mean,1,node+edge+subgraph,0.4,4,0.8923595993019643,56,2764.0,2764.0,1.9686567783355713
ca-HepTh,spread_mean,1,node+edge+subgraph,0.4,5,0.8936699983348666,56,2764.0,2764.0,2.0964784622192383
ca-HepTh,spread_mean,1,node+edge+subgraph,0.4,6,0.8926743383634381,56,2764.0,2764.0,2.112708330154419
ca-HepTh,spread_mean,1,node+edge+subgraph,0.4,7,0.8913192901676399,56,2764.0,2764.0,2.0183141231536865
ca-HepTh,spread_mean,1,node+edge+subgraph,0.4,8,0.8924156331829058,56,2764.0,2764.0,2.0636677742004395
ca-HepTh,spread_mean,1,node+edge+subgraph,0.4,9,0.8944267138274663,56,2764.0,2764.0,2.009899139404297
ca-HepTh,spread_mean,1,node+edge+subgraph,0.6,0,0.8948795188149012,56,4146.4,4146.4,2.6991043090820312
ca-HepTh,spread_mean,1,node+edge+subgraph,0.6,1,0.8942878053334992,56,4146.4,4146.4,2.6695218086242676
ca-HepTh,spread_mean,1,node+edge+subgraph,0.6,2,0.8938950317084118,56,4146.4,4146.4,2.838855743408203
ca-HepTh,spread_mean,1,node+edge+subgraph,0.6,3,0.8947223013198758,56,4146.4,4146.4,2.5790581703186035
ca-HepTh,spread_mean,1,node+edge+subgraph,0.6,4,0.8944992339605528,56,4146.4,4146.4,2.596007823944092
ca-HepTh,spread_mean,1,node+edge+subgraph,0.6,5,0.8957655850934669,56,4146.4,4146.4,2.6139519214630127
ca-HepTh,spread_mean,1,node+edge+subgraph,0.6,6,0.8942733540601349,56,4146.4,4146.4,2.566598892211914
ca-HepTh,spread_mean,1,node+edge+subgraph,0.6,7,0.8937898721988147,56,4146.4,4146.4,2.666116714477539
ca-HepTh,spread_mean,1,node+edge+subgraph,0.6,8,0.8946132272820634,56,4146.4,4146.4,2.6527187824249268
ca-HepTh,spread_mean,1,node+edge+subgraph,0.6,9,0.8947862191791314,56,4146.4,4146.4,2.630985736846924
ca-HepTh,spread_mean,1,node+edge+subgraph,0.8,0,0.8947306917908907,56,5528.4,5528.4,3.4319968223571777
ca-HepTh,spread_mean,1,node+edge+subgraph,0.8,1,0.8960287869621338,56,5528.4,5528.4,3.362102746963501
ca-HepTh,spread_mean,1,node+edge+subgraph,0.8,2,0.8962727766194922,56,5528.4,5528.4,3.3468637466430664
ca-HepTh,spread_mean,1,node+edge+subgraph,0.8,3,0.8961615531916733,56,5528.4,5528.4,3.4185242652893066
ca-HepTh,spread_mean,1,node+edge+subgraph,0.8,4,0.8955236449883688,56,5528.4,5528.4,3.369427442550659
ca-HepTh,spread_mean,1,node+edge+subgraph,0.8,5,0.8957447224533042,56,5528.4,5528.4,3.471492290496826
ca-HepTh,spread_mean,1,node+edge+subgraph,0.8,6,0.8956019073668118,56,5528.4,5528.4,3.4523987770080566
ca-HepTh,spread_mean,1,node+edge+subgraph,0.8,7,0.8947409706606054,56,5528.4,5528.4,3.437765121459961
ca-HepTh,spread_mean,1,node+edge+subgraph,0.8,8,0.895596434180861,56,5528.4,5528.4,3.4382851123809814
ca-HepTh,spread_mean,1,node+edge+subgraph,0.8,9,0.8957524404783592,56,5528.4,5528.4,3.4490725994110107
ca-HepTh,spread_mean,1,node+edge+subgraph,1.0,0,0.8962951721935618,56,6910.4,6910.4,4.227186441421509
ca-HepTh,spread_mean,1,node+edge+subgraph,1.0,1,0.8967833267481377,56,6910.4,6910.4,4.184030055999756
ca-HepTh,spread_mean,1,node+edge+subgraph,1.0,2,0.8971139303622547,56,6910.4,6910.4,4.19527006149292
ca-HepTh,spread_mean,1,node+edge+subgraph,1.0,3,0.8970024396910738,56,6910.4,6910.4,4.210974216461182
ca-HepTh,spread_mean,1,node+edge+subgraph,1.0,4,0.8965109431722893,56,6910.4,6910.4,4.298706531524658
ca-HepTh,spread_mean,1,node+edge+subgraph,1.0,5,0.8969607623069065,56,6910.4,6910.4,4.354039907455444
ca-HepTh,spread_mean,1,node+edge+subgraph,1.0,6,0.896331238725503,56,6910.4,6910.4,4.288975477218628
ca-HepTh,spread_mean,1,node+edge+subgraph,1.0,7,0.8957571775882028,56,6910.4,6910.4,4.211747407913208
ca-HepTh,spread_mean,1,node+edge+subgraph,1.0,8,0.8966363589250379,56,6910.4,6910.4,4.186912775039673
ca-HepTh,spread_mean,1,node+edge+subgraph,1.0,9,0.8967230595432696,56,6910.4,6910.4,4.172539472579956
