graph,score_row,compact_id,original_node_id,degree,a_compact_id,b_compact_id,a_original_node_id,b_original_node_id,common_neighbor_count,rational_numerator,rational_denominator,gt_5e15,gt_1e14,gt_5e15_left_cross_product,gt_5e15_right_cross_product,gt_1e14_left_cross_product,gt_1e14_right_cross_product,usable_pair_count,gt_5e15_qualifying_pair_count,gt_1e14_qualifying_pair_count,edge_sha256,score_sha256
com-lj,105744,105744,105744,6,27096,27098,27096,27098,40,2,639347526382400,False,False,2000000000000000,3196737631912000,200000000000000,639347526382400,1,0,0,835d5175a7309fedd782fc505407a5d140587540b27d4eab64df9f3f3eba2add,78a77750ac83057a6c62e5cef3ef34c74c50a8c6fc7603d0b460eb91a0d480d4
com-lj,206747,206747,206747,5,15849,17335,15849,17335,38,2,607380150063280,False,False,2000000000000000,3036900750316400,200000000000000,607380150063280,1,0,0,835d5175a7309fedd782fc505407a5d140587540b27d4eab64df9f3f3eba2add,78a77750ac83057a6c62e5cef3ef34c74c50a8c6fc7603d0b460eb91a0d480d4
com-lj,299989,299989,299989,7,24350,24584,24350,24584,38,2,607380150063280,False,False,2000000000000000,3036900750316400,200000000000000,607380150063280,1,0,0,835d5175a7309fedd782fc505407a5d140587540b27d4eab64df9f3f3eba2add,78a77750ac83057a6c62e5cef3ef34c74c50a8c6fc7603d0b460eb91a0d480d4
com-lj,445127,445127,445127,5,418048,445009,418048,445009,51,2,815168096137560,False,False,2000000000000000,4075840480687800,200000000000000,815168096137560,1,0,0,835d5175a7309fedd782fc505407a5d140587540b27d4eab64df9f3f3eba2add,78a77750ac83057a6c62e5cef3ef34c74c50a8c6fc7603d0b460eb91a0d480d4
com-lj,458354,458354,458354,16,339089,339113,339089,339113,84,2,1342629805403040,False,False,2000000000000000,6713149027015200,200000000000000,1342629805403040,2,0,0,835d5175a7309fedd782fc505407a5d140587540b27d4eab64df9f3f3eba2add,78a77750ac83057a6c62e5cef3ef34c74c50a8c6fc7603d0b460eb91a0d480d4
com-lj,465213,465213,465213,4,155398,155900,155398,155900,181,2,2893047556880360,False,False,2000000000000000,14465237784401800,200000000000000,2893047556880360,1,0,0,835d5175a7309fedd782fc505407a5d140587540b27d4eab64df9f3f3eba2add,78a77750ac83057a6c62e5cef3ef34c74c50a8c6fc7603d0b460eb91a0d480d4
com-lj,465362,465362,465362,16,465364,465365,465364,465365,49,2,783200719818440,False,False,2000000000000000,3916003599092200,200000000000000,783200719818440,1,0,0,835d5175a7309fedd782fc505407a5d140587540b27d4eab64df9f3f3eba2add,78a77750ac83057a6c62e5cef3ef34c74c50a8c6fc7603d0b460eb91a0d480d4
com-lj,465363,465363,465363,18,465364,465365,465364,465365,49,2,783200719818440,False,False,2000000000000000,3916003599092200,200000000000000,783200719818440,1,0,0,835d5175a7309fedd782fc505407a5d140587540b27d4eab64df9f3f3eba2add,78a77750ac83057a6c62e5cef3ef34c74c50a8c6fc7603d0b460eb91a0d480d4
com-lj,627979,627979,627979,6,79919,79922,79919,79922,28,2,447543268467680,False,False,2000000000000000,2237716342338400,200000000000000,447543268467680,1,0,0,835d5175a7309fedd782fc505407a5d140587540b27d4eab64df9f3f3eba2add,78a77750ac83057a6c62e5cef3ef34c74c50a8c6fc7603d0b460eb91a0d480d4
com-lj,726356,726356,726356,3,726243,726247,726243,726247,118,2,1886075202828080,False,False,2000000000000000,9430376014140400,200000000000000,1886075202828080,1,0,0,835d5175a7309fedd782fc505407a5d140587540b27d4eab64df9f3f3eba2add,78a77750ac83057a6c62e5cef3ef34c74c50a8c6fc7603d0b460eb91a0d480d4
com-lj,746548,746548,746548,3,659641,745758,659641,745758,33,2,527461709265480,False,False,2000000000000000,2637308546327400,200000000000000,527461709265480,1,0,0,835d5175a7309fedd782fc505407a5d140587540b27d4eab64df9f3f3eba2add,78a77750ac83057a6c62e5cef3ef34c74c50a8c6fc7603d0b460eb91a0d480d4
com-lj,819173,819173,819173,4,757705,757706,757705,757706,44,2,703282279020640,False,False,2000000000000000,3516411395103200,200000000000000,703282279020640,1,0,0,835d5175a7309fedd782fc505407a5d140587540b27d4eab64df9f3f3eba2add,78a77750ac83057a6c62e5cef3ef34c74c50a8c6fc7603d0b460eb91a0d480d4
com-lj,829456,829456,829456,3,757705,757706,757705,757706,44,2,703282279020640,False,False,2000000000000000,3516411395103200,200000000000000,703282279020640,1,0,0,835d5175a7309fedd782fc505407a5d140587540b27d4eab64df9f3f3eba2add,78a77750ac83057a6c62e5cef3ef34c74c50a8c6fc7603d0b460eb91a0d480d4
com-lj,903832,903832,903832,10,903790,903828,903790,903828,40,2,639347526382400,False,False,2000000000000000,3196737631912000,200000000000000,639347526382400,1,0,0,835d5175a7309fedd782fc505407a5d140587540b27d4eab64df9f3f3eba2add,78a77750ac83057a6c62e5cef3ef34c74c50a8c6fc7603d0b460eb91a0d480d4
com-lj,903833,903833,903833,10,903790,903828,903790,903828,40,2,639347526382400,False,False,2000000000000000,3196737631912000,200000000000000,639347526382400,1,0,0,835d5175a7309fedd782fc505407a5d140587540b27d4eab64df9f3f3eba2add,78a77750ac83057a6c62e5cef3ef34c74c50a8c6fc7603d0b460eb91a0d480d4
com-lj,903834,903834,903834,10,903790,903828,903790,903828,40,2,639347526382400,False,False,2000000000000000,3196737631912000,200000000000000,639347526382400,1,0,0,835d5175a7309fedd782fc505407a5d140587540b27d4eab64df9f3f3eba2add,78a77750ac83057a6c62e5cef3ef34c74c50a8c6fc7603d0b460eb91a0d480d4
com-lj,903837,903837,903837,10,903790,903828,903790,903828,40,2,639347526382400,False,False,2000000000000000,3196737631912000,200000000000000,639347526382400,1,0,0,835d5175a7309fedd782fc505407a5d140587540b27d4eab64df9f3f3eba2add,78a77750ac83057a6c62e5cef3ef34c74c50a8c6fc7603d0b460eb91a0d480d4
com-lj,903840,903840,903840,10,903790,903828,903790,903828,40,2,639347526382400,False,False,2000000000000000,3196737631912000,200000000000000,639347526382400,1,0,0,835d5175a7309fedd782fc505407a5d140587540b27d4eab64df9f3f3eba2add,78a77750ac83057a6c62e5cef3ef34c74c50a8c6fc7603d0b460eb91a0d480d4
com-lj,903841,903841,903841,10,903790,903828,903790,903828,40,2,639347526382400,False,False,2000000000000000,3196737631912000,200000000000000,639347526382400,1,0,0,835d5175a7309fedd782fc505407a5d140587540b27d4eab64df9f3f3eba2add,78a77750ac83057a6c62e5cef3ef34c74c50a8c6fc7603d0b460eb91a0d480d4
com-lj,903842,903842,903842,10,903790,903828,903790,903828,40,2,639347526382400,False,False,2000000000000000,3196737631912000,200000000000000,639347526382400,1,0,0,835d5175a7309fedd782fc505407a5d140587540b27d4eab64df9f3f3eba2add,78a77750ac83057a6c62e5cef3ef34c74c50a8c6fc7603d0b460eb91a0d480d4
com-lj,903853,903853,903853,10,903790,903828,903790,903828,40,2,639347526382400,False,False,2000000000000000,3196737631912000,200000000000000,639347526382400,1,0,0,835d5175a7309fedd782fc505407a5d140587540b27d4eab64df9f3f3eba2add,78a77750ac83057a6c62e5cef3ef34c74c50a8c6fc7603d0b460eb91a0d480d4
com-lj,903855,903855,903855,10,903790,903828,903790,903828,40,2,639347526382400,False,False,2000000000000000,3196737631912000,200000000000000,639347526382400,1,0,0,835d5175a7309fedd782fc505407a5d140587540b27d4eab64df9f3f3eba2add,78a77750ac83057a6c62e5cef3ef34c74c50a8c6fc7603d0b460eb91a0d480d4
com-lj,903856,903856,903856,10,903790,903828,903790,903828,40,2,639347526382400,False,False,2000000000000000,3196737631912000,200000000000000,639347526382400,1,0,0,835d5175a7309fedd782fc505407a5d140587540b27d4eab64df9f3f3eba2add,78a77750ac83057a6c62e5cef3ef34c74c50a8c6fc7603d0b460eb91a0d480d4
com-lj,903860,903860,903860,10,903790,903828,903790,903828,40,2,639347526382400,False,False,2000000000000000,3196737631912000,200000000000000,639347526382400,1,0,0,835d5175a7309fedd782fc505407a5d140587540b27d4eab64df9f3f3eba2add,78a77750ac83057a6c62e5cef3ef34c74c50a8c6fc7603d0b460eb91a0d480d4
com-lj,903863,903863,903863,10,903790,903828,903790,903828,40,2,639347526382400,False,False,2000000000000000,3196737631912000,200000000000000,639347526382400,1,0,0,835d5175a7309fedd782fc505407a5d140587540b27d4eab64df9f3f3eba2add,78a77750ac83057a6c62e5cef3ef34c74c50a8c6fc7603d0b460eb91a0d480d4
com-lj,903866,903866,903866,8,903790,903828,903790,903828,40,2,639347526382400,False,False,2000000000000000,3196737631912000,200000000000000,639347526382400,1,0,0,835d5175a7309fedd782fc505407a5d140587540b27d4eab64df9f3f3eba2add,78a77750ac83057a6c62e5cef3ef34c74c50a8c6fc7603d0b460eb91a0d480d4
com-lj,903867,903867,903867,8,903790,903828,903790,903828,40,2,639347526382400,False,False,2000000000000000,3196737631912000,200000000000000,639347526382400,1,0,0,835d5175a7309fedd782fc505407a5d140587540b27d4eab64df9f3f3eba2add,78a77750ac83057a6c62e5cef3ef34c74c50a8c6fc7603d0b460eb91a0d480d4
com-lj,939360,939360,939360,7,789170,789181,789170,789181,42,2,671314902701520,False,False,2000000000000000,3356574513507600,200000000000000,671314902701520,1,0,0,835d5175a7309fedd782fc505407a5d140587540b27d4eab64df9f3f3eba2add,78a77750ac83057a6c62e5cef3ef34c74c50a8c6fc7603d0b460eb91a0d480d4
com-lj,1032587,1032587,1032587,3,39127,39130,39127,39130,706,2,11284483840649360,False,False,2000000000000000,56422419203246800,200000000000000,11284483840649360,1,0,0,835d5175a7309fedd782fc505407a5d140587540b27d4eab64df9f3f3eba2add,78a77750ac83057a6c62e5cef3ef34c74c50a8c6fc7603d0b460eb91a0d480d4
com-lj,1061865,1061865,1061865,3,286028,1061779,286028,1061779,50,2,799184407978000,False,False,2000000000000000,3995922039890000,200000000000000,799184407978000,1,0,0,835d5175a7309fedd782fc505407a5d140587540b27d4eab64df9f3f3eba2add,78a77750ac83057a6c62e5cef3ef34c74c50a8c6fc7603d0b460eb91a0d480d4
com-lj,1122662,1122662,1122662,2,156729,156734,156729,156734,43,2,687298590861080,False,False,2000000000000000,3436492954305400,200000000000000,687298590861080,1,0,0,835d5175a7309fedd782fc505407a5d140587540b27d4eab64df9f3f3eba2add,78a77750ac83057a6c62e5cef3ef34c74c50a8c6fc7603d0b460eb91a0d480d4
com-lj,1145348,1145348,1145348,2,867721,867723,867721,867723,75,2,1198776611967000,False,False,2000000000000000,5993883059835000,200000000000000,1198776611967000,1,0,0,835d5175a7309fedd782fc505407a5d140587540b27d4eab64df9f3f3eba2add,78a77750ac83057a6c62e5cef3ef34c74c50a8c6fc7603d0b460eb91a0d480d4
com-lj,1192636,1192636,1192636,3,34230,34330,34230,34330,688,2,10996777453777280,False,False,2000000000000000,54983887268886400,200000000000000,10996777453777280,3,0,0,835d5175a7309fedd782fc505407a5d140587540b27d4eab64df9f3f3eba2add,78a77750ac83057a6c62e5cef3ef34c74c50a8c6fc7603d0b460eb91a0d480d4
com-lj,1192637,1192637,1192637,3,34230,34330,34230,34330,688,2,10996777453777280,False,False,2000000000000000,54983887268886400,200000000000000,10996777453777280,3,0,0,835d5175a7309fedd782fc505407a5d140587540b27d4eab64df9f3f3eba2add,78a77750ac83057a6c62e5cef3ef34c74c50a8c6fc7603d0b460eb91a0d480d4
com-lj,1199336,1199336,1199336,4,1042278,1061190,1042278,1061190,53,2,847135472456680,False,False,2000000000000000,4235677362283400,200000000000000,847135472456680,1,0,0,835d5175a7309fedd782fc505407a5d140587540b27d4eab64df9f3f3eba2add,78a77750ac83057a6c62e5cef3ef34c74c50a8c6fc7603d0b460eb91a0d480d4
com-lj,1218776,1218776,1218776,2,39127,39130,39127,39130,706,2,11284483840649360,False,False,2000000000000000,56422419203246800,200000000000000,11284483840649360,1,0,0,835d5175a7309fedd782fc505407a5d140587540b27d4eab64df9f3f3eba2add,78a77750ac83057a6c62e5cef3ef34c74c50a8c6fc7603d0b460eb91a0d480d4
com-lj,1218777,1218777,1218777,2,39127,39130,39127,39130,706,2,11284483840649360,False,False,2000000000000000,56422419203246800,200000000000000,11284483840649360,1,0,0,835d5175a7309fedd782fc505407a5d140587540b27d4eab64df9f3f3eba2add,78a77750ac83057a6c62e5cef3ef34c74c50a8c6fc7603d0b460eb91a0d480d4
com-lj,1218778,1218778,1218778,2,39127,39130,39127,39130,706,2,11284483840649360,False,False,2000000000000000,56422419203246800,200000000000000,11284483840649360,1,0,0,835d5175a7309fedd782fc505407a5d140587540b27d4eab64df9f3f3eba2add,78a77750ac83057a6c62e5cef3ef34c74c50a8c6fc7603d0b460eb91a0d480d4
com-lj,1281354,1281354,1281354,3,196856,889690,196856,889690,33,2,527461709265480,False,False,2000000000000000,2637308546327400,200000000000000,527461709265480,1,0,0,835d5175a7309fedd782fc505407a5d140587540b27d4eab64df9f3f3eba2add,78a77750ac83057a6c62e5cef3ef34c74c50a8c6fc7603d0b460eb91a0d480d4
com-lj,1281357,1281357,1281357,4,196856,889690,196856,889690,33,2,527461709265480,False,False,2000000000000000,2637308546327400,200000000000000,527461709265480,1,0,0,835d5175a7309fedd782fc505407a5d140587540b27d4eab64df9f3f3eba2add,78a77750ac83057a6c62e5cef3ef34c74c50a8c6fc7603d0b460eb91a0d480d4
com-lj,1281360,1281360,1281360,2,196856,889690,196856,889690,33,2,527461709265480,False,False,2000000000000000,2637308546327400,200000000000000,527461709265480,1,0,0,835d5175a7309fedd782fc505407a5d140587540b27d4eab64df9f3f3eba2add,78a77750ac83057a6c62e5cef3ef34c74c50a8c6fc7603d0b460eb91a0d480d4
com-lj,1289724,1289724,1289724,4,1033113,1033114,1033113,1033114,44,2,703282279020640,False,False,2000000000000000,3516411395103200,200000000000000,703282279020640,1,0,0,835d5175a7309fedd782fc505407a5d140587540b27d4eab64df9f3f3eba2add,78a77750ac83057a6c62e5cef3ef34c74c50a8c6fc7603d0b460eb91a0d480d4
com-lj,1311823,1311823,1311823,2,189849,189911,189849,189911,40,2,639347526382400,False,False,2000000000000000,3196737631912000,200000000000000,639347526382400,1,0,0,835d5175a7309fedd782fc505407a5d140587540b27d4eab64df9f3f3eba2add,78a77750ac83057a6c62e5cef3ef34c74c50a8c6fc7603d0b460eb91a0d480d4
com-lj,1360448,1360448,1360448,2,687944,687945,687944,687945,27,2,431559580308120,False,False,2000000000000000,2157797901540600,200000000000000,431559580308120,1,0,0,835d5175a7309fedd782fc505407a5d140587540b27d4eab64df9f3f3eba2add,78a77750ac83057a6c62e5cef3ef34c74c50a8c6fc7603d0b460eb91a0d480d4
com-lj,1360449,1360449,1360449,2,687944,687945,687944,687945,27,2,431559580308120,False,False,2000000000000000,2157797901540600,200000000000000,431559580308120,1,0,0,835d5175a7309fedd782fc505407a5d140587540b27d4eab64df9f3f3eba2add,78a77750ac83057a6c62e5cef3ef34c74c50a8c6fc7603d0b460eb91a0d480d4
com-lj,1371982,1371982,1371982,2,455143,626630,455143,626630,56,2,895086536935360,False,False,2000000000000000,4475432684676800,200000000000000,895086536935360,1,0,0,835d5175a7309fedd782fc505407a5d140587540b27d4eab64df9f3f3eba2add,78a77750ac83057a6c62e5cef3ef34c74c50a8c6fc7603d0b460eb91a0d480d4
com-lj,1381617,1381617,1381617,15,1381543,1381616,1381543,1381616,35,2,559429085584600,False,False,2000000000000000,2797145427923000,200000000000000,559429085584600,1,0,0,835d5175a7309fedd782fc505407a5d140587540b27d4eab64df9f3f3eba2add,78a77750ac83057a6c62e5cef3ef34c74c50a8c6fc7603d0b460eb91a0d480d4
com-lj,1420982,1420982,1420982,6,560252,560255,560252,560255,28,2,447543268467680,False,False,2000000000000000,2237716342338400,200000000000000,447543268467680,1,0,0,835d5175a7309fedd782fc505407a5d140587540b27d4eab64df9f3f3eba2add,78a77750ac83057a6c62e5cef3ef34c74c50a8c6fc7603d0b460eb91a0d480d4
com-lj,1481619,1481619,1481619,3,450304,450305,450304,450305,67,2,1070907106690520,False,False,2000000000000000,5354535533452600,200000000000000,1070907106690520,1,0,0,835d5175a7309fedd782fc505407a5d140587540b27d4eab64df9f3f3eba2add,78a77750ac83057a6c62e5cef3ef34c74c50a8c6fc7603d0b460eb91a0d480d4
com-lj,1489138,1489138,1489138,34,1489140,1489141,1489140,1489141,60,2,959021289573600,False,False,2000000000000000,4795106447868000,200000000000000,959021289573600,2,0,0,835d5175a7309fedd782fc505407a5d140587540b27d4eab64df9f3f3eba2add,78a77750ac83057a6c62e5cef3ef34c74c50a8c6fc7603d0b460eb91a0d480d4
com-lj,1515514,1515514,1515514,2,1033113,1033114,1033113,1033114,44,2,703282279020640,False,False,2000000000000000,3516411395103200,200000000000000,703282279020640,1,0,0,835d5175a7309fedd782fc505407a5d140587540b27d4eab64df9f3f3eba2add,78a77750ac83057a6c62e5cef3ef34c74c50a8c6fc7603d0b460eb91a0d480d4
com-lj,1546447,1546447,1546447,9,1546424,1546435,1546424,1546435,35,2,559429085584600,False,False,2000000000000000,2797145427923000,200000000000000,559429085584600,1,0,0,835d5175a7309fedd782fc505407a5d140587540b27d4eab64df9f3f3eba2add,78a77750ac83057a6c62e5cef3ef34c74c50a8c6fc7603d0b460eb91a0d480d4
com-lj,1546452,1546452,1546452,10,1546424,1546435,1546424,1546435,35,2,559429085584600,False,False,2000000000000000,2797145427923000,200000000000000,559429085584600,1,0,0,835d5175a7309fedd782fc505407a5d140587540b27d4eab64df9f3f3eba2add,78a77750ac83057a6c62e5cef3ef34c74c50a8c6fc7603d0b460eb91a0d480d4
com-lj,1546453,1546453,1546453,12,1546424,1546435,1546424,1546435,35,2,559429085584600,False,False,2000000000000000,2797145427923000,200000000000000,559429085584600,1,0,0,835d5175a7309fedd782fc505407a5d140587540b27d4eab64df9f3f3eba2add,78a77750ac83057a6c62e5cef3ef34c74c50a8c6fc7603d0b460eb91a0d480d4
com-lj,1612463,1612463,1612463,7,482858,637909,482858,637909,30,2,479510644786800,False,False,2000000000000000,2397553223934000,200000000000000,479510644786800,1,0,0,835d5175a7309fedd782fc505407a5d140587540b27d4eab64df9f3f3eba2add,78a77750ac83057a6c62e5cef3ef34c74c50a8c6fc7603d0b460eb91a0d480d4
com-lj,1642513,1642513,1642513,5,924731,958680,924731,958680,48,2,767217031658880,False,False,2000000000000000,3836085158294400,200000000000000,767217031658880,1,0,0,835d5175a7309fedd782fc505407a5d140587540b27d4eab64df9f3f3eba2add,78a77750ac83057a6c62e5cef3ef34c74c50a8c6fc7603d0b460eb91a0d480d4
com-lj,1706289,1706289,1706289,3,589332,589379,589332,589379,46,2,735249655339760,False,False,2000000000000000,3676248276698800,200000000000000,735249655339760,1,0,0,835d5175a7309fedd782fc505407a5d140587540b27d4eab64df9f3f3eba2add,78a77750ac83057a6c62e5cef3ef34c74c50a8c6fc7603d0b460eb91a0d480d4
com-lj,1706290,1706290,1706290,3,589332,589379,589332,589379,46,2,735249655339760,False,False,2000000000000000,3676248276698800,200000000000000,735249655339760,1,0,0,835d5175a7309fedd782fc505407a5d140587540b27d4eab64df9f3f3eba2add,78a77750ac83057a6c62e5cef3ef34c74c50a8c6fc7603d0b460eb91a0d480d4
com-lj,1738155,1738155,1738155,3,1506072,1506076,1506072,1506076,74,2,1182792923807440,False,False,2000000000000000,5913964619037200,200000000000000,1182792923807440,1,0,0,835d5175a7309fedd782fc505407a5d140587540b27d4eab64df9f3f3eba2add,78a77750ac83057a6c62e5cef3ef34c74c50a8c6fc7603d0b460eb91a0d480d4
com-lj,1738158,1738158,1738158,3,1506072,1506076,1506072,1506076,74,2,1182792923807440,False,False,2000000000000000,5913964619037200,200000000000000,1182792923807440,1,0,0,835d5175a7309fedd782fc505407a5d140587540b27d4eab64df9f3f3eba2add,78a77750ac83057a6c62e5cef3ef34c74c50a8c6fc7603d0b460eb91a0d480d4
com-lj,1753968,1753968,1753968,2,1714164,1714189,1714164,1714189,48,2,767217031658880,False,False,2000000000000000,3836085158294400,200000000000000,767217031658880,1,0,0,835d5175a7309fedd782fc505407a5d140587540b27d4eab64df9f3f3eba2add,78a77750ac83057a6c62e5cef3ef34c74c50a8c6fc7603d0b460eb91a0d480d4
com-lj,1754116,1754116,1754116,3,610512,610542,610512,610542,36,2,575412773744160,False,False,2000000000000000,2877063868720800,200000000000000,575412773744160,1,0,0,835d5175a7309fedd782fc505407a5d140587540b27d4eab64df9f3f3eba2add,78a77750ac83057a6c62e5cef3ef34c74c50a8c6fc7603d0b460eb91a0d480d4
com-lj,1767302,1767302,1767302,3,467410,467413,467410,467413,28,2,447543268467680,False,False,2000000000000000,2237716342338400,200000000000000,447543268467680,1,0,0,835d5175a7309fedd782fc505407a5d140587540b27d4eab64df9f3f3eba2add,78a77750ac83057a6c62e5cef3ef34c74c50a8c6fc7603d0b460eb91a0d480d4
com-lj,1793802,1793802,1793802,2,170397,409205,170397,409205,45,2,719265967180200,False,False,2000000000000000,3596329835901000,200000000000000,719265967180200,1,0,0,835d5175a7309fedd782fc505407a5d140587540b27d4eab64df9f3f3eba2add,78a77750ac83057a6c62e5cef3ef34c74c50a8c6fc7603d0b460eb91a0d480d4
com-lj,1803210,1803210,1803210,5,808565,808580,808565,808580,30,2,479510644786800,False,False,2000000000000000,2397553223934000,200000000000000,479510644786800,1,0,0,835d5175a7309fedd782fc505407a5d140587540b27d4eab64df9f3f3eba2add,78a77750ac83057a6c62e5cef3ef34c74c50a8c6fc7603d0b460eb91a0d480d4
com-lj,1819991,1819991,1819991,3,1808877,1808884,1808877,1808884,40,2,639347526382400,False,False,2000000000000000,3196737631912000,200000000000000,639347526382400,1,0,0,835d5175a7309fedd782fc505407a5d140587540b27d4eab64df9f3f3eba2add,78a77750ac83057a6c62e5cef3ef34c74c50a8c6fc7603d0b460eb91a0d480d4
com-lj,1835502,1835502,1835502,4,1835498,1835499,1835498,1835499,30,2,479510644786800,False,False,2000000000000000,2397553223934000,200000000000000,479510644786800,1,0,0,835d5175a7309fedd782fc505407a5d140587540b27d4eab64df9f3f3eba2add,78a77750ac83057a6c62e5cef3ef34c74c50a8c6fc7603d0b460eb91a0d480d4
com-lj,1863853,1863853,1863853,3,625228,625229,625228,625229,37,2,591396461903720,False,False,2000000000000000,2956982309518600,200000000000000,591396461903720,1,0,0,835d5175a7309fedd782fc505407a5d140587540b27d4eab64df9f3f3eba2add,78a77750ac83057a6c62e5cef3ef34c74c50a8c6fc7603d0b460eb91a0d480d4
com-lj,1863855,1863855,1863855,2,625228,625229,625228,625229,37,2,591396461903720,False,False,2000000000000000,2956982309518600,200000000000000,591396461903720,1,0,0,835d5175a7309fedd782fc505407a5d140587540b27d4eab64df9f3f3eba2add,78a77750ac83057a6c62e5cef3ef34c74c50a8c6fc7603d0b460eb91a0d480d4
com-lj,1875356,1875356,1875356,5,396557,396558,396557,396558,40,2,639347526382400,False,False,2000000000000000,3196737631912000,200000000000000,639347526382400,1,0,0,835d5175a7309fedd782fc505407a5d140587540b27d4eab64df9f3f3eba2add,78a77750ac83057a6c62e5cef3ef34c74c50a8c6fc7603d0b460eb91a0d480d4
com-lj,1875937,1875937,1875937,4,1875874,1875875,1875874,1875875,29,2,463526956627240,False,False,2000000000000000,2317634783136200,200000000000000,463526956627240,1,0,0,835d5175a7309fedd782fc505407a5d140587540b27d4eab64df9f3f3eba2add,78a77750ac83057a6c62e5cef3ef34c74c50a8c6fc7603d0b460eb91a0d480d4
com-lj,1881533,1881533,1881533,2,425898,425899,425898,425899,49,2,783200719818440,False,False,2000000000000000,3916003599092200,200000000000000,783200719818440,1,0,0,835d5175a7309fedd782fc505407a5d140587540b27d4eab64df9f3f3eba2add,78a77750ac83057a6c62e5cef3ef34c74c50a8c6fc7603d0b460eb91a0d480d4
com-lj,1881535,1881535,1881535,3,425898,425899,425898,425899,49,2,783200719818440,False,False,2000000000000000,3916003599092200,200000000000000,783200719818440,1,0,0,835d5175a7309fedd782fc505407a5d140587540b27d4eab64df9f3f3eba2add,78a77750ac83057a6c62e5cef3ef34c74c50a8c6fc7603d0b460eb91a0d480d4
com-lj,1956497,1956497,1956497,3,53007,53028,53007,53028,44,2,703282279020640,False,False,2000000000000000,3516411395103200,200000000000000,703282279020640,1,0,0,835d5175a7309fedd782fc505407a5d140587540b27d4eab64df9f3f3eba2add,78a77750ac83057a6c62e5cef3ef34c74c50a8c6fc7603d0b460eb91a0d480d4
com-lj,2044143,2044143,2044143,5,417363,417377,417363,417377,55,2,879102848775800,False,False,2000000000000000,4395514243879000,200000000000000,879102848775800,1,0,0,835d5175a7309fedd782fc505407a5d140587540b27d4eab64df9f3f3eba2add,78a77750ac83057a6c62e5cef3ef34c74c50a8c6fc7603d0b460eb91a0d480d4
com-lj,2067635,2067635,2067635,5,1681324,1681325,1681324,1681325,28,2,447543268467680,False,False,2000000000000000,2237716342338400,200000000000000,447543268467680,1,0,0,835d5175a7309fedd782fc505407a5d140587540b27d4eab64df9f3f3eba2add,78a77750ac83057a6c62e5cef3ef34c74c50a8c6fc7603d0b460eb91a0d480d4
com-lj,2100199,2100199,2100199,21,2100019,2100082,2100019,2100082,80,2,1278695052764800,False,False,2000000000000000,6393475263824000,200000000000000,1278695052764800,2,0,0,835d5175a7309fedd782fc505407a5d140587540b27d4eab64df9f3f3eba2add,78a77750ac83057a6c62e5cef3ef34c74c50a8c6fc7603d0b460eb91a0d480d4
com-lj,2110641,2110641,2110641,4,445484,445770,445484,445770,27,2,431559580308120,False,False,2000000000000000,2157797901540600,200000000000000,431559580308120,1,0,0,835d5175a7309fedd782fc505407a5d140587540b27d4eab64df9f3f3eba2add,78a77750ac83057a6c62e5cef3ef34c74c50a8c6fc7603d0b460eb91a0d480d4
com-lj,2110642,2110642,2110642,2,445484,445770,445484,445770,27,2,431559580308120,False,False,2000000000000000,2157797901540600,200000000000000,431559580308120,1,0,0,835d5175a7309fedd782fc505407a5d140587540b27d4eab64df9f3f3eba2add,78a77750ac83057a6c62e5cef3ef34c74c50a8c6fc7603d0b460eb91a0d480d4
com-lj,2120697,2120697,2120697,4,67502,67545,67502,67545,153,2,2445504288412680,False,False,2000000000000000,12227521442063400,200000000000000,2445504288412680,1,0,0,835d5175a7309fedd782fc505407a5d140587540b27d4eab64df9f3f3eba2add,78a77750ac83057a6c62e5cef3ef34c74c50a8c6fc7603d0b460eb91a0d480d4
com-lj,2170511,2170511,2170511,9,946132,946681,946132,946681,268,2,4283628426762080,False,False,2000000000000000,21418142133810400,200000000000000,4283628426762080,1,0,0,835d5175a7309fedd782fc505407a5d140587540b27d4eab64df9f3f3eba2add,78a77750ac83057a6c62e5cef3ef34c74c50a8c6fc7603d0b460eb91a0d480d4
com-lj,2194045,2194045,2194045,13,2194031,2194044,2194031,2194044,73,2,1166809235647880,False,False,2000000000000000,5834046178239400,200000000000000,1166809235647880,2,0,0,835d5175a7309fedd782fc505407a5d140587540b27d4eab64df9f3f3eba2add,78a77750ac83057a6c62e5cef3ef34c74c50a8c6fc7603d0b460eb91a0d480d4
com-lj,2194046,2194046,2194046,10,2194037,2194041,2194037,2194041,70,2,1118858171169200,False,False,2000000000000000,5594290855846000,200000000000000,1118858171169200,2,0,0,835d5175a7309fedd782fc505407a5d140587540b27d4eab64df9f3f3eba2add,78a77750ac83057a6c62e5cef3ef34c74c50a8c6fc7603d0b460eb91a0d480d4
com-lj,2194047,2194047,2194047,9,2194037,2194041,2194037,2194041,70,2,1118858171169200,False,False,2000000000000000,5594290855846000,200000000000000,1118858171169200,2,0,0,835d5175a7309fedd782fc505407a5d140587540b27d4eab64df9f3f3eba2add,78a77750ac83057a6c62e5cef3ef34c74c50a8c6fc7603d0b460eb91a0d480d4
com-lj,2194209,2194209,2194209,3,67502,67545,67502,67545,153,2,2445504288412680,False,False,2000000000000000,12227521442063400,200000000000000,2445504288412680,1,0,0,835d5175a7309fedd782fc505407a5d140587540b27d4eab64df9f3f3eba2add,78a77750ac83057a6c62e5cef3ef34c74c50a8c6fc7603d0b460eb91a0d480d4
com-lj,2194210,2194210,2194210,3,67502,67545,67502,67545,153,2,2445504288412680,False,False,2000000000000000,12227521442063400,200000000000000,2445504288412680,1,0,0,835d5175a7309fedd782fc505407a5d140587540b27d4eab64df9f3f3eba2add,78a77750ac83057a6c62e5cef3ef34c74c50a8c6fc7603d0b460eb91a0d480d4
com-lj,2201375,2201375,2201375,2,1563965,1563966,1563965,1563966,80,2,1278695052764800,False,False,2000000000000000,6393475263824000,200000000000000,1278695052764800,1,0,0,835d5175a7309fedd782fc505407a5d140587540b27d4eab64df9f3f3eba2add,78a77750ac83057a6c62e5cef3ef34c74c50a8c6fc7603d0b460eb91a0d480d4
com-lj,2205544,2205544,2205544,3,1215892,1309579,1215892,1309579,30,2,479510644786800,False,False,2000000000000000,2397553223934000,200000000000000,479510644786800,1,0,0,835d5175a7309fedd782fc505407a5d140587540b27d4eab64df9f3f3eba2add,78a77750ac83057a6c62e5cef3ef34c74c50a8c6fc7603d0b460eb91a0d480d4
com-lj,2205715,2205715,2205715,2,388895,388896,388895,388896,48,2,767217031658880,False,False,2000000000000000,3836085158294400,200000000000000,767217031658880,1,0,0,835d5175a7309fedd782fc505407a5d140587540b27d4eab64df9f3f3eba2add,78a77750ac83057a6c62e5cef3ef34c74c50a8c6fc7603d0b460eb91a0d480d4
com-lj,2214845,2214845,2214845,3,1362572,1362581,1362572,1362581,92,2,1470499310679520,False,False,2000000000000000,7352496553397600,200000000000000,1470499310679520,1,0,0,835d5175a7309fedd782fc505407a5d140587540b27d4eab64df9f3f3eba2add,78a77750ac83057a6c62e5cef3ef34c74c50a8c6fc7603d0b460eb91a0d480d4
com-lj,2246056,2246056,2246056,4,75655,75669,75655,75669,123,2,1965993643625880,False,False,2000000000000000,9829968218129400,200000000000000,1965993643625880,1,0,0,835d5175a7309fedd782fc505407a5d140587540b27d4eab64df9f3f3eba2add,78a77750ac83057a6c62e5cef3ef34c74c50a8c6fc7603d0b460eb91a0d480d4
com-lj,2246058,2246058,2246058,3,75655,75669,75655,75669,123,2,1965993643625880,False,False,2000000000000000,9829968218129400,200000000000000,1965993643625880,1,0,0,835d5175a7309fedd782fc505407a5d140587540b27d4eab64df9f3f3eba2add,78a77750ac83057a6c62e5cef3ef34c74c50a8c6fc7603d0b460eb91a0d480d4
com-lj,2259600,2259600,2259600,3,1157106,1157107,1157106,1157107,27,2,431559580308120,False,False,2000000000000000,2157797901540600,200000000000000,431559580308120,1,0,0,835d5175a7309fedd782fc505407a5d140587540b27d4eab64df9f3f3eba2add,78a77750ac83057a6c62e5cef3ef34c74c50a8c6fc7603d0b460eb91a0d480d4
com-lj,2259601,2259601,2259601,2,1157106,1157107,1157106,1157107,27,2,431559580308120,False,False,2000000000000000,2157797901540600,200000000000000,431559580308120,1,0,0,835d5175a7309fedd782fc505407a5d140587540b27d4eab64df9f3f3eba2add,78a77750ac83057a6c62e5cef3ef34c74c50a8c6fc7603d0b460eb91a0d480d4
com-lj,2280143,2280143,2280143,4,925327,1768525,925327,1768525,39,2,623363838222840,False,False,2000000000000000,3116819191114200,200000000000000,623363838222840,1,0,0,835d5175a7309fedd782fc505407a5d140587540b27d4eab64df9f3f3eba2add,78a77750ac83057a6c62e5cef3ef34c74c50a8c6fc7603d0b460eb91a0d480d4
com-lj,2310338,2310338,2310338,11,2310187,2310263,2310187,2310263,49,2,783200719818440,False,False,2000000000000000,3916003599092200,200000000000000,783200719818440,2,0,0,835d5175a7309fedd782fc505407a5d140587540b27d4eab64df9f3f3eba2add,78a77750ac83057a6c62e5cef3ef34c74c50a8c6fc7603d0b460eb91a0d480d4
com-lj,2310349,2310349,2310349,12,463931,463932,463931,463932,422,2,6745116403334320,False,False,2000000000000000,33725582016671600,200000000000000,6745116403334320,3,0,0,835d5175a7309fedd782fc505407a5d140587540b27d4eab64df9f3f3eba2add,78a77750ac83057a6c62e5cef3ef34c74c50a8c6fc7603d0b460eb91a0d480d4
com-lj,2315299,2315299,2315299,3,1887051,1887052,1887051,1887052,29,2,463526956627240,False,False,2000000000000000,2317634783136200,200000000000000,463526956627240,1,0,0,835d5175a7309fedd782fc505407a5d140587540b27d4eab64df9f3f3eba2add,78a77750ac83057a6c62e5cef3ef34c74c50a8c6fc7603d0b460eb91a0d480d4
com-lj,2345080,2345080,2345080,2,1354913,1354915,1354913,1354915,52,2,831151784297120,False,False,2000000000000000,4155758921485600,200000000000000,831151784297120,1,0,0,835d5175a7309fedd782fc505407a5d140587540b27d4eab64df9f3f3eba2add,78a77750ac83057a6c62e5cef3ef34c74c50a8c6fc7603d0b460eb91a0d480d4
com-lj,2361755,2361755,2361755,7,695419,695425,695419,695425,54,2,863119160616240,False,False,2000000000000000,4315595803081200,200000000000000,863119160616240,1,0,0,835d5175a7309fedd782fc505407a5d140587540b27d4eab64df9f3f3eba2add,78a77750ac83057a6c62e5cef3ef34c74c50a8c6fc7603d0b460eb91a0d480d4
com-lj,2391303,2391303,2391303,2,1685700,1685701,1685700,1685701,54,2,863119160616240,False,False,2000000000000000,4315595803081200,200000000000000,863119160616240,1,0,0,835d5175a7309fedd782fc505407a5d140587540b27d4eab64df9f3f3eba2add,78a77750ac83057a6c62e5cef3ef34c74c50a8c6fc7603d0b460eb91a0d480d4
com-lj,2391304,2391304,2391304,2,1685700,1685701,1685700,1685701,54,2,863119160616240,False,False,2000000000000000,4315595803081200,200000000000000,863119160616240,1,0,0,835d5175a7309fedd782fc505407a5d140587540b27d4eab64df9f3f3eba2add,78a77750ac83057a6c62e5cef3ef34c74c50a8c6fc7603d0b460eb91a0d480d4
com-lj,2391305,2391305,2391305,2,1685700,1685701,1685700,1685701,54,2,863119160616240,False,False,2000000000000000,4315595803081200,200000000000000,863119160616240,1,0,0,835d5175a7309fedd782fc505407a5d140587540b27d4eab64df9f3f3eba2add,78a77750ac83057a6c62e5cef3ef34c74c50a8c6fc7603d0b460eb91a0d480d4
com-lj,2392533,2392533,2392533,3,393161,393163,393161,393163,26,2,415575892148560,False,False,2000000000000000,2077879460742800,200000000000000,415575892148560,1,0,0,835d5175a7309fedd782fc505407a5d140587540b27d4eab64df9f3f3eba2add,78a77750ac83057a6c62e5cef3ef34c74c50a8c6fc7603d0b460eb91a0d480d4
com-lj,2394947,2394947,2394947,2,657251,657274,657251,657274,34,2,543445397425040,False,False,2000000000000000,2717226987125200,200000000000000,543445397425040,1,0,0,835d5175a7309fedd782fc505407a5d140587540b27d4eab64df9f3f3eba2add,78a77750ac83057a6c62e5cef3ef34c74c50a8c6fc7603d0b460eb91a0d480d4
com-lj,2403624,2403624,2403624,5,1593912,2372767,1593912,2372767,27,2,431559580308120,False,False,2000000000000000,2157797901540600,200000000000000,431559580308120,1,0,0,835d5175a7309fedd782fc505407a5d140587540b27d4eab64df9f3f3eba2add,78a77750ac83057a6c62e5cef3ef34c74c50a8c6fc7603d0b460eb91a0d480d4
com-lj,2403627,2403627,2403627,3,1593912,2372767,1593912,2372767,27,2,431559580308120,False,False,2000000000000000,2157797901540600,200000000000000,431559580308120,1,0,0,835d5175a7309fedd782fc505407a5d140587540b27d4eab64df9f3f3eba2add,78a77750ac83057a6c62e5cef3ef34c74c50a8c6fc7603d0b460eb91a0d480d4
com-lj,2409365,2409365,2409365,6,1757829,1757831,1757829,1757831,56,2,895086536935360,False,False,2000000000000000,4475432684676800,200000000000000,895086536935360,1,0,0,835d5175a7309fedd782fc505407a5d140587540b27d4eab64df9f3f3eba2add,78a77750ac83057a6c62e5cef3ef34c74c50a8c6fc7603d0b460eb91a0d480d4
com-lj,2415719,2415719,2415719,3,303043,303044,303043,303044,66,2,1054923418530960,False,False,2000000000000000,5274617092654800,200000000000000,1054923418530960,1,0,0,835d5175a7309fedd782fc505407a5d140587540b27d4eab64df9f3f3eba2add,78a77750ac83057a6c62e5cef3ef34c74c50a8c6fc7603d0b460eb91a0d480d4
com-lj,2433413,2433413,2433413,4,799914,799915,799914,799915,32,2,511478021105920,False,False,2000000000000000,2557390105529600,200000000000000,511478021105920,1,0,0,835d5175a7309fedd782fc505407a5d140587540b27d4eab64df9f3f3eba2add,78a77750ac83057a6c62e5cef3ef34c74c50a8c6fc7603d0b460eb91a0d480d4
com-lj,2471780,2471780,2471780,3,550871,559400,550871,559400,32,2,511478021105920,False,False,2000000000000000,2557390105529600,200000000000000,511478021105920,1,0,0,835d5175a7309fedd782fc505407a5d140587540b27d4eab64df9f3f3eba2add,78a77750ac83057a6c62e5cef3ef34c74c50a8c6fc7603d0b460eb91a0d480d4
com-lj,2471906,2471906,2471906,3,1353326,1353327,1353326,1353327,40,2,639347526382400,False,False,2000000000000000,3196737631912000,200000000000000,639347526382400,1,0,0,835d5175a7309fedd782fc505407a5d140587540b27d4eab64df9f3f3eba2add,78a77750ac83057a6c62e5cef3ef34c74c50a8c6fc7603d0b460eb91a0d480d4
com-lj,2486088,2486088,2486088,2,1435469,1553961,1435469,1553961,41,2,655331214541960,False,False,2000000000000000,3276656072709800,200000000000000,655331214541960,1,0,0,835d5175a7309fedd782fc505407a5d140587540b27d4eab64df9f3f3eba2add,78a77750ac83057a6c62e5cef3ef34c74c50a8c6fc7603d0b460eb91a0d480d4
com-lj,2502405,2502405,2502405,10,2502361,2502365,2502361,2502365,119,2,1902058890987640,False,False,2000000000000000,9510294454938200,200000000000000,1902058890987640,1,0,0,835d5175a7309fedd782fc505407a5d140587540b27d4eab64df9f3f3eba2add,78a77750ac83057a6c62e5cef3ef34c74c50a8c6fc7603d0b460eb91a0d480d4
com-lj,2502407,2502407,2502407,14,2502361,2502365,2502361,2502365,119,2,1902058890987640,False,False,2000000000000000,9510294454938200,200000000000000,1902058890987640,1,0,0,835d5175a7309fedd782fc505407a5d140587540b27d4eab64df9f3f3eba2add,78a77750ac83057a6c62e5cef3ef34c74c50a8c6fc7603d0b460eb91a0d480d4
com-lj,2502408,2502408,2502408,14,2502361,2502365,2502361,2502365,119,2,1902058890987640,False,False,2000000000000000,9510294454938200,200000000000000,1902058890987640,1,0,0,835d5175a7309fedd782fc505407a5d140587540b27d4eab64df9f3f3eba2add,78a77750ac83057a6c62e5cef3ef34c74c50a8c6fc7603d0b460eb91a0d480d4
com-lj,2502409,2502409,2502409,12,2502361,2502365,2502361,2502365,119,2,1902058890987640,False,False,2000000000000000,9510294454938200,200000000000000,1902058890987640,1,0,0,835d5175a7309fedd782fc505407a5d140587540b27d4eab64df9f3f3eba2add,78a77750ac83057a6c62e5cef3ef34c74c50a8c6fc7603d0b460eb91a0d480d4
com-lj,2502410,2502410,2502410,9,2502361,2502365,2502361,2502365,119,2,1902058890987640,False,False,2000000000000000,9510294454938200,200000000000000,1902058890987640,1,0,0,835d5175a7309fedd782fc505407a5d140587540b27d4eab64df9f3f3eba2add,78a77750ac83057a6c62e5cef3ef34c74c50a8c6fc7603d0b460eb91a0d480d4
com-lj,2502411,2502411,2502411,11,2502361,2502365,2502361,2502365,119,2,1902058890987640,False,False,2000000000000000,9510294454938200,200000000000000,1902058890987640,1,0,0,835d5175a7309fedd782fc505407a5d140587540b27d4eab64df9f3f3eba2add,78a77750ac83057a6c62e5cef3ef34c74c50a8c6fc7603d0b460eb91a0d480d4
com-lj,2502412,2502412,2502412,9,2502361,2502365,2502361,2502365,119,2,1902058890987640,False,False,2000000000000000,9510294454938200,200000000000000,1902058890987640,1,0,0,835d5175a7309fedd782fc505407a5d140587540b27d4eab64df9f3f3eba2add,78a77750ac83057a6c62e5cef3ef34c74c50a8c6fc7603d0b460eb91a0d480d4
com-lj,2503714,2503714,2503714,16,2220997,2503706,2220997,2503706,30,2,479510644786800,False,False,2000000000000000,2397553223934000,200000000000000,479510644786800,1,0,0,835d5175a7309fedd782fc505407a5d140587540b27d4eab64df9f3f3eba2add,78a77750ac83057a6c62e5cef3ef34c74c50a8c6fc7603d0b460eb91a0d480d4
com-lj,2509246,2509246,2509246,30,2509223,2509226,2509223,2509226,49,2,783200719818440,False,False,2000000000000000,3916003599092200,200000000000000,783200719818440,1,0,0,835d5175a7309fedd782fc505407a5d140587540b27d4eab64df9f3f3eba2add,78a77750ac83057a6c62e5cef3ef34c74c50a8c6fc7603d0b460eb91a0d480d4
com-lj,2512149,2512149,2512149,14,2490115,2512189,2490115,2512189,29,2,463526956627240,False,False,2000000000000000,2317634783136200,200000000000000,463526956627240,1,0,0,835d5175a7309fedd782fc505407a5d140587540b27d4eab64df9f3f3eba2add,78a77750ac83057a6c62e5cef3ef34c74c50a8c6fc7603d0b460eb91a0d480d4
com-lj,2512153,2512153,2512153,13,2490115,2490127,2490115,2490127,44,2,703282279020640,False,False,2000000000000000,3516411395103200,200000000000000,703282279020640,1,0,0,835d5175a7309fedd782fc505407a5d140587540b27d4eab64df9f3f3eba2add,78a77750ac83057a6c62e5cef3ef34c74c50a8c6fc7603d0b460eb91a0d480d4
com-lj,2512588,2512588,2512588,12,2502361,2502365,2502361,2502365,119,2,1902058890987640,False,False,2000000000000000,9510294454938200,200000000000000,1902058890987640,1,0,0,835d5175a7309fedd782fc505407a5d140587540b27d4eab64df9f3f3eba2add,78a77750ac83057a6c62e5cef3ef34c74c50a8c6fc7603d0b460eb91a0d480d4
com-lj,2512589,2512589,2512589,12,2502361,2502365,2502361,2502365,119,2,1902058890987640,False,False,2000000000000000,9510294454938200,200000000000000,1902058890987640,1,0,0,835d5175a7309fedd782fc505407a5d140587540b27d4eab64df9f3f3eba2add,78a77750ac83057a6c62e5cef3ef34c74c50a8c6fc7603d0b460eb91a0d480d4
com-lj,2512590,2512590,2512590,9,2502361,2502365,2502361,2502365,119,2,1902058890987640,False,False,2000000000000000,9510294454938200,200000000000000,1902058890987640,1,0,0,835d5175a7309fedd782fc505407a5d140587540b27d4eab64df9f3f3eba2add,78a77750ac83057a6c62e5cef3ef34c74c50a8c6fc7603d0b460eb91a0d480d4
com-lj,2512593,2512593,2512593,7,2502361,2502365,2502361,2502365,119,2,1902058890987640,False,False,2000000000000000,9510294454938200,200000000000000,1902058890987640,1,0,0,835d5175a7309fedd782fc505407a5d140587540b27d4eab64df9f3f3eba2add,78a77750ac83057a6c62e5cef3ef34c74c50a8c6fc7603d0b460eb91a0d480d4
com-lj,2512594,2512594,2512594,7,2502361,2502365,2502361,2502365,119,2,1902058890987640,False,False,2000000000000000,9510294454938200,200000000000000,1902058890987640,1,0,0,835d5175a7309fedd782fc505407a5d140587540b27d4eab64df9f3f3eba2add,78a77750ac83057a6c62e5cef3ef34c74c50a8c6fc7603d0b460eb91a0d480d4
com-lj,2512595,2512595,2512595,7,2502361,2502365,2502361,2502365,119,2,1902058890987640,False,False,2000000000000000,9510294454938200,200000000000000,1902058890987640,1,0,0,835d5175a7309fedd782fc505407a5d140587540b27d4eab64df9f3f3eba2add,78a77750ac83057a6c62e5cef3ef34c74c50a8c6fc7603d0b460eb91a0d480d4
com-lj,2512596,2512596,2512596,7,2502361,2502365,2502361,2502365,119,2,1902058890987640,False,False,2000000000000000,9510294454938200,200000000000000,1902058890987640,1,0,0,835d5175a7309fedd782fc505407a5d140587540b27d4eab64df9f3f3eba2add,78a77750ac83057a6c62e5cef3ef34c74c50a8c6fc7603d0b460eb91a0d480d4
com-lj,2512597,2512597,2512597,7,2502361,2502365,2502361,2502365,119,2,1902058890987640,False,False,2000000000000000,9510294454938200,200000000000000,1902058890987640,1,0,0,835d5175a7309fedd782fc505407a5d140587540b27d4eab64df9f3f3eba2add,78a77750ac83057a6c62e5cef3ef34c74c50a8c6fc7603d0b460eb91a0d480d4
com-lj,2517114,2517114,2517114,8,2517100,2517105,2517100,2517105,31,2,495494332946360,False,False,2000000000000000,2477471664731800,200000000000000,495494332946360,1,0,0,835d5175a7309fedd782fc505407a5d140587540b27d4eab64df9f3f3eba2add,78a77750ac83057a6c62e5cef3ef34c74c50a8c6fc7603d0b460eb91a0d480d4
com-lj,2525483,2525483,2525483,9,1962642,2525478,1962642,2525478,35,2,559429085584600,False,False,2000000000000000,2797145427923000,200000000000000,559429085584600,1,0,0,835d5175a7309fedd782fc505407a5d140587540b27d4eab64df9f3f3eba2add,78a77750ac83057a6c62e5cef3ef34c74c50a8c6fc7603d0b460eb91a0d480d4
com-lj,2530708,2530708,2530708,6,695419,695425,695419,695425,54,2,863119160616240,False,False,2000000000000000,4315595803081200,200000000000000,863119160616240,1,0,0,835d5175a7309fedd782fc505407a5d140587540b27d4eab64df9f3f3eba2add,78a77750ac83057a6c62e5cef3ef34c74c50a8c6fc7603d0b460eb91a0d480d4
com-lj,2530709,2530709,2530709,3,695419,695425,695419,695425,54,2,863119160616240,False,False,2000000000000000,4315595803081200,200000000000000,863119160616240,1,0,0,835d5175a7309fedd782fc505407a5d140587540b27d4eab64df9f3f3eba2add,78a77750ac83057a6c62e5cef3ef34c74c50a8c6fc7603d0b460eb91a0d480d4
com-lj,2530710,2530710,2530710,2,695419,695425,695419,695425,54,2,863119160616240,False,False,2000000000000000,4315595803081200,200000000000000,863119160616240,1,0,0,835d5175a7309fedd782fc505407a5d140587540b27d4eab64df9f3f3eba2add,78a77750ac83057a6c62e5cef3ef34c74c50a8c6fc7603d0b460eb91a0d480d4
com-lj,2546545,2546545,2546545,10,2546526,2546529,2546526,2546529,43,2,687298590861080,False,False,2000000000000000,3436492954305400,200000000000000,687298590861080,1,0,0,835d5175a7309fedd782fc505407a5d140587540b27d4eab64df9f3f3eba2add,78a77750ac83057a6c62e5cef3ef34c74c50a8c6fc7603d0b460eb91a0d480d4
com-lj,2546619,2546619,2546619,10,2546526,2546529,2546526,2546529,43,2,687298590861080,False,False,2000000000000000,3436492954305400,200000000000000,687298590861080,1,0,0,835d5175a7309fedd782fc505407a5d140587540b27d4eab64df9f3f3eba2add,78a77750ac83057a6c62e5cef3ef34c74c50a8c6fc7603d0b460eb91a0d480d4
com-lj,2546620,2546620,2546620,9,2546526,2546529,2546526,2546529,43,2,687298590861080,False,False,2000000000000000,3436492954305400,200000000000000,687298590861080,1,0,0,835d5175a7309fedd782fc505407a5d140587540b27d4eab64df9f3f3eba2add,78a77750ac83057a6c62e5cef3ef34c74c50a8c6fc7603d0b460eb91a0d480d4
com-lj,2551144,2551144,2551144,56,1249700,1249773,1249700,1249773,236,2,3772150405656160,False,False,2000000000000000,18860752028280800,200000000000000,3772150405656160,6,0,0,835d5175a7309fedd782fc505407a5d140587540b27d4eab64df9f3f3eba2add,78a77750ac83057a6c62e5cef3ef34c74c50a8c6fc7603d0b460eb91a0d480d4
com-lj,2551145,2551145,2551145,59,1249700,1249773,1249700,1249773,236,2,3772150405656160,False,False,2000000000000000,18860752028280800,200000000000000,3772150405656160,6,0,0,835d5175a7309fedd782fc505407a5d140587540b27d4eab64df9f3f3eba2add,78a77750ac83057a6c62e5cef3ef34c74c50a8c6fc7603d0b460eb91a0d480d4
com-lj,2551146,2551146,2551146,56,1249700,1249773,1249700,1249773,236,2,3772150405656160,False,False,2000000000000000,18860752028280800,200000000000000,3772150405656160,6,0,0,835d5175a7309fedd782fc505407a5d140587540b27d4eab64df9f3f3eba2add,78a77750ac83057a6c62e5cef3ef34c74c50a8c6fc7603d0b460eb91a0d480d4
com-lj,2551147,2551147,2551147,57,1249700,1249773,1249700,1249773,236,2,3772150405656160,False,False,2000000000000000,18860752028280800,200000000000000,3772150405656160,6,0,0,835d5175a7309fedd782fc505407a5d140587540b27d4eab64df9f3f3eba2add,78a77750ac83057a6c62e5cef3ef34c74c50a8c6fc7603d0b460eb91a0d480d4
com-lj,2551148,2551148,2551148,59,1249700,1249773,1249700,1249773,236,2,3772150405656160,False,False,2000000000000000,18860752028280800,200000000000000,3772150405656160,6,0,0,835d5175a7309fedd782fc505407a5d140587540b27d4eab64df9f3f3eba2add,78a77750ac83057a6c62e5cef3ef34c74c50a8c6fc7603d0b460eb91a0d480d4
com-lj,2551153,2551153,2551153,26,1249699,1249781,1249699,1249781,184,2,2940998621359040,False,False,2000000000000000,14704993106795200,200000000000000,2940998621359040,4,0,0,835d5175a7309fedd782fc505407a5d140587540b27d4eab64df9f3f3eba2add,78a77750ac83057a6c62e5cef3ef34c74c50a8c6fc7603d0b460eb91a0d480d4
com-lj,2553729,2553729,2553729,21,1552617,1552666,1552617,1552666,126,2,2013944708104560,False,False,2000000000000000,10069723540522800,200000000000000,2013944708104560,1,0,0,835d5175a7309fedd782fc505407a5d140587540b27d4eab64df9f3f3eba2add,78a77750ac83057a6c62e5cef3ef34c74c50a8c6fc7603d0b460eb91a0d480d4
com-lj,2557208,2557208,2557208,9,2557202,2557211,2557202,2557211,52,2,831151784297120,False,False,2000000000000000,4155758921485600,200000000000000,831151784297120,1,0,0,835d5175a7309fedd782fc505407a5d140587540b27d4eab64df9f3f3eba2add,78a77750ac83057a6c62e5cef3ef34c74c50a8c6fc7603d0b460eb91a0d480d4
com-lj,2558568,2558568,2558568,24,2554492,2558561,2554492,2558561,148,2,2365585847614880,False,False,2000000000000000,11827929238074400,200000000000000,2365585847614880,1,0,0,835d5175a7309fedd782fc505407a5d140587540b27d4eab64df9f3f3eba2add,78a77750ac83057a6c62e5cef3ef34c74c50a8c6fc7603d0b460eb91a0d480d4
com-lj,2558597,2558597,2558597,35,2558465,2558498,2558465,2558498,153,2,2445504288412680,False,False,2000000000000000,12227521442063400,200000000000000,2445504288412680,1,0,0,835d5175a7309fedd782fc505407a5d140587540b27d4eab64df9f3f3eba2add,78a77750ac83057a6c62e5cef3ef34c74c50a8c6fc7603d0b460eb91a0d480d4
com-lj,2558789,2558789,2558789,12,2558766,2558768,2558766,2558768,34,2,543445397425040,False,False,2000000000000000,2717226987125200,200000000000000,543445397425040,1,0,0,835d5175a7309fedd782fc505407a5d140587540b27d4eab64df9f3f3eba2add,78a77750ac83057a6c62e5cef3ef34c74c50a8c6fc7603d0b460eb91a0d480d4
com-lj,2561938,2561938,2561938,51,1249700,1249773,1249700,1249773,236,2,3772150405656160,False,False,2000000000000000,18860752028280800,200000000000000,3772150405656160,6,0,0,835d5175a7309fedd782fc505407a5d140587540b27d4eab64df9f3f3eba2add,78a77750ac83057a6c62e5cef3ef34c74c50a8c6fc7603d0b460eb91a0d480d4
com-lj,2561939,2561939,2561939,48,1249700,1249773,1249700,1249773,236,2,3772150405656160,False,False,2000000000000000,18860752028280800,200000000000000,3772150405656160,6,0,0,835d5175a7309fedd782fc505407a5d140587540b27d4eab64df9f3f3eba2add,78a77750ac83057a6c62e5cef3ef34c74c50a8c6fc7603d0b460eb91a0d480d4
com-lj,2561940,2561940,2561940,47,1249700,1249773,1249700,1249773,236,2,3772150405656160,False,False,2000000000000000,18860752028280800,200000000000000,3772150405656160,6,0,0,835d5175a7309fedd782fc505407a5d140587540b27d4eab64df9f3f3eba2add,78a77750ac83057a6c62e5cef3ef34c74c50a8c6fc7603d0b460eb91a0d480d4
com-lj,2563390,2563390,2563390,10,387743,1993522,387743,1993522,79,2,1262711364605240,False,False,2000000000000000,6313556823026200,200000000000000,1262711364605240,2,0,0,835d5175a7309fedd782fc505407a5d140587540b27d4eab64df9f3f3eba2add,78a77750ac83057a6c62e5cef3ef34c74c50a8c6fc7603d0b460eb91a0d480d4
com-lj,2563395,2563395,2563395,28,1249525,1924385,1249525,1924385,365,2,5834046178239400,False,False,2000000000000000,29170230891197000,200000000000000,5834046178239400,2,0,0,835d5175a7309fedd782fc505407a5d140587540b27d4eab64df9f3f3eba2add,78a77750ac83057a6c62e5cef3ef34c74c50a8c6fc7603d0b460eb91a0d480d4
com-lj,2563408,2563408,2563408,29,1249525,1924385,1249525,1924385,365,2,5834046178239400,False,False,2000000000000000,29170230891197000,200000000000000,5834046178239400,3,0,0,835d5175a7309fedd782fc505407a5d140587540b27d4eab64df9f3f3eba2add,78a77750ac83057a6c62e5cef3ef34c74c50a8c6fc7603d0b460eb91a0d480d4
com-lj,2563410,2563410,2563410,31,1249525,1924385,1249525,1924385,365,2,5834046178239400,False,False,2000000000000000,29170230891197000,200000000000000,5834046178239400,3,0,0,835d5175a7309fedd782fc505407a5d140587540b27d4eab64df9f3f3eba2add,78a77750ac83057a6c62e5cef3ef34c74c50a8c6fc7603d0b460eb91a0d480d4
com-lj,2563419,2563419,2563419,30,1249525,1924385,1249525,1924385,365,2,5834046178239400,False,False,2000000000000000,29170230891197000,200000000000000,5834046178239400,3,0,0,835d5175a7309fedd782fc505407a5d140587540b27d4eab64df9f3f3eba2add,78a77750ac83057a6c62e5cef3ef34c74c50a8c6fc7603d0b460eb91a0d480d4
com-lj,2563456,2563456,2563456,31,1249525,1924385,1249525,1924385,365,2,5834046178239400,False,False,2000000000000000,29170230891197000,200000000000000,5834046178239400,2,0,0,835d5175a7309fedd782fc505407a5d140587540b27d4eab64df9f3f3eba2add,78a77750ac83057a6c62e5cef3ef34c74c50a8c6fc7603d0b460eb91a0d480d4
com-lj,2563458,2563458,2563458,28,1249525,1924385,1249525,1924385,365,2,5834046178239400,False,False,2000000000000000,29170230891197000,200000000000000,5834046178239400,2,0,0,835d5175a7309fedd782fc505407a5d140587540b27d4eab64df9f3f3eba2add,78a77750ac83057a6c62e5cef3ef34c74c50a8c6fc7603d0b460eb91a0d480d4
com-lj,2563463,2563463,2563463,29,1249525,1924385,1249525,1924385,365,2,5834046178239400,False,False,2000000000000000,29170230891197000,200000000000000,5834046178239400,3,0,0,835d5175a7309fedd782fc505407a5d140587540b27d4eab64df9f3f3eba2add,78a77750ac83057a6c62e5cef3ef34c74c50a8c6fc7603d0b460eb91a0d480d4
com-lj,2563479,2563479,2563479,28,1249525,1924385,1249525,1924385,365,2,5834046178239400,False,False,2000000000000000,29170230891197000,200000000000000,5834046178239400,2,0,0,835d5175a7309fedd782fc505407a5d140587540b27d4eab64df9f3f3eba2add,78a77750ac83057a6c62e5cef3ef34c74c50a8c6fc7603d0b460eb91a0d480d4
com-lj,2563494,2563494,2563494,29,1249525,1924385,1249525,1924385,365,2,5834046178239400,False,False,2000000000000000,29170230891197000,200000000000000,5834046178239400,3,0,0,835d5175a7309fedd782fc505407a5d140587540b27d4eab64df9f3f3eba2add,78a77750ac83057a6c62e5cef3ef34c74c50a8c6fc7603d0b460eb91a0d480d4
com-lj,2563504,2563504,2563504,30,1249525,1924385,1249525,1924385,365,2,5834046178239400,False,False,2000000000000000,29170230891197000,200000000000000,5834046178239400,3,0,0,835d5175a7309fedd782fc505407a5d140587540b27d4eab64df9f3f3eba2add,78a77750ac83057a6c62e5cef3ef34c74c50a8c6fc7603d0b460eb91a0d480d4
com-lj,2563525,2563525,2563525,30,1249525,1924385,1249525,1924385,365,2,5834046178239400,False,False,2000000000000000,29170230891197000,200000000000000,5834046178239400,3,0,0,835d5175a7309fedd782fc505407a5d140587540b27d4eab64df9f3f3eba2add,78a77750ac83057a6c62e5cef3ef34c74c50a8c6fc7603d0b460eb91a0d480d4
com-lj,2563528,2563528,2563528,30,1249525,1924385,1249525,1924385,365,2,5834046178239400,False,False,2000000000000000,29170230891197000,200000000000000,5834046178239400,2,0,0,835d5175a7309fedd782fc505407a5d140587540b27d4eab64df9f3f3eba2add,78a77750ac83057a6c62e5cef3ef34c74c50a8c6fc7603d0b460eb91a0d480d4
com-lj,2563529,2563529,2563529,29,1249525,1924385,1249525,1924385,365,2,5834046178239400,False,False,2000000000000000,29170230891197000,200000000000000,5834046178239400,2,0,0,835d5175a7309fedd782fc505407a5d140587540b27d4eab64df9f3f3eba2add,78a77750ac83057a6c62e5cef3ef34c74c50a8c6fc7603d0b460eb91a0d480d4
com-lj,2563530,2563530,2563530,29,1249525,1924385,1249525,1924385,365,2,5834046178239400,False,False,2000000000000000,29170230891197000,200000000000000,5834046178239400,3,0,0,835d5175a7309fedd782fc505407a5d140587540b27d4eab64df9f3f3eba2add,78a77750ac83057a6c62e5cef3ef34c74c50a8c6fc7603d0b460eb91a0d480d4
com-lj,2563531,2563531,2563531,28,1249525,1924385,1249525,1924385,365,2,5834046178239400,False,False,2000000000000000,29170230891197000,200000000000000,5834046178239400,2,0,0,835d5175a7309fedd782fc505407a5d140587540b27d4eab64df9f3f3eba2add,78a77750ac83057a6c62e5cef3ef34c74c50a8c6fc7603d0b460eb91a0d480d4
com-lj,2563533,2563533,2563533,28,1249525,1924385,1249525,1924385,365,2,5834046178239400,False,False,2000000000000000,29170230891197000,200000000000000,5834046178239400,2,0,0,835d5175a7309fedd782fc505407a5d140587540b27d4eab64df9f3f3eba2add,78a77750ac83057a6c62e5cef3ef34c74c50a8c6fc7603d0b460eb91a0d480d4
com-lj,2563534,2563534,2563534,28,1249525,1924385,1249525,1924385,365,2,5834046178239400,False,False,2000000000000000,29170230891197000,200000000000000,5834046178239400,2,0,0,835d5175a7309fedd782fc505407a5d140587540b27d4eab64df9f3f3eba2add,78a77750ac83057a6c62e5cef3ef34c74c50a8c6fc7603d0b460eb91a0d480d4
com-lj,2563536,2563536,2563536,27,1249525,1924385,1249525,1924385,365,2,5834046178239400,False,False,2000000000000000,29170230891197000,200000000000000,5834046178239400,2,0,0,835d5175a7309fedd782fc505407a5d140587540b27d4eab64df9f3f3eba2add,78a77750ac83057a6c62e5cef3ef34c74c50a8c6fc7603d0b460eb91a0d480d4
com-lj,2563537,2563537,2563537,29,1249525,1924385,1249525,1924385,365,2,5834046178239400,False,False,2000000000000000,29170230891197000,200000000000000,5834046178239400,3,0,0,835d5175a7309fedd782fc505407a5d140587540b27d4eab64df9f3f3eba2add,78a77750ac83057a6c62e5cef3ef34c74c50a8c6fc7603d0b460eb91a0d480d4
com-lj,2563538,2563538,2563538,30,2563391,2563413,2563391,2563413,31,2,495494332946360,False,False,2000000000000000,2477471664731800,200000000000000,495494332946360,3,0,0,835d5175a7309fedd782fc505407a5d140587540b27d4eab64df9f3f3eba2add,78a77750ac83057a6c62e5cef3ef34c74c50a8c6fc7603d0b460eb91a0d480d4
com-lj,2563539,2563539,2563539,29,1249525,1924385,1249525,1924385,365,2,5834046178239400,False,False,2000000000000000,29170230891197000,200000000000000,5834046178239400,3,0,0,835d5175a7309fedd782fc505407a5d140587540b27d4eab64df9f3f3eba2add,78a77750ac83057a6c62e5cef3ef34c74c50a8c6fc7603d0b460eb91a0d480d4
com-lj,2563541,2563541,2563541,30,1249525,1924385,1249525,1924385,365,2,5834046178239400,False,False,2000000000000000,29170230891197000,200000000000000,5834046178239400,2,0,0,835d5175a7309fedd782fc505407a5d140587540b27d4eab64df9f3f3eba2add,78a77750ac83057a6c62e5cef3ef34c74c50a8c6fc7603d0b460eb91a0d480d4
com-lj,2563542,2563542,2563542,30,1924394,2563478,1924394,2563478,46,2,735249655339760,False,False,2000000000000000,3676248276698800,200000000000000,735249655339760,4,0,0,835d5175a7309fedd782fc505407a5d140587540b27d4eab64df9f3f3eba2add,78a77750ac83057a6c62e5cef3ef34c74c50a8c6fc7603d0b460eb91a0d480d4
com-lj,2563549,2563549,2563549,28,1249525,1924385,1249525,1924385,365,2,5834046178239400,False,False,2000000000000000,29170230891197000,200000000000000,5834046178239400,2,0,0,835d5175a7309fedd782fc505407a5d140587540b27d4eab64df9f3f3eba2add,78a77750ac83057a6c62e5cef3ef34c74c50a8c6fc7603d0b460eb91a0d480d4
com-lj,2563550,2563550,2563550,29,1249525,1924385,1249525,1924385,365,2,5834046178239400,False,False,2000000000000000,29170230891197000,200000000000000,5834046178239400,3,0,0,835d5175a7309fedd782fc505407a5d140587540b27d4eab64df9f3f3eba2add,78a77750ac83057a6c62e5cef3ef34c74c50a8c6fc7603d0b460eb91a0d480d4
com-lj,2563551,2563551,2563551,30,1249525,1924385,1249525,1924385,365,2,5834046178239400,False,False,2000000000000000,29170230891197000,200000000000000,5834046178239400,3,0,0,835d5175a7309fedd782fc505407a5d140587540b27d4eab64df9f3f3eba2add,78a77750ac83057a6c62e5cef3ef34c74c50a8c6fc7603d0b460eb91a0d480d4
com-lj,2563555,2563555,2563555,27,1249525,1924385,1249525,1924385,365,2,5834046178239400,False,False,2000000000000000,29170230891197000,200000000000000,5834046178239400,2,0,0,835d5175a7309fedd782fc505407a5d140587540b27d4eab64df9f3f3eba2add,78a77750ac83057a6c62e5cef3ef34c74c50a8c6fc7603d0b460eb91a0d480d4
com-lj,2563556,2563556,2563556,27,1249525,1924385,1249525,1924385,365,2,5834046178239400,False,False,2000000000000000,29170230891197000,200000000000000,5834046178239400,2,0,0,835d5175a7309fedd782fc505407a5d140587540b27d4eab64df9f3f3eba2add,78a77750ac83057a6c62e5cef3ef34c74c50a8c6fc7603d0b460eb91a0d480d4
com-lj,2563557,2563557,2563557,27,1249525,1924385,1249525,1924385,365,2,5834046178239400,False,False,2000000000000000,29170230891197000,200000000000000,5834046178239400,2,0,0,835d5175a7309fedd782fc505407a5d140587540b27d4eab64df9f3f3eba2add,78a77750ac83057a6c62e5cef3ef34c74c50a8c6fc7603d0b460eb91a0d480d4
com-lj,2563559,2563559,2563559,28,1249525,1924385,1249525,1924385,365,2,5834046178239400,False,False,2000000000000000,29170230891197000,200000000000000,5834046178239400,2,0,0,835d5175a7309fedd782fc505407a5d140587540b27d4eab64df9f3f3eba2add,78a77750ac83057a6c62e5cef3ef34c74c50a8c6fc7603d0b460eb91a0d480d4
com-lj,2563563,2563563,2563563,28,1249525,1924385,1249525,1924385,365,2,5834046178239400,False,False,2000000000000000,29170230891197000,200000000000000,5834046178239400,3,0,0,835d5175a7309fedd782fc505407a5d140587540b27d4eab64df9f3f3eba2add,78a77750ac83057a6c62e5cef3ef34c74c50a8c6fc7603d0b460eb91a0d480d4
com-lj,2563564,2563564,2563564,28,1249525,1924385,1249525,1924385,365,2,5834046178239400,False,False,2000000000000000,29170230891197000,200000000000000,5834046178239400,3,0,0,835d5175a7309fedd782fc505407a5d140587540b27d4eab64df9f3f3eba2add,78a77750ac83057a6c62e5cef3ef34c74c50a8c6fc7603d0b460eb91a0d480d4
com-lj,2563565,2563565,2563565,27,1249525,1924385,1249525,1924385,365,2,5834046178239400,False,False,2000000000000000,29170230891197000,200000000000000,5834046178239400,2,0,0,835d5175a7309fedd782fc505407a5d140587540b27d4eab64df9f3f3eba2add,78a77750ac83057a6c62e5cef3ef34c74c50a8c6fc7603d0b460eb91a0d480d4
com-lj,2563568,2563568,2563568,27,1249525,1924385,1249525,1924385,365,2,5834046178239400,False,False,2000000000000000,29170230891197000,200000000000000,5834046178239400,3,0,0,835d5175a7309fedd782fc505407a5d140587540b27d4eab64df9f3f3eba2add,78a77750ac83057a6c62e5cef3ef34c74c50a8c6fc7603d0b460eb91a0d480d4
com-lj,2563570,2563570,2563570,28,1249525,1924385,1249525,1924385,365,2,5834046178239400,False,False,2000000000000000,29170230891197000,200000000000000,5834046178239400,3,0,0,835d5175a7309fedd782fc505407a5d140587540b27d4eab64df9f3f3eba2add,78a77750ac83057a6c62e5cef3ef34c74c50a8c6fc7603d0b460eb91a0d480d4
com-lj,2564312,2564312,2564312,18,2277475,2277476,2277475,2277476,94,2,1502466686998640,False,False,2000000000000000,7512333434993200,200000000000000,1502466686998640,3,0,0,835d5175a7309fedd782fc505407a5d140587540b27d4eab64df9f3f3eba2add,78a77750ac83057a6c62e5cef3ef34c74c50a8c6fc7603d0b460eb91a0d480d4
com-lj,2566149,2566149,2566149,15,2566074,2566094,2566074,2566094,60,2,959021289573600,False,False,2000000000000000,4795106447868000,200000000000000,959021289573600,2,0,0,835d5175a7309fedd782fc505407a5d140587540b27d4eab64df9f3f3eba2add,78a77750ac83057a6c62e5cef3ef34c74c50a8c6fc7603d0b460eb91a0d480d4
com-lj,2568765,2568765,2568765,20,2568747,2568748,2568747,2568748,52,2,831151784297120,False,False,2000000000000000,4155758921485600,200000000000000,831151784297120,1,0,0,835d5175a7309fedd782fc505407a5d140587540b27d4eab64df9f3f3eba2add,78a77750ac83057a6c62e5cef3ef34c74c50a8c6fc7603d0b460eb91a0d480d4
com-lj,2569395,2569395,2569395,6,2350702,2569391,2350702,2569391,53,2,847135472456680,False,False,2000000000000000,4235677362283400,200000000000000,847135472456680,1,0,0,835d5175a7309fedd782fc505407a5d140587540b27d4eab64df9f3f3eba2add,78a77750ac83057a6c62e5cef3ef34c74c50a8c6fc7603d0b460eb91a0d480d4
com-lj,2600837,2600837,2600837,3,589998,589999,589998,589999,66,2,1054923418530960,False,False,2000000000000000,5274617092654800,200000000000000,1054923418530960,1,0,0,835d5175a7309fedd782fc505407a5d140587540b27d4eab64df9f3f3eba2add,78a77750ac83057a6c62e5cef3ef34c74c50a8c6fc7603d0b460eb91a0d480d4
com-lj,2607187,2607187,2607187,2,415176,415177,415176,415177,28,2,447543268467680,False,False,2000000000000000,2237716342338400,200000000000000,447543268467680,1,0,0,835d5175a7309fedd782fc505407a5d140587540b27d4eab64df9f3f3eba2add,78a77750ac83057a6c62e5cef3ef34c74c50a8c6fc7603d0b460eb91a0d480d4
com-lj,2607188,2607188,2607188,2,415176,415177,415176,415177,28,2,447543268467680,False,False,2000000000000000,2237716342338400,200000000000000,447543268467680,1,0,0,835d5175a7309fedd782fc505407a5d140587540b27d4eab64df9f3f3eba2add,78a77750ac83057a6c62e5cef3ef34c74c50a8c6fc7603d0b460eb91a0d480d4
com-lj,2609495,2609495,2609495,3,2609470,2609473,2609470,2609473,29,2,463526956627240,False,False,2000000000000000,2317634783136200,200000000000000,463526956627240,1,0,0,835d5175a7309fedd782fc505407a5d140587540b27d4eab64df9f3f3eba2add,78a77750ac83057a6c62e5cef3ef34c74c50a8c6fc7603d0b460eb91a0d480d4
com-lj,2610579,2610579,2610579,3,1765500,1765582,1765500,1765582,47,2,751233343499320,False,False,2000000000000000,3756166717496600,200000000000000,751233343499320,1,0,0,835d5175a7309fedd782fc505407a5d140587540b27d4eab64df9f3f3eba2add,78a77750ac83057a6c62e5cef3ef34c74c50a8c6fc7603d0b460eb91a0d480d4
com-lj,2613173,2613173,2613173,3,918597,918602,918597,918602,55,2,879102848775800,False,False,2000000000000000,4395514243879000,200000000000000,879102848775800,1,0,0,835d5175a7309fedd782fc505407a5d140587540b27d4eab64df9f3f3eba2add,78a77750ac83057a6c62e5cef3ef34c74c50a8c6fc7603d0b460eb91a0d480d4
com-lj,2619737,2619737,2619737,3,250271,250275,250271,250275,61,2,975004977733160,False,False,2000000000000000,4875024888665800,200000000000000,975004977733160,1,0,0,835d5175a7309fedd782fc505407a5d140587540b27d4eab64df9f3f3eba2add,78a77750ac83057a6c62e5cef3ef34c74c50a8c6fc7603d0b460eb91a0d480d4
com-lj,2624476,2624476,2624476,2,663102,663112,663102,663112,27,2,431559580308120,False,False,2000000000000000,2157797901540600,200000000000000,431559580308120,1,0,0,835d5175a7309fedd782fc505407a5d140587540b27d4eab64df9f3f3eba2add,78a77750ac83057a6c62e5cef3ef34c74c50a8c6fc7603d0b460eb91a0d480d4
com-lj,2630511,2630511,2630511,2,1735044,1735071,1735044,1735071,38,2,607380150063280,False,False,2000000000000000,3036900750316400,200000000000000,607380150063280,1,0,0,835d5175a7309fedd782fc505407a5d140587540b27d4eab64df9f3f3eba2add,78a77750ac83057a6c62e5cef3ef34c74c50a8c6fc7603d0b460eb91a0d480d4
com-lj,2630512,2630512,2630512,2,1735044,1735071,1735044,1735071,38,2,607380150063280,False,False,2000000000000000,3036900750316400,200000000000000,607380150063280,1,0,0,835d5175a7309fedd782fc505407a5d140587540b27d4eab64df9f3f3eba2add,78a77750ac83057a6c62e5cef3ef34c74c50a8c6fc7603d0b460eb91a0d480d4
com-lj,2630513,2630513,2630513,2,1735044,1735071,1735044,1735071,38,2,607380150063280,False,False,2000000000000000,3036900750316400,200000000000000,607380150063280,1,0,0,835d5175a7309fedd782fc505407a5d140587540b27d4eab64df9f3f3eba2add,78a77750ac83057a6c62e5cef3ef34c74c50a8c6fc7603d0b460eb91a0d480d4
com-lj,2630736,2630736,2630736,4,1771901,1771903,1771901,1771903,39,2,623363838222840,False,False,2000000000000000,3116819191114200,200000000000000,623363838222840,1,0,0,835d5175a7309fedd782fc505407a5d140587540b27d4eab64df9f3f3eba2add,78a77750ac83057a6c62e5cef3ef34c74c50a8c6fc7603d0b460eb91a0d480d4
com-lj,2633760,2633760,2633760,4,403858,403859,403858,403859,34,2,543445397425040,False,False,2000000000000000,2717226987125200,200000000000000,543445397425040,1,0,0,835d5175a7309fedd782fc505407a5d140587540b27d4eab64df9f3f3eba2add,78a77750ac83057a6c62e5cef3ef34c74c50a8c6fc7603d0b460eb91a0d480d4
com-lj,2635006,2635006,2635006,4,2634989,2634991,2634989,2634991,43,2,687298590861080,False,False,2000000000000000,3436492954305400,200000000000000,687298590861080,1,0,0,835d5175a7309fedd782fc505407a5d140587540b27d4eab64df9f3f3eba2add,78a77750ac83057a6c62e5cef3ef34c74c50a8c6fc7603d0b460eb91a0d480d4
com-lj,2635034,2635034,2635034,3,1756991,2635033,1756991,2635033,29,2,463526956627240,False,False,2000000000000000,2317634783136200,200000000000000,463526956627240,1,0,0,835d5175a7309fedd782fc505407a5d140587540b27d4eab64df9f3f3eba2add,78a77750ac83057a6c62e5cef3ef34c74c50a8c6fc7603d0b460eb91a0d480d4
com-lj,2635035,2635035,2635035,3,1756991,2635033,1756991,2635033,29,2,463526956627240,False,False,2000000000000000,2317634783136200,200000000000000,463526956627240,1,0,0,835d5175a7309fedd782fc505407a5d140587540b27d4eab64df9f3f3eba2add,78a77750ac83057a6c62e5cef3ef34c74c50a8c6fc7603d0b460eb91a0d480d4
com-lj,2637906,2637906,2637906,3,1995021,1995022,1995021,1995022,30,2,479510644786800,False,False,2000000000000000,2397553223934000,200000000000000,479510644786800,1,0,0,835d5175a7309fedd782fc505407a5d140587540b27d4eab64df9f3f3eba2add,78a77750ac83057a6c62e5cef3ef34c74c50a8c6fc7603d0b460eb91a0d480d4
com-lj,2637910,2637910,2637910,3,1995021,1995022,1995021,1995022,30,2,479510644786800,False,False,2000000000000000,2397553223934000,200000000000000,479510644786800,1,0,0,835d5175a7309fedd782fc505407a5d140587540b27d4eab64df9f3f3eba2add,78a77750ac83057a6c62e5cef3ef34c74c50a8c6fc7603d0b460eb91a0d480d4
com-lj,2643521,2643521,2643521,3,469161,469162,469161,469162,36,2,575412773744160,False,False,2000000000000000,2877063868720800,200000000000000,575412773744160,1,0,0,835d5175a7309fedd782fc505407a5d140587540b27d4eab64df9f3f3eba2add,78a77750ac83057a6c62e5cef3ef34c74c50a8c6fc7603d0b460eb91a0d480d4
com-lj,2653056,2653056,2653056,34,188265,2653063,188265,2653063,35,2,559429085584600,False,False,2000000000000000,2797145427923000,200000000000000,559429085584600,1,0,0,835d5175a7309fedd782fc505407a5d140587540b27d4eab64df9f3f3eba2add,78a77750ac83057a6c62e5cef3ef34c74c50a8c6fc7603d0b460eb91a0d480d4
com-lj,2666991,2666991,2666991,7,723380,1410086,723380,1410086,27,2,431559580308120,False,False,2000000000000000,2157797901540600,200000000000000,431559580308120,1,0,0,835d5175a7309fedd782fc505407a5d140587540b27d4eab64df9f3f3eba2add,78a77750ac83057a6c62e5cef3ef34c74c50a8c6fc7603d0b460eb91a0d480d4
com-lj,2680190,2680190,2680190,6,1835498,1835499,1835498,1835499,30,2,479510644786800,False,False,2000000000000000,2397553223934000,200000000000000,479510644786800,1,0,0,835d5175a7309fedd782fc505407a5d140587540b27d4eab64df9f3f3eba2add,78a77750ac83057a6c62e5cef3ef34c74c50a8c6fc7603d0b460eb91a0d480d4
com-lj,2724153,2724153,2724153,2,1633047,1633048,1633047,1633048,40,2,639347526382400,False,False,2000000000000000,3196737631912000,200000000000000,639347526382400,1,0,0,835d5175a7309fedd782fc505407a5d140587540b27d4eab64df9f3f3eba2add,78a77750ac83057a6c62e5cef3ef34c74c50a8c6fc7603d0b460eb91a0d480d4
com-lj,2731167,2731167,2731167,10,2062834,2062861,2062834,2062861,26,2,415575892148560,False,False,2000000000000000,2077879460742800,200000000000000,415575892148560,1,0,0,835d5175a7309fedd782fc505407a5d140587540b27d4eab64df9f3f3eba2add,78a77750ac83057a6c62e5cef3ef34c74c50a8c6fc7603d0b460eb91a0d480d4
com-lj,2747850,2747850,2747850,7,2747841,2747845,2747841,2747845,26,2,415575892148560,False,False,2000000000000000,2077879460742800,200000000000000,415575892148560,1,0,0,835d5175a7309fedd782fc505407a5d140587540b27d4eab64df9f3f3eba2add,78a77750ac83057a6c62e5cef3ef34c74c50a8c6fc7603d0b460eb91a0d480d4
com-lj,2749047,2749047,2749047,2,528937,528943,528937,528943,45,2,719265967180200,False,False,2000000000000000,3596329835901000,200000000000000,719265967180200,1,0,0,835d5175a7309fedd782fc505407a5d140587540b27d4eab64df9f3f3eba2add,78a77750ac83057a6c62e5cef3ef34c74c50a8c6fc7603d0b460eb91a0d480d4
com-lj,2751579,2751579,2751579,2,342296,347504,342296,347504,37,2,591396461903720,False,False,2000000000000000,2956982309518600,200000000000000,591396461903720,1,0,0,835d5175a7309fedd782fc505407a5d140587540b27d4eab64df9f3f3eba2add,78a77750ac83057a6c62e5cef3ef34c74c50a8c6fc7603d0b460eb91a0d480d4
com-lj,2753860,2753860,2753860,16,2033580,2571791,2033580,2571791,295,2,4715188007070200,False,False,2000000000000000,23575940035351000,200000000000000,4715188007070200,1,0,0,835d5175a7309fedd782fc505407a5d140587540b27d4eab64df9f3f3eba2add,78a77750ac83057a6c62e5cef3ef34c74c50a8c6fc7603d0b460eb91a0d480d4
com-lj,2753871,2753871,2753871,18,2571823,2571855,2571823,2571855,125,2,1997961019945000,False,False,2000000000000000,9989805099725000,200000000000000,1997961019945000,2,0,0,835d5175a7309fedd782fc505407a5d140587540b27d4eab64df9f3f3eba2add,78a77750ac83057a6c62e5cef3ef34c74c50a8c6fc7603d0b460eb91a0d480d4
com-lj,2764514,2764514,2764514,5,1194075,1194079,1194075,1194079,59,2,943037601414040,False,False,2000000000000000,4715188007070200,200000000000000,943037601414040,1,0,0,835d5175a7309fedd782fc505407a5d140587540b27d4eab64df9f3f3eba2add,78a77750ac83057a6c62e5cef3ef34c74c50a8c6fc7603d0b460eb91a0d480d4
com-lj,2786278,2786278,2786278,3,1819996,2471463,1819996,2471463,27,2,431559580308120,False,False,2000000000000000,2157797901540600,200000000000000,431559580308120,1,0,0,835d5175a7309fedd782fc505407a5d140587540b27d4eab64df9f3f3eba2add,78a77750ac83057a6c62e5cef3ef34c74c50a8c6fc7603d0b460eb91a0d480d4
com-lj,2793582,2793582,2793582,3,554637,554638,554637,554638,46,2,735249655339760,False,False,2000000000000000,3676248276698800,200000000000000,735249655339760,1,0,0,835d5175a7309fedd782fc505407a5d140587540b27d4eab64df9f3f3eba2add,78a77750ac83057a6c62e5cef3ef34c74c50a8c6fc7603d0b460eb91a0d480d4
com-lj,2794372,2794372,2794372,4,1187563,1187581,1187563,1187581,31,2,495494332946360,False,False,2000000000000000,2477471664731800,200000000000000,495494332946360,1,0,0,835d5175a7309fedd782fc505407a5d140587540b27d4eab64df9f3f3eba2add,78a77750ac83057a6c62e5cef3ef34c74c50a8c6fc7603d0b460eb91a0d480d4
com-lj,2795286,2795286,2795286,4,589167,1650110,589167,1650110,27,2,431559580308120,False,False,2000000000000000,2157797901540600,200000000000000,431559580308120,1,0,0,835d5175a7309fedd782fc505407a5d140587540b27d4eab64df9f3f3eba2add,78a77750ac83057a6c62e5cef3ef34c74c50a8c6fc7603d0b460eb91a0d480d4
com-lj,2802191,2802191,2802191,7,1688525,2802158,1688525,2802158,31,2,495494332946360,False,False,2000000000000000,2477471664731800,200000000000000,495494332946360,1,0,0,835d5175a7309fedd782fc505407a5d140587540b27d4eab64df9f3f3eba2add,78a77750ac83057a6c62e5cef3ef34c74c50a8c6fc7603d0b460eb91a0d480d4
com-lj,2803344,2803344,2803344,5,726094,1468028,726094,1468028,32,2,511478021105920,False,False,2000000000000000,2557390105529600,200000000000000,511478021105920,1,0,0,835d5175a7309fedd782fc505407a5d140587540b27d4eab64df9f3f3eba2add,78a77750ac83057a6c62e5cef3ef34c74c50a8c6fc7603d0b460eb91a0d480d4
com-lj,2811641,2811641,2811641,111,2811556,2811557,2811556,2811557,128,2,2045912084423680,False,False,2000000000000000,10229560422118400,200000000000000,2045912084423680,4,0,0,835d5175a7309fedd782fc505407a5d140587540b27d4eab64df9f3f3eba2add,78a77750ac83057a6c62e5cef3ef34c74c50a8c6fc7603d0b460eb91a0d480d4
com-lj,2820423,2820423,2820423,25,2820400,2820401,2820400,2820401,56,2,895086536935360,False,False,2000000000000000,4475432684676800,200000000000000,895086536935360,1,0,0,835d5175a7309fedd782fc505407a5d140587540b27d4eab64df9f3f3eba2add,78a77750ac83057a6c62e5cef3ef34c74c50a8c6fc7603d0b460eb91a0d480d4
com-lj,2836141,2836141,2836141,2,184745,184746,184745,184746,53,2,847135472456680,False,False,2000000000000000,4235677362283400,200000000000000,847135472456680,1,0,0,835d5175a7309fedd782fc505407a5d140587540b27d4eab64df9f3f3eba2add,78a77750ac83057a6c62e5cef3ef34c74c50a8c6fc7603d0b460eb91a0d480d4
com-lj,2836947,2836947,2836947,4,112441,685493,112441,685493,26,2,415575892148560,False,False,2000000000000000,2077879460742800,200000000000000,415575892148560,1,0,0,835d5175a7309fedd782fc505407a5d140587540b27d4eab64df9f3f3eba2add,78a77750ac83057a6c62e5cef3ef34c74c50a8c6fc7603d0b460eb91a0d480d4
com-lj,2836948,2836948,2836948,4,112441,685493,112441,685493,26,2,415575892148560,False,False,2000000000000000,2077879460742800,200000000000000,415575892148560,1,0,0,835d5175a7309fedd782fc505407a5d140587540b27d4eab64df9f3f3eba2add,78a77750ac83057a6c62e5cef3ef34c74c50a8c6fc7603d0b460eb91a0d480d4
com-lj,2837583,2837583,2837583,2,1774443,1774444,1774443,1774444,30,2,479510644786800,False,False,2000000000000000,2397553223934000,200000000000000,479510644786800,1,0,0,835d5175a7309fedd782fc505407a5d140587540b27d4eab64df9f3f3eba2add,78a77750ac83057a6c62e5cef3ef34c74c50a8c6fc7603d0b460eb91a0d480d4
com-lj,2837734,2837734,2837734,3,870884,870889,870884,870889,33,2,527461709265480,False,False,2000000000000000,2637308546327400,200000000000000,527461709265480,1,0,0,835d5175a7309fedd782fc505407a5d140587540b27d4eab64df9f3f3eba2add,78a77750ac83057a6c62e5cef3ef34c74c50a8c6fc7603d0b460eb91a0d480d4
com-lj,2843389,2843389,2843389,5,1757829,1757831,1757829,1757831,56,2,895086536935360,False,False,2000000000000000,4475432684676800,200000000000000,895086536935360,1,0,0,835d5175a7309fedd782fc505407a5d140587540b27d4eab64df9f3f3eba2add,78a77750ac83057a6c62e5cef3ef34c74c50a8c6fc7603d0b460eb91a0d480d4
com-lj,2844118,2844118,2844118,2,1946057,1946059,1946057,1946059,78,2,1246727676445680,False,False,2000000000000000,6233638382228400,200000000000000,1246727676445680,1,0,0,835d5175a7309fedd782fc505407a5d140587540b27d4eab64df9f3f3eba2add,78a77750ac83057a6c62e5cef3ef34c74c50a8c6fc7603d0b460eb91a0d480d4
com-lj,2844910,2844910,2844910,5,2271540,2271543,2271540,2271543,26,2,415575892148560,False,False,2000000000000000,2077879460742800,200000000000000,415575892148560,1,0,0,835d5175a7309fedd782fc505407a5d140587540b27d4eab64df9f3f3eba2add,78a77750ac83057a6c62e5cef3ef34c74c50a8c6fc7603d0b460eb91a0d480d4
com-lj,2844944,2844944,2844944,2,1455147,2720052,1455147,2720052,57,2,911070225094920,False,False,2000000000000000,4555351125474600,200000000000000,911070225094920,1,0,0,835d5175a7309fedd782fc505407a5d140587540b27d4eab64df9f3f3eba2add,78a77750ac83057a6c62e5cef3ef34c74c50a8c6fc7603d0b460eb91a0d480d4
com-lj,2862542,2862542,2862542,28,2862552,2862558,2862552,2862558,27,2,431559580308120,False,False,2000000000000000,2157797901540600,200000000000000,431559580308120,1,0,0,835d5175a7309fedd782fc505407a5d140587540b27d4eab64df9f3f3eba2add,78a77750ac83057a6c62e5cef3ef34c74c50a8c6fc7603d0b460eb91a0d480d4
com-lj,2862543,2862543,2862543,28,2862552,2862558,2862552,2862558,27,2,431559580308120,False,False,2000000000000000,2157797901540600,200000000000000,431559580308120,1,0,0,835d5175a7309fedd782fc505407a5d140587540b27d4eab64df9f3f3eba2add,78a77750ac83057a6c62e5cef3ef34c74c50a8c6fc7603d0b460eb91a0d480d4
com-lj,2862544,2862544,2862544,28,2862552,2862558,2862552,2862558,27,2,431559580308120,False,False,2000000000000000,2157797901540600,200000000000000,431559580308120,1,0,0,835d5175a7309fedd782fc505407a5d140587540b27d4eab64df9f3f3eba2add,78a77750ac83057a6c62e5cef3ef34c74c50a8c6fc7603d0b460eb91a0d480d4
com-lj,2862545,2862545,2862545,28,2862552,2862558,2862552,2862558,27,2,431559580308120,False,False,2000000000000000,2157797901540600,200000000000000,431559580308120,1,0,0,835d5175a7309fedd782fc505407a5d140587540b27d4eab64df9f3f3eba2add,78a77750ac83057a6c62e5cef3ef34c74c50a8c6fc7603d0b460eb91a0d480d4
com-lj,2862546,2862546,2862546,28,2862552,2862558,2862552,2862558,27,2,431559580308120,False,False,2000000000000000,2157797901540600,200000000000000,431559580308120,1,0,0,835d5175a7309fedd782fc505407a5d140587540b27d4eab64df9f3f3eba2add,78a77750ac83057a6c62e5cef3ef34c74c50a8c6fc7603d0b460eb91a0d480d4
com-lj,2862547,2862547,2862547,28,2862552,2862558,2862552,2862558,27,2,431559580308120,False,False,2000000000000000,2157797901540600,200000000000000,431559580308120,1,0,0,835d5175a7309fedd782fc505407a5d140587540b27d4eab64df9f3f3eba2add,78a77750ac83057a6c62e5cef3ef34c74c50a8c6fc7603d0b460eb91a0d480d4
com-lj,2862548,2862548,2862548,28,2862552,2862558,2862552,2862558,27,2,431559580308120,False,False,2000000000000000,2157797901540600,200000000000000,431559580308120,1,0,0,835d5175a7309fedd782fc505407a5d140587540b27d4eab64df9f3f3eba2add,78a77750ac83057a6c62e5cef3ef34c74c50a8c6fc7603d0b460eb91a0d480d4
com-lj,2862549,2862549,2862549,28,2862552,2862558,2862552,2862558,27,2,431559580308120,False,False,2000000000000000,2157797901540600,200000000000000,431559580308120,1,0,0,835d5175a7309fedd782fc505407a5d140587540b27d4eab64df9f3f3eba2add,78a77750ac83057a6c62e5cef3ef34c74c50a8c6fc7603d0b460eb91a0d480d4
com-lj,2862550,2862550,2862550,28,2862552,2862558,2862552,2862558,27,2,431559580308120,False,False,2000000000000000,2157797901540600,200000000000000,431559580308120,1,0,0,835d5175a7309fedd782fc505407a5d140587540b27d4eab64df9f3f3eba2add,78a77750ac83057a6c62e5cef3ef34c74c50a8c6fc7603d0b460eb91a0d480d4
com-lj,2862551,2862551,2862551,28,2862552,2862558,2862552,2862558,27,2,431559580308120,False,False,2000000000000000,2157797901540600,200000000000000,431559580308120,1,0,0,835d5175a7309fedd782fc505407a5d140587540b27d4eab64df9f3f3eba2add,78a77750ac83057a6c62e5cef3ef34c74c50a8c6fc7603d0b460eb91a0d480d4
com-lj,2862553,2862553,2862553,28,2862552,2862558,2862552,2862558,27,2,431559580308120,False,False,2000000000000000,2157797901540600,200000000000000,431559580308120,1,0,0,835d5175a7309fedd782fc505407a5d140587540b27d4eab64df9f3f3eba2add,78a77750ac83057a6c62e5cef3ef34c74c50a8c6fc7603d0b460eb91a0d480d4
com-lj,2862554,2862554,2862554,28,2862552,2862558,2862552,2862558,27,2,431559580308120,False,False,2000000000000000,2157797901540600,200000000000000,431559580308120,1,0,0,835d5175a7309fedd782fc505407a5d140587540b27d4eab64df9f3f3eba2add,78a77750ac83057a6c62e5cef3ef34c74c50a8c6fc7603d0b460eb91a0d480d4
com-lj,2862555,2862555,2862555,28,2862552,2862558,2862552,2862558,27,2,431559580308120,False,False,2000000000000000,2157797901540600,200000000000000,431559580308120,1,0,0,835d5175a7309fedd782fc505407a5d140587540b27d4eab64df9f3f3eba2add,78a77750ac83057a6c62e5cef3ef34c74c50a8c6fc7603d0b460eb91a0d480d4
com-lj,2862556,2862556,2862556,28,2862552,2862558,2862552,2862558,27,2,431559580308120,False,False,2000000000000000,2157797901540600,200000000000000,431559580308120,1,0,0,835d5175a7309fedd782fc505407a5d140587540b27d4eab64df9f3f3eba2add,78a77750ac83057a6c62e5cef3ef34c74c50a8c6fc7603d0b460eb91a0d480d4
com-lj,2862557,2862557,2862557,28,2862552,2862558,2862552,2862558,27,2,431559580308120,False,False,2000000000000000,2157797901540600,200000000000000,431559580308120,1,0,0,835d5175a7309fedd782fc505407a5d140587540b27d4eab64df9f3f3eba2add,78a77750ac83057a6c62e5cef3ef34c74c50a8c6fc7603d0b460eb91a0d480d4
com-lj,2862559,2862559,2862559,28,2862552,2862558,2862552,2862558,27,2,431559580308120,False,False,2000000000000000,2157797901540600,200000000000000,431559580308120,1,0,0,835d5175a7309fedd782fc505407a5d140587540b27d4eab64df9f3f3eba2add,78a77750ac83057a6c62e5cef3ef34c74c50a8c6fc7603d0b460eb91a0d480d4
com-lj,2864242,2864242,2864242,31,1552617,1552666,1552617,1552666,126,2,2013944708104560,False,False,2000000000000000,10069723540522800,200000000000000,2013944708104560,1,0,0,835d5175a7309fedd782fc505407a5d140587540b27d4eab64df9f3f3eba2add,78a77750ac83057a6c62e5cef3ef34c74c50a8c6fc7603d0b460eb91a0d480d4
com-lj,2864642,2864642,2864642,8,1552652,1552654,1552652,1552654,58,2,927053913254480,False,False,2000000000000000,4635269566272400,200000000000000,927053913254480,1,0,0,835d5175a7309fedd782fc505407a5d140587540b27d4eab64df9f3f3eba2add,78a77750ac83057a6c62e5cef3ef34c74c50a8c6fc7603d0b460eb91a0d480d4
com-lj,2867609,2867609,2867609,44,2867615,2867617,2867615,2867617,44,2,703282279020640,False,False,2000000000000000,3516411395103200,200000000000000,703282279020640,1,0,0,835d5175a7309fedd782fc505407a5d140587540b27d4eab64df9f3f3eba2add,78a77750ac83057a6c62e5cef3ef34c74c50a8c6fc7603d0b460eb91a0d480d4
com-lj,2867621,2867621,2867621,44,2867615,2867617,2867615,2867617,44,2,703282279020640,False,False,2000000000000000,3516411395103200,200000000000000,703282279020640,1,0,0,835d5175a7309fedd782fc505407a5d140587540b27d4eab64df9f3f3eba2add,78a77750ac83057a6c62e5cef3ef34c74c50a8c6fc7603d0b460eb91a0d480d4
com-lj,2867623,2867623,2867623,44,2867615,2867617,2867615,2867617,44,2,703282279020640,False,False,2000000000000000,3516411395103200,200000000000000,703282279020640,1,0,0,835d5175a7309fedd782fc505407a5d140587540b27d4eab64df9f3f3eba2add,78a77750ac83057a6c62e5cef3ef34c74c50a8c6fc7603d0b460eb91a0d480d4
com-lj,2867624,2867624,2867624,44,2867615,2867617,2867615,2867617,44,2,703282279020640,False,False,2000000000000000,3516411395103200,200000000000000,703282279020640,1,0,0,835d5175a7309fedd782fc505407a5d140587540b27d4eab64df9f3f3eba2add,78a77750ac83057a6c62e5cef3ef34c74c50a8c6fc7603d0b460eb91a0d480d4
com-lj,2867625,2867625,2867625,44,2867615,2867617,2867615,2867617,44,2,703282279020640,False,False,2000000000000000,3516411395103200,200000000000000,703282279020640,1,0,0,835d5175a7309fedd782fc505407a5d140587540b27d4eab64df9f3f3eba2add,78a77750ac83057a6c62e5cef3ef34c74c50a8c6fc7603d0b460eb91a0d480d4
com-lj,2867626,2867626,2867626,44,2867615,2867617,2867615,2867617,44,2,703282279020640,False,False,2000000000000000,3516411395103200,200000000000000,703282279020640,1,0,0,835d5175a7309fedd782fc505407a5d140587540b27d4eab64df9f3f3eba2add,78a77750ac83057a6c62e5cef3ef34c74c50a8c6fc7603d0b460eb91a0d480d4
com-lj,2867627,2867627,2867627,44,2867615,2867617,2867615,2867617,44,2,703282279020640,False,False,2000000000000000,3516411395103200,200000000000000,703282279020640,1,0,0,835d5175a7309fedd782fc505407a5d140587540b27d4eab64df9f3f3eba2add,78a77750ac83057a6c62e5cef3ef34c74c50a8c6fc7603d0b460eb91a0d480d4
com-lj,2868543,2868543,2868543,3,2427792,2427793,2427792,2427793,29,2,463526956627240,False,False,2000000000000000,2317634783136200,200000000000000,463526956627240,1,0,0,835d5175a7309fedd782fc505407a5d140587540b27d4eab64df9f3f3eba2add,78a77750ac83057a6c62e5cef3ef34c74c50a8c6fc7603d0b460eb91a0d480d4
com-lj,2868660,2868660,2868660,3,1765500,1765582,1765500,1765582,47,2,751233343499320,False,False,2000000000000000,3756166717496600,200000000000000,751233343499320,1,0,0,835d5175a7309fedd782fc505407a5d140587540b27d4eab64df9f3f3eba2add,78a77750ac83057a6c62e5cef3ef34c74c50a8c6fc7603d0b460eb91a0d480d4
com-lj,2868860,2868860,2868860,25,2868789,2868793,2868789,2868793,61,2,975004977733160,False,False,2000000000000000,4875024888665800,200000000000000,975004977733160,1,0,0,835d5175a7309fedd782fc505407a5d140587540b27d4eab64df9f3f3eba2add,78a77750ac83057a6c62e5cef3ef34c74c50a8c6fc7603d0b460eb91a0d480d4
com-lj,2868926,2868926,2868926,2,505844,619333,505844,619333,55,2,879102848775800,False,False,2000000000000000,4395514243879000,200000000000000,879102848775800,1,0,0,835d5175a7309fedd782fc505407a5d140587540b27d4eab64df9f3f3eba2add,78a77750ac83057a6c62e5cef3ef34c74c50a8c6fc7603d0b460eb91a0d480d4
com-lj,2874035,2874035,2874035,6,365517,2551133,365517,2551133,41,2,655331214541960,False,False,2000000000000000,3276656072709800,200000000000000,655331214541960,1,0,0,835d5175a7309fedd782fc505407a5d140587540b27d4eab64df9f3f3eba2add,78a77750ac83057a6c62e5cef3ef34c74c50a8c6fc7603d0b460eb91a0d480d4
com-lj,2874036,2874036,2874036,6,365517,2551133,365517,2551133,41,2,655331214541960,False,False,2000000000000000,3276656072709800,200000000000000,655331214541960,1,0,0,835d5175a7309fedd782fc505407a5d140587540b27d4eab64df9f3f3eba2add,78a77750ac83057a6c62e5cef3ef34c74c50a8c6fc7603d0b460eb91a0d480d4
com-lj,2878790,2878790,2878790,15,2390991,2391010,2390991,2391010,33,2,527461709265480,False,False,2000000000000000,2637308546327400,200000000000000,527461709265480,1,0,0,835d5175a7309fedd782fc505407a5d140587540b27d4eab64df9f3f3eba2add,78a77750ac83057a6c62e5cef3ef34c74c50a8c6fc7603d0b460eb91a0d480d4
com-lj,2887837,2887837,2887837,29,2887818,2887846,2887818,2887846,32,2,511478021105920,False,False,2000000000000000,2557390105529600,200000000000000,511478021105920,1,0,0,835d5175a7309fedd782fc505407a5d140587540b27d4eab64df9f3f3eba2add,78a77750ac83057a6c62e5cef3ef34c74c50a8c6fc7603d0b460eb91a0d480d4
com-lj,2887913,2887913,2887913,30,2887926,2887929,2887926,2887929,29,2,463526956627240,False,False,2000000000000000,2317634783136200,200000000000000,463526956627240,1,0,0,835d5175a7309fedd782fc505407a5d140587540b27d4eab64df9f3f3eba2add,78a77750ac83057a6c62e5cef3ef34c74c50a8c6fc7603d0b460eb91a0d480d4
com-lj,2888708,2888708,2888708,23,2888689,2888711,2888689,2888711,42,2,671314902701520,False,False,2000000000000000,3356574513507600,200000000000000,671314902701520,1,0,0,835d5175a7309fedd782fc505407a5d140587540b27d4eab64df9f3f3eba2add,78a77750ac83057a6c62e5cef3ef34c74c50a8c6fc7603d0b460eb91a0d480d4
com-lj,2892141,2892141,2892141,10,946628,2170514,946628,2170514,39,2,623363838222840,False,False,2000000000000000,3116819191114200,200000000000000,623363838222840,2,0,0,835d5175a7309fedd782fc505407a5d140587540b27d4eab64df9f3f3eba2add,78a77750ac83057a6c62e5cef3ef34c74c50a8c6fc7603d0b460eb91a0d480d4
com-lj,2892144,2892144,2892144,9,946388,946616,946388,946616,169,2,2701243298965640,False,False,2000000000000000,13506216494828200,200000000000000,2701243298965640,3,0,0,835d5175a7309fedd782fc505407a5d140587540b27d4eab64df9f3f3eba2add,78a77750ac83057a6c62e5cef3ef34c74c50a8c6fc7603d0b460eb91a0d480d4
com-lj,2893177,2893177,2893177,15,2893179,2893181,2893179,2893181,29,2,463526956627240,False,False,2000000000000000,2317634783136200,200000000000000,463526956627240,1,0,0,835d5175a7309fedd782fc505407a5d140587540b27d4eab64df9f3f3eba2add,78a77750ac83057a6c62e5cef3ef34c74c50a8c6fc7603d0b460eb91a0d480d4
com-lj,2893712,2893712,2893712,24,2893698,2893717,2893698,2893717,35,2,559429085584600,False,False,2000000000000000,2797145427923000,200000000000000,559429085584600,1,0,0,835d5175a7309fedd782fc505407a5d140587540b27d4eab64df9f3f3eba2add,78a77750ac83057a6c62e5cef3ef34c74c50a8c6fc7603d0b460eb91a0d480d4
com-lj,2893799,2893799,2893799,33,2108348,2893820,2108348,2893820,32,2,511478021105920,False,False,2000000000000000,2557390105529600,200000000000000,511478021105920,1,0,0,835d5175a7309fedd782fc505407a5d140587540b27d4eab64df9f3f3eba2add,78a77750ac83057a6c62e5cef3ef34c74c50a8c6fc7603d0b460eb91a0d480d4
com-lj,2893802,2893802,2893802,33,2108348,2893820,2108348,2893820,32,2,511478021105920,False,False,2000000000000000,2557390105529600,200000000000000,511478021105920,1,0,0,835d5175a7309fedd782fc505407a5d140587540b27d4eab64df9f3f3eba2add,78a77750ac83057a6c62e5cef3ef34c74c50a8c6fc7603d0b460eb91a0d480d4
com-lj,2893804,2893804,2893804,33,2108348,2893820,2108348,2893820,32,2,511478021105920,False,False,2000000000000000,2557390105529600,200000000000000,511478021105920,1,0,0,835d5175a7309fedd782fc505407a5d140587540b27d4eab64df9f3f3eba2add,78a77750ac83057a6c62e5cef3ef34c74c50a8c6fc7603d0b460eb91a0d480d4
com-lj,2893813,2893813,2893813,33,2108348,2893820,2108348,2893820,32,2,511478021105920,False,False,2000000000000000,2557390105529600,200000000000000,511478021105920,1,0,0,835d5175a7309fedd782fc505407a5d140587540b27d4eab64df9f3f3eba2add,78a77750ac83057a6c62e5cef3ef34c74c50a8c6fc7603d0b460eb91a0d480d4
com-lj,2915992,2915992,2915992,4,1689690,1781754,1689690,1781754,40,2,639347526382400,False,False,2000000000000000,3196737631912000,200000000000000,639347526382400,1,0,0,835d5175a7309fedd782fc505407a5d140587540b27d4eab64df9f3f3eba2add,78a77750ac83057a6c62e5cef3ef34c74c50a8c6fc7603d0b460eb91a0d480d4
com-lj,2925382,2925382,2925382,4,1747848,1747856,1747848,1747856,36,2,575412773744160,False,False,2000000000000000,2877063868720800,200000000000000,575412773744160,1,0,0,835d5175a7309fedd782fc505407a5d140587540b27d4eab64df9f3f3eba2add,78a77750ac83057a6c62e5cef3ef34c74c50a8c6fc7603d0b460eb91a0d480d4
com-lj,2926202,2926202,2926202,5,387747,946315,387747,946315,236,2,3772150405656160,False,False,2000000000000000,18860752028280800,200000000000000,3772150405656160,1,0,0,835d5175a7309fedd782fc505407a5d140587540b27d4eab64df9f3f3eba2add,78a77750ac83057a6c62e5cef3ef34c74c50a8c6fc7603d0b460eb91a0d480d4
com-lj,2933259,2933259,2933259,6,548872,548882,548872,548882,37,2,591396461903720,False,False,2000000000000000,2956982309518600,200000000000000,591396461903720,1,0,0,835d5175a7309fedd782fc505407a5d140587540b27d4eab64df9f3f3eba2add,78a77750ac83057a6c62e5cef3ef34c74c50a8c6fc7603d0b460eb91a0d480d4
com-lj,2937035,2937035,2937035,17,2936992,2937023,2936992,2937023,32,2,511478021105920,False,False,2000000000000000,2557390105529600,200000000000000,511478021105920,1,0,0,835d5175a7309fedd782fc505407a5d140587540b27d4eab64df9f3f3eba2add,78a77750ac83057a6c62e5cef3ef34c74c50a8c6fc7603d0b460eb91a0d480d4
com-lj,2944642,2944642,2944642,19,2944626,2944632,2944626,2944632,27,2,431559580308120,False,False,2000000000000000,2157797901540600,200000000000000,431559580308120,1,0,0,835d5175a7309fedd782fc505407a5d140587540b27d4eab64df9f3f3eba2add,78a77750ac83057a6c62e5cef3ef34c74c50a8c6fc7603d0b460eb91a0d480d4
com-lj,2952488,2952488,2952488,15,2539737,2952504,2539737,2952504,52,2,831151784297120,False,False,2000000000000000,4155758921485600,200000000000000,831151784297120,1,0,0,835d5175a7309fedd782fc505407a5d140587540b27d4eab64df9f3f3eba2add,78a77750ac83057a6c62e5cef3ef34c74c50a8c6fc7603d0b460eb91a0d480d4
com-lj,2952497,2952497,2952497,16,2539737,2952504,2539737,2952504,52,2,831151784297120,False,False,2000000000000000,4155758921485600,200000000000000,831151784297120,1,0,0,835d5175a7309fedd782fc505407a5d140587540b27d4eab64df9f3f3eba2add,78a77750ac83057a6c62e5cef3ef34c74c50a8c6fc7603d0b460eb91a0d480d4
com-lj,2952507,2952507,2952507,10,2539737,2952504,2539737,2952504,52,2,831151784297120,False,False,2000000000000000,4155758921485600,200000000000000,831151784297120,1,0,0,835d5175a7309fedd782fc505407a5d140587540b27d4eab64df9f3f3eba2add,78a77750ac83057a6c62e5cef3ef34c74c50a8c6fc7603d0b460eb91a0d480d4
com-lj,2952508,2952508,2952508,9,2539737,2952504,2539737,2952504,52,2,831151784297120,False,False,2000000000000000,4155758921485600,200000000000000,831151784297120,1,0,0,835d5175a7309fedd782fc505407a5d140587540b27d4eab64df9f3f3eba2add,78a77750ac83057a6c62e5cef3ef34c74c50a8c6fc7603d0b460eb91a0d480d4
com-lj,2960493,2960493,2960493,11,465334,1327307,465334,1327307,44,2,703282279020640,False,False,2000000000000000,3516411395103200,200000000000000,703282279020640,1,0,0,835d5175a7309fedd782fc505407a5d140587540b27d4eab64df9f3f3eba2add,78a77750ac83057a6c62e5cef3ef34c74c50a8c6fc7603d0b460eb91a0d480d4
com-lj,2969060,2969060,2969060,4,2862267,2862275,2862267,2862275,122,2,1950009955466320,False,False,2000000000000000,9750049777331600,200000000000000,1950009955466320,1,0,0,835d5175a7309fedd782fc505407a5d140587540b27d4eab64df9f3f3eba2add,78a77750ac83057a6c62e5cef3ef34c74c50a8c6fc7603d0b460eb91a0d480d4
com-lj,2980672,2980672,2980672,5,713338,1787089,713338,1787089,35,2,559429085584600,False,False,2000000000000000,2797145427923000,200000000000000,559429085584600,1,0,0,835d5175a7309fedd782fc505407a5d140587540b27d4eab64df9f3f3eba2add,78a77750ac83057a6c62e5cef3ef34c74c50a8c6fc7603d0b460eb91a0d480d4
com-lj,2983288,2983288,2983288,2,565179,565184,565179,565184,32,2,511478021105920,False,False,2000000000000000,2557390105529600,200000000000000,511478021105920,1,0,0,835d5175a7309fedd782fc505407a5d140587540b27d4eab64df9f3f3eba2add,78a77750ac83057a6c62e5cef3ef34c74c50a8c6fc7603d0b460eb91a0d480d4
com-lj,2983436,2983436,2983436,2,644380,644381,644380,644381,52,2,831151784297120,False,False,2000000000000000,4155758921485600,200000000000000,831151784297120,1,0,0,835d5175a7309fedd782fc505407a5d140587540b27d4eab64df9f3f3eba2add,78a77750ac83057a6c62e5cef3ef34c74c50a8c6fc7603d0b460eb91a0d480d4
com-lj,2988880,2988880,2988880,36,2988879,2988907,2988879,2988907,41,2,655331214541960,False,False,2000000000000000,3276656072709800,200000000000000,655331214541960,1,0,0,835d5175a7309fedd782fc505407a5d140587540b27d4eab64df9f3f3eba2add,78a77750ac83057a6c62e5cef3ef34c74c50a8c6fc7603d0b460eb91a0d480d4
com-lj,2988885,2988885,2988885,36,2988879,2988907,2988879,2988907,41,2,655331214541960,False,False,2000000000000000,3276656072709800,200000000000000,655331214541960,1,0,0,835d5175a7309fedd782fc505407a5d140587540b27d4eab64df9f3f3eba2add,78a77750ac83057a6c62e5cef3ef34c74c50a8c6fc7603d0b460eb91a0d480d4
com-lj,2988887,2988887,2988887,36,2988879,2988907,2988879,2988907,41,2,655331214541960,False,False,2000000000000000,3276656072709800,200000000000000,655331214541960,1,0,0,835d5175a7309fedd782fc505407a5d140587540b27d4eab64df9f3f3eba2add,78a77750ac83057a6c62e5cef3ef34c74c50a8c6fc7603d0b460eb91a0d480d4
com-lj,2988890,2988890,2988890,36,2988879,2988907,2988879,2988907,41,2,655331214541960,False,False,2000000000000000,3276656072709800,200000000000000,655331214541960,1,0,0,835d5175a7309fedd782fc505407a5d140587540b27d4eab64df9f3f3eba2add,78a77750ac83057a6c62e5cef3ef34c74c50a8c6fc7603d0b460eb91a0d480d4
com-lj,2988891,2988891,2988891,36,2988879,2988907,2988879,2988907,41,2,655331214541960,False,False,2000000000000000,3276656072709800,200000000000000,655331214541960,1,0,0,835d5175a7309fedd782fc505407a5d140587540b27d4eab64df9f3f3eba2add,78a77750ac83057a6c62e5cef3ef34c74c50a8c6fc7603d0b460eb91a0d480d4
com-lj,2988896,2988896,2988896,36,2988879,2988907,2988879,2988907,41,2,655331214541960,False,False,2000000000000000,3276656072709800,200000000000000,655331214541960,1,0,0,835d5175a7309fedd782fc505407a5d140587540b27d4eab64df9f3f3eba2add,78a77750ac83057a6c62e5cef3ef34c74c50a8c6fc7603d0b460eb91a0d480d4
com-lj,2988898,2988898,2988898,36,2988879,2988907,2988879,2988907,41,2,655331214541960,False,False,2000000000000000,3276656072709800,200000000000000,655331214541960,1,0,0,835d5175a7309fedd782fc505407a5d140587540b27d4eab64df9f3f3eba2add,78a77750ac83057a6c62e5cef3ef34c74c50a8c6fc7603d0b460eb91a0d480d4
com-lj,2988899,2988899,2988899,36,2988879,2988907,2988879,2988907,41,2,655331214541960,False,False,2000000000000000,3276656072709800,200000000000000,655331214541960,1,0,0,835d5175a7309fedd782fc505407a5d140587540b27d4eab64df9f3f3eba2add,78a77750ac83057a6c62e5cef3ef34c74c50a8c6fc7603d0b460eb91a0d480d4
com-lj,2988901,2988901,2988901,36,2988879,2988907,2988879,2988907,41,2,655331214541960,False,False,2000000000000000,3276656072709800,200000000000000,655331214541960,1,0,0,835d5175a7309fedd782fc505407a5d140587540b27d4eab64df9f3f3eba2add,78a77750ac83057a6c62e5cef3ef34c74c50a8c6fc7603d0b460eb91a0d480d4
com-lj,2988902,2988902,2988902,36,2988879,2988907,2988879,2988907,41,2,655331214541960,False,False,2000000000000000,3276656072709800,200000000000000,655331214541960,1,0,0,835d5175a7309fedd782fc505407a5d140587540b27d4eab64df9f3f3eba2add,78a77750ac83057a6c62e5cef3ef34c74c50a8c6fc7603d0b460eb91a0d480d4
com-lj,2988903,2988903,2988903,36,2988879,2988907,2988879,2988907,41,2,655331214541960,False,False,2000000000000000,3276656072709800,200000000000000,655331214541960,1,0,0,835d5175a7309fedd782fc505407a5d140587540b27d4eab64df9f3f3eba2add,78a77750ac83057a6c62e5cef3ef34c74c50a8c6fc7603d0b460eb91a0d480d4
com-lj,2988904,2988904,2988904,36,2988879,2988907,2988879,2988907,41,2,655331214541960,False,False,2000000000000000,3276656072709800,200000000000000,655331214541960,1,0,0,835d5175a7309fedd782fc505407a5d140587540b27d4eab64df9f3f3eba2add,78a77750ac83057a6c62e5cef3ef34c74c50a8c6fc7603d0b460eb91a0d480d4
com-lj,2994133,2994133,2994133,2,607246,607248,607246,607248,42,2,671314902701520,False,False,2000000000000000,3356574513507600,200000000000000,671314902701520,1,0,0,835d5175a7309fedd782fc505407a5d140587540b27d4eab64df9f3f3eba2add,78a77750ac83057a6c62e5cef3ef34c74c50a8c6fc7603d0b460eb91a0d480d4
com-lj,2999821,2999821,2999821,8,801718,1234707,801718,1234707,38,2,607380150063280,False,False,2000000000000000,3036900750316400,200000000000000,607380150063280,1,0,0,835d5175a7309fedd782fc505407a5d140587540b27d4eab64df9f3f3eba2add,78a77750ac83057a6c62e5cef3ef34c74c50a8c6fc7603d0b460eb91a0d480d4
com-lj,3001787,3001787,3001787,56,1932037,1932061,1932037,1932061,67,2,1070907106690520,False,False,2000000000000000,5354535533452600,200000000000000,1070907106690520,1,0,0,835d5175a7309fedd782fc505407a5d140587540b27d4eab64df9f3f3eba2add,78a77750ac83057a6c62e5cef3ef34c74c50a8c6fc7603d0b460eb91a0d480d4
com-lj,3002061,3002061,3002061,2,59345,59368,59345,59368,29,2,463526956627240,False,False,2000000000000000,2317634783136200,200000000000000,463526956627240,1,0,0,835d5175a7309fedd782fc505407a5d140587540b27d4eab64df9f3f3eba2add,78a77750ac83057a6c62e5cef3ef34c74c50a8c6fc7603d0b460eb91a0d480d4
com-lj,3002922,3002922,3002922,2,1913427,1924176,1913427,1924176,70,2,1118858171169200,False,False,2000000000000000,5594290855846000,200000000000000,1118858171169200,1,0,0,835d5175a7309fedd782fc505407a5d140587540b27d4eab64df9f3f3eba2add,78a77750ac83057a6c62e5cef3ef34c74c50a8c6fc7603d0b460eb91a0d480d4
com-lj,3003711,3003711,3003711,20,1249537,1924387,1249537,1924387,424,2,6777083779653440,False,False,2000000000000000,33885418898267200,200000000000000,6777083779653440,2,0,0,835d5175a7309fedd782fc505407a5d140587540b27d4eab64df9f3f3eba2add,78a77750ac83057a6c62e5cef3ef34c74c50a8c6fc7603d0b460eb91a0d480d4
com-lj,3003712,3003712,3003712,8,1249527,1924396,1249527,1924396,707,2,11300467528808920,False,False,2000000000000000,56502337644044600,200000000000000,11300467528808920,1,0,0,835d5175a7309fedd782fc505407a5d140587540b27d4eab64df9f3f3eba2add,78a77750ac83057a6c62e5cef3ef34c74c50a8c6fc7603d0b460eb91a0d480d4
com-lj,3011339,3011339,3011339,6,1742174,1753970,1742174,1753970,29,2,463526956627240,False,False,2000000000000000,2317634783136200,200000000000000,463526956627240,1,0,0,835d5175a7309fedd782fc505407a5d140587540b27d4eab64df9f3f3eba2add,78a77750ac83057a6c62e5cef3ef34c74c50a8c6fc7603d0b460eb91a0d480d4
com-lj,3012566,3012566,3012566,6,2728241,2861764,2728241,2861764,27,2,431559580308120,False,False,2000000000000000,2157797901540600,200000000000000,431559580308120,1,0,0,835d5175a7309fedd782fc505407a5d140587540b27d4eab64df9f3f3eba2add,78a77750ac83057a6c62e5cef3ef34c74c50a8c6fc7603d0b460eb91a0d480d4
com-lj,3022405,3022405,3022405,11,3022389,3022392,3022389,3022392,26,2,415575892148560,False,False,2000000000000000,2077879460742800,200000000000000,415575892148560,1,0,0,835d5175a7309fedd782fc505407a5d140587540b27d4eab64df9f3f3eba2add,78a77750ac83057a6c62e5cef3ef34c74c50a8c6fc7603d0b460eb91a0d480d4
com-lj,3024086,3024086,3024086,13,3024085,3024178,3024085,3024178,114,2,1822140450189840,False,False,2000000000000000,9110702250949200,200000000000000,1822140450189840,3,0,0,835d5175a7309fedd782fc505407a5d140587540b27d4eab64df9f3f3eba2add,78a77750ac83057a6c62e5cef3ef34c74c50a8c6fc7603d0b460eb91a0d480d4
com-lj,3024124,3024124,3024124,14,3024085,3024178,3024085,3024178,114,2,1822140450189840,False,False,2000000000000000,9110702250949200,200000000000000,1822140450189840,3,0,0,835d5175a7309fedd782fc505407a5d140587540b27d4eab64df9f3f3eba2add,78a77750ac83057a6c62e5cef3ef34c74c50a8c6fc7603d0b460eb91a0d480d4
com-lj,3024125,3024125,3024125,13,3024085,3024178,3024085,3024178,114,2,1822140450189840,False,False,2000000000000000,9110702250949200,200000000000000,1822140450189840,3,0,0,835d5175a7309fedd782fc505407a5d140587540b27d4eab64df9f3f3eba2add,78a77750ac83057a6c62e5cef3ef34c74c50a8c6fc7603d0b460eb91a0d480d4
com-lj,3024126,3024126,3024126,13,3024085,3024178,3024085,3024178,114,2,1822140450189840,False,False,2000000000000000,9110702250949200,200000000000000,1822140450189840,3,0,0,835d5175a7309fedd782fc505407a5d140587540b27d4eab64df9f3f3eba2add,78a77750ac83057a6c62e5cef3ef34c74c50a8c6fc7603d0b460eb91a0d480d4
com-lj,3024127,3024127,3024127,13,3024085,3024178,3024085,3024178,114,2,1822140450189840,False,False,2000000000000000,9110702250949200,200000000000000,1822140450189840,3,0,0,835d5175a7309fedd782fc505407a5d140587540b27d4eab64df9f3f3eba2add,78a77750ac83057a6c62e5cef3ef34c74c50a8c6fc7603d0b460eb91a0d480d4
com-lj,3024128,3024128,3024128,13,3024085,3024178,3024085,3024178,114,2,1822140450189840,False,False,2000000000000000,9110702250949200,200000000000000,1822140450189840,3,0,0,835d5175a7309fedd782fc505407a5d140587540b27d4eab64df9f3f3eba2add,78a77750ac83057a6c62e5cef3ef34c74c50a8c6fc7603d0b460eb91a0d480d4
com-lj,3024129,3024129,3024129,13,3024085,3024178,3024085,3024178,114,2,1822140450189840,False,False,2000000000000000,9110702250949200,200000000000000,1822140450189840,3,0,0,835d5175a7309fedd782fc505407a5d140587540b27d4eab64df9f3f3eba2add,78a77750ac83057a6c62e5cef3ef34c74c50a8c6fc7603d0b460eb91a0d480d4
com-lj,3024130,3024130,3024130,13,3024085,3024178,3024085,3024178,114,2,1822140450189840,False,False,2000000000000000,9110702250949200,200000000000000,1822140450189840,3,0,0,835d5175a7309fedd782fc505407a5d140587540b27d4eab64df9f3f3eba2add,78a77750ac83057a6c62e5cef3ef34c74c50a8c6fc7603d0b460eb91a0d480d4
com-lj,3024131,3024131,3024131,13,3024085,3024178,3024085,3024178,114,2,1822140450189840,False,False,2000000000000000,9110702250949200,200000000000000,1822140450189840,3,0,0,835d5175a7309fedd782fc505407a5d140587540b27d4eab64df9f3f3eba2add,78a77750ac83057a6c62e5cef3ef34c74c50a8c6fc7603d0b460eb91a0d480d4
com-lj,3024132,3024132,3024132,13,3024085,3024178,3024085,3024178,114,2,1822140450189840,False,False,2000000000000000,9110702250949200,200000000000000,1822140450189840,3,0,0,835d5175a7309fedd782fc505407a5d140587540b27d4eab64df9f3f3eba2add,78a77750ac83057a6c62e5cef3ef34c74c50a8c6fc7603d0b460eb91a0d480d4
com-lj,3024133,3024133,3024133,13,3024085,3024178,3024085,3024178,114,2,1822140450189840,False,False,2000000000000000,9110702250949200,200000000000000,1822140450189840,3,0,0,835d5175a7309fedd782fc505407a5d140587540b27d4eab64df9f3f3eba2add,78a77750ac83057a6c62e5cef3ef34c74c50a8c6fc7603d0b460eb91a0d480d4
com-lj,3024134,3024134,3024134,13,3024085,3024178,3024085,3024178,114,2,1822140450189840,False,False,2000000000000000,9110702250949200,200000000000000,1822140450189840,3,0,0,835d5175a7309fedd782fc505407a5d140587540b27d4eab64df9f3f3eba2add,78a77750ac83057a6c62e5cef3ef34c74c50a8c6fc7603d0b460eb91a0d480d4
com-lj,3024135,3024135,3024135,13,3024085,3024178,3024085,3024178,114,2,1822140450189840,False,False,2000000000000000,9110702250949200,200000000000000,1822140450189840,3,0,0,835d5175a7309fedd782fc505407a5d140587540b27d4eab64df9f3f3eba2add,78a77750ac83057a6c62e5cef3ef34c74c50a8c6fc7603d0b460eb91a0d480d4
com-lj,3024136,3024136,3024136,13,3024085,3024178,3024085,3024178,114,2,1822140450189840,False,False,2000000000000000,9110702250949200,200000000000000,1822140450189840,3,0,0,835d5175a7309fedd782fc505407a5d140587540b27d4eab64df9f3f3eba2add,78a77750ac83057a6c62e5cef3ef34c74c50a8c6fc7603d0b460eb91a0d480d4
com-lj,3024137,3024137,3024137,13,3024085,3024178,3024085,3024178,114,2,1822140450189840,False,False,2000000000000000,9110702250949200,200000000000000,1822140450189840,3,0,0,835d5175a7309fedd782fc505407a5d140587540b27d4eab64df9f3f3eba2add,78a77750ac83057a6c62e5cef3ef34c74c50a8c6fc7603d0b460eb91a0d480d4
com-lj,3024139,3024139,3024139,14,3024085,3024178,3024085,3024178,114,2,1822140450189840,False,False,2000000000000000,9110702250949200,200000000000000,1822140450189840,3,0,0,835d5175a7309fedd782fc505407a5d140587540b27d4eab64df9f3f3eba2add,78a77750ac83057a6c62e5cef3ef34c74c50a8c6fc7603d0b460eb91a0d480d4
com-lj,3024141,3024141,3024141,13,3024085,3024178,3024085,3024178,114,2,1822140450189840,False,False,2000000000000000,9110702250949200,200000000000000,1822140450189840,3,0,0,835d5175a7309fedd782fc505407a5d140587540b27d4eab64df9f3f3eba2add,78a77750ac83057a6c62e5cef3ef34c74c50a8c6fc7603d0b460eb91a0d480d4
com-lj,3024143,3024143,3024143,13,3024085,3024178,3024085,3024178,114,2,1822140450189840,False,False,2000000000000000,9110702250949200,200000000000000,1822140450189840,3,0,0,835d5175a7309fedd782fc505407a5d140587540b27d4eab64df9f3f3eba2add,78a77750ac83057a6c62e5cef3ef34c74c50a8c6fc7603d0b460eb91a0d480d4
com-lj,3024146,3024146,3024146,13,3024085,3024178,3024085,3024178,114,2,1822140450189840,False,False,2000000000000000,9110702250949200,200000000000000,1822140450189840,3,0,0,835d5175a7309fedd782fc505407a5d140587540b27d4eab64df9f3f3eba2add,78a77750ac83057a6c62e5cef3ef34c74c50a8c6fc7603d0b460eb91a0d480d4
com-lj,3024147,3024147,3024147,13,3024085,3024178,3024085,3024178,114,2,1822140450189840,False,False,2000000000000000,9110702250949200,200000000000000,1822140450189840,3,0,0,835d5175a7309fedd782fc505407a5d140587540b27d4eab64df9f3f3eba2add,78a77750ac83057a6c62e5cef3ef34c74c50a8c6fc7603d0b460eb91a0d480d4
com-lj,3024148,3024148,3024148,13,3024085,3024178,3024085,3024178,114,2,1822140450189840,False,False,2000000000000000,9110702250949200,200000000000000,1822140450189840,3,0,0,835d5175a7309fedd782fc505407a5d140587540b27d4eab64df9f3f3eba2add,78a77750ac83057a6c62e5cef3ef34c74c50a8c6fc7603d0b460eb91a0d480d4
com-lj,3024149,3024149,3024149,13,3024085,3024178,3024085,3024178,114,2,1822140450189840,False,False,2000000000000000,9110702250949200,200000000000000,1822140450189840,3,0,0,835d5175a7309fedd782fc505407a5d140587540b27d4eab64df9f3f3eba2add,78a77750ac83057a6c62e5cef3ef34c74c50a8c6fc7603d0b460eb91a0d480d4
com-lj,3024150,3024150,3024150,13,3024085,3024178,3024085,3024178,114,2,1822140450189840,False,False,2000000000000000,9110702250949200,200000000000000,1822140450189840,3,0,0,835d5175a7309fedd782fc505407a5d140587540b27d4eab64df9f3f3eba2add,78a77750ac83057a6c62e5cef3ef34c74c50a8c6fc7603d0b460eb91a0d480d4
com-lj,3024151,3024151,3024151,13,3024085,3024178,3024085,3024178,114,2,1822140450189840,False,False,2000000000000000,9110702250949200,200000000000000,1822140450189840,3,0,0,835d5175a7309fedd782fc505407a5d140587540b27d4eab64df9f3f3eba2add,78a77750ac83057a6c62e5cef3ef34c74c50a8c6fc7603d0b460eb91a0d480d4
com-lj,3024152,3024152,3024152,13,3024085,3024178,3024085,3024178,114,2,1822140450189840,False,False,2000000000000000,9110702250949200,200000000000000,1822140450189840,3,0,0,835d5175a7309fedd782fc505407a5d140587540b27d4eab64df9f3f3eba2add,78a77750ac83057a6c62e5cef3ef34c74c50a8c6fc7603d0b460eb91a0d480d4
com-lj,3024153,3024153,3024153,13,3024085,3024178,3024085,3024178,114,2,1822140450189840,False,False,2000000000000000,9110702250949200,200000000000000,1822140450189840,3,0,0,835d5175a7309fedd782fc505407a5d140587540b27d4eab64df9f3f3eba2add,78a77750ac83057a6c62e5cef3ef34c74c50a8c6fc7603d0b460eb91a0d480d4
com-lj,3024155,3024155,3024155,13,3024085,3024178,3024085,3024178,114,2,1822140450189840,False,False,2000000000000000,9110702250949200,200000000000000,1822140450189840,3,0,0,835d5175a7309fedd782fc505407a5d140587540b27d4eab64df9f3f3eba2add,78a77750ac83057a6c62e5cef3ef34c74c50a8c6fc7603d0b460eb91a0d480d4
com-lj,3024156,3024156,3024156,13,3024085,3024178,3024085,3024178,114,2,1822140450189840,False,False,2000000000000000,9110702250949200,200000000000000,1822140450189840,3,0,0,835d5175a7309fedd782fc505407a5d140587540b27d4eab64df9f3f3eba2add,78a77750ac83057a6c62e5cef3ef34c74c50a8c6fc7603d0b460eb91a0d480d4
com-lj,3024157,3024157,3024157,13,3024085,3024178,3024085,3024178,114,2,1822140450189840,False,False,2000000000000000,9110702250949200,200000000000000,1822140450189840,3,0,0,835d5175a7309fedd782fc505407a5d140587540b27d4eab64df9f3f3eba2add,78a77750ac83057a6c62e5cef3ef34c74c50a8c6fc7603d0b460eb91a0d480d4
com-lj,3024158,3024158,3024158,13,3024085,3024178,3024085,3024178,114,2,1822140450189840,False,False,2000000000000000,9110702250949200,200000000000000,1822140450189840,3,0,0,835d5175a7309fedd782fc505407a5d140587540b27d4eab64df9f3f3eba2add,78a77750ac83057a6c62e5cef3ef34c74c50a8c6fc7603d0b460eb91a0d480d4
com-lj,3024159,3024159,3024159,13,3024085,3024178,3024085,3024178,114,2,1822140450189840,False,False,2000000000000000,9110702250949200,200000000000000,1822140450189840,3,0,0,835d5175a7309fedd782fc505407a5d140587540b27d4eab64df9f3f3eba2add,78a77750ac83057a6c62e5cef3ef34c74c50a8c6fc7603d0b460eb91a0d480d4
com-lj,3024160,3024160,3024160,13,3024085,3024178,3024085,3024178,114,2,1822140450189840,False,False,2000000000000000,9110702250949200,200000000000000,1822140450189840,3,0,0,835d5175a7309fedd782fc505407a5d140587540b27d4eab64df9f3f3eba2add,78a77750ac83057a6c62e5cef3ef34c74c50a8c6fc7603d0b460eb91a0d480d4
com-lj,3024161,3024161,3024161,13,3024085,3024178,3024085,3024178,114,2,1822140450189840,False,False,2000000000000000,9110702250949200,200000000000000,1822140450189840,3,0,0,835d5175a7309fedd782fc505407a5d140587540b27d4eab64df9f3f3eba2add,78a77750ac83057a6c62e5cef3ef34c74c50a8c6fc7603d0b460eb91a0d480d4
com-lj,3024162,3024162,3024162,13,3024085,3024178,3024085,3024178,114,2,1822140450189840,False,False,2000000000000000,9110702250949200,200000000000000,1822140450189840,3,0,0,835d5175a7309fedd782fc505407a5d140587540b27d4eab64df9f3f3eba2add,78a77750ac83057a6c62e5cef3ef34c74c50a8c6fc7603d0b460eb91a0d480d4
com-lj,3024163,3024163,3024163,13,3024085,3024178,3024085,3024178,114,2,1822140450189840,False,False,2000000000000000,9110702250949200,200000000000000,1822140450189840,3,0,0,835d5175a7309fedd782fc505407a5d140587540b27d4eab64df9f3f3eba2add,78a77750ac83057a6c62e5cef3ef34c74c50a8c6fc7603d0b460eb91a0d480d4
com-lj,3024164,3024164,3024164,13,3024085,3024178,3024085,3024178,114,2,1822140450189840,False,False,2000000000000000,9110702250949200,200000000000000,1822140450189840,3,0,0,835d5175a7309fedd782fc505407a5d140587540b27d4eab64df9f3f3eba2add,78a77750ac83057a6c62e5cef3ef34c74c50a8c6fc7603d0b460eb91a0d480d4
com-lj,3024165,3024165,3024165,13,3024085,3024178,3024085,3024178,114,2,1822140450189840,False,False,2000000000000000,9110702250949200,200000000000000,1822140450189840,3,0,0,835d5175a7309fedd782fc505407a5d140587540b27d4eab64df9f3f3eba2add,78a77750ac83057a6c62e5cef3ef34c74c50a8c6fc7603d0b460eb91a0d480d4
com-lj,3024166,3024166,3024166,13,3024085,3024178,3024085,3024178,114,2,1822140450189840,False,False,2000000000000000,9110702250949200,200000000000000,1822140450189840,3,0,0,835d5175a7309fedd782fc505407a5d140587540b27d4eab64df9f3f3eba2add,78a77750ac83057a6c62e5cef3ef34c74c50a8c6fc7603d0b460eb91a0d480d4
com-lj,3024167,3024167,3024167,13,3024085,3024178,3024085,3024178,114,2,1822140450189840,False,False,2000000000000000,9110702250949200,200000000000000,1822140450189840,3,0,0,835d5175a7309fedd782fc505407a5d140587540b27d4eab64df9f3f3eba2add,78a77750ac83057a6c62e5cef3ef34c74c50a8c6fc7603d0b460eb91a0d480d4
com-lj,3024168,3024168,3024168,13,3024085,3024178,3024085,3024178,114,2,1822140450189840,False,False,2000000000000000,9110702250949200,200000000000000,1822140450189840,3,0,0,835d5175a7309fedd782fc505407a5d140587540b27d4eab64df9f3f3eba2add,78a77750ac83057a6c62e5cef3ef34c74c50a8c6fc7603d0b460eb91a0d480d4
com-lj,3024169,3024169,3024169,13,3024085,3024178,3024085,3024178,114,2,1822140450189840,False,False,2000000000000000,9110702250949200,200000000000000,1822140450189840,3,0,0,835d5175a7309fedd782fc505407a5d140587540b27d4eab64df9f3f3eba2add,78a77750ac83057a6c62e5cef3ef34c74c50a8c6fc7603d0b460eb91a0d480d4
com-lj,3024170,3024170,3024170,13,3024085,3024178,3024085,3024178,114,2,1822140450189840,False,False,2000000000000000,9110702250949200,200000000000000,1822140450189840,3,0,0,835d5175a7309fedd782fc505407a5d140587540b27d4eab64df9f3f3eba2add,78a77750ac83057a6c62e5cef3ef34c74c50a8c6fc7603d0b460eb91a0d480d4
com-lj,3024171,3024171,3024171,13,3024085,3024178,3024085,3024178,114,2,1822140450189840,False,False,2000000000000000,9110702250949200,200000000000000,1822140450189840,3,0,0,835d5175a7309fedd782fc505407a5d140587540b27d4eab64df9f3f3eba2add,78a77750ac83057a6c62e5cef3ef34c74c50a8c6fc7603d0b460eb91a0d480d4
com-lj,3024172,3024172,3024172,13,3024085,3024178,3024085,3024178,114,2,1822140450189840,False,False,2000000000000000,9110702250949200,200000000000000,1822140450189840,3,0,0,835d5175a7309fedd782fc505407a5d140587540b27d4eab64df9f3f3eba2add,78a77750ac83057a6c62e5cef3ef34c74c50a8c6fc7603d0b460eb91a0d480d4
com-lj,3024174,3024174,3024174,13,3024085,3024178,3024085,3024178,114,2,1822140450189840,False,False,2000000000000000,9110702250949200,200000000000000,1822140450189840,3,0,0,835d5175a7309fedd782fc505407a5d140587540b27d4eab64df9f3f3eba2add,78a77750ac83057a6c62e5cef3ef34c74c50a8c6fc7603d0b460eb91a0d480d4
com-lj,3024175,3024175,3024175,13,3024085,3024178,3024085,3024178,114,2,1822140450189840,False,False,2000000000000000,9110702250949200,200000000000000,1822140450189840,3,0,0,835d5175a7309fedd782fc505407a5d140587540b27d4eab64df9f3f3eba2add,78a77750ac83057a6c62e5cef3ef34c74c50a8c6fc7603d0b460eb91a0d480d4
com-lj,3024176,3024176,3024176,13,3024085,3024178,3024085,3024178,114,2,1822140450189840,False,False,2000000000000000,9110702250949200,200000000000000,1822140450189840,3,0,0,835d5175a7309fedd782fc505407a5d140587540b27d4eab64df9f3f3eba2add,78a77750ac83057a6c62e5cef3ef34c74c50a8c6fc7603d0b460eb91a0d480d4
com-lj,3024177,3024177,3024177,13,3024085,3024178,3024085,3024178,114,2,1822140450189840,False,False,2000000000000000,9110702250949200,200000000000000,1822140450189840,3,0,0,835d5175a7309fedd782fc505407a5d140587540b27d4eab64df9f3f3eba2add,78a77750ac83057a6c62e5cef3ef34c74c50a8c6fc7603d0b460eb91a0d480d4
com-lj,3025619,3025619,3025619,22,3024931,3024938,3024931,3024938,41,2,655331214541960,False,False,2000000000000000,3276656072709800,200000000000000,655331214541960,1,0,0,835d5175a7309fedd782fc505407a5d140587540b27d4eab64df9f3f3eba2add,78a77750ac83057a6c62e5cef3ef34c74c50a8c6fc7603d0b460eb91a0d480d4
com-lj,3025649,3025649,3025649,14,2774500,3024963,2774500,3024963,31,2,495494332946360,False,False,2000000000000000,2477471664731800,200000000000000,495494332946360,1,0,0,835d5175a7309fedd782fc505407a5d140587540b27d4eab64df9f3f3eba2add,78a77750ac83057a6c62e5cef3ef34c74c50a8c6fc7603d0b460eb91a0d480d4
com-lj,3025652,3025652,3025652,12,2774500,3024963,2774500,3024963,31,2,495494332946360,False,False,2000000000000000,2477471664731800,200000000000000,495494332946360,1,0,0,835d5175a7309fedd782fc505407a5d140587540b27d4eab64df9f3f3eba2add,78a77750ac83057a6c62e5cef3ef34c74c50a8c6fc7603d0b460eb91a0d480d4
com-lj,3048506,3048506,3048506,3,881454,2919167,881454,2919167,39,2,623363838222840,False,False,2000000000000000,3116819191114200,200000000000000,623363838222840,1,0,0,835d5175a7309fedd782fc505407a5d140587540b27d4eab64df9f3f3eba2add,78a77750ac83057a6c62e5cef3ef34c74c50a8c6fc7603d0b460eb91a0d480d4
com-lj,3048507,3048507,3048507,3,881454,2919167,881454,2919167,39,2,623363838222840,False,False,2000000000000000,3116819191114200,200000000000000,623363838222840,1,0,0,835d5175a7309fedd782fc505407a5d140587540b27d4eab64df9f3f3eba2add,78a77750ac83057a6c62e5cef3ef34c74c50a8c6fc7603d0b460eb91a0d480d4
com-lj,3048527,3048527,3048527,5,881454,2919167,881454,2919167,39,2,623363838222840,False,False,2000000000000000,3116819191114200,200000000000000,623363838222840,1,0,0,835d5175a7309fedd782fc505407a5d140587540b27d4eab64df9f3f3eba2add,78a77750ac83057a6c62e5cef3ef34c74c50a8c6fc7603d0b460eb91a0d480d4
com-lj,3048528,3048528,3048528,3,881454,2919167,881454,2919167,39,2,623363838222840,False,False,2000000000000000,3116819191114200,200000000000000,623363838222840,1,0,0,835d5175a7309fedd782fc505407a5d140587540b27d4eab64df9f3f3eba2add,78a77750ac83057a6c62e5cef3ef34c74c50a8c6fc7603d0b460eb91a0d480d4
com-lj,3051185,3051185,3051185,4,190854,190856,190854,190856,29,2,463526956627240,False,False,2000000000000000,2317634783136200,200000000000000,463526956627240,1,0,0,835d5175a7309fedd782fc505407a5d140587540b27d4eab64df9f3f3eba2add,78a77750ac83057a6c62e5cef3ef34c74c50a8c6fc7603d0b460eb91a0d480d4
com-lj,3065402,3065402,3065402,4,556565,1739809,556565,1739809,34,2,543445397425040,False,False,2000000000000000,2717226987125200,200000000000000,543445397425040,1,0,0,835d5175a7309fedd782fc505407a5d140587540b27d4eab64df9f3f3eba2add,78a77750ac83057a6c62e5cef3ef34c74c50a8c6fc7603d0b460eb91a0d480d4
com-lj,3065403,3065403,3065403,4,556565,1739809,556565,1739809,34,2,543445397425040,False,False,2000000000000000,2717226987125200,200000000000000,543445397425040,1,0,0,835d5175a7309fedd782fc505407a5d140587540b27d4eab64df9f3f3eba2add,78a77750ac83057a6c62e5cef3ef34c74c50a8c6fc7603d0b460eb91a0d480d4
com-lj,3065442,3065442,3065442,2,556565,1739809,556565,1739809,34,2,543445397425040,False,False,2000000000000000,2717226987125200,200000000000000,543445397425040,1,0,0,835d5175a7309fedd782fc505407a5d140587540b27d4eab64df9f3f3eba2add,78a77750ac83057a6c62e5cef3ef34c74c50a8c6fc7603d0b460eb91a0d480d4
com-lj,3065443,3065443,3065443,2,556565,1739809,556565,1739809,34,2,543445397425040,False,False,2000000000000000,2717226987125200,200000000000000,543445397425040,1,0,0,835d5175a7309fedd782fc505407a5d140587540b27d4eab64df9f3f3eba2add,78a77750ac83057a6c62e5cef3ef34c74c50a8c6fc7603d0b460eb91a0d480d4
com-lj,3066118,3066118,3066118,14,3066124,3066127,3066124,3066127,32,2,511478021105920,False,False,2000000000000000,2557390105529600,200000000000000,511478021105920,1,0,0,835d5175a7309fedd782fc505407a5d140587540b27d4eab64df9f3f3eba2add,78a77750ac83057a6c62e5cef3ef34c74c50a8c6fc7603d0b460eb91a0d480d4
com-lj,3066119,3066119,3066119,14,3066124,3066127,3066124,3066127,32,2,511478021105920,False,False,2000000000000000,2557390105529600,200000000000000,511478021105920,1,0,0,835d5175a7309fedd782fc505407a5d140587540b27d4eab64df9f3f3eba2add,78a77750ac83057a6c62e5cef3ef34c74c50a8c6fc7603d0b460eb91a0d480d4
com-lj,3066122,3066122,3066122,13,3066096,3066113,3066096,3066113,34,2,543445397425040,False,False,2000000000000000,2717226987125200,200000000000000,543445397425040,1,0,0,835d5175a7309fedd782fc505407a5d140587540b27d4eab64df9f3f3eba2add,78a77750ac83057a6c62e5cef3ef34c74c50a8c6fc7603d0b460eb91a0d480d4
com-lj,3067523,3067523,3067523,24,3067459,3067494,3067459,3067494,59,2,943037601414040,False,False,2000000000000000,4715188007070200,200000000000000,943037601414040,1,0,0,835d5175a7309fedd782fc505407a5d140587540b27d4eab64df9f3f3eba2add,78a77750ac83057a6c62e5cef3ef34c74c50a8c6fc7603d0b460eb91a0d480d4
com-lj,3073418,3073418,3073418,2,1777459,1777460,1777459,1777460,26,2,415575892148560,False,False,2000000000000000,2077879460742800,200000000000000,415575892148560,1,0,0,835d5175a7309fedd782fc505407a5d140587540b27d4eab64df9f3f3eba2add,78a77750ac83057a6c62e5cef3ef34c74c50a8c6fc7603d0b460eb91a0d480d4
com-lj,3075158,3075158,3075158,5,2104095,2104100,2104095,2104100,28,2,447543268467680,False,False,2000000000000000,2237716342338400,200000000000000,447543268467680,1,0,0,835d5175a7309fedd782fc505407a5d140587540b27d4eab64df9f3f3eba2add,78a77750ac83057a6c62e5cef3ef34c74c50a8c6fc7603d0b460eb91a0d480d4
com-lj,3076672,3076672,3076672,2,757973,757974,757973,757974,47,2,751233343499320,False,False,2000000000000000,3756166717496600,200000000000000,751233343499320,1,0,0,835d5175a7309fedd782fc505407a5d140587540b27d4eab64df9f3f3eba2add,78a77750ac83057a6c62e5cef3ef34c74c50a8c6fc7603d0b460eb91a0d480d4
com-lj,3081541,3081541,3081541,9,424080,3081540,424080,3081540,38,2,607380150063280,False,False,2000000000000000,3036900750316400,200000000000000,607380150063280,1,0,0,835d5175a7309fedd782fc505407a5d140587540b27d4eab64df9f3f3eba2add,78a77750ac83057a6c62e5cef3ef34c74c50a8c6fc7603d0b460eb91a0d480d4
com-lj,3086493,3086493,3086493,2,2635544,2635548,2635544,2635548,42,2,671314902701520,False,False,2000000000000000,3356574513507600,200000000000000,671314902701520,1,0,0,835d5175a7309fedd782fc505407a5d140587540b27d4eab64df9f3f3eba2add,78a77750ac83057a6c62e5cef3ef34c74c50a8c6fc7603d0b460eb91a0d480d4
com-lj,3086494,3086494,3086494,2,2635544,2635548,2635544,2635548,42,2,671314902701520,False,False,2000000000000000,3356574513507600,200000000000000,671314902701520,1,0,0,835d5175a7309fedd782fc505407a5d140587540b27d4eab64df9f3f3eba2add,78a77750ac83057a6c62e5cef3ef34c74c50a8c6fc7603d0b460eb91a0d480d4
com-lj,3092907,3092907,3092907,8,1328610,1328634,1328610,1328634,37,2,591396461903720,False,False,2000000000000000,2956982309518600,200000000000000,591396461903720,1,0,0,835d5175a7309fedd782fc505407a5d140587540b27d4eab64df9f3f3eba2add,78a77750ac83057a6c62e5cef3ef34c74c50a8c6fc7603d0b460eb91a0d480d4
com-lj,3092908,3092908,3092908,7,1328610,1328634,1328610,1328634,37,2,591396461903720,False,False,2000000000000000,2956982309518600,200000000000000,591396461903720,1,0,0,835d5175a7309fedd782fc505407a5d140587540b27d4eab64df9f3f3eba2add,78a77750ac83057a6c62e5cef3ef34c74c50a8c6fc7603d0b460eb91a0d480d4
com-lj,3092974,3092974,3092974,14,1328633,2496591,1328633,2496591,30,2,479510644786800,False,False,2000000000000000,2397553223934000,200000000000000,479510644786800,1,0,0,835d5175a7309fedd782fc505407a5d140587540b27d4eab64df9f3f3eba2add,78a77750ac83057a6c62e5cef3ef34c74c50a8c6fc7603d0b460eb91a0d480d4
com-lj,3092994,3092994,3092994,14,2496558,2496903,2496558,2496903,71,2,1134841859328760,False,False,2000000000000000,5674209296643800,200000000000000,1134841859328760,1,0,0,835d5175a7309fedd782fc505407a5d140587540b27d4eab64df9f3f3eba2add,78a77750ac83057a6c62e5cef3ef34c74c50a8c6fc7603d0b460eb91a0d480d4
com-lj,3093011,3093011,3093011,9,2496558,2496903,2496558,2496903,71,2,1134841859328760,False,False,2000000000000000,5674209296643800,200000000000000,1134841859328760,1,0,0,835d5175a7309fedd782fc505407a5d140587540b27d4eab64df9f3f3eba2add,78a77750ac83057a6c62e5cef3ef34c74c50a8c6fc7603d0b460eb91a0d480d4
com-lj,3093015,3093015,3093015,7,2496550,2496903,2496550,2496903,69,2,1102874483009640,False,False,2000000000000000,5514372415048200,200000000000000,1102874483009640,1,0,0,835d5175a7309fedd782fc505407a5d140587540b27d4eab64df9f3f3eba2add,78a77750ac83057a6c62e5cef3ef34c74c50a8c6fc7603d0b460eb91a0d480d4
com-lj,3099043,3099043,3099043,2,890461,890462,890461,890462,28,2,447543268467680,False,False,2000000000000000,2237716342338400,200000000000000,447543268467680,1,0,0,835d5175a7309fedd782fc505407a5d140587540b27d4eab64df9f3f3eba2add,78a77750ac83057a6c62e5cef3ef34c74c50a8c6fc7603d0b460eb91a0d480d4
com-lj,3100425,3100425,3100425,2,720312,720340,720312,720340,48,2,767217031658880,False,False,2000000000000000,3836085158294400,200000000000000,767217031658880,1,0,0,835d5175a7309fedd782fc505407a5d140587540b27d4eab64df9f3f3eba2add,78a77750ac83057a6c62e5cef3ef34c74c50a8c6fc7603d0b460eb91a0d480d4
com-lj,3100426,3100426,3100426,3,720312,720340,720312,720340,48,2,767217031658880,False,False,2000000000000000,3836085158294400,200000000000000,767217031658880,1,0,0,835d5175a7309fedd782fc505407a5d140587540b27d4eab64df9f3f3eba2add,78a77750ac83057a6c62e5cef3ef34c74c50a8c6fc7603d0b460eb91a0d480d4
com-lj,3100427,3100427,3100427,2,720312,720340,720312,720340,48,2,767217031658880,False,False,2000000000000000,3836085158294400,200000000000000,767217031658880,1,0,0,835d5175a7309fedd782fc505407a5d140587540b27d4eab64df9f3f3eba2add,78a77750ac83057a6c62e5cef3ef34c74c50a8c6fc7603d0b460eb91a0d480d4
com-lj,3100798,3100798,3100798,6,2496558,2496903,2496558,2496903,71,2,1134841859328760,False,False,2000000000000000,5674209296643800,200000000000000,1134841859328760,1,0,0,835d5175a7309fedd782fc505407a5d140587540b27d4eab64df9f3f3eba2add,78a77750ac83057a6c62e5cef3ef34c74c50a8c6fc7603d0b460eb91a0d480d4
com-lj,3105976,3105976,3105976,21,2067040,3105765,2067040,3105765,59,2,943037601414040,False,False,2000000000000000,4715188007070200,200000000000000,943037601414040,2,0,0,835d5175a7309fedd782fc505407a5d140587540b27d4eab64df9f3f3eba2add,78a77750ac83057a6c62e5cef3ef34c74c50a8c6fc7603d0b460eb91a0d480d4
com-lj,3121559,3121559,3121559,18,1249537,1924387,1249537,1924387,424,2,6777083779653440,False,False,2000000000000000,33885418898267200,200000000000000,6777083779653440,2,0,0,835d5175a7309fedd782fc505407a5d140587540b27d4eab64df9f3f3eba2add,78a77750ac83057a6c62e5cef3ef34c74c50a8c6fc7603d0b460eb91a0d480d4
com-lj,3121574,3121574,3121574,26,1249525,1924385,1249525,1924385,365,2,5834046178239400,False,False,2000000000000000,29170230891197000,200000000000000,5834046178239400,2,0,0,835d5175a7309fedd782fc505407a5d140587540b27d4eab64df9f3f3eba2add,78a77750ac83057a6c62e5cef3ef34c74c50a8c6fc7603d0b460eb91a0d480d4
com-lj,3121578,3121578,3121578,27,1249525,1924385,1249525,1924385,365,2,5834046178239400,False,False,2000000000000000,29170230891197000,200000000000000,5834046178239400,2,0,0,835d5175a7309fedd782fc505407a5d140587540b27d4eab64df9f3f3eba2add,78a77750ac83057a6c62e5cef3ef34c74c50a8c6fc7603d0b460eb91a0d480d4
com-lj,3121579,3121579,3121579,24,1249527,1924396,1249527,1924396,707,2,11300467528808920,False,False,2000000000000000,56502337644044600,200000000000000,11300467528808920,1,0,0,835d5175a7309fedd782fc505407a5d140587540b27d4eab64df9f3f3eba2add,78a77750ac83057a6c62e5cef3ef34c74c50a8c6fc7603d0b460eb91a0d480d4
com-lj,3121582,3121582,3121582,28,1249525,1924385,1249525,1924385,365,2,5834046178239400,False,False,2000000000000000,29170230891197000,200000000000000,5834046178239400,3,0,0,835d5175a7309fedd782fc505407a5d140587540b27d4eab64df9f3f3eba2add,78a77750ac83057a6c62e5cef3ef34c74c50a8c6fc7603d0b460eb91a0d480d4
com-lj,3121586,3121586,3121586,27,1249525,1924385,1249525,1924385,365,2,5834046178239400,False,False,2000000000000000,29170230891197000,200000000000000,5834046178239400,3,0,0,835d5175a7309fedd782fc505407a5d140587540b27d4eab64df9f3f3eba2add,78a77750ac83057a6c62e5cef3ef34c74c50a8c6fc7603d0b460eb91a0d480d4
com-lj,3121587,3121587,3121587,27,1249525,1924385,1249525,1924385,365,2,5834046178239400,False,False,2000000000000000,29170230891197000,200000000000000,5834046178239400,3,0,0,835d5175a7309fedd782fc505407a5d140587540b27d4eab64df9f3f3eba2add,78a77750ac83057a6c62e5cef3ef34c74c50a8c6fc7603d0b460eb91a0d480d4
com-lj,3121591,3121591,3121591,28,1249525,1924385,1249525,1924385,365,2,5834046178239400,False,False,2000000000000000,29170230891197000,200000000000000,5834046178239400,2,0,0,835d5175a7309fedd782fc505407a5d140587540b27d4eab64df9f3f3eba2add,78a77750ac83057a6c62e5cef3ef34c74c50a8c6fc7603d0b460eb91a0d480d4
com-lj,3121593,3121593,3121593,27,1249525,1924385,1249525,1924385,365,2,5834046178239400,False,False,2000000000000000,29170230891197000,200000000000000,5834046178239400,3,0,0,835d5175a7309fedd782fc505407a5d140587540b27d4eab64df9f3f3eba2add,78a77750ac83057a6c62e5cef3ef34c74c50a8c6fc7603d0b460eb91a0d480d4
com-lj,3121598,3121598,3121598,26,1249525,1924385,1249525,1924385,365,2,5834046178239400,False,False,2000000000000000,29170230891197000,200000000000000,5834046178239400,2,0,0,835d5175a7309fedd782fc505407a5d140587540b27d4eab64df9f3f3eba2add,78a77750ac83057a6c62e5cef3ef34c74c50a8c6fc7603d0b460eb91a0d480d4
com-lj,3121602,3121602,3121602,21,1249537,1924387,1249537,1924387,424,2,6777083779653440,False,False,2000000000000000,33885418898267200,200000000000000,6777083779653440,2,0,0,835d5175a7309fedd782fc505407a5d140587540b27d4eab64df9f3f3eba2add,78a77750ac83057a6c62e5cef3ef34c74c50a8c6fc7603d0b460eb91a0d480d4
com-lj,3121604,3121604,3121604,26,1249525,1924385,1249525,1924385,365,2,5834046178239400,False,False,2000000000000000,29170230891197000,200000000000000,5834046178239400,2,0,0,835d5175a7309fedd782fc505407a5d140587540b27d4eab64df9f3f3eba2add,78a77750ac83057a6c62e5cef3ef34c74c50a8c6fc7603d0b460eb91a0d480d4
com-lj,3121608,3121608,3121608,23,1249537,1924387,1249537,1924387,424,2,6777083779653440,False,False,2000000000000000,33885418898267200,200000000000000,6777083779653440,2,0,0,835d5175a7309fedd782fc505407a5d140587540b27d4eab64df9f3f3eba2add,78a77750ac83057a6c62e5cef3ef34c74c50a8c6fc7603d0b460eb91a0d480d4
com-lj,3121618,3121618,3121618,26,1249525,1924385,1249525,1924385,365,2,5834046178239400,False,False,2000000000000000,29170230891197000,200000000000000,5834046178239400,3,0,0,835d5175a7309fedd782fc505407a5d140587540b27d4eab64df9f3f3eba2add,78a77750ac83057a6c62e5cef3ef34c74c50a8c6fc7603d0b460eb91a0d480d4
com-lj,3121619,3121619,3121619,25,1249525,1924385,1249525,1924385,365,2,5834046178239400,False,False,2000000000000000,29170230891197000,200000000000000,5834046178239400,2,0,0,835d5175a7309fedd782fc505407a5d140587540b27d4eab64df9f3f3eba2add,78a77750ac83057a6c62e5cef3ef34c74c50a8c6fc7603d0b460eb91a0d480d4
com-lj,3121621,3121621,3121621,28,1249525,1924385,1249525,1924385,365,2,5834046178239400,False,False,2000000000000000,29170230891197000,200000000000000,5834046178239400,3,0,0,835d5175a7309fedd782fc505407a5d140587540b27d4eab64df9f3f3eba2add,78a77750ac83057a6c62e5cef3ef34c74c50a8c6fc7603d0b460eb91a0d480d4
com-lj,3121622,3121622,3121622,24,1249537,1924387,1249537,1924387,424,2,6777083779653440,False,False,2000000000000000,33885418898267200,200000000000000,6777083779653440,2,0,0,835d5175a7309fedd782fc505407a5d140587540b27d4eab64df9f3f3eba2add,78a77750ac83057a6c62e5cef3ef34c74c50a8c6fc7603d0b460eb91a0d480d4
com-lj,3121623,3121623,3121623,26,1249525,1924385,1249525,1924385,365,2,5834046178239400,False,False,2000000000000000,29170230891197000,200000000000000,5834046178239400,3,0,0,835d5175a7309fedd782fc505407a5d140587540b27d4eab64df9f3f3eba2add,78a77750ac83057a6c62e5cef3ef34c74c50a8c6fc7603d0b460eb91a0d480d4
com-lj,3121627,3121627,3121627,24,1249537,1924387,1249537,1924387,424,2,6777083779653440,False,False,2000000000000000,33885418898267200,200000000000000,6777083779653440,2,0,0,835d5175a7309fedd782fc505407a5d140587540b27d4eab64df9f3f3eba2add,78a77750ac83057a6c62e5cef3ef34c74c50a8c6fc7603d0b460eb91a0d480d4
com-lj,3121628,3121628,3121628,24,1249537,1924387,1249537,1924387,424,2,6777083779653440,False,False,2000000000000000,33885418898267200,200000000000000,6777083779653440,2,0,0,835d5175a7309fedd782fc505407a5d140587540b27d4eab64df9f3f3eba2add,78a77750ac83057a6c62e5cef3ef34c74c50a8c6fc7603d0b460eb91a0d480d4
com-lj,3121629,3121629,3121629,23,1249537,1924387,1249537,1924387,424,2,6777083779653440,False,False,2000000000000000,33885418898267200,200000000000000,6777083779653440,2,0,0,835d5175a7309fedd782fc505407a5d140587540b27d4eab64df9f3f3eba2add,78a77750ac83057a6c62e5cef3ef34c74c50a8c6fc7603d0b460eb91a0d480d4
com-lj,3121631,3121631,3121631,23,1249537,1924387,1249537,1924387,424,2,6777083779653440,False,False,2000000000000000,33885418898267200,200000000000000,6777083779653440,2,0,0,835d5175a7309fedd782fc505407a5d140587540b27d4eab64df9f3f3eba2add,78a77750ac83057a6c62e5cef3ef34c74c50a8c6fc7603d0b460eb91a0d480d4
com-lj,3121634,3121634,3121634,21,1249527,1924396,1249527,1924396,707,2,11300467528808920,False,False,2000000000000000,56502337644044600,200000000000000,11300467528808920,1,0,0,835d5175a7309fedd782fc505407a5d140587540b27d4eab64df9f3f3eba2add,78a77750ac83057a6c62e5cef3ef34c74c50a8c6fc7603d0b460eb91a0d480d4
com-lj,3121638,3121638,3121638,24,1249537,1924387,1249537,1924387,424,2,6777083779653440,False,False,2000000000000000,33885418898267200,200000000000000,6777083779653440,2,0,0,835d5175a7309fedd782fc505407a5d140587540b27d4eab64df9f3f3eba2add,78a77750ac83057a6c62e5cef3ef34c74c50a8c6fc7603d0b460eb91a0d480d4
com-lj,3121648,3121648,3121648,21,1249537,1924387,1249537,1924387,424,2,6777083779653440,False,False,2000000000000000,33885418898267200,200000000000000,6777083779653440,2,0,0,835d5175a7309fedd782fc505407a5d140587540b27d4eab64df9f3f3eba2add,78a77750ac83057a6c62e5cef3ef34c74c50a8c6fc7603d0b460eb91a0d480d4
com-lj,3121655,3121655,3121655,22,1249537,1924387,1249537,1924387,424,2,6777083779653440,False,False,2000000000000000,33885418898267200,200000000000000,6777083779653440,2,0,0,835d5175a7309fedd782fc505407a5d140587540b27d4eab64df9f3f3eba2add,78a77750ac83057a6c62e5cef3ef34c74c50a8c6fc7603d0b460eb91a0d480d4
com-lj,3121661,3121661,3121661,26,1249537,1924387,1249537,1924387,424,2,6777083779653440,False,False,2000000000000000,33885418898267200,200000000000000,6777083779653440,2,0,0,835d5175a7309fedd782fc505407a5d140587540b27d4eab64df9f3f3eba2add,78a77750ac83057a6c62e5cef3ef34c74c50a8c6fc7603d0b460eb91a0d480d4
com-lj,3121663,3121663,3121663,23,1249537,1924387,1249537,1924387,424,2,6777083779653440,False,False,2000000000000000,33885418898267200,200000000000000,6777083779653440,2,0,0,835d5175a7309fedd782fc505407a5d140587540b27d4eab64df9f3f3eba2add,78a77750ac83057a6c62e5cef3ef34c74c50a8c6fc7603d0b460eb91a0d480d4
com-lj,3121664,3121664,3121664,21,1249527,1924396,1249527,1924396,707,2,11300467528808920,False,False,2000000000000000,56502337644044600,200000000000000,11300467528808920,1,0,0,835d5175a7309fedd782fc505407a5d140587540b27d4eab64df9f3f3eba2add,78a77750ac83057a6c62e5cef3ef34c74c50a8c6fc7603d0b460eb91a0d480d4
com-lj,3121665,3121665,3121665,23,1249537,1924387,1249537,1924387,424,2,6777083779653440,False,False,2000000000000000,33885418898267200,200000000000000,6777083779653440,2,0,0,835d5175a7309fedd782fc505407a5d140587540b27d4eab64df9f3f3eba2add,78a77750ac83057a6c62e5cef3ef34c74c50a8c6fc7603d0b460eb91a0d480d4
com-lj,3121666,3121666,3121666,23,1249537,1924387,1249537,1924387,424,2,6777083779653440,False,False,2000000000000000,33885418898267200,200000000000000,6777083779653440,2,0,0,835d5175a7309fedd782fc505407a5d140587540b27d4eab64df9f3f3eba2add,78a77750ac83057a6c62e5cef3ef34c74c50a8c6fc7603d0b460eb91a0d480d4
com-lj,3121667,3121667,3121667,21,1249537,1924387,1249537,1924387,424,2,6777083779653440,False,False,2000000000000000,33885418898267200,200000000000000,6777083779653440,2,0,0,835d5175a7309fedd782fc505407a5d140587540b27d4eab64df9f3f3eba2add,78a77750ac83057a6c62e5cef3ef34c74c50a8c6fc7603d0b460eb91a0d480d4
com-lj,3121668,3121668,3121668,20,1249537,1924387,1249537,1924387,424,2,6777083779653440,False,False,2000000000000000,33885418898267200,200000000000000,6777083779653440,2,0,0,835d5175a7309fedd782fc505407a5d140587540b27d4eab64df9f3f3eba2add,78a77750ac83057a6c62e5cef3ef34c74c50a8c6fc7603d0b460eb91a0d480d4
com-lj,3121673,3121673,3121673,18,1249537,1924387,1249537,1924387,424,2,6777083779653440,False,False,2000000000000000,33885418898267200,200000000000000,6777083779653440,2,0,0,835d5175a7309fedd782fc505407a5d140587540b27d4eab64df9f3f3eba2add,78a77750ac83057a6c62e5cef3ef34c74c50a8c6fc7603d0b460eb91a0d480d4
com-lj,3121675,3121675,3121675,19,1249537,1924387,1249537,1924387,424,2,6777083779653440,False,False,2000000000000000,33885418898267200,200000000000000,6777083779653440,2,0,0,835d5175a7309fedd782fc505407a5d140587540b27d4eab64df9f3f3eba2add,78a77750ac83057a6c62e5cef3ef34c74c50a8c6fc7603d0b460eb91a0d480d4
com-lj,3121679,3121679,3121679,21,1249537,1924387,1249537,1924387,424,2,6777083779653440,False,False,2000000000000000,33885418898267200,200000000000000,6777083779653440,2,0,0,835d5175a7309fedd782fc505407a5d140587540b27d4eab64df9f3f3eba2add,78a77750ac83057a6c62e5cef3ef34c74c50a8c6fc7603d0b460eb91a0d480d4
com-lj,3121680,3121680,3121680,20,1249537,1924387,1249537,1924387,424,2,6777083779653440,False,False,2000000000000000,33885418898267200,200000000000000,6777083779653440,2,0,0,835d5175a7309fedd782fc505407a5d140587540b27d4eab64df9f3f3eba2add,78a77750ac83057a6c62e5cef3ef34c74c50a8c6fc7603d0b460eb91a0d480d4
com-lj,3121683,3121683,3121683,19,1249537,1924387,1249537,1924387,424,2,6777083779653440,False,False,2000000000000000,33885418898267200,200000000000000,6777083779653440,2,0,0,835d5175a7309fedd782fc505407a5d140587540b27d4eab64df9f3f3eba2add,78a77750ac83057a6c62e5cef3ef34c74c50a8c6fc7603d0b460eb91a0d480d4
com-lj,3121687,3121687,3121687,21,2563391,2563450,2563391,2563450,37,2,591396461903720,False,False,2000000000000000,2956982309518600,200000000000000,591396461903720,3,0,0,835d5175a7309fedd782fc505407a5d140587540b27d4eab64df9f3f3eba2add,78a77750ac83057a6c62e5cef3ef34c74c50a8c6fc7603d0b460eb91a0d480d4
com-lj,3121688,3121688,3121688,19,1249537,1924387,1249537,1924387,424,2,6777083779653440,False,False,2000000000000000,33885418898267200,200000000000000,6777083779653440,2,0,0,835d5175a7309fedd782fc505407a5d140587540b27d4eab64df9f3f3eba2add,78a77750ac83057a6c62e5cef3ef34c74c50a8c6fc7603d0b460eb91a0d480d4
com-lj,3121689,3121689,3121689,19,1249527,1924396,1249527,1924396,707,2,11300467528808920,False,False,2000000000000000,56502337644044600,200000000000000,11300467528808920,1,0,0,835d5175a7309fedd782fc505407a5d140587540b27d4eab64df9f3f3eba2add,78a77750ac83057a6c62e5cef3ef34c74c50a8c6fc7603d0b460eb91a0d480d4
com-lj,3121693,3121693,3121693,22,1249537,1924387,1249537,1924387,424,2,6777083779653440,False,False,2000000000000000,33885418898267200,200000000000000,6777083779653440,2,0,0,835d5175a7309fedd782fc505407a5d140587540b27d4eab64df9f3f3eba2add,78a77750ac83057a6c62e5cef3ef34c74c50a8c6fc7603d0b460eb91a0d480d4
com-lj,3121698,3121698,3121698,9,1249527,1924396,1249527,1924396,707,2,11300467528808920,False,False,2000000000000000,56502337644044600,200000000000000,11300467528808920,1,0,0,835d5175a7309fedd782fc505407a5d140587540b27d4eab64df9f3f3eba2add,78a77750ac83057a6c62e5cef3ef34c74c50a8c6fc7603d0b460eb91a0d480d4
com-lj,3121707,3121707,3121707,27,1249525,1924385,1249525,1924385,365,2,5834046178239400,False,False,2000000000000000,29170230891197000,200000000000000,5834046178239400,3,0,0,835d5175a7309fedd782fc505407a5d140587540b27d4eab64df9f3f3eba2add,78a77750ac83057a6c62e5cef3ef34c74c50a8c6fc7603d0b460eb91a0d480d4
com-lj,3121708,3121708,3121708,22,1249537,1924387,1249537,1924387,424,2,6777083779653440,False,False,2000000000000000,33885418898267200,200000000000000,6777083779653440,2,0,0,835d5175a7309fedd782fc505407a5d140587540b27d4eab64df9f3f3eba2add,78a77750ac83057a6c62e5cef3ef34c74c50a8c6fc7603d0b460eb91a0d480d4
com-lj,3121709,3121709,3121709,20,1249537,1924387,1249537,1924387,424,2,6777083779653440,False,False,2000000000000000,33885418898267200,200000000000000,6777083779653440,2,0,0,835d5175a7309fedd782fc505407a5d140587540b27d4eab64df9f3f3eba2add,78a77750ac83057a6c62e5cef3ef34c74c50a8c6fc7603d0b460eb91a0d480d4
com-lj,3121713,3121713,3121713,26,1249525,1924385,1249525,1924385,365,2,5834046178239400,False,False,2000000000000000,29170230891197000,200000000000000,5834046178239400,3,0,0,835d5175a7309fedd782fc505407a5d140587540b27d4eab64df9f3f3eba2add,78a77750ac83057a6c62e5cef3ef34c74c50a8c6fc7603d0b460eb91a0d480d4
com-lj,3121717,3121717,3121717,23,1249537,1924387,1249537,1924387,424,2,6777083779653440,False,False,2000000000000000,33885418898267200,200000000000000,6777083779653440,2,0,0,835d5175a7309fedd782fc505407a5d140587540b27d4eab64df9f3f3eba2add,78a77750ac83057a6c62e5cef3ef34c74c50a8c6fc7603d0b460eb91a0d480d4
com-lj,3121718,3121718,3121718,26,1249525,1924385,1249525,1924385,365,2,5834046178239400,False,False,2000000000000000,29170230891197000,200000000000000,5834046178239400,3,0,0,835d5175a7309fedd782fc505407a5d140587540b27d4eab64df9f3f3eba2add,78a77750ac83057a6c62e5cef3ef34c74c50a8c6fc7603d0b460eb91a0d480d4
com-lj,3121719,3121719,3121719,25,1249525,1924385,1249525,1924385,365,2,5834046178239400,False,False,2000000000000000,29170230891197000,200000000000000,5834046178239400,2,0,0,835d5175a7309fedd782fc505407a5d140587540b27d4eab64df9f3f3eba2add,78a77750ac83057a6c62e5cef3ef34c74c50a8c6fc7603d0b460eb91a0d480d4
com-lj,3121723,3121723,3121723,25,1249525,1924385,1249525,1924385,365,2,5834046178239400,False,False,2000000000000000,29170230891197000,200000000000000,5834046178239400,3,0,0,835d5175a7309fedd782fc505407a5d140587540b27d4eab64df9f3f3eba2add,78a77750ac83057a6c62e5cef3ef34c74c50a8c6fc7603d0b460eb91a0d480d4
com-lj,3121724,3121724,3121724,24,1249525,1924385,1249525,1924385,365,2,5834046178239400,False,False,2000000000000000,29170230891197000,200000000000000,5834046178239400,2,0,0,835d5175a7309fedd782fc505407a5d140587540b27d4eab64df9f3f3eba2add,78a77750ac83057a6c62e5cef3ef34c74c50a8c6fc7603d0b460eb91a0d480d4
com-lj,3121725,3121725,3121725,19,1249527,1924396,1249527,1924396,707,2,11300467528808920,False,False,2000000000000000,56502337644044600,200000000000000,11300467528808920,1,0,0,835d5175a7309fedd782fc505407a5d140587540b27d4eab64df9f3f3eba2add,78a77750ac83057a6c62e5cef3ef34c74c50a8c6fc7603d0b460eb91a0d480d4
com-lj,3121727,3121727,3121727,26,1249525,1924385,1249525,1924385,365,2,5834046178239400,False,False,2000000000000000,29170230891197000,200000000000000,5834046178239400,3,0,0,835d5175a7309fedd782fc505407a5d140587540b27d4eab64df9f3f3eba2add,78a77750ac83057a6c62e5cef3ef34c74c50a8c6fc7603d0b460eb91a0d480d4
com-lj,3121728,3121728,3121728,26,1249525,1924385,1249525,1924385,365,2,5834046178239400,False,False,2000000000000000,29170230891197000,200000000000000,5834046178239400,3,0,0,835d5175a7309fedd782fc505407a5d140587540b27d4eab64df9f3f3eba2add,78a77750ac83057a6c62e5cef3ef34c74c50a8c6fc7603d0b460eb91a0d480d4
com-lj,3121729,3121729,3121729,25,1249525,1924385,1249525,1924385,365,2,5834046178239400,False,False,2000000000000000,29170230891197000,200000000000000,5834046178239400,3,0,0,835d5175a7309fedd782fc505407a5d140587540b27d4eab64df9f3f3eba2add,78a77750ac83057a6c62e5cef3ef34c74c50a8c6fc7603d0b460eb91a0d480d4
com-lj,3121730,3121730,3121730,24,1249525,1924385,1249525,1924385,365,2,5834046178239400,False,False,2000000000000000,29170230891197000,200000000000000,5834046178239400,2,0,0,835d5175a7309fedd782fc505407a5d140587540b27d4eab64df9f3f3eba2add,78a77750ac83057a6c62e5cef3ef34c74c50a8c6fc7603d0b460eb91a0d480d4
com-lj,3121732,3121732,3121732,23,1249525,1924385,1249525,1924385,365,2,5834046178239400,False,False,2000000000000000,29170230891197000,200000000000000,5834046178239400,2,0,0,835d5175a7309fedd782fc505407a5d140587540b27d4eab64df9f3f3eba2add,78a77750ac83057a6c62e5cef3ef34c74c50a8c6fc7603d0b460eb91a0d480d4
com-lj,3121733,3121733,3121733,28,1249525,1924385,1249525,1924385,365,2,5834046178239400,False,False,2000000000000000,29170230891197000,200000000000000,5834046178239400,3,0,0,835d5175a7309fedd782fc505407a5d140587540b27d4eab64df9f3f3eba2add,78a77750ac83057a6c62e5cef3ef34c74c50a8c6fc7603d0b460eb91a0d480d4
com-lj,3121734,3121734,3121734,19,1249527,1924396,1249527,1924396,707,2,11300467528808920,False,False,2000000000000000,56502337644044600,200000000000000,11300467528808920,1,0,0,835d5175a7309fedd782fc505407a5d140587540b27d4eab64df9f3f3eba2add,78a77750ac83057a6c62e5cef3ef34c74c50a8c6fc7603d0b460eb91a0d480d4
com-lj,3121735,3121735,3121735,23,1249525,1924385,1249525,1924385,365,2,5834046178239400,False,False,2000000000000000,29170230891197000,200000000000000,5834046178239400,2,0,0,835d5175a7309fedd782fc505407a5d140587540b27d4eab64df9f3f3eba2add,78a77750ac83057a6c62e5cef3ef34c74c50a8c6fc7603d0b460eb91a0d480d4
com-lj,3121738,3121738,3121738,27,1249525,1924385,1249525,1924385,365,2,5834046178239400,False,False,2000000000000000,29170230891197000,200000000000000,5834046178239400,2,0,0,835d5175a7309fedd782fc505407a5d140587540b27d4eab64df9f3f3eba2add,78a77750ac83057a6c62e5cef3ef34c74c50a8c6fc7603d0b460eb91a0d480d4
com-lj,3121739,3121739,3121739,25,1249525,1924385,1249525,1924385,365,2,5834046178239400,False,False,2000000000000000,29170230891197000,200000000000000,5834046178239400,2,0,0,835d5175a7309fedd782fc505407a5d140587540b27d4eab64df9f3f3eba2add,78a77750ac83057a6c62e5cef3ef34c74c50a8c6fc7603d0b460eb91a0d480d4
com-lj,3121741,3121741,3121741,24,1249525,1924385,1249525,1924385,365,2,5834046178239400,False,False,2000000000000000,29170230891197000,200000000000000,5834046178239400,2,0,0,835d5175a7309fedd782fc505407a5d140587540b27d4eab64df9f3f3eba2add,78a77750ac83057a6c62e5cef3ef34c74c50a8c6fc7603d0b460eb91a0d480d4
com-lj,3121743,3121743,3121743,25,1249525,1924385,1249525,1924385,365,2,5834046178239400,False,False,2000000000000000,29170230891197000,200000000000000,5834046178239400,3,0,0,835d5175a7309fedd782fc505407a5d140587540b27d4eab64df9f3f3eba2add,78a77750ac83057a6c62e5cef3ef34c74c50a8c6fc7603d0b460eb91a0d480d4
com-lj,3121745,3121745,3121745,25,1249525,1924385,1249525,1924385,365,2,5834046178239400,False,False,2000000000000000,29170230891197000,200000000000000,5834046178239400,3,0,0,835d5175a7309fedd782fc505407a5d140587540b27d4eab64df9f3f3eba2add,78a77750ac83057a6c62e5cef3ef34c74c50a8c6fc7603d0b460eb91a0d480d4
com-lj,3121746,3121746,3121746,26,1249525,1924385,1249525,1924385,365,2,5834046178239400,False,False,2000000000000000,29170230891197000,200000000000000,5834046178239400,3,0,0,835d5175a7309fedd782fc505407a5d140587540b27d4eab64df9f3f3eba2add,78a77750ac83057a6c62e5cef3ef34c74c50a8c6fc7603d0b460eb91a0d480d4
com-lj,3121753,3121753,3121753,24,1249525,1924385,1249525,1924385,365,2,5834046178239400,False,False,2000000000000000,29170230891197000,200000000000000,5834046178239400,2,0,0,835d5175a7309fedd782fc505407a5d140587540b27d4eab64df9f3f3eba2add,78a77750ac83057a6c62e5cef3ef34c74c50a8c6fc7603d0b460eb91a0d480d4
com-lj,3121754,3121754,3121754,25,1249525,1924385,1249525,1924385,365,2,5834046178239400,False,False,2000000000000000,29170230891197000,200000000000000,5834046178239400,2,0,0,835d5175a7309fedd782fc505407a5d140587540b27d4eab64df9f3f3eba2add,78a77750ac83057a6c62e5cef3ef34c74c50a8c6fc7603d0b460eb91a0d480d4
com-lj,3121755,3121755,3121755,23,1249537,1924387,1249537,1924387,424,2,6777083779653440,False,False,2000000000000000,33885418898267200,200000000000000,6777083779653440,2,0,0,835d5175a7309fedd782fc505407a5d140587540b27d4eab64df9f3f3eba2add,78a77750ac83057a6c62e5cef3ef34c74c50a8c6fc7603d0b460eb91a0d480d4
com-lj,3121756,3121756,3121756,25,1249525,1924385,1249525,1924385,365,2,5834046178239400,False,False,2000000000000000,29170230891197000,200000000000000,5834046178239400,2,0,0,835d5175a7309fedd782fc505407a5d140587540b27d4eab64df9f3f3eba2add,78a77750ac83057a6c62e5cef3ef34c74c50a8c6fc7603d0b460eb91a0d480d4
com-lj,3121759,3121759,3121759,20,1249527,1924396,1249527,1924396,707,2,11300467528808920,False,False,2000000000000000,56502337644044600,200000000000000,11300467528808920,1,0,0,835d5175a7309fedd782fc505407a5d140587540b27d4eab64df9f3f3eba2add,78a77750ac83057a6c62e5cef3ef34c74c50a8c6fc7603d0b460eb91a0d480d4
com-lj,3121761,3121761,3121761,20,1249527,1924396,1249527,1924396,707,2,11300467528808920,False,False,2000000000000000,56502337644044600,200000000000000,11300467528808920,1,0,0,835d5175a7309fedd782fc505407a5d140587540b27d4eab64df9f3f3eba2add,78a77750ac83057a6c62e5cef3ef34c74c50a8c6fc7603d0b460eb91a0d480d4
com-lj,3121762,3121762,3121762,22,1249537,1924387,1249537,1924387,424,2,6777083779653440,False,False,2000000000000000,33885418898267200,200000000000000,6777083779653440,2,0,0,835d5175a7309fedd782fc505407a5d140587540b27d4eab64df9f3f3eba2add,78a77750ac83057a6c62e5cef3ef34c74c50a8c6fc7603d0b460eb91a0d480d4
com-lj,3121764,3121764,3121764,20,1249527,1924396,1249527,1924396,707,2,11300467528808920,False,False,2000000000000000,56502337644044600,200000000000000,11300467528808920,1,0,0,835d5175a7309fedd782fc505407a5d140587540b27d4eab64df9f3f3eba2add,78a77750ac83057a6c62e5cef3ef34c74c50a8c6fc7603d0b460eb91a0d480d4
com-lj,3121765,3121765,3121765,24,1249537,1924387,1249537,1924387,424,2,6777083779653440,False,False,2000000000000000,33885418898267200,200000000000000,6777083779653440,2,0,0,835d5175a7309fedd782fc505407a5d140587540b27d4eab64df9f3f3eba2add,78a77750ac83057a6c62e5cef3ef34c74c50a8c6fc7603d0b460eb91a0d480d4
com-lj,3121767,3121767,3121767,20,1249527,1924396,1249527,1924396,707,2,11300467528808920,False,False,2000000000000000,56502337644044600,200000000000000,11300467528808920,1,0,0,835d5175a7309fedd782fc505407a5d140587540b27d4eab64df9f3f3eba2add,78a77750ac83057a6c62e5cef3ef34c74c50a8c6fc7603d0b460eb91a0d480d4
com-lj,3121768,3121768,3121768,21,1249527,1924396,1249527,1924396,707,2,11300467528808920,False,False,2000000000000000,56502337644044600,200000000000000,11300467528808920,1,0,0,835d5175a7309fedd782fc505407a5d140587540b27d4eab64df9f3f3eba2add,78a77750ac83057a6c62e5cef3ef34c74c50a8c6fc7603d0b460eb91a0d480d4
com-lj,3121769,3121769,3121769,21,1249537,1924387,1249537,1924387,424,2,6777083779653440,False,False,2000000000000000,33885418898267200,200000000000000,6777083779653440,2,0,0,835d5175a7309fedd782fc505407a5d140587540b27d4eab64df9f3f3eba2add,78a77750ac83057a6c62e5cef3ef34c74c50a8c6fc7603d0b460eb91a0d480d4
com-lj,3121770,3121770,3121770,23,1249537,1924387,1249537,1924387,424,2,6777083779653440,False,False,2000000000000000,33885418898267200,200000000000000,6777083779653440,2,0,0,835d5175a7309fedd782fc505407a5d140587540b27d4eab64df9f3f3eba2add,78a77750ac83057a6c62e5cef3ef34c74c50a8c6fc7603d0b460eb91a0d480d4
com-lj,3121771,3121771,3121771,20,1249527,1924396,1249527,1924396,707,2,11300467528808920,False,False,2000000000000000,56502337644044600,200000000000000,11300467528808920,1,0,0,835d5175a7309fedd782fc505407a5d140587540b27d4eab64df9f3f3eba2add,78a77750ac83057a6c62e5cef3ef34c74c50a8c6fc7603d0b460eb91a0d480d4
com-lj,3121777,3121777,3121777,19,1249527,1924396,1249527,1924396,707,2,11300467528808920,False,False,2000000000000000,56502337644044600,200000000000000,11300467528808920,1,0,0,835d5175a7309fedd782fc505407a5d140587540b27d4eab64df9f3f3eba2add,78a77750ac83057a6c62e5cef3ef34c74c50a8c6fc7603d0b460eb91a0d480d4
com-lj,3121778,3121778,3121778,21,1249537,1924387,1249537,1924387,424,2,6777083779653440,False,False,2000000000000000,33885418898267200,200000000000000,6777083779653440,2,0,0,835d5175a7309fedd782fc505407a5d140587540b27d4eab64df9f3f3eba2add,78a77750ac83057a6c62e5cef3ef34c74c50a8c6fc7603d0b460eb91a0d480d4
com-lj,3121779,3121779,3121779,20,1249537,1924387,1249537,1924387,424,2,6777083779653440,False,False,2000000000000000,33885418898267200,200000000000000,6777083779653440,2,0,0,835d5175a7309fedd782fc505407a5d140587540b27d4eab64df9f3f3eba2add,78a77750ac83057a6c62e5cef3ef34c74c50a8c6fc7603d0b460eb91a0d480d4
com-lj,3121781,3121781,3121781,20,1249527,1924396,1249527,1924396,707,2,11300467528808920,False,False,2000000000000000,56502337644044600,200000000000000,11300467528808920,1,0,0,835d5175a7309fedd782fc505407a5d140587540b27d4eab64df9f3f3eba2add,78a77750ac83057a6c62e5cef3ef34c74c50a8c6fc7603d0b460eb91a0d480d4
com-lj,3121784,3121784,3121784,20,1249537,1924387,1249537,1924387,424,2,6777083779653440,False,False,2000000000000000,33885418898267200,200000000000000,6777083779653440,2,0,0,835d5175a7309fedd782fc505407a5d140587540b27d4eab64df9f3f3eba2add,78a77750ac83057a6c62e5cef3ef34c74c50a8c6fc7603d0b460eb91a0d480d4
com-lj,3121785,3121785,3121785,20,1249537,1924387,1249537,1924387,424,2,6777083779653440,False,False,2000000000000000,33885418898267200,200000000000000,6777083779653440,2,0,0,835d5175a7309fedd782fc505407a5d140587540b27d4eab64df9f3f3eba2add,78a77750ac83057a6c62e5cef3ef34c74c50a8c6fc7603d0b460eb91a0d480d4
com-lj,3121786,3121786,3121786,19,1249527,1924396,1249527,1924396,707,2,11300467528808920,False,False,2000000000000000,56502337644044600,200000000000000,11300467528808920,1,0,0,835d5175a7309fedd782fc505407a5d140587540b27d4eab64df9f3f3eba2add,78a77750ac83057a6c62e5cef3ef34c74c50a8c6fc7603d0b460eb91a0d480d4
com-lj,3121787,3121787,3121787,19,1249527,1924396,1249527,1924396,707,2,11300467528808920,False,False,2000000000000000,56502337644044600,200000000000000,11300467528808920,1,0,0,835d5175a7309fedd782fc505407a5d140587540b27d4eab64df9f3f3eba2add,78a77750ac83057a6c62e5cef3ef34c74c50a8c6fc7603d0b460eb91a0d480d4
com-lj,3121790,3121790,3121790,20,1249537,1924387,1249537,1924387,424,2,6777083779653440,False,False,2000000000000000,33885418898267200,200000000000000,6777083779653440,2,0,0,835d5175a7309fedd782fc505407a5d140587540b27d4eab64df9f3f3eba2add,78a77750ac83057a6c62e5cef3ef34c74c50a8c6fc7603d0b460eb91a0d480d4
com-lj,3121791,3121791,3121791,20,1249537,1924387,1249537,1924387,424,2,6777083779653440,False,False,2000000000000000,33885418898267200,200000000000000,6777083779653440,2,0,0,835d5175a7309fedd782fc505407a5d140587540b27d4eab64df9f3f3eba2add,78a77750ac83057a6c62e5cef3ef34c74c50a8c6fc7603d0b460eb91a0d480d4
com-lj,3121794,3121794,3121794,18,1249537,1924387,1249537,1924387,424,2,6777083779653440,False,False,2000000000000000,33885418898267200,200000000000000,6777083779653440,2,0,0,835d5175a7309fedd782fc505407a5d140587540b27d4eab64df9f3f3eba2add,78a77750ac83057a6c62e5cef3ef34c74c50a8c6fc7603d0b460eb91a0d480d4
com-lj,3121795,3121795,3121795,23,1249537,1924387,1249537,1924387,424,2,6777083779653440,False,False,2000000000000000,33885418898267200,200000000000000,6777083779653440,2,0,0,835d5175a7309fedd782fc505407a5d140587540b27d4eab64df9f3f3eba2add,78a77750ac83057a6c62e5cef3ef34c74c50a8c6fc7603d0b460eb91a0d480d4
com-lj,3121796,3121796,3121796,19,1249527,1924396,1249527,1924396,707,2,11300467528808920,False,False,2000000000000000,56502337644044600,200000000000000,11300467528808920,1,0,0,835d5175a7309fedd782fc505407a5d140587540b27d4eab64df9f3f3eba2add,78a77750ac83057a6c62e5cef3ef34c74c50a8c6fc7603d0b460eb91a0d480d4
com-lj,3121799,3121799,3121799,18,1249537,1924387,1249537,1924387,424,2,6777083779653440,False,False,2000000000000000,33885418898267200,200000000000000,6777083779653440,2,0,0,835d5175a7309fedd782fc505407a5d140587540b27d4eab64df9f3f3eba2add,78a77750ac83057a6c62e5cef3ef34c74c50a8c6fc7603d0b460eb91a0d480d4
com-lj,3121800,3121800,3121800,18,1249537,1924387,1249537,1924387,424,2,6777083779653440,False,False,2000000000000000,33885418898267200,200000000000000,6777083779653440,2,0,0,835d5175a7309fedd782fc505407a5d140587540b27d4eab64df9f3f3eba2add,78a77750ac83057a6c62e5cef3ef34c74c50a8c6fc7603d0b460eb91a0d480d4
com-lj,3121801,3121801,3121801,18,1249537,1924387,1249537,1924387,424,2,6777083779653440,False,False,2000000000000000,33885418898267200,200000000000000,6777083779653440,2,0,0,835d5175a7309fedd782fc505407a5d140587540b27d4eab64df9f3f3eba2add,78a77750ac83057a6c62e5cef3ef34c74c50a8c6fc7603d0b460eb91a0d480d4
com-lj,3121802,3121802,3121802,18,1249537,1924387,1249537,1924387,424,2,6777083779653440,False,False,2000000000000000,33885418898267200,200000000000000,6777083779653440,2,0,0,835d5175a7309fedd782fc505407a5d140587540b27d4eab64df9f3f3eba2add,78a77750ac83057a6c62e5cef3ef34c74c50a8c6fc7603d0b460eb91a0d480d4
com-lj,3121803,3121803,3121803,19,1249537,1924387,1249537,1924387,424,2,6777083779653440,False,False,2000000000000000,33885418898267200,200000000000000,6777083779653440,2,0,0,835d5175a7309fedd782fc505407a5d140587540b27d4eab64df9f3f3eba2add,78a77750ac83057a6c62e5cef3ef34c74c50a8c6fc7603d0b460eb91a0d480d4
com-lj,3121806,3121806,3121806,18,1249537,1924387,1249537,1924387,424,2,6777083779653440,False,False,2000000000000000,33885418898267200,200000000000000,6777083779653440,2,0,0,835d5175a7309fedd782fc505407a5d140587540b27d4eab64df9f3f3eba2add,78a77750ac83057a6c62e5cef3ef34c74c50a8c6fc7603d0b460eb91a0d480d4
com-lj,3121807,3121807,3121807,17,1249527,1924396,1249527,1924396,707,2,11300467528808920,False,False,2000000000000000,56502337644044600,200000000000000,11300467528808920,1,0,0,835d5175a7309fedd782fc505407a5d140587540b27d4eab64df9f3f3eba2add,78a77750ac83057a6c62e5cef3ef34c74c50a8c6fc7603d0b460eb91a0d480d4
com-lj,3121809,3121809,3121809,18,1249537,1924387,1249537,1924387,424,2,6777083779653440,False,False,2000000000000000,33885418898267200,200000000000000,6777083779653440,2,0,0,835d5175a7309fedd782fc505407a5d140587540b27d4eab64df9f3f3eba2add,78a77750ac83057a6c62e5cef3ef34c74c50a8c6fc7603d0b460eb91a0d480d4
com-lj,3121810,3121810,3121810,18,1249537,1924387,1249537,1924387,424,2,6777083779653440,False,False,2000000000000000,33885418898267200,200000000000000,6777083779653440,2,0,0,835d5175a7309fedd782fc505407a5d140587540b27d4eab64df9f3f3eba2add,78a77750ac83057a6c62e5cef3ef34c74c50a8c6fc7603d0b460eb91a0d480d4
com-lj,3121811,3121811,3121811,17,1249527,1924396,1249527,1924396,707,2,11300467528808920,False,False,2000000000000000,56502337644044600,200000000000000,11300467528808920,1,0,0,835d5175a7309fedd782fc505407a5d140587540b27d4eab64df9f3f3eba2add,78a77750ac83057a6c62e5cef3ef34c74c50a8c6fc7603d0b460eb91a0d480d4
com-lj,3121812,3121812,3121812,17,1249527,1924396,1249527,1924396,707,2,11300467528808920,False,False,2000000000000000,56502337644044600,200000000000000,11300467528808920,1,0,0,835d5175a7309fedd782fc505407a5d140587540b27d4eab64df9f3f3eba2add,78a77750ac83057a6c62e5cef3ef34c74c50a8c6fc7603d0b460eb91a0d480d4
com-lj,3121813,3121813,3121813,18,1249537,1924387,1249537,1924387,424,2,6777083779653440,False,False,2000000000000000,33885418898267200,200000000000000,6777083779653440,2,0,0,835d5175a7309fedd782fc505407a5d140587540b27d4eab64df9f3f3eba2add,78a77750ac83057a6c62e5cef3ef34c74c50a8c6fc7603d0b460eb91a0d480d4
com-lj,3121816,3121816,3121816,19,1249537,1924387,1249537,1924387,424,2,6777083779653440,False,False,2000000000000000,33885418898267200,200000000000000,6777083779653440,2,0,0,835d5175a7309fedd782fc505407a5d140587540b27d4eab64df9f3f3eba2add,78a77750ac83057a6c62e5cef3ef34c74c50a8c6fc7603d0b460eb91a0d480d4
com-lj,3121817,3121817,3121817,18,1249537,1924387,1249537,1924387,424,2,6777083779653440,False,False,2000000000000000,33885418898267200,200000000000000,6777083779653440,2,0,0,835d5175a7309fedd782fc505407a5d140587540b27d4eab64df9f3f3eba2add,78a77750ac83057a6c62e5cef3ef34c74c50a8c6fc7603d0b460eb91a0d480d4
com-lj,3121818,3121818,3121818,17,1249527,1924396,1249527,1924396,707,2,11300467528808920,False,False,2000000000000000,56502337644044600,200000000000000,11300467528808920,1,0,0,835d5175a7309fedd782fc505407a5d140587540b27d4eab64df9f3f3eba2add,78a77750ac83057a6c62e5cef3ef34c74c50a8c6fc7603d0b460eb91a0d480d4
com-lj,3121819,3121819,3121819,20,1249537,1924387,1249537,1924387,424,2,6777083779653440,False,False,2000000000000000,33885418898267200,200000000000000,6777083779653440,2,0,0,835d5175a7309fedd782fc505407a5d140587540b27d4eab64df9f3f3eba2add,78a77750ac83057a6c62e5cef3ef34c74c50a8c6fc7603d0b460eb91a0d480d4
com-lj,3121820,3121820,3121820,17,1249527,1924396,1249527,1924396,707,2,11300467528808920,False,False,2000000000000000,56502337644044600,200000000000000,11300467528808920,1,0,0,835d5175a7309fedd782fc505407a5d140587540b27d4eab64df9f3f3eba2add,78a77750ac83057a6c62e5cef3ef34c74c50a8c6fc7603d0b460eb91a0d480d4
com-lj,3121821,3121821,3121821,19,1249537,1924387,1249537,1924387,424,2,6777083779653440,False,False,2000000000000000,33885418898267200,200000000000000,6777083779653440,2,0,0,835d5175a7309fedd782fc505407a5d140587540b27d4eab64df9f3f3eba2add,78a77750ac83057a6c62e5cef3ef34c74c50a8c6fc7603d0b460eb91a0d480d4
com-lj,3121823,3121823,3121823,20,1249537,1924387,1249537,1924387,424,2,6777083779653440,False,False,2000000000000000,33885418898267200,200000000000000,6777083779653440,2,0,0,835d5175a7309fedd782fc505407a5d140587540b27d4eab64df9f3f3eba2add,78a77750ac83057a6c62e5cef3ef34c74c50a8c6fc7603d0b460eb91a0d480d4
com-lj,3121824,3121824,3121824,17,1249527,1924396,1249527,1924396,707,2,11300467528808920,False,False,2000000000000000,56502337644044600,200000000000000,11300467528808920,1,0,0,835d5175a7309fedd782fc505407a5d140587540b27d4eab64df9f3f3eba2add,78a77750ac83057a6c62e5cef3ef34c74c50a8c6fc7603d0b460eb91a0d480d4
com-lj,3121826,3121826,3121826,19,1249537,1924387,1249537,1924387,424,2,6777083779653440,False,False,2000000000000000,33885418898267200,200000000000000,6777083779653440,2,0,0,835d5175a7309fedd782fc505407a5d140587540b27d4eab64df9f3f3eba2add,78a77750ac83057a6c62e5cef3ef34c74c50a8c6fc7603d0b460eb91a0d480d4
com-lj,3121827,3121827,3121827,18,1249537,1924387,1249537,1924387,424,2,6777083779653440,False,False,2000000000000000,33885418898267200,200000000000000,6777083779653440,2,0,0,835d5175a7309fedd782fc505407a5d140587540b27d4eab64df9f3f3eba2add,78a77750ac83057a6c62e5cef3ef34c74c50a8c6fc7603d0b460eb91a0d480d4
com-lj,3121829,3121829,3121829,17,1249527,1924396,1249527,1924396,707,2,11300467528808920,False,False,2000000000000000,56502337644044600,200000000000000,11300467528808920,1,0,0,835d5175a7309fedd782fc505407a5d140587540b27d4eab64df9f3f3eba2add,78a77750ac83057a6c62e5cef3ef34c74c50a8c6fc7603d0b460eb91a0d480d4
com-lj,3121832,3121832,3121832,17,1249527,1924396,1249527,1924396,707,2,11300467528808920,False,False,2000000000000000,56502337644044600,200000000000000,11300467528808920,1,0,0,835d5175a7309fedd782fc505407a5d140587540b27d4eab64df9f3f3eba2add,78a77750ac83057a6c62e5cef3ef34c74c50a8c6fc7603d0b460eb91a0d480d4
com-lj,3121833,3121833,3121833,18,1249537,1924387,1249537,1924387,424,2,6777083779653440,False,False,2000000000000000,33885418898267200,200000000000000,6777083779653440,2,0,0,835d5175a7309fedd782fc505407a5d140587540b27d4eab64df9f3f3eba2add,78a77750ac83057a6c62e5cef3ef34c74c50a8c6fc7603d0b460eb91a0d480d4
com-lj,3121834,3121834,3121834,19,1249537,1924387,1249537,1924387,424,2,6777083779653440,False,False,2000000000000000,33885418898267200,200000000000000,6777083779653440,2,0,0,835d5175a7309fedd782fc505407a5d140587540b27d4eab64df9f3f3eba2add,78a77750ac83057a6c62e5cef3ef34c74c50a8c6fc7603d0b460eb91a0d480d4
com-lj,3121835,3121835,3121835,19,1249537,1924387,1249537,1924387,424,2,6777083779653440,False,False,2000000000000000,33885418898267200,200000000000000,6777083779653440,2,0,0,835d5175a7309fedd782fc505407a5d140587540b27d4eab64df9f3f3eba2add,78a77750ac83057a6c62e5cef3ef34c74c50a8c6fc7603d0b460eb91a0d480d4
com-lj,3121836,3121836,3121836,17,1249527,1924396,1249527,1924396,707,2,11300467528808920,False,False,2000000000000000,56502337644044600,200000000000000,11300467528808920,1,0,0,835d5175a7309fedd782fc505407a5d140587540b27d4eab64df9f3f3eba2add,78a77750ac83057a6c62e5cef3ef34c74c50a8c6fc7603d0b460eb91a0d480d4
com-lj,3121838,3121838,3121838,9,1249537,1924387,1249537,1924387,424,2,6777083779653440,False,False,2000000000000000,33885418898267200,200000000000000,6777083779653440,2,0,0,835d5175a7309fedd782fc505407a5d140587540b27d4eab64df9f3f3eba2add,78a77750ac83057a6c62e5cef3ef34c74c50a8c6fc7603d0b460eb91a0d480d4
com-lj,3121839,3121839,3121839,8,1249527,1924396,1249527,1924396,707,2,11300467528808920,False,False,2000000000000000,56502337644044600,200000000000000,11300467528808920,1,0,0,835d5175a7309fedd782fc505407a5d140587540b27d4eab64df9f3f3eba2add,78a77750ac83057a6c62e5cef3ef34c74c50a8c6fc7603d0b460eb91a0d480d4
com-lj,3121842,3121842,3121842,23,1249525,1924385,1249525,1924385,365,2,5834046178239400,False,False,2000000000000000,29170230891197000,200000000000000,5834046178239400,2,0,0,835d5175a7309fedd782fc505407a5d140587540b27d4eab64df9f3f3eba2add,78a77750ac83057a6c62e5cef3ef34c74c50a8c6fc7603d0b460eb91a0d480d4
com-lj,3121846,3121846,3121846,9,1249527,1924396,1249527,1924396,707,2,11300467528808920,False,False,2000000000000000,56502337644044600,200000000000000,11300467528808920,1,0,0,835d5175a7309fedd782fc505407a5d140587540b27d4eab64df9f3f3eba2add,78a77750ac83057a6c62e5cef3ef34c74c50a8c6fc7603d0b460eb91a0d480d4
com-lj,3121847,3121847,3121847,7,1249527,1924396,1249527,1924396,707,2,11300467528808920,False,False,2000000000000000,56502337644044600,200000000000000,11300467528808920,1,0,0,835d5175a7309fedd782fc505407a5d140587540b27d4eab64df9f3f3eba2add,78a77750ac83057a6c62e5cef3ef34c74c50a8c6fc7603d0b460eb91a0d480d4
com-lj,3121849,3121849,3121849,7,1249527,1924396,1249527,1924396,707,2,11300467528808920,False,False,2000000000000000,56502337644044600,200000000000000,11300467528808920,1,0,0,835d5175a7309fedd782fc505407a5d140587540b27d4eab64df9f3f3eba2add,78a77750ac83057a6c62e5cef3ef34c74c50a8c6fc7603d0b460eb91a0d480d4
com-lj,3121852,3121852,3121852,8,1249527,1924396,1249527,1924396,707,2,11300467528808920,False,False,2000000000000000,56502337644044600,200000000000000,11300467528808920,1,0,0,835d5175a7309fedd782fc505407a5d140587540b27d4eab64df9f3f3eba2add,78a77750ac83057a6c62e5cef3ef34c74c50a8c6fc7603d0b460eb91a0d480d4
com-lj,3121853,3121853,3121853,7,1249527,1924396,1249527,1924396,707,2,11300467528808920,False,False,2000000000000000,56502337644044600,200000000000000,11300467528808920,1,0,0,835d5175a7309fedd782fc505407a5d140587540b27d4eab64df9f3f3eba2add,78a77750ac83057a6c62e5cef3ef34c74c50a8c6fc7603d0b460eb91a0d480d4
com-lj,3121854,3121854,3121854,7,1249527,1924396,1249527,1924396,707,2,11300467528808920,False,False,2000000000000000,56502337644044600,200000000000000,11300467528808920,1,0,0,835d5175a7309fedd782fc505407a5d140587540b27d4eab64df9f3f3eba2add,78a77750ac83057a6c62e5cef3ef34c74c50a8c6fc7603d0b460eb91a0d480d4
com-lj,3124813,3124813,3124813,3,764971,764981,764971,764981,45,2,719265967180200,False,False,2000000000000000,3596329835901000,200000000000000,719265967180200,1,0,0,835d5175a7309fedd782fc505407a5d140587540b27d4eab64df9f3f3eba2add,78a77750ac83057a6c62e5cef3ef34c74c50a8c6fc7603d0b460eb91a0d480d4
com-lj,3143583,3143583,3143583,47,3143603,3143605,3143603,3143605,117,2,1870091514668520,False,False,2000000000000000,9350457573342600,200000000000000,1870091514668520,3,0,0,835d5175a7309fedd782fc505407a5d140587540b27d4eab64df9f3f3eba2add,78a77750ac83057a6c62e5cef3ef34c74c50a8c6fc7603d0b460eb91a0d480d4
com-lj,3143584,3143584,3143584,48,3143603,3143605,3143603,3143605,117,2,1870091514668520,False,False,2000000000000000,9350457573342600,200000000000000,1870091514668520,3,0,0,835d5175a7309fedd782fc505407a5d140587540b27d4eab64df9f3f3eba2add,78a77750ac83057a6c62e5cef3ef34c74c50a8c6fc7603d0b460eb91a0d480d4
com-lj,3143587,3143587,3143587,50,3143603,3143605,3143603,3143605,117,2,1870091514668520,False,False,2000000000000000,9350457573342600,200000000000000,1870091514668520,3,0,0,835d5175a7309fedd782fc505407a5d140587540b27d4eab64df9f3f3eba2add,78a77750ac83057a6c62e5cef3ef34c74c50a8c6fc7603d0b460eb91a0d480d4
com-lj,3145287,3145287,3145287,2,764971,764981,764971,764981,45,2,719265967180200,False,False,2000000000000000,3596329835901000,200000000000000,719265967180200,1,0,0,835d5175a7309fedd782fc505407a5d140587540b27d4eab64df9f3f3eba2add,78a77750ac83057a6c62e5cef3ef34c74c50a8c6fc7603d0b460eb91a0d480d4
com-lj,3145288,3145288,3145288,2,764971,764981,764971,764981,45,2,719265967180200,False,False,2000000000000000,3596329835901000,200000000000000,719265967180200,1,0,0,835d5175a7309fedd782fc505407a5d140587540b27d4eab64df9f3f3eba2add,78a77750ac83057a6c62e5cef3ef34c74c50a8c6fc7603d0b460eb91a0d480d4
com-lj,3145289,3145289,3145289,2,764971,764981,764971,764981,45,2,719265967180200,False,False,2000000000000000,3596329835901000,200000000000000,719265967180200,1,0,0,835d5175a7309fedd782fc505407a5d140587540b27d4eab64df9f3f3eba2add,78a77750ac83057a6c62e5cef3ef34c74c50a8c6fc7603d0b460eb91a0d480d4
com-lj,3152149,3152149,3152149,5,970890,970893,970890,970893,29,2,463526956627240,False,False,2000000000000000,2317634783136200,200000000000000,463526956627240,1,0,0,835d5175a7309fedd782fc505407a5d140587540b27d4eab64df9f3f3eba2add,78a77750ac83057a6c62e5cef3ef34c74c50a8c6fc7603d0b460eb91a0d480d4
com-lj,3159848,3159848,3159848,2,393228,393229,393228,393229,26,2,415575892148560,False,False,2000000000000000,2077879460742800,200000000000000,415575892148560,1,0,0,835d5175a7309fedd782fc505407a5d140587540b27d4eab64df9f3f3eba2add,78a77750ac83057a6c62e5cef3ef34c74c50a8c6fc7603d0b460eb91a0d480d4
com-lj,3161024,3161024,3161024,5,3161021,3161023,3161021,3161023,31,2,495494332946360,False,False,2000000000000000,2477471664731800,200000000000000,495494332946360,1,0,0,835d5175a7309fedd782fc505407a5d140587540b27d4eab64df9f3f3eba2add,78a77750ac83057a6c62e5cef3ef34c74c50a8c6fc7603d0b460eb91a0d480d4
com-lj,3164255,3164255,3164255,5,1717265,1717301,1717265,1717301,26,2,415575892148560,False,False,2000000000000000,2077879460742800,200000000000000,415575892148560,1,0,0,835d5175a7309fedd782fc505407a5d140587540b27d4eab64df9f3f3eba2add,78a77750ac83057a6c62e5cef3ef34c74c50a8c6fc7603d0b460eb91a0d480d4
com-lj,3167774,3167774,3167774,2,799914,799915,799914,799915,32,2,511478021105920,False,False,2000000000000000,2557390105529600,200000000000000,511478021105920,1,0,0,835d5175a7309fedd782fc505407a5d140587540b27d4eab64df9f3f3eba2add,78a77750ac83057a6c62e5cef3ef34c74c50a8c6fc7603d0b460eb91a0d480d4
com-lj,3167996,3167996,3167996,27,2588268,2588269,2588268,2588269,33,2,527461709265480,False,False,2000000000000000,2637308546327400,200000000000000,527461709265480,1,0,0,835d5175a7309fedd782fc505407a5d140587540b27d4eab64df9f3f3eba2add,78a77750ac83057a6c62e5cef3ef34c74c50a8c6fc7603d0b460eb91a0d480d4
com-lj,3172255,3172255,3172255,2,175131,175134,175131,175134,27,2,431559580308120,False,False,2000000000000000,2157797901540600,200000000000000,431559580308120,1,0,0,835d5175a7309fedd782fc505407a5d140587540b27d4eab64df9f3f3eba2add,78a77750ac83057a6c62e5cef3ef34c74c50a8c6fc7603d0b460eb91a0d480d4
com-lj,3181530,3181530,3181530,3,1194075,1194079,1194075,1194079,59,2,943037601414040,False,False,2000000000000000,4715188007070200,200000000000000,943037601414040,1,0,0,835d5175a7309fedd782fc505407a5d140587540b27d4eab64df9f3f3eba2add,78a77750ac83057a6c62e5cef3ef34c74c50a8c6fc7603d0b460eb91a0d480d4
com-lj,3184742,3184742,3184742,3,726570,726571,726570,726571,30,2,479510644786800,False,False,2000000000000000,2397553223934000,200000000000000,479510644786800,1,0,0,835d5175a7309fedd782fc505407a5d140587540b27d4eab64df9f3f3eba2add,78a77750ac83057a6c62e5cef3ef34c74c50a8c6fc7603d0b460eb91a0d480d4
com-lj,3184782,3184782,3184782,2,1167481,1167482,1167481,1167482,42,2,671314902701520,False,False,2000000000000000,3356574513507600,200000000000000,671314902701520,1,0,0,835d5175a7309fedd782fc505407a5d140587540b27d4eab64df9f3f3eba2add,78a77750ac83057a6c62e5cef3ef34c74c50a8c6fc7603d0b460eb91a0d480d4
com-lj,3194350,3194350,3194350,13,2835270,3194339,2835270,3194339,27,2,431559580308120,False,False,2000000000000000,2157797901540600,200000000000000,431559580308120,1,0,0,835d5175a7309fedd782fc505407a5d140587540b27d4eab64df9f3f3eba2add,78a77750ac83057a6c62e5cef3ef34c74c50a8c6fc7603d0b460eb91a0d480d4
com-lj,3196492,3196492,3196492,90,3196483,3196531,3196483,3196531,89,2,1422548246200840,False,False,2000000000000000,7112741231004200,200000000000000,1422548246200840,2,0,0,835d5175a7309fedd782fc505407a5d140587540b27d4eab64df9f3f3eba2add,78a77750ac83057a6c62e5cef3ef34c74c50a8c6fc7603d0b460eb91a0d480d4
com-lj,3197994,3197994,3197994,12,2862622,2862623,2862622,2862623,55,2,879102848775800,False,False,2000000000000000,4395514243879000,200000000000000,879102848775800,2,0,0,835d5175a7309fedd782fc505407a5d140587540b27d4eab64df9f3f3eba2add,78a77750ac83057a6c62e5cef3ef34c74c50a8c6fc7603d0b460eb91a0d480d4
com-lj,3200267,3200267,3200267,59,3200288,3200305,3200288,3200305,57,2,911070225094920,False,False,2000000000000000,4555351125474600,200000000000000,911070225094920,2,0,0,835d5175a7309fedd782fc505407a5d140587540b27d4eab64df9f3f3eba2add,78a77750ac83057a6c62e5cef3ef34c74c50a8c6fc7603d0b460eb91a0d480d4
com-lj,3200268,3200268,3200268,59,3200288,3200305,3200288,3200305,57,2,911070225094920,False,False,2000000000000000,4555351125474600,200000000000000,911070225094920,2,0,0,835d5175a7309fedd782fc505407a5d140587540b27d4eab64df9f3f3eba2add,78a77750ac83057a6c62e5cef3ef34c74c50a8c6fc7603d0b460eb91a0d480d4
com-lj,3200269,3200269,3200269,59,3200288,3200305,3200288,3200305,57,2,911070225094920,False,False,2000000000000000,4555351125474600,200000000000000,911070225094920,2,0,0,835d5175a7309fedd782fc505407a5d140587540b27d4eab64df9f3f3eba2add,78a77750ac83057a6c62e5cef3ef34c74c50a8c6fc7603d0b460eb91a0d480d4
com-lj,3200270,3200270,3200270,59,3200288,3200305,3200288,3200305,57,2,911070225094920,False,False,2000000000000000,4555351125474600,200000000000000,911070225094920,2,0,0,835d5175a7309fedd782fc505407a5d140587540b27d4eab64df9f3f3eba2add,78a77750ac83057a6c62e5cef3ef34c74c50a8c6fc7603d0b460eb91a0d480d4
com-lj,3200271,3200271,3200271,59,3200288,3200305,3200288,3200305,57,2,911070225094920,False,False,2000000000000000,4555351125474600,200000000000000,911070225094920,2,0,0,835d5175a7309fedd782fc505407a5d140587540b27d4eab64df9f3f3eba2add,78a77750ac83057a6c62e5cef3ef34c74c50a8c6fc7603d0b460eb91a0d480d4
com-lj,3200272,3200272,3200272,59,3200288,3200305,3200288,3200305,57,2,911070225094920,False,False,2000000000000000,4555351125474600,200000000000000,911070225094920,2,0,0,835d5175a7309fedd782fc505407a5d140587540b27d4eab64df9f3f3eba2add,78a77750ac83057a6c62e5cef3ef34c74c50a8c6fc7603d0b460eb91a0d480d4
com-lj,3200273,3200273,3200273,59,3200288,3200305,3200288,3200305,57,2,911070225094920,False,False,2000000000000000,4555351125474600,200000000000000,911070225094920,2,0,0,835d5175a7309fedd782fc505407a5d140587540b27d4eab64df9f3f3eba2add,78a77750ac83057a6c62e5cef3ef34c74c50a8c6fc7603d0b460eb91a0d480d4
com-lj,3200274,3200274,3200274,59,3200288,3200305,3200288,3200305,57,2,911070225094920,False,False,2000000000000000,4555351125474600,200000000000000,911070225094920,2,0,0,835d5175a7309fedd782fc505407a5d140587540b27d4eab64df9f3f3eba2add,78a77750ac83057a6c62e5cef3ef34c74c50a8c6fc7603d0b460eb91a0d480d4
com-lj,3200275,3200275,3200275,59,3200288,3200305,3200288,3200305,57,2,911070225094920,False,False,2000000000000000,4555351125474600,200000000000000,911070225094920,2,0,0,835d5175a7309fedd782fc505407a5d140587540b27d4eab64df9f3f3eba2add,78a77750ac83057a6c62e5cef3ef34c74c50a8c6fc7603d0b460eb91a0d480d4
com-lj,3200276,3200276,3200276,59,3200288,3200305,3200288,3200305,57,2,911070225094920,False,False,2000000000000000,4555351125474600,200000000000000,911070225094920,2,0,0,835d5175a7309fedd782fc505407a5d140587540b27d4eab64df9f3f3eba2add,78a77750ac83057a6c62e5cef3ef34c74c50a8c6fc7603d0b460eb91a0d480d4
com-lj,3200277,3200277,3200277,59,3200288,3200305,3200288,3200305,57,2,911070225094920,False,False,2000000000000000,4555351125474600,200000000000000,911070225094920,2,0,0,835d5175a7309fedd782fc505407a5d140587540b27d4eab64df9f3f3eba2add,78a77750ac83057a6c62e5cef3ef34c74c50a8c6fc7603d0b460eb91a0d480d4
com-lj,3200278,3200278,3200278,59,3200288,3200305,3200288,3200305,57,2,911070225094920,False,False,2000000000000000,4555351125474600,200000000000000,911070225094920,2,0,0,835d5175a7309fedd782fc505407a5d140587540b27d4eab64df9f3f3eba2add,78a77750ac83057a6c62e5cef3ef34c74c50a8c6fc7603d0b460eb91a0d480d4
com-lj,3200279,3200279,3200279,59,3200288,3200305,3200288,3200305,57,2,911070225094920,False,False,2000000000000000,4555351125474600,200000000000000,911070225094920,2,0,0,835d5175a7309fedd782fc505407a5d140587540b27d4eab64df9f3f3eba2add,78a77750ac83057a6c62e5cef3ef34c74c50a8c6fc7603d0b460eb91a0d480d4
com-lj,3200280,3200280,3200280,59,3200288,3200305,3200288,3200305,57,2,911070225094920,False,False,2000000000000000,4555351125474600,200000000000000,911070225094920,2,0,0,835d5175a7309fedd782fc505407a5d140587540b27d4eab64df9f3f3eba2add,78a77750ac83057a6c62e5cef3ef34c74c50a8c6fc7603d0b460eb91a0d480d4
com-lj,3200281,3200281,3200281,59,3200288,3200305,3200288,3200305,57,2,911070225094920,False,False,2000000000000000,4555351125474600,200000000000000,911070225094920,2,0,0,835d5175a7309fedd782fc505407a5d140587540b27d4eab64df9f3f3eba2add,78a77750ac83057a6c62e5cef3ef34c74c50a8c6fc7603d0b460eb91a0d480d4
com-lj,3200282,3200282,3200282,59,3200288,3200305,3200288,3200305,57,2,911070225094920,False,False,2000000000000000,4555351125474600,200000000000000,911070225094920,2,0,0,835d5175a7309fedd782fc505407a5d140587540b27d4eab64df9f3f3eba2add,78a77750ac83057a6c62e5cef3ef34c74c50a8c6fc7603d0b460eb91a0d480d4
com-lj,3200283,3200283,3200283,59,3200288,3200305,3200288,3200305,57,2,911070225094920,False,False,2000000000000000,4555351125474600,200000000000000,911070225094920,2,0,0,835d5175a7309fedd782fc505407a5d140587540b27d4eab64df9f3f3eba2add,78a77750ac83057a6c62e5cef3ef34c74c50a8c6fc7603d0b460eb91a0d480d4
com-lj,3200284,3200284,3200284,59,3200288,3200305,3200288,3200305,57,2,911070225094920,False,False,2000000000000000,4555351125474600,200000000000000,911070225094920,2,0,0,835d5175a7309fedd782fc505407a5d140587540b27d4eab64df9f3f3eba2add,78a77750ac83057a6c62e5cef3ef34c74c50a8c6fc7603d0b460eb91a0d480d4
com-lj,3200285,3200285,3200285,59,3200288,3200305,3200288,3200305,57,2,911070225094920,False,False,2000000000000000,4555351125474600,200000000000000,911070225094920,2,0,0,835d5175a7309fedd782fc505407a5d140587540b27d4eab64df9f3f3eba2add,78a77750ac83057a6c62e5cef3ef34c74c50a8c6fc7603d0b460eb91a0d480d4
com-lj,3200286,3200286,3200286,59,3200288,3200305,3200288,3200305,57,2,911070225094920,False,False,2000000000000000,4555351125474600,200000000000000,911070225094920,2,0,0,835d5175a7309fedd782fc505407a5d140587540b27d4eab64df9f3f3eba2add,78a77750ac83057a6c62e5cef3ef34c74c50a8c6fc7603d0b460eb91a0d480d4
com-lj,3200287,3200287,3200287,59,3200288,3200305,3200288,3200305,57,2,911070225094920,False,False,2000000000000000,4555351125474600,200000000000000,911070225094920,2,0,0,835d5175a7309fedd782fc505407a5d140587540b27d4eab64df9f3f3eba2add,78a77750ac83057a6c62e5cef3ef34c74c50a8c6fc7603d0b460eb91a0d480d4
com-lj,3200289,3200289,3200289,59,3200288,3200305,3200288,3200305,57,2,911070225094920,False,False,2000000000000000,4555351125474600,200000000000000,911070225094920,2,0,0,835d5175a7309fedd782fc505407a5d140587540b27d4eab64df9f3f3eba2add,78a77750ac83057a6c62e5cef3ef34c74c50a8c6fc7603d0b460eb91a0d480d4
com-lj,3200290,3200290,3200290,59,3200288,3200305,3200288,3200305,57,2,911070225094920,False,False,2000000000000000,4555351125474600,200000000000000,911070225094920,2,0,0,835d5175a7309fedd782fc505407a5d140587540b27d4eab64df9f3f3eba2add,78a77750ac83057a6c62e5cef3ef34c74c50a8c6fc7603d0b460eb91a0d480d4
com-lj,3200291,3200291,3200291,59,3200288,3200305,3200288,3200305,57,2,911070225094920,False,False,2000000000000000,4555351125474600,200000000000000,911070225094920,2,0,0,835d5175a7309fedd782fc505407a5d140587540b27d4eab64df9f3f3eba2add,78a77750ac83057a6c62e5cef3ef34c74c50a8c6fc7603d0b460eb91a0d480d4
com-lj,3200292,3200292,3200292,59,3200288,3200305,3200288,3200305,57,2,911070225094920,False,False,2000000000000000,4555351125474600,200000000000000,911070225094920,2,0,0,835d5175a7309fedd782fc505407a5d140587540b27d4eab64df9f3f3eba2add,78a77750ac83057a6c62e5cef3ef34c74c50a8c6fc7603d0b460eb91a0d480d4
com-lj,3200293,3200293,3200293,59,3200288,3200305,3200288,3200305,57,2,911070225094920,False,False,2000000000000000,4555351125474600,200000000000000,911070225094920,2,0,0,835d5175a7309fedd782fc505407a5d140587540b27d4eab64df9f3f3eba2add,78a77750ac83057a6c62e5cef3ef34c74c50a8c6fc7603d0b460eb91a0d480d4
com-lj,3200294,3200294,3200294,59,3200288,3200305,3200288,3200305,57,2,911070225094920,False,False,2000000000000000,4555351125474600,200000000000000,911070225094920,2,0,0,835d5175a7309fedd782fc505407a5d140587540b27d4eab64df9f3f3eba2add,78a77750ac83057a6c62e5cef3ef34c74c50a8c6fc7603d0b460eb91a0d480d4
com-lj,3200295,3200295,3200295,59,3200288,3200305,3200288,3200305,57,2,911070225094920,False,False,2000000000000000,4555351125474600,200000000000000,911070225094920,2,0,0,835d5175a7309fedd782fc505407a5d140587540b27d4eab64df9f3f3eba2add,78a77750ac83057a6c62e5cef3ef34c74c50a8c6fc7603d0b460eb91a0d480d4
com-lj,3200296,3200296,3200296,59,3200288,3200305,3200288,3200305,57,2,911070225094920,False,False,2000000000000000,4555351125474600,200000000000000,911070225094920,2,0,0,835d5175a7309fedd782fc505407a5d140587540b27d4eab64df9f3f3eba2add,78a77750ac83057a6c62e5cef3ef34c74c50a8c6fc7603d0b460eb91a0d480d4
com-lj,3200297,3200297,3200297,59,3200288,3200305,3200288,3200305,57,2,911070225094920,False,False,2000000000000000,4555351125474600,200000000000000,911070225094920,2,0,0,835d5175a7309fedd782fc505407a5d140587540b27d4eab64df9f3f3eba2add,78a77750ac83057a6c62e5cef3ef34c74c50a8c6fc7603d0b460eb91a0d480d4
com-lj,3200298,3200298,3200298,59,3200288,3200305,3200288,3200305,57,2,911070225094920,False,False,2000000000000000,4555351125474600,200000000000000,911070225094920,2,0,0,835d5175a7309fedd782fc505407a5d140587540b27d4eab64df9f3f3eba2add,78a77750ac83057a6c62e5cef3ef34c74c50a8c6fc7603d0b460eb91a0d480d4
com-lj,3200299,3200299,3200299,59,3200288,3200305,3200288,3200305,57,2,911070225094920,False,False,2000000000000000,4555351125474600,200000000000000,911070225094920,2,0,0,835d5175a7309fedd782fc505407a5d140587540b27d4eab64df9f3f3eba2add,78a77750ac83057a6c62e5cef3ef34c74c50a8c6fc7603d0b460eb91a0d480d4
com-lj,3200300,3200300,3200300,59,3200288,3200305,3200288,3200305,57,2,911070225094920,False,False,2000000000000000,4555351125474600,200000000000000,911070225094920,2,0,0,835d5175a7309fedd782fc505407a5d140587540b27d4eab64df9f3f3eba2add,78a77750ac83057a6c62e5cef3ef34c74c50a8c6fc7603d0b460eb91a0d480d4
com-lj,3200301,3200301,3200301,59,3200288,3200305,3200288,3200305,57,2,911070225094920,False,False,2000000000000000,4555351125474600,200000000000000,911070225094920,2,0,0,835d5175a7309fedd782fc505407a5d140587540b27d4eab64df9f3f3eba2add,78a77750ac83057a6c62e5cef3ef34c74c50a8c6fc7603d0b460eb91a0d480d4
com-lj,3200302,3200302,3200302,59,3200288,3200305,3200288,3200305,57,2,911070225094920,False,False,2000000000000000,4555351125474600,200000000000000,911070225094920,2,0,0,835d5175a7309fedd782fc505407a5d140587540b27d4eab64df9f3f3eba2add,78a77750ac83057a6c62e5cef3ef34c74c50a8c6fc7603d0b460eb91a0d480d4
com-lj,3200304,3200304,3200304,59,3200288,3200305,3200288,3200305,57,2,911070225094920,False,False,2000000000000000,4555351125474600,200000000000000,911070225094920,2,0,0,835d5175a7309fedd782fc505407a5d140587540b27d4eab64df9f3f3eba2add,78a77750ac83057a6c62e5cef3ef34c74c50a8c6fc7603d0b460eb91a0d480d4
com-lj,3200306,3200306,3200306,59,3200288,3200305,3200288,3200305,57,2,911070225094920,False,False,2000000000000000,4555351125474600,200000000000000,911070225094920,2,0,0,835d5175a7309fedd782fc505407a5d140587540b27d4eab64df9f3f3eba2add,78a77750ac83057a6c62e5cef3ef34c74c50a8c6fc7603d0b460eb91a0d480d4
com-lj,3200307,3200307,3200307,59,3200288,3200305,3200288,3200305,57,2,911070225094920,False,False,2000000000000000,4555351125474600,200000000000000,911070225094920,2,0,0,835d5175a7309fedd782fc505407a5d140587540b27d4eab64df9f3f3eba2add,78a77750ac83057a6c62e5cef3ef34c74c50a8c6fc7603d0b460eb91a0d480d4
com-lj,3200308,3200308,3200308,59,3200288,3200305,3200288,3200305,57,2,911070225094920,False,False,2000000000000000,4555351125474600,200000000000000,911070225094920,2,0,0,835d5175a7309fedd782fc505407a5d140587540b27d4eab64df9f3f3eba2add,78a77750ac83057a6c62e5cef3ef34c74c50a8c6fc7603d0b460eb91a0d480d4
com-lj,3200309,3200309,3200309,59,3200288,3200305,3200288,3200305,57,2,911070225094920,False,False,2000000000000000,4555351125474600,200000000000000,911070225094920,2,0,0,835d5175a7309fedd782fc505407a5d140587540b27d4eab64df9f3f3eba2add,78a77750ac83057a6c62e5cef3ef34c74c50a8c6fc7603d0b460eb91a0d480d4
com-lj,3200310,3200310,3200310,59,3200288,3200305,3200288,3200305,57,2,911070225094920,False,False,2000000000000000,4555351125474600,200000000000000,911070225094920,2,0,0,835d5175a7309fedd782fc505407a5d140587540b27d4eab64df9f3f3eba2add,78a77750ac83057a6c62e5cef3ef34c74c50a8c6fc7603d0b460eb91a0d480d4
com-lj,3200311,3200311,3200311,59,3200288,3200305,3200288,3200305,57,2,911070225094920,False,False,2000000000000000,4555351125474600,200000000000000,911070225094920,2,0,0,835d5175a7309fedd782fc505407a5d140587540b27d4eab64df9f3f3eba2add,78a77750ac83057a6c62e5cef3ef34c74c50a8c6fc7603d0b460eb91a0d480d4
com-lj,3200312,3200312,3200312,59,3200288,3200305,3200288,3200305,57,2,911070225094920,False,False,2000000000000000,4555351125474600,200000000000000,911070225094920,2,0,0,835d5175a7309fedd782fc505407a5d140587540b27d4eab64df9f3f3eba2add,78a77750ac83057a6c62e5cef3ef34c74c50a8c6fc7603d0b460eb91a0d480d4
com-lj,3200313,3200313,3200313,59,3200288,3200305,3200288,3200305,57,2,911070225094920,False,False,2000000000000000,4555351125474600,200000000000000,911070225094920,2,0,0,835d5175a7309fedd782fc505407a5d140587540b27d4eab64df9f3f3eba2add,78a77750ac83057a6c62e5cef3ef34c74c50a8c6fc7603d0b460eb91a0d480d4
com-lj,3200314,3200314,3200314,59,3200288,3200305,3200288,3200305,57,2,911070225094920,False,False,2000000000000000,4555351125474600,200000000000000,911070225094920,2,0,0,835d5175a7309fedd782fc505407a5d140587540b27d4eab64df9f3f3eba2add,78a77750ac83057a6c62e5cef3ef34c74c50a8c6fc7603d0b460eb91a0d480d4
com-lj,3200315,3200315,3200315,59,3200288,3200305,3200288,3200305,57,2,911070225094920,False,False,2000000000000000,4555351125474600,200000000000000,911070225094920,2,0,0,835d5175a7309fedd782fc505407a5d140587540b27d4eab64df9f3f3eba2add,78a77750ac83057a6c62e5cef3ef34c74c50a8c6fc7603d0b460eb91a0d480d4
com-lj,3200316,3200316,3200316,59,3200288,3200305,3200288,3200305,57,2,911070225094920,False,False,2000000000000000,4555351125474600,200000000000000,911070225094920,2,0,0,835d5175a7309fedd782fc505407a5d140587540b27d4eab64df9f3f3eba2add,78a77750ac83057a6c62e5cef3ef34c74c50a8c6fc7603d0b460eb91a0d480d4
com-lj,3200317,3200317,3200317,59,3200288,3200305,3200288,3200305,57,2,911070225094920,False,False,2000000000000000,4555351125474600,200000000000000,911070225094920,2,0,0,835d5175a7309fedd782fc505407a5d140587540b27d4eab64df9f3f3eba2add,78a77750ac83057a6c62e5cef3ef34c74c50a8c6fc7603d0b460eb91a0d480d4
com-lj,3200318,3200318,3200318,59,3200288,3200305,3200288,3200305,57,2,911070225094920,False,False,2000000000000000,4555351125474600,200000000000000,911070225094920,2,0,0,835d5175a7309fedd782fc505407a5d140587540b27d4eab64df9f3f3eba2add,78a77750ac83057a6c62e5cef3ef34c74c50a8c6fc7603d0b460eb91a0d480d4
com-lj,3200319,3200319,3200319,59,3200288,3200305,3200288,3200305,57,2,911070225094920,False,False,2000000000000000,4555351125474600,200000000000000,911070225094920,2,0,0,835d5175a7309fedd782fc505407a5d140587540b27d4eab64df9f3f3eba2add,78a77750ac83057a6c62e5cef3ef34c74c50a8c6fc7603d0b460eb91a0d480d4
com-lj,3200320,3200320,3200320,59,3200288,3200305,3200288,3200305,57,2,911070225094920,False,False,2000000000000000,4555351125474600,200000000000000,911070225094920,2,0,0,835d5175a7309fedd782fc505407a5d140587540b27d4eab64df9f3f3eba2add,78a77750ac83057a6c62e5cef3ef34c74c50a8c6fc7603d0b460eb91a0d480d4
com-lj,3200321,3200321,3200321,59,3200288,3200305,3200288,3200305,57,2,911070225094920,False,False,2000000000000000,4555351125474600,200000000000000,911070225094920,2,0,0,835d5175a7309fedd782fc505407a5d140587540b27d4eab64df9f3f3eba2add,78a77750ac83057a6c62e5cef3ef34c74c50a8c6fc7603d0b460eb91a0d480d4
com-lj,3200322,3200322,3200322,59,3200288,3200305,3200288,3200305,57,2,911070225094920,False,False,2000000000000000,4555351125474600,200000000000000,911070225094920,2,0,0,835d5175a7309fedd782fc505407a5d140587540b27d4eab64df9f3f3eba2add,78a77750ac83057a6c62e5cef3ef34c74c50a8c6fc7603d0b460eb91a0d480d4
com-lj,3200323,3200323,3200323,59,3200288,3200305,3200288,3200305,57,2,911070225094920,False,False,2000000000000000,4555351125474600,200000000000000,911070225094920,2,0,0,835d5175a7309fedd782fc505407a5d140587540b27d4eab64df9f3f3eba2add,78a77750ac83057a6c62e5cef3ef34c74c50a8c6fc7603d0b460eb91a0d480d4
com-lj,3200324,3200324,3200324,59,3200288,3200305,3200288,3200305,57,2,911070225094920,False,False,2000000000000000,4555351125474600,200000000000000,911070225094920,2,0,0,835d5175a7309fedd782fc505407a5d140587540b27d4eab64df9f3f3eba2add,78a77750ac83057a6c62e5cef3ef34c74c50a8c6fc7603d0b460eb91a0d480d4
com-lj,3200325,3200325,3200325,59,3200288,3200305,3200288,3200305,57,2,911070225094920,False,False,2000000000000000,4555351125474600,200000000000000,911070225094920,2,0,0,835d5175a7309fedd782fc505407a5d140587540b27d4eab64df9f3f3eba2add,78a77750ac83057a6c62e5cef3ef34c74c50a8c6fc7603d0b460eb91a0d480d4
com-lj,3206552,3206552,3206552,4,1412800,1412801,1412800,1412801,35,2,559429085584600,False,False,2000000000000000,2797145427923000,200000000000000,559429085584600,1,0,0,835d5175a7309fedd782fc505407a5d140587540b27d4eab64df9f3f3eba2add,78a77750ac83057a6c62e5cef3ef34c74c50a8c6fc7603d0b460eb91a0d480d4
com-lj,3206553,3206553,3206553,3,1412800,1412801,1412800,1412801,35,2,559429085584600,False,False,2000000000000000,2797145427923000,200000000000000,559429085584600,1,0,0,835d5175a7309fedd782fc505407a5d140587540b27d4eab64df9f3f3eba2add,78a77750ac83057a6c62e5cef3ef34c74c50a8c6fc7603d0b460eb91a0d480d4
com-lj,3206902,3206902,3206902,22,3206906,3206908,3206906,3206908,104,2,1662303568594240,False,False,2000000000000000,8311517842971200,200000000000000,1662303568594240,1,0,0,835d5175a7309fedd782fc505407a5d140587540b27d4eab64df9f3f3eba2add,78a77750ac83057a6c62e5cef3ef34c74c50a8c6fc7603d0b460eb91a0d480d4
com-lj,3206904,3206904,3206904,17,3206906,3206908,3206906,3206908,104,2,1662303568594240,False,False,2000000000000000,8311517842971200,200000000000000,1662303568594240,1,0,0,835d5175a7309fedd782fc505407a5d140587540b27d4eab64df9f3f3eba2add,78a77750ac83057a6c62e5cef3ef34c74c50a8c6fc7603d0b460eb91a0d480d4
com-lj,3206905,3206905,3206905,21,3206906,3206908,3206906,3206908,104,2,1662303568594240,False,False,2000000000000000,8311517842971200,200000000000000,1662303568594240,1,0,0,835d5175a7309fedd782fc505407a5d140587540b27d4eab64df9f3f3eba2add,78a77750ac83057a6c62e5cef3ef34c74c50a8c6fc7603d0b460eb91a0d480d4
com-lj,3207132,3207132,3207132,20,2894956,3206892,2894956,3206892,129,2,2061895772583240,False,False,2000000000000000,10309478862916200,200000000000000,2061895772583240,1,0,0,835d5175a7309fedd782fc505407a5d140587540b27d4eab64df9f3f3eba2add,78a77750ac83057a6c62e5cef3ef34c74c50a8c6fc7603d0b460eb91a0d480d4
com-lj,3207166,3207166,3207166,16,3207069,3207078,3207069,3207078,66,2,1054923418530960,False,False,2000000000000000,5274617092654800,200000000000000,1054923418530960,2,0,0,835d5175a7309fedd782fc505407a5d140587540b27d4eab64df9f3f3eba2add,78a77750ac83057a6c62e5cef3ef34c74c50a8c6fc7603d0b460eb91a0d480d4
com-lj,3207169,3207169,3207169,15,2894956,3206892,2894956,3206892,129,2,2061895772583240,False,False,2000000000000000,10309478862916200,200000000000000,2061895772583240,1,0,0,835d5175a7309fedd782fc505407a5d140587540b27d4eab64df9f3f3eba2add,78a77750ac83057a6c62e5cef3ef34c74c50a8c6fc7603d0b460eb91a0d480d4
com-lj,3210753,3210753,3210753,5,283834,654195,283834,654195,54,2,863119160616240,False,False,2000000000000000,4315595803081200,200000000000000,863119160616240,1,0,0,835d5175a7309fedd782fc505407a5d140587540b27d4eab64df9f3f3eba2add,78a77750ac83057a6c62e5cef3ef34c74c50a8c6fc7603d0b460eb91a0d480d4
com-lj,3211633,3211633,3211633,3,538138,538139,538138,538139,30,2,479510644786800,False,False,2000000000000000,2397553223934000,200000000000000,479510644786800,1,0,0,835d5175a7309fedd782fc505407a5d140587540b27d4eab64df9f3f3eba2add,78a77750ac83057a6c62e5cef3ef34c74c50a8c6fc7603d0b460eb91a0d480d4
com-lj,3211634,3211634,3211634,3,538138,538139,538138,538139,30,2,479510644786800,False,False,2000000000000000,2397553223934000,200000000000000,479510644786800,1,0,0,835d5175a7309fedd782fc505407a5d140587540b27d4eab64df9f3f3eba2add,78a77750ac83057a6c62e5cef3ef34c74c50a8c6fc7603d0b460eb91a0d480d4
com-lj,3211635,3211635,3211635,2,538138,538139,538138,538139,30,2,479510644786800,False,False,2000000000000000,2397553223934000,200000000000000,479510644786800,1,0,0,835d5175a7309fedd782fc505407a5d140587540b27d4eab64df9f3f3eba2add,78a77750ac83057a6c62e5cef3ef34c74c50a8c6fc7603d0b460eb91a0d480d4
com-lj,3211636,3211636,3211636,2,538138,538139,538138,538139,30,2,479510644786800,False,False,2000000000000000,2397553223934000,200000000000000,479510644786800,1,0,0,835d5175a7309fedd782fc505407a5d140587540b27d4eab64df9f3f3eba2add,78a77750ac83057a6c62e5cef3ef34c74c50a8c6fc7603d0b460eb91a0d480d4
com-lj,3213407,3213407,3213407,23,3213394,3213400,3213394,3213400,26,2,415575892148560,False,False,2000000000000000,2077879460742800,200000000000000,415575892148560,1,0,0,835d5175a7309fedd782fc505407a5d140587540b27d4eab64df9f3f3eba2add,78a77750ac83057a6c62e5cef3ef34c74c50a8c6fc7603d0b460eb91a0d480d4
com-lj,3213408,3213408,3213408,23,3213394,3213400,3213394,3213400,26,2,415575892148560,False,False,2000000000000000,2077879460742800,200000000000000,415575892148560,1,0,0,835d5175a7309fedd782fc505407a5d140587540b27d4eab64df9f3f3eba2add,78a77750ac83057a6c62e5cef3ef34c74c50a8c6fc7603d0b460eb91a0d480d4
com-lj,3213410,3213410,3213410,17,3213394,3213400,3213394,3213400,26,2,415575892148560,False,False,2000000000000000,2077879460742800,200000000000000,415575892148560,1,0,0,835d5175a7309fedd782fc505407a5d140587540b27d4eab64df9f3f3eba2add,78a77750ac83057a6c62e5cef3ef34c74c50a8c6fc7603d0b460eb91a0d480d4
com-lj,3221452,3221452,3221452,33,3221437,3221447,3221437,3221447,36,2,575412773744160,False,False,2000000000000000,2877063868720800,200000000000000,575412773744160,1,0,0,835d5175a7309fedd782fc505407a5d140587540b27d4eab64df9f3f3eba2add,78a77750ac83057a6c62e5cef3ef34c74c50a8c6fc7603d0b460eb91a0d480d4
com-lj,3223556,3223556,3223556,3,1788794,1788795,1788794,1788795,32,2,511478021105920,False,False,2000000000000000,2557390105529600,200000000000000,511478021105920,1,0,0,835d5175a7309fedd782fc505407a5d140587540b27d4eab64df9f3f3eba2add,78a77750ac83057a6c62e5cef3ef34c74c50a8c6fc7603d0b460eb91a0d480d4
com-lj,3224197,3224197,3224197,22,1922645,1922666,1922645,1922666,27,2,431559580308120,False,False,2000000000000000,2157797901540600,200000000000000,431559580308120,1,0,0,835d5175a7309fedd782fc505407a5d140587540b27d4eab64df9f3f3eba2add,78a77750ac83057a6c62e5cef3ef34c74c50a8c6fc7603d0b460eb91a0d480d4
com-lj,3227324,3227324,3227324,2,1352810,1352824,1352810,1352824,28,2,447543268467680,False,False,2000000000000000,2237716342338400,200000000000000,447543268467680,1,0,0,835d5175a7309fedd782fc505407a5d140587540b27d4eab64df9f3f3eba2add,78a77750ac83057a6c62e5cef3ef34c74c50a8c6fc7603d0b460eb91a0d480d4
com-lj,3229627,3229627,3229627,7,1960726,2630689,1960726,2630689,46,2,735249655339760,False,False,2000000000000000,3676248276698800,200000000000000,735249655339760,1,0,0,835d5175a7309fedd782fc505407a5d140587540b27d4eab64df9f3f3eba2add,78a77750ac83057a6c62e5cef3ef34c74c50a8c6fc7603d0b460eb91a0d480d4
com-lj,3231405,3231405,3231405,5,2350702,2569391,2350702,2569391,53,2,847135472456680,False,False,2000000000000000,4235677362283400,200000000000000,847135472456680,1,0,0,835d5175a7309fedd782fc505407a5d140587540b27d4eab64df9f3f3eba2add,78a77750ac83057a6c62e5cef3ef34c74c50a8c6fc7603d0b460eb91a0d480d4
com-lj,3232605,3232605,3232605,2,1860214,1860216,1860214,1860216,35,2,559429085584600,False,False,2000000000000000,2797145427923000,200000000000000,559429085584600,1,0,0,835d5175a7309fedd782fc505407a5d140587540b27d4eab64df9f3f3eba2add,78a77750ac83057a6c62e5cef3ef34c74c50a8c6fc7603d0b460eb91a0d480d4
com-lj,3232606,3232606,3232606,3,1860214,1860216,1860214,1860216,35,2,559429085584600,False,False,2000000000000000,2797145427923000,200000000000000,559429085584600,1,0,0,835d5175a7309fedd782fc505407a5d140587540b27d4eab64df9f3f3eba2add,78a77750ac83057a6c62e5cef3ef34c74c50a8c6fc7603d0b460eb91a0d480d4
com-lj,3252315,3252315,3252315,2,696425,696426,696425,696426,36,2,575412773744160,False,False,2000000000000000,2877063868720800,200000000000000,575412773744160,1,0,0,835d5175a7309fedd782fc505407a5d140587540b27d4eab64df9f3f3eba2add,78a77750ac83057a6c62e5cef3ef34c74c50a8c6fc7603d0b460eb91a0d480d4
com-lj,3265172,3265172,3265172,5,2633553,2633554,2633553,2633554,32,2,511478021105920,False,False,2000000000000000,2557390105529600,200000000000000,511478021105920,1,0,0,835d5175a7309fedd782fc505407a5d140587540b27d4eab64df9f3f3eba2add,78a77750ac83057a6c62e5cef3ef34c74c50a8c6fc7603d0b460eb91a0d480d4
com-lj,3265173,3265173,3265173,4,2633553,2633554,2633553,2633554,32,2,511478021105920,False,False,2000000000000000,2557390105529600,200000000000000,511478021105920,1,0,0,835d5175a7309fedd782fc505407a5d140587540b27d4eab64df9f3f3eba2add,78a77750ac83057a6c62e5cef3ef34c74c50a8c6fc7603d0b460eb91a0d480d4
com-lj,3277475,3277475,3277475,3,1645579,1645581,1645579,1645581,31,2,495494332946360,False,False,2000000000000000,2477471664731800,200000000000000,495494332946360,1,0,0,835d5175a7309fedd782fc505407a5d140587540b27d4eab64df9f3f3eba2add,78a77750ac83057a6c62e5cef3ef34c74c50a8c6fc7603d0b460eb91a0d480d4
com-lj,3281550,3281550,3281550,2,466591,466606,466591,466606,45,2,719265967180200,False,False,2000000000000000,3596329835901000,200000000000000,719265967180200,1,0,0,835d5175a7309fedd782fc505407a5d140587540b27d4eab64df9f3f3eba2add,78a77750ac83057a6c62e5cef3ef34c74c50a8c6fc7603d0b460eb91a0d480d4
com-lj,3286385,3286385,3286385,3,652565,652587,652565,652587,51,2,815168096137560,False,False,2000000000000000,4075840480687800,200000000000000,815168096137560,1,0,0,835d5175a7309fedd782fc505407a5d140587540b27d4eab64df9f3f3eba2add,78a77750ac83057a6c62e5cef3ef34c74c50a8c6fc7603d0b460eb91a0d480d4
com-lj,3286386,3286386,3286386,2,652565,652587,652565,652587,51,2,815168096137560,False,False,2000000000000000,4075840480687800,200000000000000,815168096137560,1,0,0,835d5175a7309fedd782fc505407a5d140587540b27d4eab64df9f3f3eba2add,78a77750ac83057a6c62e5cef3ef34c74c50a8c6fc7603d0b460eb91a0d480d4
com-lj,3286387,3286387,3286387,2,652565,652587,652565,652587,51,2,815168096137560,False,False,2000000000000000,4075840480687800,200000000000000,815168096137560,1,0,0,835d5175a7309fedd782fc505407a5d140587540b27d4eab64df9f3f3eba2add,78a77750ac83057a6c62e5cef3ef34c74c50a8c6fc7603d0b460eb91a0d480d4
com-lj,3289416,3289416,3289416,2,469161,469162,469161,469162,36,2,575412773744160,False,False,2000000000000000,2877063868720800,200000000000000,575412773744160,1,0,0,835d5175a7309fedd782fc505407a5d140587540b27d4eab64df9f3f3eba2add,78a77750ac83057a6c62e5cef3ef34c74c50a8c6fc7603d0b460eb91a0d480d4
com-lj,3289417,3289417,3289417,3,469161,469162,469161,469162,36,2,575412773744160,False,False,2000000000000000,2877063868720800,200000000000000,575412773744160,1,0,0,835d5175a7309fedd782fc505407a5d140587540b27d4eab64df9f3f3eba2add,78a77750ac83057a6c62e5cef3ef34c74c50a8c6fc7603d0b460eb91a0d480d4
com-lj,3293457,3293457,3293457,10,2518762,2518763,2518762,2518763,61,2,975004977733160,False,False,2000000000000000,4875024888665800,200000000000000,975004977733160,1,0,0,835d5175a7309fedd782fc505407a5d140587540b27d4eab64df9f3f3eba2add,78a77750ac83057a6c62e5cef3ef34c74c50a8c6fc7603d0b460eb91a0d480d4
com-lj,3296283,3296283,3296283,8,1249525,1924385,1249525,1924385,365,2,5834046178239400,False,False,2000000000000000,29170230891197000,200000000000000,5834046178239400,1,0,0,835d5175a7309fedd782fc505407a5d140587540b27d4eab64df9f3f3eba2add,78a77750ac83057a6c62e5cef3ef34c74c50a8c6fc7603d0b460eb91a0d480d4
com-lj,3296296,3296296,3296296,5,1249527,1924396,1249527,1924396,707,2,11300467528808920,False,False,2000000000000000,56502337644044600,200000000000000,11300467528808920,1,0,0,835d5175a7309fedd782fc505407a5d140587540b27d4eab64df9f3f3eba2add,78a77750ac83057a6c62e5cef3ef34c74c50a8c6fc7603d0b460eb91a0d480d4
com-lj,3296299,3296299,3296299,6,1249527,1924396,1249527,1924396,707,2,11300467528808920,False,False,2000000000000000,56502337644044600,200000000000000,11300467528808920,1,0,0,835d5175a7309fedd782fc505407a5d140587540b27d4eab64df9f3f3eba2add,78a77750ac83057a6c62e5cef3ef34c74c50a8c6fc7603d0b460eb91a0d480d4
com-lj,3296301,3296301,3296301,5,1249527,1924396,1249527,1924396,707,2,11300467528808920,False,False,2000000000000000,56502337644044600,200000000000000,11300467528808920,1,0,0,835d5175a7309fedd782fc505407a5d140587540b27d4eab64df9f3f3eba2add,78a77750ac83057a6c62e5cef3ef34c74c50a8c6fc7603d0b460eb91a0d480d4
com-lj,3296305,3296305,3296305,6,1249527,1924396,1249527,1924396,707,2,11300467528808920,False,False,2000000000000000,56502337644044600,200000000000000,11300467528808920,1,0,0,835d5175a7309fedd782fc505407a5d140587540b27d4eab64df9f3f3eba2add,78a77750ac83057a6c62e5cef3ef34c74c50a8c6fc7603d0b460eb91a0d480d4
com-lj,3296308,3296308,3296308,5,1249527,1924396,1249527,1924396,707,2,11300467528808920,False,False,2000000000000000,56502337644044600,200000000000000,11300467528808920,1,0,0,835d5175a7309fedd782fc505407a5d140587540b27d4eab64df9f3f3eba2add,78a77750ac83057a6c62e5cef3ef34c74c50a8c6fc7603d0b460eb91a0d480d4
com-lj,3296309,3296309,3296309,5,1249527,1924396,1249527,1924396,707,2,11300467528808920,False,False,2000000000000000,56502337644044600,200000000000000,11300467528808920,1,0,0,835d5175a7309fedd782fc505407a5d140587540b27d4eab64df9f3f3eba2add,78a77750ac83057a6c62e5cef3ef34c74c50a8c6fc7603d0b460eb91a0d480d4
com-lj,3296318,3296318,3296318,4,1249527,1924396,1249527,1924396,707,2,11300467528808920,False,False,2000000000000000,56502337644044600,200000000000000,11300467528808920,1,0,0,835d5175a7309fedd782fc505407a5d140587540b27d4eab64df9f3f3eba2add,78a77750ac83057a6c62e5cef3ef34c74c50a8c6fc7603d0b460eb91a0d480d4
com-lj,3296319,3296319,3296319,4,1249527,1924396,1249527,1924396,707,2,11300467528808920,False,False,2000000000000000,56502337644044600,200000000000000,11300467528808920,1,0,0,835d5175a7309fedd782fc505407a5d140587540b27d4eab64df9f3f3eba2add,78a77750ac83057a6c62e5cef3ef34c74c50a8c6fc7603d0b460eb91a0d480d4
com-lj,3296321,3296321,3296321,4,1249527,1924396,1249527,1924396,707,2,11300467528808920,False,False,2000000000000000,56502337644044600,200000000000000,11300467528808920,1,0,0,835d5175a7309fedd782fc505407a5d140587540b27d4eab64df9f3f3eba2add,78a77750ac83057a6c62e5cef3ef34c74c50a8c6fc7603d0b460eb91a0d480d4
com-lj,3296322,3296322,3296322,4,1249527,1924396,1249527,1924396,707,2,11300467528808920,False,False,2000000000000000,56502337644044600,200000000000000,11300467528808920,1,0,0,835d5175a7309fedd782fc505407a5d140587540b27d4eab64df9f3f3eba2add,78a77750ac83057a6c62e5cef3ef34c74c50a8c6fc7603d0b460eb91a0d480d4
com-lj,3296323,3296323,3296323,5,1249527,1924396,1249527,1924396,707,2,11300467528808920,False,False,2000000000000000,56502337644044600,200000000000000,11300467528808920,1,0,0,835d5175a7309fedd782fc505407a5d140587540b27d4eab64df9f3f3eba2add,78a77750ac83057a6c62e5cef3ef34c74c50a8c6fc7603d0b460eb91a0d480d4
com-lj,3296325,3296325,3296325,4,1249527,1924396,1249527,1924396,707,2,11300467528808920,False,False,2000000000000000,56502337644044600,200000000000000,11300467528808920,1,0,0,835d5175a7309fedd782fc505407a5d140587540b27d4eab64df9f3f3eba2add,78a77750ac83057a6c62e5cef3ef34c74c50a8c6fc7603d0b460eb91a0d480d4
com-lj,3296326,3296326,3296326,4,1249527,1924396,1249527,1924396,707,2,11300467528808920,False,False,2000000000000000,56502337644044600,200000000000000,11300467528808920,1,0,0,835d5175a7309fedd782fc505407a5d140587540b27d4eab64df9f3f3eba2add,78a77750ac83057a6c62e5cef3ef34c74c50a8c6fc7603d0b460eb91a0d480d4
com-lj,3296327,3296327,3296327,4,1249527,1924396,1249527,1924396,707,2,11300467528808920,False,False,2000000000000000,56502337644044600,200000000000000,11300467528808920,1,0,0,835d5175a7309fedd782fc505407a5d140587540b27d4eab64df9f3f3eba2add,78a77750ac83057a6c62e5cef3ef34c74c50a8c6fc7603d0b460eb91a0d480d4
com-lj,3296328,3296328,3296328,5,1249527,1924396,1249527,1924396,707,2,11300467528808920,False,False,2000000000000000,56502337644044600,200000000000000,11300467528808920,1,0,0,835d5175a7309fedd782fc505407a5d140587540b27d4eab64df9f3f3eba2add,78a77750ac83057a6c62e5cef3ef34c74c50a8c6fc7603d0b460eb91a0d480d4
com-lj,3296329,3296329,3296329,5,1249527,1924396,1249527,1924396,707,2,11300467528808920,False,False,2000000000000000,56502337644044600,200000000000000,11300467528808920,1,0,0,835d5175a7309fedd782fc505407a5d140587540b27d4eab64df9f3f3eba2add,78a77750ac83057a6c62e5cef3ef34c74c50a8c6fc7603d0b460eb91a0d480d4
com-lj,3296331,3296331,3296331,4,1249527,1924396,1249527,1924396,707,2,11300467528808920,False,False,2000000000000000,56502337644044600,200000000000000,11300467528808920,1,0,0,835d5175a7309fedd782fc505407a5d140587540b27d4eab64df9f3f3eba2add,78a77750ac83057a6c62e5cef3ef34c74c50a8c6fc7603d0b460eb91a0d480d4
com-lj,3296332,3296332,3296332,5,1249527,1924396,1249527,1924396,707,2,11300467528808920,False,False,2000000000000000,56502337644044600,200000000000000,11300467528808920,1,0,0,835d5175a7309fedd782fc505407a5d140587540b27d4eab64df9f3f3eba2add,78a77750ac83057a6c62e5cef3ef34c74c50a8c6fc7603d0b460eb91a0d480d4
com-lj,3296333,3296333,3296333,4,1249527,1924396,1249527,1924396,707,2,11300467528808920,False,False,2000000000000000,56502337644044600,200000000000000,11300467528808920,1,0,0,835d5175a7309fedd782fc505407a5d140587540b27d4eab64df9f3f3eba2add,78a77750ac83057a6c62e5cef3ef34c74c50a8c6fc7603d0b460eb91a0d480d4
com-lj,3296334,3296334,3296334,4,1249527,1924396,1249527,1924396,707,2,11300467528808920,False,False,2000000000000000,56502337644044600,200000000000000,11300467528808920,1,0,0,835d5175a7309fedd782fc505407a5d140587540b27d4eab64df9f3f3eba2add,78a77750ac83057a6c62e5cef3ef34c74c50a8c6fc7603d0b460eb91a0d480d4
com-lj,3296335,3296335,3296335,6,1249527,1924396,1249527,1924396,707,2,11300467528808920,False,False,2000000000000000,56502337644044600,200000000000000,11300467528808920,1,0,0,835d5175a7309fedd782fc505407a5d140587540b27d4eab64df9f3f3eba2add,78a77750ac83057a6c62e5cef3ef34c74c50a8c6fc7603d0b460eb91a0d480d4
com-lj,3296337,3296337,3296337,5,1249527,1924396,1249527,1924396,707,2,11300467528808920,False,False,2000000000000000,56502337644044600,200000000000000,11300467528808920,1,0,0,835d5175a7309fedd782fc505407a5d140587540b27d4eab64df9f3f3eba2add,78a77750ac83057a6c62e5cef3ef34c74c50a8c6fc7603d0b460eb91a0d480d4
com-lj,3296338,3296338,3296338,4,1249527,1924396,1249527,1924396,707,2,11300467528808920,False,False,2000000000000000,56502337644044600,200000000000000,11300467528808920,1,0,0,835d5175a7309fedd782fc505407a5d140587540b27d4eab64df9f3f3eba2add,78a77750ac83057a6c62e5cef3ef34c74c50a8c6fc7603d0b460eb91a0d480d4
com-lj,3296339,3296339,3296339,6,1249527,1924396,1249527,1924396,707,2,11300467528808920,False,False,2000000000000000,56502337644044600,200000000000000,11300467528808920,1,0,0,835d5175a7309fedd782fc505407a5d140587540b27d4eab64df9f3f3eba2add,78a77750ac83057a6c62e5cef3ef34c74c50a8c6fc7603d0b460eb91a0d480d4
com-lj,3296340,3296340,3296340,4,1249527,1924396,1249527,1924396,707,2,11300467528808920,False,False,2000000000000000,56502337644044600,200000000000000,11300467528808920,1,0,0,835d5175a7309fedd782fc505407a5d140587540b27d4eab64df9f3f3eba2add,78a77750ac83057a6c62e5cef3ef34c74c50a8c6fc7603d0b460eb91a0d480d4
com-lj,3296341,3296341,3296341,4,1249527,1924396,1249527,1924396,707,2,11300467528808920,False,False,2000000000000000,56502337644044600,200000000000000,11300467528808920,1,0,0,835d5175a7309fedd782fc505407a5d140587540b27d4eab64df9f3f3eba2add,78a77750ac83057a6c62e5cef3ef34c74c50a8c6fc7603d0b460eb91a0d480d4
com-lj,3296342,3296342,3296342,5,1249527,1924396,1249527,1924396,707,2,11300467528808920,False,False,2000000000000000,56502337644044600,200000000000000,11300467528808920,1,0,0,835d5175a7309fedd782fc505407a5d140587540b27d4eab64df9f3f3eba2add,78a77750ac83057a6c62e5cef3ef34c74c50a8c6fc7603d0b460eb91a0d480d4
com-lj,3296343,3296343,3296343,5,1249527,1924396,1249527,1924396,707,2,11300467528808920,False,False,2000000000000000,56502337644044600,200000000000000,11300467528808920,1,0,0,835d5175a7309fedd782fc505407a5d140587540b27d4eab64df9f3f3eba2add,78a77750ac83057a6c62e5cef3ef34c74c50a8c6fc7603d0b460eb91a0d480d4
com-lj,3296344,3296344,3296344,4,1249527,1924396,1249527,1924396,707,2,11300467528808920,False,False,2000000000000000,56502337644044600,200000000000000,11300467528808920,1,0,0,835d5175a7309fedd782fc505407a5d140587540b27d4eab64df9f3f3eba2add,78a77750ac83057a6c62e5cef3ef34c74c50a8c6fc7603d0b460eb91a0d480d4
com-lj,3296346,3296346,3296346,5,1249527,1924396,1249527,1924396,707,2,11300467528808920,False,False,2000000000000000,56502337644044600,200000000000000,11300467528808920,1,0,0,835d5175a7309fedd782fc505407a5d140587540b27d4eab64df9f3f3eba2add,78a77750ac83057a6c62e5cef3ef34c74c50a8c6fc7603d0b460eb91a0d480d4
com-lj,3296347,3296347,3296347,4,1249527,1924396,1249527,1924396,707,2,11300467528808920,False,False,2000000000000000,56502337644044600,200000000000000,11300467528808920,1,0,0,835d5175a7309fedd782fc505407a5d140587540b27d4eab64df9f3f3eba2add,78a77750ac83057a6c62e5cef3ef34c74c50a8c6fc7603d0b460eb91a0d480d4
com-lj,3296348,3296348,3296348,4,1249527,1924396,1249527,1924396,707,2,11300467528808920,False,False,2000000000000000,56502337644044600,200000000000000,11300467528808920,1,0,0,835d5175a7309fedd782fc505407a5d140587540b27d4eab64df9f3f3eba2add,78a77750ac83057a6c62e5cef3ef34c74c50a8c6fc7603d0b460eb91a0d480d4
com-lj,3296349,3296349,3296349,5,1249527,1924396,1249527,1924396,707,2,11300467528808920,False,False,2000000000000000,56502337644044600,200000000000000,11300467528808920,1,0,0,835d5175a7309fedd782fc505407a5d140587540b27d4eab64df9f3f3eba2add,78a77750ac83057a6c62e5cef3ef34c74c50a8c6fc7603d0b460eb91a0d480d4
com-lj,3296350,3296350,3296350,4,1249527,1924396,1249527,1924396,707,2,11300467528808920,False,False,2000000000000000,56502337644044600,200000000000000,11300467528808920,1,0,0,835d5175a7309fedd782fc505407a5d140587540b27d4eab64df9f3f3eba2add,78a77750ac83057a6c62e5cef3ef34c74c50a8c6fc7603d0b460eb91a0d480d4
com-lj,3296351,3296351,3296351,4,1249527,1924396,1249527,1924396,707,2,11300467528808920,False,False,2000000000000000,56502337644044600,200000000000000,11300467528808920,1,0,0,835d5175a7309fedd782fc505407a5d140587540b27d4eab64df9f3f3eba2add,78a77750ac83057a6c62e5cef3ef34c74c50a8c6fc7603d0b460eb91a0d480d4
com-lj,3296446,3296446,3296446,6,1249527,1924396,1249527,1924396,707,2,11300467528808920,False,False,2000000000000000,56502337644044600,200000000000000,11300467528808920,1,0,0,835d5175a7309fedd782fc505407a5d140587540b27d4eab64df9f3f3eba2add,78a77750ac83057a6c62e5cef3ef34c74c50a8c6fc7603d0b460eb91a0d480d4
com-lj,3296448,3296448,3296448,4,1249527,1924396,1249527,1924396,707,2,11300467528808920,False,False,2000000000000000,56502337644044600,200000000000000,11300467528808920,1,0,0,835d5175a7309fedd782fc505407a5d140587540b27d4eab64df9f3f3eba2add,78a77750ac83057a6c62e5cef3ef34c74c50a8c6fc7603d0b460eb91a0d480d4
com-lj,3296642,3296642,3296642,21,3296623,3296625,3296623,3296625,31,2,495494332946360,False,False,2000000000000000,2477471664731800,200000000000000,495494332946360,1,0,0,835d5175a7309fedd782fc505407a5d140587540b27d4eab64df9f3f3eba2add,78a77750ac83057a6c62e5cef3ef34c74c50a8c6fc7603d0b460eb91a0d480d4
com-lj,3305119,3305119,3305119,3,303043,303044,303043,303044,66,2,1054923418530960,False,False,2000000000000000,5274617092654800,200000000000000,1054923418530960,1,0,0,835d5175a7309fedd782fc505407a5d140587540b27d4eab64df9f3f3eba2add,78a77750ac83057a6c62e5cef3ef34c74c50a8c6fc7603d0b460eb91a0d480d4
com-lj,3305121,3305121,3305121,2,303043,303044,303043,303044,66,2,1054923418530960,False,False,2000000000000000,5274617092654800,200000000000000,1054923418530960,1,0,0,835d5175a7309fedd782fc505407a5d140587540b27d4eab64df9f3f3eba2add,78a77750ac83057a6c62e5cef3ef34c74c50a8c6fc7603d0b460eb91a0d480d4
com-lj,3319783,3319783,3319783,5,2571618,3319751,2571618,3319751,28,2,447543268467680,False,False,2000000000000000,2237716342338400,200000000000000,447543268467680,1,0,0,835d5175a7309fedd782fc505407a5d140587540b27d4eab64df9f3f3eba2add,78a77750ac83057a6c62e5cef3ef34c74c50a8c6fc7603d0b460eb91a0d480d4
com-lj,3319798,3319798,3319798,4,2571618,3319751,2571618,3319751,28,2,447543268467680,False,False,2000000000000000,2237716342338400,200000000000000,447543268467680,1,0,0,835d5175a7309fedd782fc505407a5d140587540b27d4eab64df9f3f3eba2add,78a77750ac83057a6c62e5cef3ef34c74c50a8c6fc7603d0b460eb91a0d480d4
com-lj,3322295,3322295,3322295,3,2184486,3322299,2184486,3322299,26,2,415575892148560,False,False,2000000000000000,2077879460742800,200000000000000,415575892148560,1,0,0,835d5175a7309fedd782fc505407a5d140587540b27d4eab64df9f3f3eba2add,78a77750ac83057a6c62e5cef3ef34c74c50a8c6fc7603d0b460eb91a0d480d4
com-lj,3328758,3328758,3328758,2,2422376,2422384,2422376,2422384,26,2,415575892148560,False,False,2000000000000000,2077879460742800,200000000000000,415575892148560,1,0,0,835d5175a7309fedd782fc505407a5d140587540b27d4eab64df9f3f3eba2add,78a77750ac83057a6c62e5cef3ef34c74c50a8c6fc7603d0b460eb91a0d480d4
com-lj,3335618,3335618,3335618,4,2473428,2473436,2473428,2473436,56,2,895086536935360,False,False,2000000000000000,4475432684676800,200000000000000,895086536935360,1,0,0,835d5175a7309fedd782fc505407a5d140587540b27d4eab64df9f3f3eba2add,78a77750ac83057a6c62e5cef3ef34c74c50a8c6fc7603d0b460eb91a0d480d4
com-lj,3339434,3339434,3339434,54,3339426,3339428,3339426,3339428,183,2,2925014933199480,False,False,2000000000000000,14625074665997400,200000000000000,2925014933199480,1,0,0,835d5175a7309fedd782fc505407a5d140587540b27d4eab64df9f3f3eba2add,78a77750ac83057a6c62e5cef3ef34c74c50a8c6fc7603d0b460eb91a0d480d4
com-lj,3339660,3339660,3339660,21,2733536,3207211,2733536,3207211,175,2,2797145427923000,False,False,2000000000000000,13985727139615000,200000000000000,2797145427923000,2,0,0,835d5175a7309fedd782fc505407a5d140587540b27d4eab64df9f3f3eba2add,78a77750ac83057a6c62e5cef3ef34c74c50a8c6fc7603d0b460eb91a0d480d4
com-lj,3344536,3344536,3344536,37,3344545,3344546,3344545,3344546,40,2,639347526382400,False,False,2000000000000000,3196737631912000,200000000000000,639347526382400,1,0,0,835d5175a7309fedd782fc505407a5d140587540b27d4eab64df9f3f3eba2add,78a77750ac83057a6c62e5cef3ef34c74c50a8c6fc7603d0b460eb91a0d480d4
com-lj,3364206,3364206,3364206,3,1960726,2630689,1960726,2630689,46,2,735249655339760,False,False,2000000000000000,3676248276698800,200000000000000,735249655339760,1,0,0,835d5175a7309fedd782fc505407a5d140587540b27d4eab64df9f3f3eba2add,78a77750ac83057a6c62e5cef3ef34c74c50a8c6fc7603d0b460eb91a0d480d4
com-lj,3364209,3364209,3364209,2,1960726,2630689,1960726,2630689,46,2,735249655339760,False,False,2000000000000000,3676248276698800,200000000000000,735249655339760,1,0,0,835d5175a7309fedd782fc505407a5d140587540b27d4eab64df9f3f3eba2add,78a77750ac83057a6c62e5cef3ef34c74c50a8c6fc7603d0b460eb91a0d480d4
com-lj,3366059,3366059,3366059,3,1759066,2189112,1759066,2189112,32,2,511478021105920,False,False,2000000000000000,2557390105529600,200000000000000,511478021105920,1,0,0,835d5175a7309fedd782fc505407a5d140587540b27d4eab64df9f3f3eba2add,78a77750ac83057a6c62e5cef3ef34c74c50a8c6fc7603d0b460eb91a0d480d4
com-lj,3366061,3366061,3366061,2,1759066,2189112,1759066,2189112,32,2,511478021105920,False,False,2000000000000000,2557390105529600,200000000000000,511478021105920,1,0,0,835d5175a7309fedd782fc505407a5d140587540b27d4eab64df9f3f3eba2add,78a77750ac83057a6c62e5cef3ef34c74c50a8c6fc7603d0b460eb91a0d480d4
com-lj,3366795,3366795,3366795,2,1194075,1194079,1194075,1194079,59,2,943037601414040,False,False,2000000000000000,4715188007070200,200000000000000,943037601414040,1,0,0,835d5175a7309fedd782fc505407a5d140587540b27d4eab64df9f3f3eba2add,78a77750ac83057a6c62e5cef3ef34c74c50a8c6fc7603d0b460eb91a0d480d4
com-lj,3374086,3374086,3374086,18,1932108,3296003,1932108,3296003,26,2,415575892148560,False,False,2000000000000000,2077879460742800,200000000000000,415575892148560,1,0,0,835d5175a7309fedd782fc505407a5d140587540b27d4eab64df9f3f3eba2add,78a77750ac83057a6c62e5cef3ef34c74c50a8c6fc7603d0b460eb91a0d480d4
com-lj,3379280,3379280,3379280,4,1249527,1924396,1249527,1924396,707,2,11300467528808920,False,False,2000000000000000,56502337644044600,200000000000000,11300467528808920,1,0,0,835d5175a7309fedd782fc505407a5d140587540b27d4eab64df9f3f3eba2add,78a77750ac83057a6c62e5cef3ef34c74c50a8c6fc7603d0b460eb91a0d480d4
com-lj,3379281,3379281,3379281,7,1249527,1924396,1249527,1924396,707,2,11300467528808920,False,False,2000000000000000,56502337644044600,200000000000000,11300467528808920,1,0,0,835d5175a7309fedd782fc505407a5d140587540b27d4eab64df9f3f3eba2add,78a77750ac83057a6c62e5cef3ef34c74c50a8c6fc7603d0b460eb91a0d480d4
com-lj,3379285,3379285,3379285,5,1249527,1924396,1249527,1924396,707,2,11300467528808920,False,False,2000000000000000,56502337644044600,200000000000000,11300467528808920,1,0,0,835d5175a7309fedd782fc505407a5d140587540b27d4eab64df9f3f3eba2add,78a77750ac83057a6c62e5cef3ef34c74c50a8c6fc7603d0b460eb91a0d480d4
com-lj,3379795,3379795,3379795,19,3379799,3379817,3379799,3379817,47,2,751233343499320,False,False,2000000000000000,3756166717496600,200000000000000,751233343499320,1,0,0,835d5175a7309fedd782fc505407a5d140587540b27d4eab64df9f3f3eba2add,78a77750ac83057a6c62e5cef3ef34c74c50a8c6fc7603d0b460eb91a0d480d4
com-lj,3379836,3379836,3379836,33,3143603,3143605,3143603,3143605,117,2,1870091514668520,False,False,2000000000000000,9350457573342600,200000000000000,1870091514668520,3,0,0,835d5175a7309fedd782fc505407a5d140587540b27d4eab64df9f3f3eba2add,78a77750ac83057a6c62e5cef3ef34c74c50a8c6fc7603d0b460eb91a0d480d4
com-lj,3379837,3379837,3379837,28,3143603,3143605,3143603,3143605,117,2,1870091514668520,False,False,2000000000000000,9350457573342600,200000000000000,1870091514668520,3,0,0,835d5175a7309fedd782fc505407a5d140587540b27d4eab64df9f3f3eba2add,78a77750ac83057a6c62e5cef3ef34c74c50a8c6fc7603d0b460eb91a0d480d4
com-lj,3381356,3381356,3381356,40,3381343,3381354,3381343,3381354,53,2,847135472456680,False,False,2000000000000000,4235677362283400,200000000000000,847135472456680,1,0,0,835d5175a7309fedd782fc505407a5d140587540b27d4eab64df9f3f3eba2add,78a77750ac83057a6c62e5cef3ef34c74c50a8c6fc7603d0b460eb91a0d480d4
com-lj,3386104,3386104,3386104,3,881454,2919167,881454,2919167,39,2,623363838222840,False,False,2000000000000000,3116819191114200,200000000000000,623363838222840,1,0,0,835d5175a7309fedd782fc505407a5d140587540b27d4eab64df9f3f3eba2add,78a77750ac83057a6c62e5cef3ef34c74c50a8c6fc7603d0b460eb91a0d480d4
com-lj,3386105,3386105,3386105,2,881454,2919167,881454,2919167,39,2,623363838222840,False,False,2000000000000000,3116819191114200,200000000000000,623363838222840,1,0,0,835d5175a7309fedd782fc505407a5d140587540b27d4eab64df9f3f3eba2add,78a77750ac83057a6c62e5cef3ef34c74c50a8c6fc7603d0b460eb91a0d480d4
com-lj,3394640,3394640,3394640,27,3394623,3394627,3394623,3394627,49,2,783200719818440,False,False,2000000000000000,3916003599092200,200000000000000,783200719818440,1,0,0,835d5175a7309fedd782fc505407a5d140587540b27d4eab64df9f3f3eba2add,78a77750ac83057a6c62e5cef3ef34c74c50a8c6fc7603d0b460eb91a0d480d4
com-lj,3394912,3394912,3394912,24,3394918,3394925,3394918,3394925,42,2,671314902701520,False,False,2000000000000000,3356574513507600,200000000000000,671314902701520,1,0,0,835d5175a7309fedd782fc505407a5d140587540b27d4eab64df9f3f3eba2add,78a77750ac83057a6c62e5cef3ef34c74c50a8c6fc7603d0b460eb91a0d480d4
com-lj,3402498,3402498,3402498,3,926675,926676,926675,926676,36,2,575412773744160,False,False,2000000000000000,2877063868720800,200000000000000,575412773744160,1,0,0,835d5175a7309fedd782fc505407a5d140587540b27d4eab64df9f3f3eba2add,78a77750ac83057a6c62e5cef3ef34c74c50a8c6fc7603d0b460eb91a0d480d4
com-lj,3405267,3405267,3405267,57,3126915,3126918,3126915,3126918,224,2,3580346147741440,False,False,2000000000000000,17901730738707200,200000000000000,3580346147741440,2,0,0,835d5175a7309fedd782fc505407a5d140587540b27d4eab64df9f3f3eba2add,78a77750ac83057a6c62e5cef3ef34c74c50a8c6fc7603d0b460eb91a0d480d4
com-lj,3405291,3405291,3405291,3,2731595,3405260,2731595,3405260,33,2,527461709265480,False,False,2000000000000000,2637308546327400,200000000000000,527461709265480,1,0,0,835d5175a7309fedd782fc505407a5d140587540b27d4eab64df9f3f3eba2add,78a77750ac83057a6c62e5cef3ef34c74c50a8c6fc7603d0b460eb91a0d480d4
com-lj,3405292,3405292,3405292,8,465473,3311440,465473,3311440,77,2,1230743988286120,False,False,2000000000000000,6153719941430600,200000000000000,1230743988286120,1,0,0,835d5175a7309fedd782fc505407a5d140587540b27d4eab64df9f3f3eba2add,78a77750ac83057a6c62e5cef3ef34c74c50a8c6fc7603d0b460eb91a0d480d4
com-lj,3405300,3405300,3405300,7,465451,3126856,465451,3126856,113,2,1806156762030280,False,False,2000000000000000,9030783810151400,200000000000000,1806156762030280,4,0,0,835d5175a7309fedd782fc505407a5d140587540b27d4eab64df9f3f3eba2add,78a77750ac83057a6c62e5cef3ef34c74c50a8c6fc7603d0b460eb91a0d480d4
com-lj,3409018,3409018,3409018,15,2330597,3409011,2330597,3409011,31,2,495494332946360,False,False,2000000000000000,2477471664731800,200000000000000,495494332946360,1,0,0,835d5175a7309fedd782fc505407a5d140587540b27d4eab64df9f3f3eba2add,78a77750ac83057a6c62e5cef3ef34c74c50a8c6fc7603d0b460eb91a0d480d4
com-lj,3410485,3410485,3410485,2,667960,667994,667960,667994,26,2,415575892148560,False,False,2000000000000000,2077879460742800,200000000000000,415575892148560,1,0,0,835d5175a7309fedd782fc505407a5d140587540b27d4eab64df9f3f3eba2add,78a77750ac83057a6c62e5cef3ef34c74c50a8c6fc7603d0b460eb91a0d480d4
com-lj,3416196,3416196,3416196,26,3416170,3416207,3416170,3416207,32,2,511478021105920,False,False,2000000000000000,2557390105529600,200000000000000,511478021105920,1,0,0,835d5175a7309fedd782fc505407a5d140587540b27d4eab64df9f3f3eba2add,78a77750ac83057a6c62e5cef3ef34c74c50a8c6fc7603d0b460eb91a0d480d4
com-lj,3423177,3423177,3423177,18,1999184,1999187,1999184,1999187,45,2,719265967180200,False,False,2000000000000000,3596329835901000,200000000000000,719265967180200,1,0,0,835d5175a7309fedd782fc505407a5d140587540b27d4eab64df9f3f3eba2add,78a77750ac83057a6c62e5cef3ef34c74c50a8c6fc7603d0b460eb91a0d480d4
com-lj,3427863,3427863,3427863,15,3001512,3427858,3001512,3427858,27,2,431559580308120,False,False,2000000000000000,2157797901540600,200000000000000,431559580308120,1,0,0,835d5175a7309fedd782fc505407a5d140587540b27d4eab64df9f3f3eba2add,78a77750ac83057a6c62e5cef3ef34c74c50a8c6fc7603d0b460eb91a0d480d4
com-lj,3430153,3430153,3430153,3,2998143,2998175,2998143,2998175,56,2,895086536935360,False,False,2000000000000000,4475432684676800,200000000000000,895086536935360,1,0,0,835d5175a7309fedd782fc505407a5d140587540b27d4eab64df9f3f3eba2add,78a77750ac83057a6c62e5cef3ef34c74c50a8c6fc7603d0b460eb91a0d480d4
com-lj,3438435,3438435,3438435,27,1806345,2237884,1806345,2237884,50,2,799184407978000,False,False,2000000000000000,3995922039890000,200000000000000,799184407978000,1,0,0,835d5175a7309fedd782fc505407a5d140587540b27d4eab64df9f3f3eba2add,78a77750ac83057a6c62e5cef3ef34c74c50a8c6fc7603d0b460eb91a0d480d4
com-lj,3438436,3438436,3438436,26,2450474,3195481,2450474,3195481,27,2,431559580308120,False,False,2000000000000000,2157797901540600,200000000000000,431559580308120,1,0,0,835d5175a7309fedd782fc505407a5d140587540b27d4eab64df9f3f3eba2add,78a77750ac83057a6c62e5cef3ef34c74c50a8c6fc7603d0b460eb91a0d480d4
com-lj,3446514,3446514,3446514,15,3446503,3446523,3446503,3446523,40,2,639347526382400,False,False,2000000000000000,3196737631912000,200000000000000,639347526382400,1,0,0,835d5175a7309fedd782fc505407a5d140587540b27d4eab64df9f3f3eba2add,78a77750ac83057a6c62e5cef3ef34c74c50a8c6fc7603d0b460eb91a0d480d4
com-lj,3448907,3448907,3448907,24,3448866,3448884,3448866,3448884,43,2,687298590861080,False,False,2000000000000000,3436492954305400,200000000000000,687298590861080,1,0,0,835d5175a7309fedd782fc505407a5d140587540b27d4eab64df9f3f3eba2add,78a77750ac83057a6c62e5cef3ef34c74c50a8c6fc7603d0b460eb91a0d480d4
com-lj,3450247,3450247,3450247,27,3450237,3450268,3450237,3450268,39,2,623363838222840,False,False,2000000000000000,3116819191114200,200000000000000,623363838222840,1,0,0,835d5175a7309fedd782fc505407a5d140587540b27d4eab64df9f3f3eba2add,78a77750ac83057a6c62e5cef3ef34c74c50a8c6fc7603d0b460eb91a0d480d4
com-lj,3450258,3450258,3450258,22,3450237,3450268,3450237,3450268,39,2,623363838222840,False,False,2000000000000000,3116819191114200,200000000000000,623363838222840,1,0,0,835d5175a7309fedd782fc505407a5d140587540b27d4eab64df9f3f3eba2add,78a77750ac83057a6c62e5cef3ef34c74c50a8c6fc7603d0b460eb91a0d480d4
com-lj,3450260,3450260,3450260,21,3450237,3450268,3450237,3450268,39,2,623363838222840,False,False,2000000000000000,3116819191114200,200000000000000,623363838222840,1,0,0,835d5175a7309fedd782fc505407a5d140587540b27d4eab64df9f3f3eba2add,78a77750ac83057a6c62e5cef3ef34c74c50a8c6fc7603d0b460eb91a0d480d4
com-lj,3450261,3450261,3450261,21,3450237,3450268,3450237,3450268,39,2,623363838222840,False,False,2000000000000000,3116819191114200,200000000000000,623363838222840,1,0,0,835d5175a7309fedd782fc505407a5d140587540b27d4eab64df9f3f3eba2add,78a77750ac83057a6c62e5cef3ef34c74c50a8c6fc7603d0b460eb91a0d480d4
com-lj,3450263,3450263,3450263,21,3450237,3450268,3450237,3450268,39,2,623363838222840,False,False,2000000000000000,3116819191114200,200000000000000,623363838222840,1,0,0,835d5175a7309fedd782fc505407a5d140587540b27d4eab64df9f3f3eba2add,78a77750ac83057a6c62e5cef3ef34c74c50a8c6fc7603d0b460eb91a0d480d4
com-lj,3456881,3456881,3456881,14,2770885,3065609,2770885,3065609,42,2,671314902701520,False,False,2000000000000000,3356574513507600,200000000000000,671314902701520,1,0,0,835d5175a7309fedd782fc505407a5d140587540b27d4eab64df9f3f3eba2add,78a77750ac83057a6c62e5cef3ef34c74c50a8c6fc7603d0b460eb91a0d480d4
com-lj,3458087,3458087,3458087,14,2603468,3426068,2603468,3426068,30,2,479510644786800,False,False,2000000000000000,2397553223934000,200000000000000,479510644786800,1,0,0,835d5175a7309fedd782fc505407a5d140587540b27d4eab64df9f3f3eba2add,78a77750ac83057a6c62e5cef3ef34c74c50a8c6fc7603d0b460eb91a0d480d4
com-lj,3458088,3458088,3458088,14,2603468,3426068,2603468,3426068,30,2,479510644786800,False,False,2000000000000000,2397553223934000,200000000000000,479510644786800,1,0,0,835d5175a7309fedd782fc505407a5d140587540b27d4eab64df9f3f3eba2add,78a77750ac83057a6c62e5cef3ef34c74c50a8c6fc7603d0b460eb91a0d480d4
com-lj,3458495,3458495,3458495,17,3458462,3458464,3458462,3458464,54,2,863119160616240,False,False,2000000000000000,4315595803081200,200000000000000,863119160616240,2,0,0,835d5175a7309fedd782fc505407a5d140587540b27d4eab64df9f3f3eba2add,78a77750ac83057a6c62e5cef3ef34c74c50a8c6fc7603d0b460eb91a0d480d4
com-lj,3458660,3458660,3458660,32,3458683,3458684,3458683,3458684,37,2,591396461903720,False,False,2000000000000000,2956982309518600,200000000000000,591396461903720,1,0,0,835d5175a7309fedd782fc505407a5d140587540b27d4eab64df9f3f3eba2add,78a77750ac83057a6c62e5cef3ef34c74c50a8c6fc7603d0b460eb91a0d480d4
com-lj,3459732,3459732,3459732,33,3101009,3101010,3101009,3101010,59,2,943037601414040,False,False,2000000000000000,4715188007070200,200000000000000,943037601414040,1,0,0,835d5175a7309fedd782fc505407a5d140587540b27d4eab64df9f3f3eba2add,78a77750ac83057a6c62e5cef3ef34c74c50a8c6fc7603d0b460eb91a0d480d4
com-lj,3459733,3459733,3459733,40,3100990,3100991,3100990,3100991,56,2,895086536935360,False,False,2000000000000000,4475432684676800,200000000000000,895086536935360,2,0,0,835d5175a7309fedd782fc505407a5d140587540b27d4eab64df9f3f3eba2add,78a77750ac83057a6c62e5cef3ef34c74c50a8c6fc7603d0b460eb91a0d480d4
com-lj,3466494,3466494,3466494,7,1742754,1742755,1742754,1742755,30,2,479510644786800,False,False,2000000000000000,2397553223934000,200000000000000,479510644786800,1,0,0,835d5175a7309fedd782fc505407a5d140587540b27d4eab64df9f3f3eba2add,78a77750ac83057a6c62e5cef3ef34c74c50a8c6fc7603d0b460eb91a0d480d4
com-lj,3469937,3469937,3469937,2,2291205,2291206,2291205,2291206,27,2,431559580308120,False,False,2000000000000000,2157797901540600,200000000000000,431559580308120,1,0,0,835d5175a7309fedd782fc505407a5d140587540b27d4eab64df9f3f3eba2add,78a77750ac83057a6c62e5cef3ef34c74c50a8c6fc7603d0b460eb91a0d480d4
com-lj,3469938,3469938,3469938,2,2291205,2291206,2291205,2291206,27,2,431559580308120,False,False,2000000000000000,2157797901540600,200000000000000,431559580308120,1,0,0,835d5175a7309fedd782fc505407a5d140587540b27d4eab64df9f3f3eba2add,78a77750ac83057a6c62e5cef3ef34c74c50a8c6fc7603d0b460eb91a0d480d4
com-lj,3472006,3472006,3472006,2,926675,926676,926675,926676,36,2,575412773744160,False,False,2000000000000000,2877063868720800,200000000000000,575412773744160,1,0,0,835d5175a7309fedd782fc505407a5d140587540b27d4eab64df9f3f3eba2add,78a77750ac83057a6c62e5cef3ef34c74c50a8c6fc7603d0b460eb91a0d480d4
com-lj,3479882,3479882,3479882,28,3479893,3479894,3479893,3479894,33,2,527461709265480,False,False,2000000000000000,2637308546327400,200000000000000,527461709265480,1,0,0,835d5175a7309fedd782fc505407a5d140587540b27d4eab64df9f3f3eba2add,78a77750ac83057a6c62e5cef3ef34c74c50a8c6fc7603d0b460eb91a0d480d4
com-lj,3479892,3479892,3479892,16,3479893,3479894,3479893,3479894,33,2,527461709265480,False,False,2000000000000000,2637308546327400,200000000000000,527461709265480,1,0,0,835d5175a7309fedd782fc505407a5d140587540b27d4eab64df9f3f3eba2add,78a77750ac83057a6c62e5cef3ef34c74c50a8c6fc7603d0b460eb91a0d480d4
com-lj,3481356,3481356,3481356,4,1249522,1249736,1249522,1249736,139,2,2221732654178840,False,False,2000000000000000,11108663270894200,200000000000000,2221732654178840,1,0,0,835d5175a7309fedd782fc505407a5d140587540b27d4eab64df9f3f3eba2add,78a77750ac83057a6c62e5cef3ef34c74c50a8c6fc7603d0b460eb91a0d480d4
com-lj,3485770,3485770,3485770,3,452855,2820421,452855,2820421,52,2,831151784297120,False,False,2000000000000000,4155758921485600,200000000000000,831151784297120,1,0,0,835d5175a7309fedd782fc505407a5d140587540b27d4eab64df9f3f3eba2add,78a77750ac83057a6c62e5cef3ef34c74c50a8c6fc7603d0b460eb91a0d480d4
com-lj,3486012,3486012,3486012,9,458312,458871,458312,458871,69,2,1102874483009640,False,False,2000000000000000,5514372415048200,200000000000000,1102874483009640,1,0,0,835d5175a7309fedd782fc505407a5d140587540b27d4eab64df9f3f3eba2add,78a77750ac83057a6c62e5cef3ef34c74c50a8c6fc7603d0b460eb91a0d480d4
com-lj,3486013,3486013,3486013,9,457948,458871,457948,458871,38,2,607380150063280,False,False,2000000000000000,3036900750316400,200000000000000,607380150063280,1,0,0,835d5175a7309fedd782fc505407a5d140587540b27d4eab64df9f3f3eba2add,78a77750ac83057a6c62e5cef3ef34c74c50a8c6fc7603d0b460eb91a0d480d4
com-lj,3488491,3488491,3488491,3,1773476,1894431,1773476,1894431,51,2,815168096137560,False,False,2000000000000000,4075840480687800,200000000000000,815168096137560,1,0,0,835d5175a7309fedd782fc505407a5d140587540b27d4eab64df9f3f3eba2add,78a77750ac83057a6c62e5cef3ef34c74c50a8c6fc7603d0b460eb91a0d480d4
com-lj,3490976,3490976,3490976,3,1779998,1780000,1779998,1780000,48,2,767217031658880,False,False,2000000000000000,3836085158294400,200000000000000,767217031658880,1,0,0,835d5175a7309fedd782fc505407a5d140587540b27d4eab64df9f3f3eba2add,78a77750ac83057a6c62e5cef3ef34c74c50a8c6fc7603d0b460eb91a0d480d4
com-lj,3495262,3495262,3495262,8,3045498,3495175,3045498,3495175,40,2,639347526382400,False,False,2000000000000000,3196737631912000,200000000000000,639347526382400,1,0,0,835d5175a7309fedd782fc505407a5d140587540b27d4eab64df9f3f3eba2add,78a77750ac83057a6c62e5cef3ef34c74c50a8c6fc7603d0b460eb91a0d480d4
com-lj,3495268,3495268,3495268,4,3045499,3357006,3045499,3357006,31,2,495494332946360,False,False,2000000000000000,2477471664731800,200000000000000,495494332946360,1,0,0,835d5175a7309fedd782fc505407a5d140587540b27d4eab64df9f3f3eba2add,78a77750ac83057a6c62e5cef3ef34c74c50a8c6fc7603d0b460eb91a0d480d4
com-lj,3497310,3497310,3497310,6,2055916,2129041,2055916,2129041,26,2,415575892148560,False,False,2000000000000000,2077879460742800,200000000000000,415575892148560,1,0,0,835d5175a7309fedd782fc505407a5d140587540b27d4eab64df9f3f3eba2add,78a77750ac83057a6c62e5cef3ef34c74c50a8c6fc7603d0b460eb91a0d480d4
com-lj,3498880,3498880,3498880,16,3498842,3498881,3498842,3498881,32,2,511478021105920,False,False,2000000000000000,2557390105529600,200000000000000,511478021105920,1,0,0,835d5175a7309fedd782fc505407a5d140587540b27d4eab64df9f3f3eba2add,78a77750ac83057a6c62e5cef3ef34c74c50a8c6fc7603d0b460eb91a0d480d4
com-lj,3502542,3502542,3502542,2,1390550,1390551,1390550,1390551,40,2,639347526382400,False,False,2000000000000000,3196737631912000,200000000000000,639347526382400,1,0,0,835d5175a7309fedd782fc505407a5d140587540b27d4eab64df9f3f3eba2add,78a77750ac83057a6c62e5cef3ef34c74c50a8c6fc7603d0b460eb91a0d480d4
com-lj,3502543,3502543,3502543,2,1390550,1390551,1390550,1390551,40,2,639347526382400,False,False,2000000000000000,3196737631912000,200000000000000,639347526382400,1,0,0,835d5175a7309fedd782fc505407a5d140587540b27d4eab64df9f3f3eba2add,78a77750ac83057a6c62e5cef3ef34c74c50a8c6fc7603d0b460eb91a0d480d4
com-lj,3502544,3502544,3502544,2,1390550,1390551,1390550,1390551,40,2,639347526382400,False,False,2000000000000000,3196737631912000,200000000000000,639347526382400,1,0,0,835d5175a7309fedd782fc505407a5d140587540b27d4eab64df9f3f3eba2add,78a77750ac83057a6c62e5cef3ef34c74c50a8c6fc7603d0b460eb91a0d480d4
com-lj,3511951,3511951,3511951,2,1658722,1658729,1658722,1658729,41,2,655331214541960,False,False,2000000000000000,3276656072709800,200000000000000,655331214541960,1,0,0,835d5175a7309fedd782fc505407a5d140587540b27d4eab64df9f3f3eba2add,78a77750ac83057a6c62e5cef3ef34c74c50a8c6fc7603d0b460eb91a0d480d4
com-lj,3511952,3511952,3511952,2,1658722,1658729,1658722,1658729,41,2,655331214541960,False,False,2000000000000000,3276656072709800,200000000000000,655331214541960,1,0,0,835d5175a7309fedd782fc505407a5d140587540b27d4eab64df9f3f3eba2add,78a77750ac83057a6c62e5cef3ef34c74c50a8c6fc7603d0b460eb91a0d480d4
com-lj,3514488,3514488,3514488,10,2604100,2604106,2604100,2604106,30,2,479510644786800,False,False,2000000000000000,2397553223934000,200000000000000,479510644786800,1,0,0,835d5175a7309fedd782fc505407a5d140587540b27d4eab64df9f3f3eba2add,78a77750ac83057a6c62e5cef3ef34c74c50a8c6fc7603d0b460eb91a0d480d4
com-lj,3515391,3515391,3515391,3,1861181,1861182,1861181,1861182,39,2,623363838222840,False,False,2000000000000000,3116819191114200,200000000000000,623363838222840,1,0,0,835d5175a7309fedd782fc505407a5d140587540b27d4eab64df9f3f3eba2add,78a77750ac83057a6c62e5cef3ef34c74c50a8c6fc7603d0b460eb91a0d480d4
com-lj,3518570,3518570,3518570,15,3518554,3518555,3518554,3518555,36,2,575412773744160,False,False,2000000000000000,2877063868720800,200000000000000,575412773744160,1,0,0,835d5175a7309fedd782fc505407a5d140587540b27d4eab64df9f3f3eba2add,78a77750ac83057a6c62e5cef3ef34c74c50a8c6fc7603d0b460eb91a0d480d4
com-lj,3518571,3518571,3518571,18,3518554,3518555,3518554,3518555,36,2,575412773744160,False,False,2000000000000000,2877063868720800,200000000000000,575412773744160,1,0,0,835d5175a7309fedd782fc505407a5d140587540b27d4eab64df9f3f3eba2add,78a77750ac83057a6c62e5cef3ef34c74c50a8c6fc7603d0b460eb91a0d480d4
com-lj,3518572,3518572,3518572,17,3518554,3518555,3518554,3518555,36,2,575412773744160,False,False,2000000000000000,2877063868720800,200000000000000,575412773744160,1,0,0,835d5175a7309fedd782fc505407a5d140587540b27d4eab64df9f3f3eba2add,78a77750ac83057a6c62e5cef3ef34c74c50a8c6fc7603d0b460eb91a0d480d4
com-lj,3518581,3518581,3518581,12,3518549,3518555,3518549,3518555,30,2,479510644786800,False,False,2000000000000000,2397553223934000,200000000000000,479510644786800,1,0,0,835d5175a7309fedd782fc505407a5d140587540b27d4eab64df9f3f3eba2add,78a77750ac83057a6c62e5cef3ef34c74c50a8c6fc7603d0b460eb91a0d480d4
com-lj,3520710,3520710,3520710,4,1864287,1864292,1864287,1864292,50,2,799184407978000,False,False,2000000000000000,3995922039890000,200000000000000,799184407978000,1,0,0,835d5175a7309fedd782fc505407a5d140587540b27d4eab64df9f3f3eba2add,78a77750ac83057a6c62e5cef3ef34c74c50a8c6fc7603d0b460eb91a0d480d4
com-lj,3521411,3521411,3521411,4,3521407,3521408,3521407,3521408,30,2,479510644786800,False,False,2000000000000000,2397553223934000,200000000000000,479510644786800,1,0,0,835d5175a7309fedd782fc505407a5d140587540b27d4eab64df9f3f3eba2add,78a77750ac83057a6c62e5cef3ef34c74c50a8c6fc7603d0b460eb91a0d480d4
com-lj,3521441,3521441,3521441,2,697682,697684,697682,697684,32,2,511478021105920,False,False,2000000000000000,2557390105529600,200000000000000,511478021105920,1,0,0,835d5175a7309fedd782fc505407a5d140587540b27d4eab64df9f3f3eba2add,78a77750ac83057a6c62e5cef3ef34c74c50a8c6fc7603d0b460eb91a0d480d4
com-lj,3524042,3524042,3524042,3,2571618,3319751,2571618,3319751,28,2,447543268467680,False,False,2000000000000000,2237716342338400,200000000000000,447543268467680,1,0,0,835d5175a7309fedd782fc505407a5d140587540b27d4eab64df9f3f3eba2add,78a77750ac83057a6c62e5cef3ef34c74c50a8c6fc7603d0b460eb91a0d480d4
com-lj,3532602,3532602,3532602,3,1117498,1117502,1117498,1117502,35,2,559429085584600,False,False,2000000000000000,2797145427923000,200000000000000,559429085584600,1,0,0,835d5175a7309fedd782fc505407a5d140587540b27d4eab64df9f3f3eba2add,78a77750ac83057a6c62e5cef3ef34c74c50a8c6fc7603d0b460eb91a0d480d4
com-lj,3536374,3536374,3536374,7,946185,946616,946185,946616,202,2,3228705008231120,False,False,2000000000000000,16143525041155600,200000000000000,3228705008231120,2,0,0,835d5175a7309fedd782fc505407a5d140587540b27d4eab64df9f3f3eba2add,78a77750ac83057a6c62e5cef3ef34c74c50a8c6fc7603d0b460eb91a0d480d4
com-lj,3536617,3536617,3536617,5,1249527,1924396,1249527,1924396,707,2,11300467528808920,False,False,2000000000000000,56502337644044600,200000000000000,11300467528808920,1,0,0,835d5175a7309fedd782fc505407a5d140587540b27d4eab64df9f3f3eba2add,78a77750ac83057a6c62e5cef3ef34c74c50a8c6fc7603d0b460eb91a0d480d4
com-lj,3536620,3536620,3536620,4,1249527,1924396,1249527,1924396,707,2,11300467528808920,False,False,2000000000000000,56502337644044600,200000000000000,11300467528808920,1,0,0,835d5175a7309fedd782fc505407a5d140587540b27d4eab64df9f3f3eba2add,78a77750ac83057a6c62e5cef3ef34c74c50a8c6fc7603d0b460eb91a0d480d4
com-lj,3536621,3536621,3536621,4,1249527,1924396,1249527,1924396,707,2,11300467528808920,False,False,2000000000000000,56502337644044600,200000000000000,11300467528808920,1,0,0,835d5175a7309fedd782fc505407a5d140587540b27d4eab64df9f3f3eba2add,78a77750ac83057a6c62e5cef3ef34c74c50a8c6fc7603d0b460eb91a0d480d4
com-lj,3536623,3536623,3536623,4,1249527,1924396,1249527,1924396,707,2,11300467528808920,False,False,2000000000000000,56502337644044600,200000000000000,11300467528808920,1,0,0,835d5175a7309fedd782fc505407a5d140587540b27d4eab64df9f3f3eba2add,78a77750ac83057a6c62e5cef3ef34c74c50a8c6fc7603d0b460eb91a0d480d4
com-lj,3536624,3536624,3536624,3,1249527,1924396,1249527,1924396,707,2,11300467528808920,False,False,2000000000000000,56502337644044600,200000000000000,11300467528808920,1,0,0,835d5175a7309fedd782fc505407a5d140587540b27d4eab64df9f3f3eba2add,78a77750ac83057a6c62e5cef3ef34c74c50a8c6fc7603d0b460eb91a0d480d4
com-lj,3536625,3536625,3536625,3,1249527,1924396,1249527,1924396,707,2,11300467528808920,False,False,2000000000000000,56502337644044600,200000000000000,11300467528808920,1,0,0,835d5175a7309fedd782fc505407a5d140587540b27d4eab64df9f3f3eba2add,78a77750ac83057a6c62e5cef3ef34c74c50a8c6fc7603d0b460eb91a0d480d4
com-lj,3536626,3536626,3536626,3,1249527,1924396,1249527,1924396,707,2,11300467528808920,False,False,2000000000000000,56502337644044600,200000000000000,11300467528808920,1,0,0,835d5175a7309fedd782fc505407a5d140587540b27d4eab64df9f3f3eba2add,78a77750ac83057a6c62e5cef3ef34c74c50a8c6fc7603d0b460eb91a0d480d4
com-lj,3536627,3536627,3536627,3,1249527,1924396,1249527,1924396,707,2,11300467528808920,False,False,2000000000000000,56502337644044600,200000000000000,11300467528808920,1,0,0,835d5175a7309fedd782fc505407a5d140587540b27d4eab64df9f3f3eba2add,78a77750ac83057a6c62e5cef3ef34c74c50a8c6fc7603d0b460eb91a0d480d4
com-lj,3536628,3536628,3536628,3,1249527,1924396,1249527,1924396,707,2,11300467528808920,False,False,2000000000000000,56502337644044600,200000000000000,11300467528808920,1,0,0,835d5175a7309fedd782fc505407a5d140587540b27d4eab64df9f3f3eba2add,78a77750ac83057a6c62e5cef3ef34c74c50a8c6fc7603d0b460eb91a0d480d4
com-lj,3536629,3536629,3536629,3,1249527,1924396,1249527,1924396,707,2,11300467528808920,False,False,2000000000000000,56502337644044600,200000000000000,11300467528808920,1,0,0,835d5175a7309fedd782fc505407a5d140587540b27d4eab64df9f3f3eba2add,78a77750ac83057a6c62e5cef3ef34c74c50a8c6fc7603d0b460eb91a0d480d4
com-lj,3536630,3536630,3536630,3,1249527,1924396,1249527,1924396,707,2,11300467528808920,False,False,2000000000000000,56502337644044600,200000000000000,11300467528808920,1,0,0,835d5175a7309fedd782fc505407a5d140587540b27d4eab64df9f3f3eba2add,78a77750ac83057a6c62e5cef3ef34c74c50a8c6fc7603d0b460eb91a0d480d4
com-lj,3536631,3536631,3536631,3,1249527,1924396,1249527,1924396,707,2,11300467528808920,False,False,2000000000000000,56502337644044600,200000000000000,11300467528808920,1,0,0,835d5175a7309fedd782fc505407a5d140587540b27d4eab64df9f3f3eba2add,78a77750ac83057a6c62e5cef3ef34c74c50a8c6fc7603d0b460eb91a0d480d4
com-lj,3536632,3536632,3536632,3,1249527,1924396,1249527,1924396,707,2,11300467528808920,False,False,2000000000000000,56502337644044600,200000000000000,11300467528808920,1,0,0,835d5175a7309fedd782fc505407a5d140587540b27d4eab64df9f3f3eba2add,78a77750ac83057a6c62e5cef3ef34c74c50a8c6fc7603d0b460eb91a0d480d4
com-lj,3536633,3536633,3536633,3,1249527,1924396,1249527,1924396,707,2,11300467528808920,False,False,2000000000000000,56502337644044600,200000000000000,11300467528808920,1,0,0,835d5175a7309fedd782fc505407a5d140587540b27d4eab64df9f3f3eba2add,78a77750ac83057a6c62e5cef3ef34c74c50a8c6fc7603d0b460eb91a0d480d4
com-lj,3536634,3536634,3536634,3,1249527,1924396,1249527,1924396,707,2,11300467528808920,False,False,2000000000000000,56502337644044600,200000000000000,11300467528808920,1,0,0,835d5175a7309fedd782fc505407a5d140587540b27d4eab64df9f3f3eba2add,78a77750ac83057a6c62e5cef3ef34c74c50a8c6fc7603d0b460eb91a0d480d4
com-lj,3536635,3536635,3536635,3,1249527,1924396,1249527,1924396,707,2,11300467528808920,False,False,2000000000000000,56502337644044600,200000000000000,11300467528808920,1,0,0,835d5175a7309fedd782fc505407a5d140587540b27d4eab64df9f3f3eba2add,78a77750ac83057a6c62e5cef3ef34c74c50a8c6fc7603d0b460eb91a0d480d4
com-lj,3536636,3536636,3536636,3,1249527,1924396,1249527,1924396,707,2,11300467528808920,False,False,2000000000000000,56502337644044600,200000000000000,11300467528808920,1,0,0,835d5175a7309fedd782fc505407a5d140587540b27d4eab64df9f3f3eba2add,78a77750ac83057a6c62e5cef3ef34c74c50a8c6fc7603d0b460eb91a0d480d4
com-lj,3536637,3536637,3536637,3,1249527,1924396,1249527,1924396,707,2,11300467528808920,False,False,2000000000000000,56502337644044600,200000000000000,11300467528808920,1,0,0,835d5175a7309fedd782fc505407a5d140587540b27d4eab64df9f3f3eba2add,78a77750ac83057a6c62e5cef3ef34c74c50a8c6fc7603d0b460eb91a0d480d4
com-lj,3536638,3536638,3536638,3,1249527,1924396,1249527,1924396,707,2,11300467528808920,False,False,2000000000000000,56502337644044600,200000000000000,11300467528808920,1,0,0,835d5175a7309fedd782fc505407a5d140587540b27d4eab64df9f3f3eba2add,78a77750ac83057a6c62e5cef3ef34c74c50a8c6fc7603d0b460eb91a0d480d4
com-lj,3536639,3536639,3536639,3,1249527,1924396,1249527,1924396,707,2,11300467528808920,False,False,2000000000000000,56502337644044600,200000000000000,11300467528808920,1,0,0,835d5175a7309fedd782fc505407a5d140587540b27d4eab64df9f3f3eba2add,78a77750ac83057a6c62e5cef3ef34c74c50a8c6fc7603d0b460eb91a0d480d4
com-lj,3536640,3536640,3536640,3,1249527,1924396,1249527,1924396,707,2,11300467528808920,False,False,2000000000000000,56502337644044600,200000000000000,11300467528808920,1,0,0,835d5175a7309fedd782fc505407a5d140587540b27d4eab64df9f3f3eba2add,78a77750ac83057a6c62e5cef3ef34c74c50a8c6fc7603d0b460eb91a0d480d4
com-lj,3536641,3536641,3536641,4,1249527,1924396,1249527,1924396,707,2,11300467528808920,False,False,2000000000000000,56502337644044600,200000000000000,11300467528808920,1,0,0,835d5175a7309fedd782fc505407a5d140587540b27d4eab64df9f3f3eba2add,78a77750ac83057a6c62e5cef3ef34c74c50a8c6fc7603d0b460eb91a0d480d4
com-lj,3536642,3536642,3536642,3,1249527,1924396,1249527,1924396,707,2,11300467528808920,False,False,2000000000000000,56502337644044600,200000000000000,11300467528808920,1,0,0,835d5175a7309fedd782fc505407a5d140587540b27d4eab64df9f3f3eba2add,78a77750ac83057a6c62e5cef3ef34c74c50a8c6fc7603d0b460eb91a0d480d4
com-lj,3537487,3537487,3537487,34,2551727,2740438,2551727,2740438,70,2,1118858171169200,False,False,2000000000000000,5594290855846000,200000000000000,1118858171169200,2,0,0,835d5175a7309fedd782fc505407a5d140587540b27d4eab64df9f3f3eba2add,78a77750ac83057a6c62e5cef3ef34c74c50a8c6fc7603d0b460eb91a0d480d4
com-lj,3542118,3542118,3542118,84,3542112,3542115,3542112,3542115,94,2,1502466686998640,False,False,2000000000000000,7512333434993200,200000000000000,1502466686998640,1,0,0,835d5175a7309fedd782fc505407a5d140587540b27d4eab64df9f3f3eba2add,78a77750ac83057a6c62e5cef3ef34c74c50a8c6fc7603d0b460eb91a0d480d4
com-lj,3544111,3544111,3544111,14,2809254,3458469,2809254,3458469,51,2,815168096137560,False,False,2000000000000000,4075840480687800,200000000000000,815168096137560,1,0,0,835d5175a7309fedd782fc505407a5d140587540b27d4eab64df9f3f3eba2add,78a77750ac83057a6c62e5cef3ef34c74c50a8c6fc7603d0b460eb91a0d480d4
com-lj,3545893,3545893,3545893,2,632899,656490,632899,656490,32,2,511478021105920,False,False,2000000000000000,2557390105529600,200000000000000,511478021105920,1,0,0,835d5175a7309fedd782fc505407a5d140587540b27d4eab64df9f3f3eba2add,78a77750ac83057a6c62e5cef3ef34c74c50a8c6fc7603d0b460eb91a0d480d4
com-lj,3551269,3551269,3551269,17,2248158,3551280,2248158,3551280,34,2,543445397425040,False,False,2000000000000000,2717226987125200,200000000000000,543445397425040,1,0,0,835d5175a7309fedd782fc505407a5d140587540b27d4eab64df9f3f3eba2add,78a77750ac83057a6c62e5cef3ef34c74c50a8c6fc7603d0b460eb91a0d480d4
com-lj,3551279,3551279,3551279,18,3071177,3551278,3071177,3551278,32,2,511478021105920,False,False,2000000000000000,2557390105529600,200000000000000,511478021105920,1,0,0,835d5175a7309fedd782fc505407a5d140587540b27d4eab64df9f3f3eba2add,78a77750ac83057a6c62e5cef3ef34c74c50a8c6fc7603d0b460eb91a0d480d4
com-lj,3551636,3551636,3551636,3,1734165,1734168,1734165,1734168,56,2,895086536935360,False,False,2000000000000000,4475432684676800,200000000000000,895086536935360,2,0,0,835d5175a7309fedd782fc505407a5d140587540b27d4eab64df9f3f3eba2add,78a77750ac83057a6c62e5cef3ef34c74c50a8c6fc7603d0b460eb91a0d480d4
com-lj,3551637,3551637,3551637,3,1734165,1734168,1734165,1734168,56,2,895086536935360,False,False,2000000000000000,4475432684676800,200000000000000,895086536935360,2,0,0,835d5175a7309fedd782fc505407a5d140587540b27d4eab64df9f3f3eba2add,78a77750ac83057a6c62e5cef3ef34c74c50a8c6fc7603d0b460eb91a0d480d4
com-lj,3553756,3553756,3553756,3,3009231,3009232,3009231,3009232,26,2,415575892148560,False,False,2000000000000000,2077879460742800,200000000000000,415575892148560,1,0,0,835d5175a7309fedd782fc505407a5d140587540b27d4eab64df9f3f3eba2add,78a77750ac83057a6c62e5cef3ef34c74c50a8c6fc7603d0b460eb91a0d480d4
com-lj,3555845,3555845,3555845,15,2546097,2546099,2546097,2546099,47,2,751233343499320,False,False,2000000000000000,3756166717496600,200000000000000,751233343499320,1,0,0,835d5175a7309fedd782fc505407a5d140587540b27d4eab64df9f3f3eba2add,78a77750ac83057a6c62e5cef3ef34c74c50a8c6fc7603d0b460eb91a0d480d4
com-lj,3564248,3564248,3564248,35,3224811,3224819,3224811,3224819,58,2,927053913254480,False,False,2000000000000000,4635269566272400,200000000000000,927053913254480,2,0,0,835d5175a7309fedd782fc505407a5d140587540b27d4eab64df9f3f3eba2add,78a77750ac83057a6c62e5cef3ef34c74c50a8c6fc7603d0b460eb91a0d480d4
com-lj,3564519,3564519,3564519,7,3231359,3231360,3231359,3231360,36,2,575412773744160,False,False,2000000000000000,2877063868720800,200000000000000,575412773744160,1,0,0,835d5175a7309fedd782fc505407a5d140587540b27d4eab64df9f3f3eba2add,78a77750ac83057a6c62e5cef3ef34c74c50a8c6fc7603d0b460eb91a0d480d4
com-lj,3564525,3564525,3564525,9,3231359,3231380,3231359,3231380,33,2,527461709265480,False,False,2000000000000000,2637308546327400,200000000000000,527461709265480,1,0,0,835d5175a7309fedd782fc505407a5d140587540b27d4eab64df9f3f3eba2add,78a77750ac83057a6c62e5cef3ef34c74c50a8c6fc7603d0b460eb91a0d480d4
com-lj,3575560,3575560,3575560,10,2866751,2866764,2866751,2866764,61,2,975004977733160,False,False,2000000000000000,4875024888665800,200000000000000,975004977733160,2,0,0,835d5175a7309fedd782fc505407a5d140587540b27d4eab64df9f3f3eba2add,78a77750ac83057a6c62e5cef3ef34c74c50a8c6fc7603d0b460eb91a0d480d4
com-lj,3577364,3577364,3577364,14,2617967,2617969,2617967,2617969,109,2,1742222009392040,False,False,2000000000000000,8711110046960200,200000000000000,1742222009392040,3,0,0,835d5175a7309fedd782fc505407a5d140587540b27d4eab64df9f3f3eba2add,78a77750ac83057a6c62e5cef3ef34c74c50a8c6fc7603d0b460eb91a0d480d4
com-lj,3577366,3577366,3577366,14,2617967,2617969,2617967,2617969,109,2,1742222009392040,False,False,2000000000000000,8711110046960200,200000000000000,1742222009392040,3,0,0,835d5175a7309fedd782fc505407a5d140587540b27d4eab64df9f3f3eba2add,78a77750ac83057a6c62e5cef3ef34c74c50a8c6fc7603d0b460eb91a0d480d4
com-lj,3584699,3584699,3584699,25,2888716,2888717,2888716,2888717,45,2,719265967180200,False,False,2000000000000000,3596329835901000,200000000000000,719265967180200,1,0,0,835d5175a7309fedd782fc505407a5d140587540b27d4eab64df9f3f3eba2add,78a77750ac83057a6c62e5cef3ef34c74c50a8c6fc7603d0b460eb91a0d480d4
com-lj,3584825,3584825,3584825,22,3527520,3527522,3527520,3527522,37,2,591396461903720,False,False,2000000000000000,2956982309518600,200000000000000,591396461903720,1,0,0,835d5175a7309fedd782fc505407a5d140587540b27d4eab64df9f3f3eba2add,78a77750ac83057a6c62e5cef3ef34c74c50a8c6fc7603d0b460eb91a0d480d4
com-lj,3584826,3584826,3584826,22,3527520,3527522,3527520,3527522,37,2,591396461903720,False,False,2000000000000000,2956982309518600,200000000000000,591396461903720,1,0,0,835d5175a7309fedd782fc505407a5d140587540b27d4eab64df9f3f3eba2add,78a77750ac83057a6c62e5cef3ef34c74c50a8c6fc7603d0b460eb91a0d480d4
com-lj,3584827,3584827,3584827,19,3527520,3527522,3527520,3527522,37,2,591396461903720,False,False,2000000000000000,2956982309518600,200000000000000,591396461903720,1,0,0,835d5175a7309fedd782fc505407a5d140587540b27d4eab64df9f3f3eba2add,78a77750ac83057a6c62e5cef3ef34c74c50a8c6fc7603d0b460eb91a0d480d4
com-lj,3589098,3589098,3589098,12,1932003,3589081,1932003,3589081,63,2,1006972354052280,False,False,2000000000000000,5034861770261400,200000000000000,1006972354052280,1,0,0,835d5175a7309fedd782fc505407a5d140587540b27d4eab64df9f3f3eba2add,78a77750ac83057a6c62e5cef3ef34c74c50a8c6fc7603d0b460eb91a0d480d4
com-lj,3590338,3590338,3590338,5,283479,2888226,283479,2888226,29,2,463526956627240,False,False,2000000000000000,2317634783136200,200000000000000,463526956627240,1,0,0,835d5175a7309fedd782fc505407a5d140587540b27d4eab64df9f3f3eba2add,78a77750ac83057a6c62e5cef3ef34c74c50a8c6fc7603d0b460eb91a0d480d4
com-lj,3598745,3598745,3598745,16,2248158,3551280,2248158,3551280,34,2,543445397425040,False,False,2000000000000000,2717226987125200,200000000000000,543445397425040,1,0,0,835d5175a7309fedd782fc505407a5d140587540b27d4eab64df9f3f3eba2add,78a77750ac83057a6c62e5cef3ef34c74c50a8c6fc7603d0b460eb91a0d480d4
com-lj,3598776,3598776,3598776,30,3297275,3297283,3297275,3297283,39,2,623363838222840,False,False,2000000000000000,3116819191114200,200000000000000,623363838222840,1,0,0,835d5175a7309fedd782fc505407a5d140587540b27d4eab64df9f3f3eba2add,78a77750ac83057a6c62e5cef3ef34c74c50a8c6fc7603d0b460eb91a0d480d4
com-lj,3605054,3605054,3605054,10,3379124,3379139,3379124,3379139,36,2,575412773744160,False,False,2000000000000000,2877063868720800,200000000000000,575412773744160,1,0,0,835d5175a7309fedd782fc505407a5d140587540b27d4eab64df9f3f3eba2add,78a77750ac83057a6c62e5cef3ef34c74c50a8c6fc7603d0b460eb91a0d480d4
com-lj,3605322,3605322,3605322,14,1928107,1928115,1928107,1928115,164,2,2621324858167840,False,False,2000000000000000,13106624290839200,200000000000000,2621324858167840,5,0,0,835d5175a7309fedd782fc505407a5d140587540b27d4eab64df9f3f3eba2add,78a77750ac83057a6c62e5cef3ef34c74c50a8c6fc7603d0b460eb91a0d480d4
com-lj,3613516,3613516,3613516,2,2424829,2424920,2424829,2424920,28,2,447543268467680,False,False,2000000000000000,2237716342338400,200000000000000,447543268467680,1,0,0,835d5175a7309fedd782fc505407a5d140587540b27d4eab64df9f3f3eba2add,78a77750ac83057a6c62e5cef3ef34c74c50a8c6fc7603d0b460eb91a0d480d4
com-lj,3613517,3613517,3613517,2,2424829,2424920,2424829,2424920,28,2,447543268467680,False,False,2000000000000000,2237716342338400,200000000000000,447543268467680,1,0,0,835d5175a7309fedd782fc505407a5d140587540b27d4eab64df9f3f3eba2add,78a77750ac83057a6c62e5cef3ef34c74c50a8c6fc7603d0b460eb91a0d480d4
com-lj,3613548,3613548,3613548,2,2378341,2378342,2378341,2378342,58,2,927053913254480,False,False,2000000000000000,4635269566272400,200000000000000,927053913254480,1,0,0,835d5175a7309fedd782fc505407a5d140587540b27d4eab64df9f3f3eba2add,78a77750ac83057a6c62e5cef3ef34c74c50a8c6fc7603d0b460eb91a0d480d4
com-lj,3613549,3613549,3613549,3,2378341,2378342,2378341,2378342,58,2,927053913254480,False,False,2000000000000000,4635269566272400,200000000000000,927053913254480,1,0,0,835d5175a7309fedd782fc505407a5d140587540b27d4eab64df9f3f3eba2add,78a77750ac83057a6c62e5cef3ef34c74c50a8c6fc7603d0b460eb91a0d480d4
com-lj,3619747,3619747,3619747,10,3448877,3448897,3448877,3448897,44,2,703282279020640,False,False,2000000000000000,3516411395103200,200000000000000,703282279020640,1,0,0,835d5175a7309fedd782fc505407a5d140587540b27d4eab64df9f3f3eba2add,78a77750ac83057a6c62e5cef3ef34c74c50a8c6fc7603d0b460eb91a0d480d4
com-lj,3633075,3633075,3633075,8,3633050,3633057,3633050,3633057,28,2,447543268467680,False,False,2000000000000000,2237716342338400,200000000000000,447543268467680,1,0,0,835d5175a7309fedd782fc505407a5d140587540b27d4eab64df9f3f3eba2add,78a77750ac83057a6c62e5cef3ef34c74c50a8c6fc7603d0b460eb91a0d480d4
com-lj,3647486,3647486,3647486,15,3064446,3064447,3064446,3064447,49,2,783200719818440,False,False,2000000000000000,3916003599092200,200000000000000,783200719818440,1,0,0,835d5175a7309fedd782fc505407a5d140587540b27d4eab64df9f3f3eba2add,78a77750ac83057a6c62e5cef3ef34c74c50a8c6fc7603d0b460eb91a0d480d4
com-lj,3647487,3647487,3647487,15,3064446,3064447,3064446,3064447,49,2,783200719818440,False,False,2000000000000000,3916003599092200,200000000000000,783200719818440,1,0,0,835d5175a7309fedd782fc505407a5d140587540b27d4eab64df9f3f3eba2add,78a77750ac83057a6c62e5cef3ef34c74c50a8c6fc7603d0b460eb91a0d480d4
com-lj,3663218,3663218,3663218,13,3103764,3379959,3103764,3379959,29,2,463526956627240,False,False,2000000000000000,2317634783136200,200000000000000,463526956627240,1,0,0,835d5175a7309fedd782fc505407a5d140587540b27d4eab64df9f3f3eba2add,78a77750ac83057a6c62e5cef3ef34c74c50a8c6fc7603d0b460eb91a0d480d4
com-lj,3680024,3680024,3680024,14,2809245,3458478,2809245,3458478,46,2,735249655339760,False,False,2000000000000000,3676248276698800,200000000000000,735249655339760,1,0,0,835d5175a7309fedd782fc505407a5d140587540b27d4eab64df9f3f3eba2add,78a77750ac83057a6c62e5cef3ef34c74c50a8c6fc7603d0b460eb91a0d480d4
com-lj,3680093,3680093,3680093,17,3607559,3680062,3607559,3680062,57,2,911070225094920,False,False,2000000000000000,4555351125474600,200000000000000,911070225094920,1,0,0,835d5175a7309fedd782fc505407a5d140587540b27d4eab64df9f3f3eba2add,78a77750ac83057a6c62e5cef3ef34c74c50a8c6fc7603d0b460eb91a0d480d4
com-lj,3689700,3689700,3689700,27,3689714,3689715,3689714,3689715,33,2,527461709265480,False,False,2000000000000000,2637308546327400,200000000000000,527461709265480,1,0,0,835d5175a7309fedd782fc505407a5d140587540b27d4eab64df9f3f3eba2add,78a77750ac83057a6c62e5cef3ef34c74c50a8c6fc7603d0b460eb91a0d480d4
com-lj,3690081,3690081,3690081,19,3690077,3690079,3690077,3690079,36,2,575412773744160,False,False,2000000000000000,2877063868720800,200000000000000,575412773744160,1,0,0,835d5175a7309fedd782fc505407a5d140587540b27d4eab64df9f3f3eba2add,78a77750ac83057a6c62e5cef3ef34c74c50a8c6fc7603d0b460eb91a0d480d4
com-lj,3690314,3690314,3690314,26,2361508,2801286,2361508,2801286,30,2,479510644786800,False,False,2000000000000000,2397553223934000,200000000000000,479510644786800,1,0,0,835d5175a7309fedd782fc505407a5d140587540b27d4eab64df9f3f3eba2add,78a77750ac83057a6c62e5cef3ef34c74c50a8c6fc7603d0b460eb91a0d480d4
com-lj,3690315,3690315,3690315,24,2361508,2801286,2361508,2801286,30,2,479510644786800,False,False,2000000000000000,2397553223934000,200000000000000,479510644786800,1,0,0,835d5175a7309fedd782fc505407a5d140587540b27d4eab64df9f3f3eba2add,78a77750ac83057a6c62e5cef3ef34c74c50a8c6fc7603d0b460eb91a0d480d4
com-lj,3695560,3695560,3695560,9,3608780,3695523,3608780,3695523,29,2,463526956627240,False,False,2000000000000000,2317634783136200,200000000000000,463526956627240,1,0,0,835d5175a7309fedd782fc505407a5d140587540b27d4eab64df9f3f3eba2add,78a77750ac83057a6c62e5cef3ef34c74c50a8c6fc7603d0b460eb91a0d480d4
com-lj,3698713,3698713,3698713,2,718387,1912555,718387,1912555,54,2,863119160616240,False,False,2000000000000000,4315595803081200,200000000000000,863119160616240,1,0,0,835d5175a7309fedd782fc505407a5d140587540b27d4eab64df9f3f3eba2add,78a77750ac83057a6c62e5cef3ef34c74c50a8c6fc7603d0b460eb91a0d480d4
com-lj,3708335,3708335,3708335,3,3521407,3521408,3521407,3521408,30,2,479510644786800,False,False,2000000000000000,2397553223934000,200000000000000,479510644786800,1,0,0,835d5175a7309fedd782fc505407a5d140587540b27d4eab64df9f3f3eba2add,78a77750ac83057a6c62e5cef3ef34c74c50a8c6fc7603d0b460eb91a0d480d4
com-lj,3708421,3708421,3708421,25,3542477,3682443,3542477,3682443,45,2,719265967180200,False,False,2000000000000000,3596329835901000,200000000000000,719265967180200,1,0,0,835d5175a7309fedd782fc505407a5d140587540b27d4eab64df9f3f3eba2add,78a77750ac83057a6c62e5cef3ef34c74c50a8c6fc7603d0b460eb91a0d480d4
com-lj,3708426,3708426,3708426,20,3542477,3682443,3542477,3682443,45,2,719265967180200,False,False,2000000000000000,3596329835901000,200000000000000,719265967180200,1,0,0,835d5175a7309fedd782fc505407a5d140587540b27d4eab64df9f3f3eba2add,78a77750ac83057a6c62e5cef3ef34c74c50a8c6fc7603d0b460eb91a0d480d4
com-lj,3708431,3708431,3708431,22,3542477,3682443,3542477,3682443,45,2,719265967180200,False,False,2000000000000000,3596329835901000,200000000000000,719265967180200,1,0,0,835d5175a7309fedd782fc505407a5d140587540b27d4eab64df9f3f3eba2add,78a77750ac83057a6c62e5cef3ef34c74c50a8c6fc7603d0b460eb91a0d480d4
com-lj,3708435,3708435,3708435,16,3542478,3682450,3542478,3682450,38,2,607380150063280,False,False,2000000000000000,3036900750316400,200000000000000,607380150063280,1,0,0,835d5175a7309fedd782fc505407a5d140587540b27d4eab64df9f3f3eba2add,78a77750ac83057a6c62e5cef3ef34c74c50a8c6fc7603d0b460eb91a0d480d4
com-lj,3709063,3709063,3709063,93,2811645,2811659,2811645,2811659,131,2,2093863148902360,False,False,2000000000000000,10469315744511800,200000000000000,2093863148902360,4,0,0,835d5175a7309fedd782fc505407a5d140587540b27d4eab64df9f3f3eba2add,78a77750ac83057a6c62e5cef3ef34c74c50a8c6fc7603d0b460eb91a0d480d4
com-lj,3709068,3709068,3709068,93,2811645,2811659,2811645,2811659,131,2,2093863148902360,False,False,2000000000000000,10469315744511800,200000000000000,2093863148902360,4,0,0,835d5175a7309fedd782fc505407a5d140587540b27d4eab64df9f3f3eba2add,78a77750ac83057a6c62e5cef3ef34c74c50a8c6fc7603d0b460eb91a0d480d4
com-lj,3709756,3709756,3709756,28,3709753,3709757,3709753,3709757,27,2,431559580308120,False,False,2000000000000000,2157797901540600,200000000000000,431559580308120,1,0,0,835d5175a7309fedd782fc505407a5d140587540b27d4eab64df9f3f3eba2add,78a77750ac83057a6c62e5cef3ef34c74c50a8c6fc7603d0b460eb91a0d480d4
com-lj,3711369,3711369,3711369,9,3325940,3325944,3325940,3325944,37,2,591396461903720,False,False,2000000000000000,2956982309518600,200000000000000,591396461903720,1,0,0,835d5175a7309fedd782fc505407a5d140587540b27d4eab64df9f3f3eba2add,78a77750ac83057a6c62e5cef3ef34c74c50a8c6fc7603d0b460eb91a0d480d4
com-lj,3711372,3711372,3711372,8,3325940,3325944,3325940,3325944,37,2,591396461903720,False,False,2000000000000000,2956982309518600,200000000000000,591396461903720,1,0,0,835d5175a7309fedd782fc505407a5d140587540b27d4eab64df9f3f3eba2add,78a77750ac83057a6c62e5cef3ef34c74c50a8c6fc7603d0b460eb91a0d480d4
com-lj,3714592,3714592,3714592,17,2969844,2969846,2969844,2969846,76,2,1214760300126560,False,False,2000000000000000,6073801500632800,200000000000000,1214760300126560,3,0,0,835d5175a7309fedd782fc505407a5d140587540b27d4eab64df9f3f3eba2add,78a77750ac83057a6c62e5cef3ef34c74c50a8c6fc7603d0b460eb91a0d480d4
com-lj,3714660,3714660,3714660,5,3024081,3024082,3024081,3024082,81,2,1294678740924360,False,False,2000000000000000,6473393704621800,200000000000000,1294678740924360,1,0,0,835d5175a7309fedd782fc505407a5d140587540b27d4eab64df9f3f3eba2add,78a77750ac83057a6c62e5cef3ef34c74c50a8c6fc7603d0b460eb91a0d480d4
com-lj,3714686,3714686,3714686,10,3414724,3628697,3414724,3628697,60,2,959021289573600,False,False,2000000000000000,4795106447868000,200000000000000,959021289573600,2,0,0,835d5175a7309fedd782fc505407a5d140587540b27d4eab64df9f3f3eba2add,78a77750ac83057a6c62e5cef3ef34c74c50a8c6fc7603d0b460eb91a0d480d4
com-lj,3714687,3714687,3714687,8,3414706,3536476,3414706,3536476,30,2,479510644786800,False,False,2000000000000000,2397553223934000,200000000000000,479510644786800,1,0,0,835d5175a7309fedd782fc505407a5d140587540b27d4eab64df9f3f3eba2add,78a77750ac83057a6c62e5cef3ef34c74c50a8c6fc7603d0b460eb91a0d480d4
com-lj,3714738,3714738,3714738,20,3714731,3714733,3714731,3714733,31,2,495494332946360,False,False,2000000000000000,2477471664731800,200000000000000,495494332946360,1,0,0,835d5175a7309fedd782fc505407a5d140587540b27d4eab64df9f3f3eba2add,78a77750ac83057a6c62e5cef3ef34c74c50a8c6fc7603d0b460eb91a0d480d4
com-lj,3714739,3714739,3714739,16,3714731,3714733,3714731,3714733,31,2,495494332946360,False,False,2000000000000000,2477471664731800,200000000000000,495494332946360,1,0,0,835d5175a7309fedd782fc505407a5d140587540b27d4eab64df9f3f3eba2add,78a77750ac83057a6c62e5cef3ef34c74c50a8c6fc7603d0b460eb91a0d480d4
com-lj,3714740,3714740,3714740,18,3714731,3714733,3714731,3714733,31,2,495494332946360,False,False,2000000000000000,2477471664731800,200000000000000,495494332946360,1,0,0,835d5175a7309fedd782fc505407a5d140587540b27d4eab64df9f3f3eba2add,78a77750ac83057a6c62e5cef3ef34c74c50a8c6fc7603d0b460eb91a0d480d4
com-lj,3714741,3714741,3714741,16,3714731,3714733,3714731,3714733,31,2,495494332946360,False,False,2000000000000000,2477471664731800,200000000000000,495494332946360,1,0,0,835d5175a7309fedd782fc505407a5d140587540b27d4eab64df9f3f3eba2add,78a77750ac83057a6c62e5cef3ef34c74c50a8c6fc7603d0b460eb91a0d480d4
com-lj,3714742,3714742,3714742,15,3714731,3714733,3714731,3714733,31,2,495494332946360,False,False,2000000000000000,2477471664731800,200000000000000,495494332946360,1,0,0,835d5175a7309fedd782fc505407a5d140587540b27d4eab64df9f3f3eba2add,78a77750ac83057a6c62e5cef3ef34c74c50a8c6fc7603d0b460eb91a0d480d4
com-lj,3714743,3714743,3714743,11,3714731,3714733,3714731,3714733,31,2,495494332946360,False,False,2000000000000000,2477471664731800,200000000000000,495494332946360,1,0,0,835d5175a7309fedd782fc505407a5d140587540b27d4eab64df9f3f3eba2add,78a77750ac83057a6c62e5cef3ef34c74c50a8c6fc7603d0b460eb91a0d480d4
com-lj,3716332,3716332,3716332,5,2886934,2886936,2886934,2886936,48,2,767217031658880,False,False,2000000000000000,3836085158294400,200000000000000,767217031658880,1,0,0,835d5175a7309fedd782fc505407a5d140587540b27d4eab64df9f3f3eba2add,78a77750ac83057a6c62e5cef3ef34c74c50a8c6fc7603d0b460eb91a0d480d4
com-lj,3719880,3719880,3719880,38,2954353,3474661,2954353,3474661,40,2,639347526382400,False,False,2000000000000000,3196737631912000,200000000000000,639347526382400,1,0,0,835d5175a7309fedd782fc505407a5d140587540b27d4eab64df9f3f3eba2add,78a77750ac83057a6c62e5cef3ef34c74c50a8c6fc7603d0b460eb91a0d480d4
com-lj,3723138,3723138,3723138,2,1732331,1732338,1732331,1732338,34,2,543445397425040,False,False,2000000000000000,2717226987125200,200000000000000,543445397425040,1,0,0,835d5175a7309fedd782fc505407a5d140587540b27d4eab64df9f3f3eba2add,78a77750ac83057a6c62e5cef3ef34c74c50a8c6fc7603d0b460eb91a0d480d4
com-lj,3729053,3729053,3729053,4,2030840,2606617,2030840,2606617,26,2,415575892148560,False,False,2000000000000000,2077879460742800,200000000000000,415575892148560,1,0,0,835d5175a7309fedd782fc505407a5d140587540b27d4eab64df9f3f3eba2add,78a77750ac83057a6c62e5cef3ef34c74c50a8c6fc7603d0b460eb91a0d480d4
com-lj,3731092,3731092,3731092,32,3689130,3689131,3689130,3689131,70,2,1118858171169200,False,False,2000000000000000,5594290855846000,200000000000000,1118858171169200,1,0,0,835d5175a7309fedd782fc505407a5d140587540b27d4eab64df9f3f3eba2add,78a77750ac83057a6c62e5cef3ef34c74c50a8c6fc7603d0b460eb91a0d480d4
com-lj,3736456,3736456,3736456,11,905523,905706,905523,905706,83,2,1326646117243480,False,False,2000000000000000,6633230586217400,200000000000000,1326646117243480,2,0,0,835d5175a7309fedd782fc505407a5d140587540b27d4eab64df9f3f3eba2add,78a77750ac83057a6c62e5cef3ef34c74c50a8c6fc7603d0b460eb91a0d480d4
com-lj,3736471,3736471,3736471,10,905545,2704723,905545,2704723,27,2,431559580308120,False,False,2000000000000000,2157797901540600,200000000000000,431559580308120,1,0,0,835d5175a7309fedd782fc505407a5d140587540b27d4eab64df9f3f3eba2add,78a77750ac83057a6c62e5cef3ef34c74c50a8c6fc7603d0b460eb91a0d480d4
com-lj,3749537,3749537,3749537,9,2809245,3458478,2809245,3458478,46,2,735249655339760,False,False,2000000000000000,3676248276698800,200000000000000,735249655339760,1,0,0,835d5175a7309fedd782fc505407a5d140587540b27d4eab64df9f3f3eba2add,78a77750ac83057a6c62e5cef3ef34c74c50a8c6fc7603d0b460eb91a0d480d4
com-lj,3751206,3751206,3751206,2,1579082,1579089,1579082,1579089,27,2,431559580308120,False,False,2000000000000000,2157797901540600,200000000000000,431559580308120,1,0,0,835d5175a7309fedd782fc505407a5d140587540b27d4eab64df9f3f3eba2add,78a77750ac83057a6c62e5cef3ef34c74c50a8c6fc7603d0b460eb91a0d480d4
com-lj,3751207,3751207,3751207,2,1579082,1579089,1579082,1579089,27,2,431559580308120,False,False,2000000000000000,2157797901540600,200000000000000,431559580308120,1,0,0,835d5175a7309fedd782fc505407a5d140587540b27d4eab64df9f3f3eba2add,78a77750ac83057a6c62e5cef3ef34c74c50a8c6fc7603d0b460eb91a0d480d4
com-lj,3756318,3756318,3756318,29,2733837,2733845,2733837,2733845,377,2,6025850436154120,False,False,2000000000000000,30129252180770600,200000000000000,6025850436154120,9,0,0,835d5175a7309fedd782fc505407a5d140587540b27d4eab64df9f3f3eba2add,78a77750ac83057a6c62e5cef3ef34c74c50a8c6fc7603d0b460eb91a0d480d4
com-lj,3763346,3763346,3763346,2,155686,155797,155686,155797,152,2,2429520600253120,False,False,2000000000000000,12147603001265600,200000000000000,2429520600253120,1,0,0,835d5175a7309fedd782fc505407a5d140587540b27d4eab64df9f3f3eba2add,78a77750ac83057a6c62e5cef3ef34c74c50a8c6fc7603d0b460eb91a0d480d4
com-lj,3763447,3763447,3763447,7,424096,3219857,424096,3219857,35,2,559429085584600,False,False,2000000000000000,2797145427923000,200000000000000,559429085584600,1,0,0,835d5175a7309fedd782fc505407a5d140587540b27d4eab64df9f3f3eba2add,78a77750ac83057a6c62e5cef3ef34c74c50a8c6fc7603d0b460eb91a0d480d4
com-lj,3771090,3771090,3771090,26,1829958,3697527,1829958,3697527,30,2,479510644786800,False,False,2000000000000000,2397553223934000,200000000000000,479510644786800,1,0,0,835d5175a7309fedd782fc505407a5d140587540b27d4eab64df9f3f3eba2add,78a77750ac83057a6c62e5cef3ef34c74c50a8c6fc7603d0b460eb91a0d480d4
com-lj,3779649,3779649,3779649,15,3378702,3779637,3378702,3779637,59,2,943037601414040,False,False,2000000000000000,4715188007070200,200000000000000,943037601414040,1,0,0,835d5175a7309fedd782fc505407a5d140587540b27d4eab64df9f3f3eba2add,78a77750ac83057a6c62e5cef3ef34c74c50a8c6fc7603d0b460eb91a0d480d4
com-lj,3784365,3784365,3784365,10,3483783,3784373,3483783,3784373,33,2,527461709265480,False,False,2000000000000000,2637308546327400,200000000000000,527461709265480,1,0,0,835d5175a7309fedd782fc505407a5d140587540b27d4eab64df9f3f3eba2add,78a77750ac83057a6c62e5cef3ef34c74c50a8c6fc7603d0b460eb91a0d480d4
com-lj,3787474,3787474,3787474,24,3697421,3697445,3697421,3697445,36,2,575412773744160,False,False,2000000000000000,2877063868720800,200000000000000,575412773744160,1,0,0,835d5175a7309fedd782fc505407a5d140587540b27d4eab64df9f3f3eba2add,78a77750ac83057a6c62e5cef3ef34c74c50a8c6fc7603d0b460eb91a0d480d4
com-lj,3796126,3796126,3796126,24,3796113,3796124,3796113,3796124,34,2,543445397425040,False,False,2000000000000000,2717226987125200,200000000000000,543445397425040,1,0,0,835d5175a7309fedd782fc505407a5d140587540b27d4eab64df9f3f3eba2add,78a77750ac83057a6c62e5cef3ef34c74c50a8c6fc7603d0b460eb91a0d480d4
com-lj,3799441,3799441,3799441,2,2314853,2314854,2314853,2314854,32,2,511478021105920,False,False,2000000000000000,2557390105529600,200000000000000,511478021105920,1,0,0,835d5175a7309fedd782fc505407a5d140587540b27d4eab64df9f3f3eba2add,78a77750ac83057a6c62e5cef3ef34c74c50a8c6fc7603d0b460eb91a0d480d4
com-lj,3800535,3800535,3800535,17,3420394,3800536,3420394,3800536,27,2,431559580308120,False,False,2000000000000000,2157797901540600,200000000000000,431559580308120,1,0,0,835d5175a7309fedd782fc505407a5d140587540b27d4eab64df9f3f3eba2add,78a77750ac83057a6c62e5cef3ef34c74c50a8c6fc7603d0b460eb91a0d480d4
com-lj,3800565,3800565,3800565,31,3800559,3800563,3800559,3800563,30,2,479510644786800,False,False,2000000000000000,2397553223934000,200000000000000,479510644786800,1,0,0,835d5175a7309fedd782fc505407a5d140587540b27d4eab64df9f3f3eba2add,78a77750ac83057a6c62e5cef3ef34c74c50a8c6fc7603d0b460eb91a0d480d4
com-lj,3800566,3800566,3800566,31,3800559,3800563,3800559,3800563,30,2,479510644786800,False,False,2000000000000000,2397553223934000,200000000000000,479510644786800,1,0,0,835d5175a7309fedd782fc505407a5d140587540b27d4eab64df9f3f3eba2add,78a77750ac83057a6c62e5cef3ef34c74c50a8c6fc7603d0b460eb91a0d480d4
com-lj,3800567,3800567,3800567,31,3800559,3800563,3800559,3800563,30,2,479510644786800,False,False,2000000000000000,2397553223934000,200000000000000,479510644786800,1,0,0,835d5175a7309fedd782fc505407a5d140587540b27d4eab64df9f3f3eba2add,78a77750ac83057a6c62e5cef3ef34c74c50a8c6fc7603d0b460eb91a0d480d4
com-lj,3809676,3809676,3809676,2,663276,663277,663276,663277,52,2,831151784297120,False,False,2000000000000000,4155758921485600,200000000000000,831151784297120,1,0,0,835d5175a7309fedd782fc505407a5d140587540b27d4eab64df9f3f3eba2add,78a77750ac83057a6c62e5cef3ef34c74c50a8c6fc7603d0b460eb91a0d480d4
com-lj,3809677,3809677,3809677,2,663276,663277,663276,663277,52,2,831151784297120,False,False,2000000000000000,4155758921485600,200000000000000,831151784297120,1,0,0,835d5175a7309fedd782fc505407a5d140587540b27d4eab64df9f3f3eba2add,78a77750ac83057a6c62e5cef3ef34c74c50a8c6fc7603d0b460eb91a0d480d4
com-lj,3809678,3809678,3809678,2,663276,663277,663276,663277,52,2,831151784297120,False,False,2000000000000000,4155758921485600,200000000000000,831151784297120,1,0,0,835d5175a7309fedd782fc505407a5d140587540b27d4eab64df9f3f3eba2add,78a77750ac83057a6c62e5cef3ef34c74c50a8c6fc7603d0b460eb91a0d480d4
com-lj,3809794,3809794,3809794,20,3809750,3809796,3809750,3809796,69,2,1102874483009640,False,False,2000000000000000,5514372415048200,200000000000000,1102874483009640,2,0,0,835d5175a7309fedd782fc505407a5d140587540b27d4eab64df9f3f3eba2add,78a77750ac83057a6c62e5cef3ef34c74c50a8c6fc7603d0b460eb91a0d480d4
com-lj,3809795,3809795,3809795,21,3809750,3809796,3809750,3809796,69,2,1102874483009640,False,False,2000000000000000,5514372415048200,200000000000000,1102874483009640,2,0,0,835d5175a7309fedd782fc505407a5d140587540b27d4eab64df9f3f3eba2add,78a77750ac83057a6c62e5cef3ef34c74c50a8c6fc7603d0b460eb91a0d480d4
com-lj,3809819,3809819,3809819,8,3809724,3809823,3809724,3809823,58,2,927053913254480,False,False,2000000000000000,4635269566272400,200000000000000,927053913254480,1,0,0,835d5175a7309fedd782fc505407a5d140587540b27d4eab64df9f3f3eba2add,78a77750ac83057a6c62e5cef3ef34c74c50a8c6fc7603d0b460eb91a0d480d4
com-lj,3816058,3816058,3816058,26,3816066,3816068,3816066,3816068,28,2,447543268467680,False,False,2000000000000000,2237716342338400,200000000000000,447543268467680,1,0,0,835d5175a7309fedd782fc505407a5d140587540b27d4eab64df9f3f3eba2add,78a77750ac83057a6c62e5cef3ef34c74c50a8c6fc7603d0b460eb91a0d480d4
com-lj,3817942,3817942,3817942,3,1203572,1203573,1203572,1203573,26,2,415575892148560,False,False,2000000000000000,2077879460742800,200000000000000,415575892148560,1,0,0,835d5175a7309fedd782fc505407a5d140587540b27d4eab64df9f3f3eba2add,78a77750ac83057a6c62e5cef3ef34c74c50a8c6fc7603d0b460eb91a0d480d4
com-lj,3822889,3822889,3822889,34,3822937,3822938,3822937,3822938,70,2,1118858171169200,False,False,2000000000000000,5594290855846000,200000000000000,1118858171169200,1,0,0,835d5175a7309fedd782fc505407a5d140587540b27d4eab64df9f3f3eba2add,78a77750ac83057a6c62e5cef3ef34c74c50a8c6fc7603d0b460eb91a0d480d4
com-lj,3822892,3822892,3822892,34,3822937,3822938,3822937,3822938,70,2,1118858171169200,False,False,2000000000000000,5594290855846000,200000000000000,1118858171169200,1,0,0,835d5175a7309fedd782fc505407a5d140587540b27d4eab64df9f3f3eba2add,78a77750ac83057a6c62e5cef3ef34c74c50a8c6fc7603d0b460eb91a0d480d4
com-lj,3822893,3822893,3822893,34,3822937,3822938,3822937,3822938,70,2,1118858171169200,False,False,2000000000000000,5594290855846000,200000000000000,1118858171169200,1,0,0,835d5175a7309fedd782fc505407a5d140587540b27d4eab64df9f3f3eba2add,78a77750ac83057a6c62e5cef3ef34c74c50a8c6fc7603d0b460eb91a0d480d4
com-lj,3822894,3822894,3822894,34,3822937,3822938,3822937,3822938,70,2,1118858171169200,False,False,2000000000000000,5594290855846000,200000000000000,1118858171169200,1,0,0,835d5175a7309fedd782fc505407a5d140587540b27d4eab64df9f3f3eba2add,78a77750ac83057a6c62e5cef3ef34c74c50a8c6fc7603d0b460eb91a0d480d4
com-lj,3822902,3822902,3822902,34,3822937,3822938,3822937,3822938,70,2,1118858171169200,False,False,2000000000000000,5594290855846000,200000000000000,1118858171169200,1,0,0,835d5175a7309fedd782fc505407a5d140587540b27d4eab64df9f3f3eba2add,78a77750ac83057a6c62e5cef3ef34c74c50a8c6fc7603d0b460eb91a0d480d4
com-lj,3822903,3822903,3822903,34,3822937,3822938,3822937,3822938,70,2,1118858171169200,False,False,2000000000000000,5594290855846000,200000000000000,1118858171169200,1,0,0,835d5175a7309fedd782fc505407a5d140587540b27d4eab64df9f3f3eba2add,78a77750ac83057a6c62e5cef3ef34c74c50a8c6fc7603d0b460eb91a0d480d4
com-lj,3822905,3822905,3822905,34,3822937,3822938,3822937,3822938,70,2,1118858171169200,False,False,2000000000000000,5594290855846000,200000000000000,1118858171169200,1,0,0,835d5175a7309fedd782fc505407a5d140587540b27d4eab64df9f3f3eba2add,78a77750ac83057a6c62e5cef3ef34c74c50a8c6fc7603d0b460eb91a0d480d4
com-lj,3822906,3822906,3822906,34,3822937,3822938,3822937,3822938,70,2,1118858171169200,False,False,2000000000000000,5594290855846000,200000000000000,1118858171169200,1,0,0,835d5175a7309fedd782fc505407a5d140587540b27d4eab64df9f3f3eba2add,78a77750ac83057a6c62e5cef3ef34c74c50a8c6fc7603d0b460eb91a0d480d4
com-lj,3822907,3822907,3822907,34,3822937,3822938,3822937,3822938,70,2,1118858171169200,False,False,2000000000000000,5594290855846000,200000000000000,1118858171169200,1,0,0,835d5175a7309fedd782fc505407a5d140587540b27d4eab64df9f3f3eba2add,78a77750ac83057a6c62e5cef3ef34c74c50a8c6fc7603d0b460eb91a0d480d4
com-lj,3822909,3822909,3822909,34,3822937,3822938,3822937,3822938,70,2,1118858171169200,False,False,2000000000000000,5594290855846000,200000000000000,1118858171169200,1,0,0,835d5175a7309fedd782fc505407a5d140587540b27d4eab64df9f3f3eba2add,78a77750ac83057a6c62e5cef3ef34c74c50a8c6fc7603d0b460eb91a0d480d4
com-lj,3822910,3822910,3822910,34,3822937,3822938,3822937,3822938,70,2,1118858171169200,False,False,2000000000000000,5594290855846000,200000000000000,1118858171169200,1,0,0,835d5175a7309fedd782fc505407a5d140587540b27d4eab64df9f3f3eba2add,78a77750ac83057a6c62e5cef3ef34c74c50a8c6fc7603d0b460eb91a0d480d4
com-lj,3822911,3822911,3822911,34,3822937,3822938,3822937,3822938,70,2,1118858171169200,False,False,2000000000000000,5594290855846000,200000000000000,1118858171169200,1,0,0,835d5175a7309fedd782fc505407a5d140587540b27d4eab64df9f3f3eba2add,78a77750ac83057a6c62e5cef3ef34c74c50a8c6fc7603d0b460eb91a0d480d4
com-lj,3822913,3822913,3822913,34,3822937,3822938,3822937,3822938,70,2,1118858171169200,False,False,2000000000000000,5594290855846000,200000000000000,1118858171169200,1,0,0,835d5175a7309fedd782fc505407a5d140587540b27d4eab64df9f3f3eba2add,78a77750ac83057a6c62e5cef3ef34c74c50a8c6fc7603d0b460eb91a0d480d4
com-lj,3822914,3822914,3822914,34,3822937,3822938,3822937,3822938,70,2,1118858171169200,False,False,2000000000000000,5594290855846000,200000000000000,1118858171169200,1,0,0,835d5175a7309fedd782fc505407a5d140587540b27d4eab64df9f3f3eba2add,78a77750ac83057a6c62e5cef3ef34c74c50a8c6fc7603d0b460eb91a0d480d4
com-lj,3822915,3822915,3822915,34,3822937,3822938,3822937,3822938,70,2,1118858171169200,False,False,2000000000000000,5594290855846000,200000000000000,1118858171169200,1,0,0,835d5175a7309fedd782fc505407a5d140587540b27d4eab64df9f3f3eba2add,78a77750ac83057a6c62e5cef3ef34c74c50a8c6fc7603d0b460eb91a0d480d4
com-lj,3822916,3822916,3822916,34,3822937,3822938,3822937,3822938,70,2,1118858171169200,False,False,2000000000000000,5594290855846000,200000000000000,1118858171169200,1,0,0,835d5175a7309fedd782fc505407a5d140587540b27d4eab64df9f3f3eba2add,78a77750ac83057a6c62e5cef3ef34c74c50a8c6fc7603d0b460eb91a0d480d4
com-lj,3822917,3822917,3822917,34,3822937,3822938,3822937,3822938,70,2,1118858171169200,False,False,2000000000000000,5594290855846000,200000000000000,1118858171169200,1,0,0,835d5175a7309fedd782fc505407a5d140587540b27d4eab64df9f3f3eba2add,78a77750ac83057a6c62e5cef3ef34c74c50a8c6fc7603d0b460eb91a0d480d4
com-lj,3822918,3822918,3822918,34,3822937,3822938,3822937,3822938,70,2,1118858171169200,False,False,2000000000000000,5594290855846000,200000000000000,1118858171169200,1,0,0,835d5175a7309fedd782fc505407a5d140587540b27d4eab64df9f3f3eba2add,78a77750ac83057a6c62e5cef3ef34c74c50a8c6fc7603d0b460eb91a0d480d4
com-lj,3822919,3822919,3822919,34,3822937,3822938,3822937,3822938,70,2,1118858171169200,False,False,2000000000000000,5594290855846000,200000000000000,1118858171169200,1,0,0,835d5175a7309fedd782fc505407a5d140587540b27d4eab64df9f3f3eba2add,78a77750ac83057a6c62e5cef3ef34c74c50a8c6fc7603d0b460eb91a0d480d4
com-lj,3822920,3822920,3822920,34,3822937,3822938,3822937,3822938,70,2,1118858171169200,False,False,2000000000000000,5594290855846000,200000000000000,1118858171169200,1,0,0,835d5175a7309fedd782fc505407a5d140587540b27d4eab64df9f3f3eba2add,78a77750ac83057a6c62e5cef3ef34c74c50a8c6fc7603d0b460eb91a0d480d4
com-lj,3822921,3822921,3822921,34,3822937,3822938,3822937,3822938,70,2,1118858171169200,False,False,2000000000000000,5594290855846000,200000000000000,1118858171169200,1,0,0,835d5175a7309fedd782fc505407a5d140587540b27d4eab64df9f3f3eba2add,78a77750ac83057a6c62e5cef3ef34c74c50a8c6fc7603d0b460eb91a0d480d4
com-lj,3822922,3822922,3822922,34,3822937,3822938,3822937,3822938,70,2,1118858171169200,False,False,2000000000000000,5594290855846000,200000000000000,1118858171169200,1,0,0,835d5175a7309fedd782fc505407a5d140587540b27d4eab64df9f3f3eba2add,78a77750ac83057a6c62e5cef3ef34c74c50a8c6fc7603d0b460eb91a0d480d4
com-lj,3822923,3822923,3822923,34,3822937,3822938,3822937,3822938,70,2,1118858171169200,False,False,2000000000000000,5594290855846000,200000000000000,1118858171169200,1,0,0,835d5175a7309fedd782fc505407a5d140587540b27d4eab64df9f3f3eba2add,78a77750ac83057a6c62e5cef3ef34c74c50a8c6fc7603d0b460eb91a0d480d4
com-lj,3822924,3822924,3822924,34,3822937,3822938,3822937,3822938,70,2,1118858171169200,False,False,2000000000000000,5594290855846000,200000000000000,1118858171169200,1,0,0,835d5175a7309fedd782fc505407a5d140587540b27d4eab64df9f3f3eba2add,78a77750ac83057a6c62e5cef3ef34c74c50a8c6fc7603d0b460eb91a0d480d4
com-lj,3822925,3822925,3822925,34,3822937,3822938,3822937,3822938,70,2,1118858171169200,False,False,2000000000000000,5594290855846000,200000000000000,1118858171169200,1,0,0,835d5175a7309fedd782fc505407a5d140587540b27d4eab64df9f3f3eba2add,78a77750ac83057a6c62e5cef3ef34c74c50a8c6fc7603d0b460eb91a0d480d4
com-lj,3822926,3822926,3822926,34,3822937,3822938,3822937,3822938,70,2,1118858171169200,False,False,2000000000000000,5594290855846000,200000000000000,1118858171169200,1,0,0,835d5175a7309fedd782fc505407a5d140587540b27d4eab64df9f3f3eba2add,78a77750ac83057a6c62e5cef3ef34c74c50a8c6fc7603d0b460eb91a0d480d4
com-lj,3822927,3822927,3822927,34,3822937,3822938,3822937,3822938,70,2,1118858171169200,False,False,2000000000000000,5594290855846000,200000000000000,1118858171169200,1,0,0,835d5175a7309fedd782fc505407a5d140587540b27d4eab64df9f3f3eba2add,78a77750ac83057a6c62e5cef3ef34c74c50a8c6fc7603d0b460eb91a0d480d4
com-lj,3822930,3822930,3822930,34,3822937,3822938,3822937,3822938,70,2,1118858171169200,False,False,2000000000000000,5594290855846000,200000000000000,1118858171169200,1,0,0,835d5175a7309fedd782fc505407a5d140587540b27d4eab64df9f3f3eba2add,78a77750ac83057a6c62e5cef3ef34c74c50a8c6fc7603d0b460eb91a0d480d4
com-lj,3822931,3822931,3822931,34,3822937,3822938,3822937,3822938,70,2,1118858171169200,False,False,2000000000000000,5594290855846000,200000000000000,1118858171169200,1,0,0,835d5175a7309fedd782fc505407a5d140587540b27d4eab64df9f3f3eba2add,78a77750ac83057a6c62e5cef3ef34c74c50a8c6fc7603d0b460eb91a0d480d4
com-lj,3822932,3822932,3822932,34,3822937,3822938,3822937,3822938,70,2,1118858171169200,False,False,2000000000000000,5594290855846000,200000000000000,1118858171169200,1,0,0,835d5175a7309fedd782fc505407a5d140587540b27d4eab64df9f3f3eba2add,78a77750ac83057a6c62e5cef3ef34c74c50a8c6fc7603d0b460eb91a0d480d4
com-lj,3830238,3830238,3830238,11,3605106,3605117,3605106,3605117,30,2,479510644786800,False,False,2000000000000000,2397553223934000,200000000000000,479510644786800,1,0,0,835d5175a7309fedd782fc505407a5d140587540b27d4eab64df9f3f3eba2add,78a77750ac83057a6c62e5cef3ef34c74c50a8c6fc7603d0b460eb91a0d480d4
com-lj,3830250,3830250,3830250,14,3605125,3605128,3605125,3605128,37,2,591396461903720,False,False,2000000000000000,2956982309518600,200000000000000,591396461903720,1,0,0,835d5175a7309fedd782fc505407a5d140587540b27d4eab64df9f3f3eba2add,78a77750ac83057a6c62e5cef3ef34c74c50a8c6fc7603d0b460eb91a0d480d4
com-lj,3831186,3831186,3831186,11,3818615,3831192,3818615,3831192,42,2,671314902701520,False,False,2000000000000000,3356574513507600,200000000000000,671314902701520,1,0,0,835d5175a7309fedd782fc505407a5d140587540b27d4eab64df9f3f3eba2add,78a77750ac83057a6c62e5cef3ef34c74c50a8c6fc7603d0b460eb91a0d480d4
com-lj,3831187,3831187,3831187,9,3818621,3818637,3818621,3818637,30,2,479510644786800,False,False,2000000000000000,2397553223934000,200000000000000,479510644786800,1,0,0,835d5175a7309fedd782fc505407a5d140587540b27d4eab64df9f3f3eba2add,78a77750ac83057a6c62e5cef3ef34c74c50a8c6fc7603d0b460eb91a0d480d4
com-lj,3831202,3831202,3831202,10,3818615,3831192,3818615,3831192,42,2,671314902701520,False,False,2000000000000000,3356574513507600,200000000000000,671314902701520,1,0,0,835d5175a7309fedd782fc505407a5d140587540b27d4eab64df9f3f3eba2add,78a77750ac83057a6c62e5cef3ef34c74c50a8c6fc7603d0b460eb91a0d480d4
com-lj,3832128,3832128,3832128,17,3832131,3832133,3832131,3832133,27,2,431559580308120,False,False,2000000000000000,2157797901540600,200000000000000,431559580308120,1,0,0,835d5175a7309fedd782fc505407a5d140587540b27d4eab64df9f3f3eba2add,78a77750ac83057a6c62e5cef3ef34c74c50a8c6fc7603d0b460eb91a0d480d4
com-lj,3832132,3832132,3832132,14,3832131,3832133,3832131,3832133,27,2,431559580308120,False,False,2000000000000000,2157797901540600,200000000000000,431559580308120,1,0,0,835d5175a7309fedd782fc505407a5d140587540b27d4eab64df9f3f3eba2add,78a77750ac83057a6c62e5cef3ef34c74c50a8c6fc7603d0b460eb91a0d480d4
com-lj,3837584,3837584,3837584,2,2500088,2500089,2500088,2500089,27,2,431559580308120,False,False,2000000000000000,2157797901540600,200000000000000,431559580308120,1,0,0,835d5175a7309fedd782fc505407a5d140587540b27d4eab64df9f3f3eba2add,78a77750ac83057a6c62e5cef3ef34c74c50a8c6fc7603d0b460eb91a0d480d4
com-lj,3839495,3839495,3839495,8,2943200,2943209,2943200,2943209,41,2,655331214541960,False,False,2000000000000000,3276656072709800,200000000000000,655331214541960,1,0,0,835d5175a7309fedd782fc505407a5d140587540b27d4eab64df9f3f3eba2add,78a77750ac83057a6c62e5cef3ef34c74c50a8c6fc7603d0b460eb91a0d480d4
com-lj,3841263,3841263,3841263,19,2988879,2988907,2988879,2988907,41,2,655331214541960,False,False,2000000000000000,3276656072709800,200000000000000,655331214541960,1,0,0,835d5175a7309fedd782fc505407a5d140587540b27d4eab64df9f3f3eba2add,78a77750ac83057a6c62e5cef3ef34c74c50a8c6fc7603d0b460eb91a0d480d4
com-lj,3841264,3841264,3841264,20,2988879,2988907,2988879,2988907,41,2,655331214541960,False,False,2000000000000000,3276656072709800,200000000000000,655331214541960,1,0,0,835d5175a7309fedd782fc505407a5d140587540b27d4eab64df9f3f3eba2add,78a77750ac83057a6c62e5cef3ef34c74c50a8c6fc7603d0b460eb91a0d480d4
com-lj,3841265,3841265,3841265,18,2988879,2988907,2988879,2988907,41,2,655331214541960,False,False,2000000000000000,3276656072709800,200000000000000,655331214541960,1,0,0,835d5175a7309fedd782fc505407a5d140587540b27d4eab64df9f3f3eba2add,78a77750ac83057a6c62e5cef3ef34c74c50a8c6fc7603d0b460eb91a0d480d4
com-lj,3841266,3841266,3841266,19,2988879,2988907,2988879,2988907,41,2,655331214541960,False,False,2000000000000000,3276656072709800,200000000000000,655331214541960,1,0,0,835d5175a7309fedd782fc505407a5d140587540b27d4eab64df9f3f3eba2add,78a77750ac83057a6c62e5cef3ef34c74c50a8c6fc7603d0b460eb91a0d480d4
com-lj,3841267,3841267,3841267,19,2988879,2988907,2988879,2988907,41,2,655331214541960,False,False,2000000000000000,3276656072709800,200000000000000,655331214541960,1,0,0,835d5175a7309fedd782fc505407a5d140587540b27d4eab64df9f3f3eba2add,78a77750ac83057a6c62e5cef3ef34c74c50a8c6fc7603d0b460eb91a0d480d4
com-lj,3841268,3841268,3841268,19,2988879,2988907,2988879,2988907,41,2,655331214541960,False,False,2000000000000000,3276656072709800,200000000000000,655331214541960,1,0,0,835d5175a7309fedd782fc505407a5d140587540b27d4eab64df9f3f3eba2add,78a77750ac83057a6c62e5cef3ef34c74c50a8c6fc7603d0b460eb91a0d480d4
com-lj,3850642,3850642,3850642,22,3714929,3714935,3714929,3714935,168,2,2685259610806080,False,False,2000000000000000,13426298054030400,200000000000000,2685259610806080,5,0,0,835d5175a7309fedd782fc505407a5d140587540b27d4eab64df9f3f3eba2add,78a77750ac83057a6c62e5cef3ef34c74c50a8c6fc7603d0b460eb91a0d480d4
com-lj,3850643,3850643,3850643,21,3714929,3714935,3714929,3714935,168,2,2685259610806080,False,False,2000000000000000,13426298054030400,200000000000000,2685259610806080,5,0,0,835d5175a7309fedd782fc505407a5d140587540b27d4eab64df9f3f3eba2add,78a77750ac83057a6c62e5cef3ef34c74c50a8c6fc7603d0b460eb91a0d480d4
com-lj,3850644,3850644,3850644,21,3714929,3714935,3714929,3714935,168,2,2685259610806080,False,False,2000000000000000,13426298054030400,200000000000000,2685259610806080,5,0,0,835d5175a7309fedd782fc505407a5d140587540b27d4eab64df9f3f3eba2add,78a77750ac83057a6c62e5cef3ef34c74c50a8c6fc7603d0b460eb91a0d480d4
com-lj,3850645,3850645,3850645,21,3714929,3714935,3714929,3714935,168,2,2685259610806080,False,False,2000000000000000,13426298054030400,200000000000000,2685259610806080,5,0,0,835d5175a7309fedd782fc505407a5d140587540b27d4eab64df9f3f3eba2add,78a77750ac83057a6c62e5cef3ef34c74c50a8c6fc7603d0b460eb91a0d480d4
com-lj,3850646,3850646,3850646,21,3714929,3714935,3714929,3714935,168,2,2685259610806080,False,False,2000000000000000,13426298054030400,200000000000000,2685259610806080,5,0,0,835d5175a7309fedd782fc505407a5d140587540b27d4eab64df9f3f3eba2add,78a77750ac83057a6c62e5cef3ef34c74c50a8c6fc7603d0b460eb91a0d480d4
com-lj,3850647,3850647,3850647,21,3714929,3714935,3714929,3714935,168,2,2685259610806080,False,False,2000000000000000,13426298054030400,200000000000000,2685259610806080,5,0,0,835d5175a7309fedd782fc505407a5d140587540b27d4eab64df9f3f3eba2add,78a77750ac83057a6c62e5cef3ef34c74c50a8c6fc7603d0b460eb91a0d480d4
com-lj,3850648,3850648,3850648,21,3714929,3714935,3714929,3714935,168,2,2685259610806080,False,False,2000000000000000,13426298054030400,200000000000000,2685259610806080,5,0,0,835d5175a7309fedd782fc505407a5d140587540b27d4eab64df9f3f3eba2add,78a77750ac83057a6c62e5cef3ef34c74c50a8c6fc7603d0b460eb91a0d480d4
com-lj,3850649,3850649,3850649,21,3714929,3714935,3714929,3714935,168,2,2685259610806080,False,False,2000000000000000,13426298054030400,200000000000000,2685259610806080,5,0,0,835d5175a7309fedd782fc505407a5d140587540b27d4eab64df9f3f3eba2add,78a77750ac83057a6c62e5cef3ef34c74c50a8c6fc7603d0b460eb91a0d480d4
com-lj,3851242,3851242,3851242,11,3504271,3504278,3504271,3504278,53,2,847135472456680,False,False,2000000000000000,4235677362283400,200000000000000,847135472456680,2,0,0,835d5175a7309fedd782fc505407a5d140587540b27d4eab64df9f3f3eba2add,78a77750ac83057a6c62e5cef3ef34c74c50a8c6fc7603d0b460eb91a0d480d4
com-lj,3851724,3851724,3851724,5,3035107,3035108,3035107,3035108,27,2,431559580308120,False,False,2000000000000000,2157797901540600,200000000000000,431559580308120,1,0,0,835d5175a7309fedd782fc505407a5d140587540b27d4eab64df9f3f3eba2add,78a77750ac83057a6c62e5cef3ef34c74c50a8c6fc7603d0b460eb91a0d480d4
com-lj,3852598,3852598,3852598,88,3234713,3257305,3234713,3257305,140,2,2237716342338400,False,False,2000000000000000,11188581711692000,200000000000000,2237716342338400,2,0,0,835d5175a7309fedd782fc505407a5d140587540b27d4eab64df9f3f3eba2add,78a77750ac83057a6c62e5cef3ef34c74c50a8c6fc7603d0b460eb91a0d480d4
com-lj,3852956,3852956,3852956,9,3852809,3852813,3852809,3852813,30,2,479510644786800,False,False,2000000000000000,2397553223934000,200000000000000,479510644786800,1,0,0,835d5175a7309fedd782fc505407a5d140587540b27d4eab64df9f3f3eba2add,78a77750ac83057a6c62e5cef3ef34c74c50a8c6fc7603d0b460eb91a0d480d4
com-lj,3852957,3852957,3852957,8,3852813,3852814,3852813,3852814,28,2,447543268467680,False,False,2000000000000000,2237716342338400,200000000000000,447543268467680,1,0,0,835d5175a7309fedd782fc505407a5d140587540b27d4eab64df9f3f3eba2add,78a77750ac83057a6c62e5cef3ef34c74c50a8c6fc7603d0b460eb91a0d480d4
com-lj,3854039,3854039,3854039,17,3822937,3822938,3822937,3822938,70,2,1118858171169200,False,False,2000000000000000,5594290855846000,200000000000000,1118858171169200,1,0,0,835d5175a7309fedd782fc505407a5d140587540b27d4eab64df9f3f3eba2add,78a77750ac83057a6c62e5cef3ef34c74c50a8c6fc7603d0b460eb91a0d480d4
com-lj,3854620,3854620,3854620,27,3656269,3798599,3656269,3798599,44,2,703282279020640,False,False,2000000000000000,3516411395103200,200000000000000,703282279020640,1,0,0,835d5175a7309fedd782fc505407a5d140587540b27d4eab64df9f3f3eba2add,78a77750ac83057a6c62e5cef3ef34c74c50a8c6fc7603d0b460eb91a0d480d4
com-lj,3855448,3855448,3855448,21,3708557,3708570,3708557,3708570,50,2,799184407978000,False,False,2000000000000000,3995922039890000,200000000000000,799184407978000,1,0,0,835d5175a7309fedd782fc505407a5d140587540b27d4eab64df9f3f3eba2add,78a77750ac83057a6c62e5cef3ef34c74c50a8c6fc7603d0b460eb91a0d480d4
com-lj,3858246,3858246,3858246,27,3858257,3858264,3858257,3858264,31,2,495494332946360,False,False,2000000000000000,2477471664731800,200000000000000,495494332946360,1,0,0,835d5175a7309fedd782fc505407a5d140587540b27d4eab64df9f3f3eba2add,78a77750ac83057a6c62e5cef3ef34c74c50a8c6fc7603d0b460eb91a0d480d4
com-lj,3858247,3858247,3858247,28,3858257,3858264,3858257,3858264,31,2,495494332946360,False,False,2000000000000000,2477471664731800,200000000000000,495494332946360,1,0,0,835d5175a7309fedd782fc505407a5d140587540b27d4eab64df9f3f3eba2add,78a77750ac83057a6c62e5cef3ef34c74c50a8c6fc7603d0b460eb91a0d480d4
com-lj,3858250,3858250,3858250,28,3858257,3858264,3858257,3858264,31,2,495494332946360,False,False,2000000000000000,2477471664731800,200000000000000,495494332946360,1,0,0,835d5175a7309fedd782fc505407a5d140587540b27d4eab64df9f3f3eba2add,78a77750ac83057a6c62e5cef3ef34c74c50a8c6fc7603d0b460eb91a0d480d4
com-lj,3865288,3865288,3865288,13,3530966,3530971,3530966,3530971,30,2,479510644786800,False,False,2000000000000000,2397553223934000,200000000000000,479510644786800,1,0,0,835d5175a7309fedd782fc505407a5d140587540b27d4eab64df9f3f3eba2add,78a77750ac83057a6c62e5cef3ef34c74c50a8c6fc7603d0b460eb91a0d480d4
com-lj,3865775,3865775,3865775,20,1706442,1706446,1706442,1706446,35,2,559429085584600,False,False,2000000000000000,2797145427923000,200000000000000,559429085584600,1,0,0,835d5175a7309fedd782fc505407a5d140587540b27d4eab64df9f3f3eba2add,78a77750ac83057a6c62e5cef3ef34c74c50a8c6fc7603d0b460eb91a0d480d4
com-lj,3865779,3865779,3865779,19,1706442,1706446,1706442,1706446,35,2,559429085584600,False,False,2000000000000000,2797145427923000,200000000000000,559429085584600,1,0,0,835d5175a7309fedd782fc505407a5d140587540b27d4eab64df9f3f3eba2add,78a77750ac83057a6c62e5cef3ef34c74c50a8c6fc7603d0b460eb91a0d480d4
com-lj,3872771,3872771,3872771,51,3872775,3872802,3872775,3872802,50,2,799184407978000,False,False,2000000000000000,3995922039890000,200000000000000,799184407978000,1,0,0,835d5175a7309fedd782fc505407a5d140587540b27d4eab64df9f3f3eba2add,78a77750ac83057a6c62e5cef3ef34c74c50a8c6fc7603d0b460eb91a0d480d4
com-lj,3872854,3872854,3872854,7,2878853,2878860,2878853,2878860,32,2,511478021105920,False,False,2000000000000000,2557390105529600,200000000000000,511478021105920,1,0,0,835d5175a7309fedd782fc505407a5d140587540b27d4eab64df9f3f3eba2add,78a77750ac83057a6c62e5cef3ef34c74c50a8c6fc7603d0b460eb91a0d480d4
com-lj,3872861,3872861,3872861,10,2878853,2878860,2878853,2878860,32,2,511478021105920,False,False,2000000000000000,2557390105529600,200000000000000,511478021105920,1,0,0,835d5175a7309fedd782fc505407a5d140587540b27d4eab64df9f3f3eba2add,78a77750ac83057a6c62e5cef3ef34c74c50a8c6fc7603d0b460eb91a0d480d4
com-lj,3876233,3876233,3876233,13,3420394,3800536,3420394,3800536,27,2,431559580308120,False,False,2000000000000000,2157797901540600,200000000000000,431559580308120,1,0,0,835d5175a7309fedd782fc505407a5d140587540b27d4eab64df9f3f3eba2add,78a77750ac83057a6c62e5cef3ef34c74c50a8c6fc7603d0b460eb91a0d480d4
com-lj,3876234,3876234,3876234,12,3420394,3800536,3420394,3800536,27,2,431559580308120,False,False,2000000000000000,2157797901540600,200000000000000,431559580308120,1,0,0,835d5175a7309fedd782fc505407a5d140587540b27d4eab64df9f3f3eba2add,78a77750ac83057a6c62e5cef3ef34c74c50a8c6fc7603d0b460eb91a0d480d4
com-lj,3876237,3876237,3876237,21,3278727,3876238,3278727,3876238,31,2,495494332946360,False,False,2000000000000000,2477471664731800,200000000000000,495494332946360,1,0,0,835d5175a7309fedd782fc505407a5d140587540b27d4eab64df9f3f3eba2add,78a77750ac83057a6c62e5cef3ef34c74c50a8c6fc7603d0b460eb91a0d480d4
com-lj,3876239,3876239,3876239,18,3278727,3876238,3278727,3876238,31,2,495494332946360,False,False,2000000000000000,2477471664731800,200000000000000,495494332946360,1,0,0,835d5175a7309fedd782fc505407a5d140587540b27d4eab64df9f3f3eba2add,78a77750ac83057a6c62e5cef3ef34c74c50a8c6fc7603d0b460eb91a0d480d4
com-lj,3876295,3876295,3876295,23,2312487,2312495,2312487,2312495,48,2,767217031658880,False,False,2000000000000000,3836085158294400,200000000000000,767217031658880,1,0,0,835d5175a7309fedd782fc505407a5d140587540b27d4eab64df9f3f3eba2add,78a77750ac83057a6c62e5cef3ef34c74c50a8c6fc7603d0b460eb91a0d480d4
com-lj,3876304,3876304,3876304,12,3420394,3800536,3420394,3800536,27,2,431559580308120,False,False,2000000000000000,2157797901540600,200000000000000,431559580308120,1,0,0,835d5175a7309fedd782fc505407a5d140587540b27d4eab64df9f3f3eba2add,78a77750ac83057a6c62e5cef3ef34c74c50a8c6fc7603d0b460eb91a0d480d4
com-lj,3876330,3876330,3876330,20,3876245,3876267,3876245,3876267,44,2,703282279020640,False,False,2000000000000000,3516411395103200,200000000000000,703282279020640,1,0,0,835d5175a7309fedd782fc505407a5d140587540b27d4eab64df9f3f3eba2add,78a77750ac83057a6c62e5cef3ef34c74c50a8c6fc7603d0b460eb91a0d480d4
com-lj,3876830,3876830,3876830,38,3771649,3771650,3771649,3771650,47,2,751233343499320,False,False,2000000000000000,3756166717496600,200000000000000,751233343499320,1,0,0,835d5175a7309fedd782fc505407a5d140587540b27d4eab64df9f3f3eba2add,78a77750ac83057a6c62e5cef3ef34c74c50a8c6fc7603d0b460eb91a0d480d4
com-lj,3876831,3876831,3876831,37,3771649,3771650,3771649,3771650,47,2,751233343499320,False,False,2000000000000000,3756166717496600,200000000000000,751233343499320,1,0,0,835d5175a7309fedd782fc505407a5d140587540b27d4eab64df9f3f3eba2add,78a77750ac83057a6c62e5cef3ef34c74c50a8c6fc7603d0b460eb91a0d480d4
com-lj,3876832,3876832,3876832,37,3771649,3771650,3771649,3771650,47,2,751233343499320,False,False,2000000000000000,3756166717496600,200000000000000,751233343499320,1,0,0,835d5175a7309fedd782fc505407a5d140587540b27d4eab64df9f3f3eba2add,78a77750ac83057a6c62e5cef3ef34c74c50a8c6fc7603d0b460eb91a0d480d4
com-lj,3876833,3876833,3876833,37,3771649,3771650,3771649,3771650,47,2,751233343499320,False,False,2000000000000000,3756166717496600,200000000000000,751233343499320,1,0,0,835d5175a7309fedd782fc505407a5d140587540b27d4eab64df9f3f3eba2add,78a77750ac83057a6c62e5cef3ef34c74c50a8c6fc7603d0b460eb91a0d480d4
com-lj,3877312,3877312,3877312,6,3281266,3808589,3281266,3808589,38,2,607380150063280,False,False,2000000000000000,3036900750316400,200000000000000,607380150063280,1,0,0,835d5175a7309fedd782fc505407a5d140587540b27d4eab64df9f3f3eba2add,78a77750ac83057a6c62e5cef3ef34c74c50a8c6fc7603d0b460eb91a0d480d4
com-lj,3877313,3877313,3877313,5,3281266,3808589,3281266,3808589,38,2,607380150063280,False,False,2000000000000000,3036900750316400,200000000000000,607380150063280,1,0,0,835d5175a7309fedd782fc505407a5d140587540b27d4eab64df9f3f3eba2add,78a77750ac83057a6c62e5cef3ef34c74c50a8c6fc7603d0b460eb91a0d480d4
com-lj,3877314,3877314,3877314,6,3281266,3808589,3281266,3808589,38,2,607380150063280,False,False,2000000000000000,3036900750316400,200000000000000,607380150063280,1,0,0,835d5175a7309fedd782fc505407a5d140587540b27d4eab64df9f3f3eba2add,78a77750ac83057a6c62e5cef3ef34c74c50a8c6fc7603d0b460eb91a0d480d4
com-lj,3878828,3878828,3878828,8,3468059,3468066,3468059,3468066,32,2,511478021105920,False,False,2000000000000000,2557390105529600,200000000000000,511478021105920,1,0,0,835d5175a7309fedd782fc505407a5d140587540b27d4eab64df9f3f3eba2add,78a77750ac83057a6c62e5cef3ef34c74c50a8c6fc7603d0b460eb91a0d480d4
com-lj,3882554,3882554,3882554,9,2518762,2518763,2518762,2518763,61,2,975004977733160,False,False,2000000000000000,4875024888665800,200000000000000,975004977733160,1,0,0,835d5175a7309fedd782fc505407a5d140587540b27d4eab64df9f3f3eba2add,78a77750ac83057a6c62e5cef3ef34c74c50a8c6fc7603d0b460eb91a0d480d4
com-lj,3882604,3882604,3882604,10,3714929,3714935,3714929,3714935,168,2,2685259610806080,False,False,2000000000000000,13426298054030400,200000000000000,2685259610806080,5,0,0,835d5175a7309fedd782fc505407a5d140587540b27d4eab64df9f3f3eba2add,78a77750ac83057a6c62e5cef3ef34c74c50a8c6fc7603d0b460eb91a0d480d4
com-lj,3882605,3882605,3882605,10,3714929,3714935,3714929,3714935,168,2,2685259610806080,False,False,2000000000000000,13426298054030400,200000000000000,2685259610806080,5,0,0,835d5175a7309fedd782fc505407a5d140587540b27d4eab64df9f3f3eba2add,78a77750ac83057a6c62e5cef3ef34c74c50a8c6fc7603d0b460eb91a0d480d4
com-lj,3882606,3882606,3882606,9,3714905,3714937,3714905,3714937,174,2,2781161739763440,False,False,2000000000000000,13905808698817200,200000000000000,2781161739763440,3,0,0,835d5175a7309fedd782fc505407a5d140587540b27d4eab64df9f3f3eba2add,78a77750ac83057a6c62e5cef3ef34c74c50a8c6fc7603d0b460eb91a0d480d4
com-lj,3882607,3882607,3882607,7,3714905,3714937,3714905,3714937,174,2,2781161739763440,False,False,2000000000000000,13905808698817200,200000000000000,2781161739763440,3,0,0,835d5175a7309fedd782fc505407a5d140587540b27d4eab64df9f3f3eba2add,78a77750ac83057a6c62e5cef3ef34c74c50a8c6fc7603d0b460eb91a0d480d4
com-lj,3882608,3882608,3882608,7,3714905,3714937,3714905,3714937,174,2,2781161739763440,False,False,2000000000000000,13905808698817200,200000000000000,2781161739763440,3,0,0,835d5175a7309fedd782fc505407a5d140587540b27d4eab64df9f3f3eba2add,78a77750ac83057a6c62e5cef3ef34c74c50a8c6fc7603d0b460eb91a0d480d4
com-lj,3882609,3882609,3882609,7,3714905,3714937,3714905,3714937,174,2,2781161739763440,False,False,2000000000000000,13905808698817200,200000000000000,2781161739763440,3,0,0,835d5175a7309fedd782fc505407a5d140587540b27d4eab64df9f3f3eba2add,78a77750ac83057a6c62e5cef3ef34c74c50a8c6fc7603d0b460eb91a0d480d4
com-lj,3882610,3882610,3882610,7,3714905,3714937,3714905,3714937,174,2,2781161739763440,False,False,2000000000000000,13905808698817200,200000000000000,2781161739763440,3,0,0,835d5175a7309fedd782fc505407a5d140587540b27d4eab64df9f3f3eba2add,78a77750ac83057a6c62e5cef3ef34c74c50a8c6fc7603d0b460eb91a0d480d4
com-lj,3882671,3882671,3882671,12,3527723,3527734,3527723,3527734,37,2,591396461903720,False,False,2000000000000000,2956982309518600,200000000000000,591396461903720,1,0,0,835d5175a7309fedd782fc505407a5d140587540b27d4eab64df9f3f3eba2add,78a77750ac83057a6c62e5cef3ef34c74c50a8c6fc7603d0b460eb91a0d480d4
com-lj,3882672,3882672,3882672,12,3527723,3527734,3527723,3527734,37,2,591396461903720,False,False,2000000000000000,2956982309518600,200000000000000,591396461903720,1,0,0,835d5175a7309fedd782fc505407a5d140587540b27d4eab64df9f3f3eba2add,78a77750ac83057a6c62e5cef3ef34c74c50a8c6fc7603d0b460eb91a0d480d4
com-lj,3882673,3882673,3882673,12,3527723,3527734,3527723,3527734,37,2,591396461903720,False,False,2000000000000000,2956982309518600,200000000000000,591396461903720,1,0,0,835d5175a7309fedd782fc505407a5d140587540b27d4eab64df9f3f3eba2add,78a77750ac83057a6c62e5cef3ef34c74c50a8c6fc7603d0b460eb91a0d480d4
com-lj,3882674,3882674,3882674,12,3527723,3527734,3527723,3527734,37,2,591396461903720,False,False,2000000000000000,2956982309518600,200000000000000,591396461903720,1,0,0,835d5175a7309fedd782fc505407a5d140587540b27d4eab64df9f3f3eba2add,78a77750ac83057a6c62e5cef3ef34c74c50a8c6fc7603d0b460eb91a0d480d4
com-lj,3882675,3882675,3882675,12,3527723,3527734,3527723,3527734,37,2,591396461903720,False,False,2000000000000000,2956982309518600,200000000000000,591396461903720,1,0,0,835d5175a7309fedd782fc505407a5d140587540b27d4eab64df9f3f3eba2add,78a77750ac83057a6c62e5cef3ef34c74c50a8c6fc7603d0b460eb91a0d480d4
com-lj,3882676,3882676,3882676,12,3527723,3527734,3527723,3527734,37,2,591396461903720,False,False,2000000000000000,2956982309518600,200000000000000,591396461903720,1,0,0,835d5175a7309fedd782fc505407a5d140587540b27d4eab64df9f3f3eba2add,78a77750ac83057a6c62e5cef3ef34c74c50a8c6fc7603d0b460eb91a0d480d4
com-lj,3882677,3882677,3882677,12,3527723,3527734,3527723,3527734,37,2,591396461903720,False,False,2000000000000000,2956982309518600,200000000000000,591396461903720,1,0,0,835d5175a7309fedd782fc505407a5d140587540b27d4eab64df9f3f3eba2add,78a77750ac83057a6c62e5cef3ef34c74c50a8c6fc7603d0b460eb91a0d480d4
com-lj,3882678,3882678,3882678,12,3527723,3527734,3527723,3527734,37,2,591396461903720,False,False,2000000000000000,2956982309518600,200000000000000,591396461903720,1,0,0,835d5175a7309fedd782fc505407a5d140587540b27d4eab64df9f3f3eba2add,78a77750ac83057a6c62e5cef3ef34c74c50a8c6fc7603d0b460eb91a0d480d4
com-lj,3882679,3882679,3882679,12,3527723,3527734,3527723,3527734,37,2,591396461903720,False,False,2000000000000000,2956982309518600,200000000000000,591396461903720,1,0,0,835d5175a7309fedd782fc505407a5d140587540b27d4eab64df9f3f3eba2add,78a77750ac83057a6c62e5cef3ef34c74c50a8c6fc7603d0b460eb91a0d480d4
com-lj,3882680,3882680,3882680,12,3527723,3527734,3527723,3527734,37,2,591396461903720,False,False,2000000000000000,2956982309518600,200000000000000,591396461903720,1,0,0,835d5175a7309fedd782fc505407a5d140587540b27d4eab64df9f3f3eba2add,78a77750ac83057a6c62e5cef3ef34c74c50a8c6fc7603d0b460eb91a0d480d4
com-lj,3882681,3882681,3882681,9,3527723,3527734,3527723,3527734,37,2,591396461903720,False,False,2000000000000000,2956982309518600,200000000000000,591396461903720,1,0,0,835d5175a7309fedd782fc505407a5d140587540b27d4eab64df9f3f3eba2add,78a77750ac83057a6c62e5cef3ef34c74c50a8c6fc7603d0b460eb91a0d480d4
com-lj,3882682,3882682,3882682,8,3527723,3527734,3527723,3527734,37,2,591396461903720,False,False,2000000000000000,2956982309518600,200000000000000,591396461903720,1,0,0,835d5175a7309fedd782fc505407a5d140587540b27d4eab64df9f3f3eba2add,78a77750ac83057a6c62e5cef3ef34c74c50a8c6fc7603d0b460eb91a0d480d4
com-lj,3882683,3882683,3882683,8,3527723,3527734,3527723,3527734,37,2,591396461903720,False,False,2000000000000000,2956982309518600,200000000000000,591396461903720,1,0,0,835d5175a7309fedd782fc505407a5d140587540b27d4eab64df9f3f3eba2add,78a77750ac83057a6c62e5cef3ef34c74c50a8c6fc7603d0b460eb91a0d480d4
com-lj,3882684,3882684,3882684,8,3527723,3527734,3527723,3527734,37,2,591396461903720,False,False,2000000000000000,2956982309518600,200000000000000,591396461903720,1,0,0,835d5175a7309fedd782fc505407a5d140587540b27d4eab64df9f3f3eba2add,78a77750ac83057a6c62e5cef3ef34c74c50a8c6fc7603d0b460eb91a0d480d4
com-lj,3882685,3882685,3882685,8,3527723,3527734,3527723,3527734,37,2,591396461903720,False,False,2000000000000000,2956982309518600,200000000000000,591396461903720,1,0,0,835d5175a7309fedd782fc505407a5d140587540b27d4eab64df9f3f3eba2add,78a77750ac83057a6c62e5cef3ef34c74c50a8c6fc7603d0b460eb91a0d480d4
com-lj,3882686,3882686,3882686,8,3527723,3527734,3527723,3527734,37,2,591396461903720,False,False,2000000000000000,2956982309518600,200000000000000,591396461903720,1,0,0,835d5175a7309fedd782fc505407a5d140587540b27d4eab64df9f3f3eba2add,78a77750ac83057a6c62e5cef3ef34c74c50a8c6fc7603d0b460eb91a0d480d4
com-lj,3882687,3882687,3882687,8,3527723,3527734,3527723,3527734,37,2,591396461903720,False,False,2000000000000000,2956982309518600,200000000000000,591396461903720,1,0,0,835d5175a7309fedd782fc505407a5d140587540b27d4eab64df9f3f3eba2add,78a77750ac83057a6c62e5cef3ef34c74c50a8c6fc7603d0b460eb91a0d480d4
com-lj,3882688,3882688,3882688,7,3527723,3527734,3527723,3527734,37,2,591396461903720,False,False,2000000000000000,2956982309518600,200000000000000,591396461903720,1,0,0,835d5175a7309fedd782fc505407a5d140587540b27d4eab64df9f3f3eba2add,78a77750ac83057a6c62e5cef3ef34c74c50a8c6fc7603d0b460eb91a0d480d4
com-lj,3882689,3882689,3882689,7,3527723,3527734,3527723,3527734,37,2,591396461903720,False,False,2000000000000000,2956982309518600,200000000000000,591396461903720,1,0,0,835d5175a7309fedd782fc505407a5d140587540b27d4eab64df9f3f3eba2add,78a77750ac83057a6c62e5cef3ef34c74c50a8c6fc7603d0b460eb91a0d480d4
com-lj,3882690,3882690,3882690,7,3527723,3527734,3527723,3527734,37,2,591396461903720,False,False,2000000000000000,2956982309518600,200000000000000,591396461903720,1,0,0,835d5175a7309fedd782fc505407a5d140587540b27d4eab64df9f3f3eba2add,78a77750ac83057a6c62e5cef3ef34c74c50a8c6fc7603d0b460eb91a0d480d4
com-lj,3882691,3882691,3882691,7,3527723,3527734,3527723,3527734,37,2,591396461903720,False,False,2000000000000000,2956982309518600,200000000000000,591396461903720,1,0,0,835d5175a7309fedd782fc505407a5d140587540b27d4eab64df9f3f3eba2add,78a77750ac83057a6c62e5cef3ef34c74c50a8c6fc7603d0b460eb91a0d480d4
com-lj,3882692,3882692,3882692,7,3527723,3527734,3527723,3527734,37,2,591396461903720,False,False,2000000000000000,2956982309518600,200000000000000,591396461903720,1,0,0,835d5175a7309fedd782fc505407a5d140587540b27d4eab64df9f3f3eba2add,78a77750ac83057a6c62e5cef3ef34c74c50a8c6fc7603d0b460eb91a0d480d4
com-lj,3882693,3882693,3882693,7,3527723,3527734,3527723,3527734,37,2,591396461903720,False,False,2000000000000000,2956982309518600,200000000000000,591396461903720,1,0,0,835d5175a7309fedd782fc505407a5d140587540b27d4eab64df9f3f3eba2add,78a77750ac83057a6c62e5cef3ef34c74c50a8c6fc7603d0b460eb91a0d480d4
com-lj,3883285,3883285,3883285,12,1931983,1932001,1931983,1932001,28,2,447543268467680,False,False,2000000000000000,2237716342338400,200000000000000,447543268467680,1,0,0,835d5175a7309fedd782fc505407a5d140587540b27d4eab64df9f3f3eba2add,78a77750ac83057a6c62e5cef3ef34c74c50a8c6fc7603d0b460eb91a0d480d4
com-lj,3885181,3885181,3885181,28,3885173,3885184,3885173,3885184,27,2,431559580308120,False,False,2000000000000000,2157797901540600,200000000000000,431559580308120,1,0,0,835d5175a7309fedd782fc505407a5d140587540b27d4eab64df9f3f3eba2add,78a77750ac83057a6c62e5cef3ef34c74c50a8c6fc7603d0b460eb91a0d480d4
com-lj,3885231,3885231,3885231,39,3338673,3885253,3338673,3885253,39,2,623363838222840,False,False,2000000000000000,3116819191114200,200000000000000,623363838222840,1,0,0,835d5175a7309fedd782fc505407a5d140587540b27d4eab64df9f3f3eba2add,78a77750ac83057a6c62e5cef3ef34c74c50a8c6fc7603d0b460eb91a0d480d4
com-lj,3885258,3885258,3885258,39,3338673,3885253,3338673,3885253,39,2,623363838222840,False,False,2000000000000000,3116819191114200,200000000000000,623363838222840,1,0,0,835d5175a7309fedd782fc505407a5d140587540b27d4eab64df9f3f3eba2add,78a77750ac83057a6c62e5cef3ef34c74c50a8c6fc7603d0b460eb91a0d480d4
com-lj,3885261,3885261,3885261,37,3338673,3885253,3338673,3885253,39,2,623363838222840,False,False,2000000000000000,3116819191114200,200000000000000,623363838222840,1,0,0,835d5175a7309fedd782fc505407a5d140587540b27d4eab64df9f3f3eba2add,78a77750ac83057a6c62e5cef3ef34c74c50a8c6fc7603d0b460eb91a0d480d4
com-lj,3886822,3886822,3886822,2,1534838,1534839,1534838,1534839,34,2,543445397425040,False,False,2000000000000000,2717226987125200,200000000000000,543445397425040,1,0,0,835d5175a7309fedd782fc505407a5d140587540b27d4eab64df9f3f3eba2add,78a77750ac83057a6c62e5cef3ef34c74c50a8c6fc7603d0b460eb91a0d480d4
com-lj,3888521,3888521,3888521,17,3378702,3779637,3378702,3779637,59,2,943037601414040,False,False,2000000000000000,4715188007070200,200000000000000,943037601414040,1,0,0,835d5175a7309fedd782fc505407a5d140587540b27d4eab64df9f3f3eba2add,78a77750ac83057a6c62e5cef3ef34c74c50a8c6fc7603d0b460eb91a0d480d4
com-lj,3888830,3888830,3888830,12,3809842,3809848,3809842,3809848,29,2,463526956627240,False,False,2000000000000000,2317634783136200,200000000000000,463526956627240,1,0,0,835d5175a7309fedd782fc505407a5d140587540b27d4eab64df9f3f3eba2add,78a77750ac83057a6c62e5cef3ef34c74c50a8c6fc7603d0b460eb91a0d480d4
com-lj,3900884,3900884,3900884,26,3900890,3900891,3900890,3900891,27,2,431559580308120,False,False,2000000000000000,2157797901540600,200000000000000,431559580308120,1,0,0,835d5175a7309fedd782fc505407a5d140587540b27d4eab64df9f3f3eba2add,78a77750ac83057a6c62e5cef3ef34c74c50a8c6fc7603d0b460eb91a0d480d4
com-lj,3900885,3900885,3900885,26,3900890,3900891,3900890,3900891,27,2,431559580308120,False,False,2000000000000000,2157797901540600,200000000000000,431559580308120,1,0,0,835d5175a7309fedd782fc505407a5d140587540b27d4eab64df9f3f3eba2add,78a77750ac83057a6c62e5cef3ef34c74c50a8c6fc7603d0b460eb91a0d480d4
com-lj,3900886,3900886,3900886,20,3900890,3900891,3900890,3900891,27,2,431559580308120,False,False,2000000000000000,2157797901540600,200000000000000,431559580308120,1,0,0,835d5175a7309fedd782fc505407a5d140587540b27d4eab64df9f3f3eba2add,78a77750ac83057a6c62e5cef3ef34c74c50a8c6fc7603d0b460eb91a0d480d4
com-lj,3904670,3904670,3904670,22,3783013,3783023,3783013,3783023,35,2,559429085584600,False,False,2000000000000000,2797145427923000,200000000000000,559429085584600,1,0,0,835d5175a7309fedd782fc505407a5d140587540b27d4eab64df9f3f3eba2add,78a77750ac83057a6c62e5cef3ef34c74c50a8c6fc7603d0b460eb91a0d480d4
com-lj,3910280,3910280,3910280,6,3815914,3815915,3815914,3815915,29,2,463526956627240,False,False,2000000000000000,2317634783136200,200000000000000,463526956627240,1,0,0,835d5175a7309fedd782fc505407a5d140587540b27d4eab64df9f3f3eba2add,78a77750ac83057a6c62e5cef3ef34c74c50a8c6fc7603d0b460eb91a0d480d4
com-lj,3912961,3912961,3912961,9,1536723,3697732,1536723,3697732,28,2,447543268467680,False,False,2000000000000000,2237716342338400,200000000000000,447543268467680,1,0,0,835d5175a7309fedd782fc505407a5d140587540b27d4eab64df9f3f3eba2add,78a77750ac83057a6c62e5cef3ef34c74c50a8c6fc7603d0b460eb91a0d480d4
com-lj,3912986,3912986,3912986,10,1536729,3912976,1536729,3912976,27,2,431559580308120,False,False,2000000000000000,2157797901540600,200000000000000,431559580308120,1,0,0,835d5175a7309fedd782fc505407a5d140587540b27d4eab64df9f3f3eba2add,78a77750ac83057a6c62e5cef3ef34c74c50a8c6fc7603d0b460eb91a0d480d4
com-lj,3915451,3915451,3915451,8,3697873,3915436,3697873,3915436,31,2,495494332946360,False,False,2000000000000000,2477471664731800,200000000000000,495494332946360,1,0,0,835d5175a7309fedd782fc505407a5d140587540b27d4eab64df9f3f3eba2add,78a77750ac83057a6c62e5cef3ef34c74c50a8c6fc7603d0b460eb91a0d480d4
com-lj,3915541,3915541,3915541,12,3197508,3590716,3197508,3590716,70,2,1118858171169200,False,False,2000000000000000,5594290855846000,200000000000000,1118858171169200,1,0,0,835d5175a7309fedd782fc505407a5d140587540b27d4eab64df9f3f3eba2add,78a77750ac83057a6c62e5cef3ef34c74c50a8c6fc7603d0b460eb91a0d480d4
com-lj,3924733,3924733,3924733,15,3890063,3890067,3890063,3890067,52,2,831151784297120,False,False,2000000000000000,4155758921485600,200000000000000,831151784297120,2,0,0,835d5175a7309fedd782fc505407a5d140587540b27d4eab64df9f3f3eba2add,78a77750ac83057a6c62e5cef3ef34c74c50a8c6fc7603d0b460eb91a0d480d4
com-lj,3924734,3924734,3924734,16,3890063,3890067,3890063,3890067,52,2,831151784297120,False,False,2000000000000000,4155758921485600,200000000000000,831151784297120,2,0,0,835d5175a7309fedd782fc505407a5d140587540b27d4eab64df9f3f3eba2add,78a77750ac83057a6c62e5cef3ef34c74c50a8c6fc7603d0b460eb91a0d480d4
com-lj,3925144,3925144,3925144,9,3708456,3708457,3708456,3708457,34,2,543445397425040,False,False,2000000000000000,2717226987125200,200000000000000,543445397425040,1,0,0,835d5175a7309fedd782fc505407a5d140587540b27d4eab64df9f3f3eba2add,78a77750ac83057a6c62e5cef3ef34c74c50a8c6fc7603d0b460eb91a0d480d4
com-lj,3930189,3930189,3930189,24,2515735,2515750,2515735,2515750,46,2,735249655339760,False,False,2000000000000000,3676248276698800,200000000000000,735249655339760,1,0,0,835d5175a7309fedd782fc505407a5d140587540b27d4eab64df9f3f3eba2add,78a77750ac83057a6c62e5cef3ef34c74c50a8c6fc7603d0b460eb91a0d480d4
com-lj,3930190,3930190,3930190,20,2515735,2515750,2515735,2515750,46,2,735249655339760,False,False,2000000000000000,3676248276698800,200000000000000,735249655339760,1,0,0,835d5175a7309fedd782fc505407a5d140587540b27d4eab64df9f3f3eba2add,78a77750ac83057a6c62e5cef3ef34c74c50a8c6fc7603d0b460eb91a0d480d4
com-lj,3934905,3934905,3934905,16,3414732,3414748,3414732,3414748,81,2,1294678740924360,False,False,2000000000000000,6473393704621800,200000000000000,1294678740924360,3,0,0,835d5175a7309fedd782fc505407a5d140587540b27d4eab64df9f3f3eba2add,78a77750ac83057a6c62e5cef3ef34c74c50a8c6fc7603d0b460eb91a0d480d4
com-lj,3935419,3935419,3935419,7,3935421,3935422,3935421,3935422,29,2,463526956627240,False,False,2000000000000000,2317634783136200,200000000000000,463526956627240,1,0,0,835d5175a7309fedd782fc505407a5d140587540b27d4eab64df9f3f3eba2add,78a77750ac83057a6c62e5cef3ef34c74c50a8c6fc7603d0b460eb91a0d480d4
com-lj,3935519,3935519,3935519,16,2608108,3653178,2608108,3653178,42,2,671314902701520,False,False,2000000000000000,3356574513507600,200000000000000,671314902701520,1,0,0,835d5175a7309fedd782fc505407a5d140587540b27d4eab64df9f3f3eba2add,78a77750ac83057a6c62e5cef3ef34c74c50a8c6fc7603d0b460eb91a0d480d4
com-lj,3936967,3936967,3936967,4,3193474,3193479,3193474,3193479,31,2,495494332946360,False,False,2000000000000000,2477471664731800,200000000000000,495494332946360,1,0,0,835d5175a7309fedd782fc505407a5d140587540b27d4eab64df9f3f3eba2add,78a77750ac83057a6c62e5cef3ef34c74c50a8c6fc7603d0b460eb91a0d480d4
com-lj,3936986,3936986,3936986,21,3936968,3936970,3936968,3936970,31,2,495494332946360,False,False,2000000000000000,2477471664731800,200000000000000,495494332946360,1,0,0,835d5175a7309fedd782fc505407a5d140587540b27d4eab64df9f3f3eba2add,78a77750ac83057a6c62e5cef3ef34c74c50a8c6fc7603d0b460eb91a0d480d4
com-lj,3941283,3941283,3941283,63,3941284,3941285,3941284,3941285,62,2,990988665892720,False,False,2000000000000000,4954943329463600,200000000000000,990988665892720,2,0,0,835d5175a7309fedd782fc505407a5d140587540b27d4eab64df9f3f3eba2add,78a77750ac83057a6c62e5cef3ef34c74c50a8c6fc7603d0b460eb91a0d480d4
com-lj,3941284,3941284,3941284,62,3941266,3941275,3941266,3941275,64,2,1022956042211840,False,False,2000000000000000,5114780211059200,200000000000000,1022956042211840,1,0,0,835d5175a7309fedd782fc505407a5d140587540b27d4eab64df9f3f3eba2add,78a77750ac83057a6c62e5cef3ef34c74c50a8c6fc7603d0b460eb91a0d480d4
com-lj,3946772,3946772,3946772,11,3876368,3876386,3876368,3876386,43,2,687298590861080,False,False,2000000000000000,3436492954305400,200000000000000,687298590861080,1,0,0,835d5175a7309fedd782fc505407a5d140587540b27d4eab64df9f3f3eba2add,78a77750ac83057a6c62e5cef3ef34c74c50a8c6fc7603d0b460eb91a0d480d4
com-lj,3949547,3949547,3949547,14,3391091,3949541,3391091,3949541,29,2,463526956627240,False,False,2000000000000000,2317634783136200,200000000000000,463526956627240,1,0,0,835d5175a7309fedd782fc505407a5d140587540b27d4eab64df9f3f3eba2add,78a77750ac83057a6c62e5cef3ef34c74c50a8c6fc7603d0b460eb91a0d480d4
com-lj,3955236,3955236,3955236,10,3725207,3725208,3725207,3725208,26,2,415575892148560,False,False,2000000000000000,2077879460742800,200000000000000,415575892148560,1,0,0,835d5175a7309fedd782fc505407a5d140587540b27d4eab64df9f3f3eba2add,78a77750ac83057a6c62e5cef3ef34c74c50a8c6fc7603d0b460eb91a0d480d4
com-lj,3960158,3960158,3960158,5,3810960,3824002,3810960,3824002,54,2,863119160616240,False,False,2000000000000000,4315595803081200,200000000000000,863119160616240,1,0,0,835d5175a7309fedd782fc505407a5d140587540b27d4eab64df9f3f3eba2add,78a77750ac83057a6c62e5cef3ef34c74c50a8c6fc7603d0b460eb91a0d480d4
com-lj,3971319,3971319,3971319,44,3161274,3915614,3161274,3915614,44,2,703282279020640,False,False,2000000000000000,3516411395103200,200000000000000,703282279020640,1,0,0,835d5175a7309fedd782fc505407a5d140587540b27d4eab64df9f3f3eba2add,78a77750ac83057a6c62e5cef3ef34c74c50a8c6fc7603d0b460eb91a0d480d4
com-lj,3974754,3974754,3974754,11,3503520,3503527,3503520,3503527,28,2,447543268467680,False,False,2000000000000000,2237716342338400,200000000000000,447543268467680,1,0,0,835d5175a7309fedd782fc505407a5d140587540b27d4eab64df9f3f3eba2add,78a77750ac83057a6c62e5cef3ef34c74c50a8c6fc7603d0b460eb91a0d480d4
com-lj,3975247,3975247,3975247,8,3975199,3975230,3975199,3975230,36,2,575412773744160,False,False,2000000000000000,2877063868720800,200000000000000,575412773744160,1,0,0,835d5175a7309fedd782fc505407a5d140587540b27d4eab64df9f3f3eba2add,78a77750ac83057a6c62e5cef3ef34c74c50a8c6fc7603d0b460eb91a0d480d4
com-lj,3975248,3975248,3975248,8,3975202,3975206,3975202,3975206,42,2,671314902701520,False,False,2000000000000000,3356574513507600,200000000000000,671314902701520,1,0,0,835d5175a7309fedd782fc505407a5d140587540b27d4eab64df9f3f3eba2add,78a77750ac83057a6c62e5cef3ef34c74c50a8c6fc7603d0b460eb91a0d480d4
com-lj,3975249,3975249,3975249,4,3975202,3975206,3975202,3975206,42,2,671314902701520,False,False,2000000000000000,3356574513507600,200000000000000,671314902701520,1,0,0,835d5175a7309fedd782fc505407a5d140587540b27d4eab64df9f3f3eba2add,78a77750ac83057a6c62e5cef3ef34c74c50a8c6fc7603d0b460eb91a0d480d4
com-lj,3979358,3979358,3979358,23,3979306,3979320,3979306,3979320,61,2,975004977733160,False,False,2000000000000000,4875024888665800,200000000000000,975004977733160,1,0,0,835d5175a7309fedd782fc505407a5d140587540b27d4eab64df9f3f3eba2add,78a77750ac83057a6c62e5cef3ef34c74c50a8c6fc7603d0b460eb91a0d480d4
com-lj,3979377,3979377,3979377,22,3979306,3979320,3979306,3979320,61,2,975004977733160,False,False,2000000000000000,4875024888665800,200000000000000,975004977733160,1,0,0,835d5175a7309fedd782fc505407a5d140587540b27d4eab64df9f3f3eba2add,78a77750ac83057a6c62e5cef3ef34c74c50a8c6fc7603d0b460eb91a0d480d4
com-lj,3979378,3979378,3979378,22,3979306,3979320,3979306,3979320,61,2,975004977733160,False,False,2000000000000000,4875024888665800,200000000000000,975004977733160,1,0,0,835d5175a7309fedd782fc505407a5d140587540b27d4eab64df9f3f3eba2add,78a77750ac83057a6c62e5cef3ef34c74c50a8c6fc7603d0b460eb91a0d480d4
com-lj,3979379,3979379,3979379,23,3979306,3979320,3979306,3979320,61,2,975004977733160,False,False,2000000000000000,4875024888665800,200000000000000,975004977733160,1,0,0,835d5175a7309fedd782fc505407a5d140587540b27d4eab64df9f3f3eba2add,78a77750ac83057a6c62e5cef3ef34c74c50a8c6fc7603d0b460eb91a0d480d4
com-lj,3979380,3979380,3979380,23,3979306,3979320,3979306,3979320,61,2,975004977733160,False,False,2000000000000000,4875024888665800,200000000000000,975004977733160,1,0,0,835d5175a7309fedd782fc505407a5d140587540b27d4eab64df9f3f3eba2add,78a77750ac83057a6c62e5cef3ef34c74c50a8c6fc7603d0b460eb91a0d480d4
com-lj,3983059,3983059,3983059,8,3430216,3430221,3430216,3430221,33,2,527461709265480,False,False,2000000000000000,2637308546327400,200000000000000,527461709265480,1,0,0,835d5175a7309fedd782fc505407a5d140587540b27d4eab64df9f3f3eba2add,78a77750ac83057a6c62e5cef3ef34c74c50a8c6fc7603d0b460eb91a0d480d4
com-lj,3983913,3983913,3983913,13,3883654,3883666,3883654,3883666,36,2,575412773744160,False,False,2000000000000000,2877063868720800,200000000000000,575412773744160,1,0,0,835d5175a7309fedd782fc505407a5d140587540b27d4eab64df9f3f3eba2add,78a77750ac83057a6c62e5cef3ef34c74c50a8c6fc7603d0b460eb91a0d480d4
com-lj,3983922,3983922,3983922,12,3883654,3883666,3883654,3883666,36,2,575412773744160,False,False,2000000000000000,2877063868720800,200000000000000,575412773744160,1,0,0,835d5175a7309fedd782fc505407a5d140587540b27d4eab64df9f3f3eba2add,78a77750ac83057a6c62e5cef3ef34c74c50a8c6fc7603d0b460eb91a0d480d4
com-lj,3983926,3983926,3983926,12,3883654,3883666,3883654,3883666,36,2,575412773744160,False,False,2000000000000000,2877063868720800,200000000000000,575412773744160,1,0,0,835d5175a7309fedd782fc505407a5d140587540b27d4eab64df9f3f3eba2add,78a77750ac83057a6c62e5cef3ef34c74c50a8c6fc7603d0b460eb91a0d480d4
com-lj,3983928,3983928,3983928,8,3883654,3883666,3883654,3883666,36,2,575412773744160,False,False,2000000000000000,2877063868720800,200000000000000,575412773744160,1,0,0,835d5175a7309fedd782fc505407a5d140587540b27d4eab64df9f3f3eba2add,78a77750ac83057a6c62e5cef3ef34c74c50a8c6fc7603d0b460eb91a0d480d4
com-lj,3988951,3988951,3988951,20,3988974,3988975,3988974,3988975,28,2,447543268467680,False,False,2000000000000000,2237716342338400,200000000000000,447543268467680,1,0,0,835d5175a7309fedd782fc505407a5d140587540b27d4eab64df9f3f3eba2add,78a77750ac83057a6c62e5cef3ef34c74c50a8c6fc7603d0b460eb91a0d480d4
com-lj,3988957,3988957,3988957,19,3988974,3988975,3988974,3988975,28,2,447543268467680,False,False,2000000000000000,2237716342338400,200000000000000,447543268467680,1,0,0,835d5175a7309fedd782fc505407a5d140587540b27d4eab64df9f3f3eba2add,78a77750ac83057a6c62e5cef3ef34c74c50a8c6fc7603d0b460eb91a0d480d4
com-lj,3988960,3988960,3988960,20,3988974,3988975,3988974,3988975,28,2,447543268467680,False,False,2000000000000000,2237716342338400,200000000000000,447543268467680,1,0,0,835d5175a7309fedd782fc505407a5d140587540b27d4eab64df9f3f3eba2add,78a77750ac83057a6c62e5cef3ef34c74c50a8c6fc7603d0b460eb91a0d480d4
com-lj,3988967,3988967,3988967,20,3988974,3988975,3988974,3988975,28,2,447543268467680,False,False,2000000000000000,2237716342338400,200000000000000,447543268467680,1,0,0,835d5175a7309fedd782fc505407a5d140587540b27d4eab64df9f3f3eba2add,78a77750ac83057a6c62e5cef3ef34c74c50a8c6fc7603d0b460eb91a0d480d4
com-lj,3988976,3988976,3988976,18,3988974,3988975,3988974,3988975,28,2,447543268467680,False,False,2000000000000000,2237716342338400,200000000000000,447543268467680,1,0,0,835d5175a7309fedd782fc505407a5d140587540b27d4eab64df9f3f3eba2add,78a77750ac83057a6c62e5cef3ef34c74c50a8c6fc7603d0b460eb91a0d480d4
com-lj,3988977,3988977,3988977,18,3988974,3988975,3988974,3988975,28,2,447543268467680,False,False,2000000000000000,2237716342338400,200000000000000,447543268467680,1,0,0,835d5175a7309fedd782fc505407a5d140587540b27d4eab64df9f3f3eba2add,78a77750ac83057a6c62e5cef3ef34c74c50a8c6fc7603d0b460eb91a0d480d4
com-lj,3988978,3988978,3988978,18,3988974,3988975,3988974,3988975,28,2,447543268467680,False,False,2000000000000000,2237716342338400,200000000000000,447543268467680,1,0,0,835d5175a7309fedd782fc505407a5d140587540b27d4eab64df9f3f3eba2add,78a77750ac83057a6c62e5cef3ef34c74c50a8c6fc7603d0b460eb91a0d480d4
com-lj,3988988,3988988,3988988,10,3988974,3988975,3988974,3988975,28,2,447543268467680,False,False,2000000000000000,2237716342338400,200000000000000,447543268467680,1,0,0,835d5175a7309fedd782fc505407a5d140587540b27d4eab64df9f3f3eba2add,78a77750ac83057a6c62e5cef3ef34c74c50a8c6fc7603d0b460eb91a0d480d4
com-lj,3989026,3989026,3989026,19,2519328,2519330,2519328,2519330,28,2,447543268467680,False,False,2000000000000000,2237716342338400,200000000000000,447543268467680,1,0,0,835d5175a7309fedd782fc505407a5d140587540b27d4eab64df9f3f3eba2add,78a77750ac83057a6c62e5cef3ef34c74c50a8c6fc7603d0b460eb91a0d480d4
com-lj,3992456,3992456,3992456,30,3992443,3992450,3992443,3992450,30,2,479510644786800,False,False,2000000000000000,2397553223934000,200000000000000,479510644786800,1,0,0,835d5175a7309fedd782fc505407a5d140587540b27d4eab64df9f3f3eba2add,78a77750ac83057a6c62e5cef3ef34c74c50a8c6fc7603d0b460eb91a0d480d4
com-lj,3993134,3993134,3993134,48,3993093,3993107,3993093,3993107,58,2,927053913254480,False,False,2000000000000000,4635269566272400,200000000000000,927053913254480,1,0,0,835d5175a7309fedd782fc505407a5d140587540b27d4eab64df9f3f3eba2add,78a77750ac83057a6c62e5cef3ef34c74c50a8c6fc7603d0b460eb91a0d480d4
com-lj,3994060,3994060,3994060,3,3521407,3521408,3521407,3521408,30,2,479510644786800,False,False,2000000000000000,2397553223934000,200000000000000,479510644786800,1,0,0,835d5175a7309fedd782fc505407a5d140587540b27d4eab64df9f3f3eba2add,78a77750ac83057a6c62e5cef3ef34c74c50a8c6fc7603d0b460eb91a0d480d4
com-lj,3994061,3994061,3994061,3,3521407,3521408,3521407,3521408,30,2,479510644786800,False,False,2000000000000000,2397553223934000,200000000000000,479510644786800,1,0,0,835d5175a7309fedd782fc505407a5d140587540b27d4eab64df9f3f3eba2add,78a77750ac83057a6c62e5cef3ef34c74c50a8c6fc7603d0b460eb91a0d480d4
com-lj,3994064,3994064,3994064,3,3521407,3521408,3521407,3521408,30,2,479510644786800,False,False,2000000000000000,2397553223934000,200000000000000,479510644786800,1,0,0,835d5175a7309fedd782fc505407a5d140587540b27d4eab64df9f3f3eba2add,78a77750ac83057a6c62e5cef3ef34c74c50a8c6fc7603d0b460eb91a0d480d4
com-lj,3994065,3994065,3994065,3,3521407,3521408,3521407,3521408,30,2,479510644786800,False,False,2000000000000000,2397553223934000,200000000000000,479510644786800,1,0,0,835d5175a7309fedd782fc505407a5d140587540b27d4eab64df9f3f3eba2add,78a77750ac83057a6c62e5cef3ef34c74c50a8c6fc7603d0b460eb91a0d480d4
com-lj,3994066,3994066,3994066,2,3521407,3521408,3521407,3521408,30,2,479510644786800,False,False,2000000000000000,2397553223934000,200000000000000,479510644786800,1,0,0,835d5175a7309fedd782fc505407a5d140587540b27d4eab64df9f3f3eba2add,78a77750ac83057a6c62e5cef3ef34c74c50a8c6fc7603d0b460eb91a0d480d4
com-lj,3994067,3994067,3994067,2,3521407,3521408,3521407,3521408,30,2,479510644786800,False,False,2000000000000000,2397553223934000,200000000000000,479510644786800,1,0,0,835d5175a7309fedd782fc505407a5d140587540b27d4eab64df9f3f3eba2add,78a77750ac83057a6c62e5cef3ef34c74c50a8c6fc7603d0b460eb91a0d480d4
com-lj,3994069,3994069,3994069,3,3521407,3521408,3521407,3521408,30,2,479510644786800,False,False,2000000000000000,2397553223934000,200000000000000,479510644786800,1,0,0,835d5175a7309fedd782fc505407a5d140587540b27d4eab64df9f3f3eba2add,78a77750ac83057a6c62e5cef3ef34c74c50a8c6fc7603d0b460eb91a0d480d4
com-lj,3994070,3994070,3994070,2,3521407,3521408,3521407,3521408,30,2,479510644786800,False,False,2000000000000000,2397553223934000,200000000000000,479510644786800,1,0,0,835d5175a7309fedd782fc505407a5d140587540b27d4eab64df9f3f3eba2add,78a77750ac83057a6c62e5cef3ef34c74c50a8c6fc7603d0b460eb91a0d480d4
com-lj,3994071,3994071,3994071,2,3521407,3521408,3521407,3521408,30,2,479510644786800,False,False,2000000000000000,2397553223934000,200000000000000,479510644786800,1,0,0,835d5175a7309fedd782fc505407a5d140587540b27d4eab64df9f3f3eba2add,78a77750ac83057a6c62e5cef3ef34c74c50a8c6fc7603d0b460eb91a0d480d4
com-lj,3994072,3994072,3994072,2,3521407,3521408,3521407,3521408,30,2,479510644786800,False,False,2000000000000000,2397553223934000,200000000000000,479510644786800,1,0,0,835d5175a7309fedd782fc505407a5d140587540b27d4eab64df9f3f3eba2add,78a77750ac83057a6c62e5cef3ef34c74c50a8c6fc7603d0b460eb91a0d480d4
com-lj,3994073,3994073,3994073,2,3521407,3521408,3521407,3521408,30,2,479510644786800,False,False,2000000000000000,2397553223934000,200000000000000,479510644786800,1,0,0,835d5175a7309fedd782fc505407a5d140587540b27d4eab64df9f3f3eba2add,78a77750ac83057a6c62e5cef3ef34c74c50a8c6fc7603d0b460eb91a0d480d4
com-lj,3994316,3994316,3994316,7,3379259,3379260,3379259,3379260,51,2,815168096137560,False,False,2000000000000000,4075840480687800,200000000000000,815168096137560,1,0,0,835d5175a7309fedd782fc505407a5d140587540b27d4eab64df9f3f3eba2add,78a77750ac83057a6c62e5cef3ef34c74c50a8c6fc7603d0b460eb91a0d480d4
com-lj,3997527,3997527,3997527,4,3928580,3928586,3928580,3928586,32,2,511478021105920,False,False,2000000000000000,2557390105529600,200000000000000,511478021105920,1,0,0,835d5175a7309fedd782fc505407a5d140587540b27d4eab64df9f3f3eba2add,78a77750ac83057a6c62e5cef3ef34c74c50a8c6fc7603d0b460eb91a0d480d4
com-lj,3997528,3997528,3997528,4,3928580,3928586,3928580,3928586,32,2,511478021105920,False,False,2000000000000000,2557390105529600,200000000000000,511478021105920,1,0,0,835d5175a7309fedd782fc505407a5d140587540b27d4eab64df9f3f3eba2add,78a77750ac83057a6c62e5cef3ef34c74c50a8c6fc7603d0b460eb91a0d480d4
com-lj,3997531,3997531,3997531,4,3928580,3928586,3928580,3928586,32,2,511478021105920,False,False,2000000000000000,2557390105529600,200000000000000,511478021105920,1,0,0,835d5175a7309fedd782fc505407a5d140587540b27d4eab64df9f3f3eba2add,78a77750ac83057a6c62e5cef3ef34c74c50a8c6fc7603d0b460eb91a0d480d4
com-lj,3997532,3997532,3997532,4,3928580,3928586,3928580,3928586,32,2,511478021105920,False,False,2000000000000000,2557390105529600,200000000000000,511478021105920,1,0,0,835d5175a7309fedd782fc505407a5d140587540b27d4eab64df9f3f3eba2add,78a77750ac83057a6c62e5cef3ef34c74c50a8c6fc7603d0b460eb91a0d480d4
com-lj,3997534,3997534,3997534,5,3928580,3928586,3928580,3928586,32,2,511478021105920,False,False,2000000000000000,2557390105529600,200000000000000,511478021105920,1,0,0,835d5175a7309fedd782fc505407a5d140587540b27d4eab64df9f3f3eba2add,78a77750ac83057a6c62e5cef3ef34c74c50a8c6fc7603d0b460eb91a0d480d4
com-lj,3997535,3997535,3997535,4,3928580,3928586,3928580,3928586,32,2,511478021105920,False,False,2000000000000000,2557390105529600,200000000000000,511478021105920,1,0,0,835d5175a7309fedd782fc505407a5d140587540b27d4eab64df9f3f3eba2add,78a77750ac83057a6c62e5cef3ef34c74c50a8c6fc7603d0b460eb91a0d480d4
com-lj,3997536,3997536,3997536,4,3928580,3928586,3928580,3928586,32,2,511478021105920,False,False,2000000000000000,2557390105529600,200000000000000,511478021105920,1,0,0,835d5175a7309fedd782fc505407a5d140587540b27d4eab64df9f3f3eba2add,78a77750ac83057a6c62e5cef3ef34c74c50a8c6fc7603d0b460eb91a0d480d4
com-lj,3997537,3997537,3997537,6,3928580,3928586,3928580,3928586,32,2,511478021105920,False,False,2000000000000000,2557390105529600,200000000000000,511478021105920,1,0,0,835d5175a7309fedd782fc505407a5d140587540b27d4eab64df9f3f3eba2add,78a77750ac83057a6c62e5cef3ef34c74c50a8c6fc7603d0b460eb91a0d480d4
com-lj,3997539,3997539,3997539,4,3928580,3928586,3928580,3928586,32,2,511478021105920,False,False,2000000000000000,2557390105529600,200000000000000,511478021105920,1,0,0,835d5175a7309fedd782fc505407a5d140587540b27d4eab64df9f3f3eba2add,78a77750ac83057a6c62e5cef3ef34c74c50a8c6fc7603d0b460eb91a0d480d4
com-lj,3997540,3997540,3997540,3,3928580,3928586,3928580,3928586,32,2,511478021105920,False,False,2000000000000000,2557390105529600,200000000000000,511478021105920,1,0,0,835d5175a7309fedd782fc505407a5d140587540b27d4eab64df9f3f3eba2add,78a77750ac83057a6c62e5cef3ef34c74c50a8c6fc7603d0b460eb91a0d480d4
com-lj,3997541,3997541,3997541,3,3928580,3928586,3928580,3928586,32,2,511478021105920,False,False,2000000000000000,2557390105529600,200000000000000,511478021105920,1,0,0,835d5175a7309fedd782fc505407a5d140587540b27d4eab64df9f3f3eba2add,78a77750ac83057a6c62e5cef3ef34c74c50a8c6fc7603d0b460eb91a0d480d4
